index,published,keyword,domain,language,valid,title,description,url,image,archive,content,quote,de,en,la,added
4e5cb71d40ec88a4fba6c113eca046b3,2025-06-01T01:12:00Z,'flooding rain',www.bangkokpost.com,en,0.0,Bangkok girds for big rains,"As Thailand officially enters the 2025 monsoon season, concerns about prolonged heavy rainfall and potential flooding are rising, particularly in Bangkok.",https://www.bangkokpost.com/thailand/special-reports/3039026/bangkok-girds-for-big-rains,https://static.bangkokpost.com/media/content/20250601/c1_3039026_250601061216_700.jpg,https://web.archive.org/web/20250601073304/https://www.bangkokpost.com/thailand/special-reports/3039026/bangkok-girds-for-big-rains,"As Thailand officially enters the 2025 monsoon season, concerns about prolonged heavy rainfall and potential flooding are rising, particularly in Bangkok.
Already, fears abound that this year will b… [+7794 chars]",,"Bangkok bereitet sich auf starke Regenfälle vor. Während Thailand offiziell in die Monsunzeit 2025 eintritt, nehmen insbesondere in Bangkok die Sorgen über anhaltende starke Regenfälle und mögliche Überschwemmungen zu.","Bangkok girds for big rains. As Thailand officially enters the 2025 monsoon season, concerns about prolonged heavy rainfall and potential flooding are rising, particularly in Bangkok.","Bangkok cingit ad pluvias magnas. Cum Thailand officialiter intrat tempus 2025 ETESIA, curas de imbribus diuturnis et potentialibus inundationes oriuntur, praesertim in Bangkok.",2026-01-07 21:55:04+00:00
44843282b7c5c9e256cc65697ecf7bae,2025-06-01T02:34:36Z,'floods',economictimes.indiatimes.com,en,0.0,"Northeast India faces deadly floods and landslides: Over 30 reported dead, Assam and Arunachal among worst hit","Heavy rains triggered by a depression over north Bangladesh and Meghalaya caused deadly landslides and floods across five northeastern states in India, killing at least 32 people in 24 hours. Assam, Arunachal Pradesh, Meghalaya, Mizoram, and Nagaland bore the…",https://economictimes.indiatimes.com/news/india/northeast-india-faces-deadly-floods-and-landslides-over-30-reported-dead-assam-and-arunachal-among-worst-hit/articleshow/121544816.cms,"https://img.etimg.com/thumb/msid-121544821,width-1200,height-630,imgsize-1892917,overlay-economictimes/articleshow.jpg",https://web.archive.org/web/20250601032747/https://economictimes.indiatimes.com/news/india/northeast-india-faces-deadly-floods-and-landslides-over-30-reported-dead-assam-and-arunachal-among-worst-hit/articleshow/121544816.cms,"At least 32 people have died in the past 24 hours as heavy rains battered five northeastern states of India. A depression over north Bangladesh and adjoining Meghalaya triggered intense rainfall, lea… [+5454 chars]",,"Nordostindien ist mit tödlichen Überschwemmungen und Erdrutschen konfrontiert: Über 30 Tote wurden gemeldet, Assam und Arunachal gehören zu den am schlimmsten betroffenen. Heftige Regenfälle, ausgelöst durch ein Tiefdruckgebiet im Norden von Bangladesch und Meghalaya, verursachten tödliche Erdrutsche und Überschwemmungen in fünf nordöstlichen Bundesstaaten Indiens, wobei innerhalb von 24 Stunden mindestens 32 Menschen ums Leben kamen. Assam, Arunachal Pradesh, Meghalaya, Mizoram und Nagaland trugen die…","Northeast India faces deadly floods and landslides: Over 30 reported dead, Assam and Arunachal among worst hit. Heavy rains triggered by a depression over north Bangladesh and Meghalaya caused deadly landslides and floods across five northeastern states in India, killing at least 32 people in 24 hours. Assam, Arunachal Pradesh, Meghalaya, Mizoram, and Nagaland bore the…","Indiae septentrionales inundationes et proruit funestas facies: Plus 30 nuntiaverunt mortuos, Assam et Arunachal inter pessimos ictus. Imbres graves per depressionem in Bangladesia septentrionalis et Meghalaya urgentes ruinas et inundationes funestas effecit per quinque civitates septentrionales in India, saltem 32 homines in 24 horis occisis. Assam, Arunachal Pradesh, Meghalaya, Mizoram, et Nagaland genuit ...",2026-01-07 21:55:04+00:00
772dff8105d5b99471a6ddeb051efbfe,2025-06-01T03:28:04Z,'flooding rain',economictimes.indiatimes.com,en,0.0,Build satellite towns instead of giving extra FSI to get out of infrastructure 'chakravyuha': Gadgil,"Anant Gadgil suggests halting additional FSI in Mumbai and Pune due to infrastructure saturation and increased flooding. He proposes developing satellite townships with incentives for companies to relocate, ensuring employee residency to ease traffic. Gadgil …",https://economictimes.indiatimes.com/news/india/build-satellite-towns-instead-of-giving-extra-fsi-to-get-out-of-infrastructure-chakravyuha-gadgil/articleshow/121545068.cms,"https://img.etimg.com/thumb/msid-121545167,width-1200,height-630,imgsize-287704,overlay-economictimes/articleshow.jpg",https://web.archive.org/web/20250601043541/https://economictimes.indiatimes.com/news/india/build-satellite-towns-instead-of-giving-extra-fsi-to-get-out-of-infrastructure-chakravyuha-gadgil/articleshow/121545068.cms,"Mumbai: As mega urban centres like Mumbai and Pune are getting trapped in the 'chakravyuha' of flyovers and roads and reaching a saturation point, the government should stop giving additional floor s… [+5188 chars]",,"Bauen Sie Satellitenstädte, anstatt zusätzliche FSI auszugeben, um aus der Infrastruktur „Chakravyuha“ herauszukommen: Gadgil. Anant Gadgil schlägt vor, die zusätzliche FSI in Mumbai und Pune aufgrund der Überlastung der Infrastruktur und der zunehmenden Überschwemmungen einzustellen. Er schlägt die Entwicklung von Satelliten-Townships mit Anreizen für Unternehmen zur Umsiedlung vor, um den Mitarbeitern einen Wohnsitz zu gewährleisten und so den Verkehr zu entlasten. Gadgil …","Build satellite towns instead of giving extra FSI to get out of infrastructure 'chakravyuha': Gadgil. Anant Gadgil suggests halting additional FSI in Mumbai and Pune due to infrastructure saturation and increased flooding. He proposes developing satellite townships with incentives for companies to relocate, ensuring employee residency to ease traffic. Gadgil …","Satellites oppida aedificare loco extra FSI dare ut extra infrastructuram 'chakravyuha': Gadgil. Anant Gadgil in Mumbai et Pune claudicationes additi FSI suggerit ob satietatem infrastructuram et inundationem augendam. Satellites villas stimulis ad societates relocare elaborandum proponit, residentiam operariorum ad negotiationem leniendam. Gadgil ...",2026-01-07 21:55:04+00:00
021eed2daa119336f3e10855d3f90bb7,2025-06-01T05:44:36Z,'floods',timesofindia.indiatimes.com,en,0.0,"Flash floods, waterlogging hit Agartala, life disrupted; IMD issues heavy rainfall alert","Agartala grapples with severe flash floods following incessant monsoon rains, disrupting normal life and prompting the displacement of over 6000 residents. The Chief Minister is monitoring the situation, while the administration has opened relief camps. IMD f…",https://timesofindia.indiatimes.com/city/agartala/flash-floods-waterlogging-hit-agartala-life-disrupted-imd-issues-heavy-rainfall-alert/articleshow/121545901.cms,"https://static.toiimg.com/thumb/msid-121546131,width-1070,height-580,imgsize-12530,resizemode-75,overlay-toi_sw,pt-32,y_pad-40/photo.jpg",https://web.archive.org/web/20250601071124/https://timesofindia.indiatimes.com/city/agartala/flash-floods-waterlogging-hit-agartala-life-disrupted-imd-issues-heavy-rainfall-alert/articleshow/121545901.cms,"Mouni Roys golden saree look after Cannes is so stunning, youll want to screenshot!",,"Sturzfluten und Staunässe trafen Agartala, das Leben wurde gestört; IMD gibt Warnung vor starkem Regen heraus. Agartala kämpft mit schweren Sturzfluten infolge unaufhörlicher Monsunregen, die das normale Leben stören und zur Vertreibung von über 6.000 Einwohnern führen. Der Ministerpräsident überwacht die Situation, während die Regierung Hilfslager eröffnet hat. IMD f…","Flash floods, waterlogging hit Agartala, life disrupted; IMD issues heavy rainfall alert. Agartala grapples with severe flash floods following incessant monsoon rains, disrupting normal life and prompting the displacement of over 6000 residents. The Chief Minister is monitoring the situation, while the administration has opened relief camps. IMD f…","Mico flumina, Agartala umoris hit, vita disiecta; IMD quaestiones graves pluviae intenti sunt. Agartala dimicat cum inundationibus mico gravibus sequentibus imbres ETESIAE assiduae, vitam communem perturbantes et obsessionem super 6000 incolarum impellentes. Princeps minister condicionem invigilat, dum administratio castrorum subsidia aperuit. IMD f…",2026-01-07 21:55:04+00:00
6b56eb3607251b6a3fc69bd61ecb021a,2025-06-01T08:27:15Z,'floods',www.aljazeera.com,en,0.0,Nigeria floods kill more than 150 people,"Heavy rains have triggered floods across central Nigeria, killing over 150 people and displacing thousands.",https://www.aljazeera.com/video/newsfeed/2025/6/1/nigeria-floods-kill-more-than-150-people,https://www.aljazeera.com/wp-content/uploads/2025/06/Untitled-1-1748766369.jpg?resize=1800%2C1063,,"NewsFeed
Heavy rains have triggered floods across central Nigeria, killing over 150 people and displacing thousands. Al Jazeeras Ahmed Idris reports from the ground, where communities are trying to … [+43 chars]",,"Bei Überschwemmungen in Nigeria kommen mehr als 150 Menschen ums Leben. Heftige Regenfälle haben in ganz Zentralnigeria Überschwemmungen ausgelöst, bei denen über 150 Menschen ums Leben kamen und Tausende vertrieben wurden.","Nigeria floods kill more than 150 people. Heavy rains have triggered floods across central Nigeria, killing over 150 people and displacing thousands.","Nigeria inundationes plus quam 150 homines necant. Imbres graves urguebant flumina trans Nigeriam centralem, per 150 homines occidentes et mille divellentes.",2026-01-07 21:55:04+00:00
a6691a0ea9172aabbe1bd65a25a0c0e9,2025-06-01T10:00:00Z,'flooding',www.npr.org,en,0.0,North Carolina had a housing crisis before Hurricane Helene; now it's even worse,Hurricanes have gotten larger and wetter because of climate change and inland communities are at greater risk from heavy flooding. That's what Hurricane Helene did to western North Carolina last year.,https://www.npr.org/2025/06/01/nx-s1-5379918/hurricane-helene-north-carolina-housing-crisis,https://npr.brightspotcdn.com/dims3/default/strip/false/crop/4000x2250+0+0/resize/1400/quality/100/format/jpeg/?url=http%3A%2F%2Fnpr-brightspot.s3.amazonaws.com%2Ffd%2Ff1%2F56ab0b3744bebebab4829804ae9e%2Fhammar-nc-flooding-web-1.jpg,,"FAIRVIEW, N.C. Before Hurricane Helene last September, Stuart and Jackie Pacheo's home was wedged between the highway and a small creek in this town just outside Asheville.
""We're standing in what u… [+12280 chars]",,"North Carolina hatte vor Hurrikan Helene eine Immobilienkrise; jetzt ist es noch schlimmer. Aufgrund des Klimawandels sind Hurrikane stärker und feuchter geworden, und Gemeinden im Landesinneren sind einem größeren Risiko durch schwere Überschwemmungen ausgesetzt. Das hat Hurrikan Helene letztes Jahr im Westen von North Carolina angerichtet.",North Carolina had a housing crisis before Hurricane Helene; now it's even worse. Hurricanes have gotten larger and wetter because of climate change and inland communities are at greater risk from heavy flooding. That's what Hurricane Helene did to western North Carolina last year.,North Carolina discrimen habitationi habuit ante Hurricane Helene; nunc etiam peius est. Turbines maiores et aquosores propter mutationem climatis et communitates mediterraneas consecuti sunt maiore periculo ex gravibus inundationibus. Id quod Procellae Helene proximo anno in Carolina septentrionali occidentali fecit.,2026-01-07 21:55:04+00:00
e2daf39bcb50e86395a67679b1f4fd44,2025-06-01T10:30:02Z,'flooding rain',phys.org,en,0.0,Sudden hailstorm lashes Egypt's Alexandria,"An unseasonal rainstorm battered the Egyptian city of Alexandria on Saturday, flooding roads and damaging seafront businesses in the latest bout of erratic weather to hit the region.",https://phys.org/news/2025-06-sudden-hailstorm-lashes-egypt-alexandria.html,https://scx2.b-cdn.net/gfx/news/2025/hailstones-covered-the.jpg,https://web.archive.org/web/20250601104130/https://phys.org/news/2025-06-sudden-hailstorm-lashes-egypt-alexandria.html,"An unseasonal rainstorm battered the Egyptian city of Alexandria on Saturday, flooding roads and damaging seafront businesses in the latest bout of erratic weather to hit the region.
Hailstones pelt… [+1670 chars]",,"Plötzlicher Hagelsturm peitscht Ägyptens Alexandria. Ein für die Jahreszeit ungewöhnlicher Regensturm hat am Samstag die ägyptische Stadt Alexandria heimgesucht, Straßen überschwemmt und Unternehmen am Meer beschädigt, als die Region zuletzt von unbeständigem Wetter heimgesucht wurde.","Sudden hailstorm lashes Egypt's Alexandria. An unseasonal rainstorm battered the Egyptian city of Alexandria on Saturday, flooding roads and damaging seafront businesses in the latest bout of erratic weather to hit the region.","Subita grandine Alexandriam Aegypti verberat. Nimbus intempestivus in urbe Aegyptia Alexandriae die Sabbati quassavit, inundationes viae et negotia maritima detrimenta in proxima tempestate erraticae regionis ut feriret.",2026-01-07 21:55:04+00:00
4000ca33a783e0d09a30d5a10f76418d,2025-06-01T11:03:20Z,'floods',www.aljazeera.com,en,0.0,"Dozens killed in India’s northeast after rains trigger floods, landslides",Relentless monsoon rains across the northeastern states leave a trail of deaths and destruction.,https://www.aljazeera.com/news/2025/6/1/dozens-killed-in-indias-northeast-after-rains-trigger-floods-landslides,https://www.aljazeera.com/wp-content/uploads/2025/06/000_48PV2C8-1748767385.jpg?resize=1200%2C675,https://web.archive.org/web/20250601112117/http://www.aljazeera.com/news/2025/6/1/dozens-killed-in-indias-northeast-after-rains-trigger-floods-landslides,"At least 30 people have died in Indias northeast after relentless monsoon rains caused floods and landslides over the weekend, Indian officials and media reports say.
Authorities on Sunday said at l… [+2325 chars]",,"Dutzende Tote im Nordosten Indiens, nachdem Regenfälle Überschwemmungen und Erdrutsche auslösten. Unerbittliche Monsunregen in den nordöstlichen Bundesstaaten hinterlassen eine Spur von Tod und Zerstörung.","Dozens killed in India’s northeast after rains trigger floods, landslides. Relentless monsoon rains across the northeastern states leave a trail of deaths and destruction.",Dozens in India septentrionali post pluvias felis inundationes proruit. Imbres imbres crudeles ETESIA per Civitates septentrionales vestigia mortis et interitus relinquent.,2026-01-07 21:55:04+00:00
1e14aa78f0acf27df1e6f17ea5ecc9e2,2025-06-01T11:44:02Z,'floods',www.aljazeera.com,en,0.0,"Nigeria flash floods: Which is most affected area, what caused the deluge?",At least 150 people killed and many more missing after torrential rains cause flooding in Mokwa city in Niger State.,https://www.aljazeera.com/news/2025/6/1/nigeria-flash-floods-which-is-most-affected-area-what-caused-the-deluge,https://www.aljazeera.com/wp-content/uploads/2025/06/AP25150778188586-1748760717.jpg?resize=1920%2C1440,https://web.archive.org/web/20250601121019/http://www.aljazeera.com/news/2025/6/1/nigeria-flash-floods-which-is-most-affected-area-what-caused-the-deluge,"Flash floods triggered by heavy rains have devastated a central Nigerian state, killing at least 150 people and displacing thousands since Thursday, and rescue workers say the toll could rise.
Searc… [+6233 chars]",,"Sturzfluten in Nigeria: Welches ist das am stärksten betroffene Gebiet, was hat die Überschwemmung verursacht? Mindestens 150 Menschen wurden getötet und viele weitere vermisst, nachdem sintflutartige Regenfälle in der Stadt Mokwa im Bundesstaat Niger zu Überschwemmungen geführt hatten.","Nigeria flash floods: Which is most affected area, what caused the deluge?. At least 150 people killed and many more missing after torrential rains cause flooding in Mokwa city in Niger State.","Inundationes Nigeria micant: Quae area maxime affectata, quid diluvium effecit?. Saltem 150 homines interfecti sunt et plura desunt postquam imbres torrentes inundationem in Civitate Mokwa in Nigro respiciunt.",2026-01-07 21:55:04+00:00
4d1d8040e54e1d200cfb770108c95510,2025-06-01T12:00:00Z,'flooding rain',www.fark.com,en,0.0,"Day 1,194 of WW3. Europe faces reality, plans on helping Ukraine without US. OPEC drives down oil prices over Moscow's objections, and russian disinformation is flooding Poland ahead of today's election. This is your Sunday Ukraine War conversation [News]","Day 1,194 of WW3. Europe faces reality, plans on helping Ukraine without US. OPEC drives down oil prices over Moscow's objections, and russian disinformation is flooding Poland ahead of today's election. This is your Sunday Ukraine War conversation",https://www.fark.com/comments/13691524/Day-1194-of-WW3-Europe-faces-reality-plans-on-helping-Ukraine-without-US-OPEC-drives-down-oil-prices-over-Moscows-objections-russian-disinformation-is-flooding-Poland-ahead-of-todays-election-This-is-your-Sunday-Ukraine-War-conversation,https://usrimg-full.fark.net/l/lB/fark_lBfskpMREabr69ZqzjjDKfHta4c.jpg?AWSAccessKeyId=JO3ELGV4BGLFW7Y3EZXN&Expires=1749441600&Signature=mfdsF02WiGwLjjYZdfLSjpGqx6E%3D,,"Today's news feeds from Kyiv:KYIV POSThttps://www.kyivpost.com/topic/war-in-ukraine
Russian Losses in Ukraine: 988,560 Troops Out of Commission as of June 1Daily updates from the General Staff of th… [+4874 chars]",,"Tag 1.194 des 3. Weltkriegs. Europa steht vor der Realität und plant, der Ukraine ohne die USA zu helfen. Die OPEC senkt die Ölpreise aufgrund der Einwände Moskaus und russische Desinformation überschwemmt Polen vor den heutigen Wahlen. Dies ist Ihr Sonntagsgespräch über den Ukraine-Krieg [Nachrichten]. Tag 1.194 des 3. Weltkriegs. Europa steht vor der Realität und plant, der Ukraine ohne die USA zu helfen. Die OPEC senkt die Ölpreise aufgrund der Einwände Moskaus und russische Desinformation überschwemmt Polen vor den heutigen Wahlen. Dies ist Ihr Sonntagsgespräch über den Ukraine-Krieg","Day 1,194 of WW3. Europe faces reality, plans on helping Ukraine without US. OPEC drives down oil prices over Moscow's objections, and russian disinformation is flooding Poland ahead of today's election. This is your Sunday Ukraine War conversation [News]. Day 1,194 of WW3. Europe faces reality, plans on helping Ukraine without US. OPEC drives down oil prices over Moscow's objections, and russian disinformation is flooding Poland ahead of today's election. This is your Sunday Ukraine War conversation","Dies 1,194 ex WW3. Europa rem respicit, consilia de Ucraina adiuvando sine US. OPEC pretia olei super obiectionibus Moscuae depellit, et Russiae disinformationes Poloniam inundant ante electionem hodiernae. Hoc est colloquium Dominicae Ucrainae Belli [News]. Dies 1,194 ex WW3. Europa rem respicit, consilia de Ucraina adiuvando sine US. OPEC pretia olei super obiectionibus Moscuae depellit, et Russiae disinformationes Poloniam inundant ante electionem hodiernae. Hoc est colloquium Dominica Ucraina Bellum",2026-01-07 21:55:04+00:00
753794427701ede8d93bd3c71601f720,2025-06-01T12:49:51Z,'floods',www.npr.org,en,0.0,The women of No Sex for Fish are survivors — but their survival is precarious,"A group of women in Kenya rebelled against trading sex for a fisherman's catch to sell. They got their own boats, had success — but in past years have faced floods and now fears about HIV medications.",https://www.npr.org/sections/goats-and-soda/2025/06/01/g-s1-69308/the-women-of-no-sex-for-fish-are-survivors-but-their-survival-is-precarious,https://npr.brightspotcdn.com/dims3/default/strip/false/crop/3000x1688+0+156/resize/1400/quality/100/format/jpeg/?url=http%3A%2F%2Fnpr-brightspot.s3.amazonaws.com%2F87%2Fad%2F84865a32419da975c2398c2b7cbf%2Fmg-7502-juliagunther.jpg,,"""Our members are surviving with grace,"" says Justine Adhiambo Obura, the chairperson of No Sex for Fish.
She's talking about a cooperative of 20 women who did the unthinkable. They are fishmongers f… [+10913 chars]",,"Die Frauen von No Sex for Fish sind Überlebende – aber ihr Überleben ist prekär. Eine Gruppe von Frauen in Kenia rebellierte gegen den Tausch von Sex gegen den Fang eines Fischers, den er verkaufen konnte. Sie bekamen ihre eigenen Boote, hatten Erfolg – ​​aber in den vergangenen Jahren waren sie mit Überschwemmungen konfrontiert und haben jetzt Angst vor HIV-Medikamenten.","The women of No Sex for Fish are survivors — but their survival is precarious. A group of women in Kenya rebelled against trading sex for a fisherman's catch to sell. They got their own boats, had success — but in past years have faced floods and now fears about HIV medications.","Mulieres Sexus Piscium superstites sunt — sed superstes precarium est. Coetus feminarum in Kenia contra negotiationem sexus rebellavit pro captura piscatoria ad vendendum. Naves proprias obtinuerunt, successum habuit - sed praeteritis annis fluxerunt inundationes et nunc medicamenta HIV timent.",2026-01-07 21:55:04+00:00
33a5b0dde5f135cffa3055bc53b7bed6,2025-06-01T14:06:16Z,'flooding rain',www.bbc.com,en,0.0,'I watched helplessly as water washed my family away' in Nigeria floods,Residents of a Nigeria town tell the BBC they are homeless and penniless after devastating floods.,https://www.bbc.com/news/articles/cdd2n66pg82o,https://ichef.bbci.co.uk/news/1024/branded_news/e92c/live/e723b130-3ec9-11f0-835b-310c7b938e84.jpg,https://web.archive.org/web/20250601141152/https://www.bbc.com/news/articles/cdd2n66pg82o,"Azeezat Olaoluwa
Mr Yusuf lost his wife and newborn baby in the floods which swept through his town
Adamu Yusuf's life has been upended since he lost nine of his family members in Tiffin Maza, one … [+6437 chars]",,"„Ich musste hilflos zusehen, wie das Wasser meine Familie wegspülte“ bei den Überschwemmungen in Nigeria. Bewohner einer nigerianischen Stadt erzählen der BBC, dass sie nach verheerenden Überschwemmungen obdachlos und mittellos sind.",'I watched helplessly as water washed my family away' in Nigeria floods. Residents of a Nigeria town tell the BBC they are homeless and penniless after devastating floods.,'inertem aspiciebam ut familiam meam aqua ablueret' in inundationibus Nigeriae. Incolae in oppido Nigeria BBC nuntiant profugo et noinen post diluvia vastata.,2026-01-07 21:55:04+00:00
01eef4babebd2a4e5537004500e278f7,2025-06-01T15:02:34Z,'floods',www.bbc.com,en,0.0,"Death toll in Nigeria floods hits more than 200, officials say","There are 500 people missing in the town of Mokwa, but officials fear no more survivors will be found.",https://www.bbc.com/news/articles/c071jz90pj8o,https://ichef.bbci.co.uk/news/1024/branded_news/66d8/live/83303460-3ee6-11f0-835b-310c7b938e84.jpg,https://web.archive.org/web/20250601151252/https://www.bbc.com/news/articles/c071jz90pj8o,"The death toll after deadly floods hit the Nigerian town of Mokwa on Thursday has risen to more than 200, officials say.
There are still 500 people missing in the town in north-central Niger State, … [+1412 chars]",,"Laut offiziellen Angaben liegt die Zahl der Todesopfer bei Überschwemmungen in Nigeria bei über 200. In der Stadt Mokwa werden 500 Menschen vermisst, aber die Beamten befürchten, dass keine weiteren Überlebenden gefunden werden.","Death toll in Nigeria floods hits more than 200, officials say. There are 500 people missing in the town of Mokwa, but officials fear no more survivors will be found.","Mortuum vectigal in Nigeria inundationes plus quam 200 prehendit, magistratus dicunt. D homines in oppido Mokwa absentes sunt, sed magistratus timent ne plures reliquiae inveniantur.",2026-01-07 21:55:04+00:00
8f784797c46e121e052b6e82c4e5500b,2025-06-01T16:21:10Z,'flooding rain',economictimes.indiatimes.com,en,0.0,"One dies as heavy rain lashes Agartala, other parts of Tripura; 'red' alert issued for downpours","Tripura grapples with severe flooding after record rainfall, particularly in Agartala, where 200 mm of rain fell in three hours. A man died after falling into a manhole amidst the inundation. Over 10,600 people have been evacuated to relief camps across the s…",https://economictimes.indiatimes.com/news/india/one-dies-as-heavy-rain-lashes-agartala-other-parts-of-tripura-red-alert-issued-for-downpours/articleshow/121552254.cms,"https://img.etimg.com/thumb/msid-121552262,width-1200,height-630,imgsize-81930,overlay-economictimes/articleshow.jpg",https://web.archive.org/web/20250601170858/https://economictimes.indiatimes.com/news/india/one-dies-as-heavy-rain-lashes-agartala-other-parts-of-tripura-red-alert-issued-for-downpours/articleshow/121552254.cms,"A man died after he fell into a manhole as incessant rain caused massive inundation across Tripura, with the state's capital Agartala witnessing a record rainfall of around 200 mm in just three hours… [+3849 chars]",,"Einer stirbt, als starker Regen Agartala und andere Teile von Tripura trifft; „Rote“ Warnung für Regengüsse. Tripura kämpft nach Rekordniederschlägen mit schweren Überschwemmungen, insbesondere in Agartala, wo in drei Stunden 200 mm Regen fielen. Ein Mann starb, nachdem er inmitten der Überschwemmung in einen Schacht gefallen war. Über 10.600 Menschen wurden in Hilfslager im ganzen Land evakuiert …","One dies as heavy rain lashes Agartala, other parts of Tripura; 'red' alert issued for downpours. Tripura grapples with severe flooding after record rainfall, particularly in Agartala, where 200 mm of rain fell in three hours. A man died after falling into a manhole amidst the inundation. Over 10,600 people have been evacuated to relief camps across the s…","Una sicut pluvia verberatur Agartala, alias partes Tripurae; 'rubra' erecta edita pro imbres. Tripura dimicat cum gravi inundatione post recordum pluviam, praesertim in Agartala, ubi 200 mm pluviae in tribus horis ceciderunt. Mortuus est homo postquam in foveam inter inundationem incidit. Plus 10,600 populus emissus est ad castra subsidio trans s…",2026-01-07 21:55:04+00:00
c17ffc6e5ed4bf1675e8cdfffb80531f,2025-06-01T17:58:58Z,'flooding',economictimes.indiatimes.com,en,0.0,"Floods, landslides cause destruction in Northeastern states; IMD predicts heavy rains till June 3","Northeast India is grappling with severe flooding and landslides due to heavy rains, resulting in multiple fatalities across Assam and Arunachal Pradesh. Authorities are providing aid and rescue operations are underway in Assam, Manipur, and Tripura. The situ…",https://economictimes.indiatimes.com/news/india/floods-landslides-cause-destruction-in-northeastern-states-imd-predicts-heavy-rains-till-june-3/articleshow/121554087.cms,"https://img.etimg.com/thumb/msid-121554256,width-1200,height-630,imgsize-268208,overlay-economictimes/articleshow.jpg",https://web.archive.org/web/20250601182233/https://economictimes.indiatimes.com/news/india/floods-landslides-cause-destruction-in-northeastern-states-imd-predicts-heavy-rains-till-june-3/articleshow/121554087.cms,"Guwahati: As the northeast region reels under heavy rains, with various areas in Assam, Manipur, Tripura, Sikkim, Arunachal Pradesh and more are experiencing flooding, landslides and increasing river… [+8733 chars]",,"Überschwemmungen und Erdrutsche verursachen Zerstörung in den nordöstlichen Bundesstaaten; IMD prognostiziert heftige Regenfälle bis zum 3. Juni. Nordostindien hat aufgrund heftiger Regenfälle mit schweren Überschwemmungen und Erdrutschen zu kämpfen, die in Assam und Arunachal Pradesh zu mehreren Todesopfern führen. In Assam, Manipur und Tripura leisten die Behörden Hilfe und Rettungsaktionen sind im Gange. Die Lage…","Floods, landslides cause destruction in Northeastern states; IMD predicts heavy rains till June 3. Northeast India is grappling with severe flooding and landslides due to heavy rains, resulting in multiple fatalities across Assam and Arunachal Pradesh. Authorities are providing aid and rescue operations are underway in Assam, Manipur, and Tripura. The situ…","Inundationes proruunt perniciem in civitatibus septentrionalibus; IMD pluvias praenuntiat usque ad Iunii III. India septentrionalis iniecta est gravibus inundationibus et prolapsionibus ob imbribus, quae per Assam et Arunachal Pradesh multas clades consecutae sunt. Auctoritates in Assam, Manipur, et Tripura comparatis subsidiis et subsidiis sunt. Locus…",2026-01-07 21:55:04+00:00
861884fcf4220c5572eabf4cd88c25ef,2025-06-01T19:58:24Z,'flooding',abcnews.go.com,en,0.0,Death toll reaches at least 200 in Nigerian town submerged in floods as rescue efforts halted,"The death toll from devastating flooding in a market town in Nigeria’s north-central state of Niger rose to at least 200 on Sunday, a local official said",https://abcnews.go.com/International/wireStory/death-toll-reaches-200-nigerian-town-submerged-floods-122399606,https://i.abcnewsfe.com/a/5d37f47b-942c-4f41-ba92-1edee4fe4336/wirestory_c3f8432a7aae4a13f7a643734a93c0b1_16x9.jpg?w=1600,https://web.archive.org/web/20250601214126/https://abcnews.go.com/International/wireStory/death-toll-reaches-200-nigerian-town-submerged-floods-122399606,"ABUJA, Nigeria -- The death toll from devastating flooding in a market town in Nigerias north-central state of Niger rose to at least 200 on Sunday, a local official said.
Torrents of predawn rainfa… [+1889 chars]",,"Die Zahl der Todesopfer in einer von Überschwemmungen überschwemmten nigerianischen Stadt liegt bei mindestens 200, da die Rettungsmaßnahmen eingestellt wurden. Die Zahl der Todesopfer durch verheerende Überschwemmungen in einer Marktgemeinde im zentralnigerianischen Bundesstaat Niger stieg am Sonntag auf mindestens 200, sagte ein örtlicher Beamter","Death toll reaches at least 200 in Nigerian town submerged in floods as rescue efforts halted. The death toll from devastating flooding in a market town in Nigeria’s north-central state of Niger rose to at least 200 on Sunday, a local official said","Theloneum mortis attingit saltem 200 in oppido Nigeria in inundationibus demersum, quod nisus liberandi constitit. Thelonei mortis populatione inundationis in oppido mercato Nigeriae status septentrionalis-medialis Nigri surrexit ut saltem 200 die Dominico, officialis localis dixit.",2026-01-07 21:55:04+00:00
7a6629e64b1f3104e69a7f3e371e22ed,2025-06-01T21:47:36Z,'floods',economictimes.indiatimes.com,en,0.0,"2025 hurricane season: Unseen floods, lightning-fast storms, and inland fury threaten millions in US beyond the coastline","National Hurricane Center urges readiness as the 2025 Atlantic hurricane season begins, recalling Hurricane Helene's devastation with 251 deaths and $78.7 billion in damages. Director Michael Brennan stresses understanding personal risk, advance planning, and…",https://economictimes.indiatimes.com/news/international/us/2025-hurricane-season-unseen-floods-lightning-fast-storms-and-inland-fury-threaten-millions-in-us-beyond-the-coastline/articleshow/121556472.cms,"https://img.etimg.com/thumb/msid-121556473,width-1200,height-630,imgsize-103,overlay-economictimes/articleshow.jpg",https://web.archive.org/web/20250601220635/https://economictimes.indiatimes.com/news/international/us/2025-hurricane-season-unseen-floods-lightning-fast-storms-and-inland-fury-threaten-millions-in-us-beyond-the-coastline/articleshow/121556472.cms,"National Hurricane Center (NHC) Director Michael Brennan urges Americans to prepare as the 2025 Atlantic hurricane season begins, emphasizing that understanding personal risk is crucial. Reflecting o… [+2279 chars]",,"Hurrikansaison 2025: Unvorhergesehene Überschwemmungen, blitzschnelle Stürme und wütende Gewalt im Landesinneren bedrohen Millionen Menschen in den USA jenseits der Küste. Das National Hurricane Center mahnt zu Beginn der Atlantik-Hurrikansaison 2025 zur Bereitschaft und erinnert an die Verwüstung durch Hurrikan Helene mit 251 Todesopfern und Schäden in Höhe von 78,7 Milliarden US-Dollar. Regisseur Michael Brennan legt Wert auf Verständnis für persönliche Risiken, Vorausplanung und…","2025 hurricane season: Unseen floods, lightning-fast storms, and inland fury threaten millions in US beyond the coastline. National Hurricane Center urges readiness as the 2025 Atlantic hurricane season begins, recalling Hurricane Helene's devastation with 251 deaths and $78.7 billion in damages. Director Michael Brennan stresses understanding personal risk, advance planning, and…","2025 Procellae temporum: Invisibilia diluvia, procellis fulmina, et furor mediterranea decies centena millia in US ultra litus minantur. National Hurricane Centrum promptum hortatur dum 2025 tempus tempestatis Atlantici incipit, populationem Hurricane Helene revocans cum 251 mortes et $78.7 miliardis in damnis. Director Michael Brennan periculum personale intellectum in luce ponit, antecessum consilium et…",2026-01-07 21:55:04+00:00
bbf505b95e527aae4be3da2dcb054f07,2025-06-01T22:39:00Z,'floods',www.bangkokpost.com,en,0.0,Stemming the floodwaters,"Last year, floods in Mae Sai district of Chiang Rai province caused economic losses in the millions.",https://www.bangkokpost.com/thailand/special-reports/3039852/stemming-the-floodwaters,https://static.bangkokpost.com/media/content/20250602/c1_3039852_250602054311_700.jpg,https://web.archive.org/web/20250602024041/https://www.bangkokpost.com/thailand/special-reports/3039852/stemming-the-floodwaters,"Last year, floods in Mae Sai district of Chiang Rai province caused economic losses in the millions.
Experts believe this could be the beginning of an annual pattern of damage caused by severe natur… [+4674 chars]",,Das Hochwasser eindämmen. Im vergangenen Jahr verursachten Überschwemmungen im Bezirk Mae Sai in der Provinz Chiang Rai wirtschaftliche Schäden in Millionenhöhe.,"Stemming the floodwaters. Last year, floods in Mae Sai district of Chiang Rai province caused economic losses in the millions.",Inundationes aquarum. Superiore anno inundationes provinciae Mae Sai regionis Chiang Rai in decies centena milia damna effecit.,2026-01-07 21:55:04+00:00
63587ae44f9093f842bc2d31738a778d,2025-06-01T23:15:00Z,'floods',thehillstimes.in,en,0.0,Centre assures help as Assam battles floods,"HT Bureau GUWAHATI, June 1: Chief Minister Himanta Biswa Sarma on Sunday warned of a sharp rise in river levels across the state following intense rainfall in neighbouring Arunachal Pradesh. Taking to the micro-blogging site X, Sarma urged people to remain ca…",https://thehillstimes.in/assam/centre-assures-help-as-assam-battles-floods,https://thehillstimes.in/wp-content/uploads/2025/06/Lead-3-768x512.jpg,,"HT Bureau
GUWAHATI, June 1: Chief Minister Himanta Biswa Sarma on Sunday warned of a sharp rise in river levels across the state following intense rainfall in neighbouring Arunachal Pradesh.
Taking… [+2687 chars]",,"Das Zentrum sichert Hilfe zu, während Assam gegen Überschwemmungen kämpft. HT-Büro GUWAHATI, 1. Juni: Ministerpräsident Himanta Biswa Sarma warnte am Sonntag vor einem starken Anstieg des Flusspegels im ganzen Bundesstaat nach heftigen Regenfällen im benachbarten Arunachal Pradesh. Auf der Mikroblogging-Seite X forderte Sarma die Menschen auf, in Ruhe zu bleiben …","Centre assures help as Assam battles floods. HT Bureau GUWAHATI, June 1: Chief Minister Himanta Biswa Sarma on Sunday warned of a sharp rise in river levels across the state following intense rainfall in neighbouring Arunachal Pradesh. Taking to the micro-blogging site X, Sarma urged people to remain ca…","Centrum assam proeliis adiuvat inundationes. HT Bureau GUWAHATI, mensis Iunii I: Dux minister Himanta Biswa Sarma die Dominico monuit ortum acrem in campestribus fluvialibus per statum sequentem pluviam vehementem in vicinis Arunachal Pradesh. Accepta ad locum micro-blogging X, Sarma populum hortatus est ut ca... maneret.",2026-01-07 21:55:04+00:00
f8d2f9c4c9bcf6396645f037602f6935,2025-06-02T07:03:09Z,'flooding evacuation',abcnews.go.com,en,0.0,Flooding in western China destroys dozens of homes and roads,Flooding in southwestern China has destroyed dozens of roads and homes,https://abcnews.go.com/International/wireStory/flooding-western-china-destroys-dozens-homes-roads-122406194,https://s.abcnews.com/images/US/abc_news_default_2000x2000_update_16x9_992.jpg,,"BEIJING -- Flooding in southwestern China has destroyed dozens of roads and homes. 
Yunnan provinces mountainous Nujiang Lisu Autonomous Prefecture had 27 houses damaged and 16 bridges damaged or de… [+486 chars]",,Überschwemmungen im Westen Chinas zerstören Dutzende Häuser und Straßen. Überschwemmungen im Südwesten Chinas haben Dutzende Straßen und Häuser zerstört,Flooding in western China destroys dozens of homes and roads. Flooding in southwestern China has destroyed dozens of roads and homes,Inundatio in Sinis occidentalibus justos domorum et viarum destruit. Inundatio in Sinis meridiem occidentales justos viarum et domorum delevit,2026-01-07 21:55:04+00:00
9ddec51273284402d67e7b7df5577cb7,2025-06-02T07:24:01Z,'floods',www.yahoo.com,en,0.0,At least 34 dead in India's northeast after heavy floods,BHUBANESWAR/DHAKA (Reuters) -At least 34 people have died in India's northeastern region after heavy floods caused landslides over the last four days...,https://www.yahoo.com/news/least-34-dead-indias-northeast-072401808.html,https://media.zenfs.com/en/reuters.com/aecedfa554d78ada5e3451c3ce05e64c,,"BHUBANESWAR/DHAKA (Reuters) -At least 34 people have died in India's northeastern region after heavy floods caused landslides over the last four days, authorities and media said on Monday, and the we… [+1295 chars]",,"Mindestens 34 Tote im Nordosten Indiens nach schweren Überschwemmungen. BHUBANESWAR/DHAKA (Reuters) – Mindestens 34 Menschen sind in der nordöstlichen Region Indiens gestorben, nachdem schwere Überschwemmungen in den letzten vier Tagen Erdrutsche verursacht hatten …",At least 34 dead in India's northeast after heavy floods. BHUBANESWAR/DHAKA (Reuters) -At least 34 people have died in India's northeastern region after heavy floods caused landslides over the last four days...,Saltem 34 mortui in India septentriones post graves inundationes. BHUBANESWAR/DHAKA (Reuters) Saltem 34 homines in regione septentrionali Indiae mortui sunt cum graves inundationes prolapsae per quadriduum ...,2026-01-07 21:55:04+00:00
5a2d0d68630497d96c25f057bc244156,2025-06-02T09:05:23Z,'flooding',www.nbcnews.com,en,0.0,At least 200 killed as floods submerge Nigerian trading hub,"The death toll from devastating flooding in a market town in Nigeria’s north-central state of Niger rose to at least 200 on Sunday, a local official said.",https://www.nbcnews.com/world/africa/least-200-killed-floods-submerge-nigerian-trading-hub-rcna210303,"https://media-cldnry.s-nbcnews.com/image/upload/t_nbcnews-fp-1200-630,f_auto,q_auto:best/rockcms/2025-06/250602-Nigeria-2-RS-d6c423.jpg",https://web.archive.org/web/20250602092642/https://www.nbcnews.com/world/africa/least-200-killed-floods-submerge-nigerian-trading-hub-rcna210303,"ABUJA, Nigeria The death toll from devastating flooding in a market town in Nigerias north-central state of Niger rose to at least 200 on Sunday, a local official said.
Torrents of predawn rainfall … [+2038 chars]",,"Mindestens 200 Tote bei Überschwemmungen über nigerianischem Handelszentrum. Die Zahl der Todesopfer durch verheerende Überschwemmungen in einer Marktgemeinde im zentralnigerianischen Bundesstaat Niger stieg am Sonntag auf mindestens 200, sagte ein örtlicher Beamter.","At least 200 killed as floods submerge Nigerian trading hub. The death toll from devastating flooding in a market town in Nigeria’s north-central state of Niger rose to at least 200 on Sunday, a local official said.","Saltem 200 interfecerunt ut inundationes centrum mercaturae Nigeriae submergant. Theloneum mortis de vastatione inundationis in oppido mercato Nigeriae statu septentrionali media Nigro surrexit ut saltem 200 die Dominico, officialis localis dixit.",2026-01-07 21:55:04+00:00
7c8802b656937cee6a73fda760fc6dc1,2025-06-02T10:18:46Z,'flooding climate change',www.aljazeera.com,en,0.0,People in Burundi struggle amid Lake Tanganyika’s endless flooding,"Climate change drives severe flooding, displacing families, spreading disease, and leaving urgent aid gaps.",https://www.aljazeera.com/gallery/2025/6/2/people-in-burundi-struggle-amid-lake-tanganyikas-endless-flooding,https://www.aljazeera.com/wp-content/uploads/2025/06/AFP__20250528__484U296__v2__HighRes__BurundiClimateEnvironmentTanganyika-1748853670.jpg?resize=1920%2C1440,https://web.archive.org/web/20250602103632/https://www.aljazeera.com/gallery/2025/6/2/people-in-burundi-struggle-amid-lake-tanganyikas-endless-flooding,"Asha, a mother-of-four, found herself once again donning rubber boots inside her living room the recurring cost of residing near Lake Tanganyika in Burundi, where climate change and relentless floodi… [+2700 chars]",,"Die Menschen in Burundi kämpfen mit den endlosen Überschwemmungen des Tanganjikasees. Der Klimawandel führt zu schweren Überschwemmungen, zur Vertreibung von Familien, zur Ausbreitung von Krankheiten und zu dringenden Hilfslücken.","People in Burundi struggle amid Lake Tanganyika’s endless flooding. Climate change drives severe flooding, displacing families, spreading disease, and leaving urgent aid gaps.","Homines in Burundia contendunt inter lacum Tanganyika inundationis sine fine. Clima mutatio graves pellit inundationes, familias divellens, pestilentias patulans, urgens auxilium hiatus relinquens.",2026-01-07 21:55:04+00:00
e28ad2e29f914137585ae41864dc34fd,2025-06-02T12:00:00Z,'flooding climate change',news.un.org,en,0.0,Deadly flooding in Nigeria displaces thousands,"Flash flooding in western Nigeria at the weekend has caused devastation around the town of Mokwa in Niger state, leaving more than 150 dead and 3,000 people displaced – more than half of whom are children aged 12 and under – the UN said on Monday. Read Full S…",https://news.un.org/en/story/2025/06/1163951,https://global.unitednations.entermediadb.net/assets/mediadb/services/module/asset/downloads/preset/Libraries/Production%20Library/02-06-2025-Nigeria-RC-flooding-01.jpg/image770x420cropped.jpg,,"Nigerian officials estimate that over 500 people are still missing and presumed dead, according to news reports.
Deputy Secretary-General Amina Mohammed, a former Nigerian Government minister, said … [+2334 chars]",,"Bei tödlichen Überschwemmungen in Nigeria werden Tausende vertrieben. Sturzfluten im Westen Nigerias haben am Wochenende rund um die Stadt Mokwa im Bundesstaat Niger verheerende Schäden angerichtet und mehr als 150 Todesopfer und 3.000 Vertriebene gefordert – mehr als die Hälfte davon sind Kinder unter 12 Jahren, teilten die Vereinten Nationen am Montag mit. Lesen Sie die vollständige S…","Deadly flooding in Nigeria displaces thousands. Flash flooding in western Nigeria at the weekend has caused devastation around the town of Mokwa in Niger state, leaving more than 150 dead and 3,000 people displaced – more than half of whom are children aged 12 and under – the UN said on Monday. Read Full S…","Inundatio funesta in Nigeria mille deturbat. Flash inundatio in Nigeria occidentali in volutpat vestibulum populationem circa oppidum Mokwa in civitate Nigro devastavit, plus quam 150 mortuum et 3000 hominum luxatum reliquit – quorum plus quam dimidium sunt pueri XII annorum et infra – IR die Lunae dixerunt. Read Full S…",2026-01-07 21:55:04+00:00
0748c1455fd7d8580ab00e434d2f3080,2025-06-02T15:12:00Z,'deluge',www.gamespot.com,en,0.0,"007: First Light Is Hitman Dev's James Bond Game, Will Be Revealed This Week","With Summer Game Fest coming at the end of the week, the deluge of video game news that accompanies the annual event is set to begin soon. IO Interactive has kicked things off with the news that Project 007--the studio's new adventure starring famous spy Jame…",https://www.gamespot.com/articles/007-first-light-is-hitman-devs-james-bond-game-will-be-revealed-this-week/1100-6531985/,https://www.gamespot.com/a/uploads/screen_kubrick/3/37852/4504996-bond.jpg,https://web.archive.org/web/20250602153331/https://www.gamespot.com/articles/007-first-light-is-hitman-devs-james-bond-game-will-be-revealed-this-week/1100-6531985/,"With Summer Game Fest coming at the end of the week, the deluge of video game news that accompanies the annual event is set to begin soon. IO Interactive has kicked things off with the news that Proj… [+193 chars]",,"007: First Light ist das James-Bond-Spiel von Hitman Dev und wird diese Woche enthüllt. Da das Summer Game Fest am Ende der Woche stattfindet, wird die Flut an Videospiel-Neuigkeiten, die die jährliche Veranstaltung begleiten, bald beginnen. IO Interactive hat den Startschuss mit der Nachricht gegeben, dass Project 007 – das neue Abenteuer des Studios mit dem berühmten Spion James …","007: First Light Is Hitman Dev's James Bond Game, Will Be Revealed This Week. With Summer Game Fest coming at the end of the week, the deluge of video game news that accompanies the annual event is set to begin soon. IO Interactive has kicked things off with the news that Project 007--the studio's new adventure starring famous spy Jame…","VII: Primum lux est Hitman Dev James vinculo Ludus, revelabitur hoc Hebdomada. Cum Ludus aestivus Festum in fine hebdomadis veniens, diluvium lusus videndi nuntium comitatur annuum eventum mox incipiendum est. IO Interactive habet calce res cum nuntio Project 007 - studio novi casus starring clarissimi exploratorem James…",2026-01-07 21:55:04+00:00
9ac68dbd14e3851b5409aa5281277efb,2025-06-02T15:34:00Z,'floods',www.dw.com,en,0.0,Nigeria: Desperation grows as aid delays hit floods,Thousands of people have been left homeless and hungry after devastating floods hit central Nigeria. Survivors say help is not coming fast enough.,https://www.dw.com/en/nigeria-desperation-grows-as-aid-delays-hit-floods/a-72764840,https://static.dw.com/image/72756215_6.jpg,,"Authorities in Nigeria say at least 200 people are now known to have died from major floods in the country's north-central state of Niger. Hundreds more are feared missing.
In Mokwa, the worst-hit a… [+4779 chars]",,"Nigeria: Die Verzweiflung wächst, da Verzögerungen bei der Hilfeleistung zu Überschwemmungen führen. Tausende Menschen wurden obdachlos und hungerten, nachdem verheerende Überschwemmungen Zentralnigeria heimgesucht hatten. Überlebende sagen, dass die Hilfe nicht schnell genug kommt.",Nigeria: Desperation grows as aid delays hit floods. Thousands of people have been left homeless and hungry after devastating floods hit central Nigeria. Survivors say help is not coming fast enough.,Nigeria: Desperatio augetur ut auxilium moras inundationes feriat. Millia hominum relicta sunt profugo et esuriente postquam inundationes vastatae Nigeria media feriunt. Superstites dicunt auxilium non hercle venire.,2026-01-07 21:55:04+00:00
e324689e11283d7c1058ef67edd3412f,2025-06-02T16:26:42Z,'floods',theconversation.com,en,0.0,How medieval lessons for managing floods could help those facing them in northern Italy today,Living with a river rather than fighting it was how medieval people were able to survive,https://theconversation.com/how-medieval-lessons-for-managing-floods-could-help-those-facing-them-in-northern-italy-today-257062,https://images.theconversation.com/files/671528/original/file-20250602-56-xcw2pb.png?ixlib=rb-4.1.0&rect=0%2C0%2C2000%2C1000&q=45&auto=format&w=1356&h=668&fit=crop,https://web.archive.org/web/20250603085436/https://theconversation.com/how-medieval-lessons-for-managing-floods-could-help-those-facing-them-in-northern-italy-today-257062,"Saint Fredianus diverts the Serchio River by Filippo Lippi, 1438
 Wikiart
Northern Italy has been hit by a series of devastating floods in recent years. In March 2025 and the previous autumn, heavy … [+5693 chars]",,"Wie mittelalterliche Lehren zum Umgang mit Überschwemmungen denjenigen helfen könnten, denen sie heute in Norditalien ausgesetzt sind. Mit einem Fluss zu leben, anstatt gegen ihn zu kämpfen, war die Art und Weise, wie mittelalterliche Menschen überleben konnten",How medieval lessons for managing floods could help those facing them in northern Italy today. Living with a river rather than fighting it was how medieval people were able to survive,Quomodo lectiones mediae ad inundationes procurandas adiuvari potuerunt eos qui hodie in Italia septentrionali versantur. Vivere cum flumine magis quam pugna fuit quam medii homines superesse,2026-01-07 21:55:04+00:00
45a066c4e9407029c30a001131ae7d7e,2025-06-02T17:25:00Z,'flooding',science.slashdot.org,en,0.0,Web-Scraping AI Bots Cause Disruption For Scientific Databases and Journals,"Automated web-scraping bots seeking training data for AI models are flooding scientific databases and academic journals with traffic volumes that render many sites unusable. The online image repository DiscoverLife, which contains nearly 3 million species pho…",https://science.slashdot.org/story/25/06/02/172202/web-scraping-ai-bots-cause-disruption-for-scientific-databases-and-journals,https://a.fsdn.com/sd/topics/ai_64.png,,Automated web-scraping bots seeking training data for AI models are flooding scientific databases and academic journals with traffic volumes that render many sites unusable. The online image reposito… [+878 chars],,"Web-Scraping-KI-Bots stören wissenschaftliche Datenbanken und Zeitschriften. Automatisierte Web-Scraping-Bots, die nach Trainingsdaten für KI-Modelle suchen, überschwemmen wissenschaftliche Datenbanken und Fachzeitschriften mit einem Datenverkehr, der viele Websites unbrauchbar macht. Das Online-Bildarchiv DiscoverLife, das fast 3 Millionen Artenfotos enthält…","Web-Scraping AI Bots Cause Disruption For Scientific Databases and Journals. Automated web-scraping bots seeking training data for AI models are flooding scientific databases and academic journals with traffic volumes that render many sites unusable. The online image repository DiscoverLife, which contains nearly 3 million species pho…","Web-Scraping AI Bots Causa Disruptionis Scientific Databases et Journals. Automatae interretiales terentes automata quaerunt informationes disciplinarum pro AI exemplaribus databases scientifica inundantia et diaria academica cum voluminibus negotiationis, quae multae sites inutiles reddunt. Repositorium DiscoverLife imago online, quae continet fere 3 decies centena milia specierum pho…",2026-01-07 21:55:04+00:00
ef2cdf811988357d6b18120aaf14e28e,2025-06-02T19:49:01Z,'flooding',www.sciencedaily.com,en,0.0,Researchers use deep learning to predict flooding this hurricane season,"A team led by Virginia Tech graduate student Samuel Daramola developed a deep learning model called LSTM-SAM that predicts extreme water levels from tropical cyclones more efficiently and accurately, especially in data-scarce coastal regions, to offer a faste…",https://www.sciencedaily.com/releases/2025/06/250602154901.htm,https://www.sciencedaily.com/images/scidaily-icon.png,,"The 2025 hurricane season officially begins on June 1, and it's forecast to be more active than ever, with potentially devastating storms whose heavy rainfall and powerful storm surges cause dangerou… [+4431 chars]",,"Forscher nutzen Deep Learning, um Überschwemmungen in dieser Hurrikansaison vorherzusagen. Ein Team unter der Leitung des Virginia Tech-Absolventen Samuel Daramola hat ein Deep-Learning-Modell namens LSTM-SAM entwickelt, das extreme Wasserstände tropischer Wirbelstürme effizienter und genauer vorhersagt, insbesondere in Küstenregionen mit knappen Daten, um eine schnellere…","Researchers use deep learning to predict flooding this hurricane season. A team led by Virginia Tech graduate student Samuel Daramola developed a deep learning model called LSTM-SAM that predicts extreme water levels from tropical cyclones more efficiently and accurately, especially in data-scarce coastal regions, to offer a faste…","Investigatores alta doctrina utuntur ad hoc tempus tempestatis inundationem praedicere. Turma ductus a Virginia Tech discipulo Samuele Daramola altam eruditionis exemplar LSTM-SAM evolvit, quod extremas aquae gradus ab cyclonibus tropicis efficacius et accuratius, praesertim in notitiis vix maritimarum regionum, praenuntiat, ut ieiunium offerat…",2026-01-07 21:55:04+00:00
b0fabf944d20da9432ed7dda2b324015,2025-06-02T19:53:38Z,'flooding',www.sciencedaily.com,en,0.0,Coastal flooding more frequent than previously thought,"Flooding in coastal communities is happening far more often than previously thought, according to a new study. The study also found major flaws with the widely used approach of using marine water level data to capture instances of flooding.",https://www.sciencedaily.com/releases/2025/06/250602155338.htm,https://www.sciencedaily.com/images/scidaily-icon.png,https://web.archive.org/web/20250602232904/https://www.sciencedaily.com/releases/2025/06/250602155338.htm,"Flooding in coastal communities is happening far more often than previously thought, according to a new study from North Carolina State University and the University of North Carolina at Chapel Hill.… [+5651 chars]",,"Küstenüberschwemmungen häufiger als bisher angenommen. Laut einer neuen Studie kommt es in Küstengemeinden weitaus häufiger zu Überschwemmungen als bisher angenommen. Die Studie stellte außerdem erhebliche Mängel bei dem weit verbreiteten Ansatz fest, Daten zum Meereswasserstand zur Erfassung von Überschwemmungen zu nutzen.","Coastal flooding more frequent than previously thought. Flooding in coastal communities is happening far more often than previously thought, according to a new study. The study also found major flaws with the widely used approach of using marine water level data to capture instances of flooding.","Inundatio maritima frequentior quam antea putabatur. Inundatio in communitatibus maritimis multo saepius quam antea, secundum novum studium evenit. Studium etiam vitia maiora invenit cum late adhibita accessione utendi gradu aquae marinae datae ad exempla inundationis capiendae.",2026-01-07 21:55:04+00:00
d9a8c3f3aec3d82e2ddb60f0839a5a80,2025-06-02T21:15:10Z,'floods',www.abc.net.au,en,0.0,Struggling dairy farmers disappointed with milk prices,"""Farm exits"" are predicted amid drought and floods as dairy companies announce their minimum farm gate milk prices for the next financial year.",https://www.abc.net.au/news/2025-06-03/dairy-farmers-disappointed-farm-milk-prices/105346496,https://live-production.wcms.abc-cdn.net.au/0193efa079d006d183e51ad3694c3fe3?impolicy=wcms_watermark_news&cropH=2583&cropW=4592&xPos=0&yPos=0&width=862&height=485&imformat=generic,,"Dairy farmers have been disappointed by the farm gate milk prices announced for the next financial year as they continue to struggle with drought and floods.
Dairy companies have revealed their open… [+3800 chars]",,"In Schwierigkeiten geratene Milchbauern waren von den Milchpreisen enttäuscht. In Zeiten von Dürre und Überschwemmungen werden „Farmausstiege“ vorhergesagt, da Molkereiunternehmen ihre Mindestmilchpreise ab Hof für das nächste Geschäftsjahr bekannt geben.","Struggling dairy farmers disappointed with milk prices. ""Farm exits"" are predicted amid drought and floods as dairy companies announce their minimum farm gate milk prices for the next financial year.","Luctantem lacticiniis agricolae pretia lacte destituerunt. ""Firmae exitus"" inter siccitatem et inundationes praedicuntur sicut turmae lactariae denuntiant pretium minimum portae lactis pretium proximo anno oeconomico.",2026-01-07 21:55:04+00:00
b374f140732cd493cd7e6e04c9d476ea,2025-06-02T21:23:45Z,'floods',press.un.org,en,0.0,Daily Press Briefing by the Office of the Spokesperson for the Secretary-General,"In Nigeria, the Office for the Coordination of Humanitarian Affairs and humanitarian partners continue to support the response to the devastating floods in the north-central part of the country. More than 500 households were impacted and over 3,000 people dis…",https://press.un.org/en/2025/db250602.doc.htm,,,"The following is a near-verbatim transcript of todays briefing by Stéphane Dujarric, Spokesperson for the Secretary-General.
**Briefings
Just a programming note.  Tomorrow, our guest at the Noon-is… [+25271 chars]",,Tägliche Pressekonferenz durch das Büro des Sprechers des Generalsekretärs. In Nigeria unterstützen das Büro für die Koordinierung humanitärer Angelegenheiten und humanitäre Partner weiterhin die Reaktion auf die verheerenden Überschwemmungen im Norden des Landes. Mehr als 500 Haushalte waren betroffen und über 3.000 Menschen wurden ermordet.,"Daily Press Briefing by the Office of the Spokesperson for the Secretary-General. In Nigeria, the Office for the Coordination of Humanitarian Affairs and humanitarian partners continue to support the response to the devastating floods in the north-central part of the country. More than 500 households were impacted and over 3,000 people dis…","Cotidiana Press Briefing Officio Oratoris pro Secretario Generali. In Nigeria, Officium coordinationis Negotiis Humanitariis et sociis humanitariis responsum sustinet ad diluvia vastanda in parte septentrionali-mediae regionis. Plus quam 500 familiae impactae sunt et super 3,000 hominum dis…",2026-01-07 21:55:04+00:00
55e4f009d3b752fd2f390bcd46503025,2025-06-03T03:25:44Z,'flooding',economictimes.indiatimes.com,en,0.0,"Assam, Meghalaya CMs join hands to tackle Guwahati urban flooding","Assam and Meghalaya are collaborating to address Guwahati's urban flooding, tasking NESAC with satellite mapping and seeking IIT Roorkee's expertise for solutions. They're also jointly developing the Kulsi Irrigation and Power projects. Assam's CM Sarma asses…",https://economictimes.indiatimes.com/news/india/assam-meghalaya-cms-join-hands-to-tackle-guwahati-urban-flooding/articleshow/121585564.cms,"https://img.etimg.com/thumb/msid-121585563,width-1200,height-630,imgsize-21826,overlay-economictimes/articleshow.jpg",https://web.archive.org/web/20250603035012/https://economictimes.indiatimes.com/news/india/assam-meghalaya-cms-join-hands-to-tackle-guwahati-urban-flooding/articleshow/121585564.cms,Guwahati: Chief Ministers Assam and Meghalaya agreed to find a solution to the urban flooding issue in Guwahati which benefits both States. The states have agreed to entrust North-Eastern Space Appli… [+2835 chars],,"Die CMs von Assam und Meghalaya arbeiten gemeinsam an der Bekämpfung der städtischen Überschwemmungen in Guwahati. Assam und Meghalaya arbeiten bei der Bewältigung der städtischen Überschwemmungen in Guwahati zusammen, beauftragen NESAC mit der Satellitenkartierung und nutzen die Expertise von IIT Roorkee für Lösungen. Außerdem entwickeln sie gemeinsam die Bewässerungs- und Energieprojekte von Kulsi. Assams CM Sarma-Ärsche…","Assam, Meghalaya CMs join hands to tackle Guwahati urban flooding. Assam and Meghalaya are collaborating to address Guwahati's urban flooding, tasking NESAC with satellite mapping and seeking IIT Roorkee's expertise for solutions. They're also jointly developing the Kulsi Irrigation and Power projects. Assam's CM Sarma asses…","Assam, Meghalaya CMs manus iungunt ad inundationem urbanam Guwahati occupandam. Assam et Meghalaya operam dant ut Guwahati urbanam inundationem compellant, NESAC cum destinata satellite moliantur et peritiam IIT Roorkee pro solutionibus quaerant. Etiam coniunctim explicant incepta Kulsi Irrigationis et Potentiae. Assam's CM Sarma asini…",2026-01-07 21:55:04+00:00
bdf2c778107079a435c51d8531aa5e1f,2025-06-03T08:28:40Z,'flooding',www.globalsecurity.org,en,0.0,Deadly flooding in Nigeria displaces thousands,"Flash flooding in western Nigeria at the weekend has caused devastation around the town of Mokwa in Niger state, leaving more than 150 dead and 3,000 people displaced - more than half of whom are children aged 12 and under - the UN said on Monday.",https://www.globalsecurity.org/military/library/news/2025/06/mil-250602-unnews04.htm,,,"2 June 2025 - Flash flooding in western Nigeria at the weekend has caused devastation around the town of Mokwa in Niger state, leaving more than 150 dead and 3,000 people displaced - more than half o… [+2720 chars]",,"Bei tödlichen Überschwemmungen in Nigeria werden Tausende vertrieben. Sturzfluten im Westen Nigerias haben am Wochenende rund um die Stadt Mokwa im Bundesstaat Niger verheerende Schäden angerichtet und mehr als 150 Todesopfer und 3.000 Vertriebene gefordert – mehr als die Hälfte davon sind Kinder unter 12 Jahren, teilten die Vereinten Nationen am Montag mit.","Deadly flooding in Nigeria displaces thousands. Flash flooding in western Nigeria at the weekend has caused devastation around the town of Mokwa in Niger state, leaving more than 150 dead and 3,000 people displaced - more than half of whom are children aged 12 and under - the UN said on Monday.","Inundatio funesta in Nigeria mille deturbat. Flash inundatio in Nigeria occidentali in volutpat vestibulum populationem circa oppidum Mokwa in civitate Nigro devastavit, plus quam 150 mortuum et 3000 hominum luxatum reliquit — quorum plus dimidia pars sunt pueri annorum 12 et sub IR die Lunae dixerunt.",2026-01-07 21:55:04+00:00
43865c0025013a93d8a83fec13d0d804,2025-06-03T09:59:28Z,'deluge',www.rt.com,en,0.0,"Over 500,000 people affected by floods in Himalayan region (VIDEOS)",A heavy deluge in the northeastern part of India has caused over 30 deaths Read Full Article at RT.com,https://www.rt.com/india/618578-over-500000-people-affected-by/,https://mf.b37mrtl.ru/files/2025.06/article/683ec2292030275be136954e.png,https://web.archive.org/web/20250603101008/https://www.rt.com/india/618578-over-500000-people-affected-by/,"Heavy floods in the Himalayan region of India have caused at least 36 deaths and affected more than 500,000 people, the authorities and media said on Monday.
Landslides, floods, and lightning storms… [+1852 chars]",,Über 500.000 Menschen von Überschwemmungen in der Himalaya-Region betroffen (VIDEOS). Eine schwere Überschwemmung im Nordosten Indiens hat über 30 Todesopfer gefordert. Den vollständigen Artikel finden Sie auf RT.com,"Over 500,000 people affected by floods in Himalayan region (VIDEOS). A heavy deluge in the northeastern part of India has caused over 30 deaths Read Full Article at RT.com","Plus 500,000 hominum inundationibus in regione Himalayan affecti (VIDEOS). Inundatio gravis in parte septentrionali Indiae super 30 mortes fecit Read Full Article at RT.com",2026-01-07 21:55:04+00:00
4e261f4f0a14469838ce025889734a0c,2025-06-03T14:02:23Z,'flooding',timesofindia.indiatimes.com,en,0.0,Nigeria flooding death toll jumps past 200,"Flash flooding in north-central Nigeria last week killed more than 200 people, the Niger state humanitarian commissioner said Tuesday, while hundreds more remain missing and are feared dead. Given the number of people still missing nearly a week later, the to…",https://timesofindia.indiatimes.com/world/rest-of-world/nigeria-flooding-death-toll-jumps-past-200/articleshow/121600366.cms,"https://static.toiimg.com/thumb/msid-121600502,width-1070,height-580,imgsize-1608551,resizemode-75,overlay-toi_sw,pt-32,y_pad-40/photo.jpg",,10 baby girl names inspired by colourful Indian flowers,,"Die Zahl der Todesopfer bei Überschwemmungen in Nigeria steigt auf über 200. Bei Sturzfluten in Nord-Zentral-Nigeria kamen letzte Woche mehr als 200 Menschen ums Leben, sagte der humanitäre Beauftragte des Staates Niger am Dienstag, während Hunderte weitere vermisst bleiben und man befürchtet, dass sie tot sind. Angesichts der Zahl der Menschen, die fast eine Woche später immer noch vermisst werden, ist das …","Nigeria flooding death toll jumps past 200. Flash flooding in north-central Nigeria last week killed more than 200 people, the Niger state humanitarian commissioner said Tuesday, while hundreds more remain missing and are feared dead. Given the number of people still missing nearly a week later, the to…","Nigeria inundatio mortis vectigal prosilit 200. Flash inundatio in Nigeria Septentrionali centra septentrionalis proxima septimana plus quam 200 homines occidit, Nigeria publica commissarius humanitarius Martis dixit, cum centum plus manent et mortui timentur. Desideratur adhuc numerus hominum paene octo post, ad…",2026-01-07 21:55:04+00:00
64f576a896115347b16938c691aa183d,2025-06-03T19:21:19Z,'floods',economictimes.indiatimes.com,en,0.0,Centre steps in as Northeast battles floods,"Prime Minister Narendra Modi has pledged support to Assam, Sikkim, and Manipur, which are grappling with severe floods. He spoke with the respective chief ministers and the governor, assuring them of full central government assistance for relief and rehabilit…",https://economictimes.indiatimes.com/news/india/centre-steps-in-as-northeast-battles-floods/articleshow/121606445.cms,"https://img.etimg.com/thumb/msid-121606465,width-1200,height-630,imgsize-166212,overlay-economictimes/articleshow.jpg",https://web.archive.org/web/20250603201253/https://economictimes.indiatimes.com/news/india/centre-steps-in-as-northeast-battles-floods/articleshow/121606445.cms,"Guwahati: Prime Minister Narendra Modi has assured assistance to the flood-hit states of Assam, Sikkim and Manipur.Modi on Tuesday discussed the situation with the chief ministers of Assam and Sikkim… [+1314 chars]",,"Die Mitte greift ein, während Northeast gegen Überschwemmungen kämpft. Premierminister Narendra Modi hat Assam, Sikkim und Manipur, die mit schweren Überschwemmungen zu kämpfen haben, Unterstützung zugesagt. Er sprach mit den jeweiligen Ministerpräsidenten und dem Gouverneur und versicherte ihnen die volle Unterstützung der Zentralregierung für Nothilfe und Rehabilitation …","Centre steps in as Northeast battles floods. Prime Minister Narendra Modi has pledged support to Assam, Sikkim, and Manipur, which are grappling with severe floods. He spoke with the respective chief ministers and the governor, assuring them of full central government assistance for relief and rehabilit…","Centrum ingreditur velut Orientem proeliis fluentibus. Primus minister Narendra Modi auxilium Assam, Sikkim et Manipur obligavit, quae gravibus inundationibus iniecta sunt. Locutus est cum praecipuis ministris et gubernatoribus, eosque plenae centralis gubernationis subsidia subsidio rehabilitare pollicens.",2026-01-07 21:55:04+00:00
552ed3e0ac59beab234401d763e2669c,2025-06-03T21:44:40Z,'flooding death',japantoday.com,en,0.0,Nigeria flooding death toll jumps past 200,"Flash flooding in north-central Nigeria last week killed more than 200 people, the Niger state humanitarian commissioner said Tuesday, while hundreds more remain missing and are feared dead. The town of Mokwa was hit with the worst flash flood in living memor…",https://japantoday.com/category/world/nigeria-flooding-death-toll-jumps-past-200,,,"Flash flooding in north-central Nigeria last week killed more than 200 people, the Niger state humanitarian commissioner said Tuesday, while hundreds more remain missing and are feared dead.
The tow… [+2754 chars]",,"Die Zahl der Todesopfer bei Überschwemmungen in Nigeria steigt auf über 200. Bei Sturzfluten in Nord-Zentral-Nigeria kamen letzte Woche mehr als 200 Menschen ums Leben, sagte der humanitäre Beauftragte des Staates Niger am Dienstag, während Hunderte weitere vermisst bleiben und man befürchtet, dass sie tot sind. Die Stadt Mokwa wurde von der schlimmsten Sturzflut seit Menschengedenken heimgesucht …","Nigeria flooding death toll jumps past 200. Flash flooding in north-central Nigeria last week killed more than 200 people, the Niger state humanitarian commissioner said Tuesday, while hundreds more remain missing and are feared dead. The town of Mokwa was hit with the worst flash flood in living memor…","Nigeria inundatio mortis vectigal prosilit 200. Flash inundatio in Nigeria Septentrionali centra septentrionalis proxima septimana plus quam 200 homines occidit, Nigeria publica commissarius humanitarius Martis dixit, cum centum plus manent et mortui timentur. Oppidum Mokwa cum pessimis mico diluvio percussus est in vivis memor…",2026-01-07 21:55:04+00:00
96b436a2ae44ec867971f0b6c095af00,2025-06-04T03:49:58Z,'flooding relief',thehillstimes.in,en,0.0,"Assam Flood Crisis Deepens: 17 Dead, Over 6.33 Lakh Affected","HT Digital GUWAHATI, JUNE 4: The Assam flood situation has worsened dramatically, with six new casualties on Tuesday. This increases the total number of deaths in the state due to floods and landslides this year to 17, as per the Assam State Disaster Manageme…",https://thehillstimes.in/assam/assam-flood-crisis-deepens-17-dead-over-6-33-lakh-affected,https://thehillstimes.in/wp-content/uploads/2024/07/assam-floods-5cols.jpg,,"HT Digital
GUWAHATI, JUNE 4: The Assam flood situation has worsened dramatically, with six new casualties on Tuesday. This increases the total number of deaths in the state due to floods and landsli… [+2065 chars]",,"Überschwemmungskrise in Assam verschärft sich: 17 Tote, über 6,33 Lakh betroffen. HT Digital GUWAHATI, 4. JUNI: Die Überschwemmungssituation in Assam hat sich dramatisch verschlechtert, am Dienstag gab es sechs neue Opfer. Damit erhöht sich die Gesamtzahl der Todesfälle im Bundesstaat aufgrund von Überschwemmungen und Erdrutschen in diesem Jahr auf 17, wie aus dem Assam State Disaster Management hervorgeht.","Assam Flood Crisis Deepens: 17 Dead, Over 6.33 Lakh Affected. HT Digital GUWAHATI, JUNE 4: The Assam flood situation has worsened dramatically, with six new casualties on Tuesday. This increases the total number of deaths in the state due to floods and landslides this year to 17, as per the Assam State Disaster Manageme…","Assam Diluvium Crisis profundit: 17 Mortuus, Plus 6.33 Lakh Affectus. HT Digital GUWAHATI, IUNIUS 4: Assam diluvii condicio obturbationem cum sex novis casibus die Martis ingravescebat. Hoc numerum auget mortes in re publica ob inundationes et proruit hoc anno usque ad XVII, sicut per Assam publicam calamitatem Manageme...",2026-01-07 21:55:04+00:00
ab9a6ba53c2ebdbf01a925914c8f9901,2025-06-04T04:00:35Z,'flooding',www.thejournal.ie,en,0.0,Storm warning: Extreme wind is now 'priority' climate risk for Ireland,"Coastal erosion, flooding and heatwaves also pose risks, according to a new report.",https://www.thejournal.ie/extreme-wind-damaging-energy-communication-climate-risks-6722324-Jun2025/,https://img2.thejournal.ie/article/6722324/river/?height=400&version=6722447,https://web.archive.org/web/20250604233405/https://www.thejournal.ie/extreme-wind-damaging-energy-communication-climate-risks-6722324-Jun2025/,"EXTREME WIND HAS been named as one of the biggest climate threats that Ireland faces, with future storms capable of wreaking havoc on the countrys power lines and communication networks. 
Coastal er… [+2841 chars]",,"Sturmwarnung: Extremer Wind ist jetzt das „vorrangige“ Klimarisiko für Irland. Einem neuen Bericht zufolge stellen auch Küstenerosion, Überschwemmungen und Hitzewellen Risiken dar.","Storm warning: Extreme wind is now 'priority' climate risk for Ireland. Coastal erosion, flooding and heatwaves also pose risks, according to a new report.","Tempestas monitus: ventus extremus nunc est 'prioritas' periculum climatis in Hibernia. Exesa maritima, inundationes et aestus etiam pericula ponunt secundum novam relationem.",2026-01-07 21:55:04+00:00
90a3ff4e98df96c05bdc12fed5a9a69a,2025-06-04T09:47:06Z,'flooding disaster',www.cnn.com,en,0.0,"The White House is approving disaster relief funds without notifying FEMA, leading to delays and confusion | CNN Politics","In early April, President Donald Trump approved millions of dollars in assistance from the Federal Emergency Management Agency for Virginia, which was reeling from devastating winter storms and flooding. Gov. Glenn Youngkin, a Republican, issued a press relea…",https://www.cnn.com/2025/06/04/politics/fema-white-house-disaster-relief-funds,"https://media.cnn.com/api/v1/images/stellar/prod/ap25050800296044.jpg?c=16x9&q=w_800,c_fill",,"In early April, President Donald Trump approved millions of dollars in assistance from the Federal Emergency Management Agency for Virginia, which was reeling from devastating winter storms and flood… [+9534 chars]",,"Das Weiße Haus genehmigt Katastrophenhilfefonds, ohne die FEMA zu benachrichtigen, was zu Verzögerungen und Verwirrung führt | CNN-Politik. Anfang April genehmigte Präsident Donald Trump Millionenhilfe der Federal Emergency Management Agency für Virginia, das unter verheerenden Winterstürmen und Überschwemmungen litt. Gouverneur Glenn Youngkin, ein Republikaner, gab eine Pressemitteilung heraus …","The White House is approving disaster relief funds without notifying FEMA, leading to delays and confusion | CNN Politics. In early April, President Donald Trump approved millions of dollars in assistance from the Federal Emergency Management Agency for Virginia, which was reeling from devastating winter storms and flooding. Gov. Glenn Youngkin, a Republican, issued a press relea…","Domus Alba calamitatis subsidia pecuniarum sine notificatione FEMA approbat, moras et confusiones ducens | Maecenas rhoncus. Ineunte Aprili, Praeses Donald Trump decies centena milia dollariorum in adiutorio ab Foederali Emergency Management Management pro Virginia approbavit, quae a tempestatibus hiemalibus et inundatione vastantibus vacillabat. Gov. Glenn Youngkin, republicanus, prelo relea edidit…",2026-01-07 21:55:04+00:00
923e49af9f0a3f129871b3611b7aefa2,2025-06-04T10:04:01Z,'floods',www.businessinsider.com,en,0.0,"Thanks to ChatGPT, the pure internet is gone. Did anyone save a copy?","As AI content floods the web, researchers are preserving pre-2022 human datasets. Like how low-background steel was salvaged from sunken warships.",https://www.businessinsider.com/chatgpt-ai-pure-internet-gone-low-background-steel-cloudflare-2025-6,https://i.insider.com/683f3a0fc19ab3675c108e48?width=1200&format=jpeg,,"The sunken World War I warship ""Hindenburg"" was salvaged.PA Images via Reuters Connect
<ul><li>Since the launch of ChatGPT in 2022, there's been an explosion of AI-generated content online.</li><li>… [+6882 chars]",,"Dank ChatGPT gibt es kein reines Internet mehr. Hat jemand eine Kopie gespeichert? Während KI-Inhalte das Internet überschwemmen, bewahren Forscher menschliche Datensätze aus der Zeit vor 2022 auf. Zum Beispiel, wie tiefliegender Stahl aus gesunkenen Kriegsschiffen geborgen wurde.","Thanks to ChatGPT, the pure internet is gone. Did anyone save a copy?. As AI content floods the web, researchers are preserving pre-2022 human datasets. Like how low-background steel was salvaged from sunken warships.","Gratias ChatGPT, purus penitus recessit. ecquis praeter exemplum ?. Sicut AI, telam contentus inundat, investigatores prae-2022 datastarum humanarum conservant. Velut quam humilis background ferrum de navibus longis depressis salvatus est.",2026-01-07 21:55:04+00:00
aeb40218bac239c1d03c8043bbe5dac5,2025-06-04T11:42:11Z,'flooding climate change',www.forbes.com,en,0.0,How Employers Can Forecast – And Mitigate – The Overlooked Business Costs Of Climate,"The Climate Health Cost Forecaster is a first-of-its-kind tool that converts extreme heat, smoke, floods, and hurricanes into CFO-ready figures across any zip code.",https://www.forbes.com/sites/billfrist/2025/06/04/how-employers-can-forecast--and-mitigate--the-overlooked-business-costs-of-climate/,https://imageio.forbes.com/specials-images/imageserve/68402fc64de31b76823ba26a/0x0.jpg?format=jpg&height=900&width=1600&fit=bounds,,"Throughout my work as a surgeon and a U.S. senator, I have focused on practical solutions that keep people healthy, safe and resilient, that are firmly backed by data. Today, I see a new data-driven … [+5974 chars]",,"Wie Arbeitgeber die übersehenen Geschäftskosten des Klimas vorhersagen und abmildern können. Der Climate Health Cost Forecaster ist ein einzigartiges Tool, das extreme Hitze, Rauch, Überschwemmungen und Hurrikane in CFO-gerechte Zahlen für jede Postleitzahl umwandelt.","How Employers Can Forecast – And Mitigate – The Overlooked Business Costs Of Climate. The Climate Health Cost Forecaster is a first-of-its-kind tool that converts extreme heat, smoke, floods, and hurricanes into CFO-ready figures across any zip code.","Qualiter Employersi Praestare possint - Et Mitigate - Negotia Impensa Clima neglecti. Clima Salus Custus Vatem est instrumentum primum ex suo genere quod calorem extremum, fumum, inundationes et turbines in CFO-paratas figuras per quemlibet codicem notat.",2026-01-07 21:55:04+00:00
dc8193e307c31284fcedde69dfcb6e32,2025-06-04T16:21:54Z,'flooding relief',www.syllad.com,en,0.0,"Assam reels under flood fury: 14 dead, nearly 7 lakh hit as rivers overflow in 21 districts","The flood crisis in Assam intensified on Wednesday, with two more deaths pushing the toll to 14 in the first wave of flooding this year. According to the Assam State Disaster Management Authority (ASDMA), the disaster has now displaced or affected 6,79,423 pe…",https://www.syllad.com/assam-reels-under-flood-fury-14-dead-nearly-7-lakh-hit-as-rivers-overflow-in-21-districts/,https://www.syllad.com/wp-content/uploads/2025/06/Assam-Floods-1.jpg,,"Syllad | The Rising MeghalayaJune 4, 2025
The flood crisis in Assam intensified on Wednesday, with two more deaths pushing the toll to 14 in the first wave of flooding this year. According to the As… [+1909 chars]",,"Assam leidet unter der Flutwut: 14 Tote, fast 7 Lakh betroffen, als Flüsse in 21 Bezirken über die Ufer treten. Die Überschwemmungskrise in Assam verschärfte sich am Mittwoch. Zwei weitere Todesfälle ließen die Zahl der Überschwemmungen in der ersten Überschwemmungswelle dieses Jahres auf 14 steigen. Nach Angaben der Assam State Disaster Management Authority (ASDMA) hat die Katastrophe inzwischen 6.79.423 Menschen vertrieben oder betroffen.","Assam reels under flood fury: 14 dead, nearly 7 lakh hit as rivers overflow in 21 districts. The flood crisis in Assam intensified on Wednesday, with two more deaths pushing the toll to 14 in the first wave of flooding this year. According to the Assam State Disaster Management Authority (ASDMA), the disaster has now displaced or affected 6,79,423 pe…","Assam sub diluvio furore agit: 14 mortui, paene 7 lakh hit ut flumina in 21 pagos exundant. Discrimen diluvium in Assam die Mercurii intenditur, cum duae plures mortes thelonei impellunt ad 14 in primo fluctu inundationis hoc anno. Secundum Assam Civitatis Calamitas Management auctoritati (ASDMA), nunc clades mota vel affectus 6,79,423 pe…",2026-01-07 21:55:04+00:00
d96d110458b19984b7defc530ec01935,2025-06-04T16:58:12Z,'flooding house',9to5toys.com,en,0.0,"Dbrand’s new Nintendo Switch 2 grip case has arrived at the 9to5Toys offices, now starting at $60 (Reg. up to $75)","The Switch accessories have been flooding in from third-parties over the last month or so and the new Dbrand Killswitch controller case. The Killswitch is custom made package designed to wrap your Switch 2 in a rubbery, grippy case while still allowing the sy…",http://9to5toys.com/2025/06/04/dbrand-new-nintendo-switch-2-grip-case/,https://i0.wp.com/9to5toys.com/wp-content/uploads/sites/5/2025/06/Switch-2-Dbrand-Killswitch-controller-case-0main.jpg?resize=1200%2C628&ssl=1,,The Switch accessories have been flooding in from third-parties over the last month or so and the new Dbrand Killswitch controller case. The Killswitch is custom made package designed to wrap your Sw… [+2609 chars],,"Die neue Nintendo Switch 2-Griffhülle von Dbrand ist in den 9to5Toys-Büros eingetroffen und kostet jetzt 60 US-Dollar (Reg. bis zu 75 US-Dollar). Das Switch-Zubehör und das neue Killswitch-Controller-Gehäuse von Dbrand sind seit ungefähr einem Monat von Drittanbietern eingetroffen. Der Killswitch ist eine maßgeschneiderte Verpackung, die Ihren Switch 2 in einer gummiartigen, griffigen Hülle umhüllt und gleichzeitig die Sy…","Dbrand’s new Nintendo Switch 2 grip case has arrived at the 9to5Toys offices, now starting at $60 (Reg. up to $75). The Switch accessories have been flooding in from third-parties over the last month or so and the new Dbrand Killswitch controller case. The Killswitch is custom made package designed to wrap your Switch 2 in a rubbery, grippy case while still allowing the sy…","Dbrand's Novus Nintendo Switch 2 causa tenaci pervenit ad officia 9to5Toys, nunc incipiens a $60 (Reg. usque ad $75). Accessiones switch factae sunt inundationem e tertio-partibus supra mensem ultimum vel sic et novum Dbrand Killswitch causa moderatoris. The Killswitch is custom made package designed to wrap your Switch 2 in a rubbery, grippy case while still permittens sy…",2026-01-07 21:55:04+00:00
15431514849eeef5b6ef035794856566,2025-06-04T21:56:48Z,'flooding precipitation',www.newsweek.com,en,0.0,Map Shows Where 3 States Warned About Floods in the Desert,National Weather Service meteorologists issued a flood watch for desert areas in three states on Wednesday.,https://www.newsweek.com/desert-map-flood-watch-heavy-rain-2081147,https://d.newsweek.com/en/full/2657033/flood-watch-desert.jpg,,"The National Weather Service (NWS) has issued a flood watch for desert areas in southern California, southern Nevada, and northwestern Arizona, effective Wednesday, as heavy rain puts the region at r… [+3229 chars]",,"Karte zeigt, wo drei Staaten vor Überschwemmungen in der Wüste gewarnt haben. Meteorologen des National Weather Service haben am Mittwoch eine Überschwemmungswarnung für Wüstengebiete in drei Bundesstaaten herausgegeben.",Map Shows Where 3 States Warned About Floods in the Desert. National Weather Service meteorologists issued a flood watch for desert areas in three states on Wednesday.,Map Show Where 3 States Warned about Floods in the Desert. Nationalis Tempestatis Servitio astrologi in tres civitates die Mercurii in locis desertis vigiliam diluvii dederunt.,2026-01-07 21:55:04+00:00
8d4d59ca56e9b1e45da2aa07d0cc6f81,2025-06-04T21:59:36Z,'floods',biztoc.com,en,0.0,Map Shows Where 3 States Warned About Floods in the Desert,"Voice is AI-generated. Inconsistencies may occur.
The National Weather Service (NWS) has issued a flood watch for desert areas in southern California, southern Nevada, and northwestern Arizona, effective Wednesday, as heavy rain puts the region at risk for fl…",https://biztoc.com/x/024e0b6289a97aca,https://biztoc.com/cdn/024e0b6289a97aca_s.webp,,"Voice is AI-generated. Inconsistencies may occur.The National Weather Service (NWS) has issued a flood watch for desert areas in southern California, southern Nevada, and northwestern Arizona, effect… [+141 chars]",,"Karte zeigt, wo drei Staaten vor Überschwemmungen in der Wüste gewarnt haben. Die Stimme wird KI-generiert. Es kann zu Inkonsistenzen kommen.
Der Nationale Wetterdienst (NWS) hat ab Mittwoch eine Überschwemmungswarnung für Wüstengebiete in Südkalifornien, Südnevada und Nordwestarizona herausgegeben, da starke Regenfälle die Region einem Risiko für Überschwemmungen aussetzen.","Map Shows Where 3 States Warned About Floods in the Desert. Voice is AI-generated. Inconsistencies may occur.
The National Weather Service (NWS) has issued a flood watch for desert areas in southern California, southern Nevada, and northwestern Arizona, effective Wednesday, as heavy rain puts the region at risk for fl…","Map Show Where 3 States Warned about Floods in the Desert. Vox est AI-generata. Inconvenientia fieri potest.
Tempestatis Nationalis Service (NWS) inundationem vigiliam pro locis desertis in California australi, Nevada meridionali, et Arizona septentrionalem inter septentrionalem, Mercurii efficaciam edidit, sicut pluvia gravis regionem in periculo ponit pro fl…",2026-01-07 21:55:04+00:00
d6845f0ef1c3a91fa8dec77315e14497,2025-06-04T23:51:59Z,'flooding',www.nzherald.co.nz,en,0.0,Drought followed by wet autumn leaves farmers with tough feed decisions,Some Northland farms experienced flooding five times in recent weeks.,https://www.nzherald.co.nz/the-country/news/drought-followed-by-wet-autumn-leaves-farmers-with-tough-feed-decisions/YIKULY3V2VDZXG6GCPWL2NZFGY/,https://www.nzherald.co.nz/resizer/v2/HYGAVWJF5VGCBGE2AHNQCI33X4.jpg?auth=b97b7db152fe973f63e92364f2781cf9d0f616b8eac8bb6a98c7abbb82f5c767&width=1200&height=675&quality=70&focal=502%2C151&smart=false,,"He said that was a particularly tough call with the $10 dairy payout.
He said the whole Waikato was now green.
But not all of that is grass, so some farmers remain in drought mode. 
The majority o… [+1135 chars]",,"Dürre, gefolgt von nassem Herbst, stellt Landwirte vor schwierige Futterentscheidungen. Auf einigen Farmen in Northland kam es in den letzten Wochen fünfmal zu Überschwemmungen.",Drought followed by wet autumn leaves farmers with tough feed decisions. Some Northland farms experienced flooding five times in recent weeks.,Siccitas autumnales sequitur udo folia agricolae lento pascere init. Nonnulla praedia Northlandi inundationem quinque partibus proximis hebdomadibus experti sunt.,2026-01-07 21:55:04+00:00
8524be581f82172e52c5e68d943d53ca,2025-06-05T02:37:00Z,'flooding climate change',www.abc.net.au,en,0.0,What can be done about the 'new world' of extreme weather?,"Farmers say the recent floods in NSW were unprecedented and exhausting, but some stop short of blaming climate change.",https://www.abc.net.au/news/rural/2025-06-05/climate-change-linked-to-floods-extreme-weather-nsw/105353550,https://live-production.wcms.abc-cdn.net.au/19fba5dbfd54efa11dfc0f9f3ddcaad1?impolicy=wcms_watermark_news&cropH=2813&cropW=5000&xPos=0&yPos=259&width=862&height=485&imformat=generic,,"Scientists and politicians are warning big policy shifts are needed to mitigate extreme weather impacts, following what farmers describe as unprecedented flooding in the New South Wales Hunter and Mi… [+6435 chars]",,"Was kann man gegen die „neue Welt“ des extremen Wetters tun? Landwirte sagen, die jüngsten Überschwemmungen in New South Wales seien beispiellos und erschöpfend gewesen, aber einige scheuen davor zurück, die Schuld auf den Klimawandel zu schieben.","What can be done about the 'new world' of extreme weather?. Farmers say the recent floods in NSW were unprecedented and exhausting, but some stop short of blaming climate change.","Quid de novo mundo extremae tempestatis fieri potest? Agricolae dicunt recentes diluvia in NSW inaudita et exhausta fuisse, sed aliquas breves cessant mutationem climatis reprehendere.",2026-01-07 21:55:04+00:00
0c3d73d4ad0692e093d6714255b3d935,2025-06-05T06:23:23Z,'flooding military',skepticalscience.com,en,0.0,Skeptical Science New Research for Week #23 2025,"Open access notables
Land-based sensors reveal high frequency of coastal flooding, Hino et al., Communications Earth & Environment:

Coastal flooding is occurring more frequently due to global sea-level rise, among other factors. However, current understandin…",https://skepticalscience.com/new_research_2025_23.html,https://skepticalscience.com/public/assets/images/og/button_sks_200.jpg,,"Posted on 5 June 2025 by Doug Bostrom, Marc Kodack
Open access notables
Land-based sensors reveal high frequency of coastal flooding, Hino et al., Communications Earth &amp; Environment:
Coastal f… [+52845 chars]",,"Neue Forschungsergebnisse von Skeptical Science für Woche Nr. 23 2025. Open-Access-Prominente
Landgestützte Sensoren zeigen eine hohe Häufigkeit von Küstenüberschwemmungen, Hino et al., Communications Earth & Environment:

Unter anderem aufgrund des globalen Meeresspiegelanstiegs kommt es häufiger zu Küstenüberschwemmungen. Allerdings ist das aktuelle Verständnis…","Skeptical Science New Research for Week #23 2025. Open access notables
Land-based sensors reveal high frequency of coastal flooding, Hino et al., Communications Earth & Environment:

Coastal flooding is occurring more frequently due to global sea-level rise, among other factors. However, current understandin…","Scientiae Scepticae Novae Investigationis pro Hebdomada #23 2025. Aperta aditus notabilium
Terrae substructio sensoriis altam frequentiam inundationis maritimae, Hino et al., Communicationum Terrae & Environment revelant:

Inundatio maritima saepius ob ortum globalem graduum maris, inter alia. Tamen, current intellegentiae…",2026-01-07 21:55:04+00:00
1f10592233cec8c4d9e809ed189ab5fb,2025-06-05T11:05:59Z,'flooding',www.aljazeera.com,en,0.0,Heavy rainfall triggers deadly flooding in northeast India,"Severe monsoon rains have triggered deadly floods and landslides in northeast India, killing at least 48 people.",https://www.aljazeera.com/program/newsfeed/2025/6/5/heavy-rainfall-triggers-deadly-flooding-in-northeast-india,https://www.aljazeera.com/wp-content/uploads/2025/06/image-1749121423.jpg?resize=1920%2C1080&quality=80,,"NewsFeed
Severe monsoon rains have triggered deadly floods and landslides in northeast India, killing at least 48 people and leaving thousands more displaced.",,"Heftige Regenfälle lösen im Nordosten Indiens tödliche Überschwemmungen aus. Heftige Monsunregenfälle haben im Nordosten Indiens tödliche Überschwemmungen und Erdrutsche ausgelöst, bei denen mindestens 48 Menschen ums Leben kamen.","Heavy rainfall triggers deadly flooding in northeast India. Severe monsoon rains have triggered deadly floods and landslides in northeast India, killing at least 48 people.","Imbribus gravibus triggers inundationes funebres in India septentrionali. Imbres graves ETESIAE inundationes funestae Urguebant et proruit in Indiam septentrionalem, saltem quadraginta homines occidens.",2026-01-07 21:55:04+00:00
51f2f205fa1d5b2f6deb87b9d0494c50,2025-06-05T16:36:06Z,'floods',economictimes.indiatimes.com,en,0.0,"IAF deploys Mi-17, Cheetah choppers for Sikkim relief ops","Sikkim's relief operations are underway. The Indian Air Force is using helicopters to rescue people and deliver supplies. Over a hundred survivors were evacuated. Assam is facing severe floods and landslides. Many districts are affected, and thousands are dis…",https://economictimes.indiatimes.com/news/india/iaf-deploys-mi-17-cheetah-choppers-for-sikkim-relief-ops/articleshow/121654959.cms,"https://img.etimg.com/thumb/msid-121654985,width-1200,height-630,imgsize-83178,overlay-economictimes/articleshow.jpg",,"Guwahati: Relief operations in Sikkim continue with the IAF employing four Mi-17 and two Cheetah helicopters into service. A defence spokesperson said, On Thursday they were able to reach isolated an… [+1664 chars]",,"IAF setzt Mi-17, Cheetah-Hubschrauber, für Hilfseinsätze in Sikkim ein. Sikkims Hilfsaktionen sind im Gange. Die indische Luftwaffe setzt Hubschrauber ein, um Menschen zu retten und Nachschub zu liefern. Über hundert Überlebende wurden evakuiert. Assam ist mit schweren Überschwemmungen und Erdrutschen konfrontiert. Viele Bezirke sind betroffen, Tausende werden zerstört.","IAF deploys Mi-17, Cheetah choppers for Sikkim relief ops. Sikkim's relief operations are underway. The Indian Air Force is using helicopters to rescue people and deliver supplies. Over a hundred survivors were evacuated. Assam is facing severe floods and landslides. Many districts are affected, and thousands are dis…","IAF explicat Mi-17, Cheetah choppers ad Opis subsidio Sikkim. Operationes subsidio Sikkim comparatae sunt. Air Force Indicus utitur helicopteris ad homines liberandos et commeatus liberandos. Plus centum reliqui excesserunt. Assam graves inundationes et proruit. Multae regiones afficiuntur et milia dis…",2026-01-07 21:55:04+00:00
3fd6fb4622908539bf33ec1578c3e427,2025-06-05T19:57:57Z,'floods',www.abc.net.au,en,0.0,Temporary tips needed as record floods leave behind mountains of waste,"NSW councils rush to clean up an ""enormous"" volume of waste left behind by floods that devastated the NSW Mid North Coast and Hunter.",https://www.abc.net.au/news/2025-06-06/nsw-flood-waste-requires-temporary-rubbish-tips/105378940,https://live-production.wcms.abc-cdn.net.au/5786a0b9d206d9c6b5e73b5b7ca28589?impolicy=wcms_watermark_news&cropH=1080&cropW=1920&xPos=0&yPos=0&width=862&height=485&imformat=generic,,"The record-breaking floods that devastated communities across the NSW Mid North Coast and Hunter regions have left behind mountains of rotting debris.
The Kempsey and Mid Coast councils estimate the… [+2722 chars]",,"Vorübergehende Tipps sind erforderlich, da Rekordüberschwemmungen Berge von Abfall hinterlassen. Die Stadträte von New South Wales beeilen sich, eine „enorme“ Abfallmenge zu beseitigen, die durch Überschwemmungen zurückgeblieben ist, die die mittlere Nordküste von New South Wales und Hunter verwüstet haben.","Temporary tips needed as record floods leave behind mountains of waste. NSW councils rush to clean up an ""enormous"" volume of waste left behind by floods that devastated the NSW Mid North Coast and Hunter.","Temporaria tips opus ut recordum inundationes relictis montibus vastitatis. NSW concilia ruunt ad mundandum volumen vastitatis ""magnum"" relictum ab inundationibus quae NSW in Midia Septentrionalis orae et Hunter devastarunt.",2026-01-07 21:55:04+00:00
3d0caa92e13930d86a6fd32a0d8c9ffb,2025-06-05T20:41:03Z,'floods',www.newsweek.com,en,0.0,Urgent Warnings Issued as Life-Threatening Floods Hit The Desert,An abnormal thunderstorm has paused over Southern Nevada and is dumping heavy rain across the region.,https://www.newsweek.com/urgent-warning-life-threatening-floods-desert-2081656,https://d.newsweek.com/en/full/2657770/urgent-warning-flash-floods-desert.jpg,,"The National Weather Service (NWS) issued urgent flash flood warnings and severe thunderstorm warnings for parts of the desert in southern Nevada, western Arizona, and southern California on Thursday… [+3646 chars]",,"Dringende Warnungen werden ausgegeben, da lebensbedrohliche Überschwemmungen die Wüste heimsuchen. Ein ungewöhnliches Gewitter hat über dem Süden Nevadas eine Pause eingelegt und überschwemmt die Region mit heftigen Regenfällen.",Urgent Warnings Issued as Life-Threatening Floods Hit The Desert. An abnormal thunderstorm has paused over Southern Nevada and is dumping heavy rain across the region.,Urgente Admonitiones pro vita minaces Flumina percute desertum. Tonitruus abnormes in Nevada Australi constitit et pluviam gravem iactat per regionem.,2026-01-07 21:55:04+00:00
98021c462206e4db693783222e084e08,2025-06-05T20:47:27Z,'floods',biztoc.com,en,0.0,Urgent Warnings Issued as Life-Threatening Floods Hit The Desert,"Voice is AI-generated. Inconsistencies may occur.
The National Weather Service (NWS) issued urgent flash flood warnings and severe thunderstorm warnings for parts of the desert in southern Nevada, western Arizona, and southern California on Thursday.
""We had …",https://biztoc.com/x/b15393ed062f2f08,https://biztoc.com/cdn/b15393ed062f2f08_s.webp,,"Voice is AI-generated. Inconsistencies may occur.The National Weather Service (NWS) issued urgent flash flood warnings and severe thunderstorm warnings for parts of the desert in southern Nevada, wes… [+145 chars]",,"Dringende Warnungen werden ausgegeben, da lebensbedrohliche Überschwemmungen die Wüste heimsuchen. Die Stimme wird KI-generiert. Es kann zu Inkonsistenzen kommen.
Der Nationale Wetterdienst (NWS) gab am Donnerstag dringende Warnungen vor Sturzfluten und schweren Gewittern für Teile der Wüste im Süden Nevadas, im Westen Arizonas und im Süden Kaliforniens heraus.
„Wir hatten …","Urgent Warnings Issued as Life-Threatening Floods Hit The Desert. Voice is AI-generated. Inconsistencies may occur.
The National Weather Service (NWS) issued urgent flash flood warnings and severe thunderstorm warnings for parts of the desert in southern Nevada, western Arizona, and southern California on Thursday.
""We had …","Urgente Admonitiones pro vita minaces Flumina percute desertum. Vox est AI-generata. Inconvenientia fieri potest.
Tempestatis Nationalis Servitium (NWS) urgente inundatione admonitionum et tonitruum admonitiones urgentes editae sunt propter deserti partes in Nevada meridionali, in Arizona occidentali, et in California meridiana die Iovis.
"" Habuimus ...",2026-01-07 21:55:04+00:00
e6cc3eedb247b56490bf85aa54b32383,2025-06-05T20:50:49Z,'flooding',financialpost.com,en,0.0,Montreal hopes to repair damaged reputation during Grand Prix weekend,"MONTREAL — Montreal is hoping to redeem itself during the upcoming Grand Prix weekend after last year’s event veered off course due to heavy congestion, flooding and some ill-timed patio inspections. The city says it’s taking steps to improve access to the Fo…",https://financialpost.com/pmn/montreal-hopes-to-repair-damaged-reputation-during-grand-prix-weekend,,,"MONTREAL Montreal is hoping to redeem itself during the upcoming Grand Prix weekend after last years event veered off course due to heavy congestion, flooding and some ill-timed patio inspections.
T… [+5135 chars]",,"Montreal hofft, am Grand-Prix-Wochenende seinen beschädigten Ruf wiederherzustellen. MONTREAL – Montreal hofft, sich am bevorstehenden Grand-Prix-Wochenende zu rehabilitieren, nachdem die letztjährige Veranstaltung aufgrund starker Staus, Überschwemmungen und einiger unzeitgemäßer Terrasseninspektionen vom Kurs abkam. Die Stadt sagt, dass sie Schritte unternimmt, um den Zugang zum Fo zu verbessern.","Montreal hopes to repair damaged reputation during Grand Prix weekend. MONTREAL — Montreal is hoping to redeem itself during the upcoming Grand Prix weekend after last year’s event veered off course due to heavy congestion, flooding and some ill-timed patio inspections. The city says it’s taking steps to improve access to the Fo…","Montreal sperat famam laedi sarcire in volutpat Maximo Prix. MONTREAL - Montrealensi sperat se redimere in venturo Grandis Prix weekend post annum eventum decurrentem ob graves obstructiones, inundationes et nonnullas inspectiones intempestivas patio. Urbs dicit se se curare ut accessum ad Fo... emendare possit.",2026-01-07 21:55:04+00:00
c13ad0a009b300ec607d165f3ef63411,2025-06-05T20:51:21Z,'floods',www.abc.net.au,en,0.0,Hundreds of NSW farmers still dealing with fallout weeks after floods,"In the weeks since floodwaters ran through the Mid North Coast, some farmers are still struggling to return to normalcy.",https://www.abc.net.au/news/2025-06-06/nsw-farmers-struggling-mid-north-coast-floods/105382372,https://live-production.wcms.abc-cdn.net.au/cb39f15b784c86f944c4513c6f32d3b4?impolicy=wcms_watermark_news&cropH=2268&cropW=4032&xPos=0&yPos=0&width=862&height=485&imformat=generic,,"Hay is precious on the Mid North Coast, where paddocks have turned to mud.
Two weeks after record flooding swamped Tony Buttsworth's farm at Moorland, he's handfeeding hundreds of dairy cows with fo… [+4738 chars]",,"Hunderte von Landwirten in New South Wales haben auch Wochen nach den Überschwemmungen immer noch mit dem Niederschlag zu kämpfen. In den Wochen, seit die Überschwemmungen die mittlere Nordküste durchflutet haben, kämpfen einige Landwirte immer noch darum, zur Normalität zurückzukehren.","Hundreds of NSW farmers still dealing with fallout weeks after floods. In the weeks since floodwaters ran through the Mid North Coast, some farmers are still struggling to return to normalcy.","Centum NSW agricolae adhuc de fallout septimanis post diluvia tractabant. In hebdomadibus cum aquae diluvii per Medium Coast Septentrionalem currebant, agricolae adhuc ad normalitatem redire nituntur.",2026-01-07 21:55:04+00:00
6a66c50a6c1158dd8f5e3cfa00a1d7b6,2025-06-05T22:55:00Z,'floods',thehillstimes.in,en,0.0,"Flood situation critical, 7 lakh affected","GUWAHATI, June 5: Assam’s flood situation remained critical on Thursday, with nearly seven lakh people affected in 21 districts and the water level of major rivers showing a rising trend, officials said. The death toll in the first wave of the floods and land…",https://thehillstimes.in/assam/flood-situation-critical-7-lakh-affected,https://thehillstimes.in/wp-content/uploads/2025/06/Lead-14.jpg,,"GUWAHATI, June 5: Assams flood situation remained critical on Thursday, with nearly seven lakh people affected in 21 districts and the water level of major rivers showing a rising trend, officials sa… [+3468 chars]",,"Überschwemmungssituation kritisch, 7 Lakh betroffen. GUWAHATI, 5. Juni: Die Überschwemmungssituation in Assam blieb am Donnerstag kritisch. Fast sieben Lakh-Menschen waren in 21 Bezirken betroffen und der Wasserstand der großen Flüsse zeigte einen steigenden Trend, sagten Beamte. Die Zahl der Todesopfer in der ersten Welle der Überschwemmungen und Land…","Flood situation critical, 7 lakh affected. GUWAHATI, June 5: Assam’s flood situation remained critical on Thursday, with nearly seven lakh people affected in 21 districts and the water level of major rivers showing a rising trend, officials said. The death toll in the first wave of the floods and land…","Diluvii condicio critica, lakh affectus VII. GUWAHATI, Iunii 5: Assam diluvii condicio critica die Iovis mansit, cum septem fere lakh homines in 21 regionibus affecti et in aqua fluminum maioris inclinationis orientem ostendentes, magistratus dixerunt. Thelonei mors in primo fluctu fluminum et terra.",2026-01-07 21:55:04+00:00
f73c775609ff19fbde949956e8b2d723,2025-06-06T07:00:10Z,'floods',www.belloflostsouls.net,en,0.0,"Goatboy’s Grimdark Armylist: Space Wolf Saga of Bodies, Bodies, & More Bodies","Goatboy here with an Space Wolves army list that floods the table with a pile of tough bodies, and can write a new Saga of victory! Here’s an Vlka Fenryka army list based off of some discussions with some local Texas people.  The idea here is to flood the tab…",https://www.belloflostsouls.net/2025/06/goatboys-grimdark-armylist-space-wolf-saga-of-bodies-bodies-more-bodies.html,https://www.belloflostsouls.net/wp-content/uploads/2023/08/40k-thunderwolves-header.jpg,,"Goatboy here with an Space Wolves army list that floods the table with a pile of tough bodies, and can write a new Saga of victory!
Here’s an Vlka Fenryka army list based off of some discussions wit… [+3028 chars]",,"Goatboy’s Grimdark Armylist: Space Wolf Saga of Bodies, Bodies, & More Bodies. Goatboy hier mit einer Armeeliste der Space Wolves, die den Tisch mit einem Haufen harter Körper überschwemmt und eine neue Saga des Sieges schreiben kann! Hier ist eine Vlka Fenryka-Armeeliste, die auf einigen Gesprächen mit einigen Einheimischen aus Texas basiert.  Die Idee hier ist, die Rechnung zu überschwemmen …","Goatboy’s Grimdark Armylist: Space Wolf Saga of Bodies, Bodies, & More Bodies. Goatboy here with an Space Wolves army list that floods the table with a pile of tough bodies, and can write a new Saga of victory! Here’s an Vlka Fenryka army list based off of some discussions with some local Texas people.  The idea here is to flood the tab…","Goatboy's Grimdark Armylist: Spatium Wolf Saga corporum, Corporum, & Mororum. Goatboy hic cum indice exercitus Spatii Lupi qui mensam cum acervo corporum corporum inundat, et novum Saga victoriae scribere potest! Hic Vlka Fenryka exercitus index est de quibusdam disputationibus cum aliquibus hominibus loci Texas.  Hic notio est inundare tab…",2026-01-07 21:55:04+00:00
8aa4b6162cf12ae66e43c6fca340c882,2025-06-06T09:00:00Z,'flooding',www.cbc.ca,en,0.0,'Long overdue' dikeland upgrades coming to rural N.S. community,Advocate Harbour is preparing for the most significant upgrades in decades to the dikeland system that protects it from flooding.,https://www.cbc.ca/news/canada/nova-scotia/dike-dikes-dikeland-upgrades-advocate-harbour-1.7553030,https://i.cbc.ca/1.7553032.1749134608!/fileImage/httpImage/image.jpg_gen/derivatives/16x9_1180/marchel-strong.jpg?im=Resize%3D620,,"A rural Nova Scotia community on the Bay of Fundy is preparing for the most significant upgrades in decades to the dikeland system that protects it from flooding.
The work has been approved for Advo… [+3635 chars]",,"„Längst überfällige“ Deichsanierungsmaßnahmen im ländlichen NS. Gemeinschaft. Advocate Harbor bereitet sich auf die bedeutendsten Modernisierungen des Deichsystems seit Jahrzehnten vor, das es vor Überschwemmungen schützt.",'Long overdue' dikeland upgrades coming to rural N.S. community. Advocate Harbour is preparing for the most significant upgrades in decades to the dikeland system that protects it from flooding.,"""Longum decuit"" dikeland upgrades venientes ad rusticos N.S. defero. Advocatus portus parat maximas upgrades in decenniis ad systema dikeland quod ab inundatione tuetur.",2026-01-07 21:55:04+00:00
d081a460c6c1c5ae4ddeca77020370b3,2025-06-06T13:23:04Z,'flooding',phys.org,en,0.0,What can ancient climate tell us about modern droughts?,"Climate change is reshaping the global water cycle, disrupting rainfall patterns and putting growing pressure on cities and ecosystems. Some regions are grappling with heavier rainfall and flooding, while others face prolonged droughts that threaten public he…",https://phys.org/news/2025-06-ancient-climate-modern-droughts.html,https://scx2.b-cdn.net/gfx/news/hires/2025/what-can-ancient-clima.jpg,,"Climate change is reshaping the global water cycle, disrupting rainfall patterns and putting growing pressure on cities and ecosystems. Some regions are grappling with heavier rainfall and flooding, … [+4233 chars]",,"Was kann uns das antike Klima über moderne Dürren sagen? Der Klimawandel verändert den globalen Wasserkreislauf, stört die Niederschlagsmuster und setzt Städte und Ökosysteme zunehmend unter Druck. Einige Regionen haben mit stärkeren Regenfällen und Überschwemmungen zu kämpfen, während andere mit anhaltenden Dürren konfrontiert sind, die die öffentliche Gesundheit gefährden.","What can ancient climate tell us about modern droughts?. Climate change is reshaping the global water cycle, disrupting rainfall patterns and putting growing pressure on cities and ecosystems. Some regions are grappling with heavier rainfall and flooding, while others face prolonged droughts that threaten public he…","Quid nobis de modernis siccitatibus potest clima antiqua dicere? Clima mutationis cycli aquae globalis reformans est, exemplaria pluviarum turbans et in urbibus et oecosystematibus auctam premens. Aliae regiones cum gravioribus imbribus et inundationibus iniectae sunt, aliae diuturnas siccitates in publicum se minantur.",2026-01-07 21:55:04+00:00
6b8b66959334a61785d804530ca5fd48,2025-06-06T15:42:00Z,'floods',www.syllad.com,en,0.0,Congress blasts CM Himanta Biswa Sarma over flood relief failure; demands national status for Assam floods,"The Assam Congress on Friday launched a sharp attack on Chief Minister Himanta Biswa Sarma, calling him the “weakest and most corrupt Chief Minister” in the country for allegedly failing to secure adequate central assistance for flood-hit Assam. The criticism…",https://www.syllad.com/congress-blasts-cm-himanta-biswa-sarma-over-flood-relief-failure-demands-national-status-for-assam-floods/,https://www.syllad.com/wp-content/uploads/2025/06/Gaurav-Gogoi.jpg,,"Syllad | The Rising MeghalayaJune 6, 2025
The Assam Congress on Friday launched a sharp attack on Chief Minister Himanta Biswa Sarma, calling him the “weakest and most corrupt Chief Minister” in the… [+2705 chars]",,"Kongress kritisiert CM Himanta Biswa Sarma wegen gescheiterter Fluthilfe; fordert nationalen Status für Assam-Überschwemmungen. Der Kongress von Assam startete am Freitag einen scharfen Angriff auf Ministerpräsident Himanta Biswa Sarma und nannte ihn den „schwächsten und korruptesten Ministerpräsidenten“ des Landes, weil er es angeblich versäumt habe, angemessene zentrale Hilfe für das von der Überschwemmung betroffene Assam sicherzustellen. Die Kritik…","Congress blasts CM Himanta Biswa Sarma over flood relief failure; demands national status for Assam floods. The Assam Congress on Friday launched a sharp attack on Chief Minister Himanta Biswa Sarma, calling him the “weakest and most corrupt Chief Minister” in the country for allegedly failing to secure adequate central assistance for flood-hit Assam. The criticism…","Congressus flatus CM Himanta Biswa Sarma super diluvium subsidio defectum; status nationalis ad Assam inundationes petit. Congressus Assam Veneris die Saturni princeps minister Himanta Biswa Sarma acriter impetum fecit, eum vocatum ""ministrum principem infirmissimum et corruptissimum"" in regione ob assertam non satis idoneam centralem subsidia ad cataractas Assam tutandas. Reprehensio…",2026-01-07 21:55:04+00:00
ed186d07a1b4012418d363f376a8f24e,2025-06-06T16:36:38Z,'flooding storm',www.newsweek.com,en,0.0,"Maps Show States Facing Tornadoes, Flooding This Weekend",Thunderstorms are expected to bring impact across parts of the U.S. daily through Sunday.,https://www.newsweek.com/map-shows-states-facing-tornadoes-flooding-this-weekend-2081855,https://d.newsweek.com/en/full/2658243/friday-forecast.jpg,,"Meteorologists are forecasting daily severe thunderstorms in the Plains, Mississippi Valley and parts of the Eastern U.S. through Sunday.
Why It Matters
Forecasters say damaging winds, hail and eve… [+2702 chars]",,"Karten zeigen Staaten, die an diesem Wochenende Tornados und Überschwemmungen ausgesetzt sind. Es wird erwartet, dass Gewitter täglich bis Sonntag Auswirkungen auf Teile der USA haben werden.","Maps Show States Facing Tornadoes, Flooding This Weekend. Thunderstorms are expected to bring impact across parts of the U.S. daily through Sunday.","Maps Monstrare Civitates Adversus Tornadoes, Inundatio Hoc Volutpat. Tonitruum exspectatur ut cottidie per dominicam impulsum trans partes US.",2026-01-07 21:55:04+00:00
8397d0d1724511f7a86fc2049597c6b3,2025-06-06T18:29:15Z,'flooding storm',abcnews.go.com,en,0.0,"WATCH: Streets in Lubbock, Texas, flood after storms","SEE IT: Heavy flooding hit the streets of Lubbock, Texas, after storms moved through the region.",https://abcnews.go.com/US/video/streets-lubbock-texas-flood-after-storms-122583276,https://i.abcnewsfe.com/a/f85bbea6-fab1-4b7d-b1f7-d180b9f470d1/250506_abc_social_flooding_lubbock_2_hpMain_9x16.jpg?w=992,,"<ul><li>Mistakenly deported Kilmar Abrego Garcia on way back to US to face criminal charges
</li><li>Speaker Johnson wants focus on bill amid Trump, Musk spat
</li><li>Possible mass shooting at gra… [+4474 chars]",,"UHR: Straßen in Lubbock, Texas, Überschwemmung nach Stürmen. SEHEN SIE ES: Schwere Überschwemmungen trafen die Straßen von Lubbock, Texas, nachdem Stürme über die Region gezogen waren.","WATCH: Streets in Lubbock, Texas, flood after storms. SEE IT: Heavy flooding hit the streets of Lubbock, Texas, after storms moved through the region.","VIG: Plateae in Lubbock, Texas, inundatio post procellas. Vide: Gravis inundatio vias Lubbock, Texas, post tempestates per regionem motas, percussit.",2026-01-07 21:55:04+00:00
52d95da45c0bfc37011416e3b99e754b,2025-06-06T19:31:12Z,'deluge',www.pcgamer.com,en,0.0,Summer Game Fest 2025 live: Get ready for the news deluge,We're live and locked in for a day packed full of announcements and WORLD PREMIERES.,https://www.pcgamer.com/games/live/news/summer-game-fest-2025-announcements/,https://cdn.mos.cms.futurecdn.net/Snxe3qDzExetkiynzrtuJK.jpg,,"Grab your snacks, fill up your Stanley cup and get ready: The games are coming. Summer Game Fest 2025 kicks off at 2 pm Pacific, and we'll be covering all the announcements from the LA showcase as th… [+1795 chars]",,Summer Game Fest 2025 live: Machen Sie sich bereit für die Nachrichtenflut. Wir sind live und erleben einen Tag voller Ankündigungen und WELTPREMIERES.,Summer Game Fest 2025 live: Get ready for the news deluge. We're live and locked in for a day packed full of announcements and WORLD PREMIERES.,Aestiva Ludus Fest 2025 vive: Para nuntium diluvium. Vivimus et claudimur in diem refertum praeconiis et Mundo PREMIERES.,2026-01-07 21:55:04+00:00
1990e311cc372816c5b939f40a573d4e,2025-06-06T21:05:00Z,'flooding',thehillstimes.in,en,0.0,40 families affected as embankment washed away in recent flood wave in Dibrugarh,"HT CorrespondentDIBRUGARH, June 6: Over 40 families have been affected after a crucial embankment along the Buri Dehing River was washed away during the recent wave of flooding in Dibrugarh.Though floodwaters have now receded, residents of Bongamor Block Gaon…",https://thehillstimes.in/assam/40-families-affected-as-embankment-washed-away-in-recent-flood-wave-in-dibrugarh,https://thehillstimes.in/wp-content/uploads/2025/06/lead-17.jpg,,"HT CorrespondentDIBRUGARH, June 6: Over 40 families have been affected after a crucial embankment along the Buri Dehing River was washed away during the recent wave of flooding in Dibrugarh.Though fl… [+1784 chars]",,"40 Familien waren betroffen, als bei der jüngsten Überschwemmungswelle in Dibrugarh die Uferböschung weggeschwemmt wurde. HT-KorrespondentDIBRUGARH, 6. Juni: Über 40 Familien sind betroffen, nachdem bei der jüngsten Überschwemmungswelle in Dibrugarh ein entscheidender Damm entlang des Flusses Buri Dehing weggespült wurde. Obwohl das Hochwasser inzwischen zurückgegangen ist, können die Bewohner von Bongamor Block Gaon…","40 families affected as embankment washed away in recent flood wave in Dibrugarh. HT CorrespondentDIBRUGARH, June 6: Over 40 families have been affected after a crucial embankment along the Buri Dehing River was washed away during the recent wave of flooding in Dibrugarh.Though floodwaters have now receded, residents of Bongamor Block Gaon…","40 familiae afficiuntur ut aggeris recentis diluvii undam diluvii in Dibrugarh abluit. HT CorrespondentDIBRUGARH, die 6 Iunii: Plus 40 familiae affectae sunt post gravem aggerem in ripa Buri Dehing abluit per recentem undam inundationis in Dibrugarh. Quamquam aquae diluvii iam recesserunt, habitant Bongamor Clausus Gaon…",2026-01-07 21:55:04+00:00
c50785209e3379b1b6b9264e74e063cd,2025-06-07T16:23:29Z,'floods',economictimes.indiatimes.com,en,0.0,Manipur flood: Nearly 3 dead in last 24 hours despite improving situation,"Manipur is grappling with severe flooding, resulting in at least three deaths in the last 24 hours, raising the total death toll to four since May 29. The floods have impacted over 1.66 lakh people, damaging thousands of houses and hectares of cropland across…",https://economictimes.indiatimes.com/news/india/manipur-floods-nearly-3-dead-in-last-24-hours-despite-improving-situation/articleshow/121697119.cms,"https://img.etimg.com/thumb/msid-121697138,width-1200,height-630,imgsize-284780,overlay-economictimes/articleshow.jpg",,"Guwahati: While the overall flood situation improved significantly in Manipur, at least three persons were killed in the flood related calamities during the past 24 hours.According to a disaster mana… [+1227 chars]",,"Überschwemmung in Manipur: Fast 3 Tote in den letzten 24 Stunden trotz verbesserter Lage. Manipur hat mit schweren Überschwemmungen zu kämpfen, bei denen in den letzten 24 Stunden mindestens drei Menschen ums Leben kamen. Damit ist die Gesamtzahl der Todesopfer seit dem 29. Mai auf vier gestiegen. Über 1,66 Lakh Menschen waren von den Überschwemmungen betroffen, Tausende von Häusern und Hektar Ackerland wurden beschädigt.","Manipur flood: Nearly 3 dead in last 24 hours despite improving situation. Manipur is grappling with severe flooding, resulting in at least three deaths in the last 24 hours, raising the total death toll to four since May 29. The floods have impacted over 1.66 lakh people, damaging thousands of houses and hectares of cropland across…","Manipur diluvium: Fere 3 mortui in proximis 24 horis non obstante meliore condicione. Manipur iniecta est cum gravi inundatione, quae consequitur saltem tres mortes in ultimis 24 horis, tollendo totalem mortem ad quattuor post Maii 29. Inundationes impingunt homines lakh super 1.66, mille domorum damnosa et hectares terrae campestris trans ...",2026-01-07 21:55:04+00:00
f867c0a5dfb95ecd5808a8dfc5819a7a,2025-06-07T23:02:53Z,'flooding weather',www.wpxi.com,en,0.0,State of emergency declared for Allegheny County amid flooding caused by severe weather,A state of emergency has been declared for Allegheny County after severe weather caused flooding throughout the area.,https://www.wpxi.com/news/local/state-emergency-declared-allegheny-county-amid-flooding-caused-by-severe-weather/VA6URB2K45EGTDCU6AXQHJNQ4M/,https://cmg-cmg-tv-10080-prod.cdn.arcpublishing.com/resizer/v2/https%3A%2F%2Fcloudfront-us-east-1.images.arcpublishing.com%2Fcmg%2FVLOEAJU7W5EWBGKQFPDNP72D4U.jpeg?auth=3650f59c3949254463f6ad34d56e17753ac7068125132e65c8dae1d46c17e557&width=1200&height=630&smart=true,,"ALLEGHENY COUNTY — A state of emergency has been declared for Allegheny County after severe weather caused flooding throughout the area.
PHOTOS: Flooding hits local counties as heavy rain, storms mo… [+1598 chars]",,"Wegen Überschwemmungen durch Unwetter wurde für Allegheny County der Ausnahmezustand ausgerufen. Für Allegheny County wurde der Ausnahmezustand ausgerufen, nachdem Unwetter im gesamten Gebiet zu Überschwemmungen geführt hatten.",State of emergency declared for Allegheny County amid flooding caused by severe weather. A state of emergency has been declared for Allegheny County after severe weather caused flooding throughout the area.,Status necessitatis declaratus est in Comitatu Allegheny inter inundationes graves tempestates. Status casus in Comitatu Allegheny declaratus est postquam tempestates graves per universam regionem inundationem effecit.,2026-01-07 21:55:04+00:00
0a50adc8eec275faf56b879ab4653cea,2025-06-07T23:22:18Z,'flooding rain',www.cbc.ca,en,0.0,Rexdale renters urge city to crack down on poor conditions at apartment complex,"Greg Desgroseilliers has dealt with repeat flooding inside his Toronto apartment, but he doesn’t live in a flood plain nor is it the result of thunderous rain storms. His place floods when his neighbours use the shared laundry room.",https://www.cbc.ca/news/canada/toronto/rexdale-tenant-rentsafetto-concerns-1.7555537,https://i.cbc.ca/1.7555546.1749337308!/fileImage/httpImage/image.jpg_gen/derivatives/16x9_1180/toronto-greg-desgroseilliers-rexdale-apartment.jpg?im=Resize%3D620,,"Greg Desgroseilliers has dealt with repeat flooding inside his Toronto apartment, but he doesn't live in a flood plain nor is it the result of thunderous rain storms.
His place floods when his neigh… [+3519 chars]",,"Mieter in Rexdale fordern die Stadt auf, gegen die schlechten Bedingungen im Apartmentkomplex vorzugehen. Greg Desgroseilliers hatte in seiner Wohnung in Toronto wiederholt mit Überschwemmungen zu kämpfen, aber er lebt weder in einem Überschwemmungsgebiet, noch ist es die Folge heftiger Regenstürme. Seine Wohnung wird überschwemmt, als seine Nachbarn die gemeinsame Waschküche benutzen.","Rexdale renters urge city to crack down on poor conditions at apartment complex. Greg Desgroseilliers has dealt with repeat flooding inside his Toronto apartment, but he doesn’t live in a flood plain nor is it the result of thunderous rain storms. His place floods when his neighbours use the shared laundry room.","Rexdale renters urbem suadent ut condiciones pauperum in complexu diaetae resiliant. Greg Desgroseilliers iteratas inundationes intra suum Toronto diaetam egit, sed in diluvio campo non vivit nec evenit tempestatum tonitruorum pluviarum. Locus eius inundat cum proximis utantur loci communi lauandi.",2026-01-07 21:55:04+00:00
4c4d11d849b39fbe8e9f38a6f35544db,2025-06-08T03:45:54Z,'flooding',english.khabarhub.com,en,0.0,"Flood Division warns of rising river levels, advises caution","KATHMANDU: The Flood Forecasting Division under the Department of Hydrology and Meteorology has issued a warning about possible flooding today (Sunday). According to the Division’s bulletin, there is a risk of flooding in rivers and streams across eight distr…",https://english.khabarhub.com/2025/08/475170/,https://i0.wp.com/english.khabarhub.com/wp-content/uploads/2024/09/bagmati-flood-3.jpg?fit=2048%2C1365&ssl=1,,"KATHMANDU: The Flood Forecasting Division under the Department of Hydrology and Meteorology has issued a warning about possible flooding today (Sunday).
According to the Division’s bulletin, there i… [+971 chars]",,Flood Division warnt vor steigenden Flusspegeln und rät zur Vorsicht. KATHMANDU: Die Abteilung für Hochwasservorhersage der Abteilung für Hydrologie und Meteorologie hat heute (Sonntag) eine Warnung vor möglichen Überschwemmungen herausgegeben. Dem Bulletin der Abteilung zufolge besteht die Gefahr von Überschwemmungen in Flüssen und Bächen in acht Distrikten.,"Flood Division warns of rising river levels, advises caution. KATHMANDU: The Flood Forecasting Division under the Department of Hydrology and Meteorology has issued a warning about possible flooding today (Sunday). According to the Division’s bulletin, there is a risk of flooding in rivers and streams across eight distr…","Diluvium Diluvium praemonet ortu fluminis gradus, praemonet cautelam. KATHMANDU: Diluvium Praedictio Division sub Department of Hydrologiae et Meteorologiae praemonuit de inundatione hodie fieri (Dominica). Secundum bulletin divisionis periculum est inundationis in rivis et per octo distr.",2026-01-07 21:55:04+00:00
1563546690f17ce6ec772e0e5afbae6f,2025-06-08T04:01:31Z,'flooding storm',timesofindia.indiatimes.com,en,0.0,‘Need to upgrade the drainage infrastructure’: 140 dogs struggle through night to stay alive at flooded dhapa pound; KMC officials absent as stormwater inundates kennels,"Heavy rainfall caused severe flooding at Kolkata's Dhapa dog pound, endangering approximately 140 stray dogs. The facility, located in a low-lying area, is prone to flooding during monsoons. Attendants and security worked tirelessly through the night to manag…",https://timesofindia.indiatimes.com/city/kolkata/need-to-upgrade-the-drainage-infrastructure-140-dogs-struggle-through-night-to-stay-alive-at-flooded-dhapa-pound-kmc-officials-absent-as-stormwater-inundates-kennels/articleshow/121703336.cms,"https://static.toiimg.com/thumb/msid-121703389,width-1070,height-580,imgsize-1259970,resizemode-75,overlay-toi_sw,pt-32,y_pad-40/photo.jpg",,Dazzling pics of Aishwarya Lekshmi,,"„Die Entwässerungsinfrastruktur muss modernisiert werden“: 140 Hunde kämpfen die ganze Nacht über ums Überleben im überfluteten Dhapa-Hund; KMC-Beamte abwesend, da Regenwasser Zwinger überschwemmt. Heftige Regenfälle führten zu schweren Überschwemmungen im Dhapa-Hundehof in Kalkutta und brachten etwa 140 streunende Hunde in Gefahr. Die Anlage liegt in einem tief gelegenen Gebiet und ist während des Monsuns anfällig für Überschwemmungen. Das Personal und der Sicherheitsdienst arbeiteten die ganze Nacht unermüdlich daran, das Problem zu lösen.","‘Need to upgrade the drainage infrastructure’: 140 dogs struggle through night to stay alive at flooded dhapa pound; KMC officials absent as stormwater inundates kennels. Heavy rainfall caused severe flooding at Kolkata's Dhapa dog pound, endangering approximately 140 stray dogs. The facility, located in a low-lying area, is prone to flooding during monsoons. Attendants and security worked tirelessly through the night to manag…","'Opus est ad substructionem infrastructuram upgrade: 140 canes per noctem contendunt ut vivant in dhapa libra inundata remaneant; KMC magistratus absentes ut procellae cubilia inundat. Imbribus gravis inundatio apud Kolkata's Dhapa canem minam gravem effecit, in periculo circiter 140 canes errant. Facilitas in area humili posita prona est ad inundationem in ETESIA. Attendentes et securitatem per noctem indefesse laboraverunt ut manag…",2026-01-07 21:55:04+00:00
dceb4d845333b23a99e22861fea07099,2025-06-08T06:29:34Z,'floods',economictimes.indiatimes.com,en,0.0,"Court ordered removal of this slum, no one can defy court orders: Delhi CM Rekha Gupta on demolition of Madrasi Camp","Delhi Chief Minister Rekha Gupta defended the Madrasi Camp demolition, stating it complied with court orders to clear the Barapulla drain and prevent floods. She claimed residents were relocated and criticized AAP for politicizing the issue, questioning who w…",https://economictimes.indiatimes.com/news/india/court-ordered-removal-of-this-slum-no-one-can-defy-court-orders-delhi-cm-rekha-gupta-on-demolition-of-madrasi-camp/articleshow/121704513.cms,"https://img.etimg.com/thumb/msid-121704535,width-1200,height-630,imgsize-39332,overlay-economictimes/articleshow.jpg",,Delhi Chief Minister Rekha Gupta on Sunday said that the demolition drive conducted at Madrasi Camp was action taken in strict compliance with court directives. She stated that the court had ordered … [+2714 chars],,"Das Gericht ordnete die Räumung dieses Slums an, niemand kann sich den Gerichtsbeschlüssen widersetzen: Delhi CM Rekha Gupta über den Abriss des Madrasi Camps. Der Ministerpräsident von Delhi, Rekha Gupta, verteidigte den Abriss des Madrasi-Lagers und erklärte, es sei den Gerichtsbeschlüssen zur Räumung des Barapulla-Abflusses und zur Verhinderung von Überschwemmungen nachgekommen. Sie behauptete, Bewohner seien umgesiedelt worden und kritisierte AAP dafür, dass sie das Thema politisierte und fragte, wer …","Court ordered removal of this slum, no one can defy court orders: Delhi CM Rekha Gupta on demolition of Madrasi Camp. Delhi Chief Minister Rekha Gupta defended the Madrasi Camp demolition, stating it complied with court orders to clear the Barapulla drain and prevent floods. She claimed residents were relocated and criticized AAP for politicizing the issue, questioning who w…","Curia huius pergulae amotionem iubet, nemo ordines curiales detrectare potest: Delhi CM Rekha Gupta in demolitione Castra Madrasi. Delhi dux minister Rekha Gupta Madrasi Castra demolitione defendit dicens ei obtemperasse mandatis iudicibus Barapullam exhaurire et diluvia prohibere. incolas ponebat collocabant et reprehendebant AAP ad quaestionem politicam faciendam, quaerendo quisnam w…",2026-01-07 21:55:04+00:00
ca4641daea9597eed397e1c3ec8920c3,2025-06-08T13:00:09Z,'deluge',www.boredpanda.com,en,0.0,"New Cast For Harry, Hermione And Ron For Upcoming Harry Potter Series Divides The Internet","""Protect them from the deluge of hate they're about to get.""",https://www.boredpanda.com/lead-actors-announced-for-new-harry-potter-series-hbo-msn/,https://www.boredpanda.com/blog/wp-content/uploads/2025/05/fb_image_68362069d8660.png,,"Article created by: Lei RV
After months of speculation, HBO has officially unveiled the young actors who will bring the trio of Harry Potter, Hermione Granger, and Ron Weasley to life for its highly… [+5795 chars]",,"Neue Besetzung von Harry, Hermine und Ron für die kommende Harry-Potter-Serie spaltet das Internet. „Schützen Sie sie vor der Flut des Hasses, die ihnen bevorsteht.“","New Cast For Harry, Hermione And Ron For Upcoming Harry Potter Series Divides The Internet. ""Protect them from the deluge of hate they're about to get.""","New Cast For Harry, Hermione And Ron For Upcoming Harry Potter Series Divis the Internet. ""Protege eos a diluvio odii quod inventuri sunt.""",2026-01-07 21:55:04+00:00
c400c9a26fca1d5e79e8ff13a938badb,2025-06-08T14:07:19Z,'flooding',www.cbsnews.com,en,0.0,Tropical Storm Barbara forms off the southwestern coast of Mexico,Two to four inches of rainfall in portions of Mexico's western states may lead to flooding and mudslides through Monday.,https://www.cbsnews.com/news/tropical-storm-hurricane-barbara-coast-mexico/,https://assets2.cbsnewsstatic.com/hub/i/r/2025/06/08/3d6e68ad-cdf9-4459-b43b-637946f545fe/thumbnail/1200x630/e10163bbd3da0e4232ec0efa5c2af95b/barbara-hurricane-tropical-storm.png?v=8e774d26301ae5e7a27489083c0cf8b6,,"Tropical Storm Barbara has formed off the coast of Southwestern Mexico, the National Hurricane Center in Miami said Sunday.
There are no coastal watches or warnings in effect.
Two to four inches of… [+1100 chars]",,Der Tropensturm Barbara bildet sich vor der Südwestküste Mexikos. In Teilen der westlichen Bundesstaaten Mexikos können 5 bis 10 cm Niederschlag bis Montag zu Überschwemmungen und Schlammlawinen führen.,Tropical Storm Barbara forms off the southwestern coast of Mexico. Two to four inches of rainfall in portions of Mexico's western states may lead to flooding and mudslides through Monday.,Tropical Storm Barbara forms off oram Mexici meridiem occidentalem. Duae ad quattuor digitos pluviae in partibus occidentalium civitatum Mexici per Lunae inundationem et mudslides ducere possunt.,2026-01-07 21:55:04+00:00
8fd2c7e6538a6466b2631f0fa127c11e,2025-06-08T15:05:54Z,'flooding',www.tmz.com,en,0.0,"Keith Urban, Shaboozey, Wynonna Judd and More Perform at CMA Fest 2025","CMA Fest 2025 took over Nashville this weekend, flooding the city with country music’s biggest stars, rising talent, and thousands of fans for epic performances. The festival brought together some of the biggest names in country music for a…",https://www.tmz.com/2025/06/08/keith-urban-shaboozey-wynonna-judd-cma-fest-nashville/,https://imagez.tmz.com/image/1a/16by9/2025/06/08/1a9a0a8f3d044809852cbb062c18b854_xl.jpg,,"CMA Fest 2025 took over Nashville this weekend, flooding the city with country musics biggest stars, rising talent, and thousands of fans for epic performances.
The festival brought together some of… [+884 chars]",,"Keith Urban, Shaboozey, Wynonna Judd und mehr treten beim CMA Fest 2025 auf. Das CMA Fest 2025 eroberte an diesem Wochenende Nashville und überschwemmte die Stadt mit den größten Stars der Country-Musik, aufstrebenden Talenten und Tausenden von Fans für epische Auftritte. Das Festival brachte einige der größten Namen der Country-Musik für ein… zusammen.","Keith Urban, Shaboozey, Wynonna Judd and More Perform at CMA Fest 2025. CMA Fest 2025 took over Nashville this weekend, flooding the city with country music’s biggest stars, rising talent, and thousands of fans for epic performances. The festival brought together some of the biggest names in country music for a…","Keith Urban, Shaboozey, Wynonna Judd et More Perform in CMA Fest 2025. CMA Fest 2025 Nashville hoc weekend inundans urbem cum maximis astris musicis rusticanis inundans, talentum et mille fabularum epicorum spectaculis inundans. Sollemnitas nonnulla ex maximis nominibus rusticorum musicorum in unum collegit...",2026-01-07 21:55:04+00:00
fb4afe128885e3b565910f841399c8e0,2025-06-08T21:03:28Z,'flooding disaster',www.abc.net.au,en,0.0,Flooded-out family discovers more than 30 snakes upon return,"Mud and mould aren't the only issues facing those returning home after major flooding in northern NSW, as animals take refuge in flood-impacted properties.",https://www.abc.net.au/news/2025-06-09/snakes-spiders-issues-confronting-flood-residents-returning/105379498,https://live-production.wcms.abc-cdn.net.au/221fdba440d7a7b4ab80288cfcedf5d6?impolicy=wcms_watermark_news&cropH=955&cropW=1698&xPos=0&yPos=45&width=862&height=485&imformat=generic,,"Mud and mould are not the only issues facing those returning to their homes after major flooding on the New South Wales Mid North Coast.
Clybucca resident Julie Botfield was evacuated by boat with t… [+4840 chars]",,"Überschwemmte Familie entdeckt bei ihrer Rückkehr mehr als 30 Schlangen. Schlamm und Schimmel sind nicht die einzigen Probleme, mit denen diejenigen konfrontiert sind, die nach einer großen Überschwemmung im Norden von New South Wales nach Hause zurückkehren, da Tiere Zuflucht in von Überschwemmungen betroffenen Grundstücken suchen.","Flooded-out family discovers more than 30 snakes upon return. Mud and mould aren't the only issues facing those returning home after major flooding in northern NSW, as animals take refuge in flood-impacted properties.","Inundata familia plus quam 30 serpentes in reditu invenit. Lutum et fingunt solae quaestiones non sunt quae domum redeuntes post maiorem inundationem in NSW septentrionali sunt, sicut animalia ad proprietates diluvii impactas confugiunt.",2026-01-07 21:55:04+00:00
9c292470b7fff7b0899302bc6fc442b7,2025-06-08T23:25:21Z,'flooding rain',consent.yahoo.com,en,0.0,Heavy rain causing flooding problems for Boardman neighborhood,,https://consent.yahoo.com/v2/collectConsent?sessionId=1_cc-session_520b592e-cc0a-4d3e-9076-d790a9330d6e,,,"If you click 'Accept all', we and our partners, including 241 who are part of the IAB Transparency &amp; Consent Framework, will also store and/or access information on a device (in other words, use … [+714 chars]",,Starker Regen verursacht Überschwemmungsprobleme im Stadtteil Boardman. Nan,Heavy rain causing flooding problems for Boardman neighborhood. nan,Imbribus gravibus inundationes difficultates pro vicinitate Boardman causando. nan,2026-01-07 21:55:04+00:00
93849915da5e9374b783098487be8f97,2025-06-09T02:19:57Z,'flooding',economictimes.indiatimes.com,en,0.0,Karnataka rains: Life in northern districts affected as heavy downpour causes water logging,"Heavy rainfall lashed several districts in northern Karnataka on Sunday, ending a week-long dry spell. The brief but intense downpours led to flooding in Dharwad, Belagavi, Gadag, Koppal, and Raichur, causing waterlogged streets, inundated homes, and traffic …",https://economictimes.indiatimes.com/news/india/karnataka-rains-life-in-northern-districts-affected-after-heavy-downpour-causes-water-logging/articleshow/121715907.cms,"https://img.etimg.com/thumb/msid-121715998,width-1200,height-630,imgsize-64380,overlay-economictimes/articleshow.jpg",,"Several districts in northern Karnataka received heavy rainfall on Sunday after a week's dry spell. Though short-lived, these rain spells caused flooding and damage in several districts including Dha… [+1226 chars]",,"Regenfälle in Karnataka: Leben in nördlichen Bezirken beeinträchtigt, da starker Regenguss zu Staunässe führt. Heftige Regenfälle haben am Sonntag mehrere Bezirke im Norden Karnatakas heimgesucht und eine wochenlange Trockenperiode beendet. Die kurzen, aber heftigen Regenfälle führten zu Überschwemmungen in Dharwad, Belagavi, Gadag, Koppal und Raichur, was zu überschwemmten Straßen, überschwemmten Häusern und Stau führte …","Karnataka rains: Life in northern districts affected as heavy downpour causes water logging. Heavy rainfall lashed several districts in northern Karnataka on Sunday, ending a week-long dry spell. The brief but intense downpours led to flooding in Dharwad, Belagavi, Gadag, Koppal, and Raichur, causing waterlogged streets, inundated homes, and traffic …","Karnataka pluit: Vita in regionibus septentrionalibus tam gravis pluvia affecta aquam logging facit. Imbribus gravis pluviae aliquot regiones in Karnataka septentrionali die Dominico detruserunt, finemque hebdomadis longae incantationis aridae fecerunt. Breves sed vehementes imbres ad inundationem in Dharwad, Belagavi, Gadag, Koppal et Raichur ducti sunt, plateas umores causantes, domos inundatas, et negotiationes …",2026-01-07 21:55:04+00:00
836b8cdca35e898d9b73f7525bd05236,2025-06-09T03:07:14Z,'floods',economictimes.indiatimes.com,en,0.0,"Assam floods and landslides claim 3 more lives, toll rises to 26","Devastating floods and landslides in Assam have tragically claimed three more lives, bringing the total death toll to 26 this year. The flood situation is gradually improving, but nearly 2.60 lakh people across 11 districts remain affected. Relief efforts are…",https://economictimes.indiatimes.com/news/india/assam-floods-and-landslides-claim-3-more-lives-toll-rises-to-26/articleshow/121716935.cms,"https://img.etimg.com/thumb/msid-121716937,width-1200,height-630,imgsize-14928,overlay-economictimes/articleshow.jpg",,"Floods and landslides in Assam claimed three more lives on Sunday, raising the total death toll to 26 this year, officials said.According to the reports of Assam State Disaster Management Authority (… [+1915 chars]",,"Überschwemmungen und Erdrutsche in Assam fordern drei weitere Todesopfer, die Zahl steigt auf 26. Verheerende Überschwemmungen und Erdrutsche in Assam haben auf tragische Weise drei weitere Todesopfer gefordert, sodass sich die Gesamtzahl der Todesopfer in diesem Jahr auf 26 erhöht. Die Überschwemmungssituation verbessert sich allmählich, aber fast 2,60 Lakh Menschen in 11 Bezirken sind weiterhin betroffen. Hilfsmaßnahmen sind…","Assam floods and landslides claim 3 more lives, toll rises to 26. Devastating floods and landslides in Assam have tragically claimed three more lives, bringing the total death toll to 26 this year. The flood situation is gradually improving, but nearly 2.60 lakh people across 11 districts remain affected. Relief efforts are…","Assam inundationes et proruit 3 plures vitas, vectigal surgit 26. Inundationes vastantes et ruinae in Assam tres alias vitas tragice vindicarunt, totalem mortis thelonei usque ad annum 26 afferentes. Status diluvii paulatim improvidus est, sed fere 2.60 lakh homines per 11 regiones affectus manent. Relevium conatus sunt…",2026-01-07 21:55:04+00:00
d76bbee656247bdbfdc58c1d0ad6bfc3,2025-06-09T05:09:07Z,'floods',thehillstimes.in,en,0.0,"Assam Flood Situation Improves, But Death Toll Rises to 26","HT DIGITAL GUWAHATI, JUNE 9: The flood situation in Assam showed signs of improvement on Sunday, though the death toll climbed to 26 after three more fatalities were reported. According to officials, the number of people affected by the floods has dropped to …",https://thehillstimes.in/assam/assam-flood-situation-improves-but-death-toll-rises-to-26,https://thehillstimes.in/wp-content/uploads/2024/07/assam-floods-state-urges-central-team-for-ndrf-funds-130-lakh-people-affected-in-10-districts-1721496319020-16_9.webp,,"HT DIGITAL
GUWAHATI, JUNE 9: The flood situation in Assam showed signs of improvement on Sunday, though the death toll climbed to 26 after three more fatalities were reported. According to officials… [+1835 chars]",,"Die Überschwemmungssituation in Assam verbessert sich, aber die Zahl der Todesopfer steigt auf 26. HT DIGITAL GUWAHATI, 9. JUNI: Die Überschwemmungssituation in Assam zeigte am Sonntag Anzeichen einer Verbesserung, obwohl die Zahl der Todesopfer auf 26 stieg, nachdem drei weitere Todesfälle gemeldet wurden. Nach offiziellen Angaben ist die Zahl der von den Überschwemmungen betroffenen Menschen auf … gesunken.","Assam Flood Situation Improves, But Death Toll Rises to 26. HT DIGITAL GUWAHATI, JUNE 9: The flood situation in Assam showed signs of improvement on Sunday, though the death toll climbed to 26 after three more fatalities were reported. According to officials, the number of people affected by the floods has dropped to …","Assam Diluvium Situs Improves, Sed Mors Toll resurgit ad 26. HT DIGITAL GUWAHATI, JUNIUS 9: Diluvium situm in Assam signa emendationis die Dominico ostendit, quamquam mors thelonei ad 26 post tres plures fata delata est. Secundum magistratus, numerus hominum diluviis affectus in ... decidit.",2026-01-07 21:55:04+00:00
d57393458672a5e9cfca6e22d2e3e625,2025-06-09T08:00:01Z,'flooding',www.newsweek.com,en,0.0,Maps Show Homes Most At Risk of Damage As Hurricane Season Starts,Millions of homes across the U.S. face risk of damage from hurricane-force winds and storm-surge flooding this year.,https://www.newsweek.com/maps-show-homes-most-risk-damage-hurricane-season-starts-2080234,https://d.newsweek.com/en/full/2658903/hurricane-season.jpg,,"Millions of homes in Florida, Texas, North Carolina, New Jersey, and New York are at risk of suffering billions of dollars in storm-related and hurricane-wind damage this storm season, according to a… [+8460 chars]",,"Karten zeigen Häuser, die zu Beginn der Hurrikansaison am stärksten von Schäden bedroht sind. Millionen von Häusern in den USA sind in diesem Jahr von Schäden durch Hurrikanwinde und Sturmfluten bedroht.",Maps Show Homes Most At Risk of Damage As Hurricane Season Starts. Millions of homes across the U.S. face risk of damage from hurricane-force winds and storm-surge flooding this year.,"Maps ostende domos maxime in periculo damni, sicut Procellae Season incipit. Inundantia decies centena millia domorum per Americae faciei periculum damni ex ventorum vi ventorum et fluctuum tempestatum hoc anno inundatione.",2026-01-07 21:55:04+00:00
450c9878f604a1e87f49df85f0dd5ba6,2025-06-09T09:45:29Z,'floods',english.khabarhub.com,en,0.0,BP Highway still crumbling with monsoon at the doorstep,"KATHMANDU: Nepal’s BP Highway, the shortest and one of the most vital links between the capital Kathmandu and eastern Nepal, is in a state of severe disrepair, primarily due to repeated monsoon floods, landslides, and rampant overuse by overloaded vehicles. T…",https://english.khabarhub.com/2025/09/475520/,https://i0.wp.com/english.khabarhub.com/wp-content/uploads/2025/05/BP-Highway44.jpg?fit=1200%2C643&ssl=1,,"KATHMANDU: Nepals BP Highway, the shortest and one of the most vital links between the capital Kathmandu and eastern Nepal, is in a state of severe disrepair, primarily due to repeated monsoon floods… [+2160 chars]",,"Der BP Highway bröckelt immer noch wegen des Monsuns vor der Haustür. KATHMANDU: Nepals BP Highway, die kürzeste und eine der wichtigsten Verbindungen zwischen der Hauptstadt Kathmandu und Ostnepal, ist in einem Zustand des starken Verfalls, der vor allem auf wiederholte Monsunüberschwemmungen, Erdrutsche und die grassierende Überbeanspruchung durch überladene Fahrzeuge zurückzuführen ist. T…","BP Highway still crumbling with monsoon at the doorstep. KATHMANDU: Nepal’s BP Highway, the shortest and one of the most vital links between the capital Kathmandu and eastern Nepal, is in a state of severe disrepair, primarily due to repeated monsoon floods, landslides, and rampant overuse by overloaded vehicles. T…","BP via adhuc in limine putri ETESIA. KATHMANDU: Nepal's BP via, brevissima et una e vitalibus nexus inter capitale Kathmandu et Nepal orientale, in statu gravi defectio est, praesertim ob crebras inundationes monstruosas, prostrationes, et superusus vehiculis cumulantibus. T…",2026-01-07 21:55:04+00:00
22b957592eeb21811aa6e6011bb9857e,2025-06-09T11:29:49Z,'flooding',weather.com,en,0.0,"Rounds Of Rain Could Trigger Flooding In Texas, Oklahoma",Rounds of rain could trigger flooding across parts of Texas and Oklahoma this week as a cold front stalls and interacts with some upper-level energy...,https://weather.com/forecast/regional/video/rounds-of-rain-could-trigger-flooding-in-texas-oklahoma,https://s.yimg.com/ny/api/res/1.2/zumUyVOKCTW09e__p8XC9Q--/YXBwaWQ9aGlnaGxhbmRlcjt3PTEyMDA7aD02NzU-/https://media.zenfs.com/en/the_weather_channel_videos_110/83dc5fa02b560e9a5749e367bd934d7d,,Rounds of rain could trigger flooding across parts of Texas and Oklahoma this week as a cold front stalls and interacts with some upper-level energy. Wednesday and Thursday look to be the wettest day… [+154 chars],,"Regenschauer könnten in Texas, Oklahoma, Überschwemmungen auslösen. Regenrunden könnten diese Woche Überschwemmungen in Teilen von Texas und Oklahoma auslösen, da eine Kaltfront ins Stocken gerät und mit einigen Energiequellen der oberen Ebene interagiert ...","Rounds Of Rain Could Trigger Flooding In Texas, Oklahoma. Rounds of rain could trigger flooding across parts of Texas and Oklahoma this week as a cold front stalls and interacts with some upper-level energy...","Rounds Of Pluvia Trigger inundatio in Texas, Oklahoma. Imbrium circuitus felis per partes Texas et Oklahoma inundare potuit hac septimana sicut ante praesepia frigida et mutua cum industria aliqua superioris gradus...",2026-01-07 21:55:04+00:00
1c3c3a54b6fbbfbde7e3162b842a08a3,2025-06-09T14:00:00Z,'floods',journals.plos.org,en,0.0,BanglaNewsClassifier: A machine learning approach for news classification in Bangla Newspapers using hybrid stacking classifiers,"Bangla news floods the web, and the need for smarter and more efficient classification techniques is greater than ever. Previous studies mostly focused on traditional models, overlooking the potential of hybrid techniques to handle the ever-growing complex da…",https://journals.plos.org/plosone/article?id=10.1371/journal.pone.0321291,https://journals.plos.org/plosone/article/figure/image?id=10.1371/journal.pone.0321291.g016&size=inline,,"Abstract
Bangla news floods the web, and the need for smarter and more efficient classification techniques is greater than ever. Previous studies mostly focused on traditional models, overlooking th… [+74575 chars]",,BanglaNewsClassifier: Ein maschineller Lernansatz zur Nachrichtenklassifizierung in Bangla-Zeitungen unter Verwendung hybrider Stapelklassifikatoren. Nachrichten aus Bangla überschwemmen das Internet und der Bedarf an intelligenteren und effizienteren Klassifizierungstechniken ist größer denn je. Frühere Studien konzentrierten sich hauptsächlich auf traditionelle Modelle und übersahen das Potenzial hybrider Techniken zur Bewältigung der ständig wachsenden komplexen Daten …,"BanglaNewsClassifier: A machine learning approach for news classification in Bangla Newspapers using hybrid stacking classifiers. Bangla news floods the web, and the need for smarter and more efficient classification techniques is greater than ever. Previous studies mostly focused on traditional models, overlooking the potential of hybrid techniques to handle the ever-growing complex da…","BanglaNewsClassifier: Apparatus discendi accessus ad classificationem nuntiorum in Bangla Ephemerides utentes classificas hybridarum positis. Bangla nuntiorum telam inundat, et necessitas technicis technicis peritior et efficacior classificationis maior est quam umquam. Studia priora in exemplaribus traditis maxime feruntur, neglectis technicis potentiae hybridis ad tractandum complexum da…",2026-01-07 21:55:04+00:00
f904e53aa063386934f9dd672dbc6c70,2025-06-09T14:00:00Z,'flooding',journals.plos.org,en,0.0,Environmental data provide marginal benefit for predicting climate adaptation,Author summary Populations of natural and cultivated plant and animal populations will be affected by more extreme climate events such as drought and flooding in the future. We explore whether characterization of the environment-of-origin of each accession in…,https://journals.plos.org/plosgenetics/article?id=10.1371/journal.pgen.1011714,https://journals.plos.org/plosgenetics/article/figure/image?id=10.1371/journal.pgen.1011714.g005&size=inline,,"Citation: Li F, Gates DJ, Buckler ES, Hufford MB, Janzen GM, Rellán-Álvarez R, et al. (2025) Environmental data provide marginal benefit for predicting climate adaptation. PLoS Genet 21(6):
 e101171… [+72298 chars]",,"Umweltdaten bieten einen marginalen Nutzen für die Vorhersage der Klimaanpassung. Zusammenfassung des Autors Populationen natürlicher und kultivierter Pflanzen- und Tierpopulationen werden in Zukunft von extremeren Klimaereignissen wie Dürre und Überschwemmungen betroffen sein. Wir untersuchen, ob die Charakterisierung der Herkunftsumgebung jedes Beitritts in…",Environmental data provide marginal benefit for predicting climate adaptation. Author summary Populations of natural and cultivated plant and animal populations will be affected by more extreme climate events such as drought and flooding in the future. We explore whether characterization of the environment-of-origin of each accession in…,Data environmentalia marginales beneficium praebent ad adaptationem climatis praenuntiandam. Auctor summatim Multitudines rerum naturalium et cultarum plantarum et animalium incolarum gravioribus eventibus climatis afficientur sicut siccitas et inundatio in futurum. Investigamus num characterisatio ambitus originis cuiusque accessionis in…,2026-01-07 21:55:04+00:00
b20317aa1fe3400fab24e3db0ec62f80,2025-06-09T16:20:18Z,'flooding evacuation',newsonjapan.com,en,0.0,Torrential Rain Triggers Flood Warnings Across Japan,"A series of regions across Honshu have officially entered the rainy season, with heavy rainfall prompting urgent alerts, especially in Kagoshima where flooding from an overflowing river has submerged homes up to thigh level. (News On Japan)",https://newsonjapan.com/article/146100.php,https://i2.ytimg.com/vi/hO3f8jhP6Ks/mqdefault.jpg,,"TOKYO, Jun 10 (News On Japan) -
 A series of regions across Honshu have officially entered the rainy season, with heavy rainfall prompting urgent alerts, especially in Kagoshima where flooding from … [+1862 chars]",,"Sintflutartiger Regen löst in ganz Japan Überschwemmungswarnungen aus. Eine Reihe von Regionen in ganz Honshu sind offiziell in die Regenzeit eingetreten, wobei heftige Regenfälle dringende Alarme auslösen, insbesondere in Kagoshima, wo die Überschwemmungen eines überlaufenden Flusses Häuser bis zur Oberschenkelhöhe überschwemmt haben. (Neuigkeiten über Japan)","Torrential Rain Triggers Flood Warnings Across Japan. A series of regions across Honshu have officially entered the rainy season, with heavy rainfall prompting urgent alerts, especially in Kagoshima where flooding from an overflowing river has submerged homes up to thigh level. (News On Japan)","Torrentia Pluviae Triggers Diluvium Admonitiones Per Iaponiam. Series regionum trans Honshu officialiter tempus pluviosum ingressus est, cum pluviae magnae urgentes in summis montibus urgent, praesertim in Kagoshima ubi inundatio ab inundatione fluminis domos usque ad femur gradum submersa est. (News On Japan)",2026-01-07 21:55:04+00:00
3d5d84f9a592811f522650cdc9e80b8b,2025-06-09T21:00:00Z,'flooding climate change',wattsupwiththat.com,en,0.0,"Seattle Times Climate Lab Misinforms about Climate Change, Sea-Level Rise, and Seattle Flooding","The Seattle Times makes the unfounded claim that human-caused global warming is a major driver of the flooding....suggesting that the major flood of December 17, 2022, demonstrates that this neighborhood is ""on the front lines of climate change"".",https://wattsupwiththat.com/2025/06/09/seattle-times-climate-lab-misinforms-about-climate-change-sea-level-rise-and-seattle-flooding/,https://i0.wp.com/wattsupwiththat.com/wp-content/uploads/2025/06/Screenshot-2025-06-09-075118.webp?fit=1024%2C512&ssl=1,,"From the Cliff Mass Weather Blog
Demonstrably false information, serious science errors, and continuing misinformation.  
Yes, we are talking about another Seattle Times ClimateLab article.  Climat… [+3716 chars]",,"Das Seattle Times Climate Lab informiert falsch über Klimawandel, Meeresspiegelanstieg und Überschwemmungen in Seattle. Die Seattle Times stellt die unbegründete Behauptung auf, dass die vom Menschen verursachte globale Erwärmung ein wesentlicher Auslöser der Überschwemmungen sei … und legt nahe, dass die große Überschwemmung vom 17. Dezember 2022 zeigt, dass dieses Viertel „an vorderster Front des Klimawandels“ steht.","Seattle Times Climate Lab Misinforms about Climate Change, Sea-Level Rise, and Seattle Flooding. The Seattle Times makes the unfounded claim that human-caused global warming is a major driver of the flooding....suggesting that the major flood of December 17, 2022, demonstrates that this neighborhood is ""on the front lines of climate change"".","Tempora Seattle Clima Lab misinformes de Clima Mutatione, Sea-Level Surge, et Seattle Diluvium. Tempora Seattla vanam affirmant humanam calefactionem globalem effectam maiorem esse inundationis agitatorem.... monens maiorem diluvium die 17 Decembris 2022 demonstrat hanc viciniam esse ""in frontes mutationis climatis"".",2026-01-07 21:55:04+00:00
466ccbcbe7339c3cea91d3ae9c4fb689,2025-06-09T21:00:00Z,'flooding',cheezburger.com,en,0.0,"Vancouver man defends his wife and mother-in-law from garage-blocking neighbor, Christopher, applying for dozens of minimum-wage jobs and flooding the guy’s phone with offers from entry-level fast food gigs: ‘I applied for over 80 jobs for him’","When a grown man finds himself stepping up to defend his mother-in-law from a neighbor, you know someone out there has really broken the unspoken code of city living. After all, few situations demand such drastic measures unless a stranger's behavior has gone…",https://cheezburger.com/40932101/vancouver-man-defends-his-wife-and-mother-in-law-from-garage-blocking-neighbor-christopher-applying,https://i.chzbgr.com/thumb1200/40932101/h85B47622/the-guys-phone-with-offers-from-entry-level-fast-food-gigs-i-applied-for-over-80-jobs-for-him,,"When a grown man finds himself stepping up to defend his mother-in-law from a neighbor, you know someone out there has really broken the unspoken code of city living. After all, few situations demand… [+1269 chars]",,"Ein Mann aus Vancouver verteidigt seine Frau und Schwiegermutter davor, dass sein Nachbar Christopher die Garage blockiert, sich auf Dutzende Mindestlohnjobs bewirbt und das Telefon des Mannes mit Angeboten von Fast-Food-Einsteigern überschwemmt: „Ich habe mich auf über 80 Jobs für ihn beworben.“ Wenn ein erwachsener Mann seine Schwiegermutter vor einem Nachbarn verteidigt, wissen Sie, dass jemand da draußen wirklich gegen die unausgesprochenen Regeln des Stadtlebens verstoßen hat. Schließlich erfordern nur wenige Situationen so drastische Maßnahmen, es sei denn, das Verhalten eines Fremden ist verschwunden …","Vancouver man defends his wife and mother-in-law from garage-blocking neighbor, Christopher, applying for dozens of minimum-wage jobs and flooding the guy’s phone with offers from entry-level fast food gigs: ‘I applied for over 80 jobs for him’. When a grown man finds himself stepping up to defend his mother-in-law from a neighbor, you know someone out there has really broken the unspoken code of city living. After all, few situations demand such drastic measures unless a stranger's behavior has gone…","Vancouver homo suam uxorem et socrum suam a garage impediendo proximo defendit, Christophorus, adhibitis pro justo minimorum mercaturae jobs et inundationem Guidonis telephonicii cum oblationibus ab ingressu cibariorum ieiunii gigas: 'de LXXX jobs pro eo applicavi'. Cum homo adultus se ingreditur ad defendendum socrum suam a proximo, scis aliquem de illic re vera tacitum codicem civitatis civitatis fractum esse. Post omnes, paucae condiciones exigunt tam acrem consilium nisi alienae conversationis ratio excesserit…",2026-01-07 21:55:04+00:00
277f9799db49535e19c68c327ee95f38,2025-06-10T06:00:00Z,'floods',www.naturalnews.com,en,0.0,Climate change skepticism in floods: Aussie farmers push back against climate dogma,"NSW farmers reject climate alarmism despite record floods, citing centuries of natural variability. Stalled high-pressure system blamed for extreme rains — part of weather cycles, not CO2 trends. Dairy farmer Craig Emerton highlights historical evidence of pa…",https://www.naturalnews.com/2025-06-10-aussie-farmers-push-back-against-climate-dogma.html,https://www.naturalnews.com/wp-content/uploads/sites/91/2025/06/Climate-change-withered-tree-and-dry-earth-1.jpeg,,"<ul><li>NSW farmers reject climate alarmism despite record floods, citing centuries of natural variability.</li><li>Stalled high-pressure system blamed for extreme rains part of weather cycles, not C… [+4448 chars]",,"Klimaskepsis bei Überschwemmungen: Australische Landwirte wehren sich gegen das Klimadogma. Landwirte in NSW lehnen den Klimaalarmismus trotz Rekordüberschwemmungen ab und verweisen auf jahrhundertelange natürliche Schwankungen. Ins Stocken geratenes Hochdrucksystem wird für extreme Regenfälle verantwortlich gemacht – Teil von Wetterzyklen, nicht von CO2-Trends. Der Milchbauer Craig Emerton hebt historische Beweise für die… hervor.","Climate change skepticism in floods: Aussie farmers push back against climate dogma. NSW farmers reject climate alarmism despite record floods, citing centuries of natural variability. Stalled high-pressure system blamed for extreme rains — part of weather cycles, not CO2 trends. Dairy farmer Craig Emerton highlights historical evidence of pa…","Clima mutatio scepticismi in inundationibus: Aussie agricolae contra dogma climatis repellunt. NSW agricolae terrorismum climatis reiciunt obstante record diluvia, centurias variabilitatis naturalis afferentes. Ratio pressurae stabulantur summus culpatus est propter imbres extremas - pars tempestatum circuitus, non trends CO2. Craig agricola lacticiniis Emerton historicis argumentis pa…",2026-01-07 21:55:04+00:00
0d7cc9d65ddfbad3573b0de47d5944c2,2025-06-10T12:17:08Z,'floods',www.forbes.com,en,0.0,"Disaster Recovery For Property Owners After Fires, Floods, And Storms","When a natural disaster destroys a property, the owner may receive an insurance payout.",https://www.forbes.com/sites/fredhubler/2025/06/10/disaster-recovery-for-property-owners-after-fires-floods-and-storms/,https://imageio.forbes.com/specials-images/imageserve/684821d0fdb4b008fc9b6ff8/0x0.jpg?format=jpg&height=900&width=1600&fit=bounds,,"For rental property owners who lose property to a natural disaster, insurance proceeds can trigger a taxable event, leading to upwards of 30% owed in capital gains taxes. Those who lost property in r… [+6830 chars]",,"Katastrophenhilfe für Immobilieneigentümer nach Bränden, Überschwemmungen und Stürmen. Wenn eine Naturkatastrophe eine Immobilie zerstört, kann der Eigentümer eine Versicherungsleistung erhalten.","Disaster Recovery For Property Owners After Fires, Floods, And Storms. When a natural disaster destroys a property, the owner may receive an insurance payout.","Calamitas Recuperatio pro dominis post incendia, flumina, procellas. Cum naturalis clades proprietatem destruit, dominus exsolvere assecurationis potest.",2026-01-07 21:55:04+00:00
2863065d5882b4a414da54d7623df8a2,2025-06-10T12:50:58Z,'floods',www.npr.org,en,0.0,Homes are increasingly at risk from floods. Elevation can help,"Climate change is raising the risk of dangerous flooding, especially in coastal communities. For some towns on the Jersey Shore, the most practical solution is raising homes off the ground.",https://www.npr.org/2025/06/10/nx-s1-5340707/homes-new-jersey-elevation-flooding-climate-change,https://npr.brightspotcdn.com/dims3/default/strip/false/crop/3020x1699+0+112/resize/1400/quality/100/format/jpeg/?url=http%3A%2F%2Fnpr-brightspot.s3.amazonaws.com%2F3b%2F7a%2F65d045494f0aaaf5f27f6356f9fa%2F359a7286-copy.jpg,,"Climate change shapes where and how we live. That's why NPR is dedicating a week to stories about solutions for building and living on a hotter planet.
When Superstorm Sandy slammed into the Jersey … [+9587 chars]",,"Häuser sind durch Überschwemmungen zunehmend gefährdet. Höhe kann helfen. Der Klimawandel erhöht das Risiko gefährlicher Überschwemmungen, insbesondere in Küstengemeinden. Für einige Städte an der Küste von Jersey besteht die praktischste Lösung darin, Häuser auf den Boden zu stellen.","Homes are increasingly at risk from floods. Elevation can help. Climate change is raising the risk of dangerous flooding, especially in coastal communities. For some towns on the Jersey Shore, the most practical solution is raising homes off the ground.","Domos magis magisque periculum ex diluviis habent. Elevatio adiuvare potest. Mutatio climatis periculum inundationis periculosae, praesertim in communitatibus maritimis, suscitat. Aliquot oppida in litore Jersey, solutio utilissima est domos de terra erigere.",2026-01-07 21:55:04+00:00
1b9e5dcf17f50120281c676bca036017,2025-06-10T15:46:00Z,'flooding military',e360.yale.edu,en,0.0,How Restored Wetlands Can Protect Europe from Russian Invasion,"The flooding of a Ukraine’s Irpin valley thwarted Russia’s assault on Kyiv in 2022. Now, scientists are proposing Europe create a band of restored and protected wetlands along its eastern borders to deter future Russian aggression, and military strategists ar…",https://e360.yale.edu/features/europe-wetland-defense,https://yale-threesixty.transforms.svdcdn.com/production/Moshchun-Tank_Getty-HEADER.jpg?w=1200&q=60&auto=format&fit=max&dm=1749582249&s=f6d86865e8193eabf2f8a6b3e4227519,,"In February 2022, as Russian forces launched their invasion of Ukraine, an unlikely weapon shielded Kyiv, the nation’s capital, from swift defeat: a restored wetland. The attackers advanced from Bela… [+14667 chars]",,"Wie wiederhergestellte Feuchtgebiete Europa vor der russischen Invasion schützen können. Die Überschwemmung des Irpin-Tals in der Ukraine hat Russlands Angriff auf Kiew im Jahr 2022 vereitelt. Jetzt schlagen Wissenschaftler vor, dass Europa entlang seiner Ostgrenzen einen Streifen wiederhergestellter und geschützter Feuchtgebiete schaffen soll, um künftige russische Aggressionen abzuschrecken, und Militärstrategen sind …","How Restored Wetlands Can Protect Europe from Russian Invasion. The flooding of a Ukraine’s Irpin valley thwarted Russia’s assault on Kyiv in 2022. Now, scientists are proposing Europe create a band of restored and protected wetlands along its eastern borders to deter future Russian aggression, and military strategists ar…","Quomodo humidae redditae ab Invasione Russica Europam tueri possunt. Inundatio Irpin convallis Ucrainae impetum Russiae in Kyiv in 2022. Impedivit iam, docti proponunt Europam cohortem humidarum restauratarum et defendentium in finibus orientis ad deterrendum futurum impugnationem Russiae, et strategistae militares ar…",2026-01-07 21:55:04+00:00
6d488b38330d77dbb37ac0d3d29803f3,2025-06-10T16:25:42Z,'flooding',www.insurancejournal.com,en,0.0,Kansas Insurance Commissioner to Visit Butler County After Widespread Flooding Event,"Kansas Insurance Commissioner Vicki Schmidt and Kansas Department of Insurance staff will be on-site Tuesday, June 10 in El Dorado to assist Kansans affected by widespread flooding in Butler County, the department said. KDI staff will assist with insurance cl…",https://www.insurancejournal.com/news/midwest/2025/06/10/826965.htm,https://www.insurancejournal.com/img/social/opengraph/ij-social-flood-1200x630.png,,"Kansas Insurance Commissioner Vicki Schmidt and Kansas Department of Insurance staff will be on-site Tuesday, June 10 in El Dorado to assist Kansans affected by widespread flooding in Butler County, … [+495 chars]",,"Kansas Insurance Commissioner besucht Butler County nach großflächiger Überschwemmung. Die Versicherungskommissarin von Kansas, Vicki Schmidt, und Mitarbeiter des Kansas Department of Insurance werden am Dienstag, dem 10. Juni, in El Dorado vor Ort sein, um den Einwohnern von Kansas zu helfen, die von den weit verbreiteten Überschwemmungen im Butler County betroffen sind, teilte das Ministerium mit. KDI-Mitarbeiter helfen Ihnen bei Versicherungsfragen.","Kansas Insurance Commissioner to Visit Butler County After Widespread Flooding Event. Kansas Insurance Commissioner Vicki Schmidt and Kansas Department of Insurance staff will be on-site Tuesday, June 10 in El Dorado to assist Kansans affected by widespread flooding in Butler County, the department said. KDI staff will assist with insurance cl…","Kansas Insurance LEGATUS visitare Butler Comitatus post latos inundationes Vicis. Kansas Insurance Commissarius Vicki Schmidt et Kansas Department of Insurance virgam in-situm die Martis, Iunii X in El Dorado erunt, ut Kansans in inundatione in Comitatu Butlerii comitatus late affectus, department dixit. KDI virgam adiuvaret cum assecurationis cl ...",2026-01-07 21:55:04+00:00
e641f91e7e35fd9d115754640ef5239f,2025-06-10T16:47:00Z,'flooding disruption',www.thestar.com.my,en,0.0,7 killed in Eastern Cape floods in South Africa,"CAPE TOWN, June 10 (Xinhua) -- Seven people have been killed by heavy floods in the Eastern Cape Province of South Africa, with search operations still underway for missing schoolchildren after a minibus was swept away, the local government confirmed Tuesday.…",https://www.thestar.com.my/news/world/2025/06/11/7-killed-in-eastern-cape-floods-in-south-africa,https://cdn.thestar.com.my/Themes/img/newTsol_logo_socmedia.png,,"CAPE TOWN, June 10 (Xinhua) -- Seven people have been killed by heavy floods in the Eastern Cape Province of South Africa, with search operations still underway for missing schoolchildren after a min… [+1455 chars]",,"7 Tote bei Überschwemmungen am Ostkap in Südafrika. KAPSTADT, 10. Juni (Xinhua) – Sieben Menschen sind bei schweren Überschwemmungen in der Provinz Ostkap in Südafrika ums Leben gekommen. Die Suche nach vermissten Schulkindern ist noch im Gange, nachdem ein Kleinbus weggeschwemmt wurde, bestätigte die lokale Regierung am Dienstag.","7 killed in Eastern Cape floods in South Africa. CAPE TOWN, June 10 (Xinhua) -- Seven people have been killed by heavy floods in the Eastern Cape Province of South Africa, with search operations still underway for missing schoolchildren after a minibus was swept away, the local government confirmed Tuesday.…","7 inundationes in Africa Australi in Promontorio Orientali occisae. PROMONTORIUM, die 10 Iunii (Xinhua) -- Septem homines in Promontorio Orientali Provinciae Africae Australis gravibus inundationibus interfecti sunt, cum quaesitis adhuc negotiis comparatis pro liberis scholis post minibus raptis, regimen locale Martis confirmatum est.",2026-01-07 21:55:04+00:00
05b68f7fc159d634377edfe62e1a3f55,2025-06-10T17:35:04Z,'floods',www.bbc.com,en,0.0,Schoolchildren swept away as heavy floods and snow hit South Africa,"Three children have been found alive, with search and rescue operations suspended for the night.",https://www.bbc.com/news/articles/c93lvxglykeo,https://ichef.bbci.co.uk/news/1024/branded_news/7949/live/0d550ca0-45ff-11f0-8841-c1be515a1d03.jpg,,"Khanyisile Ngcobo
A minibus carrying schoolchildren has been swept away by heavy flooding in South Africa, a spokesperson for the Eastern Cape provincial government has told the BBC. 
Khuselwa Rant… [+2386 chars]",,"Schulkinder wurden davongeschwemmt, als schwere Überschwemmungen und Schnee über Südafrika hereinbrachen. Drei Kinder wurden lebend aufgefunden, die Such- und Rettungsaktionen wurden für die Nacht eingestellt.","Schoolchildren swept away as heavy floods and snow hit South Africa. Three children have been found alive, with search and rescue operations suspended for the night.","Pueri pueri graves inundationes et nives Africam Meridionalem feriunt. Tres pueri vivi inventi sunt, cum operationibus quaesitis et liberandis noctu suspensis.",2026-01-07 21:55:04+00:00
eaf5a4914969eb02bab183905389da29,2025-06-10T17:50:01Z,'flooding insurance',phys.org,en,0.0,Low-income homeowners in flood zones risk becoming 'climate prisoners',"Climate change-related flooding poses growing systemic threats to the British residential property market, insurance sector and mortgage lending system, academics have warned.",https://phys.org/news/2025-06-income-homeowners-zones-climate-prisoners.html,https://scx2.b-cdn.net/gfx/news/hires/2024/flood-1.jpg,,"Climate change-related flooding poses growing systemic threats to the British residential property market, insurance sector and mortgage lending system, academics have warned.
Researchers at Bayes B… [+6046 chars]",,"Hausbesitzer mit niedrigem Einkommen in Überschwemmungsgebieten laufen Gefahr, zu „Klimagefangenen“ zu werden. Wissenschaftler warnen, dass klimawandelbedingte Überschwemmungen eine wachsende systemische Bedrohung für den britischen Wohnimmobilienmarkt, den Versicherungssektor und das Hypothekenkreditsystem darstellen.","Low-income homeowners in flood zones risk becoming 'climate prisoners'. Climate change-related flooding poses growing systemic threats to the British residential property market, insurance sector and mortgage lending system, academics have warned.","Humili reditus homeowners in zonas diluvii periculum fiebant 'captivi climatis'. Clima mutationis inundationis relatas ponit minas systemicas crescentes ad mercatum proprietatis residentiale Britannicum, sector assecurationis et hypothecae mutui, academici monuerunt.",2026-01-07 21:55:04+00:00
11ed19e6f6a007cce89a6019cd61c24d,2025-06-11T12:10:16Z,'flooding',www.bbc.com,en,0.0,First heat-health alerts issued for 2025 while storms bring flood risk,"Lightning, hail, gusty winds and flash flooding are likely to affect parts of the UK over the next few days",https://www.bbc.com/weather/articles/c4grkg27269o,https://ichef.bbci.co.uk/ace/branded_weather/1200/cpsprodpb/7542/live/7856e070-46c0-11f0-84b6-6bf0f66205f1.jpg,,"The first yellow heat-health alerts have been issued for 2025 while the Met Office is also warning of thunderstorms which will bring frequent lightning, gusty winds, hail and torrential downpours.
S… [+495 chars]",,"Erste Hitzewarnungen für 2025 herausgegeben, da Stürme Überschwemmungsgefahr mit sich bringen. Blitze, Hagel, böige Winde und Sturzfluten dürften in den nächsten Tagen Teile des Vereinigten Königreichs heimsuchen","First heat-health alerts issued for 2025 while storms bring flood risk. Lightning, hail, gusty winds and flash flooding are likely to affect parts of the UK over the next few days","Primae summae valetudinis caloris 2025 editae sunt, dum procellae periculum inundationis afferunt. Fulmina, grando, venti procellosi et inundationes micare verisimile est partes UK per paucos dies afficere",2026-01-07 21:55:04+00:00
41293661ce8cf3b6990cab80e8d6be95,2025-06-11T15:52:00Z,'flooding death',timesofindia.indiatimes.com,en,0.0,"49 killed in South African flooding, children missing","The death toll from flooding in eastern parts of South Africa has risen to 49, including four children on a school bus that was swept away, a provincial governor said Wednesday. The dead included four children on a school minibus bus carrying 13 people that w…",https://timesofindia.indiatimes.com/world/rest-of-world/49-killed-in-south-african-flooding-children-missing/articleshow/121782991.cms,"https://static.toiimg.com/thumb/msid-121783004,width-1070,height-580,imgsize-121746,resizemode-75,overlay-toi_sw,pt-32,y_pad-40/photo.jpg",,"Deepika and Ranveer in ethnic elegance: the couple wrapped in Royalty, Aristocracy in Bollywood",,"49 Tote bei Überschwemmungen in Südafrika, Kinder werden vermisst. Die Zahl der Todesopfer durch Überschwemmungen in den östlichen Teilen Südafrikas ist auf 49 gestiegen, darunter vier Kinder in einem weggeschwemmten Schulbus, sagte ein Provinzgouverneur am Mittwoch. Zu den Toten gehörten vier Kinder in einem Schulbus mit 13 Personen, die getötet wurden.","49 killed in South African flooding, children missing. The death toll from flooding in eastern parts of South Africa has risen to 49, including four children on a school bus that was swept away, a provincial governor said Wednesday. The dead included four children on a school minibus bus carrying 13 people that w…","49 in inundatione Africae Australis interfecta, filii desunt. Mortuus vectigal ex inundatione in partibus orientalibus Africae Australis orta est 49, cum quattuor pueris in schola bus raptis, praesidens provincialis Mercurii dixit. Mortui quattuor pueri in schola minibus bus portantes 13 homines, qui w…",2026-01-07 21:55:04+00:00
cb4d904500e58c30c8e65466ffdfe137,2025-06-11T16:21:26Z,'flooding disruption',wccftech.com,en,0.0,"Lutnick: “We Are Not Giving China Our Best Chips,” Concedes That China Has Refused To Budge On The Issue Of Fentanyl Precursors","Details surrounding the broad-based framework agreement reached between the US and China in London on Tuesday are finally flooding in today, indicating some concessions to China on the stranglehold around silicon chips and a moderation in the US stance toward…",https://wccftech.com/lutnick-we-are-not-giving-china-our-best-chips-concedes-that-china-has-refused-to-budge-on-the-issue-of-fentanyl-precursors/,https://cdn.wccftech.com/wp-content/uploads/2025/06/China-Rare-Earths.jpeg,,"This is not investment advice. The author has no position in any of the stocks mentioned. Wccftech.com has a disclosure and ethics policy.
Details surrounding the broad-based framework agreement rea… [+4811 chars]",,"Lutnick: „Wir geben China nicht unser Bestes“, räumt ein, dass China sich geweigert hat, in der Frage der Fentanyl-Vorläufer nachzugeben. Details rund um die am Dienstag in London erzielte breit angelegte Rahmenvereinbarung zwischen den USA und China strömen heute endlich ans Licht und deuten auf einige Zugeständnisse an China im Würgegriff um Siliziumchips und eine Mäßigung der US-Haltung gegenüber … hin.","Lutnick: “We Are Not Giving China Our Best Chips,” Concedes That China Has Refused To Budge On The Issue Of Fentanyl Precursors. Details surrounding the broad-based framework agreement reached between the US and China in London on Tuesday are finally flooding in today, indicating some concessions to China on the stranglehold around silicon chips and a moderation in the US stance toward…","Lutnick: ""Nostrum Optimum Chips Sinis non dant,"" Concedit Sina noluisse Budge in Exitu Fentanyl Praecursores. Singula circum compage latae fundationis pactum inter Civitates Foederatas et Sinas Londinii die Martis perventum sunt, hodie demum inundant, significans aliquas concessiones Sinae in strangulatu circa astulas silicones ac moderationem in substantia US versus…",2026-01-07 21:55:04+00:00
9952155110eead47dae3aaa0e53a809b,2025-06-11T17:07:54Z,'flooding death',www.aljazeera.com,en,0.0,"At least 49 dead in South Africa flooding, students washed away in bus",Officials say death toll expected to rise as authorities launch search operation in the country's Eastern Cape province.,https://www.aljazeera.com/news/2025/6/11/at-least-49-dead-in-south-africa-flooding-students-washed-away-in-bus,https://www.aljazeera.com/wp-content/uploads/2025/06/AP25161655496544-1749659533.jpg?resize=1920%2C1440,,"At least 49 people have died in heavy flooding in South Africas Eastern Cape province after an extreme cold front brought torrential rain and blanketed snow in parts of the country, officials said.
… [+1737 chars]",,"Mindestens 49 Tote bei Überschwemmung in Südafrika, Studenten wurden in Bus weggeschwemmt. Beamte gehen davon aus, dass die Zahl der Todesopfer steigen wird, da die Behörden eine Suchaktion in der Provinz Ostkap des Landes starten.","At least 49 dead in South Africa flooding, students washed away in bus. Officials say death toll expected to rise as authorities launch search operation in the country's Eastern Cape province.","Saltem 49 mortui in Africa Australi inundatione, discipuli bus abluuntur. Magistratus dicunt portorium mortis expectatum ut auctoritates deducunt quaerendi operationem in provincia orientali patriae Promontorii.",2026-01-07 21:55:04+00:00
32dbab0ce4352cfb2ec4f7bdf9659e41,2025-06-11T20:15:00Z,'floods',www.scientificamerican.com,en,0.0,"Animals Expend 76,000 Gigajoules of Energy Sculpting Our Planet Every Year","This tally of animals’ effect on Earth’s geology, equivalent to that of thousands of extreme floods, most likely is an underestimate",https://www.scientificamerican.com/article/animals-expend-76-000-gigajoules-of-energy-sculpting-our-planet-every-year/,https://static.scientificamerican.com/dam/m/d3a851934f99304/original/sa070825Adva07.jpg?m=1749502849.41&w=1200,,"Earth’s surface is a work forever in progress. Boulders tumble down mountain slopes raised by colliding tectonic plates. Glaciers grind the boulders into dust. Wind, rain and rivers carry that dust t… [+3346 chars]",,"Tiere verbrauchen jedes Jahr 76.000 Gigajoule Energie, um unseren Planeten zu formen. Diese Bilanz der Auswirkungen von Tieren auf die Geologie der Erde, die der von Tausenden extremen Überschwemmungen entspricht, ist höchstwahrscheinlich eine Unterschätzung","Animals Expend 76,000 Gigajoules of Energy Sculpting Our Planet Every Year. This tally of animals’ effect on Earth’s geology, equivalent to that of thousands of extreme floods, most likely is an underestimate","Animalia expendere 76,000 gigajoules de Energy Sculpting Our Planet quotannis. Hoc tale effectum in geologia Telluris animalium, aequivalens millium inundationum extremarum, verisimile est minoris aestimationis",2026-01-07 21:55:04+00:00
b1e925af1a913f43d9ffba815d16fd2a,2025-06-11T20:41:54Z,'floods',comicbook.com,en,0.0,"Death Stranding 2 Gameplay Trailer Teases Floods, Earthquakes, And Lots of Action",Death Stranding 2 has gotten a brand new gameplay trailer that sets the stage for what players are going to encounter in the new game. Hideo Kojima made his name on creating really great stealth/action games where sneaking around and taking out henchmen was t…,http://comicbook.com/gaming/news/death-stranding-2-gameplay-trailer-earthquake-flood-combat/,"https://comicbook.com/wp-content/uploads/sites/4/2025/05/Death-Stranding-2.jpg?resize=2000,1125",,Death Stranding 2 has gotten a brand new gameplay trailer that sets the stage for what players are going to encounter in the new game. Hideo Kojima made his name on creating really great stealth/acti… [+2985 chars],,"Der Gameplay-Trailer zu Death Stranding 2 kündigt Überschwemmungen, Erdbeben und jede Menge Action an. Death Stranding 2 hat einen brandneuen Gameplay-Trailer erhalten, der den Rahmen dafür bereitet, was die Spieler im neuen Spiel erwartet. Hideo Kojima machte sich einen Namen mit der Entwicklung wirklich großartiger Stealth-/Action-Spiele, bei denen es darauf ankam, herumzuschleichen und Handlanger auszuschalten.","Death Stranding 2 Gameplay Trailer Teases Floods, Earthquakes, And Lots of Action. Death Stranding 2 has gotten a brand new gameplay trailer that sets the stage for what players are going to encounter in the new game. Hideo Kojima made his name on creating really great stealth/action games where sneaking around and taking out henchmen was t…","Mors Stranding II Ludus Trailer Teases Diluvium, Terraemotus, Ac Sortes Actionis. Mors Stranding 2 accepit novam lusoriam trailer quae scaenam ponit pro eo quod histriones in novo ludo congressuri sunt. Hideo Kojima nomen suum fecit in creando vere magnum furtum/actionem ludos, ubi furtim circumdedit et tollens satellites erat t…",2026-01-07 21:55:04+00:00
3c88d45b542ed91aa520aa51dd5a5937,2025-06-11T22:29:06Z,'flooding',www.tmz.com,en,0.0,Viral Cruise Crooner Sensation Tyler Heyworth Says Ladies Are Flooding His DMs,"Cruise crooner by night, certified heartthrob by morning -- the guy who's gone viral for his karaoke banger on a cruise tells TMZ he’s riding a whole new wave ... ladies flooding his DMs! 20-year-old Tyler Heyworth from Georgia turned his…",https://www.tmz.com/2025/06/11/carnival-cruise-tyler-heyworth-karaoke-ladies-viral-tiktok/,https://imagez.tmz.com/image/7a/16by9/2025/06/11/7a873469679746268e65dcc933b4a8c2_xl.jpg,,"Cruise crooner by night, certified heartthrob by morning -- the guy who's gone viral for his karaoke banger on a cruise tells TMZ hes riding a whole new wave ... ladies flooding his DMs!
20-year-old… [+1024 chars]",,"Viral Cruise Crooner Sensation Tyler Heyworth sagt, dass Damen seine DMs überschwemmen. Nachts Kreuzfahrtsänger, morgens zertifizierter Frauenschwarm – der Typ, der mit seinem Karaoke-Knaller auf einer Kreuzfahrt viral gegangen ist, erzählt TMZ, dass er auf einer ganz neuen Welle reitet … Damen überschwemmen seine DMs! Der 20-jährige Tyler Heyworth aus Georgia verwandelte seinen…","Viral Cruise Crooner Sensation Tyler Heyworth Says Ladies Are Flooding His DMs. Cruise crooner by night, certified heartthrob by morning -- the guy who's gone viral for his karaoke banger on a cruise tells TMZ he’s riding a whole new wave ... ladies flooding his DMs! 20-year-old Tyler Heyworth from Georgia turned his…","De Viris Illustribus Cruise Crooner Sensus Tyler Heyworth dicit Dominae eius Dms inundantes. Cruise crooner de nocte, throb nuntiatus mane - the guy qui abiit viral pro karaoke banger in cruise narrat TMZ se totum novum undam equitare... dominas suas DMs inundantes! XX annos Tyler Heyworth ex Georgia suum convertit ...",2026-01-07 21:55:04+00:00
9bc3b516ae1039550fc40f0ffe650944,2025-06-12T00:29:23Z,'flooding residents',www.cbc.ca,en,0.0,City of Dawson Creek warns residents to prepare for floods even as wildfires loom,"'Hydroclimate whiplash' becoming more common as prolonged drought fuels fires, flooding.",https://www.cbc.ca/news/canada/british-columbia/city-says-crews-are-preparing-for-possible-flash-flooding-and-encouraged-residents-to-do-the-same-1.7558925,https://i.cbc.ca/1.7558984.1749687134!/fileImage/httpImage/image.jpg_gen/derivatives/16x9_1180/dawson-creek.jpg?im=Resize%3D620,,"The City of Dawson Creek is warning residents of potential flooding in the coming days, a risk made worse by ongoing drought and wildfires in the region.
Environment Canada is forecasting showers st… [+1952 chars]",,"Die Stadt Dawson Creek warnt die Bewohner, sich auf Überschwemmungen vorzubereiten, auch wenn Waldbrände drohen. „Hydroklima-Schleudertrauma“ kommt immer häufiger vor, da anhaltende Dürreperioden zu Bränden und Überschwemmungen führen.","City of Dawson Creek warns residents to prepare for floods even as wildfires loom. 'Hydroclimate whiplash' becoming more common as prolonged drought fuels fires, flooding.","Urbs Dawson Creek incolas monet ut inundationes etiam sicut ignes feris appareant. 'Hydroclimate flagello' frequentius fiebat, quod diuturnis siccitatibus focum incendiis inundans.",2026-01-07 21:55:04+00:00
c7d6835d100553ce81e2f0c41c279ec0,2025-06-12T01:00:00Z,'floods',wattsupwiththat.com,en,0.0,"Mainstream Media Blames Climate Change for Nigeria’s Floods, Ignores Urban Planning Failures","In order to emphasize a speculative climate connection, the AP and NBC completely ignored glaring urban infrastructure issues that other outlets have rightly recognized as being the main factors in Nigeria’s recent floods. Based on the limited data that exist…",https://wattsupwiththat.com/2025/06/11/mainstream-media-blames-climate-change-for-nigerias-floods-ignores-urban-planning-failures/,https://i0.wp.com/wattsupwiththat.com/wp-content/uploads/2025/06/charlesrotter_development_in_nigeria_midjourney.webp?fit=1024%2C512&ssl=1,,"From ClimateREALISM
Screen capture of the region surrounding Mokwa, Niger State, Nigeria, on Google Earth.By Linnea Lueken
A recent article, written by the Associated Press (AP) and carried by NBC,… [+6381 chars]",,"Die Mainstream-Medien machen den Klimawandel für die Überschwemmungen in Nigeria verantwortlich und ignorieren städtebauliche Fehler. Um einen spekulativen Zusammenhang mit dem Klima hervorzuheben, ignorierten AP und NBC eklatante städtische Infrastrukturprobleme völlig, die andere Medien zu Recht als Hauptfaktoren für die jüngsten Überschwemmungen in Nigeria erkannt haben. Basierend auf den begrenzten verfügbaren Daten …","Mainstream Media Blames Climate Change for Nigeria’s Floods, Ignores Urban Planning Failures. In order to emphasize a speculative climate connection, the AP and NBC completely ignored glaring urban infrastructure issues that other outlets have rightly recognized as being the main factors in Nigeria’s recent floods. Based on the limited data that exist…","Mainstream Media Blames Climate Mutationem in Diluvium Nigeria, Urbanum Negotium Consilii Ignores. Ad nexum climatis speculativum illustrandam, AP et NBC prorsus neglecta sunt quaestiones urbanarum infrastructurarum quae aliae exitus recte agnoscuntur principales factores in inundationibus Nigeriae recentibus. Ex limitata notitia quae est ...",2026-01-07 21:55:04+00:00
23b7a2d90de7d8d13b103d2d6f4e20b4,2025-06-12T04:11:53Z,'floods',english.khabarhub.com,en,0.0,DHM issues weather alert for flash floods and landslides in Doti and Dadeldhura,"KATHMANDU: The Department of Hydrology and Meteorology (DHM) has issued a weather alert following moderate to heavy rainfall in several parts of far-western Nepal over the past 1 to 3 hours. Rainfall monitoring centers at Pashchim Seti and Dipayal in Doti, an…",https://english.khabarhub.com/2025/12/476375/,https://english.khabarhub.com/wp-content/uploads/2020/02/heavy-rain-thunderstorm.jpg,,"KATHMANDU: The Department of Hydrology and Meteorology (DHM) has issued a weather alert following moderate to heavy rainfall in several parts of far-western Nepal over the past 1 to 3 hours.
Rainfal… [+984 chars]",,"DHM gibt Wetterwarnung für Sturzfluten und Erdrutsche in Doti und Dadeldhura heraus. KATHMANDU: Das Ministerium für Hydrologie und Meteorologie (DHM) hat eine Wetterwarnung herausgegeben, nachdem es in den letzten 1 bis 3 Stunden in mehreren Teilen im äußersten Westen Nepals zu mäßigen bis starken Regenfällen gekommen war. Niederschlagsüberwachungszentren in Pashchim Seti und Dipayal in Doti, einem…","DHM issues weather alert for flash floods and landslides in Doti and Dadeldhura. KATHMANDU: The Department of Hydrology and Meteorology (DHM) has issued a weather alert following moderate to heavy rainfall in several parts of far-western Nepal over the past 1 to 3 hours. Rainfall monitoring centers at Pashchim Seti and Dipayal in Doti, an…","DHM tempestatibus alacer exit ad diluvia et prolapsus in Doti et Dadeldhura. KATHMANDU: Department of Hydrologiae et Meteorologiae (DHM) tempestatem intenti moderatum secutus est ad graves pluvias in pluribus partibus Nepal longe occidentis per past 1 ad 3 horas edidit. Pluvia vigilantia sedium in Pashchim Seti et Dipayal in Doti, an…",2026-01-07 21:55:04+00:00
f9f8f3cd24e8c700216e8f95bd0b3785,2025-06-12T05:02:27Z,'flooding',www.insurancejournal.com,en,0.0,The Trump Administration Keeps Denying Disaster Preparedness Aid to States,"The Trump administration is increasingly skipping a form of federal disaster aid that helps states better prepare for future storms, flooding and wildfires. The Federal Emergency Management Agency rejected requests for such resiliency money, known as Hazard M…",https://www.insurancejournal.com/news/national/2025/06/12/827246.htm,https://www.insurancejournal.com/app/uploads/2025/06/Poplar-Bluff-Missouri-trailer-park-Bloomberg-scaled.jpg,,"The Trump administration is increasingly skipping a form of federal disaster aid that helps states better prepare for future storms, flooding and wildfires.
The Federal Emergency Management Agency r… [+4076 chars]",,"Die Trump-Administration verweigert Staaten weiterhin Hilfe bei der Katastrophenvorsorge. Die Trump-Administration verzichtet zunehmend auf eine Form der Katastrophenhilfe des Bundes, die Staaten dabei hilft, sich besser auf künftige Stürme, Überschwemmungen und Waldbrände vorzubereiten. Die Federal Emergency Management Agency lehnte Anträge auf solche Resilienzgelder, bekannt als Hazard M…, ab.","The Trump Administration Keeps Denying Disaster Preparedness Aid to States. The Trump administration is increasingly skipping a form of federal disaster aid that helps states better prepare for future storms, flooding and wildfires. The Federal Emergency Management Agency rejected requests for such resiliency money, known as Hazard M…","BUCINUM Administration negat malum praeparatio auxilium ad Americae. BUCINUM administratio magis magisque transiliens formam calamitatis foederatae adiuvat quae civitates adiuvat melius praeparare futuras tempestates, inundationes et incendia. Foederati Emergency Management Agency petitiones reiecerunt ad talem pecuniam invictam, quae Hazard M…",2026-01-07 21:55:04+00:00
61b756994dd08a9c8d3e691a01fc5f3e,2025-06-12T07:24:21Z,'flooding damage',www.thejournal.ie,en,0.0,Thunderstorms to hit as Met Éireann issues status yellow rain warning for 20 counties,"There is at threat of localised flooding, lightning damage and difficulnderstravel conditions.",https://www.thejournal.ie/thunderstorms-met-eireann-status-yellow-6730674-Jun2025/,https://img2.thejournal.ie/article/6730674/river/?height=400&version=6730732,,"MET ÉIREANN HAS issued a status yellow rain warning for 20 counties as heavy rainfall is set to hit the country today.
The national weather forecaster is warning of localised flooding and scattered … [+1358 chars]",,"Es drohen Gewitter, da Met Éireann für 20 Landkreise eine gelbe Regenwarnung herausgibt. Es drohen örtliche Überschwemmungen, Blitzschäden und erschwerte Verkehrsbedingungen.","Thunderstorms to hit as Met Éireann issues status yellow rain warning for 20 counties. There is at threat of localised flooding, lightning damage and difficulnderstravel conditions.","Tonitruum ferire ut Met Éireann exit status pluviae flavae admonitionis pro 20 comitatus. Est in comminatione localis inundationis, fulguris damni et condiciones difficulnderstravel.",2026-01-07 21:55:04+00:00
c9a966c8dd6dd028f4a97e6996bc7083,2025-06-12T09:00:00Z,'flooding area',www.npr.org,en,0.0,Live in a hurricane-prone area? Here's how to prepare your home for flooding,"If you're worried about flooding this hurricane season, here are some ways to harden your home with flooding and climate change in mind.",https://www.npr.org/2025/06/12/nx-s1-5340714/protect-home-business-hurricane-flooding-floods-disaster,https://npr.brightspotcdn.com/dims3/default/strip/false/crop/3900x2194+0+26/resize/1400/quality/100/format/jpeg/?url=http%3A%2F%2Fnpr-brightspot.s3.amazonaws.com%2F44%2F09%2Fd33f6ba4443b95575ce28d83e270%2Fgettyimages-2177097692.jpg,,"Climate change shapes where and how we live. That's why NPR is dedicating a week to stories about solutions for building and living on a hotter planet.
After floodwaters destroyed Steve Papola's hom… [+5385 chars]",,"Lebst du in einem hurrikangefährdeten Gebiet? So bereiten Sie Ihr Zuhause auf eine Überschwemmung vor. Wenn Sie in dieser Hurrikansaison Angst vor Überschwemmungen haben, finden Sie hier einige Möglichkeiten, wie Sie Ihr Zuhause vor Überschwemmungen und dem Klimawandel schützen können.","Live in a hurricane-prone area? Here's how to prepare your home for flooding. If you're worried about flooding this hurricane season, here are some ways to harden your home with flooding and climate change in mind.","Vivere in area turbinis-proni? Ecce quam domum tuam ad inundationem praeparas. Si de inundatione tempestatis huius temporis sollicitus es, hic sunt aliquae modi ut domum tuam cum inundatione et mutatione climatis obdurescant.",2026-01-07 21:55:04+00:00
068c89b164df376b107284b6ee2bcf9b,2025-06-12T10:00:00Z,'flooding',www.nbcnews.com,en,0.0,White picket rents: Tenants are flooding the suburbs where they can't afford to buy,Renting is taking off in the suburbs as homeownership remains out of reach for many would-be buyers,https://www.nbcnews.com/business/real-estate/renters-are-flooding-suburbs-cant-afford-buy-homes-rcna211928,"https://media-cldnry.s-nbcnews.com/image/upload/t_nbcnews-fp-1200-630,f_auto,q_auto:best/rockcms/2025-06/250611-homes-suburbs-ch-1721-69f6cf.jpg",,"Renting is taking off in the suburbs as homeownership remains out of reach for many would-be buyers.
Between 2018 and 2023, rentership surged by at least 5 percentage points in 11 out of 20 suburbs … [+5686 chars]",,"Weiße Streikpostenmieten: Mieter überschwemmen die Vororte, in denen sie sich den Kauf nicht leisten können. Die Mieten in den Vororten nehmen zu, da der Erwerb von Wohneigentum für viele potenzielle Käufer unerschwinglich bleibt",White picket rents: Tenants are flooding the suburbs where they can't afford to buy. Renting is taking off in the suburbs as homeownership remains out of reach for many would-be buyers,Locatio alba reddituum: Tenentes suburbia inundant ubi emere non possunt. Locatio suburbana aufert sicut homeownership semoto multos emptores fore,2026-01-07 21:55:04+00:00
0e11e44a85b5a85591140b3da823c817,2025-06-12T10:48:28Z,'flooding',biztoc.com,en,0.0,South Africa Says Death Toll From Flooding Rises to 57,,https://biztoc.com/x/b19c5d9ac1da066b,https://biztoc.com/cdn/b19c5d9ac1da066b_s.webp,,"{ window.open(this.href, '_blank'); }, 200); return false;""&gt;What triggered the U.S.-China trade deal? { window.open(this.href, '_blank'); }, 200); return false;""&gt;Why did oil prices hit a two-mo… [+717 chars]",,"Südafrika sagt, die Zahl der Todesopfer durch Überschwemmungen sei auf 57 gestiegen",South Africa Says Death Toll From Flooding Rises to 57. nan,South Africa dicit mors toll ab inundatione oritur ad 57. nan,2026-01-07 21:55:04+00:00
1428a1a91765219f82b7a831ff24400b,2025-06-12T11:22:39Z,'flooding insurance',www.npr.org,en,0.0,"Public polling on Trump's immigration policies. And, preparing your home for flooding","NPR analyzes the public opinion polling on Trump's immigration policies. And, ways to protect your home from flooding this 2025 hurricane season.",https://www.npr.org/2025/06/12/g-s1-72328/up-first-newsletter-colorado-elections-trump-immigration-policies-fossil-fuels-college-student-loans,https://npr.brightspotcdn.com/dims3/default/strip/false/crop/5568x3132+0+290/resize/1400/quality/100/format/jpeg/?url=http%3A%2F%2Fnpr-brightspot.s3.amazonaws.com%2F5a%2F0f%2F0bc28a9c406ba457c04b75e47f97%2Fgettyimages-2182499321.jpg,,"Good morning. You're reading the Up First newsletter. Subscribe here to get it delivered to your inbox, and listen to the Up First podcast for all the news you need to start your day.
Today's top st… [+6865 chars]",,"Öffentliche Umfrage zu Trumps Einwanderungspolitik. Und bereiten Sie Ihr Zuhause auf Überschwemmungen vor. NPR analysiert die öffentliche Meinungsumfrage zu Trumps Einwanderungspolitik. Und Möglichkeiten, Ihr Zuhause in der Hurrikansaison 2025 vor Überschwemmungen zu schützen.","Public polling on Trump's immigration policies. And, preparing your home for flooding. NPR analyzes the public opinion polling on Trump's immigration policies. And, ways to protect your home from flooding this 2025 hurricane season.","Stipendium publicum in consiliis Nullam Trump est. Ac domum tuam ad inundationem parat. NPR analyses opinionem publicam suffragationem in consiliis initis Trump est. Et, vias tuas ab inundatione 2025 temporis turbinis hanc protege domum.",2026-01-07 21:55:04+00:00
8b5c39c4c0ae0ba5307b0b1bf291cbd5,2025-06-12T11:26:19Z,'floods',abcnews.go.com,en,0.0,Rescuers in South Africa search for the missing after floods as the death toll rises to 57,A government minister says the death toll in floods in South Africa’s Eastern Cape province has risen to 57,https://abcnews.go.com/International/wireStory/rescuers-south-africa-search-missing-after-floods-death-122761587,https://i.abcnewsfe.com/a/01d9b434-e905-4fe0-8292-bc9754ac1f92/wirestory_0735ea4ee61113cdfa83fe44f41ed7b3_16x9.jpg?w=1600,,"CAPE TOWN, South Africa -- The death toll in floods in South Africas Eastern Cape province has risen to 57, a government minister visiting the scene of the disaster said Thursday.
Cooperative Govern… [+2267 chars]",,"Retter in Südafrika suchen nach Überschwemmungen nach Vermissten, da die Zahl der Todesopfer auf 57 gestiegen ist. Ein Minister der Regierung sagt, die Zahl der Todesopfer bei Überschwemmungen in der südafrikanischen Provinz Ostkap sei auf 57 gestiegen",Rescuers in South Africa search for the missing after floods as the death toll rises to 57. A government minister says the death toll in floods in South Africa’s Eastern Cape province has risen to 57,Rescuers in Africa Australi quaerere absentis post inundationes sicut thelonei mortis ad oritur 57. Minister regiminis dicit portorium in inundationibus in provincia Africa Australi in orientali Promontorio orta est 57,2026-01-07 21:55:04+00:00
78d63fc116d0a970854b49e5e9683878,2025-06-12T14:40:32Z,'floods',www.aljazeera.com,en,0.0,"At least 49 dead in South Africa floods, including children",Flooding in South Africa’s Eastern Cape province has killed dozens of people and left hundreds of families homeless.,https://www.aljazeera.com/video/newsfeed/2025/6/12/at-least-49-dead-in-south-africa-floods-including-children,https://www.aljazeera.com/wp-content/uploads/2025/06/image-1749739198.jpg?resize=1920%2C1080&quality=80,,"Toggle Play
At least 49 dead in South Africa floods, including children",,"Mindestens 49 Tote bei Überschwemmungen in Südafrika, darunter Kinder. Bei Überschwemmungen in der südafrikanischen Provinz Ostkap kamen Dutzende Menschen ums Leben und Hunderte Familien wurden obdachlos.","At least 49 dead in South Africa floods, including children. Flooding in South Africa’s Eastern Cape province has killed dozens of people and left hundreds of families homeless.","Saltem 49 in inundationibus Africae Australis mortui, etiam infantes. Inundatio in provincia Africae meridionalis Promontorium Orientale justos hominum occidit et centum familiarum profugos reliquit.",2026-01-07 21:55:04+00:00
4dbd2908877a0ffd8cb638319ef61217,2025-06-12T14:41:17Z,'flooding disruption',financialpost.com,en,0.0,Ivanhoe Slashes Guidance as Part of Copper Mine Restarts,Ivanhoe Mines Ltd. executives told investors on Thursday it’s too soon to provide output guidance for the Kakula copper mine after seismic activity last month caused deep flooding underground and halted operations.,https://financialpost.com/pmn/business-pmn/ivanhoe-slashes-guidance-as-part-of-copper-mine-restarts,https://smartcdn.gprod.postmedia.digital/financialpost/wp-content/uploads/2025/06/ivanhoe-restarts-part-of-congo-copper-mine-impacted-by-flood.jpg,,(Bloomberg) Ivanhoe Mines Ltd. executives told investors on Thursday its too soon to provide output guidance for the Kakula copper mine after seismic activity last month caused deep flooding undergro… [+5476 chars],,"Ivanhoe kürzt Leitlinien im Rahmen der Wiederinbetriebnahme der Kupfermine. Führungskräfte von Ivanhoe Mines Ltd. teilten den Anlegern am Donnerstag mit, dass es zu früh sei, Produktionsprognosen für die Kakula-Kupfermine abzugeben, nachdem seismische Aktivitäten im vergangenen Monat zu tiefen Überschwemmungen im Untergrund geführt und den Betrieb zum Stillstand gebracht hatten.",Ivanhoe Slashes Guidance as Part of Copper Mine Restarts. Ivanhoe Mines Ltd. executives told investors on Thursday it’s too soon to provide output guidance for the Kakula copper mine after seismic activity last month caused deep flooding underground and halted operations.,Ivanhoe Slashes Ductu ut Pars Aeris Me restarts. Ivanhoe Mines Ltd. exsecutores investors in Iovis nuntiaverunt nimis cito ad regimen aeris mei Kakula output providere postquam actio seismica mense ultimo profundo sub terra inundationem effecit et operationes constitit.,2026-01-07 21:55:04+00:00
ea134bb93573d439c7dece20eac909ea,2025-06-12T17:09:50Z,'floods',consent.yahoo.com,en,0.0,"At least 4 dead, 2 missing after torrential rain floods San Antonio",,https://consent.yahoo.com/v2/collectConsent?sessionId=1_cc-session_6ec9097a-8f42-4ad2-bf8e-e4c63471ca28,,,"If you click 'Accept all', we and our partners, including 240 who are part of the IAB Transparency &amp; Consent Framework, will also store and/or access information on a device (in other words, use … [+714 chars]",,"Mindestens 4 Tote, 2 Vermisste nach sintflutartigen Regenfällen in San Antonio. Nan","At least 4 dead, 2 missing after torrential rain floods San Antonio. nan","Saltem 4 mortuus est, 2 post imbres torrentes desunt S. Antonio. nan",2026-01-07 21:55:04+00:00
3d59dd7e811d54e60584a0945a90d1f0,2025-06-12T17:25:44Z,'flooding',nypost.com,en,0.0,"Flash flooding and heavy rain slams San Antonio, leading to rescues, road closures","Roads are closed, and first responders are conducting high-water rescues in the San Antonio area after relentless rain in Texas led to reports of deadly flash flooding, with more rounds of heavy precipitation on the way Thursday.",https://nypost.com/2025/06/12/us-news/flash-flooding-and-heavy-rain-slams-san-antonio-leading-to-rescues-road-closures/,https://nypost.com/wp-content/uploads/sites/2/2025/06/106369061.jpg?quality=75&strip=all&w=1024,,"Roads are closed, and first responders are conducting high-water rescues in the San Antonio area after relentless rain in Texas led to reports of deadly flash flooding, with more rounds of heavy prec… [+6260 chars]",,"Sturzfluten und heftiger Regen verwüsten San Antonio, was zu Rettungseinsätzen und Straßensperrungen führt. Straßen sind gesperrt und Ersthelfer führen Hochwasserrettungen in der Gegend von San Antonio durch, nachdem unerbittlicher Regen in Texas zu Berichten über tödliche Sturzfluten geführt hat und am Donnerstag weitere starke Niederschläge bevorstehen.","Flash flooding and heavy rain slams San Antonio, leading to rescues, road closures. Roads are closed, and first responders are conducting high-water rescues in the San Antonio area after relentless rain in Texas led to reports of deadly flash flooding, with more rounds of heavy precipitation on the way Thursday.","Fulgura inundatio et pluviae slams S. Antonio, ducens ad salvatores, via commissuras. Viae clausae sunt, et primi responsatores aquam altam in San Antonio auxilium agunt, postquam in Texas in Texas imbrem imbrem in magna inundationem ducimus, magis incursiones gravis praecipitationis in itinere  Iovis.",2026-01-07 21:55:04+00:00
93fd804c6653bd7d614ffe1b45d65528,2025-06-12T17:41:40Z,'deluge',siliconangle.com,en,0.0,Databricks launches free tool to streamline enterprise data warehouse migrations,"Continuing a deluge of announcements clustered around making it easier for enterprises to build artificial intelligence-based agents and applications, Databricks Inc. today is wrapping up its Data+AI Summit with Lakebridge, a migration tool intended to simpli…",https://siliconangle.com/2025/06/12/databricks-launches-free-tool-streamline-enterprise-data-warehouse-migrations/,https://d15shllkswkct0.cloudfront.net/wp-content/blogs.dir/1/files/2024/03/Databricks.jpg,,"Continuing a deluge of announcements clustered around making it easier for enterprises to build artificial intelligence-based agents and applications, Databricks Inc. today is wrapping up its Data+AI… [+4294 chars]",,"Databricks führt kostenloses Tool zur Optimierung der Migration von Unternehmens-Data-Warehouses ein. Databricks Inc. setzt eine Flut von Ankündigungen fort, die darauf abzielen, Unternehmen die Erstellung von auf künstlicher Intelligenz basierenden Agenten und Anwendungen zu erleichtern. Heute schließt Databricks Inc. seinen Data+AI Summit mit Lakebridge ab, einem Migrationstool, das die Entwicklung von auf künstlicher Intelligenz basierenden Agenten und Anwendungen vereinfachen soll.","Databricks launches free tool to streamline enterprise data warehouse migrations. Continuing a deluge of announcements clustered around making it easier for enterprises to build artificial intelligence-based agents and applications, Databricks Inc. today is wrapping up its Data+AI Summit with Lakebridge, a migration tool intended to simpli…","Databricks liberum instrumentum ad conatum streamline data migrationibus horreis immittit. Permanens inundatio annuntiationum circumfusae sunt ut facilius inceptis ad fabricandas intelligentias artificiales et applicationes substructas, Databricae Inc. Hodie Data+AI culmen cum Lakebridge involvit, migrationis instrumentum ad simplices…",2026-01-07 21:55:04+00:00
183065acd6052e905ea76a00b425097a,2025-06-12T21:29:11Z,'floods',japantoday.com,en,0.0,Death toll in South Africa floods rises to 78,"South Africa rescue teams recovered more bodies Thursday, days after heavy rains and strong winds battered the Eastern Cape province, as the death toll rose to at least 78. The bitterly cold winter storm struck the largely rural and underdeveloped province on…",https://japantoday.com/category/world/death-toll-in-s.africa-floods-rises-to-78,,,"South Africa rescue teams recovered more bodies Thursday, days after heavy rains and strong winds battered the Eastern Cape province, as the death toll rose to at least 78.
The bitterly cold winter … [+3385 chars]",,"Die Zahl der Todesopfer bei Überschwemmungen in Südafrika steigt auf 78. Südafrikas Rettungsteams haben am Donnerstag weitere Leichen geborgen, Tage nachdem heftige Regenfälle und starke Winde die Provinz Ostkap heimgesucht hatten. Die Zahl der Todesopfer stieg auf mindestens 78. Der bitterkalte Wintersturm traf die weitgehend ländliche und unterentwickelte Provinz am…","Death toll in South Africa floods rises to 78. South Africa rescue teams recovered more bodies Thursday, days after heavy rains and strong winds battered the Eastern Cape province, as the death toll rose to at least 78. The bitterly cold winter storm struck the largely rural and underdeveloped province on…","Mortuus vectigal in Africa Australi inundationes surgit 78. South Africa iunctos ereptos corpora plurium corporum Iovis, diebus post imbribus et ventis validis quassata est provincia Orientalis Promontorii, ut vectigal surrexit saltem 78. Perfrigida hiemis tempestas late rustica et rudis provincia in…",2026-01-07 21:55:04+00:00
8f4c14685e41776a9dddd9ad28bf809f,2025-06-12T21:42:53Z,'floods',www.abc.net.au,en,0.0,Fixing fences and buying local — you can help farmers doing it tough,Many people are wondering how they can help struggling farmers hit hard this past year by drought and floods. It turns out there are options.,https://www.abc.net.au/news/rural/2025-06-13/flood-drought-hit-farmers-urge-consumers-shop-australian/105403520,https://live-production.wcms.abc-cdn.net.au/930f2d85e9b29f91060b39805d6a3262?impolicy=wcms_watermark_news&cropH=2605&cropW=4631&xPos=3&yPos=115&width=862&height=485&imformat=generic,,"Australians are being urged to shop local and lend a hand to support farmers hit hard this past year by severe drought and floods.
Many have been left wondering how they can help farmers after seein… [+4504 chars]",,"Zäune reparieren und lokale Produkte kaufen – Sie können den Landwirten helfen, diese schwierige Aufgabe zu bewältigen. Viele Menschen fragen sich, wie sie den in Not geratenen Landwirten helfen können, die im vergangenen Jahr von Dürre und Überschwemmungen schwer getroffen wurden. Es stellt sich heraus, dass es Optionen gibt.",Fixing fences and buying local — you can help farmers doing it tough. Many people are wondering how they can help struggling farmers hit hard this past year by drought and floods. It turns out there are options.,Sepes figendi et loci emendi — agricolas adiuvare potes lentum facientem. Multi mirantur quomodo laborant agricolae laborantes hoc anno praeterito siccitate et inundationibus adiuvare possunt. Evenit sunt bene.,2026-01-07 21:55:04+00:00
b4ee9d633ec6923ae5f8c297af9f82a6,2025-06-12T22:10:57Z,'floods',www.pbs.org,en,0.0,South Africa floods leave at least 78 dead as official says rescue attempts were ‘paralyzed’,The death toll in floods in one of South Africa’s poorest provinces rose to at least 78 on Thursday as a top official said rescue attempts in the first hours after the disaster had been “paralyzed” by a lack of resources.,https://www.pbs.org/newshour/world/south-africa-floods-leave-at-least-78-dead-as-official-says-rescue-attempts-were-paralyzed,https://d3i6fh83elv35t.cloudfront.net/static/2025/06/2025-06-12T192624Z_1000782111_RC221FAY5315_RTRMADP_3_SAFRICA-WEATHER-1024x681.jpg,,"CAPE TOWN, South Africa (AP) The death toll in floods in one of South Africas poorest provinces rose to at least 78 on Thursday as a top official said rescue attempts in the first hours after the dis… [+4019 chars]",,"Bei Überschwemmungen in Südafrika sind mindestens 78 Menschen ums Leben gekommen, da Rettungsversuche nach offiziellen Angaben „lähmt“ wurden. Die Zahl der Todesopfer bei Überschwemmungen in einer der ärmsten Provinzen Südafrikas stieg am Donnerstag auf mindestens 78, da ein hochrangiger Beamter sagte, Rettungsversuche in den ersten Stunden nach der Katastrophe seien durch mangelnde Ressourcen „gelähmt“ worden.",South Africa floods leave at least 78 dead as official says rescue attempts were ‘paralyzed’. The death toll in floods in one of South Africa’s poorest provinces rose to at least 78 on Thursday as a top official said rescue attempts in the first hours after the disaster had been “paralyzed” by a lack of resources.,"Inundationes Africae Australis saltem 78 mortuos exeunt sicut officialis dicit conatus liberandos esse 'paralyticos'. Mortuum vectigal in inundationibus in una Africae meridionalis provinciae pauperrimae resurrexit ut saltem 78 die Iovis incepta diceret tamquam summus officialis primis horis post calamitatem inopia rerum ""paralyticum"" esse.",2026-01-07 21:55:04+00:00
5a5b922ec3edca0cd10d80a36974d521,2025-06-12T22:24:03Z,'floods',biztoc.com,en,0.0,South Africa floods leave at least 78 dead as official says rescue attempts were ‘paralyzed’,The death toll in floods in one of South Africa’s poorest provinces rose to at least 78 on Thursday as a top official said rescue attempts in the first hours after the disaster had been “paralyzed” by a lack of resources.,https://biztoc.com/x/5433b16b2a99dcb2,https://biztoc.com/cdn/949/og.png,,The death toll in floods in one of South Africas poorest provinces rose to at least 78 on Thursday as a top official said rescue attempts in the first hours after the disaster had been paralyzed by a… [+72 chars],,"Bei Überschwemmungen in Südafrika sind mindestens 78 Menschen ums Leben gekommen, da Rettungsversuche nach offiziellen Angaben „lähmt“ wurden. Die Zahl der Todesopfer bei Überschwemmungen in einer der ärmsten Provinzen Südafrikas stieg am Donnerstag auf mindestens 78, da ein hochrangiger Beamter sagte, Rettungsversuche in den ersten Stunden nach der Katastrophe seien durch mangelnde Ressourcen „gelähmt“ worden.",South Africa floods leave at least 78 dead as official says rescue attempts were ‘paralyzed’. The death toll in floods in one of South Africa’s poorest provinces rose to at least 78 on Thursday as a top official said rescue attempts in the first hours after the disaster had been “paralyzed” by a lack of resources.,"Inundationes Africae Australis saltem 78 mortuos exeunt sicut officialis dicit conatus liberandos esse 'paralyticos'. Thelonei mortis in inundationibus in una Africae Meridionalis provinciae pauperrimae surrexit ut saltem 78 die Iovis in summo officiali dixit conatibus liberandis primis horis postquam clades ""paralytica"" inopia facultatum erat.",2026-01-07 21:55:04+00:00
590f314063ee968994360395103bb68e,2025-06-13T01:01:46Z,'flooding',www.cbsnews.com,en,0.0,"At least 5 dead, 2 missing in San Antonio after rapid flooding","Heavy overnight rains led to water rescue calls in northeastern San Antonio, near the city's Perrin Beitel neighborhood.",https://www.cbsnews.com/news/deadly-san-antonio-flooding/,https://assets2.cbsnewsstatic.com/hub/i/r/2025/06/12/e0a86c2f-7b76-4ca8-86e2-887056ef8531/thumbnail/1200x630/c334ad6bea670cc23153298aff7169b4/ap25163712170780.jpg?v=d2f497bd9339ad99d2e0559414346698,,"Five people have been found dead and two others are missing in San Antonio, Texas, after heavy rains caused flooding on highways throughout the city, authorities said Thursday. 
Heavy overnight rain… [+2230 chars]",,"Mindestens 5 Tote, 2 Vermisste in San Antonio nach heftiger Überschwemmung. Heftige Regenfälle über Nacht führten zu Wasserrettungseinsätzen im Nordosten von San Antonio, in der Nähe des Stadtviertels Perrin Beitel.","At least 5 dead, 2 missing in San Antonio after rapid flooding. Heavy overnight rains led to water rescue calls in northeastern San Antonio, near the city's Perrin Beitel neighborhood.","Saltem 5 mortuo, 2 post rapidam inundationem in S. Antonio defuit. Imbres pernoctare ducti ad aquam liberandam vocat in septentrionali San Antonio, prope urbem Perrin Beitel viciniae.",2026-01-07 21:55:04+00:00
5f00aba7331e0122ada1d21c6f342f7f,2025-06-13T02:00:33Z,'deluge',www.thecut.com,en,0.0,I’ve Seen Enough Bulges to Last a Lifetime,"In ‘And Just Like That …’ season three, episode three, Carrie Bradshaw and the crew deal with a deluge of genitalia at the hands of the Hotfellas.",http://www.thecut.com/article/and-just-like-that-season-3-episode-3-recap-clothes-outfits-fashion.html,https://pyxis.nymag.com/v1/imgs/06a/153/8a8b26b5fb016d143665bddef669eb609a-VS--CarrieGolightlyWarnerBrosDiscoverySc.1x.rsocial.w1200.jpg,,"For the past two seasons of And Just Like That , I have written these fashion recaps with a tinge of guilt. As someone from the Midwest, where honking at a person is considered so rude its practicall… [+3923 chars]",,"Ich habe genug Ausbuchtungen gesehen, um ein Leben lang zu halten. In „And Just Like That …“, Staffel drei, Folge drei, kämpfen Carrie Bradshaw und die Crew mit einer Flut von Genitalien durch die Hotfellas.","I’ve Seen Enough Bulges to Last a Lifetime. In ‘And Just Like That …’ season three, episode three, Carrie Bradshaw and the crew deal with a deluge of genitalia at the hands of the Hotfellas.","Satis Bulges vidi in vita durare. In 'Et Just Like That ... tempus tres, res tres, Carrie Bradshaw et nautarum inundatione genitalium per Hotfellas manus tractant.",2026-01-07 21:55:04+00:00
71531bc29161aa482e1fa128e30c3c7c,2025-06-13T02:12:59Z,'floods',slashdot.org,en,0.0,Flash Flooding in San Antonio Kills 5 People - The New York Times,"Flash Flooding in San Antonio Kills 5 PeopleThe New York Times At least 5 bodies recovered near Northeast Side high-water scene, officials sayKSAT At least 5 dead, 2 missing in San Antonio after rapid floodingCBS News At Least 4 Dead As Flash Floods Swamp San…",https://slashdot.org/firehose.pl?op=view&amp;id=178033479,,,The Fine Print: The following comments are owned by whoever posted them. We are not responsible for them in any way.,,"Sturzflut in San Antonio tötet 5 Menschen – The New York Times. Sturzflut in San Antonio tötet 5 MenschenThe New York Times Mindestens 5 Leichen in der Nähe des Hochwasserschauplatzes Northeast Side geborgen, sagen BeamteKSAT Mindestens 5 Tote, 2 Vermisste in San Antonio nach heftiger ÜberschwemmungCBS News Mindestens 4 Tote bei Sturzfluten überschwemmen San…","Flash Flooding in San Antonio Kills 5 People - The New York Times. Flash Flooding in San Antonio Kills 5 PeopleThe New York Times At least 5 bodies recovered near Northeast Side high-water scene, officials sayKSAT At least 5 dead, 2 missing in San Antonio after rapid floodingCBS News At Least 4 Dead As Flash Floods Swamp San…","Flash Flooding in San Antonio Kills 5 People - The New York Times. Flash inundatio in San Antonio interficit 5 Populus New York Times In minimis 5 corpora prope septentrionalem plagam receptae aquae altae scaenae, ministri dicuntKSAT saltern 5 mortui, 2 absentis in San Antonio post celeri inundationem CBS News in minimis 4 Mortui sicut Flash flumina Palus San…",2026-01-07 21:55:04+00:00
f98dbcb15427365cd563405e286aa3fd,2025-06-13T02:35:46Z,'floods',slashdot.org,en,0.0,San Antonio flooding leaves five dead; dozens rescued from high water - Texas Public Radio | TPR,"San Antonio flooding leaves five dead; dozens rescued from high waterTexas Public Radio | TPR At least 5 bodies recovered near Northeast Side high-water scene, officials sayKSAT Heavy rain floods I-35 in San Antonio, submerging police vehicle and sparking con…",https://slashdot.org/firehose.pl?op=view&amp;id=178034031,,,The Fine Print: The following comments are owned by whoever posted them. We are not responsible for them in any way.,,"Überschwemmung in San Antonio fordert fünf Tote; Dutzende aus Hochwasser gerettet – Texas Public Radio | TPR. Überschwemmung in San Antonio fordert fünf Tote; Dutzende aus Hochwasser gerettetTexas Public Radio | TPR Mindestens 5 Leichen in der Nähe des Hochwasserortes Northeast Side geborgen, sagen Beamte KSAT Heftiger Regen überschwemmt I-35 in San Antonio, setzt Polizeifahrzeug unter und setzt Funken in Brand…","San Antonio flooding leaves five dead; dozens rescued from high water - Texas Public Radio | TPR. San Antonio flooding leaves five dead; dozens rescued from high waterTexas Public Radio | TPR At least 5 bodies recovered near Northeast Side high-water scene, officials sayKSAT Heavy rain floods I-35 in San Antonio, submerging police vehicle and sparking con…","S. Antonio inundatione folia quinque mortuas; dozens Raptus ab alta aqua - Texas Public Radio | TPR. S. Antonio inundatione folia quinque mortuas; dozens a high waterTexas Public Radio | TPR Saltem V corpora prope septentrionalem Partem altae aquae scaenae receptae, magistratus dicuntKSAT Inundationes pluviae graves I-35 in San Antonio, submersio vehiculum vigilum et con… scintillans.",2026-01-07 21:55:04+00:00
4bead4704913352b4e5f4f7b39bb8b6c,2025-06-13T05:39:26Z,'flooding',www.sciencedaily.com,en,0.0,Toxic tides: Centuries-old mercury is flooding the arctic food chain,"Despite falling global mercury emissions, mercury levels in Arctic wildlife continue to rise. A new study reveals that ocean currents are delivering legacy mercury pollution from distant regions like China to the Arctic, where it accumulates in animals and ec…",https://www.sciencedaily.com/releases/2025/06/250613013926.htm,https://www.sciencedaily.com/images/1920/Arctic-Polar-Bear.webp,,"Despite global reductions in mercury emissions, mercury concentrations in Arctic wildlife continue to rise. A new study published in Nature Communications by researchers from Aarhus University and th… [+2703 chars]",,"Giftige Gezeiten: Jahrhunderte altes Quecksilber überschwemmt die arktische Nahrungskette. Trotz sinkender weltweiter Quecksilberemissionen steigt der Quecksilbergehalt in der Tierwelt der Arktis weiter an. Eine neue Studie zeigt, dass Meeresströmungen die Quecksilberverschmutzung aus fernen Regionen wie China in die Arktis transportieren, wo sie sich in Tieren und in der Umwelt ansammelt.","Toxic tides: Centuries-old mercury is flooding the arctic food chain. Despite falling global mercury emissions, mercury levels in Arctic wildlife continue to rise. A new study reveals that ocean currents are delivering legacy mercury pollution from distant regions like China to the Arctic, where it accumulates in animals and ec…","Toxicus aestus: centuriae-vetus mercurialis catena cibum arcticum inundat. Quamvis emissiones hydrargyri decidant globales, gradus mercurii in truculentia arctica oriri pergunt. Novum studium manifestat quod excursus oceani legatum mercurialem colluviem ab longinquis regionibus sicut Sinis ad arcticum tradendum tradit, ubi cumulatur in animalibus et ec…",2026-01-07 21:55:04+00:00
e9ac6dd2a64383a43e3d7c57557ca8f4,2025-06-13T08:42:24Z,'floods',economictimes.indiatimes.com,en,0.0,"Over 16,000 evacuated as Typhoon Wutip threatens flash floods in China's Hainan","Typhoon Wutip is expected to make landfall on Hainan Island, prompting Chinese authorities to evacuate over 16,000 people from vulnerable areas and bring ashore over 40,000 boat workers. High-speed rail services have been suspended, and schools and tourist si…",https://economictimes.indiatimes.com/news/international/world-news/china-typhoon-wutip-evacuations-closures-and-travel-disruptions/articleshow/121824186.cms,"https://img.etimg.com/thumb/msid-121824314,width-1200,height-630,imgsize-9266,overlay-economictimes/articleshow.jpg",,"Chinese authorities on the southern island of Hainan have evacuated thousands of people, closed schools and halted rail services ahead of the expected landfall later Friday of Typhoon Wutip, state me… [+1418 chars]",,"Über 16.000 Menschen evakuiert, da Taifun Wutip im chinesischen Hainan Sturzfluten droht. Es wird erwartet, dass der Taifun Wutip auf die Insel Hainan trifft, was die chinesischen Behörden dazu veranlasst, über 16.000 Menschen aus gefährdeten Gebieten zu evakuieren und über 40.000 Bootsarbeiter an Land zu bringen. Der Hochgeschwindigkeitszugverkehr wurde eingestellt und Schulen und Touristenattraktionen…","Over 16,000 evacuated as Typhoon Wutip threatens flash floods in China's Hainan. Typhoon Wutip is expected to make landfall on Hainan Island, prompting Chinese authorities to evacuate over 16,000 people from vulnerable areas and bring ashore over 40,000 boat workers. High-speed rail services have been suspended, and schools and tourist si…","Plus 16.000 emissus sicut Typhon Wutip in Sinis Haman inundationes micare minatur. Typhoon Wutip expectatur ut in Hainan Islandia iacturam faciendam putet, auctoritatibus Sinensibus ut XVI 000 hominum ex locis vulnerabilibus decedere et super 40.000 navigium operariorum exponere. Summus celeritas railia officia suspensa sunt, et scholae et VIATOR si…",2026-01-07 21:55:04+00:00
b241dcab09b339e03d439c565a4f4002,2025-06-13T09:03:59Z,'floods',www.newser.com,en,0.0,"5 Dead, 2 Missing in San Antonio Floods","Heavy rains in San Antonio rapidly flooded roads, swept away submerged cars, and sent some people scrambling up trees to escape fast-rising waters Thursday while firefighters made dozens of rescues across the nation's seventh-largest city. At least five peopl…",https://www.newser.com/story/370240/5-dead-2-missing-in-san-antonio-floods.html,https://img1-azrcdn.newser.com/image/1616260-12-20250613040359.jpeg,,"Some of the people rescued in that area said they were swept off an interstate access road by ""sudden fast rising water,"" San Antonio Fire Department spokesperson Joe Arrington said. He said floodwat… [+1113 chars]",,"5 Tote, 2 Vermisste bei Überschwemmungen in San Antonio. Heftige Regenfälle in San Antonio überschwemmten am Donnerstag schnell Straßen, schwemmten untergetauchte Autos weg und zwangen einige Menschen, auf Bäume zu klettern, um dem schnell ansteigenden Wasser zu entkommen, während Feuerwehrleute in der siebtgrößten Stadt des Landes Dutzende Rettungsaktionen durchführten. Mindestens fünf Personen…","5 Dead, 2 Missing in San Antonio Floods. Heavy rains in San Antonio rapidly flooded roads, swept away submerged cars, and sent some people scrambling up trees to escape fast-rising waters Thursday while firefighters made dozens of rescues across the nation's seventh-largest city. At least five peopl…","5 Mortuus, 2 Absentis in San Antonio Floods. Imbres graves in San Antonio viae celeriter inundatae sunt, carros submersos rapuerunt, et quosdam arbores ruentes aquas misit ut Iovis rapidae aquae vivae essent, cum ignitores justos per urbem septim-maximam nationis liberarent. Saltem quinque homines…",2026-01-07 21:55:04+00:00
11bf975febb54c798a96297535f48ea9,2025-06-13T09:21:26Z,'floods',biztoc.com,en,0.0,South Africa Sues for Damages After Sewage Floods Its US Embassy,,https://biztoc.com/x/0a98b99c356b8625,https://biztoc.com/cdn/0a98b99c356b8625_s.webp,,"{ window.open(this.href, '_blank'); }, 200); return false;""&gt;Why did oil prices surge after Israels strike on Iran? { window.open(this.href, '_blank'); }, 200); return false;""&gt;How will Israel-Ir… [+790 chars]",,"Südafrika klagt auf Schadensersatz, nachdem seine US-Botschaft durch Abwasser überschwemmt wurde. Nan",South Africa Sues for Damages After Sewage Floods Its US Embassy. nan,South Africa petit damna Post Sewage flumina Legatio eius US. nan,2026-01-07 21:55:04+00:00
fc5d3a5b6c2a6e4b65e4646c765f4d14,2025-06-13T09:23:19Z,'floods',abcnews.go.com,en,0.0,South African president to visit flood sites with death toll at 78,South African President Cyril Ramaphosa is expected to visit the sites of devastating floods that have left at least 78 people dead in the southeast of the country,https://abcnews.go.com/International/wireStory/south-african-president-visit-flood-sites-death-toll-122805843,https://i.abcnewsfe.com/a/cc3c0caf-d333-4442-a060-91a40064da7c/wirestory_77c415129c8da4e481b54e2aaec3fef1_16x9.jpg?w=1600,,"CAPE TOWN, South Africa -- South African President Cyril Ramaphosa will visit the sites Friday of devastating floods that have left at least 78 people dead in the southeast of the country as search a… [+2230 chars]",,"Südafrikas Präsident besucht Überschwemmungsgebiete mit 78 Todesopfern. Es wird erwartet, dass der südafrikanische Präsident Cyril Ramaphosa die Orte verheerender Überschwemmungen im Südosten des Landes besucht, bei denen mindestens 78 Menschen ums Leben kamen",South African president to visit flood sites with death toll at 78. South African President Cyril Ramaphosa is expected to visit the sites of devastating floods that have left at least 78 people dead in the southeast of the country,Praesidens Africae Australis ut sites diluvii cum mortis vectigal visitaret 78. Praeses Africae Australis expectatur Cyrillus Ramaphosa visitare sites populationum inundationum qui saltem 78 mortuos reliquerunt homines in regione meridiem versus.,2026-01-07 21:55:04+00:00
77914f59b2b46c6247e548d478273b44,2025-06-13T13:13:34Z,'flooding victims',financialpost.com,en,0.0,South Africa’s president visits flood sites with death toll at 78 and expected to climb,"CAPE TOWN, South Africa (AP) — South Africa’s leader visited the region where devastating floods have left at least 78 people dead in the southeast of the country as search and rescue operations continued Friday for a fourth day and authorities said they expe…",https://financialpost.com/pmn/south-africas-president-visits-flood-sites-with-death-toll-at-78-and-expected-to-climb,,,"CAPE TOWN, South Africa (AP) South Africas leader visited the region where devastating floods have left at least 78 people dead in the southeast of the country as search and rescue operations continu… [+5503 chars]",,"Südafrikas Präsident besucht Überschwemmungsgebiete mit einer Zahl von 78 Todesopfern, Tendenz steigend. KAPSTADT, Südafrika (AP) – Südafrikas Staatsoberhaupt besuchte die Region, in der verheerende Überschwemmungen im Südosten des Landes mindestens 78 Menschen das Leben gekostet haben, während die Such- und Rettungseinsätze am Freitag einen vierten Tag andauerten und die Behörden sagten, sie würden mit …","South Africa’s president visits flood sites with death toll at 78 and expected to climb. CAPE TOWN, South Africa (AP) — South Africa’s leader visited the region where devastating floods have left at least 78 people dead in the southeast of the country as search and rescue operations continued Friday for a fourth day and authorities said they expe…","Praeses Africae Australis sites diluvii invisit in 78 portorium mortiferum et expectat ascendere. OPPIDO, Africa Australis (AP) — Dux Africae Australis regionem in qua vastationes inundationes reliquerunt saltem 78 homines mortui in regione meridiana recesserunt ut operationes quaerendi et liberandi perdurantes Veneris die quarto et auctoritates dixerunt se expe...",2026-01-07 21:55:04+00:00
7e8fcdc7543261f719d06eb1c80c4a77,2025-06-13T15:01:23Z,'floods',www.pbs.org,en,0.0,South Africa’s president visits flood sites with death toll at 78 and expected to climb,"The head of the provincial government said the rescue effort was “paralyzed” in the first few hours of the floods because of a lack of resources like specialized search and rescue teams, divers and K-9 dog units in one of the country's poorest regions.",https://www.pbs.org/newshour/world/south-africas-president-visits-flood-sites-with-death-toll-at-78-and-expected-to-climb,https://d3i6fh83elv35t.cloudfront.net/static/2025/06/GettyImages-2219170797-1024x683.jpg,,"CAPE TOWN, South Africa (AP) South African President Cyril Ramaphosa visited the region Friday where devastating floods have left at least 78 people dead in the southeast of the country as search and… [+3176 chars]",,"Südafrikas Präsident besucht Überschwemmungsgebiete mit einer Zahl von 78 Todesopfern, Tendenz steigend. Der Chef der Provinzregierung sagte, die Rettungsbemühungen seien in den ersten Stunden der Überschwemmungen aufgrund eines Mangels an Ressourcen wie spezialisierten Such- und Rettungsteams, Tauchern und K-9-Hundeeinheiten in einer der ärmsten Regionen des Landes „lähmt“ worden.","South Africa’s president visits flood sites with death toll at 78 and expected to climb. The head of the provincial government said the rescue effort was “paralyzed” in the first few hours of the floods because of a lack of resources like specialized search and rescue teams, divers and K-9 dog units in one of the country's poorest regions.","Praeses Africae Australis sites diluvii invisit in 78 portorium mortiferum et expectat ascendere. Caput gubernationis provincialis dixit auxilium ""paralyticum"" in primis inundationum horis propter inopiam facultatum sicut specialitas inquisitionis et liberationis iunctiones, variae et K-9 canes unitates in una e regione pauperrimarum nationis.",2026-01-07 21:55:04+00:00
7169eaac0a6c20a17d11c6b9b8b5d0bd,2025-06-13T15:02:00Z,'flooding',www.mentalfloss.com,en,0.0,Australia’s Lake Eyre Turns Pink After Flooding for the Fourth Time in 160 Years,"Australia’s largest salt lake, Kati Thanda–Lake Eyre, is currently a rare and stunning waterscape.",https://www.mentalfloss.com/science/ecology/kati-thanda-lake-eyre-australia-turns-pink,"https://images2.minutemediacdn.com/image/upload/c_crop,x_0,y_403,w_5734,h_3225/c_fill,w_1440,ar_1440:810,f_auto,q_auto,g_auto/images/GettyImages/mmsport/mentalfloss/01jxjyv2b3kfephdjhn9.jpg",,"One of natures strangest wonders is Kati ThandaLake Eyre, which shows off gorgeous hues of orange and pink when the flat, white basin fills with water. This uncommon occurrence requires unique weathe… [+1641 chars]",,"Australiens Lake Eyre wird nach der vierten Überschwemmung in 160 Jahren rosa. Australiens größter Salzsee, Kati Thanda-Lake Eyre, ist derzeit eine seltene und atemberaubende Wasserlandschaft.","Australia’s Lake Eyre Turns Pink After Flooding for the Fourth Time in 160 Years. Australia’s largest salt lake, Kati Thanda–Lake Eyre, is currently a rare and stunning waterscape.","Australiae Lacus Eyre Turns Pink Post Flooding Quartum tempus in 160 annis. Australia maxima lacus salsus, Kati Thana-Lake Eyre, nunc rarus est et scapus attonitus.",2026-01-07 21:55:04+00:00
5f8fd83361d2a9ce3a6ebd81bf09ee95,2025-06-13T21:00:03Z,'flooding victims',news4sanantonio.com,en,0.0,10 dead after San Antonio flooding...,SAN ANTONIO - Authorities are intensifying their search for a driver whose vehicle was discovered abandoned after Thursday's massive flooding.The search began,https://news4sanantonio.com/news/local/search-continues-for-driver-missing-after-san-antonio-flood-leaves-5-dead-texas-bexar-county-fire-department-vehicles-victims-hospital,https://news4sanantonio.com/resources/media2/16x9/1280/986/center/90/dc2d7b83-9aa3-46d7-8b6f-453e6c4039cf-CALLAGHANAND90WATERSEARCH_frame_6779.jpeg,,"UPDATE: As of 3:30 p.m., the San Antonio Fire Department confirmed 11 fatalities from Thursday's flooding.
Several individuals are still missing; however, the number is reducing.
------------------… [+3246 chars]",,"10 Tote nach Überschwemmung in San Antonio.... SAN ANTONIO – Die Behörden intensivieren ihre Suche nach einem Fahrer, dessen Fahrzeug nach der massiven Überschwemmung am Donnerstag verlassen aufgefunden wurde. Die Suche begann",10 dead after San Antonio flooding.... SAN ANTONIO - Authorities are intensifying their search for a driver whose vehicle was discovered abandoned after Thursday's massive flooding.The search began,10 mortui post San Antonio inundationem .... SAN ANTONIO - Auctoritates augent investigationem agitatoris cuius vehiculum post Iovis ingentes inundationem relictum inventum est. Inquisitio coepit,2026-01-07 21:55:04+00:00
18bb2297f8f86f505ffc3507a8a75954,2025-06-13T22:29:47Z,'flooding storm',www.nbcnews.com,en,0.0,"At least 11 confirmed dead in San Antonio flooding, with unknown number still missing","At least 11 people are confirmed dead in late-spring flooding in San Antonio, and search efforts are still underway for an undetermined number, city officials said Friday",https://www.nbcnews.com/news/us-news/least-11-confirmed-dead-san-antonio-flooding-unknown-number-still-miss-rcna212982,"https://media-cldnry.s-nbcnews.com/image/upload/t_nbcnews-fp-1200-630,f_auto,q_auto:best/rockcms/2025-06/250613-san-antonio-flood-waters-emergency-responders-WOAI-snip-ac-613p-dad403.jpg",,"At least 11 people are confirmed dead in late-spring flooding in San Antonio, and search efforts are still underway for an undetermined number, city officials said Friday.
Flooding slammed the city … [+3682 chars]",,"Mindestens 11 Tote bei Überschwemmung in San Antonio bestätigt, eine unbekannte Zahl wird noch vermisst. Bei den Überschwemmungen im Spätfrühling in San Antonio sind mindestens elf Menschen ums Leben gekommen. Die Suche nach einer unbestimmten Zahl ist noch im Gange, teilten Stadtbeamte am Freitag mit","At least 11 confirmed dead in San Antonio flooding, with unknown number still missing. At least 11 people are confirmed dead in late-spring flooding in San Antonio, and search efforts are still underway for an undetermined number, city officials said Friday","Saltem XI confirmatum est mortuum in S. Antonio inundatione, cum numerus ignotus adhuc deest. Saltem undecim homines mortui in nuper-fonte inundatione in San Antonio confirmati sunt, et conatus quaesiti adhuc numero indeterminato comparati sunt, officiales civitatis Veneris dixerunt.",2026-01-07 21:55:04+00:00
8e85819ddc911d5d7a7d2aeea915dcee,2025-06-13T23:04:15Z,'flooding residents',nypost.com,en,0.0,"San Antonio death toll rises to at least 11 with residents missing after heavy rains, fast floods",Search teams combed low-water crossings a day after Thursday’s downpour that dumped more than 7 inches of rain in a span of hours in parts of the nation’s seventh-largest city.,https://nypost.com/2025/06/13/us-news/san-antonio-death-toll-rises-to-at-least-11-with-residents-missing-after-heavy-rains-fast-floods/,https://nypost.com/wp-content/uploads/sites/2/2025/06/newspress-collage-lyfwueotv-1749855817524.jpg?quality=75&strip=all&1749841427&w=1024,,SAN ANTONIO The number of deaths from drenching rains in San Antonio rose to 11 people on Friday and crews searched for others still missing a day after fast-rising floodwaters tossed and swept away … [+2076 chars],,"Die Zahl der Todesopfer in San Antonio steigt auf mindestens 11, Einwohner werden nach heftigen Regenfällen und schnellen Überschwemmungen vermisst. Suchtrupps durchkämmten Niedrigwasserübergänge einen Tag nach dem Regenguss am Donnerstag, der in Teilen der siebtgrößten Stadt des Landes innerhalb weniger Stunden mehr als 7 Zoll Regen niederging.","San Antonio death toll rises to at least 11 with residents missing after heavy rains, fast floods. Search teams combed low-water crossings a day after Thursday’s downpour that dumped more than 7 inches of rain in a span of hours in parts of the nation’s seventh-largest city.","S. Antonio mortis vectigal oritur ut saltem 11 cum incolarum absentis post imbres, inundationes rapidae. Quaerere iunctiones demissae aquae demissae in die Iovis pluviae quae plus quam 7 pollices pluviae in spatio horarum proiecerat in partibus urbis septimae-maximae nationis.",2026-01-07 21:55:04+00:00
33d66989e7b989ba8dd620f74e01ab86,2025-06-14T01:20:04Z,'floods',www.bbc.com,en,0.0,"11 dead, several still missing in San Antonio floods","Severe thunderstorms on Wednesday and Thursday led to flash floods in the Texan city, according to officials.",https://www.bbc.com/news/articles/ce3v9xddkppo,https://ichef.bbci.co.uk/news/1024/branded_news/5790/live/acb94250-48b8-11f0-adfd-e5456c72736c.jpg,,"At least 11 people have died and several are still missing after flash flooding hit San Antonio, Texas.
The severe storms on Wednesday and Thursday forced cars off roads, pushing some drivers into a… [+1943 chars]",,"11 Tote, mehrere werden noch bei Überschwemmungen in San Antonio vermisst. Schwere Gewitter führten am Mittwoch und Donnerstag nach Angaben von Beamten zu Sturzfluten in der texanischen Stadt.","11 dead, several still missing in San Antonio floods. Severe thunderstorms on Wednesday and Thursday led to flash floods in the Texan city, according to officials.","11 mortui, aliquot adhuc in S. Antonio inundationibus desunt. Tonitruum vehemens die Mercurii et Iovis inundationes in Texan urbe secundum magistratus ducti sunt.",2026-01-07 21:55:04+00:00
2e163314772571b4cd0e4fd34a28b417,2025-06-14T02:34:42Z,'flooding death',slashdot.org,en,0.0,"San Antonio floods: At least 11 dead, several missing - BBC","San Antonio floods: At least 11 dead, several missingBBC At least 11 dead and several missing after over a month’s worth of rain falls in hours and floods San AntonioCNN Death Toll Rises to 11 in San Antonio FloodingThe New York Times 11 confirmed dead after …",https://slashdot.org/firehose.pl?op=view&amp;id=178044029,,,The Fine Print: The following comments are owned by whoever posted them. We are not responsible for them in any way.,,"Überschwemmungen in San Antonio: Mindestens 11 Tote, mehrere Vermisste – BBC. Überschwemmungen in San Antonio: Mindestens 11 Tote, mehrere VermissteBBC Mindestens 11 Tote und mehrere Vermisste nach über einem Monat Regen fällt in Stunden und überschwemmt San AntonioCNN Zahl der Todesopfer steigt bei Überschwemmungen in San Antonio auf 11Die New York Times 11 bestätigte Tote nach …","San Antonio floods: At least 11 dead, several missing - BBC. San Antonio floods: At least 11 dead, several missingBBC At least 11 dead and several missing after over a month’s worth of rain falls in hours and floods San AntonioCNN Death Toll Rises to 11 in San Antonio FloodingThe New York Times 11 confirmed dead after …","San Antonio inundationes: Saltem 11 mortua, plura desunt - BBC. San Antonio inundationes: Saltem 11 mortui, plures missingBBC In minimis 11 mortui et plures absentes post mensem pluviae pretium in horis et inundationibus San AntonioCNN Death Toll Rises to 11 in San Antonio FloodingThe New York Times 11 mortuus post ... confirmatus est.",2026-01-07 21:55:04+00:00
dccf8863a412ef212a4b77ae2e2dc6d0,2025-06-14T05:35:38Z,'flooding death',slashdot.org,en,0.0,"At least 11 confirmed dead in San Antonio flooding, with unknown number still missing - NBC News","At least 11 confirmed dead in San Antonio flooding, with unknown number still missingNBC News Death Toll Rises to 11 in San Antonio FloodingThe New York Times At least 11 dead and others missing in San Antonio flash floodingThe Independent BREAKING NEWS: 11 c…",https://slashdot.org/firehose.pl?op=view&amp;id=178044985,,,The Fine Print: The following comments are owned by whoever posted them. We are not responsible for them in any way.,,"Mindestens 11 bestätigte Tote bei Überschwemmung in San Antonio, unbekannte Zahl wird noch vermisst – NBC News. Mindestens 11 Tote bei Überschwemmung in San Antonio bestätigt, unbekannte Zahl wird noch vermisstNBC News Zahl der Todesopfer bei Überschwemmung in San Antonio steigt auf 11The New York Times Mindestens 11 Tote und weitere Vermisste bei Sturzflut in San AntonioThe Independent Eilmeldung: 11 Tage …","At least 11 confirmed dead in San Antonio flooding, with unknown number still missing - NBC News. At least 11 confirmed dead in San Antonio flooding, with unknown number still missingNBC News Death Toll Rises to 11 in San Antonio FloodingThe New York Times At least 11 dead and others missing in San Antonio flash floodingThe Independent BREAKING NEWS: 11 c…","Saltem XI confirmatum est mortuum in San Antonio inundatione, cum numerus ignotus adhuc deest - NBC News. Saltem 11 confirmati mortui in San Antonio inundatione, cum incognito numero adhuc absentis NBC News Death Toll surgit ad 11 in San Antonio FloodingThe New York Times Saltem 11 mortui et alii in San Antonio inundationem inundationem absentis The Independent BREAKING NEWS: 11 c…",2026-01-07 21:55:04+00:00
b6253afbb3b5122be74e4104df80921b,2025-06-14T06:30:00Z,'flooding',news.sky.com,en,0.0,Thunderstorms and flooding expected to follow hottest day of the year,"Warnings are in place for flooding and thunderstorms across large parts of the UK, with stormy weather set to last until early evening.",https://news.sky.com/story/thunderstorms-and-flooding-expected-to-follow-hottest-day-of-the-year-13383515,https://e3.365dm.com/25/06/1600x900/skynews-millennium-bridge-umbrella_6941724.jpg?20250614075603,,"Warnings are in place for flooding and thunderstorms across large parts of the UK, with stormy weather set to last until early evening.
It follows the hottest day of the year on Friday, which saw a … [+4150 chars]",,Nach dem heißesten Tag des Jahres werden Gewitter und Überschwemmungen erwartet. In weiten Teilen des Vereinigten Königreichs gelten Überschwemmungen und Gewitter. Das stürmische Wetter wird voraussichtlich bis zum frühen Abend anhalten.,"Thunderstorms and flooding expected to follow hottest day of the year. Warnings are in place for flooding and thunderstorms across large parts of the UK, with stormy weather set to last until early evening.","Tonitruum et inundatio expectat diem anni calidissimum sequi. Monitiones pro inundatione et procellis per magnas UK partes, cum tempestatibus tempestatibus usque mane vesperi durabunt.",2026-01-07 21:55:04+00:00
96d7ff833218a59fa4f8ac9e3b01a8c7,2025-06-14T07:34:22Z,'flooding weather',economictimes.indiatimes.com,en,0.0,"Bonnaroo 2025 canceled mid-festival as torrential storms forced evacuation, star-studded lineup missed, and refunds announced","Severe weather, including persistent rain and flooding, led to the cancellation of the 2025 Bonnaroo Music & Arts Festival in Manchester, Tennessee, just after its opening day. Organizers evacuated the grounds, citing safety concerns and deteriorating conditi…",https://economictimes.indiatimes.com/news/international/us/bonnaroo-2025-canceled-mid-festival-as-torrential-storms-forced-evacuation-star-studded-lineup-missed-and-refunds-announced/articleshow/121844899.cms,"https://img.etimg.com/thumb/msid-121844923,width-1200,height-630,imgsize-320556,overlay-economictimes/articleshow.jpg",,"A celebration of music lovers abruptly came to an end as severe weather forced the cancellation of the 2025 Bonnaroo Music &amp; Arts Festival in Manchester, Tennessee. The event had only just starte… [+2422 chars]",,"Bonnaroo 2025 wurde mitten im Festival abgesagt, da heftige Stürme die Evakuierung erzwangen, das mit Stars besetzte Line-up ausfiel und Rückerstattungen angekündigt wurden. Unwetter, einschließlich anhaltender Regenfälle und Überschwemmungen, führten dazu, dass das Bonnaroo Music & Arts Festival 2025 in Manchester, Tennessee, kurz nach seinem Eröffnungstag abgesagt wurde. Die Organisatoren evakuierten das Gelände unter Berufung auf Sicherheitsbedenken und sich verschlechternde Bedingungen.","Bonnaroo 2025 canceled mid-festival as torrential storms forced evacuation, star-studded lineup missed, and refunds announced. Severe weather, including persistent rain and flooding, led to the cancellation of the 2025 Bonnaroo Music & Arts Festival in Manchester, Tennessee, just after its opening day. Organizers evacuated the grounds, citing safety concerns and deteriorating conditi…","Bonnaroo 2025 medium festum quasi tempestates torrentiales evacuationis coactae resignavit, linea stellata periit, et refugium denuntiavit. Tempestas gravis, inclusa pluvia et inundatione assidua, ad indultum anni 2025 Bonnaroo Musicae & Artium Festivalium in Manchester, Tennessee, post diem suum aperitur. Auctores campos emiserunt, curas salutis afferre et conditi corrumpi.",2026-01-07 21:55:04+00:00
c3abfa529b1cdc15ef64ac4098cb17b1,2025-06-14T08:14:56Z,'floods',www.bbc.com,en,0.0,Flash floods after extreme weather hits Kent,"One man tells the BBC it was the ""worst storm"" he had seen in decades.",https://www.bbc.com/news/articles/c0eqv73d55eo,https://ichef.bbci.co.uk/news/1024/branded_news/cf17/live/f4d24880-48f3-11f0-bddf-bfeda002aac7.jpg,,"Joshua Askew
Parts of Dover in Kent saw flash flooding
Storms have caused significant flooding and disruption in Kent. 
The extreme weather hit the county at around 22:00 BST on Friday, flooding h… [+1546 chars]",,"Sturzfluten nach extremem Wetter in Kent. Ein Mann erzählte der BBC, es sei der „schlimmste Sturm“ gewesen, den er seit Jahrzehnten gesehen habe.","Flash floods after extreme weather hits Kent. One man tells the BBC it was the ""worst storm"" he had seen in decades.","Flash inundationes post extremam tempestatem Cantium pervenit. Unus homo BBC narrat eam ""tempestas pessima"" quam in decenniis viderat.",2026-01-07 21:55:04+00:00
3ec19646ebc2617cf5062f47f9c94a51,2025-06-14T10:30:36Z,'flooding',www.bbc.com,en,0.0,Flash flooding hits homes for a second time,People waiting to return to their homes following flooding nine months ago have been hit again.,https://www.bbc.com/news/articles/cm2klpjp34mo,https://ichef.bbci.co.uk/news/1024/branded_news/dafa/live/9bf54080-4909-11f0-9649-3f89a4125771.png,,"People who have been waiting to return to their homes following flooding nine months ago have been hit again.
The overnight downpour has thwarted plans, as some had been expecting to return to their… [+859 chars]",,"Sturzfluten treffen zum zweiten Mal Häuser. Menschen, die nach der Überschwemmung vor neun Monaten darauf warteten, in ihre Häuser zurückzukehren, wurden erneut getroffen.",Flash flooding hits homes for a second time. People waiting to return to their homes following flooding nine months ago have been hit again.,Micat inundatio domos secundo. Homines exspectantes ad domos suas redire sequentes inundationem ante novem menses denuo percussi sunt.,2026-01-07 21:55:04+00:00
a9076b32f26c62dd439484591461410f,2025-06-14T12:55:21Z,'flooding storm',slashdot.org,en,0.0,"11 confirmed dead after flooding, identities of three victims released - WOAI","11 confirmed dead after flooding, identities of three victims releasedWOAI Death Toll Rises to 11 in San Antonio FloodingThe New York Times Severe flooding kills 11, families still looking for answersWOAI 11 confirmed dead from Thursday’s storms in San Antoni…",https://slashdot.org/firehose.pl?op=view&amp;id=178047685,,,The Fine Print: The following comments are owned by whoever posted them. We are not responsible for them in any way.,,"11 Tote nach Überschwemmung bestätigt, Identität von drei Opfern veröffentlicht – WOAI. 11 Todesfälle nach Überschwemmung bestätigt, Identität von drei Opfern veröffentlichtWOAI Zahl der Todesopfer steigt auf 11 bei Überschwemmungen in San AntonioThe New York Times Schwere Überschwemmung tötet 11, Familien suchen immer noch nach AntwortenWOAI 11 bestätigte Tote bei den Stürmen am Donnerstag in San Antoni…","11 confirmed dead after flooding, identities of three victims released - WOAI. 11 confirmed dead after flooding, identities of three victims releasedWOAI Death Toll Rises to 11 in San Antonio FloodingThe New York Times Severe flooding kills 11, families still looking for answersWOAI 11 confirmed dead from Thursday’s storms in San Antoni…","11 mortuos post inundationem confirmavit, identitas trium victimarum dimissa — WOAI. 11 post inundationem mortuos confirmati, identitates trium victimarum exsolvitur WOAI Death Toll Rises to 11 in San Antonio FloodingThe New York Times Gravis inundatio 11 necat, familiae adhuc exspectantes responsaWOAI 11 confirmata de procellis Iovis in San Antoni…",2026-01-07 21:55:04+00:00
08fc42ce8b8f8e909931e2b7c3ebfd0b,2025-06-14T13:18:01Z,'flooding landslide',www.businessinsider.com,en,0.0,26 photos of the worst hurricanes to have hit the US,"In 2024, Hurricane Helene brought catastrophic rainfall to North Carolina, causing flooding and landslides.",https://www.businessinsider.com/photos-of-the-worst-hurricanes-hit-the-united-states-2020-5,https://i.insider.com/68484a08f748d8c055f36183?width=1200&format=jpeg,,"Hurricane Andrew hit South Florida in 1992 with wind speeds as high as 160 mph.Charles Krupa/AP
<ul><li>Over the past 100-plus years, the United States has been hit by some of its worst hurricanes.<… [+13019 chars]",,"26 Fotos der schlimmsten Hurrikane, die die USA heimgesucht haben. Im Jahr 2024 brachte Hurrikan Helene katastrophale Regenfälle nach North Carolina und verursachte Überschwemmungen und Erdrutsche.","26 photos of the worst hurricanes to have hit the US. In 2024, Hurricane Helene brought catastrophic rainfall to North Carolina, causing flooding and landslides.","26 imagines pessimorum turbinum ad US feriendum. Anno 2024, Procellae Helenae pluviam calamitosam in Carolinam Septentrionalem intulit, inundationem et ruinas causando.",2026-01-07 21:55:04+00:00
a3a51ea257183521a688ddb87166262f,2025-06-14T13:50:01Z,'flooding damage',abcnews.go.com,en,0.0,"Heavy rains flood Congo’s capital, killing at least 19 people",Major flooding in several neighborhoods of Congo’s capital Kinshasa has killed at least 19 people and caused severe damage,https://abcnews.go.com/International/wireStory/heavy-rains-flood-congos-capital-killing-19-people-122842638,https://s.abcnews.com/images/US/abc_news_default_2000x2000_update_16x9_992.jpg,,"KINSHASA, Congo -- Major flooding hit several neighborhoods in Congo's capital Kinshasa, killing at least 19 people and causing severe damage, authorities said Saturday.
Heavy rains Friday through S… [+771 chars]",,Heftige Regenfälle überschwemmen die Hauptstadt des Kongo und töten mindestens 19 Menschen. Bei schweren Überschwemmungen in mehreren Stadtteilen der kongolesischen Hauptstadt Kinshasa kamen mindestens 19 Menschen ums Leben und schwere Schäden wurden verursacht,"Heavy rains flood Congo’s capital, killing at least 19 people. Major flooding in several neighborhoods of Congo’s capital Kinshasa has killed at least 19 people and caused severe damage","Gravis pluviae capitis inundatio Congi, saltem XIX homines occisio. Maior inundatio in pluribus vicinitatibus capitalis Congi Kinshasae saltem XIX homines occidit et magnum damnum intulit",2026-01-07 21:55:04+00:00
82f8b4082a08cd4a7d309af4b88dad9b,2025-06-14T13:50:30Z,'floods',www.yahoo.com,en,0.0,Rescuers still pulling bodies out of the water as death toll in South Africa floods reaches 86,"The death toll in floods in South Africa's Eastern Cape province has risen to 86, the police minister said Saturday as rescuers continued to retrieve bodies ...",https://www.yahoo.com/news/rescuers-still-pulling-bodies-water-135030728.html,https://s.yimg.com/ny/api/res/1.2/e.cDYOPUhFighALoGlFrIQ--/YXBwaWQ9aGlnaGxhbmRlcjt3PTEyMDA7aD04MDA-/https://media.zenfs.com/en/ap_finance_articles_694/07d7f5c39453787073be449563aa3ca7,,"CAPE TOWN, South Africa (AP) The death toll in floods in South Africa's Eastern Cape province has risen to 86, the police minister said Saturday as rescuers continued to retrieve bodies from the floo… [+2378 chars]",,"Retter ziehen immer noch Leichen aus dem Wasser, während die Zahl der Todesopfer bei Überschwemmungen in Südafrika 86 erreicht. Die Zahl der Todesopfer bei Überschwemmungen in der südafrikanischen Provinz Ostkap ist auf 86 gestiegen, sagte der Polizeiminister am Samstag, während Retter weiterhin Leichen bargen ...","Rescuers still pulling bodies out of the water as death toll in South Africa floods reaches 86. The death toll in floods in South Africa's Eastern Cape province has risen to 86, the police minister said Saturday as rescuers continued to retrieve bodies ...","Restauratores adhuc corpora extrahentes ex aquis velut portorium in Africa Australi inundationes attingit 86. Thelonei in inundationibus in provincia Africa Australi orientalis Promontorii orta est 86, minister vigilum dixit Sabbatum tamquam servatores ad corpora recuperare perseuerauit .. .",2026-01-07 21:55:04+00:00
17b7559f20fa745b0f01237d1d94d911,2025-06-14T13:53:40Z,'flooding victims',financialpost.com,en,0.0,Rescuers still pulling bodies out of the water as death toll in South Africa floods reaches 86,"CAPE TOWN, South Africa (AP) — The death toll in floods in South Africa’s Eastern Cape province has risen to 86, the police minister said Saturday as rescuers continued to retrieve bodies from the floodwater. Senzo Mchunu, the country’s top law enforcement of…",https://financialpost.com/pmn/rescuers-still-pulling-bodies-out-of-the-water-as-death-toll-in-south-africa-floods-reaches-86,,,"CAPE TOWN, South Africa (AP) The death toll in floods in South Africas Eastern Cape province has risen to 86, the police minister said Saturday as rescuers continued to retrieve bodies from the flood… [+4584 chars]",,"Retter ziehen immer noch Leichen aus dem Wasser, während die Zahl der Todesopfer bei Überschwemmungen in Südafrika 86 erreicht. KAPSTADT, Südafrika (AP) – Die Zahl der Todesopfer bei Überschwemmungen in der südafrikanischen Provinz Ostkap ist auf 86 gestiegen, sagte der Polizeiminister am Samstag, während Retter weiterhin Leichen aus dem Hochwasser bergten. Senzo Mchunu, der führende Strafverfolgungsbeamte des Landes für…","Rescuers still pulling bodies out of the water as death toll in South Africa floods reaches 86. CAPE TOWN, South Africa (AP) — The death toll in floods in South Africa’s Eastern Cape province has risen to 86, the police minister said Saturday as rescuers continued to retrieve bodies from the floodwater. Senzo Mchunu, the country’s top law enforcement of…","Rescuers corpora adhuc extra aquam trahentes in Africa Australi inundationes mortis attingunt 86. CAPE URBS, Africa Australis (AP) — Thelonei mortis in inundationibus provinciae Orientalis Africae Meridionalis orta est 86, minister vigilum dixit Sabbato tamquam servatores ad corpora ex aqua diluvii recuperare. Senzo Mchunu, summa legis patriae…",2026-01-07 21:55:04+00:00
d5cccf23972ab782310e0d67c92600d8,2025-06-14T14:01:50Z,'flooding rain',www.thejournal.ie,en,0.0,Status Yellow rain and thunderstorm warnings in place for 10 counties,"Met Éireann said the unsettled weather conditions could result in localised flooding, poor visibility and difficult travelling conditions.",https://www.thejournal.ie/status-yellow-rain-thunderstorm-warnings-6733190-Jun2025/,https://img2.thejournal.ie/article/6733190/river/?height=400&version=6733197,,"STATUS YELLOW RAIN and thunderstorm warnings are in effect for ten counties in the south and east of the country. 
Met Éireann is forecasting heavy rain and a moderate chance of thunderstorms, which… [+1949 chars]",,"Status Gelbe Regen- und Gewitterwarnungen für 10 Landkreise. Met Éireann sagte, die unbeständigen Wetterbedingungen könnten zu lokalen Überschwemmungen, schlechter Sicht und schwierigen Reisebedingungen führen.","Status Yellow rain and thunderstorm warnings in place for 10 counties. Met Éireann said the unsettled weather conditions could result in localised flooding, poor visibility and difficult travelling conditions.","Status pluviae Flavis et tonitrui monita pro X comitatus. Met Éireann dixit condiciones tempestatum vagas posse in inundatione locali, pauperis visibilitatis et in condicionibus itineris difficilibus provenire posse.",2026-01-07 21:55:04+00:00
eb387742620f1e3a97abf22710b979b4,2025-06-14T15:02:29Z,'floods',abcnews.go.com,en,0.0,Rescuers still pulling bodies out of the water as death toll in South Africa floods reaches 86,South Africa's police minister says the death toll in floods in the Eastern Cape province now stands at 86,https://abcnews.go.com/Business/wireStory/rescuers-pulling-bodies-water-death-toll-south-africa-122842996,https://i.abcnewsfe.com/a/86230f5a-8565-4232-a6fb-83c0c0853fc7/wirestory_e80a4dcedd9e34acbd2a9778e568931d_16x9.jpg?w=1600,,"CAPE TOWN, South Africa -- The death toll in floods in South Africa's Eastern Cape province has risen to 86, the police minister said Saturday as rescuers continued to retrieve bodies from the floodw… [+2380 chars]",,"Retter ziehen immer noch Leichen aus dem Wasser, während die Zahl der Todesopfer bei Überschwemmungen in Südafrika 86 erreicht. Der südafrikanische Polizeiminister sagt, dass die Zahl der Todesopfer bei Überschwemmungen in der Provinz Ostkap jetzt bei 86 liegt",Rescuers still pulling bodies out of the water as death toll in South Africa floods reaches 86. South Africa's police minister says the death toll in floods in the Eastern Cape province now stands at 86,Restauratores adhuc corpora extrahentes ex aquis velut portorium mortiferum in Africa Australi inundationes attingit 86. Minister vigil Africa Australis dicit mortuorum in inundationibus in Promontorio Orientali provincia nunc stat 86,2026-01-07 21:55:04+00:00
3641aef3e46dfdccb7ce2e37f5178f20,2025-06-14T16:19:58Z,'flooding precipitation',www.sciencedaily.com,en,0.0,Scientists reveal the hidden trigger behind massive floods,"Atmospheric rivers, while vital for replenishing water on the U.S. West Coast, are also the leading cause of floods though storm size alone doesn t dictate their danger. A groundbreaking study analyzing over 43,000 storms across four decades found that pre-ex…",https://www.sciencedaily.com/releases/2025/06/250614121958.htm,https://www.sciencedaily.com/images/1920/Simulated-Landfall-of-Atmospheric-River.webp,,"Atmospheric rivers are responsible for most flooding on the West Coast of the U.S., but also bring much needed moisture to the region. The size of these storms doesn't always translate to flood risk,… [+4899 chars]",,"Wissenschaftler enthüllen den verborgenen Auslöser der massiven Überschwemmungen. Atmosphärische Flüsse sind zwar für die Wasserauffüllung an der Westküste der USA von entscheidender Bedeutung, aber auch die häufigste Ursache für Überschwemmungen, obwohl die Stärke des Sturms allein nicht die Gefahr bestimmt. Eine bahnbrechende Studie, die über 43.000 Stürme aus vier Jahrzehnten analysierte, ergab, dass vor ...","Scientists reveal the hidden trigger behind massive floods. Atmospheric rivers, while vital for replenishing water on the U.S. West Coast, are also the leading cause of floods though storm size alone doesn t dictate their danger. A groundbreaking study analyzing over 43,000 storms across four decades found that pre-ex…","Etiam blandit felis abscondita post ingentes inundationes. Fluvii atmosphaerici, dum aquae vivae in US Occidentali Coast replendae sunt, etiam principales causae inundationes, etsi tempestatis magnitudine sola periculum suum praeiiciunt. A studium groundbreaking in analysing super 43,000 procellas per quattuor decennia deprehendi pre-ex...",2026-01-07 21:55:04+00:00
3385875bc5b63e0480f64e34060d8c94,2025-06-14T23:11:06Z,'flooding',abcnews.go.com,en,0.0,Death toll from San Antonio flooding rises to 13; all those missing have been found,"More than 7 inches fell over a span of hours, causing fast-rising floodwaters.",https://abcnews.go.com/US/wireStory/death-toll-san-antonio-flooding-rises-13-missing-122855785,https://i.abcnewsfe.com/a/d574571d-8e75-4d80-9d69-64c6de84acc7/wirestory_525b1dd96128120d1a0c5df0c6ce1a98_16x9.jpg?w=1600,,"SAN ANTONIO -- The death toll from heavy rains that inundated parts of San Antonio has risen to 13, and all those missing have been found, authorities said Saturday. 
More than 7 inches (18 centimet… [+481 chars]",,"Zahl der Todesopfer durch Überschwemmung in San Antonio steigt auf 13; Alle Vermissten wurden gefunden. Über einen Zeitraum von Stunden fielen mehr als 7 Zoll, was zu schnell ansteigenden Überschwemmungen führte.","Death toll from San Antonio flooding rises to 13; all those missing have been found. More than 7 inches fell over a span of hours, causing fast-rising floodwaters.","Mors Comitis de S. Antonio inundatione oritur 13; omnes qui desiderati sunt inventi sunt. Plusquam 7 pollices horarum spatio ceciderunt, aquae diluvii rapidae surgentes.",2026-01-07 21:55:04+00:00
32cf62ee63cae2405a231f67c96d4dc4,2025-06-14T23:15:48Z,'floods',www.abc.net.au,en,0.0,NSW town still relying on 'high-risk' water fix after record floods,"A temporary water solution remains in place weeks after flooding at Wingham in northern NSW, highlighting the vulnerability of Australia's aging water infrastructure.",https://www.abc.net.au/news/2025-06-15/new-pipeline-project-for-wingham-after-water-cut-off-in-floods/105403610,https://live-production.wcms.abc-cdn.net.au/27b8e6e10bae58eae66f26e60d8aedfe?impolicy=wcms_watermark_news&cropH=661&cropW=1175&xPos=0&yPos=5&width=862&height=485&imformat=generic,,"In the wake of record-breaking floods on the New South Wales Mid North Coast, a community is still relying on a vulnerable temporary water supply after a major pipeline was destroyed at the height of… [+4814 chars]",,"Die Stadt in New South Wales ist nach Rekordüberschwemmungen immer noch auf eine Wasserversorgung mit „hohem Risiko“ angewiesen. Wochen nach der Überschwemmung in Wingham im Norden von New South Wales bleibt eine vorübergehende Wasserlösung bestehen, was die Anfälligkeit der alternden Wasserinfrastruktur Australiens verdeutlicht.","NSW town still relying on 'high-risk' water fix after record floods. A temporary water solution remains in place weeks after flooding at Wingham in northern NSW, highlighting the vulnerability of Australia's aging water infrastructure.","NSW oppidum adhuc fretum in 'summo periculo' aquae fix post inundationes recordationis. Solutio aquae temporalis in loco remanet hebdomades post inundationem apud Wingham in NSW septentrionali, quatenus vulnerabilitas aquae infrastructurae senescit Australiae.",2026-01-07 21:55:04+00:00
c318872d5fadadfb38e10c6a547521e7,2025-06-15T04:00:30Z,'flooding',www.blogto.com,en,0.0,Jeff Goldblum headlining huge 10-day music festival in Toronto this week,"There's a huge, city-wide music festival coming to Toronto this week, and it's being headlined by Jeff Goldblum. Yes... that Jeff Goldblum.Back for its 38th year of flooding the city with a deluge of free and ticketed live music performances, the Toronto Jazz…",https://www.blogto.com/music/2025/06/toronto-jazz-festival-jeff-goldblum/,https://display.blogto.com/articles/20250613-toronto-jazz-festival.jpeg?w=1200&cmd=resize_then_crop&height=630&quality=70&format=jpeg,,"There's a huge, city-wide music festival coming to Toronto this week, and it's being headlined by Jeff Goldblum. Yes... that Jeff Goldblum.
Back for its 38th year of flooding the city with a deluge … [+2167 chars]",,"Jeff Goldblum ist diese Woche Headliner des riesigen 10-tägigen Musikfestivals in Toronto. Diese Woche findet in Toronto ein riesiges, stadtweites Musikfestival statt, dessen Headliner Jeff Goldblum ist. Ja... dieser Jeff Goldblum. Das Toronto Jazz ist zurück im 38. Jahr, in dem es die Stadt mit einer Flut kostenloser und kostenpflichtiger Live-Musikauftritte überschwemmt…","Jeff Goldblum headlining huge 10-day music festival in Toronto this week. There's a huge, city-wide music festival coming to Toronto this week, and it's being headlined by Jeff Goldblum. Yes... that Jeff Goldblum.Back for its 38th year of flooding the city with a deluge of free and ticketed live music performances, the Toronto Jazz…","Jeff Goldblum headlining ingens dies musicorum 10 dierum in Toronto hac septimana. Ingens et urbs musicae festiva Toronto hac hebdomade venit, et a Jeff Goldblum decedit. Ita... illud Jeff Goldblum.Back ad suum XXXVIII annum inundationis urbis inundatione liberae ac tessera musicae spectaculis viventibus, Toronto Jazz…",2026-01-07 21:55:04+00:00
03b5a69f5dab98ba5d31cc334bd0b391,2025-06-15T06:31:17Z,'flooding storm',economictimes.indiatimes.com,en,0.0,"Lightning storm shocks UK: 30,000 strikes overnight cause flooding, fires, and travel chaos","Following the UK's hottest day, over 30,000 lightning strikes triggered flash floods, fires, and travel disruptions across England, Northern Ireland, and Scotland. The storms, which hit after a day of record temperatures, caused significant damage, including …",https://economictimes.indiatimes.com/news/international/uk/lightning-storm-shocks-uk-30000-strikes-overnight-cause-flooding-fires-and-travel-chaos/articleshow/121859807.cms,"https://img.etimg.com/thumb/msid-121859826,width-1200,height-630,imgsize-146639,overlay-economictimes/articleshow.jpg",,"Putting an end to the UK's hottest day of the year, more than 30,000 lightning strikes lit up the sky overnight, unleashing a wave of flash floods, fires, and travel disruption across parts of Englan… [+2262 chars]",,"Gewitter erschüttern Großbritannien: 30.000 Einschläge über Nacht verursachen Überschwemmungen, Brände und Reisechaos. Nach dem heißesten Tag Großbritanniens lösten über 30.000 Blitzeinschläge Sturzfluten, Brände und Reiseunterbrechungen in ganz England, Nordirland und Schottland aus. Die Stürme, die nach einem Tag mit Rekordtemperaturen auftraten, verursachten erhebliche Schäden, darunter …","Lightning storm shocks UK: 30,000 strikes overnight cause flooding, fires, and travel chaos. Following the UK's hottest day, over 30,000 lightning strikes triggered flash floods, fires, and travel disruptions across England, Northern Ireland, and Scotland. The storms, which hit after a day of record temperatures, caused significant damage, including …","Tempestas fulminum UK impulsus: 30,000 pernoctare causa inundationem, ignes, et iter chaos ferit. Sequens dies calidissimus UK, supra triginta milia fulgurum inundationes, incendia, et discursus peregrinationes per Angliam, Hiberniam et Scotiam ruit. Tempestates, quae post diem temperaturas recordationis feriunt, significantem damnum intulerunt, inter ...",2026-01-07 21:55:04+00:00
549b629cd99cef11f7a32c631ac360a9,2025-06-15T13:33:43Z,'flooding mudslide',economictimes.indiatimes.com,en,0.0,"Kerala: Heavy rains force school and college closures amid havoc, with trees uprooted and homes flooded across districts","Heavy rainfall caused widespread disruption in Kerala, leading to uprooted trees, mudslides, and flooding. Kannur declared a holiday for educational institutions due to a Red Alert from the IMD. Several incidents of property damage were reported, and authorit…",https://economictimes.indiatimes.com/news/new-updates/kerala-heavy-rains-force-school-and-college-closures-amid-havoc-across-districts-with-trees-uprooted-homes-flooded/articleshow/121863663.cms,"https://img.etimg.com/thumb/msid-121863672,width-1200,height-630,imgsize-874005,overlay-economictimes/articleshow.jpg",,"Incessant and heavy rainfall on Sunday caused widespread disruption across many parts of Kerala, with trees uprooted, mudslides reported in hilly areas, and flooding in low-lying regions.Though no ma… [+1314 chars]",,"Kerala: Heftige Regenfälle erzwingen die Schließung von Schulen und Hochschulen, während überall in den Bezirken Bäume entwurzelt und Häuser überschwemmt werden. Heftige Regenfälle verursachten weitreichende Störungen in Kerala und führten zu entwurzelten Bäumen, Schlammlawinen und Überschwemmungen. Aufgrund der Alarmstufe Rot des IMD erklärte Kannur einen Feiertag für Bildungseinrichtungen. Es wurden mehrere Vorfälle von Sachschäden gemeldet, und die Behörde…","Kerala: Heavy rains force school and college closures amid havoc, with trees uprooted and homes flooded across districts. Heavy rainfall caused widespread disruption in Kerala, leading to uprooted trees, mudslides, and flooding. Kannur declared a holiday for educational institutions due to a Red Alert from the IMD. Several incidents of property damage were reported, and authorit…","Kerala: Imbres graves vi scholae et collegii clausurae inter strages, arbores evulsae et domos per regiones inundatae. Imbribus gravis strages in Kerala magnam stragem effecit, arbores evulsas, mudslides et inundationem ducens. Kannur ferias declaravit institutionibus educationis ob rubrum erecti ab IMD. Plures casus rerum damna nuntiata sunt, auctor...",2026-01-07 21:55:04+00:00
581dd9c16fa2d83539e3eaf058b30e10,2025-06-15T14:07:29Z,'deluge',www.irishtimes.com,en,0.0,Warm and dry weather set to return after weekend deluge in parts of country,Temperatures expected to reach 21-degree high on Monday before rising to 23 later in week,https://www.irishtimes.com/ireland/2025/06/15/warm-and-sunny-weather-set-to-return-after-weekend-deluge-in-dublin/,https://www.irishtimes.com/resizer/v2/BLKSQMNTY5BFRIJDF2IMLLGX7E.JPG?smart=true&auth=d148c2e989391c077448fa65b08b0b6e864f961a8a68b7c8b1c35ced5df9a60e&width=1200&height=630,,"Ireland is in for a significant period of warm, dry and settled weather following a very damp first half of June, according to Met Éireann. 
Parts of Dublin and Wicklow got 31mm of rain on Saturday.… [+1611 chars]",,"Nach der Überschwemmung am Wochenende in Teilen des Landes wird es wieder warmes und trockenes Wetter geben. Die Temperaturen werden am Montag voraussichtlich 21 Grad erreichen, bevor sie später in der Woche auf 23 Grad ansteigen",Warm and dry weather set to return after weekend deluge in parts of country. Temperatures expected to reach 21-degree high on Monday before rising to 23 later in week,Tempestates calidae et siccitatis instituuntur ut revertantur post diluvium volutpat in partibus patriae. Temperaturae exspectantur ad 21 gradum altum die Lunae ante ortu ad 23 postea in hebdomada,2026-01-07 21:55:04+00:00
cb72b6f79254161efaaa8a8f4244b8c7,2025-06-15T16:53:04Z,'floods',en.antaranews.com,en,0.0,Eighty houses damaged by Mt Marapi's cold lava floods to be repaired,Indonesia&#39;s National Disaster Mitigation Agency (BNPB) has disbursed financial aid worth Rp3.72 billion (US$222 thousand) to be used for repairing 80 ...,https://en.antaranews.com/news/359537/eighty-houses-damaged-by-mt-marapis-cold-lava-floods-to-be-repaired,https://cdn.antaranews.com/cache/1200x800/2025/06/15/1000230915.jpg,,"Lubuk Basung, West Sumatra (ANTARA) - Indonesia's National Disaster Mitigation Agency (BNPB) has disbursed financial aid worth Rp3.72 billion (US$222 thousand) to be used for repairing 80 houses, dam… [+1265 chars]",,"Achtzig Häuser, die durch die kalten Lavafluten des Marapi-Gebirges beschädigt wurden, müssen repariert werden. Die indonesische National Disaster Mitigation Agency (BNPB) hat Finanzhilfe im Wert von 3,72 Milliarden Rupien (222.000 US-Dollar) für die Reparatur von 80 ... ausgezahlt.",Eighty houses damaged by Mt Marapi's cold lava floods to be repaired. Indonesia&#39;s National Disaster Mitigation Agency (BNPB) has disbursed financial aid worth Rp3.72 billion (US$222 thousand) to be used for repairing 80 ...,"Octoginta domus a Mt Marapi in inundationibus frigidarum lavarum reparandis laesa sunt. Indonesia &# XXXIX, s National Malitia Mitigationis Agency (BNPB) subsidia pecuniaria eroganda est tanti Rp3.72 sescenti (US $ CCXXII milia) utendum est ad reficiendas 80 ...",2026-01-07 21:55:04+00:00
39c741107cd4f777fb26b32e2c509c94,2025-06-15T18:00:00Z,'flooding residents',www.fresnobee.com,en,0.0,"Nearly half of Fresno residents will flee due to climate risks, report predicts","The air quality, wildfires, heat and flooding are all factors in the assessment.",https://www.fresnobee.com/news/local/article308398655.html,https://media.zenfs.com/en/fresno_bee_mcclatchy_articles_660/57b5512aefbe6ad8bd67d1ff55886d3c,,"Reality Check is a Fresno Bee series holding those in power to account and shining a light on their decisions. Have a tip? Email tips@fresnobee.com.
A new risk report from a private firm predicts a … [+5768 chars]",,"Fast die Hälfte der Einwohner von Fresno wird aufgrund von Klimarisiken fliehen, prognostiziert ein Bericht. Bei der Bewertung spielen die Luftqualität, Waldbrände, Hitze und Überschwemmungen eine Rolle.","Nearly half of Fresno residents will flee due to climate risks, report predicts. The air quality, wildfires, heat and flooding are all factors in the assessment.","Fere dimidium incolarum Fresno fugiet ob periculum climatis, fama praedicit. Qualitas caeli, wildfires, calor et inundatio sunt omnes factores in aestimatione.",2026-01-07 21:55:04+00:00
fce8252837012ab1c2f209174e79de2d,2025-06-15T19:11:36Z,'flooding',www.cbsnews.com,en,0.0,"Flash floods kill 3 in West Virginia, several people missing",Flash flooding caused by torrential rains on Saturday killed at least three people in northern West Virginia. Officials said 2.5 to 4 inches of rain fell within about half an hour.,https://www.cbsnews.com/news/west-virginia-flash-flooding-deaths/,https://assets2.cbsnewsstatic.com/hub/i/r/2025/06/15/a992e04e-0b6b-4738-8377-7d6dda966c03/thumbnail/1200x630/5290af6b08b9c0d7b091d6714064f373/national-road-feature.jpg?v=d2f497bd9339ad99d2e0559414346698,,"Flash flooding caused by torrential rains killed three people in northern West Virginia and rescue crews were searching for several missing people Sunday, while authorities were assessing damage to r… [+2680 chars]",,"Bei Sturzfluten kommen in West Virginia drei Menschen ums Leben, mehrere Menschen werden vermisst. Bei Sturzfluten aufgrund heftiger Regenfälle kamen am Samstag im Norden von West Virginia mindestens drei Menschen ums Leben. Beamte sagten, dass innerhalb einer halben Stunde 2,5 bis 4 Zoll Regen fielen.","Flash floods kill 3 in West Virginia, several people missing. Flash flooding caused by torrential rains on Saturday killed at least three people in northern West Virginia. Officials said 2.5 to 4 inches of rain fell within about half an hour.","Flash inundationes 3 in Virginia West occidunt, plures homines desunt. Flash inundatio per imbres torrentiales Sabbati occisi saltem tres homines in Virginia occidentalibus septentrionalibus. Magistratus dixerunt 2.5 ad 4 pollices pluviae intra mediam fere horam cecidisse.",2026-01-07 21:55:04+00:00
0416578181d8f03ddc726e0e7ee15a2b,2025-06-15T20:32:17Z,'deluge',www.newsweek.com,en,0.0,"U.S. Open Final Round Suspended amid Weather, but There's a Catch","The final round of the 2025 U.S. Open was halted as a deluge of rain struck Oakmont Country Club, but players are not heading to the clubhouse.",https://www.newsweek.com/sports/golf/us-open-final-round-suspended-catch-2085775,https://d.newsweek.com/en/full/2663491/sam-burns.jpg,,"Oakmont Country Club is playing host to the 2025 U.S. Open this week. As the final round was playing out, players were struggling mightily. Normally playing conditions are the reason for that.
That … [+2076 chars]",,"Die Endrunde der US Open wurde wegen des Wetters unterbrochen, aber es gibt einen Haken. Die Endrunde der U.S. Open 2025 wurde abgebrochen, als eine Regenflut den Oakmont Country Club traf, aber die Spieler begeben sich nicht zum Clubhaus.","U.S. Open Final Round Suspended amid Weather, but There's a Catch. The final round of the 2025 U.S. Open was halted as a deluge of rain struck Oakmont Country Club, but players are not heading to the clubhouse.","Americae Open final inter Intermissa inter Tempestas, sed illic 'a Capite. Ultima circum 2025 US Aperta constitit ut inundatio pluviae Oakmont Antipolis percussit, sed scaenicorum ad fustilium non petitur.",2026-01-07 21:55:04+00:00
5bea9246b0f9e76f93000c6fd7c99065,2025-06-15T22:09:13Z,'floods',www.npr.org,en,0.0,Deadly flash floods kill 13 in San Antonio and at least 3 in West Virginia,"Fast-paced floodwaters in San Antonio left 13 people dead. West Virginia also witnessed at least three deaths from flash flooding, with more people missing.",https://www.npr.org/2025/06/15/nx-s1-5434259/flash-floods-deaths-san-antonio-west-virginia,https://npr.brightspotcdn.com/dims3/default/strip/false/crop/4032x2268+0+468/resize/1400/quality/100/format/jpeg/?url=http%3A%2F%2Fnpr-brightspot.s3.amazonaws.com%2F2e%2F76%2F1e72713048d498af9bf998f23471%2Fap25163662849050.jpg,,"Flash floods hit the San Antonio area late last week, leaving 13 dead, the San Antonio Fire Department confirmed over the weekend. 
The flooding arrived in the San Antonio area on Thursday, when a r… [+1800 chars]",,"Bei tödlichen Sturzfluten kommen in San Antonio 13 Menschen und in West Virginia mindestens drei Menschen ums Leben. Bei den rasanten Überschwemmungen in San Antonio kamen 13 Menschen ums Leben. In West Virginia kamen außerdem mindestens drei Menschen durch Sturzfluten ums Leben, weitere Menschen werden vermisst.","Deadly flash floods kill 13 in San Antonio and at least 3 in West Virginia. Fast-paced floodwaters in San Antonio left 13 people dead. West Virginia also witnessed at least three deaths from flash flooding, with more people missing.","Inundationes mortiferae 13 in San Antonio necant et saltern 3 in Virginia West. Aquae diluvii rapidae in San Antonio 13 homines mortuos reliquerunt. Etiam Virginia Occidentalis testata est saltem tres mortes a mico inundatione, cum plures homines absentis.",2026-01-07 21:55:04+00:00
d6c6d3cea7f84a6276c51adbd7485021,2025-06-15T22:29:28Z,'flooding',www.abc.net.au,en,0.0,Quick shears and cheers a much-needed escape for flood-hit town,"Two months after being inundated by record flooding, Thargomindah hosts one of the richest quick-shear competitions in Australia, giving the community a break from dealing with the disaster's aftermath.",https://www.abc.net.au/news/2025-06-16/shearers-shindig-thargomindah-outback-community-flood-recovery/105419168,https://live-production.wcms.abc-cdn.net.au/fb2ccaafdcdf9d78fd55b7b1b5cb0d23?impolicy=wcms_watermark_news&cropH=2813&cropW=5000&xPos=0&yPos=41&width=862&height=485&imformat=generic,,"Wool goes flying on stage at the Thargomindah Shearers Shindig as two people race to see who can shear a sheep the fastest.
The atmosphere is electric, but behind the thrill of the challenge there's… [+3785 chars]",,"Schnelles Scheren und Jubel, eine dringend benötigte Flucht aus der von Überschwemmungen heimgesuchten Stadt. Zwei Monate nach der Überschwemmung in Rekordhöhe findet in Thargomindah einer der reichhaltigsten Schnellscherwettbewerbe Australiens statt, der der Gemeinde eine Pause von der Bewältigung der Folgen der Katastrophe gönnt.","Quick shears and cheers a much-needed escape for flood-hit town. Two months after being inundated by record flooding, Thargomindah hosts one of the richest quick-shear competitions in Australia, giving the community a break from dealing with the disaster's aftermath.","Velox forfice et clamorem multae necessitatis effugium pro cataracta oppido. Duobus mensibus post inundationem recordationis inundationis Thargomindah Exercitus unus ex opulentissimis certationibus in Australia vivo tondent, dans communitati intermissum ne cum calamitate reparata esset.",2026-01-07 21:55:04+00:00
315fa17b3d6617239b473d2cfa138907,2025-06-16T02:31:54Z,'flooding health',abcnews.go.com,en,0.0,WATCH: Flash floods destroy homes and wash away roads in West Virginia,There is a state of emergency in West Virgina where at least three people are dead and several missing from flash flooding Saturday night.,https://abcnews.go.com/world-news-tonight-with-david-muirT/video/flash-floods-destroy-homes-wash-roads-west-virginia-122878597,https://i.abcnewsfe.com/a/05524665-6cb3-4f7a-9f3b-b9dc0a07e99c/250615_wn_smith_flash_floods2_hpMain_16x9.jpg?w=992,,"<ul><li>Flash floods destroy homes and wash away roads in West Virginia
</li><li>Minnesota shootings are the latest attacks on lawmakers and political appointees
</li><li>Gunman opens fire during '… [+4373 chars]",,ANSEHEN: Sturzfluten zerstören Häuser und spülen Straßen in West Virginia weg. In West Virginia herrscht Ausnahmezustand. Mindestens drei Menschen sind bei den Sturzfluten am Samstagabend ums Leben gekommen und mehrere werden vermisst.,WATCH: Flash floods destroy homes and wash away roads in West Virginia. There is a state of emergency in West Virgina where at least three people are dead and several missing from flash flooding Saturday night.,"VIG: Flash inundationes domos destruunt et vias abluunt in Virginia West. Status casus est in Virgina occidentali, ubi saltem tres homines mortui sunt et plures desunt e mico inundatione Sabbati noctis.",2026-01-07 21:55:04+00:00
4e55d4facaca5c4ca2441795ca6e1cee,2025-06-16T03:45:26Z,'flooding victims',www.wpxi.com,en,0.0,"South Strabane fire department damaged by flooding, sinkhole opens just down the road","A sinkhole off Oak Spring Road is 25 feet by 25 feet and 16 feet deep. While the construction crew was working on fixing the hole, it continued to cave.",https://www.wpxi.com/news/local/south-strabane-fire-department-damaged-by-flooding-sinkhole-opens-just-down-road/V4B7XOWXOBEHBDBALBH5K2MTBY/,https://cmg-cmg-tv-10080-prod.cdn.arcpublishing.com/resizer/v2/https%3A%2F%2Fd1hfln2sfez66z.cloudfront.net%2F06-16-2025%2Ft_542ddc7e4a424b3d879a0d5b7b364c71_name_N_STRABANE_FLOOD_Addison_and_Corey_new_04_frame_186.jpeg?auth=12aedcc61708831d197b753b4c526a8c4e1a08bdf2ee73b2fa97ac14b35182db&width=1200&height=630&smart=true,,"SOUTH STRABANE TOWNSHIP, Pa. — A sinkhole off Oak Spring Road is 25 feet by 25 feet and 16 feet deep. While the construction crew was working on fixing the hole, it continued to cave.
RELATED COVERA… [+2188 chars]",,"Feuerwehr von South Strabane durch Überschwemmung beschädigt, Erdfall öffnet sich direkt an der Straße. Ein Erdfall an der Oak Spring Road ist 25 Fuß mal 25 Fuß groß und 16 Fuß tief. Während das Bauteam daran arbeitete, das Loch zu reparieren, brach es weiter ein.","South Strabane fire department damaged by flooding, sinkhole opens just down the road. A sinkhole off Oak Spring Road is 25 feet by 25 feet and 16 feet deep. While the construction crew was working on fixing the hole, it continued to cave.","Incendia meridionalis Strabane department inundatione laesa, sinkhole viam mox aperit. A sinkhole off Quercus Spring Via 25 pedes 25 pedum et 16 pedes alta est. Dum constructio cantavit in figendo foramine, perseuerat ad antrum.",2026-01-07 21:55:04+00:00
90830ba8b5dc910fbae7dd5a40edf35b,2025-06-16T05:46:36Z,'flooding rain',thehillstimes.in,en,0.0,Heavy Rain Paralyzes Guwahati Again: Waterlogging Sparks Outrage Among Residents,"HT Digital GUWAHATI, JUNE 16: A new bout of heavy rain early on Monday morning once again paralyzed everyday life in Guwahati, as waterlogging submerged most of the city’s low-lying and heavily populated zones. The familiar problem of man-made flooding result…",https://thehillstimes.in/assam/guwahati/heavy-rain-paralyzes-guwahati-again-waterlogging-sparks-outrage-among-residents,https://thehillstimes.in/wp-content/uploads/2024/08/in-assam_flood_3.jpg,,"HT Digital
GUWAHATI, JUNE 16: A new bout of heavy rain early on Monday morning once again paralyzed everyday life in Guwahati, as waterlogging submerged most of the city’s low-lying and heavily popu… [+1887 chars]",,"Starker Regen legt Guwahati erneut lahm: Staunässe löst bei Bewohnern Empörung aus. HT Digital GUWAHATI, 16. JUNI: Ein neuer heftiger Regenfall am frühen Montagmorgen legte den Alltag in Guwahati erneut lahm, da Staunässe die meisten tief gelegenen und dicht besiedelten Gebiete der Stadt überschwemmte. Das bekannte Problem der vom Menschen verursachten Überschwemmungen ist die Folge…","Heavy Rain Paralyzes Guwahati Again: Waterlogging Sparks Outrage Among Residents. HT Digital GUWAHATI, JUNE 16: A new bout of heavy rain early on Monday morning once again paralyzed everyday life in Guwahati, as waterlogging submerged most of the city’s low-lying and heavily populated zones. The familiar problem of man-made flooding result…","Imber gravis Guwahati resoluit Iterum: Waterlogging scintillae Iniuria inter Residentibus. HT Digital GUWAHATI, JUNIUS 16: Novum praedurae pluviae gravissimae primo die Lunae mane iterum vita cotidiana in Guwahati paralytica, sicut aquatica maxime demersa in urbe zonis humiles et graviter populatae. Nota problema inundationis hominis effecti...",2026-01-07 21:55:04+00:00
05a2c803c695ded01eb711cb37649aac,2025-06-16T06:12:11Z,'flooding death',timesofindia.indiatimes.com,en,0.0,Vietnam death toll from Typhoon Wutip rises to seven,"Rest of World News: The death toll in Vietnam from heavy rains and flooding caused by Typhoon Wutip has risen to seven, authorities said on Monday.Wutip made landfall in .",https://timesofindia.indiatimes.com/world/rest-of-world/vietnam-death-toll-from-typhoon-wutip-rises-to-seven/articleshow/121876543.cms,"https://static.toiimg.com/thumb/msid-121876733,width-1070,height-580,imgsize-687648,resizemode-75,overlay-toi_sw,pt-32,y_pad-40/photo.jpg",,"Animals with super senses: How they detect earthquakes, illness, and emotions",,"Die Zahl der Todesopfer durch den Taifun Wutip in Vietnam steigt auf sieben. Nachrichten aus dem Rest der Welt: Die Zahl der Todesopfer in Vietnam durch heftige Regenfälle und Überschwemmungen, die durch den Taifun Wutip verursacht wurden, ist auf sieben gestiegen, teilten die Behörden am Montag mit. Wutip traf im Jahr auf Land.","Vietnam death toll from Typhoon Wutip rises to seven. Rest of World News: The death toll in Vietnam from heavy rains and flooding caused by Typhoon Wutip has risen to seven, authorities said on Monday.Wutip made landfall in .","Comitia Vietnamia mortem a Typhoon Wutip oritur ad septem. Requiem Nuntii Mundi: Mortis vectigal in Vietnam ex gravibus imbribus et inundatione Typhonis Wutip orta est ad septem, auctores die Lunae dixerunt. Wutip terram ruinam fecit.",2026-01-07 21:55:04+00:00
5721a7c6622f2bd1f415f8fab811f977,2025-06-16T10:00:01Z,'floods',www.rt.com,en,0.0,Deadly South African storm claims dozens of lives (VIDEO),"The death toll from recent floods in South Africa’s Eastern Cape has reached 88, rescue teams are still at work Read Full Article at RT.com",https://www.rt.com/africa/619424-south-african-deadly-storm/,https://mf.b37mrtl.ru/files/2025.06/article/684fe5b185f54060ea2ac4f3.jpg,,"The death toll from last week’s deadly flooding in South Africa has climbed to 88, as emergency services continue to search for missing persons, the Eastern Cape Provincial Government confirmed on Su… [+2048 chars]",,"Tödlicher Sturm in Südafrika fordert Dutzende Todesopfer (VIDEO). Die Zahl der Todesopfer durch die jüngsten Überschwemmungen im südafrikanischen Ostkap hat 88 erreicht, Rettungsteams sind immer noch im Einsatz. Den vollständigen Artikel finden Sie auf RT.com","Deadly South African storm claims dozens of lives (VIDEO). The death toll from recent floods in South Africa’s Eastern Cape has reached 88, rescue teams are still at work Read Full Article at RT.com","Tempestas mortifera Africae Australis affirmat justos vitarum (VIDEO). Mortuorum vectigal ex recentibus inundationibus in Promontorio Africae Australi perventum est 88, iunctiones liberandae adhuc in opere Read Full Article at RT.com",2026-01-07 21:55:04+00:00
68cb91a60b0753f00741f4fda801c076,2025-06-16T10:38:31Z,'flooding rain',www.nbcnews.com,en,0.0,"Flash flooding kills 5 in West Virginia, rescue teams searching for missing people",Flash flooding caused by torrential rains killed five people in northern West Virginia and rescue crews were searching for three other people.,https://www.nbcnews.com/news/us-news/flash-flooding-kills-5-west-virginia-rescue-teams-searching-missing-pe-rcna213204,"https://media-cldnry.s-nbcnews.com/image/upload/t_nbcnews-fp-1200-630,f_auto,q_auto:best/rockcms/2025-06/250616-West-Virginia-RS-1c6d94.jpg",,Flash flooding caused by torrential rains killed five people in northern West Virginia and rescue crews were searching for three other people who were missing Sunday as authorities assessed damage to… [+3059 chars],,"Bei Sturzfluten in West Virginia kommen fünf Menschen ums Leben, Rettungsteams suchen nach vermissten Personen. Bei Sturzfluten aufgrund heftiger Regenfälle kamen im Norden von West Virginia fünf Menschen ums Leben, Rettungskräfte suchten nach drei weiteren Personen.","Flash flooding kills 5 in West Virginia, rescue teams searching for missing people. Flash flooding caused by torrential rains killed five people in northern West Virginia and rescue crews were searching for three other people.","Fulgura inundatio 5 in West Virginia necat, eripe iugis quaerendo pro populo absentis. Flash inundatio imbrium torrentium causata quinque homines in Virginia West septentrionali occidit et nautas liberandos tres alios homines quaerebant.",2026-01-07 21:55:04+00:00
6d94ee7a38e62f3be41fb9d9586ab5b7,2025-06-16T12:00:01Z,'flooding victims',www.huffpost.com,en,0.0,Trump Hasn’t Visited A Single Natural Disaster Site As President — But Has Managed 40 Golf Days,"Trump, who politicized disasters during his campaign, is now slow-walking aid to victims of dozens of tornadoes, floods and wildfires.",https://www.huffpost.com/entry/trump-ignoring-disasters_n_684c8b3de4b0897e37f9f7a6,https://img.huffingtonpost.com/asset/684c8c09190000771d246f9c.jpeg?cache=yvv99N7bdA&ops=1200_630,,"President Donald Trump walks on the South Lawn of the White House as he arrives from the Trump National Golf Club DC in Washington, D.C., on May 26.
WASHINGTON After making political hay of a train … [+10162 chars]",,"Trump hat als Präsident keinen einzigen Ort einer Naturkatastrophe besucht – aber 40 Golftage geschafft. Trump, der im Wahlkampf Katastrophen politisierte, leistet nun nur langsam Hilfe für die Opfer von Dutzenden Tornados, Überschwemmungen und Waldbränden.","Trump Hasn’t Visited A Single Natural Disaster Site As President — But Has Managed 40 Golf Days. Trump, who politicized disasters during his campaign, is now slow-walking aid to victims of dozens of tornadoes, floods and wildfires.","BUCINUM Singulum Naturalis Disaster Site Praeses non visitavit — Sed XL Golf Dies administravit. Trump, qui calamitates politicas in expeditione sua gessit, nunc auxilium tardus est ad victimas dozenorum turbines, inundationes et incendia.",2026-01-07 21:55:04+00:00
5b038300d41872142ae159d1be221e31,2025-06-16T13:13:00Z,'flooding',www.cbsnews.com,en,0.0,"Deadly flooding hits West Virginia and San Antonio, Texas","Intense rain flooded the northern part of West Virginia over the weekend, killing at least five people in flash floods and partially collapsing an apartment building. The same storm system had also devastated parts of San Antonio, Texas, killing at least 13 p…",https://www.cbsnews.com/video/deadly-flooding-hits-west-virginia-and-san-antonio-texas/,https://assets1.cbsnewsstatic.com/hub/i/r/2025/06/16/52c35ebb-20bb-4cf5-80a1-16b15d25e2eb/thumbnail/1200x630/9cd11441cf1781491a4b611755221376/0616-cmo-hanson.jpg?v=d2f497bd9339ad99d2e0559414346698,,Copyright ©2025 CBS Interactive Inc. All rights reserved.,,"Tödliche Überschwemmungen treffen West Virginia und San Antonio, Texas. Heftige Regenfälle überschwemmten am Wochenende den nördlichen Teil von West Virginia, töteten bei Sturzfluten mindestens fünf Menschen und ließen ein Wohnhaus teilweise einstürzen. Das gleiche Sturmsystem hatte auch Teile von San Antonio, Texas, verwüstet und mindestens 13 Menschen getötet.","Deadly flooding hits West Virginia and San Antonio, Texas. Intense rain flooded the northern part of West Virginia over the weekend, killing at least five people in flash floods and partially collapsing an apartment building. The same storm system had also devastated parts of San Antonio, Texas, killing at least 13 p…","Inundatio letalis Virginiae et San Antonio Texas pervenit. Imber vehemens inundavit septentrionalem partem Virginiae Westsaxonum super weekend, quinque saltem homines in diluvio splendido necans et ex parte aedificii diaetae concidit. Eadem tempestas systematis partes S. Antonii etiam devastavit Texas, saltem 13 p.",2026-01-07 21:55:04+00:00
e11e868d1d2e8935493bab10bc1b5496,2025-06-16T16:55:27Z,'flooding damage',www.insurancejournal.com,en,0.0,Flash Flooding Kills 5 in West Virginia as Rescue Teams Search for Missing,"Flash flooding caused by torrential rains killed five people in northern West Virginia and rescue crews were searching for three other people who were missing Sunday as authorities assessed damage to roads, bridges, natural gas lines and other infrastructure.…",https://www.insurancejournal.com/news/southeast/2025/06/16/827982.htm,https://www.insurancejournal.com/app/uploads/2025/06/AP25166678940558.jpg,,Flash flooding caused by torrential rains killed five people in northern West Virginia and rescue crews were searching for three other people who were missing Sunday as authorities assessed damage to… [+3176 chars],,"Bei Sturzfluten in West Virginia kommen fünf Menschen ums Leben, Rettungsteams suchen nach Vermissten. Bei Sturzfluten, die durch sintflutartige Regenfälle verursacht wurden, kamen im Norden von West Virginia fünf Menschen ums Leben, und Rettungskräfte suchten am Sonntag nach drei weiteren Personen, die vermisst wurden, während die Behörden Schäden an Straßen, Brücken, Erdgasleitungen und anderer Infrastruktur beurteilten.…","Flash Flooding Kills 5 in West Virginia as Rescue Teams Search for Missing. Flash flooding caused by torrential rains killed five people in northern West Virginia and rescue crews were searching for three other people who were missing Sunday as authorities assessed damage to roads, bridges, natural gas lines and other infrastructure.…","Flash Flooding Kills 5 in West Virginia as Eripe Teams Search for Missing. Fulgura inundatio ex imbribus torrentialibus quinque homines in Virginia Occidentali septentrionali occiderunt et nautas liberandos quaerebant tres alios homines, qui dominico absentes auctoritates aestimaverunt damna viarum, pontium, linearum gasorum naturalium et alia infrastructura.",2026-01-07 21:55:04+00:00
13142830f6201278fd39010014bdce0d,2025-06-16T18:06:15Z,'flooding damage',economictimes.indiatimes.com,en,0.0,"Monsoon fury grips Karnataka: Landslides block NH-169, Mangaluru faces flooding","Relentless monsoon rains have disrupted life in Karnataka's coastal, central, and northern districts, causing landslides, urban flooding, and crop damage. The India Meteorological Department (IMD) has predicted continued heavy rainfall, issuing orange alerts …",https://economictimes.indiatimes.com/news/india/monsoon-fury-grips-karnataka-landslides-block-nh-169-mangaluru-faces-flooding/articleshow/121891959.cms,"https://img.etimg.com/thumb/msid-121891965,width-1200,height-630,imgsize-132238,overlay-economictimes/articleshow.jpg",,"Relentless monsoon rains disrupted life in coastal, central and northern districts of Karnataka.A landslide on National Highway 169 (NH-169) and severe urban flooding in Mangaluru underscore the stat… [+2972 chars]",,"Monsunwut erfasst Karnataka: Erdrutsche blockieren NH-169, Mangaluru droht Überschwemmung. Unerbittliche Monsunregen haben das Leben in den Küsten-, Zentral- und Nordbezirken Karnatakas gestört und Erdrutsche, städtische Überschwemmungen und Ernteschäden verursacht. Das India Meteorological Department (IMD) hat anhaltende starke Regenfälle vorhergesagt und orangefarbene Warnungen ausgegeben …","Monsoon fury grips Karnataka: Landslides block NH-169, Mangaluru faces flooding. Relentless monsoon rains have disrupted life in Karnataka's coastal, central, and northern districts, causing landslides, urban flooding, and crop damage. The India Meteorological Department (IMD) has predicted continued heavy rainfall, issuing orange alerts …","Monsoon furor Karnataka tenet: Landslides obstruunt NH-169, Mangaluru facies inundans. Imbres crudeles monsoons vitam dissipaverunt in regionibus maritimis, centralibus, centralibus et septentrionalibus Karnataka, cum ruinas, inundationes urbanas, et damnum seges causant. In India Meteorologico Department (IMD) praedixerat pluvias graves continuas, summis montibus aurantiacis fiebant.",2026-01-07 21:55:04+00:00
177e121faf85cc2cf52f8cbb22c004c8,2025-06-16T19:46:03Z,'floods',www.newsweek.com,en,0.0,West Virginia City Sees Double Average Rainfall Amid Fatal Floods,"More thunderstorms are on the way, with multiple states under flash flood watches or similar alerts on Monday.",https://www.newsweek.com/west-virginia-floods-double-average-rainfall-2086231,https://d.newsweek.com/en/full/2664073/heavy-rain-west-virginia.jpg,,"A city in West Virginia has seen more than double its average rainfall for the first two weeks of June amid thunderstorms that pummeled the region this past weekend.
National Weather Service (NWS) m… [+2941 chars]",,"In der Stadt West Virginia fallen trotz tödlicher Überschwemmungen doppelt so viele durchschnittliche Niederschläge. Weitere Gewitter sind im Anmarsch, und mehrere Bundesstaaten unterliegen am Montag einer Sturzflutüberwachung oder ähnlichen Warnungen.","West Virginia City Sees Double Average Rainfall Amid Fatal Floods. More thunderstorms are on the way, with multiple states under flash flood watches or similar alerts on Monday.","West Virginia City Videt Geminus Mediocris Rainfall Inter Fatal Floods. Plures tonitruum in viis sunt, cum multiplicibus civitatibus sub diluvio vigiliarum mico vel similibus summis die Lunae.",2026-01-07 21:55:04+00:00
7d88a1380bb404573f6922483059158e,2025-06-16T20:48:47Z,'floods',www.abc.net.au,en,0.0,Record floods smash oyster stocks but bring ironic long-term benefit,"Record-breaking floods in NSW have helped open the Manning River's rare second entrance which, ironically, is expected to improve oyster quality in the region for years to come.",https://www.abc.net.au/news/2025-06-17/manning-river-oyster-farmers-benefit-flood-damage/105369822,https://live-production.wcms.abc-cdn.net.au/a613a1d8b0a922ba10e7eeba02dd548b?impolicy=wcms_watermark_news&cropH=2813&cropW=5000&xPos=0&yPos=261&width=862&height=485&imformat=generic,,"Oyster farmers have lost hundreds of thousands of molluscs in the recent record flooding, but experts believe the deluge could benefit the industry long term.
Ian Crisp spent a week shifting oyster … [+4822 chars]",,"Rekordüberschwemmungen vernichten die Austernbestände, bringen aber ironischerweise langfristige Vorteile. Rekordüberschwemmungen in NSW haben dazu beigetragen, den seltenen zweiten Eingang des Manning River zu öffnen, was ironischerweise die Austernqualität in der Region in den kommenden Jahren verbessern dürfte.","Record floods smash oyster stocks but bring ironic long-term benefit. Record-breaking floods in NSW have helped open the Manning River's rare second entrance which, ironically, is expected to improve oyster quality in the region for years to come.","Inundationes commemorant nervum conlidere ostream, sed irrisoriam diuturnum tempus affere. Record-fractionis in NSW diluvias apertas adiuvaverunt rariorem secundi introitus Fluminis Manning qui, ironice exspectatur ut ostreae qualitatem meliorem in regione annis futuris.",2026-01-07 21:55:04+00:00
a0154638a165ccea9b3aacf465c38135,2025-06-16T23:50:00Z,'flooding',www.snopes.com,en,0.0,"No, images don't show thousands flooding Golden Gate Bridge for 2025 'No Kings' march","In 1987, an estimated 800,000 people gathered to celebrate the 50th anniversary of the iconic San Francisco bridge.",https://www.snopes.com//fact-check/golden-gate-bridge-no-kings-march/,https://mediaproxy.snopes.com/width/1200/https://media.snopes.com/2025/06/golden_gate_50th_anniversary.jpg,,"Claim:
Images depict the Golden Gate Bridge in San Francisco during the 2025 No Kings march.
On June 14, 2025, millions of people across the U.S. showed up for the ""No Kings"" marches protesting the… [+2908 chars]",,"Nein, die Bilder zeigen nicht, wie Tausende die Golden Gate Bridge für den „No Kings“-Marsch 2025 überschwemmen. Im Jahr 1987 versammelten sich schätzungsweise 800.000 Menschen, um den 50. Jahrestag der berühmten Brücke von San Francisco zu feiern.","No, images don't show thousands flooding Golden Gate Bridge for 2025 'No Kings' march. In 1987, an estimated 800,000 people gathered to celebrate the 50th anniversary of the iconic San Francisco bridge.","Imo imagines non ostendunt mille inundantes portam Auream pontem pro 2025 'No Regum' iter. Anno 1987, 800,000 extimationis hominum convenerunt ad celebrandum L anniversarium pontis iconicae San Francisco.",2026-01-07 21:55:04+00:00
01d58d7978b440822bdd0e65ea0682ef,2025-06-17T02:03:11Z,'flooding',www.nbcsports.com,en,0.0,Victims of West Virginia flooding need our help,This is something I don't do very often.,https://www.nbcsports.com/nfl/profootballtalk/rumor-mill/news/victims-of-west-virginia-flooding-need-our-help,https://nbcsports.brightspotcdn.com/dims4/default/b97cf7d/2147483647/strip/true/crop/1140x641+0+78/resize/1440x810!/quality/90/?url=https%3A%2F%2Fnbc-sports-production-nbc-sports.s3.us-east-1.amazonaws.com%2Fbrightspot%2Ff5%2F49%2Fefd5d61d4c44bae18c05d037a21f%2Fwheelingflood061625-01-2-1750113866.jpg,,"This is something I dont do very often. Fortunately, there are few natural disasters in my home state and in my hometown that require me to do it.
Despite the 16-year relationship with NBC, PFT is a… [+1991 chars]",,"Opfer der Überschwemmungen in West Virginia brauchen unsere Hilfe. Das ist etwas, was ich nicht sehr oft mache.",Victims of West Virginia flooding need our help. This is something I don't do very often.,Victimae in inundatione Virginiae occidentalis auxilio nostro indigent. Hoc est quod persaepe non facio.,2026-01-07 21:55:04+00:00
32012a07a02a4a134981bb8659f9e243,2025-06-17T09:00:00Z,'flooding',www.rand.org,en,0.0,Health and High Water—Health Impacts of Increased Rainfall on Families Living in Racially Isolated Neighborhoods in Pittsburgh,"This paper details the methods and findings of the Health and High Water project, which studied resident perceptions and impacts of basement wetness in Pittsburgh, flooding experiences, housing, contaminants, and health and other outcomes.",https://www.rand.org/pubs/working_papers/WRA386-1.html,https://www.rand.org/content/rand/pubs/working_papers/WRA386-1/jcr:content/par/product.crop.1200x900.cm.jpeg/1750096743127.jpeg,,This research was supported by the U.S. Environmental Protection Agency and the National Oceanic and Atmospheric Administration and conducted in the Community Health and Environmental Policy Program … [+1020 chars],,"Gesundheit und Hochwasser – Gesundheitsauswirkungen erhöhter Regenfälle auf Familien, die in rassistisch isolierten Vierteln in Pittsburgh leben. In diesem Artikel werden die Methoden und Ergebnisse des Health and High Water-Projekts detailliert beschrieben, bei dem die Wahrnehmung und Auswirkungen der Kellernässe in Pittsburgh durch die Bewohner, Überschwemmungserfahrungen, Wohnverhältnisse, Schadstoffe sowie gesundheitliche und andere Folgen untersucht wurden.","Health and High Water—Health Impacts of Increased Rainfall on Families Living in Racially Isolated Neighborhoods in Pittsburgh. This paper details the methods and findings of the Health and High Water project, which studied resident perceptions and impacts of basement wetness in Pittsburgh, flooding experiences, housing, contaminants, and health and other outcomes.","Salutem et Maximum Water-Salutem Impacts pluviae auctae in Familiae in Racially solitaria vicinitatibus Pittsburgh. Haec charta methodos et inventas Salutis et Altae Aquae delineatio retinet, quae perceptio residentium et impulsus humiditatis in Pittsburgh inundantia, experientias inundantes, habitationem, contaminantium, et sanitatis aliosque eventus investigaverunt.",2026-01-07 21:55:04+00:00
0cec86428ea7e086a018f03c6e0f6d16,2025-06-17T13:28:49Z,'flooding',www.fox2detroit.com,en,0.0,"Metro Detroit severe weather: Damaging wind, large hail, and flooding all possible Wednesday","Damaging wind, large hail, and flooding are all possibilities during severe storms this week in Metro Detroit. Tornadoes are also not out of the question.",https://www.fox2detroit.com/weather/metro-detroit-severe-weather-damaging-wind-large-hail-flooding-all-possible-wednesday,https://s.yimg.com/ny/api/res/1.2/G3_wsX52caOwvoB4YPw02w--/YXBwaWQ9aGlnaGxhbmRlcjt3PTEyMDA7aD02NzU-/https://media.zenfs.com/en/wjbk_fox_local_articles_927/a05e1d51db1d639130d584b60ec78a4f,,"The Brief
<ul><li>Damaging wind, large hail, and flooding are all possibilities Wednesday.
</li><li>Thunderstorms could begin popping up in Southeast Michigan as early as midday, but the greatest c… [+1793 chars]",,"Unwetter in Metro Detroit: Verheerender Wind, großer Hagel und Überschwemmungen sind am Mittwoch möglich. Verheerender Wind, großer Hagel und Überschwemmungen sind alles mögliche bei schweren Stürmen in dieser Woche im Großraum Detroit. Auch Tornados sind nicht ausgeschlossen.","Metro Detroit severe weather: Damaging wind, large hail, and flooding all possible Wednesday. Damaging wind, large hail, and flooding are all possibilities during severe storms this week in Metro Detroit. Tornadoes are also not out of the question.","Metro Detroit tempestatibus gravibus: Damnosus ventus, grando magna, et inundatio omnia possibilia Mercurii. Venti damnosi, grandines magnae et inundationes omnes facultates sunt in gravibus procellis hac septimana in Metro Detroit. Polluces etiam non sunt ex quaestione.",2026-01-07 21:55:04+00:00
8973880b67b0b463667d13c1613a9dfc,2025-06-17T13:31:52Z,'flooding damage',theconversation.com,en,0.0,"Lower revenues, pricier loans: how flooding in Europe affects firms and the financial system they depend on",Two studies show how flooding can reduce companies’ earnings and their ability to access finance.,https://theconversation.com/lower-revenues-pricier-loans-how-flooding-in-europe-affects-firms-and-the-financial-system-they-depend-on-258755,https://images.theconversation.com/files/673711/original/file-20250611-56-7cn4r0.jpg?ixlib=rb-4.1.0&rect=0%2C351%2C4288%2C2144&q=45&auto=format&w=1356&h=668&fit=crop,,"In Europe, the fastest-warming continent, the intensification of extreme weather events and changes in precipitation patterns have led to widespread and catastrophic flooding. Last year, storms and f… [+5977 chars]",,"Geringere Einnahmen, teurere Kredite: Wie sich Überschwemmungen in Europa auf Unternehmen und das Finanzsystem auswirken, von dem sie abhängig sind. Zwei Studien zeigen, wie Überschwemmungen die Erträge von Unternehmen und ihren Zugang zu Finanzmitteln beeinträchtigen können.","Lower revenues, pricier loans: how flooding in Europe affects firms and the financial system they depend on. Two studies show how flooding can reduce companies’ earnings and their ability to access finance.","Vectigalia minora, quantiora credita: quomodo inundatio in Europa firmitates afficit et ratio nummaria dependentia. Duo studia demonstrant quomodo inundatio quaestus societatum reducere possit et facultates oeconomicis accedere.",2026-01-07 21:55:04+00:00
c72f8c1ae44d649d90b0b26b1be06ece,2025-06-17T15:00:00Z,'deluge',www.theblaze.com,en,0.0,G7 meets in a carbon-rich paradise to demand less carbon,"As Canadians host the 50th annual G7 Summit this week in Kananaskis, Alberta, they can expect a deluge of “climate-saving” proclamations — rhetoric divorced from scientific evidence and economic reality.This elite gathering of the world’s leading economies, a…",https://www.theblaze.com/columns/opinion/g7-meets-in-a-carbon-rich-paradise-to-demand-less-carbon,https://www.theblaze.com/media-library/g7-meets-in-a-carbon-rich-paradise-to-demand-less-carbon.jpg?id=61016498&width=1200&height=600&coordinates=0%2C94%2C0%2C95,,"As Canadians host the 50th annual G7 Summit this week in Kananaskis, Alberta, they can expect a deluge of climate-saving proclamations rhetoric divorced from scientific evidence and economic reality.… [+3466 chars]",,"G7 trifft sich in einem kohlenstoffreichen Paradies, um weniger Kohlenstoff zu fordern. Da die Kanadier diese Woche den 50. jährlichen G7-Gipfel in Kananaskis, Alberta, ausrichten, können sie mit einer Flut von „klimaschonenden“ Proklamationen rechnen – Rhetorik, die von wissenschaftlichen Erkenntnissen und wirtschaftlicher Realität getrennt ist. Dieses Elitetreffen der führenden Volkswirtschaften der Welt, ein…","G7 meets in a carbon-rich paradise to demand less carbon. As Canadians host the 50th annual G7 Summit this week in Kananaskis, Alberta, they can expect a deluge of “climate-saving” proclamations — rhetoric divorced from scientific evidence and economic reality.This elite gathering of the world’s leading economies, a…","G7 in paradiso carbonii divite convenit ut carbonem minus exigat. Cum Canada hospitantur 50th annui G7 Summi hac septimana in Kananaskis, Alberta, exspectant diluvium ""climatis-salvandi"" praedicationum - rhetorica divortium a scientificis testimoniis et re oeconomica. Haec electa collectio mundi oeconomiae principales, a…",2026-01-07 21:55:04+00:00
64035e0cd9b6ca6919e15b02b8017659,2025-06-17T16:41:30Z,'flooding relief',www.rt.com,en,0.0,South Africa declares day of mourning after deadly floods,"According to South Africa’s Eastern Cape government, the death toll from last week’s flooding has risen to 90 Read Full Article at RT.com",https://www.rt.com/africa/619536-south-africa-declares-mourning-day-flood-victims/,https://mf.b37mrtl.ru/files/2025.06/article/6851697a85f5405fc638091e.jpg,,"The Eastern Cape provincial government has confirmed the identification of 80 individuals who lost their lives in the devastating floods that have severely impacted the province.
The adverse weather… [+2332 chars]",,Südafrika ruft nach tödlichen Überschwemmungen einen Trauertag aus. Nach Angaben der südafrikanischen Regierung am Ostkap ist die Zahl der Todesopfer durch die Überschwemmungen letzte Woche auf 90 gestiegen. Lesen Sie den vollständigen Artikel auf RT.com,"South Africa declares day of mourning after deadly floods. According to South Africa’s Eastern Cape government, the death toll from last week’s flooding has risen to 90 Read Full Article at RT.com","South Africa post funestos inundationes luctum diem declarat. Secundum Imperium Orientale Africae Australis, vectigal mortis inundationis ab ultima septimana orta est 90 Read Full Article at RT.com",2026-01-07 21:55:04+00:00
9698a0e9c41985cf7c3c2633d5f94278,2025-06-17T20:40:02Z,'flooding storm',phys.org,en,0.0,"Lower revenues, pricier loans: How flooding in Europe affects firms and the financial system they depend on","In Europe, the fastest-warming continent, the intensification of extreme weather events and changes in precipitation patterns have led to widespread and catastrophic flooding. Last year, storms and flooding affected an estimated 413,000 people, resulting in t…",https://phys.org/news/2025-06-revenues-pricier-loans-europe-affects.html,https://scx2.b-cdn.net/gfx/news/hires/2022/flood-2.jpg,,"In Europe, the fastest-warming continent, the intensification of extreme weather events and changes in precipitation patterns have led to widespread and catastrophic flooding. Last year, storms and f… [+6328 chars]",,"Geringere Einnahmen, teurere Kredite: Wie sich Überschwemmungen in Europa auf Unternehmen und das Finanzsystem auswirken, von dem sie abhängig sind. In Europa, dem sich am schnellsten erwärmenden Kontinent, haben die Intensivierung extremer Wetterereignisse und veränderte Niederschlagsmuster zu großflächigen und katastrophalen Überschwemmungen geführt. Im vergangenen Jahr waren schätzungsweise 413.000 Menschen von Stürmen und Überschwemmungen betroffen, was dazu führte, dass …","Lower revenues, pricier loans: How flooding in Europe affects firms and the financial system they depend on. In Europe, the fastest-warming continent, the intensification of extreme weather events and changes in precipitation patterns have led to widespread and catastrophic flooding. Last year, storms and flooding affected an estimated 413,000 people, resulting in t…","Vectigalia minora, mutui pretii: Quomodo inundatio in Europa firmos afficit ac systema oeconomico pendent. In Europa, continente celerrime calefactio, intensio tempestatum extremarum eventuum et mutationum in praecipitatione exemplaria diffusa et calamitosas inundationes effecit. Anno praeterito tempestates et inundationes extimationis 413,000 hominum afficiuntur, inde in t…",2026-01-07 21:55:04+00:00
b6317fdbefec9be4af0424f62124ab0a,2025-06-17T22:58:31Z,'flooding storm',www.nbcsports.com,en,0.0,Site of this week's Korn Ferry Tour event badly damaged after overnight storm,"Crestview Country Club, which will host the Wichita Open beginning Thursday, sustained significant damage with downed trees, flooding and mangled tournament structures.",https://www.nbcsports.com/golf/news/site-of-this-weeks-korn-ferry-tour-event-badly-damaged-after-overnight-storm,https://nbcsports.brightspotcdn.com/dims4/default/ea2906e/2147483647/strip/true/crop/1508x848+0+112/resize/1440x810!/quality/90/?url=https%3A%2F%2Fnbc-sports-production-nbc-sports.s3.us-east-1.amazonaws.com%2Fbrightspot%2F45%2F19%2F5a4d70a64f7f8e27e51fccc91a40%2Fscreenshot-2025-06-17-at-6-41-48-pm.png,,"A severe storm that produced triple-digit wind gusts and caused significant damage to the Wichita, Kansas, area overnight Monday didnt spare the host of this weeks Korn Ferry Tour event.
Crestview C… [+1602 chars]",,"Der Veranstaltungsort der Korn Ferry Tour dieser Woche wurde nach einem nächtlichen Sturm schwer beschädigt. Der Crestview Country Club, der ab Donnerstag die Wichita Open ausrichten wird, erlitt erhebliche Schäden durch umgestürzte Bäume, Überschwemmungen und zerstörte Turnierstrukturen.","Site of this week's Korn Ferry Tour event badly damaged after overnight storm. Crestview Country Club, which will host the Wichita Open beginning Thursday, sustained significant damage with downed trees, flooding and mangled tournament structures.","Situs huius septimanae Korn Ferry Tour eventum male laesum post pernoctare tempestatem significat. Crestview Antipolis, quae Wichita Aperi initio Iovis hospitio erit, detrimentum significans sustinuit cum arboribus demissis, inundatione et torneamento structurae lacerato.",2026-01-07 21:55:04+00:00
7577d1318c91037b1384d4093b4885d8,2025-06-18T11:00:00Z,'flooding',www.wired.com,en,0.0,Authors Are Posting TikToks to Protest AI Use in Writing—and to Prove They Aren’t Doing It,Traditional and indie authors are flooding #WritersTok with videos of them editing their manuscripts to refute accusations of generative AI use—and bring readers into their very human process.,https://www.wired.com/story/authors-are-posting-tiktoks-to-protest-ai-use-in-writing-and-to-prove-they-arent-doing-it/,"https://media.wired.com/photos/6849e9309c5235a80db9fc71/191:100/w_1280,c_limit/Writers-Proving-Not-Using-AI-Business.jpg",,"Godschild, who penned the fantasy novel The Hunter and The Hunted, says shes been writing since childhood and goes through a lengthy processplotting her manuscript years before putting pen to paper. … [+3060 chars]",,"Autoren veröffentlichen TikToks, um gegen den Einsatz von KI beim Schreiben zu protestieren – und um zu beweisen, dass sie es nicht tun. Traditionelle und Indie-Autoren überschwemmen #WritersTok mit Videos, in denen sie ihre Manuskripte bearbeiten, um Vorwürfe der generativen KI-Nutzung zu entkräften – und die Leser in ihren sehr menschlichen Prozess einzubeziehen.",Authors Are Posting TikToks to Protest AI Use in Writing—and to Prove They Aren’t Doing It. Traditional and indie authors are flooding #WritersTok with videos of them editing their manuscripts to refute accusations of generative AI use—and bring readers into their very human process.,Auctores TikToks sunt nuntiare protest AI Usus in scriptura—et probare non faciunt. Traditional and Indie authores inundant #WritersTok cum videos eorum edendis manuscriptis ad refutandas accusationes generativorum AI usus - et lectores in processum humanum afferunt.,2026-01-07 21:55:04+00:00
fccd2445f37981b8fd83042a93e3558a,2025-06-18T13:30:11Z,'flooding',english.khabarhub.com,en,0.0,Heavy rain in Tibet triggers flood alert for Bhote Koshi and Sunkoshi rivers,KATHMANDU: The Department of Hydrology and Meteorology has urged residents living along the banks of the Bhote Koshi and Sunkoshi rivers in Sindhupalchok district to remain on high alert due to the risk of flooding. The advisory comes after reports of possibl…,https://english.khabarhub.com/2025/18/478439/,https://english.khabarhub.com/wp-content/uploads/2021/06/SUNKOSHI-FLOOD.jpg,,KATHMANDU: The Department of Hydrology and Meteorology has urged residents living along the banks of the Bhote Koshi and Sunkoshi rivers in Sindhupalchok district to remain on high alert due to the r… [+899 chars],,"Starker Regen in Tibet löst Hochwasseralarm für die Flüsse Bhote Koshi und Sunkoshi aus. KATHMANDU: Das Ministerium für Hydrologie und Meteorologie hat die Bewohner an den Ufern der Flüsse Bhote Koshi und Sunkoshi im Distrikt Sindhupalchok aufgefordert, wegen der Überschwemmungsgefahr in höchster Alarmbereitschaft zu bleiben. Das Advisory erfolgt nach Berichten über mögliche …",Heavy rain in Tibet triggers flood alert for Bhote Koshi and Sunkoshi rivers. KATHMANDU: The Department of Hydrology and Meteorology has urged residents living along the banks of the Bhote Koshi and Sunkoshi rivers in Sindhupalchok district to remain on high alert due to the risk of flooding. The advisory comes after reports of possibl…,Imber gravis in Tibet triggers inundatione vigilavit ad flumina Bhote Koshi et Sunkoshi. KATHMANDU: Department of Hydrologiae et Meteorologiae incolas per ripas fluminum Bhote Koshi et Sunkoshi in regione Sindhupalchok habitantes suasit ut in altum intenti periculum ob inundationis manere suasit. Consiliarium post relationes possibilium...,2026-01-07 21:55:04+00:00
9ebbe7894e4b507f681928da408dbf2d,2025-06-18T14:51:11Z,'flooding',www.aljazeera.com,en,0.0,"Hurricane Erick approaches Pacific coast, threatens Mexico with flooding",Erick is expected to rapidly intensify and reach major hurricane strength as it approaches Mexico's coast.,https://www.aljazeera.com/news/2025/6/18/hurricane-erick-approaches-pacific-coast-threatens-mexico-with-flooding,https://www.aljazeera.com/wp-content/uploads/2025/06/AFP__20250530__48PD9U8__v1__HighRes__UsScienceClimateEnvironmentNoaa-1750255163.jpg?resize=1920%2C1440,,"Hurricane Erick is forecast to bring heavy rain, strong winds, storm surge and possible mudslides to southern coastal Mexico, the United States National Hurricane Center (NHC) has said, causing poten… [+1157 chars]",,"Hurrikan Erick nähert sich der Pazifikküste und droht Mexiko mit Überschwemmungen. Es wird erwartet, dass Erick sich schnell intensiviert und große Hurrikanstärke erreicht, wenn er sich der Küste Mexikos nähert.","Hurricane Erick approaches Pacific coast, threatens Mexico with flooding. Erick is expected to rapidly intensify and reach major hurricane strength as it approaches Mexico's coast.","Procellae Erick appropinquat oram Pacifici, inundationem Mexicum minatur. Erick expectatur ut celeriter augeatur et maiorem vim tempestatis attingat dum ad oram Mexici accedit.",2026-01-07 21:55:04+00:00
63c83bbb446f02a0e6587fdcf5abac04,2025-06-18T16:15:59Z,'flooding',www.theverge.com,en,0.0,Futureproof,"AI tools are flooding the culture ecosystem — and no corner of the arts space is immune. In this series, we’re looking at the ways artists are embracing AI, pushing back on it, or trying their best to find an equilibrium with a new technology that’s both swee…",https://www.theverge.com/ai-artificial-intelligence/688592/futureproof-artists-and-ai,https://platform.theverge.com/wp-content/uploads/sites/2/2025/06/257666_futureproofing_jgibbs-header.jpg?quality=90&strip=all&crop=0%2C10.761835884455%2C100%2C78.47632823109&w=1200,,"AI tools are flooding the culture ecosystem — and no corner of the arts space is immune. In this series, we’re looking at the ways artists are embracing AI, pushing back on it, or trying their best t… [+463 chars]",,"Zukunftssicher. KI-Tools überschwemmen das Kulturökosystem – und kein Winkel des Kunstbereichs ist davor gefeit. In dieser Serie schauen wir uns die Art und Weise an, wie Künstler KI annehmen, sie zurückdrängen oder ihr Bestes geben, um ein Gleichgewicht mit einer neuen Technologie zu finden, die sowohl süß ist …","Futureproof. AI tools are flooding the culture ecosystem — and no corner of the arts space is immune. In this series, we’re looking at the ways artists are embracing AI, pushing back on it, or trying their best to find an equilibrium with a new technology that’s both swee…","Futureproof. AI instrumenta ecosystem culturam inundant - nullumque spatium artium angulus immunis est. In hac serie, vias artificum comprehendimus AI, repellentes in ea, vel maxime conantes aequilibrium invenire cum nova technologia quae utrumque swee…",2026-01-07 21:55:04+00:00
54b9e16328ed41e4bb38abf488576761,2025-06-18T16:56:24Z,'flooding',economictimes.indiatimes.com,en,0.0,Hurricane tracker 2025: Eric nearing Pacific coast - Mexicans and Americans need to keep these things handy,"Hurricane Erick 2025 is quickly gaining strength as it nears Mexico’s Pacific coast, threatening states like Oaxaca, Guerrero, and Chiapas with heavy rain, strong winds, flooding, and mudslides. The U.S. National Hurricane Center warns Erick could reach major…",https://economictimes.indiatimes.com/news/international/us/hurricane-tracker-2025-eric-nearing-pacific-coast-mexicans-and-americans-need-to-keep-these-things-handy/articleshow/121936258.cms,"https://img.etimg.com/thumb/msid-121936224,width-1200,height-630,imgsize-252934,overlay-economictimes/articleshow.jpg",,"Hurricane tracker 2025: Eric nearing Pacific coast - Mexicans and Americans need to keep these things handy- Hurricane Erick 2025: Stronger storm heads for Mexicos Pacific coast, residents urged to s… [+7990 chars]",,"Hurrikan-Tracker 2025: Eric nähert sich der Pazifikküste – Mexikaner und Amerikaner müssen diese Dinge griffbereit haben. Hurrikan Erick 2025 gewinnt schnell an Stärke, während er sich der Pazifikküste Mexikos nähert und Staaten wie Oaxaca, Guerrero und Chiapas mit heftigen Regenfällen, starken Winden, Überschwemmungen und Schlammlawinen bedroht. Das Nationale Hurrikanzentrum der USA warnt davor, dass Erick schwere Schäden anrichten könnte.","Hurricane tracker 2025: Eric nearing Pacific coast - Mexicans and Americans need to keep these things handy. Hurricane Erick 2025 is quickly gaining strength as it nears Mexico’s Pacific coast, threatening states like Oaxaca, Guerrero, and Chiapas with heavy rain, strong winds, flooding, and mudslides. The U.S. National Hurricane Center warns Erick could reach major…","Procellae venator 2025: Eric appropinquans oram Pacifici - Mexicani et Americani opus est ut haec habilis custodiat. Procellae Erick 2025 celeriter vires assequuntur ut appropinquat oram Pacifici Mexici, sicut Oaxaca, Guerrero, et Chiapas cum pluvia, ventis validis, inundationibus et mudslides imminet. US National Procellae Center monet Erick maiorem pervenire posse ...",2026-01-07 21:55:04+00:00
58f444e39784e57986ac1848de5e5bdf,2025-06-18T19:07:45Z,'flooding',economictimes.indiatimes.com,en,0.0,"Nearly 70,000 evacuated in southern China as Typhoon Wutip triggers massive flooding","Typhoon Wutip triggered severe flooding in southern China, leading to the evacuation of nearly 70,000 people. Zhaoqing city in Guangdong province experienced widespread submersion, with floodwaters impacting shopfronts and roads. Rescue teams mobilized to ass…",https://economictimes.indiatimes.com/news/international/world-news/nearly-70000-evacuated-in-southern-china-as-typhoon-wutip-triggers-massive-flooding/articleshow/121938780.cms,"https://img.etimg.com/thumb/msid-121938842,width-1200,height-630,imgsize-7916,overlay-economictimes/articleshow.jpg",,"Nearly 70,000 people in southern China have been evacuated after heavy flooding caused by Typhoon Wutip, Chinese state media reported Wednesday. Vast areas of Zhaoqing city in Guangdong province were… [+627 chars]",,"Fast 70.000 Menschen wurden im Süden Chinas evakuiert, da der Taifun Wutip massive Überschwemmungen auslöste. Der Taifun Wutip löste im Süden Chinas schwere Überschwemmungen aus, die zur Evakuierung von fast 70.000 Menschen führten. In der Stadt Zhaoqing in der Provinz Guangdong kam es zu weitreichenden Überschwemmungen, wobei das Hochwasser Ladenfronten und Straßen in Mitleidenschaft zog. Rettungsteams werden mobilisiert, um…","Nearly 70,000 evacuated in southern China as Typhoon Wutip triggers massive flooding. Typhoon Wutip triggered severe flooding in southern China, leading to the evacuation of nearly 70,000 people. Zhaoqing city in Guangdong province experienced widespread submersion, with floodwaters impacting shopfronts and roads. Rescue teams mobilized to ass…","Fere 70,000 in Sinis australi cessere sicut Typhoon Wutip triggers ingens inundatio. Typhoon Wutip gravem inundationem in Sinis meridionalibus urget, ducens ad evacuationem fere 70.000 hominum. Zhaoqing urbs in Guangdong provincia late submersionem expertus est, cum aquae diluvii shopfronts et viae impacting. Eripe teams conscribitur asino ...",2026-01-07 21:55:04+00:00
44856b5738c4136f8abd0f0974e7d582,2025-06-19T07:18:54Z,'floods',www.npr.org,en,0.0,Erick is an 'extremely dangerous' Category 4 hurricane near Mexico's Pacific coast,"The major storm threatens to unleash destructive winds near where the eye crashes ashore, flash floods and a dangerous storm surge, forecasters said.",https://www.npr.org/2025/06/19/nx-s1-5439031/hurricane-erick-mexico-pacific,https://npr.brightspotcdn.com/dims3/default/strip/false/crop/5282x2971+0+275/resize/1400/quality/100/format/jpeg/?url=http%3A%2F%2Fnpr-brightspot.s3.amazonaws.com%2Fb4%2F03%2F222512c5415999f3b20016b6beca%2Fap25169855273083.jpg,,"PUERTO ESCONDIDO, Mexico Southern Mexico's Pacific coast was braced for a Thursday morning impact with the approach of Hurricane Erick, which was upgraded to an ""extremely dangerous"" Category 4 early… [+5377 chars]",,"Erick ist ein „extrem gefährlicher“ Hurrikan der Kategorie 4 nahe der Pazifikküste Mexikos. Der schwere Sturm droht, zerstörerische Winde in der Nähe der Stelle, an der das Auge an Land stürzt, sowie Sturzfluten und eine gefährliche Sturmflut auszulösen, sagten Prognostiker.","Erick is an 'extremely dangerous' Category 4 hurricane near Mexico's Pacific coast. The major storm threatens to unleash destructive winds near where the eye crashes ashore, flash floods and a dangerous storm surge, forecasters said.","Erick est 'maxime periculosa' Categoria 4 procellae prope litus Pacificum Mexici. Maior tempestas ingruat ventos perniciosos erumpere prope ubi oculus littus ruit, flumina micare et periculosa tempestas fluctuare, forecasters dixit.",2026-01-07 21:55:04+00:00
091dfedc77649fa572d39f2cf3548fc5,2025-06-19T09:16:52Z,'flooding',www.abc.net.au,en,0.0,"NSW's busiest courthouse closed due to flooding, some trials aborted","The state's busiest courthouse, Downing Centre, was shut down due to a burst water main in Sydney's CBD earlier this week.",https://www.abc.net.au/news/2025-06-19/sydney-court-downing-centre-closes-due-to-floods-damage/105439234,https://live-production.wcms.abc-cdn.net.au/c63759e1f6e1680f514174b6ea7ec919?impolicy=wcms_watermark_news&cropH=848&cropW=1508&xPos=0&yPos=80&width=862&height=485&imformat=generic,,"The busiest courthouse in New South Wales will be closed for at least one month, and some part-heard trials aborted, due to flood damage from earlier this week.
The Downing Centre on Tuesday was shu… [+2699 chars]",,"Das geschäftigste Gerichtsgebäude von NSW wurde wegen Überschwemmung geschlossen, einige Prozesse wurden abgebrochen. Das geschäftigste Gerichtsgebäude des Bundesstaates, das Downing Centre, wurde Anfang dieser Woche wegen eines Wasserrohrbruchs im zentralen Geschäftsviertel von Sydney geschlossen.","NSW's busiest courthouse closed due to flooding, some trials aborted. The state's busiest courthouse, Downing Centre, was shut down due to a burst water main in Sydney's CBD earlier this week.","NSW frequentissima curia clausa ob inundationem, aliquas probationes abortivi. Villa frequentissima publica, Downing Centre clausa, ob aquae ruptae principale in Sydney CBD antea hac hebdomade occlusa est.",2026-01-07 21:55:04+00:00
f523e1c7a66bfefd717a40977f0324be,2025-06-19T10:02:25Z,'floods',finance.yahoo.com,en,0.0,China floods Brazil with cheap EVs triggering backlash,(Reuters) -The world's largest car-carrying ship - with the equivalent of 20 football fields of vehicles - completed its maiden journey late last month to...,https://finance.yahoo.com/news/china-floods-brazil-cheap-evs-100225024.html,https://media.zenfs.com/en/reuters.com/763cb90f84f354cb539b281f71117b6e,,"By Alessandro Parodi and Victoria Waldersee
(Reuters) -The world's largest car-carrying ship - with the equivalent of 20 football fields of vehicles - completed its maiden journey late last month to… [+7256 chars]",,"China überschwemmt Brasilien mit billigen Elektrofahrzeugen, was zu Gegenreaktionen führt. (Reuters) – Das größte Autotransportschiff der Welt – mit umgerechnet 20 Fußballfeldern an Fahrzeugen – hat Ende letzten Monats seine Jungfernfahrt abgeschlossen, um...",China floods Brazil with cheap EVs triggering backlash. (Reuters) -The world's largest car-carrying ship - with the equivalent of 20 football fields of vehicles - completed its maiden journey late last month to...,Sina Brazil inundat cum vili EVs excitato backlash. (Reuters) - Navis autocinetica maxima mundi - cum viginti campis vehiculis aequipollentibus - perfecit iter virginalem nuper ultimo mense ad…,2026-01-07 21:55:04+00:00
caa6cdcbdb9a7f5e76d2b15049ec0a68,2025-06-19T10:14:02Z,'flooding storm',www.aljazeera.com,en,0.0,Hurricane Erick upgraded to Category 4 storm as it approaches Mexico,The United States National Hurricane Center has warned of the risk of 'life-threatening flooding and mudslides'.,https://www.aljazeera.com/news/2025/6/19/hurricane-erick-upgraded-to-category-4-storm-as-it-approaches-mexico,https://www.aljazeera.com/wp-content/uploads/2025/06/epa_6853c2de0d18-1750319838.jpg?resize=1920%2C1440,,"Hurricane Erick has become an extremely dangerous Category 4 storm, hours before it is expected to pummel Mexicos Pacific coastline, the United States National Hurricane Center (NHC) has said.
In it… [+2980 chars]",,"Hurrikan Erick wurde auf Sturmkategorie 4 hochgestuft, als er sich Mexiko näherte. Das Nationale Hurrikanzentrum der Vereinigten Staaten hat vor der Gefahr „lebensbedrohlicher Überschwemmungen und Schlammlawinen“ gewarnt.",Hurricane Erick upgraded to Category 4 storm as it approaches Mexico. The United States National Hurricane Center has warned of the risk of 'life-threatening flooding and mudslides'.,Procellae Ericks upgraded ad Categoriam 4 procellam cum Mexico appropinquat. Civitatum Foederatarum National Hurricane Centrum de periculo monuit 'inundationis et mudslides' vitae comminationis.,2026-01-07 21:55:04+00:00
2c5fd62852dddd744407c32aece61497,2025-06-19T10:17:49Z,'floods',www.insurancejournal.com,en,0.0,Planetary Waves Linked to Wild Summer Weather Have Tripled Since 1950: Study,"Climate change has tripled the frequency of atmospheric wave events linked to extreme summer weather in the last 75 years and that may explain why long-range computer forecasts keep underestimating the surge in killer heat waves, droughts and floods, a …",https://www.insurancejournal.com/news/international/2025/06/19/828476.htm,https://www.insurancejournal.com/app/uploads/2025/02/wilted-crop-during-heatwave-861948978-AdobeStock-scaled.jpeg,,Climate change has tripled the frequency of atmospheric wave events linked to extreme summer weather in the last 75 years and that may explain why long-range computer forecasts keep underestimating t… [+4096 chars],,"Mit wildem Sommerwetter verbundene Planetenwellen haben sich seit 1950 verdreifacht: Studie. Durch den Klimawandel hat sich die Häufigkeit atmosphärischer Wellenereignisse im Zusammenhang mit extremem Sommerwetter in den letzten 75 Jahren verdreifacht, und das könnte erklären, warum langfristige Computerprognosen den Anstieg tödlicher Hitzewellen, Dürren und Überschwemmungen immer wieder unterschätzen …","Planetary Waves Linked to Wild Summer Weather Have Tripled Since 1950: Study. Climate change has tripled the frequency of atmospheric wave events linked to extreme summer weather in the last 75 years and that may explain why long-range computer forecasts keep underestimating the surge in killer heat waves, droughts and floods, a …","Fluctus planetae coniunctum aestivum Tempestas Triplicata Cum MCML: Study. Mutatio climatis frequentiam atmosphaericae undae eventorum coniunctorum cum extremae tempestatis aestatis proximis 75 annis triplicata est, et hoc explicari potest cur praenuntiationes computatrales diuturnae minoris aestimentur aestus in fluctibus, siccitatibus et inundationibus, a ...",2026-01-07 21:55:04+00:00
bf6fafc54b6eab602466d14680c5a1c8,2025-06-19T11:00:09Z,'flooding',wreg.com,en,0.0,"Massive flooding causes road closures in Memphis, the Mid-South","MEMPHIS, Tenn. — A flash flood warning was issued Thursday morning for parts of the Mid-South as severe weather moves through early Thursday morning. WREG...",https://wreg.com/news/local/flash-flooding-causes-crashes-road-closures-in-tipton-county/,https://media.zenfs.com/en/wreg_articles_784/ea9b3507a02826f5a614fb17425b3081,,"MEMPHIS, Tenn. A flash flood warning was issued Thursday morning for parts of the Mid-South as severe weather moves through early Thursday morning.
WREG crews captured photos of the massive flooding… [+1962 chars]",,"Massive Überschwemmungen führen zu Straßensperrungen in Memphis im Mittleren Süden. MEMPHIS, Tennessee – Am Donnerstagmorgen wurde für Teile des Mittleren Südens eine Sturzflutwarnung herausgegeben, da am frühen Donnerstagmorgen schwere Unwetter anhalten. WREG...","Massive flooding causes road closures in Memphis, the Mid-South. MEMPHIS, Tenn. — A flash flood warning was issued Thursday morning for parts of the Mid-South as severe weather moves through early Thursday morning. WREG...","Inundatio ingens causat commissuras in Memphis, in Meridionali. MEMPHIS, Tenn. — Diluvium fulgurum monitum Iovis mane dimissum est ad partes meridianae meridianae, quam saeva tempestas per mane Iovis mane movetur. WREG...",2026-01-07 21:55:04+00:00
e3612f90661834c650c9734df4129cf8,2025-06-19T11:37:43Z,'flooding',www.aljazeera.com,en,0.0,Rainstorms trigger severe flooding in south China,"Heavy rainfall in southern China has caused severe flooding and landslides, affecting over 300,000 people.",https://www.aljazeera.com/video/newsfeed/2025/6/19/rainstorms-trigger-severe-flooding-in-south-china,https://www.aljazeera.com/wp-content/uploads/2025/06/image-1750333043.jpg?resize=1920%2C1080&quality=80,,"NewsFeed
Heavy rainfall in southern China has caused severe flooding and landslides, affecting over 300,000 people and forcing nearly 70,000 to evacuate their homes.",,"Regenstürme lösen in Südchina schwere Überschwemmungen aus. Starke Regenfälle im Süden Chinas haben zu schweren Überschwemmungen und Erdrutschen geführt, von denen über 300.000 Menschen betroffen waren.","Rainstorms trigger severe flooding in south China. Heavy rainfall in southern China has caused severe flooding and landslides, affecting over 300,000 people.","Nimbus in Sinis australis inundatio felis gravis. Imbribus gravis in Sinis meridianis graves inundationes et ruinas fecit, afficiens supra 300.000 homines.",2026-01-07 21:55:04+00:00
14f6db67eb7c619e64ee6613c8fa8b95,2025-06-19T12:35:19Z,'flooding death',timesofindia.indiatimes.com,en,0.0,South Africa declares national disaster as flooding death toll rises to 92,Rest of World News: JOHANNESBURG: South Africa was under a declared state of national disaster on Thursday as the death toll from floods caused by severe rains in the Eas.,https://timesofindia.indiatimes.com/world/rest-of-world/south-africa-declares-national-disaster-as-flooding-death-toll-rises-to-92/articleshow/121954838.cms,"https://static.toiimg.com/thumb/msid-121954901,width-1070,height-580,imgsize-1185273,resizemode-75,overlay-toi_sw,pt-32,y_pad-40/photo.jpg",,"How to build a small, self-sustaining aesthetic Terrarium at home",,"Südafrika erklärt den nationalen Katastrophenzustand, da die Zahl der Todesopfer bei Überschwemmungen auf 92 steigt. Nachrichten aus der restlichen Welt: JOHANNESBURG: Südafrika wurde am Donnerstag zum nationalen Katastrophenzustand erklärt, da die Zahl der Todesopfer durch Überschwemmungen, die durch schwere Regenfälle im Osten verursacht wurden, zunahm.",South Africa declares national disaster as flooding death toll rises to 92. Rest of World News: JOHANNESBURG: South Africa was under a declared state of national disaster on Thursday as the death toll from floods caused by severe rains in the Eas.,Africa Australis calamitatem nationalem declarat ac inundationem mortis vectigal enascentem 92. Requiem Nuntii Mundi: JOHANNESBURG: Africa Australis sub die Iovis calamitatis nationalis declaratus fuit sicut mors vectigal ex inundationibus gravibus imbribus in Eas.,2026-01-07 21:55:04+00:00
870fcab2cf4bcbd913de3b01b65c1d2b,2025-06-19T13:20:05Z,'flooding damage',abcnews.go.com,en,0.0,South Africa declares national disaster as flooding death toll rises to 92,South Africa's Eastern Cape provincial authorities say the death toll from recent floods has risen to 92,https://abcnews.go.com/International/wireStory/south-africa-declares-national-disaster-flooding-death-toll-123005185,https://i.abcnewsfe.com/a/180b79fc-e262-4ec5-bd25-3d42d9d91c5d/wirestory_639a7b2d2bc6cc7202cc96b41961ade8_16x9.jpg?w=1600,,"JOHANNESBURG -- South Africa was under a declared state of national disaster on Thursday as the death toll from floods caused by severe rains in the Eastern Cape region rose to 92.
The Eastern Cape … [+2656 chars]",,"Südafrika erklärt den nationalen Katastrophenfall, da die Zahl der Todesopfer bei Überschwemmungen auf 92 steigt. Nach Angaben der südafrikanischen Provinzverwaltung Ostkap ist die Zahl der Todesopfer durch die jüngsten Überschwemmungen auf 92 gestiegen",South Africa declares national disaster as flooding death toll rises to 92. South Africa's Eastern Cape provincial authorities say the death toll from recent floods has risen to 92,Africa Australis calamitatem nationalem declarat sicut inundatio mortis vectigal oritur 92. Auctoritates provinciarum Promontorium Orientalis Africae Australis dicunt mortem vectigal ex recentibus inundationibus ortam esse 92.,2026-01-07 21:55:04+00:00
fe23b0b47a9516d999c93fe98455ff30,2025-06-19T13:22:32Z,'flooding storm',nypost.com,en,0.0,"Hurricane Erick makes landfall in Mexico as Category 3 storm with destructive winds, flooding rain","The Mexican government issued Hurricane Warnings from Acapulco to Puerto Angel, with various tropical alerts also in effect to the north and south of those Hurricane Warnings.",https://nypost.com/2025/06/19/world-news/hurricane-erick-makes-landfall-in-mexico-as-category-3-storm/,https://nypost.com/wp-content/uploads/sites/2/2025/06/woman-records-waves-breaking-beach-106767359.jpg?quality=75&strip=all&w=1024,,"Extremely dangerous Hurricane Erick made landfall along Mexicos southwestern coast as a Category 3 storm on Thursday morning, unleashing destructive winds and torrential rain, leading to life-threate… [+3203 chars]",,"Hurrikan Erick trifft in Mexiko als Sturm der Kategorie 3 mit zerstörerischen Winden und überflutendem Regen auf Land. Die mexikanische Regierung gab von Acapulco bis Puerto Angel Hurrikanwarnungen heraus, wobei auch nördlich und südlich dieser Hurrikanwarnungen verschiedene Tropenwarnungen in Kraft waren.","Hurricane Erick makes landfall in Mexico as Category 3 storm with destructive winds, flooding rain. The Mexican government issued Hurricane Warnings from Acapulco to Puerto Angel, with various tropical alerts also in effect to the north and south of those Hurricane Warnings.","Turbo Erick ruinam facit in Mexico ut Categoria 3 procella ventis perniciosis, pluvia inundante. Regimen Mexicanum ab Acapulco ad Puerto Angelum monita ab Acapulco ad Puerto Angelum edita, cum variis summis tropicis etiam re vera ad septentrionem et meridiem illorum Procellae Monitiones.",2026-01-07 21:55:04+00:00
d24d4c05aebab9e185e4890af8d873b9,2025-06-19T13:41:10Z,'flooding',www.newsweek.com,en,0.0,Mexican Sewage Flooding Into California Can Be Seen From Space,Millions of gallons of wastewater flows through the Tijuana River annually.,https://www.newsweek.com/mexican-sewage-flooding-california-seen-space-2087813,https://d.newsweek.com/en/full/2666865/wastewater-satellite-image.jpg,,"A NASA instrument aboard the International Space Station has detected contamination from Mexican sewage that spilled into the Pacific Ocean off the coast of Southern California.
Why It Matters
The … [+2914 chars]",,Die Überschwemmung mexikanischen Abwassers nach Kalifornien ist vom Weltraum aus zu beobachten. Jährlich fließen Millionen Gallonen Abwasser durch den Tijuana River.,Mexican Sewage Flooding Into California Can Be Seen From Space. Millions of gallons of wastewater flows through the Tijuana River annually.,Mexicanus Sewage inundatio in California videri potest ex spatio. Millions lagenae aquae vastae per Tijuana fluvium quotannis fluit.,2026-01-07 21:55:04+00:00
410f1901662a31941910ac10d3d38d42,2025-06-19T14:34:11Z,'flooding damage',economictimes.indiatimes.com,en,0.0,"Hurricane Erick slams into Mexico as Category 3 storm: are you in the danger zone? Flash floods, red alerts, and evacuations hit Oaxaca and Guerrero — here’s what you need to know","Hurricane Erick made landfall on Mexico’s southern coast Thursday morning as a Category 3 storm, with powerful winds near 125 mph and heavy rainfall triggering flash floods and mudslides across Oaxaca and Guerrero. Originally a Category 4 hurricane, Erick wea…",https://economictimes.indiatimes.com/news/international/us/hurricane-erick-slams-into-mexico-as-category-3-storm-are-you-in-the-danger-zone-flash-floods-red-alerts-and-evacuations-hit-oaxaca-and-guerrero-heres-what-you-need-to-know/articleshow/121956567.cms,"https://img.etimg.com/thumb/msid-121956562,width-1200,height-630,imgsize-225122,overlay-economictimes/articleshow.jpg",,"Hurricane Erick makes landfall in Mexico as Category 3 storm, triggers evacuations and flash flooding- Hurricane Erick made landfall early Thursday morning on Mexicos southern Pacific coast, hitting … [+8086 chars]",,"Hurrikan Erick wütet als Sturm der Kategorie 3 über Mexiko: Befinden Sie sich in der Gefahrenzone? Sturzfluten, Alarmstufe Rot und Evakuierungen trafen Oaxaca und Guerrero – hier ist, was Sie wissen müssen. Hurrikan Erick erreichte am Donnerstagmorgen als Sturm der Kategorie 3 die Südküste Mexikos. Starke Windgeschwindigkeiten von fast 125 Meilen pro Stunde und heftige Regenfälle lösten Sturzfluten und Schlammlawinen in Oaxaca und Guerrero aus. Ursprünglich war Erick ein Hurrikan der Kategorie 4.","Hurricane Erick slams into Mexico as Category 3 storm: are you in the danger zone? Flash floods, red alerts, and evacuations hit Oaxaca and Guerrero — here’s what you need to know. Hurricane Erick made landfall on Mexico’s southern coast Thursday morning as a Category 3 storm, with powerful winds near 125 mph and heavy rainfall triggering flash floods and mudslides across Oaxaca and Guerrero. Originally a Category 4 hurricane, Erick wea…","Procellae Erick slams in Mexico ut Categoria 3 procella: tune es in zona periculi? Inundationes Flash, summis rubris, et evacuationes Oaxaca et Guerrero ledo - hic est quid scire debes. Procellae Erick terram in oram Mexici Iovis meridionali mane in categoria 3 tempestatis fecit, cum ventis validis prope 125 mph et in pluviis gravibus inundationes excitato per Oaxaca et Guerrero. Primum Categoria 4 procellae, Erick wea…",2026-01-07 21:55:04+00:00
f0f1f05d3ba74a8a3d862bc608ade3f4,2025-06-19T14:46:35Z,'flooding',www.yahoo.com,en,0.0,Flooding and rock slides close heavily damaged I-40 section in Smoky Mountains,"Heavy rain, flooding and a rock slide have again closed a section of the major cross country highway Interstate 40 along its narrow corridor through the...",https://www.yahoo.com/news/flooding-rock-slides-close-heavily-144635747.html,https://media.zenfs.com/en/ap.org/c97f98d60a9f537495cadf46b9e184e4,,"HARTFORD, Tenn. (AP) Heavy rain, flooding and a rock slide have again closed a section of the major cross country highway Interstate 40 along its narrow corridor through the Great Smoky Mountains wit… [+2172 chars]",,"Überschwemmungen und Steinschläge schließen schwer beschädigten I-40-Abschnitt in Smoky Mountains. Heftiger Regen, Überschwemmungen und ein Steinschlag haben erneut einen Abschnitt der großen Überlandstraße Interstate 40 entlang ihres schmalen Korridors durch die USA gesperrt.","Flooding and rock slides close heavily damaged I-40 section in Smoky Mountains. Heavy rain, flooding and a rock slide have again closed a section of the major cross country highway Interstate 40 along its narrow corridor through the...","Inundatio et petra labitur prope graviter laedi sectionem I-40 in Montes fumoso. Imbribus gravis, inundatio et saxum lapsus iterum sectionem clausulam maioris viae crucis Interstate 40 per andronem suum angustum per...",2026-01-07 21:55:04+00:00
fd1e0fbc44d757e423684dad74524c4b,2025-06-19T15:07:44Z,'flooding evacuation',www.insurancejournal.com,en,0.0,"Major Hurricane Erick Hits Mexico’s Pacific Coast, With Life-Threatening Floods Expected","Hurricane Erick made landfall on the coast of Oaxaca, Mexico, on Thursday morning, authorities said, potentially bringing intense rains and life-threatening floods and mudslides. The storm made landfall around 5:30 am local time in the town of Santiago Pinote…",https://www.insurancejournal.com/news/international/2025/06/19/828516.htm,https://www.insurancejournal.com/app/uploads/2025/06/hurricane-season-warning-1497715922-AdobeStock-scaled.jpeg,,"Hurricane Erick made landfall on the coast of Oaxaca, Mexico, on Thursday morning, authorities said, potentially bringing intense rains and life-threatening floods and mudslides.
The storm made land… [+2056 chars]",,"Der schwere Hurrikan Erick trifft die Pazifikküste Mexikos und wird mit lebensbedrohlichen Überschwemmungen rechnen. Nach Angaben der Behörden traf Hurrikan Erick am Donnerstagmorgen auf die Küste von Oaxaca, Mexiko, und brachte möglicherweise heftige Regenfälle sowie lebensbedrohliche Überschwemmungen und Schlammlawinen mit sich. Der Sturm traf gegen 5:30 Uhr Ortszeit in der Stadt Santiago Pinote auf Land.","Major Hurricane Erick Hits Mexico’s Pacific Coast, With Life-Threatening Floods Expected. Hurricane Erick made landfall on the coast of Oaxaca, Mexico, on Thursday morning, authorities said, potentially bringing intense rains and life-threatening floods and mudslides. The storm made landfall around 5:30 am local time in the town of Santiago Pinote…","Maior Hurricane Erick Hits Mexico's Pacific Coast, With Vita-Treatening Floods Expected. Procellae Erick ruinam in litore Oaxacae, Mexici, mane Iovis, auctores dixerunt potentia ingentes pluvias et inundationes et limosas vitales ferentes. Tempestas circa terram 5:30 sum loci temporis in oppido Santiago Pinote facta est.",2026-01-07 21:55:04+00:00
8e71902f1265fe43fbfcc8d8e6199973,2025-06-19T15:14:51Z,'flooding damage',abcnews.go.com,en,0.0,Flooding and rock slides close heavily damaged I-40 section in Smoky Mountains,"Heavy rain, flooding and a rock slide have again closed a section of the major cross country highway Interstate 40 along its narrow corridor through the Great Smoky Mountains",https://abcnews.go.com/US/wireStory/flooding-rock-slides-close-heavily-damaged-40-section-123011600,https://i.abcnewsfe.com/a/097bb4cc-1db9-4560-bff5-13d93435b716/wirestory_8242d079f0fb125175209cadcab17ff9_16x9.jpg?w=1600,,"HARTFORD, Tenn. -- Heavy rain, flooding and a rock slide have again closed a section of the major cross country highway Interstate 40 along its narrow corridor through the Great Smoky Mountains.
The… [+1539 chars]",,"Überschwemmungen und Steinschläge schließen schwer beschädigten I-40-Abschnitt in Smoky Mountains. Heftiger Regen, Überschwemmungen und ein Steinschlag haben erneut einen Abschnitt der großen Überlandstraße Interstate 40 entlang ihres schmalen Korridors durch die Great Smoky Mountains gesperrt","Flooding and rock slides close heavily damaged I-40 section in Smoky Mountains. Heavy rain, flooding and a rock slide have again closed a section of the major cross country highway Interstate 40 along its narrow corridor through the Great Smoky Mountains","Inundatio et petra labitur prope graviter laedi sectionem I-40 in Montes fumoso. Imbribus gravis, inundatio et saxum iterum clausus est sectionem transversalis maioris viae publicae Interstate 40 per corridor angustum per Magnos Smoky Montes.",2026-01-07 21:55:04+00:00
f4842912c5bfa64cfde652b84daf3c42,2025-06-19T16:22:19Z,'flooding rain',www.cbc.ca,en,0.0,Heavy rainfall forecast for Calgary through the weekend,"Calgary is forecast to get a major drenching of rain in a short amount of time this weekend, but the city says no flooding over riverbanks is expected.",https://www.cbc.ca/news/canada/calgary/heavy-rainfall-forecast-for-calgary-through-the-weekend-1.7565382,https://i.cbc.ca/1.7565563.1750347737!/fileImage/httpImage/image.jpg_gen/derivatives/16x9_1180/bow-river-edworthy.jpg?im=Resize%3D620,,"Calgary is forecast to get a major drenching of rain in a short amount of time this weekend, but the city says no flooding over riverbanks is expected. 
Environment and Climate Change Canada said in… [+2837 chars]",,"Für Calgary werden für das Wochenende starke Regenfälle vorhergesagt. Es wird prognostiziert, dass es in Calgary an diesem Wochenende in kurzer Zeit zu heftigen Regenfällen kommen wird, die Stadt gibt jedoch an, dass keine Überschwemmungen an den Flussufern zu erwarten sind.","Heavy rainfall forecast for Calgary through the weekend. Calgary is forecast to get a major drenching of rain in a short amount of time this weekend, but the city says no flooding over riverbanks is expected.","Imbribus gravis praenuntiatio Calgary per volutpat. Providemus Calgary ut maiorem pluviis in brevi temporis spatio hoc weekend, sed urbs dicit nullam inundationem per ripas expectari.",2026-01-07 21:55:04+00:00
13ea372b385f4cbb429a41b29ec4a47a,2025-06-20T01:50:05Z,'floods',www.yahoo.com,en,0.0,China warns of more floods as extreme storms hit world's No.2 economy,BEIJING (Reuters) -Central and southern China were on high alert for more flash floods on Friday as the annual East Asia monsoon gathered pace and extreme...,https://www.yahoo.com/news/china-warns-extensive-flooding-heavy-015005190.html,https://media.zenfs.com/en/reuters.com/78cc59a25e744c7df8beea72d9ee186b,,"By Joe Cash and Liz Lee
BEIJING (Reuters) -Central and southern China were on high alert for more flash floods on Friday as the annual East Asia monsoon gathered pace and extreme rainfall threatened… [+2320 chars]",,"China warnt vor weiteren Überschwemmungen, da extreme Stürme die zweitgrößte Volkswirtschaft der Welt treffen. PEKING (Reuters) – Zentral- und Südchina waren am Freitag in höchster Alarmbereitschaft vor weiteren Sturzfluten, da der jährliche Ostasien-Monsun an Fahrt gewann und extreme...",China warns of more floods as extreme storms hit world's No.2 economy. BEIJING (Reuters) -Central and southern China were on high alert for more flash floods on Friday as the annual East Asia monsoon gathered pace and extreme...,Sinae monet plus diluvium ut extremae procellae mundi oeconomiam No.2 feriant. BEIJING (Reuters) - Sina centralis et meridionalis in altum intentae erant ut diluvia magis fulgura die Veneris sicut anniversaria orientis Asia monsoon gressum extremumque colligebant...,2026-01-07 21:55:04+00:00
badeeff0ec141d59d7a9bf584ddd1331,2025-06-20T01:58:41Z,'flooding',biztoc.com,en,0.0,China warns of extensive flooding after heavy rains,,https://biztoc.com/x/e02f7c87e3bd728e,https://biztoc.com/cdn/e02f7c87e3bd728e_s.webp,,"{ window.open(this.href, '_blank'); }, 200); return false;""&gt;Why is Japan's inflation reaching a two-year high? { window.open(this.href, '_blank'); }, 200); return false;""&gt;How will US-Iran tensi… [+744 chars]",,China warnt vor ausgedehnten Überschwemmungen nach heftigen Regenfällen. Nan,China warns of extensive flooding after heavy rains. nan,Sinae monet multas inundationes post imbribus. nan,2026-01-07 21:55:04+00:00
5d397e71d455022db82f549ad4700aa1,2025-06-20T05:41:48Z,'flooding',economictimes.indiatimes.com,en,0.0,China warns of more floods as extreme storms hit world's No.2 economy,"Central and southern China are on high alert as the annual East Asia monsoon intensifies, bringing extreme rainfall and flash flood risks. Red alerts were issued across six provinces and Guangxi, with flooding already disrupting regions like Hunan and Chongqi…",https://economictimes.indiatimes.com/news/international/global-trends/china-warns-of-more-floods-as-extreme-storms-hit-worlds-no-2-economy/articleshow/121967778.cms,"https://img.etimg.com/thumb/msid-121970317,width-1200,height-630,imgsize-394282,overlay-economictimes/articleshow.jpg",,Central and southern China were on high alert for more flash floods on Friday as the annual East Asia monsoon gathered pace and extreme rainfall threatened disruption in the world's second-largest ec… [+2234 chars],,"China warnt vor weiteren Überschwemmungen, da extreme Stürme die zweitgrößte Volkswirtschaft der Welt treffen. Zentral- und Südchina sind in höchster Alarmbereitschaft, da der jährliche Ostasien-Monsun zunimmt und extreme Regenfälle und Sturzflutrisiken mit sich bringt. In sechs Provinzen und in Guangxi wurde Alarmstufe Rot ausgegeben, und Überschwemmungen haben bereits Regionen wie Hunan und Chongqi in Mitleidenschaft gezogen.","China warns of more floods as extreme storms hit world's No.2 economy. Central and southern China are on high alert as the annual East Asia monsoon intensifies, bringing extreme rainfall and flash flood risks. Red alerts were issued across six provinces and Guangxi, with flooding already disrupting regions like Hunan and Chongqi…","Sinae monet plus diluvium ut extremae procellae mundi oeconomiam No.2 feriant. Sinae mediae et meridionales in altum intenti sunt ut monsoon Asiae orientalis annui intenditur, extremas pluvias et pericula diluvii afferens. Summitates rubrae per sex provincias et Guangxi editae sunt, cum inundatione iam regiones perturbantes ut Hunan et Chongqi…",2026-01-07 21:55:04+00:00
fbc09e191ea5796a782aa49f1aaa1d03,2025-06-20T07:11:02Z,'floods',www.sciencedaily.com,en,0.0,Flash floods in the Alps: How climate change is supercharging summer storms,"Fierce, fast summer rainstorms are on the rise in the Alps, and a 2 C temperature increase could double their frequency. A new study from researchers at the University of Lausanne and the University of Padova used data from nearly 300 Alpine weather stations …",https://www.sciencedaily.com/releases/2025/06/250620031102.htm,https://www.sciencedaily.com/images/1920/Lightning-Storm-Over-Dolomites.webp,,"Intense, short-lived summer downpours are expected to become both more frequent and more intense across Alpine regions as the climate warms. In a new study, scientists from the University of Lausanne… [+3019 chars]",,"Sturzfluten in den Alpen: Wie der Klimawandel Sommerstürme verstärkt. Heftige, schnelle Sommerregenschauer nehmen in den Alpen zu, und ein Temperaturanstieg um 2 °C könnte ihre Häufigkeit verdoppeln. Eine neue Studie von Forschern der Universität Lausanne und der Universität Padua nutzte Daten von fast 300 alpinen Wetterstationen …","Flash floods in the Alps: How climate change is supercharging summer storms. Fierce, fast summer rainstorms are on the rise in the Alps, and a 2 C temperature increase could double their frequency. A new study from researchers at the University of Lausanne and the University of Padova used data from nearly 300 Alpine weather stations …","In Alpibus micant flumina: Quomodo caeli mutatione supercabundat aestates tempestates. Imbres aestatis rapidae in Alpibus exoriuntur, et 2 c temperies augere potuit duplicem frequentiam. Novum studium ab inquisitoribus in Universitate Lausanensi et in Universitate Padova notitia adhibita ex stationibus tempestatum alpinis fere CCC ...",2026-01-07 21:55:04+00:00
f8cbd3258fd75d2a655be89acd8fe86b,2025-06-20T08:41:07Z,'flooding damage',www.insurancejournal.com,en,0.0,China Warns of More Floods as Extreme Storms Hit World’s No. 2 Economy,"Central and southern China were on high alert for more flash floods on Friday as the annual East Asia monsoon gathered pace and extreme rainfall threatened disruption in the world’s second-largest economy. Red alerts, the first for this year, were …",https://www.insurancejournal.com/news/international/2025/06/20/828600.htm,https://www.insurancejournal.com/app/uploads/2024/10/flash-floods-in-southwestern-chinas-sichuan-province-AP-scaled.jpg,,Central and southern China were on high alert for more flash floods on Friday as the annual East Asia monsoon gathered pace and extreme rainfall threatened disruption in the world’s second-largest ec… [+2540 chars],,"China warnt vor weiteren Überschwemmungen, da extreme Stürme die zweitgrößte Wirtschaft der Welt treffen. Zentral- und Südchina waren am Freitag in höchster Alarmbereitschaft vor weiteren Sturzfluten, da der jährliche Ostasien-Monsun an Fahrt gewann und extreme Regenfälle die zweitgrößte Volkswirtschaft der Welt zu zerstören drohten. Rote Alarme, die ersten in diesem Jahr, waren …","China Warns of More Floods as Extreme Storms Hit World’s No. 2 Economy. Central and southern China were on high alert for more flash floods on Friday as the annual East Asia monsoon gathered pace and extreme rainfall threatened disruption in the world’s second-largest economy. Red alerts, the first for this year, were …","China Warns of More Floods as Extreme Storms Hit World's No. 2 Oeconomia. Sinae mediae et meridionales in altum intentae erant die Veneris in diluviis pluribus splendentibus sicut monsoon Asiae orientalis annui gressum collegerunt et pluviae extremae discidium minati sunt in oeconomia mundi maximae secundae. In summis rubris, primi hoc anno, fuerunt ...",2026-01-07 21:55:04+00:00
e837e1ce1a2d6057167a433c113c2b75,2025-06-20T09:19:43Z,'flooding',www.globalsecurity.org,en,0.0,West Virginia Guard deploys troops in aftermath of deadly flooding,"Gov. Patrick Morrissey mobilized Soldiers and Airmen of the West Virginia National Guard after severe flash flooding in West Virginia's Ohio and Marion counties that began June 14, 2025.",https://www.globalsecurity.org/security/library/news/2025/06/sec-250618-arnews01.htm,,,"By Staff Sgt. Zoe Morris, West Virginia National Guard June 18, 2025
CHARLESTON, W.Va. -- Gov. Patrick Morrissey mobilized Soldiers and Airmen of the West Virginia National Guard after severe flash … [+3982 chars]",,"Die West Virginia Guard entsendet Truppen nach tödlichen Überschwemmungen. Gouverneur Patrick Morrissey mobilisierte Soldaten und Flieger der West Virginia National Guard nach schweren Sturzfluten in den Landkreisen Ohio und Marion in West Virginia, die am 14. Juni 2025 begannen.","West Virginia Guard deploys troops in aftermath of deadly flooding. Gov. Patrick Morrissey mobilized Soldiers and Airmen of the West Virginia National Guard after severe flash flooding in West Virginia's Ohio and Marion counties that began June 14, 2025.",West Virginia custodiae copias in reparatione funestis inundationis disponit. Gov. Patricius Morrissey milites et Airmen Occidentalium Virginiae Nationalis Cohortes convocavit post gravem inundationem in Ohio et Marion comitatuum Virginiae occidentalis quae incepit 14 Iunii 2025 .,2026-01-07 21:55:04+00:00
cc7fc995870d3b61e5cc199e20753581,2025-06-20T10:37:00Z,'flooding damage',www.newser.com,en,0.0,Rising Rivers Leave at Least 1 Dead After Hurricane Erick,Authorities in southern Mexico are assessing damage and watching rising rivers as rain from the remnants of Hurricane Erick douses the region. Torrential rains over steep coastal mountains and the landslides and flooding they could generate became a concern f…,https://www.newser.com/story/370618/rising-rivers-leave-at-least-1-dead-after-hurricane-erick.html,https://img1-azrcdn.newser.com/image/1617654-12-20250620055659.jpeg,,"Authorities reported landslides, blocked highways, downed power lines, and some flooding as coastal residents, above all in Acapulco, took the storm seriously with memories of the devastating Hurrica… [+769 chars]",,"Steigende Flüsse hinterlassen nach Hurrikan Erick mindestens einen Toten. Behörden im Süden Mexikos begutachten die Schäden und beobachten steigende Flüsse, während der Regen der Überreste des Hurrikans Erick die Region überschwemmt. Sintflutartige Regenfälle über steilen Küstenbergen und die dadurch verursachten Erdrutsche und Überschwemmungen wurden zu einem Problem für …",Rising Rivers Leave at Least 1 Dead After Hurricane Erick. Authorities in southern Mexico are assessing damage and watching rising rivers as rain from the remnants of Hurricane Erick douses the region. Torrential rains over steep coastal mountains and the landslides and flooding they could generate became a concern f…,Flumina Rising Relinquere ad minimum 1 Mortuus Post Procellae Erick. Auctoritates in Mexico meridionali damna aestimant et flumina orientem spectant ut pluvia ex reliquiis regionis Hurricane Erick excitat. Imbres torrentes per praerupta montes maritimas et proruit et inundationem generare potuerunt cura f...,2026-01-07 21:55:04+00:00
a70e13f3f8a126d81d96eb27be9dc3bc,2025-06-20T16:15:36Z,'flooding',fortune.com,en,0.0,Thousands of laid-off government workers are flooding a shrinking job market,Thousands of private government consultants laid off during the Trump administration’s cost-cutting crusade are increasingly flooding a shrinking labor market.,https://fortune.com/2025/06/20/trump-government-workers-layoffs-consultant-job-market/,"https://fortune.com/img-assets/wp-content/uploads/2025/06/GettyImages-2220313126_e1abc1.jpg?resize=1200,600",,Thousands of private government consultants laid off during the Trump administrations cost-cutting crusade are increasingly flooding a shrinking labor market. Job postings among seven of the 10 consu… [+3725 chars],,"Tausende entlassene Staatsangestellte überschwemmen einen schrumpfenden Arbeitsmarkt. Tausende private Regierungsberater, die während der Kostensenkungskampagne der Trump-Regierung entlassen wurden, überschwemmen zunehmend einen schrumpfenden Arbeitsmarkt.",Thousands of laid-off government workers are flooding a shrinking job market. Thousands of private government consultants laid off during the Trump administration’s cost-cutting crusade are increasingly flooding a shrinking labor market.,Milia-abiecta gubernationis operarii in foro job diminuendo inundant. Milia consultoribus privatis regiminis per BUCINUM administrationis cost-sectionis crucis deposita sunt magis magisque infuso mercatu laboris inundant.,2026-01-07 21:55:04+00:00
53a73d5ad0a3a5847c6c73f1d9ffe7fb,2025-06-20T16:26:15Z,'flooding landslide',biztoc.com,en,0.0,"In aftermath of Hurricane Erick, Mexico assesses damage as rising rivers leave at least 1 dead","Authorities reported landslides, blocked highways, downed power lines and some flooding.",https://biztoc.com/x/81dfd86c5a9a7af7,https://biztoc.com/cdn/81dfd86c5a9a7af7_s.webp,,"Authorities reported landslides, blocked highways, downed power lines and some flooding.
This story appeared on pbs.org, 2025-06-20 16:16:25.",,"Nach dem Hurrikan Erick bewertet Mexiko die Schäden, da steigende Flüsse mindestens einen Toten fordern. Die Behörden meldeten Erdrutsche, blockierte Autobahnen, heruntergekommene Stromleitungen und einige Überschwemmungen.","In aftermath of Hurricane Erick, Mexico assesses damage as rising rivers leave at least 1 dead. Authorities reported landslides, blocked highways, downed power lines and some flooding.","In reparatione Procellae Erick, Mexico damnum aestimat quod flumina ortu exeunt saltem 1 mortua. Auctores nuntiaverunt ruinas, vias obstruxisse, debilitare munitiones et inundationes quasdam.",2026-01-07 21:55:04+00:00
c541dd47d7f33056c768725b25b20ecd,2025-06-20T17:00:00Z,'floods',www.nzherald.co.nz,en,0.0,10 years on from Whanganui floods: Are we prepared for the next one?,'Planning makes it easier to do stuff when you need to do it in a hurry.',https://www.nzherald.co.nz/whanganui-chronicle/news/10-years-on-from-whanganui-floods-are-we-prepared-for-the-next-one/4PSNEB2RQ5G77PGMUW2AWCVMVU/,https://www.nzherald.co.nz/resizer/v2/5I3FAS6LSJCRHPL4F24VL3P3VU.JPG?auth=3908cdf32b3400e8d4f3ed4bbc9331f8e955c0a4ea91c8df506bf5c8d0cdd1a6&width=1200&height=675&quality=70&focal=1691%2C1031&smart=false,,"Now, we use a lot more resources to monitor.
We go early and we go to the best benefit of people.
Leading up to the 2015 event, MetService did not issue a severe weather warning because there had b… [+7844 chars]",,"10 Jahre nach der Überschwemmung in Whanganui: Sind wir auf die nächste vorbereitet? „Planung macht es einfacher, Dinge zu erledigen, wenn man es eilig haben muss.“",10 years on from Whanganui floods: Are we prepared for the next one?. 'Planning makes it easier to do stuff when you need to do it in a hurry.',X annis ab Whanganui inundationibus: Parati sumus ad proximum?. 'Consilium facit faciliorem supellectilem cum opus est facere festinando.',2026-01-07 21:55:04+00:00
c0613b3ac1d208bee6818a61ef1ca32e,2025-06-21T05:15:00Z,'flooding',www.thestar.com.my,en,0.0,Taman Bukit Kemuning flood: 61 still at relief centre,"SHAH ALAM: A total of 61 people from 12 families are still taking shelter at the temporary evacuation centre at Dewan Aster, Section 32 here, following Friday's (June 20) flooding in Taman Bukit Kemuning. Read full story",https://www.thestar.com.my/news/nation/2025/06/21/taman-bukit-kemuning-flood-61-still-at-relief-centre,https://apicms.thestar.com.my/uploads/images/2025/06/21/3378108.jpg,,"SHAH ALAM: A total of 61 people from 12 families are still taking shelter at the temporary evacuation centre at Dewan Aster, Section 32 here, following Friday's (June 20) flooding in Taman Bukit Kemu… [+879 chars]",,"Überschwemmung in Taman Bukit Kemuning: 61 immer noch im Hilfszentrum. SHAH ALAM: Nach der Überschwemmung in Taman Bukit Kemuning am Freitag (20. Juni) suchen insgesamt 61 Menschen aus 12 Familien immer noch Zuflucht im provisorischen Evakuierungszentrum in Dewan Aster, Abschnitt 32 hier. Lesen Sie die ganze Geschichte","Taman Bukit Kemuning flood: 61 still at relief centre. SHAH ALAM: A total of 61 people from 12 families are still taking shelter at the temporary evacuation centre at Dewan Aster, Section 32 here, following Friday's (June 20) flooding in Taman Bukit Kemuning. Read full story","Taman Bukit Kemuning inundatio: LXI adhuc centrum subsidio. SHAH ALAM: Summa 61 hominum e 12 familiis adhuc receptaculum est ad centrum evacuationis temporalis apud Dewan Aster, Sectio XXXII hic, sequentis Veneris (20 Iunii) inundatio in Taman Bukit Kemuning. Read full story",2026-01-07 21:55:04+00:00
be38655cef01b497fba59cde47b8cfe8,2025-06-21T12:12:17Z,'flooding',www.elpasotimes.com,en,0.0,"El Paso, Southern New Mexico at risk of flash flooding during upcoming Monsoon storms","El Paso has a 30% chance of precipitation on Saturday, June 21, with chances increasing through Monday and Tuesday, June 23-24.",https://www.elpasotimes.com/story/weather/2025/06/21/el-paso-new-mexico-at-risk-of-flash-flooding-during-upcoming-storms/84286059007/,https://s.yimg.com/ny/api/res/1.2/12ULKa3murI1qvERrlktOg--/YXBwaWQ9aGlnaGxhbmRlcjt3PTEyMDA7aD04MDA-/https://media.zenfs.com/en/the-el-paso-times/feffad9c80fec8611f712b81ecb227d4,,"The monsoon season is off to an active start in El Paso and the surrounding region, as rainstorms are expected to hit the Borderland.
El Paso has a 30% chance of precipitation on Saturday, June 21, … [+3691 chars]",,"El Paso im Süden von New Mexico ist während der bevorstehenden Monsunstürme von Sturzfluten bedroht. In El Paso beträgt die Niederschlagswahrscheinlichkeit am Samstag, den 21. Juni, 30 %, wobei die Wahrscheinlichkeit bis Montag und Dienstag, den 23. bis 24. Juni, steigt.","El Paso, Southern New Mexico at risk of flash flooding during upcoming Monsoon storms. El Paso has a 30% chance of precipitation on Saturday, June 21, with chances increasing through Monday and Tuesday, June 23-24.","El Paso, Southern Novus Mexicus in periculo inundationis fulminis inter procellas Monsoon venturas. El Paso 30% chance of precipitation in Saturday, die 21 mensis Iunii, cum casu crescente per dies Lunae et Martis, die XXIII mensis Iunii, habet.",2026-01-07 21:55:04+00:00
3c7e2eefbdf503f639a185d7455af343,2025-06-23T00:33:37Z,'flooding',consent.yahoo.com,en,0.0,"Monsoon to bring heavy rain, flooding to parts of New Mexico this week",,https://consent.yahoo.com/v2/collectConsent?sessionId=1_cc-session_f3ac09dc-5a27-4435-8567-94cbcaddfad7,,,"If you click 'Accept all', we and our partners, including 238 who are part of the IAB Transparency &amp; Consent Framework, will also store and/or access information on a device (in other words, use … [+714 chars]",,Der Monsun bringt diese Woche starken Regen und Überschwemmungen in Teilen von New Mexico. Nan,"Monsoon to bring heavy rain, flooding to parts of New Mexico this week. nan",Monsoon ut pluviam gravem et inundationem ad partes Novi Mexici hac septimana afferat. nan,2026-01-07 21:55:04+00:00
786b69fa7db99a395c78893b16da3ac8,2025-06-23T02:18:28Z,'flooding',abcnews.go.com,en,0.0,"WATCH: Life-threatening, record-breaking weather and temperatures across the US","There are 150 million Americans on alert ahead of the extreme heat event, meanwhile heavy rain triggered dangerous flash flooding in central New York.",https://abcnews.go.com/world-news-tonight-with-david-muirT/video/life-threatening-record-breaking-weather-temperatures-us-123103418,https://i.abcnewsfe.com/a/c09e281d-d6b4-48bf-8697-0796f5c7d38b/250622_wn_norwood_weather_hpMain_16x9.jpg?w=992,,"<ul><li>Stunning new details inside the US strike on Iran
</li><li>New warning from the Department of Homeland Security 
</li><li>Life-threatening, record-breaking weather and temperatures across t… [+4315 chars]",,"UHR: Lebensbedrohliches, rekordverdächtiges Wetter und Temperaturen in den USA. 150 Millionen Amerikaner sind vor dem extremen Hitzeereignis in Alarmbereitschaft, während heftige Regenfälle im Zentrum von New York gefährliche Sturzfluten auslösten.","WATCH: Life-threatening, record-breaking weather and temperatures across the US. There are 150 million Americans on alert ahead of the extreme heat event, meanwhile heavy rain triggered dangerous flash flooding in central New York.","VIG: Vita-minatio, recordatio tempestatum et temperaturarum per US. Adsunt 150 miliones Americani, ut eventus nimii caloris intenti sunt, interim pluviae gravis urget inundationem periculosam mico in centrali New York.",2026-01-07 21:55:04+00:00
f23867b08461e528fd09eaaf3ed9d7e4,2025-06-23T04:23:33Z,'flooding',en.antaranews.com,en,0.0,South Halmahera declares 14-day emergency amid widespread flooding,The South Halmahera District Administration in North Maluku has declared a 14-day emergency response status to accelerate assistance for thousands of ...,https://en.antaranews.com/news/361105/south-halmahera-declares-14-day-emergency-amid-widespread-flooding,https://cdn.antaranews.com/cache/1200x800/2025/06/23/1750637133861_copy_3504x1584.jpg,,Jakarta (ANTARA) - The South Halmahera District Administration in North Maluku has declared a 14-day emergency response status to accelerate assistance for thousands of residents affected by flooding… [+1991 chars],,"Süd-Halmahera ruft aufgrund großflächiger Überschwemmungen den 14-tägigen Notstand aus. Die Bezirksverwaltung Süd-Halmahera in Nord-Maluku hat einen 14-tägigen Notfallstatus ausgerufen, um die Hilfe für Tausende von ... zu beschleunigen.",South Halmahera declares 14-day emergency amid widespread flooding. The South Halmahera District Administration in North Maluku has declared a 14-day emergency response status to accelerate assistance for thousands of ...,South Halmahera declarat diem 14-dierum tumultum inter multam inundationem. Administratio Districtus Halmahera Australis in Maluku Septentrionalis Maluku responsum statum 14 dierum subitis declaravit ut auxilium pro mille ... acceleraret.,2026-01-07 21:55:04+00:00
2dff32a29d6f4ded6bd54fd1e5242d43,2025-06-23T05:00:06Z,'floods',www.abc.net.au,en,0.0,Thousands of flood-ravaged residents rally for $75K grants,Taree residents rally by the Manning River on the NSW Mid North Coast to call for urgent additional funding after last month's record-breaking floods.,https://www.abc.net.au/news/2025-06-23/thousands-rally-in-taree-calling-for-more-flood-recovery-funding/105448294,https://live-production.wcms.abc-cdn.net.au/774338cf773d578bdc59ef7db18d7e8b?impolicy=wcms_watermark_news&cropH=1080&cropW=1920&xPos=0&yPos=359&width=862&height=485&imformat=generic,,"Thousands of residents affected by record-breaking floods at Taree on the NSW Mid North Coast have rallied, calling for more financial support.
Organisers of the rally say about 3,000 local farmers,… [+3217 chars]",,"Tausende von Überschwemmungen verwüstete Anwohner sammeln sich für Zuschüsse in Höhe von 75.000 US-Dollar. Einwohner von Taree versammeln sich am Manning River an der mittleren Nordküste von New South Wales, um nach den rekordverdächtigen Überschwemmungen im letzten Monat dringend zusätzliche Mittel zu fordern.",Thousands of flood-ravaged residents rally for $75K grants. Taree residents rally by the Manning River on the NSW Mid North Coast to call for urgent additional funding after last month's record-breaking floods.,Milia incolarum inundationum depopulati sunt pro $75K dat. Taree habitant concursum iuxta flumen Manning in NSW Medii Coast Septentrionalis ut vocarent sumptui addito urgente post inundationes ultimi mensis recordum-fractionis.,2026-01-07 21:55:04+00:00
5993b364117ccd7af982461b45788db2,2025-06-23T05:13:37Z,'floods',en.antaranews.com,en,0.0,"Indonesian govt sends aid to flood, landslide victims in S Halmahera","The Indonesian government has delivered humanitarian aid to victims of floods and landslides in South Halmahera, North Maluku.

The announcement was made on ...",https://en.antaranews.com/news/361113/indonesian-govt-sends-aid-to-flood-landslide-victims-in-s-halmahera,https://cdn.antaranews.com/cache/1200x800/2025/06/23/WhatsApp-Image-2025-06-23-at-03.47.52.jpeg,,"Jakarta (ANTARA) - The Indonesian government has delivered humanitarian aid to victims of floods and landslides in South Halmahera, North Maluku.The announcement was made on Monday by Masryani Mansyu… [+1690 chars]",,"Die indonesische Regierung schickt Hilfe für die Opfer von Überschwemmungen und Erdrutschen in S. Halmahera. Die indonesische Regierung hat den Opfern von Überschwemmungen und Erdrutschen in Süd-Halmahera, Nord-Maluku, humanitäre Hilfe geleistet.

Die Ankündigung erfolgte am ...","Indonesian govt sends aid to flood, landslide victims in S Halmahera. The Indonesian government has delivered humanitarian aid to victims of floods and landslides in South Halmahera, North Maluku.

The announcement was made on ...","Indonesiaca govt auxilium mittit ad diluvium, victimas in S Halmahera ruina. Imperium Indonesianum humanitarium auxilium victimarum inundationum et ruinarum in Halmahera, Septentrionali Maluku tradidit.

Annuntiatio facta est...",2026-01-07 21:55:04+00:00
4257ad7115df3c44a631ea59ed71ab6d,2025-06-23T13:04:42Z,'deluge',www.cbc.ca,en,0.0,Boating advisory issued for Bow River after weekend drenching of rain,The weekend's deluge of rain has prompted officials to warn Calgarians to stay off the Bow River.,https://www.cbc.ca/news/canada/calgary/boating-advisory-issued-for-bow-river-after-weekend-drenching-of-rain-1.7568334,https://i.cbc.ca/1.7568354.1750682808!/fileImage/httpImage/image.jpg_gen/derivatives/16x9_1180/bow-river-high.jpg?im=Resize%3D620,,"The weekend's deluge of rain has prompted officials to warn Calgarians to stay off the Bow River.
""Effective immediately, the Calgary Fire Department advises against boating and all other water acti… [+2160 chars]",,"Nach starkem Regen am Wochenende wurde eine Bootswarnung für Bow River herausgegeben. Die Regenflut am Wochenende hat die Behörden dazu veranlasst, die Bewohner Calgaras zu warnen, sich vom Bow River fernzuhalten.",Boating advisory issued for Bow River after weekend drenching of rain. The weekend's deluge of rain has prompted officials to warn Calgarians to stay off the Bow River.,REMIGIUM advisorium edita ad Arcum Flumen post volutpat pluviae perfusio. Diluvium volutpat pluviae magistratus monet Calgarianos ut flumen Arcum maneret.,2026-01-07 21:55:04+00:00
3719b4152808b01ae01c900b2b938b0e,2025-06-23T17:41:32Z,'deluge',www.forbes.com,en,0.0,How To Cope With The Daily Distraction Deluge,"An interruption every two minutes, a daily deluge of messages and our most productive hours lost to meetings. How should employees cope?",https://www.forbes.com/sites/barnabylashbrooke/2025/06/23/how-to-cope-with-the-daily-distraction-deluge/,https://imageio.forbes.com/specials-images/imageserve/68598c79879b86401a541db6/0x0.jpg?format=jpg&height=900&width=1600&fit=bounds,,"New Microsoft data reveals a seemingly infinite work day, as well as interruptions every two ... More minutes.
getty
An interruption every two minutes, a deluge of 270 daily messages and emails, an… [+5460 chars]",,"Wie man mit der täglichen Ablenkungsflut zurechtkommt. Alle zwei Minuten eine Unterbrechung, eine tägliche Nachrichtenflut und unsere produktivsten Stunden gehen durch Meetings verloren. Wie sollen Mitarbeiter damit umgehen?","How To Cope With The Daily Distraction Deluge. An interruption every two minutes, a daily deluge of messages and our most productive hours lost to meetings. How should employees cope?","Quam obire Daily Distractio diluvium. Interruptio singulis duobus momentis, inundatio quotidiana nuntiorum et horarum fertilissimarum conventibus amittitur. Quomodo cope elit?",2026-01-07 21:55:04+00:00
63a616f9dc4ace5b551e8df89177b0c5,2025-06-23T19:40:04Z,'flooding damage',wwd.com,en,0.0,"From Flooding to Heat Stress, Climate Challenges Are Threatening the Shoe Industry Like Never Before","Risilience's Scott Kelly details both climate risks in shoe production and ""embedding climate resilience"" as regulatory rules loom on the horizon.",http://wwd.com/footwear-news/shoe-industry-news/footwear-climate-risks-shoe-production-sustainability-1237942057/,https://wwd.com/wp-content/uploads/2025/06/ShoeProduction.jpg?w=1000&h=563&crop=1,,Much has been documented about fashion production and its carbon footprint. And sustainability in footwear production has its own set of risks and challenges. Climate change is also adding another la… [+9076 chars],,"Von Überschwemmungen bis hin zu Hitzestress: Klimaherausforderungen bedrohen die Schuhindustrie wie nie zuvor. Scott Kelly von Risilience erläutert sowohl die Klimarisiken bei der Schuhproduktion als auch die „Einbettung der Klimaresilienz“, da sich regulatorische Vorschriften am Horizont abzeichnen.","From Flooding to Heat Stress, Climate Challenges Are Threatening the Shoe Industry Like Never Before. Risilience's Scott Kelly details both climate risks in shoe production and ""embedding climate resilience"" as regulatory rules loom on the horizon.","Ab inundatione ad æstus vis, Clima Provocationes calceam Industry minantur sicut numquam ante. Risilience's Scott Kelly singularia pericula in productione calceamentorum et ""caeli mollitiem emendans"" sicut regulatoriae regulae in horizonte incedit.",2026-01-07 21:55:04+00:00
47e83d1f9ebd806d7c24d6099cc49ea5,2025-06-24T00:52:47Z,'flooding',decrypt.co,en,0.0,How AI Is Has Turned Propaganda Into a Potent Weapon,"AI-generated videos and fake personas are flooding social media from Tel Aviv to Tehran, turning it into a digital battlefield of deception.",https://decrypt.co/326589/ai-propaganda-potent-weapon,https://cdn.decrypt.co/resize/1024/height/512/wp-content/uploads/2025/06/download-3-gID_7.png,,"In brief
<ul><li>AI-generated war footage went viral after Irans missile strikes, spreading false scenes of destruction in Israel.</li><li>Forensic experts say the most-viewed videos were deepfakes … [+7156 chars]",,Wie KI Propaganda in eine mächtige Waffe verwandelt hat. KI-generierte Videos und gefälschte Personas überschwemmen die sozialen Medien von Tel Aviv bis Teheran und verwandeln sie in ein digitales Schlachtfeld der Täuschung.,"How AI Is Has Turned Propaganda Into a Potent Weapon. AI-generated videos and fake personas are flooding social media from Tel Aviv to Tehran, turning it into a digital battlefield of deception.","Quomodo AI in validum telum vertit Propaganda Fide. AI generatae videos et personas fictas instrumentis socialibus ab Tel Aviv ad Tehran inundant, illud vertentes in campum digitalem deceptionis.",2026-01-07 21:55:04+00:00
864fb17aeb5c0358547cab5d918c48a2,2025-06-24T08:13:06Z,'floods',www.npr.org,en,0.0,North Carolina biologists are out looking for a precious fish,The Southern Appalachian brook trout are ancient. But the fish only like clean streams. Now scientists want to know how the trout is doing a year after floods from Hurricane Helene.,https://www.npr.org/2025/06/24/nx-s1-5435679/north-carolina-biologists-are-out-looking-for-a-precious-fish,https://media.npr.org/include/images/facebook-default-wide-s1400-c100.jpg,,The Southern Appalachian brook trout are ancient. But the fish only like clean streams. Now scientists want to know how the trout is doing a year after floods from Hurricane Helene.,,"Biologen aus North Carolina sind auf der Suche nach einem kostbaren Fisch. Die Bachforellen der südlichen Appalachen sind uralt. Aber die Fische mögen nur saubere Bäche. Nun wollen Wissenschaftler wissen, wie es den Forellen ein Jahr nach den Überschwemmungen durch Hurrikan Helene geht.",North Carolina biologists are out looking for a precious fish. The Southern Appalachian brook trout are ancient. But the fish only like clean streams. Now scientists want to know how the trout is doing a year after floods from Hurricane Helene.,Biologi septentrionales Carolina piscem pretiosum quaerunt. Meridionalis Appalachian Trout antiqui sunt. sed piscibus tantum fluminibus puris. Nunc phisici volunt scire quomodo tructa anno post inundationes ab Helene Procellae agat.,2026-01-07 21:55:04+00:00
f1c9d8916d2e3d2f6dba73c93bc9b0ce,2025-06-24T10:24:23Z,'flooding rain',www.newsweek.com,en,0.0,"Catastrophic, Life-Threatening Flood Warning Issued for Thousands",Heavy rainfall and thunderstorms may cause flash flooding that is exacerbated by wildfire burn scars across parts of New Mexico.,https://www.newsweek.com/flash-flood-warning-new-mexico-2089783,https://d.newsweek.com/en/full/2669934/fire-new-mexico.jpg,,"Deluges of rain are set to batter parts of New Mexico this week, with forecasters warning of the risk of ""catastrophic, life-threatening flash flooding.""
Residents and visitors in and around the tow… [+3777 chars]",,"Katastrophale, lebensbedrohliche Überschwemmungswarnung für Tausende. Starke Regenfälle und Gewitter können zu Sturzfluten führen, die durch Brandnarben von Waldbränden in Teilen von New Mexico noch verstärkt werden.","Catastrophic, Life-Threatening Flood Warning Issued for Thousands. Heavy rainfall and thunderstorms may cause flash flooding that is exacerbated by wildfire burn scars across parts of New Mexico.","Catastrophica, Vita comminationis Diluvii Admonitio pro Milia edita. Imbribus gravibus et procellis tonitrua micare inundationem facere possunt quae ab igne ferali cicatrices trans partes Novi Mexici exaspantur.",2026-01-07 21:55:04+00:00
ac872d80d9a190de85b31027d591e545,2025-06-24T15:50:54Z,'flooding',ahouseinthehills.com,en,0.0,5 Top-Rated Water Damage and Mold Remediation Experts Serving Long Island Homeowners,"Long Island homes see a lot of humidity. Between the frequent flooding, heavy rainfall, and nor’easters passing through during hurricane season, water is bound to find a way to infiltrate your house. Water damage might start as some moisture trapped in a wall…",https://ahouseinthehills.com/5-top-rated-water-damage-and-mold-remediation-experts-serving-long-island-homeowners/,https://ahouseinthehills.com/wp-content/uploads/2025/06/battlecreek-coffee-roasters-NfG4rXmceFM-unsplash.jpg,,"Long Island homes see a lot of humidity. Between the frequent flooding, heavy rainfall, and noreasters passing through during hurricane season, water is bound to find a way to infiltrate your house.… [+5021 chars]",,"5 erstklassige Wasserschaden- und Schimmelsanierungsexperten für Hausbesitzer auf Long Island. In Häusern auf Long Island herrscht viel Feuchtigkeit. Aufgrund der häufigen Überschwemmungen, heftigen Regenfälle und der durchziehenden Nordostwinde während der Hurrikansaison findet Wasser zwangsläufig einen Weg, in Ihr Haus einzudringen. Ein Wasserschaden kann dadurch entstehen, dass etwas Feuchtigkeit in einer Wand eingeschlossen ist …","5 Top-Rated Water Damage and Mold Remediation Experts Serving Long Island Homeowners. Long Island homes see a lot of humidity. Between the frequent flooding, heavy rainfall, and nor’easters passing through during hurricane season, water is bound to find a way to infiltrate your house. Water damage might start as some moisture trapped in a wall…","5 Top-Rated aqua Damnum et Molde Remediationis periti servientes Long Island Homeowners. Insulae Longae domos multum humiditatis vident. Inter crebras inundationes, pluvias graves, et tempus tempestatum pertranseuntes pascha, aqua viam invenire tenetur domum tuam infiltrandi. Aquae damnum committitur sicut aliquis umor capti in muro…",2026-01-07 21:55:04+00:00
875f145de1ee26b4fbe648518b14d77c,2025-06-24T18:05:00Z,'flooding military',www.forbes.com,en,0.0,"AI Generated Pro-Iran Propaganda Is Flooding TikTok, Instagram And YouTube","In the lead up to U.S. strikes on Iranian nuclear sites, AI generated videos glorifying Iran’s military might reached tens of millions of viewers on social media.",https://www.forbes.com/sites/emilybaker-white/2025/06/24/ai-generated-pro-iran-propaganda-is-flooding-tiktok-instagram-and-youtube/,https://imageio.forbes.com/specials-images/imageserve/685ae439b045a23fff48aefc/0x0.jpg?format=jpg&height=900&width=1600&fit=bounds,,"A view of the city of Tehran, Iran.
NurPhoto via Getty Images
Seven days ago, as U.S. president Donald Trump left the G7 summit early and called for Irans unconditional surrender to Israel, an anon… [+3215 chars]",,"KI-generierte Pro-Iran-Propaganda überschwemmt TikTok, Instagram und YouTube. Im Vorfeld der US-Angriffe auf iranische Atomanlagen erreichten von der KI erstellte Videos, die die Macht des iranischen Militärs verherrlichen, zig Millionen Zuschauer in den sozialen Medien.","AI Generated Pro-Iran Propaganda Is Flooding TikTok, Instagram And YouTube. In the lead up to U.S. strikes on Iranian nuclear sites, AI generated videos glorifying Iran’s military might reached tens of millions of viewers on social media.","AI Generated Pro-Iran Propaganda Fide inundatio TikTok, Instagram et YouTube. In US usque ad US in locis nuclei Iranianis percutit, AI generata videos magnificantia militaris Irania posset pervenisse decem decies centena milia visorum in instrumentis socialibus.",2026-01-07 21:55:04+00:00
73566bcdc317dd05e811d684f66ffcb4,2025-06-25T05:28:50Z,'floods',www.cnn.com,en,0.0,"Rare event breathes life back into Australia’s arid outback, attracting both animals and tourists","For years it’s been a barren salt flat. But now, due to floods hundreds of miles away, Australia’s Kati Thanda-Lake Eyre appears set to fill for only the...",https://www.cnn.com/2025/06/25/travel/australia-outback-flooding-kati-thanda-lake-eyre-intl-hnk,https://media.zenfs.com/en/cnn_articles_875/16afd7d6e315c700e70d03892ff8d229,,"It appears in satellite pictures like great blotches of blue and green ink; swirling, spreading, sinking into parchment paper.
In Australias arid center, those blotches represent a new inland sea, b… [+7651 chars]",,"Ein seltenes Ereignis haucht dem trockenen Outback Australiens wieder Leben ein und lockt sowohl Tiere als auch Touristen an. Seit Jahren ist es eine karge Salzwüste. Aber jetzt, aufgrund von Überschwemmungen, die Hunderte Kilometer entfernt liegen, scheint der Kati Thanda-Lake Eyre in Australien nur noch für kurze Zeit gefüllt zu sein.","Rare event breathes life back into Australia’s arid outback, attracting both animals and tourists. For years it’s been a barren salt flat. But now, due to floods hundreds of miles away, Australia’s Kati Thanda-Lake Eyre appears set to fill for only the...","Rarius eventus respirat vitam retro in sicco Australiae, tam animalia quam peregrinatores attrahens. Annos sal sterilis plana fuit. Nunc autem, propter inundationes centum milium passuum, Australia Kati Thana-Lake Eyre constituit ut solum impleatur...",2026-01-07 21:55:04+00:00
0c7eff9dc3f97d808d3e1c57339cc383,2025-06-25T10:10:46Z,'flooding',www.designboom.com,en,0.0,brick walls and perforated jali screens enclose training hub by codec in coastal bangladesh,"elevated structures provide protection against flooding and seasonal surges.
The post brick walls and perforated jali screens enclose training hub by codec in coastal bangladesh appeared first on designboom | architecture & design magazine.",https://www.designboom.com/architecture/brick-walls-perforated-jali-screens-training-hub-codec-coastal-bangladesh-kuakata-06-25-2025/,https://www.designboom.com/twitterimages/uploads/2025/06/kuakata-training-center-codec-design-educational-facility-bangladesh-designboom-1200-1.jpg,,"CODEC Design crafts A Climate-Responsive Training Facility
The Kuakata Training Center by CODEC Design is a purpose-built educational facility designed to support capacity building and skill develop… [+2864 chars]",,"Backsteinmauern und perforierte Jali-Bildschirme umschließen das Trainingszentrum von Codec an der Küste Bangladeschs. Erhöhte Bauwerke bieten Schutz vor Überschwemmungen und saisonalen Überspannungen.
Die Pfostenziegelwände und perforierten Jali-Bildschirme umschließen das Trainingszentrum von Codec an der Küste Bangladeschs, das zuerst auf designboom | erschien Architektur- und Designmagazin.","brick walls and perforated jali screens enclose training hub by codec in coastal bangladesh. elevated structures provide protection against flooding and seasonal surges.
The post brick walls and perforated jali screens enclose training hub by codec in coastal bangladesh appeared first on designboom | architecture & design magazine.","parietes latericios et jali tegumenta perforata claudunt exercitationem centrum ab codec in bangladesh maritimo. structurae elevatae praesidium contra inundationes et temporis aestus praebent.
Postes latericios et jali tegumenta perforata claudunt palaestra centrum ab codec in bangladesh maritima apparuit primum in designboom | architecture & consilio emporium.",2026-01-07 21:55:04+00:00
83b7ce659d73afac2641a146d21bcb89,2025-06-25T11:12:00Z,'floods',www.japantimes.co.jp,en,0.0,"China, reeling from floods, braces for second tropical cyclone in two weeks",The tropical depression could make landfall somewhere between the island province of Hainan and Guangdong on the mainland on Thursday morning.,https://www.japantimes.co.jp/news/2025/06/25/asia-pacific/china-floods-cyclone/,https://www.japantimes.co.jp/japantimes/uploads/images/2025/06/25/477494.JPG?v=3.1,,"Beijing A tropical depression may hit southern China as early as Thursday, meteorologists cautioned, bringing rain and gales to a flood-hit region still recovering from the impact of Typhoon Wutip tw… [+1671 chars]",,China bereitet sich angesichts der Überschwemmungen auf den zweiten tropischen Wirbelsturm in zwei Wochen vor. Das tropische Tiefdruckgebiet könnte am Donnerstagmorgen irgendwo zwischen der Inselprovinz Hainan und Guangdong auf dem Festland auf Land treffen.,"China, reeling from floods, braces for second tropical cyclone in two weeks. The tropical depression could make landfall somewhere between the island province of Hainan and Guangdong on the mainland on Thursday morning.","Sinis, de diluviis relabentibus, adstringit cyclo tropico secundo in duabus septimanis. Tropica depressio alicubi cadere potuit inter provinciam Haman et Guangdong insulae in continenti die Iovis mane.",2026-01-07 21:55:04+00:00
fada555194b9537605a274fc7a00c09d,2025-06-25T11:22:34Z,'flooding rain',www.bbc.com,en,0.0,Watch: Firefighters rescue girl trapped in drain for seven hours,"Rescue workers found the girl unharmed in the drain, after flooding stuck the area.",https://www.bbc.com/news/videos/cvg61e36nlko,https://ichef.bbci.co.uk/news/1024/branded_news/95ef/live/8f8c4e00-51b6-11f0-8485-7bd50fa63665.jpg,,"A girl in China's Guizhou province was found trapped in a drain after intense flooding in the area. 
The unharmed girl had been trapped there for seven hours, officials said. 
At least 80,000 peopl… [+179 chars]",,"Beobachten Sie: Feuerwehrleute retten Mädchen, das sieben Stunden lang im Abfluss gefangen war. Rettungskräfte fanden das Mädchen unverletzt im Abfluss, nachdem das Gebiet von Überschwemmungen heimgesucht worden war.","Watch: Firefighters rescue girl trapped in drain for seven hours. Rescue workers found the girl unharmed in the drain, after flooding stuck the area.","Vigilate: Firefighters puellam in exhauriunt per septem horas liberate. Opifices eripe puellam in exhauriendo illaesam invenerunt, postquam inundationem aream adhaesit.",2026-01-07 21:55:04+00:00
a1d3eedb09c13bb4dc9477042c41d370,2025-06-25T12:30:31Z,'flooding',www.eurogamer.net,en,0.0,Excited for Death Stranding 2? Beware of the wave of spoilers flooding YouTube and social media,"Spoilers for Death Stranding 2 are flooding social media and YouTube, posted by those who bought the digital deluxe edition of the game. Read more",https://www.eurogamer.net/death-stranding-2-spoilers,https://assetsio.gnwcdn.com/death-stranding-2-kojima_NxTwcTm.jpg?width=1200&height=630&fit=crop&enable=upscale&auto=webp,,"Spoilers for Death Stranding 2 are flooding social media and YouTube, posted by those who bought the digital deluxe edition of the game.
This digital deluxe edition, which provides a 48-hour early a… [+1752 chars]",,"Sind Sie gespannt auf Death Stranding 2? Hüten Sie sich vor der Spoilerwelle, die YouTube und soziale Medien überschwemmt. Spoiler für Death Stranding 2 überschwemmen die sozialen Medien und YouTube und werden von denjenigen gepostet, die die digitale Deluxe-Edition des Spiels gekauft haben. Mehr lesen","Excited for Death Stranding 2? Beware of the wave of spoilers flooding YouTube and social media. Spoilers for Death Stranding 2 are flooding social media and YouTube, posted by those who bought the digital deluxe edition of the game. Read more","Excitatur ad mortem Stranding 2? Cave praedones fluctus YouTube et socialis instrumentorum inundationem. Praedones ad Mors Stranding 2 inundant media socialia et YouTube, missae ab iis qui ludo editionem digitalem emerunt. Read more",2026-01-07 21:55:04+00:00
69ffb898a029edb152ddaf886b4595d5,2025-06-26T00:00:00Z,'flooding',articles.mercola.com,en,0.0,Intermittent Fasting Can Trigger Hair Loss by Flooding Hair Follicles with Harmful Fats,"Hair loss is often dismissed as a cosmetic issue, but it’s actually one of the clearest signs your body is under stress. When your energy reserves are low and your stress hormones stay elevated, your hair follicles go dormant — and in some cases, shut down en…",https://articles.mercola.com/sites/articles/archive/2025/06/26/intermittent-fasting-hair-loss.aspx,https://media.mercola.com/ImageServer/Public/2025/June/FB/intermittent-fasting-hair-loss-fb.jpg,,"Mercola proudly supports these charities and organizations. View All 
Disclaimer: The entire contents of this website are based upon the opinions of Dr. Mercola, unless otherwise noted. Individual a… [+1007 chars]",,"Intermittierendes Fasten kann Haarausfall auslösen, indem es die Haarfollikel mit schädlichen Fetten überschwemmt. Haarausfall wird oft als kosmetisches Problem abgetan, tatsächlich ist er jedoch eines der deutlichsten Anzeichen dafür, dass Ihr Körper unter Stress steht. Wenn Ihre Energiereserven niedrig sind und Ihre Stresshormone erhöht bleiben, gehen Ihre Haarfollikel in den Ruhezustand – und in manchen Fällen schalten sie ab …","Intermittent Fasting Can Trigger Hair Loss by Flooding Hair Follicles with Harmful Fats. Hair loss is often dismissed as a cosmetic issue, but it’s actually one of the clearest signs your body is under stress. When your energy reserves are low and your stress hormones stay elevated, your hair follicles go dormant — and in some cases, shut down en…","Ieiunium intermissa potest Trigger Hair Damnum inundatio Hair Folliculis cum Noxia Fats. Comae iactura saepe in causa medicamine dimittitur, sed una ex clarissimis signis corpus tuum accentus est. Cum subsidia energiae tuae humiles sunt et hormones accentus elevati manent, comae folliculi sopitant - et in quibusdam casibus occluduntur en…",2026-01-07 21:55:04+00:00
92ff81aa0edff30a57f41ebd9c942b02,2025-06-26T00:46:02Z,'flooding',twistedsifter.com,en,0.0,"His Classroom Was Flooding, So This Science Teacher Had His Students Bailing Water Out The Window. But The Maintenance Tech Told Them To Stop And It Cost The School $15 Million In Repairs.",But what was he doing about the leak?,http://twistedsifter.com/2025/06/when-his-classroom-was-flooding-this-science-teacher-had-his-students-bailing-water-out-the-window-but-the-maintenance-tech-told-them-to-stop-costing-the-school-15-million/,https://twistedsifter.com/wp-content/uploads/2025/05/water-leak.jpg,,"Shutterstock/Reddit
When a water pipe bursts, it can quickly cause a lot of damage if you don’t get rid of the water right away.
What would you do if there was water flowing into your classroom but… [+2465 chars]",,"Sein Klassenzimmer war überschwemmt, also ließ dieser Naturwissenschaftslehrer seine Schüler Wasser aus dem Fenster schöpfen. Aber der Wartungstechniker sagte ihnen, sie sollten damit aufhören, und die Reparatur kostete die Schule 15 Millionen US-Dollar. Aber was unternahm er gegen das Leck?","His Classroom Was Flooding, So This Science Teacher Had His Students Bailing Water Out The Window. But The Maintenance Tech Told Them To Stop And It Cost The School $15 Million In Repairs.. But what was he doing about the leak?","Suum Curabitur erat inundatio, Sic haec Scientia Doctoris Discipuli Bailing aqua Ex Fenestra. Sed Sustentationem Tech dixit eis prohibere et sumptus Scholam $15 million in Reparationibus.. Sed quid faciebat de Leak?",2026-01-07 21:55:04+00:00
eae0456d043f8e22d83686d0c646dbd3,2025-06-26T06:55:29Z,'floods',www.aljazeera.com,en,0.0,"Six dead, thousands displaced as floods hit southwestern China","'Exceptionally large floods' swept through Guizhou's Rongjiang county, forcing some 80,000 people to flee their homes.",https://www.aljazeera.com/news/2025/6/26/six-dead-thousands-displaced-as-floods-hit-southwestern-china,https://www.aljazeera.com/wp-content/uploads/2025/06/AFP__20250626__63UD2TB__v1__HighRes__ChinaFloodClimateWeather-1750917700.jpg?resize=1920%2C1440,,"At least six people have died and more than 80,000 people were evacuated from their homes after floods inundated Chinas Guizhou province, state media reported, as a tropical depression made landfall … [+2402 chars]",,"Sechs Tote, Tausende Vertriebene, als Überschwemmungen den Südwesten Chinas heimsuchten. „Außergewöhnlich große Überschwemmungen“ fegten durch den Kreis Rongjiang in Guizhou und zwangen etwa 80.000 Menschen, ihre Häuser zu verlassen.","Six dead, thousands displaced as floods hit southwestern China. 'Exceptionally large floods' swept through Guizhou's Rongjiang county, forcing some 80,000 people to flee their homes.","Sex mortuis, mille inundationes motae sicut Sinas meridiem occidentalem feriunt. Inundationes praeter magnas per Guizhou's Rongjiang comitatum traxit, aliquot 80.000 hominum domos fugere cogens.",2026-01-07 21:55:04+00:00
0e46dc09032bacc99e480755031b34c0,2025-06-26T09:02:48Z,'floods',www.aljazeera.com,en,0.0,Floods leave six dead and thousands displaced in China,"Floods in southwest China kill six and force more than 80,000 to flee as extreme weather hits.",https://www.aljazeera.com/gallery/2025/6/26/floods-leave-six-dead-and-thousands-displaced-in-china,https://www.aljazeera.com/wp-content/uploads/2025/06/AFP__20250625__63PB83E__v3__HighRes__TopshotChinaWeatherFlooding-1750917405.jpg?resize=1920%2C1440,,"Six people have died from floods in Chinas Guizhou province, state media said, after more than 80,000 people were driven from their homes this week.
Towns and villages by a key river in Chinas Guang… [+861 chars]",,Überschwemmungen fordern in China sechs Todesopfer und Tausende Vertriebene. Bei Überschwemmungen im Südwesten Chinas kommen sechs Menschen ums Leben und mehr als 80.000 Menschen müssen aufgrund extremer Unwetter fliehen.,"Floods leave six dead and thousands displaced in China. Floods in southwest China kill six and force more than 80,000 to flee as extreme weather hits.",Inundationes exeunt sex mortuos et mille in Sinis luxatis. Inundationes in Sinis meridiem occidentalem sex necant et plus quam 80.000 milia ut tempestates extremas fugiunt.,2026-01-07 21:55:04+00:00
c7f2133481ff9d73a8e597486dc55088,2025-06-26T13:06:05Z,'flooding',www.yahoo.com,en,0.0,Death toll from this month's flooding in South Africa rises to over 100,"The death toll from severe floods that inundated parts of South Africa’s rural Eastern Cape province two weeks ago has risen to 101, with a 12-month-old baby...",https://www.yahoo.com/news/death-toll-months-flooding-south-130605397.html,https://s.yimg.com/ny/api/res/1.2/kdBwjQiZPpfl_y1PRjRRSQ--/YXBwaWQ9aGlnaGxhbmRlcjt3PTEyMDA7aD04MDA7Y2Y9d2VicA--/https://media.zenfs.com/en/ap.org/a7f9c4a8f166fdd95bd3783c9d5f980f,,"JOHANNESBURG (AP) The death toll from severe floods that inundated parts of South Africas rural Eastern Cape province two weeks ago has risen to 101, with a 12-month-old baby the youngest fatality, a… [+1612 chars]",,"Die Zahl der Todesopfer durch die Überschwemmungen in Südafrika in diesem Monat steigt auf über 100. Die Zahl der Todesopfer durch schwere Überschwemmungen, die vor zwei Wochen Teile der ländlichen Provinz Ostkap in Südafrika überschwemmten, ist auf 101 gestiegen, wobei ein 12 Monate altes Baby...","Death toll from this month's flooding in South Africa rises to over 100. The death toll from severe floods that inundated parts of South Africa’s rural Eastern Cape province two weeks ago has risen to 101, with a 12-month-old baby...","Mortis vectigal ex huius mensis inundatione in Africa Australi super 100 oritur. Mortis vectigal ex gravibus inundationibus quae partes inundatae provinciae Orientalis Africae Meridionalis duas hebdomades ante CI, cum infante 12-mense natus est orta sunt.",2026-01-07 21:55:04+00:00
14b61c089513ecfd14e68dbd1c5b9209,2025-06-26T13:14:24Z,'floods',www.nbcnews.com,en,0.0,8-year-old girl pulled from sewer after 7 hours as floods batter southern China,"A girl was found alive and unharmed more than seven hours after heavy rain swept her into a sewer in China, rescuers said.",https://www.nbcnews.com/world/china/china-floods-girl-pulled-sewer-rcna215164,"https://media-cldnry.s-nbcnews.com/image/upload/t_nbcnews-fp-1200-630,f_auto,q_auto:best/rockcms/2025-06/250626-china-floods-rs-3300cf.jpg",,"HONG KONG A girl was found alive and unharmed more than seven hours after heavy rain swept her into a sewer in China, rescuers said Tuesday.
On her way home from school Monday, rushing waters pulled… [+1799 chars]",,"8-jähriges Mädchen wurde nach 7 Stunden aus der Kanalisation gezogen, als Überschwemmungen Südchina heimsuchten. Retter sagten, ein Mädchen sei lebend und unverletzt aufgefunden worden, mehr als sieben Stunden nachdem heftiger Regen sie in einen Abwasserkanal in China gespült hatte.","8-year-old girl pulled from sewer after 7 hours as floods batter southern China. A girl was found alive and unharmed more than seven hours after heavy rain swept her into a sewer in China, rescuers said.","Puella 8 annorum e cloaca post 7 horas extracta est sicut inundationes Sinarum meridionalem quatiunt. Puella viva et illaesa plus septem horis inventa est postquam pluviae graves eam in cloacam in Sinis rapuerunt, salvatores dixit.",2026-01-07 21:55:04+00:00
40885d17ca73cbb582e75ec88fd7ab14,2025-06-26T13:43:46Z,'flooding',abcnews.go.com,en,0.0,Death toll from this month's flooding in South Africa rises to over 100,"Authorities say the death toll from severe floods that inundated parts of South Africa’s rural Eastern Cape province two weeks ago has risen to 101, with a 12-month-old baby the youngest fatality",https://abcnews.go.com/International/wireStory/death-toll-months-flooding-south-africa-rises-100-123227873,https://i.abcnewsfe.com/a/676b24de-f28c-4592-b98f-0d8f9a651cf4/wirestory_9e1f7c718660dda47a59c97129f5def3_16x9.jpg?w=1600,,"JOHANNESBURG -- The death toll from severe floods that inundated parts of South Africas rural Eastern Cape province two weeks ago has risen to 101, with a 12-month-old baby the youngest fatality, aut… [+1611 chars]",,"Die Zahl der Todesopfer durch die Überschwemmungen in Südafrika in diesem Monat steigt auf über 100. Nach Angaben der Behörden ist die Zahl der Todesopfer durch schwere Überschwemmungen, die vor zwei Wochen Teile der ländlichen Provinz Ostkap in Südafrika überschwemmt haben, auf 101 gestiegen, wobei ein 12 Monate altes Baby der jüngste Todesopfer ist","Death toll from this month's flooding in South Africa rises to over 100. Authorities say the death toll from severe floods that inundated parts of South Africa’s rural Eastern Cape province two weeks ago has risen to 101, with a 12-month-old baby the youngest fatality","Mortis vectigal ex huius mensis inundatione in Africa Australi oritur usque ad 100. Auctoritates dicunt portorium de gravibus inundationibus quae partes inundatae provinciae orientalis Africae Meridionalis duas hebdomades abhinc orta sunt CI, cum infantem XII menses annorum fato minimo.",2026-01-07 21:55:04+00:00
15ab06f1da98f8f935724004052fe496,2025-06-26T15:27:54Z,'floods',statetimes.in,en,0.0,"Three drown, 4 rescued as flash floods hit several areas across Jammu","JAMMU: Three persons, including two children, died while four others were rescued as flash floods triggered by cloudbursts and heavy rains were reported from different areas of Rajouri, Poonch, Doda and Kathua districts in Jammu and Kashmir on Thursday, offic…",https://statetimes.in/three-drown-4-rescued-as-flash-floods-hit-several-areas-across-jammu/,https://statetimes.in/wp-content/uploads/2025/06/Three-drown-4-rescued-as-flash-floods-hit-several-areas-across-Jammu.jpg,,"JAMMU: Three persons, including two children, died while four others were rescued as flash floods triggered by cloudbursts and heavy rains were reported from different areas of Rajouri, Poonch, Doda … [+2175 chars]",,"Drei ertranken, vier wurden gerettet, als Sturzfluten mehrere Gebiete in Jammu heimsuchten. JAMMU: Drei Personen, darunter zwei Kinder, starben, während vier weitere gerettet wurden, als am Donnerstag aus verschiedenen Gebieten der Distrikte Rajouri, Poonch, Doda und Kathua in Jammu und Kaschmir Sturzfluten gemeldet wurden, die durch Wolkenbrüche und starke Regenfälle ausgelöst wurden.","Three drown, 4 rescued as flash floods hit several areas across Jammu. JAMMU: Three persons, including two children, died while four others were rescued as flash floods triggered by cloudbursts and heavy rains were reported from different areas of Rajouri, Poonch, Doda and Kathua districts in Jammu and Kashmir on Thursday, offic…","Tres mergunt, 4 servatus ut mico diluvia per Jammu aliquot regiones feriunt. JAMMU: Tres personae, inter duos liberos, interierunt dum quattuor alii evulsi sunt sicut diluvia quae nimborum ingruunt et pluviae graves nuntiantur ex diversis locis Rajouri, Poonch, Doda et Kathua in regionibus Jammu et Kashmir die Iovis, offic…",2026-01-07 21:55:04+00:00
bf246ffc7ff6763fe6ae01495a92dd4e,2025-06-26T16:09:29Z,'flooding',www.npr.org,en,0.0,Reverse Course: Can massive pumps tame Mississippi River flooding?,"In 2019, an unrelenting flood swamped more than half a million acres in the Mississippi Delta's Yazoo Backwater. It took more than six months to recede. Here & Now's Peter O'Dowd reports on a pumping station project that could protect against destruction from…",https://www.npr.org/2025/06/26/1254804013/here-now-anytime-06-26-2025,https://media.npr.org/include/images/facebook-default-wide-s1400-c100.jpg,,"In 2019, an unrelenting flood swamped more than half a million acres in the Mississippi Delta's Yazoo Backwater. It took more than six months to recede. Here &amp; Now's Peter O'Dowd reports on a pum… [+576 chars]",,"Umgekehrter Kurs: Können massive Pumpen die Überschwemmungen im Mississippi eindämmen? Im Jahr 2019 überschwemmte eine unerbittliche Überschwemmung mehr als eine halbe Million Hektar im Yazoo Backwater des Mississippi-Deltas. Es dauerte mehr als sechs Monate, bis es zurückging. Peter O'Dowd von Here & Now berichtet über ein Pumpstationsprojekt, das vor der Zerstörung durch ... schützen könnte.","Reverse Course: Can massive pumps tame Mississippi River flooding?. In 2019, an unrelenting flood swamped more than half a million acres in the Mississippi Delta's Yazoo Backwater. It took more than six months to recede. Here & Now's Peter O'Dowd reports on a pumping station project that could protect against destruction from…","Cursus inversa: Possuntne magnae soleatus inundationem Mississippi domare. In 2019, inexorabile diluvium plus quam dimidium miliones iugerum in Mississippi Delta Yazoo Backwater inundavit. Plus quam sex menses recedere cepit. Hic & Now's Petrus O'Dowd refert de project statione flare quod contra interitum ab ... tueri posset.",2026-01-07 21:55:04+00:00
51a00d51452fe9398adc32e658d0e056,2025-06-26T17:54:00Z,'floods',www.thestar.com.my,en,0.0,"5 killed, many missing as cloudbursts, flash floods hit India's Himachal Pradesh","NEW DELHI, June 26 (Xinhua) -- At least five people were killed and many others missing after cloudbursts and flash floods hit the northern Indian state of Himachal Pradesh, officials said Thursday. Read full story",https://www.thestar.com.my/news/world/2025/06/27/5-killed-many-missing-as-cloudbursts-flash-floods-hit-india039s-himachal-pradesh,https://cdn.thestar.com.my/Themes/img/newTsol_logo_socmedia.png,,"NEW DELHI, June 26 (Xinhua) -- At least five people were killed and many others missing after cloudbursts and flash floods hit the northern Indian state of Himachal Pradesh, officials said Thursday.… [+400 chars]",,"5 Tote, viele werden vermisst, als Wolkenbrüche und Sturzfluten Himachal Pradesh in Indien heimsuchten. NEU-DELHI, 26. Juni (Xinhua) – Mindestens fünf Menschen wurden getötet und viele weitere vermisst, nachdem Wolkenbrüche und Sturzfluten den nordindischen Bundesstaat Himachal Pradesh heimgesucht hatten, sagten Beamte am Donnerstag. Lesen Sie die ganze Geschichte","5 killed, many missing as cloudbursts, flash floods hit India's Himachal Pradesh. NEW DELHI, June 26 (Xinhua) -- At least five people were killed and many others missing after cloudbursts and flash floods hit the northern Indian state of Himachal Pradesh, officials said Thursday. Read full story","5 occisus est, multi absentes ut nebule, inundationes micare Himachal Pradesh Indiae ferire. NEW DELHI, Die 26 Iunii (Xinhua) -- Saltem quinque homines interfecti sunt et multi alii absentes post nubila et inundationes fulgurum statum septentrionalem Indicum Himachal Pradesh, ministri Iovis dixerunt. Read full story",2026-01-07 21:55:04+00:00
451b08092e9f567d15e0c00530adfdbc,2025-06-26T18:01:36Z,'flooding',theconversation.com,en,0.0,"Hurricane Helene set up future disasters, from landslides to flooding – cascading hazards like these are upending risk models",Risk models can’t rely just on the past anymore. A team of geoscientists suggests new ways to forecast evolving hazards in real time as cascading disaster risk worsens.,https://theconversation.com/hurricane-helene-set-up-future-disasters-from-landslides-to-flooding-cascading-hazards-like-these-are-upending-risk-models-259502,https://images.theconversation.com/files/676576/original/file-20250625-56-rx2whw.jpg?ixlib=rb-4.1.0&rect=0%2C215%2C3500%2C1750&q=45&auto=format&w=1356&h=668&fit=crop,,"The Carter Lodge hangs precariously over the flood-scoured bank of the Broad River in Chimney Rock Village, N.C., on May 13, 2025, eight months after Hurricane Helene. AP Photo/Allen G. Breed
Hurric… [+6022 chars]",,"Hurrikan Helene löste zukünftige Katastrophen aus, von Erdrutschen bis hin zu Überschwemmungen – kaskadierende Gefahren wie diese stellen Risikomodelle auf den Kopf. Risikomodelle können sich nicht mehr nur auf die Vergangenheit verlassen. Ein Team von Geowissenschaftlern schlägt neue Wege vor, um sich entwickelnde Gefahren in Echtzeit vorherzusagen, wenn sich das kaskadierende Katastrophenrisiko verschlimmert.","Hurricane Helene set up future disasters, from landslides to flooding – cascading hazards like these are upending risk models. Risk models can’t rely just on the past anymore. A team of geoscientists suggests new ways to forecast evolving hazards in real time as cascading disaster risk worsens.","Procellae Helene clades futuras statuit, ex prolapsionibus ad inundationem - casuum discrimina similia exempla periculorum imminentium sunt. Periculi exempla in praeterito modo confidere non possunt. Manipulus geoscientistarum novas vias suggerit ut casus evolutionis in tempore reali praesagio casus lapsus periculum gravescit.",2026-01-07 21:55:04+00:00
a58356a961e4fe2a847da7a3876fc7ce,2025-06-26T18:01:36Z,'flooding',theconversation.com,en,0.0,"Hurricane Helene set up future disasters, from landslides to flooding – cascading hazards like these are now upending risk models",Risk models can’t rely just on the past anymore. A team of geoscientists suggests new ways to forecast evolving hazards in real time as cascading disaster risk worsens.,https://theconversation.com/hurricane-helene-set-up-future-disasters-from-landslides-to-flooding-cascading-hazards-like-these-are-now-upending-risk-models-259502,https://images.theconversation.com/files/676576/original/file-20250625-56-rx2whw.jpg?ixlib=rb-4.1.0&rect=0%2C215%2C3500%2C1750&q=45&auto=format&w=1356&h=668&fit=crop,,"The Carter Lodge hangs precariously over the flood-scoured bank of the Broad River in Chimney Rock Village, N.C., on May 13, 2025, eight months after Hurricane Helene. AP Photo/Allen G. Breed
Hurric… [+6022 chars]",,"Hurrikan Helene löste zukünftige Katastrophen aus, von Erdrutschen bis hin zu Überschwemmungen – kaskadierende Gefahren wie diese stellen nun Risikomodelle auf den Kopf. Risikomodelle können sich nicht mehr nur auf die Vergangenheit verlassen. Ein Team von Geowissenschaftlern schlägt neue Wege vor, um sich entwickelnde Gefahren in Echtzeit vorherzusagen, wenn sich das kaskadierende Katastrophenrisiko verschlimmert.","Hurricane Helene set up future disasters, from landslides to flooding – cascading hazards like these are now upending risk models. Risk models can’t rely just on the past anymore. A team of geoscientists suggests new ways to forecast evolving hazards in real time as cascading disaster risk worsens.","Procellae Helene clades futuras statuit, ab proruentibus ad inundationem - casurum discrimina, sicut hae nunc exempla periculorum impendent. Periculi exempla in praeterito modo confidere non possunt. Manipulus geoscientistarum novas vias suggerit ut casus evolutionis in tempore reali praesagio casus lapsus periculum gravescit.",2026-01-07 21:55:04+00:00
c1c32424d7b7083d4b70a90f9579c189,2025-06-26T19:27:53Z,'floods',timesofindia.indiatimes.com,en,0.0,"Flash floods claim 3 lives in J&K, 4 rescued","JAMMU: Three persons, including two minors, drowned while four others were rescued as flash floods triggered by heavy rains occurred in different area.",https://timesofindia.indiatimes.com/city/jammu/flash-floods-claim-3-lives-in-jk-4-rescued/articleshow/122098118.cms,"https://static.toiimg.com/thumb/msid-122098531,width-1070,height-580,imgsize-31260,resizemode-75,overlay-toi_sw,pt-32,y_pad-40/photo.jpg",,Badshah rocks Paris with diamond Om necklace and Hermes drip!,,"Bei Sturzfluten kamen in J&K drei Menschen ums Leben, vier wurden gerettet. JAMMU: Drei Personen, darunter zwei Minderjährige, ertranken, während vier weitere gerettet wurden, als es in anderen Gebieten zu Sturzfluten kam, die durch starke Regenfälle ausgelöst wurden.","Flash floods claim 3 lives in J&K, 4 rescued. JAMMU: Three persons, including two minors, drowned while four others were rescued as flash floods triggered by heavy rains occurred in different area.","Fulgura flumina vindicant, 3 vitam in J&K, 4 eripuit. JAMMU: Tres personae, duae minores, submersae sunt dum quattuor alii evulsi sunt sicut diluvia diluvia quae diversis imbribus facta sunt.",2026-01-07 21:55:04+00:00
fbe181ac709dbb00b07d73aca3546745,2025-06-26T21:20:34Z,'floods',www.tmz.com,en,0.0,French Cop Car Blares 'Titanic' Theme Song After Major Storm Floods Streets,One French cop car was doing its best to keep spirits afloat -- literally -- blasting a fitting playlist while navigating through ankle-deep floodwaters in Paris after a night of wild storms. Catch the clip -- the cop car truly sank into its…,https://www.tmz.com/2025/06/26/french-police-car-plays-titanic-music-during-storm/,https://imagez.tmz.com/image/42/16by9/2025/06/26/42a3e40b1bce421e9cc97254532838dc_xl.jpg,,"One French cop car was doing its best to keep spirits afloat -- literally -- blasting a fitting playlist while navigating through ankle-deep floodwaters in Paris after a night of wild storms.
Catch … [+667 chars]",,"Französisches Polizeiauto dröhnt „Titanic“-Titellied, nachdem schwerer Sturm Straßen überschwemmt hat. Ein französischer Polizeiwagen tat sein Bestes, um die Stimmung im wahrsten Sinne des Wortes über Wasser zu halten, indem er eine passende Playlist abspielte, während er nach einer Nacht wilder Stürme durch knöcheltiefe Überschwemmungen in Paris navigierte. Schauen Sie sich den Clip an – das Polizeiauto versank tatsächlich in seinem…",French Cop Car Blares 'Titanic' Theme Song After Major Storm Floods Streets. One French cop car was doing its best to keep spirits afloat -- literally -- blasting a fitting playlist while navigating through ankle-deep floodwaters in Paris after a night of wild storms. Catch the clip -- the cop car truly sank into its…,French Cop Car Blares 'Titanic' Theme Song After Major Storm Floods Streets. Currus unus Gallicus cop currus optime faciebat ut spirituum natantium - proprie - uredo congruum ludibrium ageret dum Lutetiae navigaret per talos aquae diluvii post noctem procellarum ferarum. Capere clip - montis currus vere in suum descenderunt…,2026-01-07 21:55:04+00:00
9c494cfdbde57bd60c18cec865ebe24c,2025-06-26T22:41:00Z,'floods',archinect.com,en,0.0,University of Kentucky students prototype modular flood-relief housing for Eastern Kentucky communities,"With catastrophic floods battering Appalachia in 2022 and again this winter, housing insecurity in Eastern Kentucky has become an urgent architectural problem. A design-build studio at the UK College of Design has responded by delivering a full-scale, truck-d…",https://archinect.com/news/article/150487926/university-of-kentucky-students-prototype-modular-flood-relief-housing-for-eastern-kentucky-communities,https://archinect.gumlet.io/uploads/9f/9fcfe3a68d60d2153fd56bc03ed48ad5.jpeg?fit=crop&auto=compress%2Cformat&enlarge=true&crop=faces&w=1200&h=707,,"With catastrophic floods battering Appalachia in 2022 and again this winter, housing insecurity in Eastern Kentucky has become an urgent architectural problem. A design-build studio at the UK College… [+2075 chars]",,"Studenten der University of Kentucky entwickeln einen Prototyp für modulare Überschwemmungsunterkünfte für Gemeinden im Osten von Kentucky. Angesichts der katastrophalen Überschwemmungen in Appalachia im Jahr 2022 und erneut in diesem Winter ist die Wohnungsunsicherheit in Ost-Kentucky zu einem dringenden architektonischen Problem geworden. Ein Design-Build-Studio am UK College of Design hat reagiert, indem es einen vollmaßstäblichen LKW-Bau geliefert hat …","University of Kentucky students prototype modular flood-relief housing for Eastern Kentucky communities. With catastrophic floods battering Appalachia in 2022 and again this winter, housing insecurity in Eastern Kentucky has become an urgent architectural problem. A design-build studio at the UK College of Design has responded by delivering a full-scale, truck-d…","Universitas Kentucky alumni prototypum modularis subsidii inundationis habitationis pro communitatibus Kentucky orientalibus. Cum calamitosas inundationes Appalachiae anno 2022 quatientes, iterumque hac hieme, habitatio suspicionis in Orientali Kentucky urgente problema architecturae facta est. Consilium-aedificandi studio in the UK College of Design respondit tradendo plene, salsissimus vir ...",2026-01-07 21:55:04+00:00
b6ce26eb445e1e53e54dfed6252b8f26,2025-06-27T01:59:15Z,'flooding',economictimes.indiatimes.com,en,0.0,8-year-old girl rescued from Guizhou sewer after being trapped for 7 hours during severe floods in southern China,"In China's Guizhou province, an eight-year-old girl was miraculously rescued from a drain after being trapped for over seven hours due to intense flooding. The girl was swept away while trying to retrieve her shoe. Despite being soaked and enduring darkness, …",https://economictimes.indiatimes.com/news/international/us/8-year-old-girl-rescued-from-guizhou-sewer-after-being-trapped-for-7-hours-during-severe-floods-in-southern-china/articleshow/122101837.cms,"https://img.etimg.com/thumb/msid-122101849,width-1200,height-630,imgsize-330118,overlay-economictimes/articleshow.jpg",,"A girl trapped in a drain in China's Guizhou province following intense flooding in the area was found alive and unharmed on Tuesday, June 24, 2025, after being stuck for more than seven hours, accor… [+2815 chars]",,"8-jähriges Mädchen aus der Kanalisation von Guizhou gerettet, nachdem es sieben Stunden lang bei schweren Überschwemmungen in Südchina eingeschlossen war. In der chinesischen Provinz Guizhou wurde ein achtjähriges Mädchen auf wundersame Weise aus einem Abfluss gerettet, nachdem es wegen starker Überschwemmungen mehr als sieben Stunden lang darin eingeschlossen war. Das Mädchen wurde weggeschwemmt, als es versuchte, seinen Schuh zurückzuholen. Obwohl er durchnässt war und die Dunkelheit aushielt, …","8-year-old girl rescued from Guizhou sewer after being trapped for 7 hours during severe floods in southern China. In China's Guizhou province, an eight-year-old girl was miraculously rescued from a drain after being trapped for over seven hours due to intense flooding. The girl was swept away while trying to retrieve her shoe. Despite being soaked and enduring darkness, …","Puella VIII annorum e cloaca Guizhou liberata post VII horas in gravibus inundationibus in Sinis australibus captus est. In provincia Sinarum Guizhou, puella octingentos annos nata, miraculose e haustu erepta est postquam deprehensus est per septem horas propter inmensum inundationem. Rapta est puella dum calceum recuperare conatur. Quamvis macerari et perpeti tenebras,…",2026-01-07 21:55:04+00:00
bc81a9c7e3b8309bef1cd7ffa096b2f8,2025-06-27T03:10:51Z,'flooding rain',www.cbsnews.com,en,0.0,West Virginia region hit by deadly flash flooding again faces torrential rain,A northern West Virginia area still cleaning up from flash flooding less than two weeks ago has been hit with torrential rains again.,https://www.cbsnews.com/news/west-virginia-flash-flooding-rain-again/,https://assets2.cbsnewsstatic.com/hub/i/r/2025/06/27/2846ec4e-d1ce-49df-8679-e5d82272b730/thumbnail/1200x630/bad77a1e3d5aa4722e983e44fd34660a/ap25178061880503.jpg,,"A northern West Virginia region still cleaning up from flash flooding less than two weeks ago was hit with torrential rains that sent creeks over their banks again Thursday night.
A flash flood warn… [+2142 chars]",,"Die von tödlichen Sturzfluten heimgesuchte Region West Virginia ist erneut mit sintflutartigen Regenfällen konfrontiert. Ein Gebiet im Norden von West Virginia, das sich noch immer von den Sturzfluten vor weniger als zwei Wochen erholt, wurde erneut von heftigen Regenfällen heimgesucht.",West Virginia region hit by deadly flash flooding again faces torrential rain. A northern West Virginia area still cleaning up from flash flooding less than two weeks ago has been hit with torrential rains again.,Regio occidentali Virginia letali mico inundatione percussa rursus imbrem torrentem spectat. Area septentrionalis Virginiae occidentalis adhuc ab inundatione mico inundationis purgat minus quam duas septimanas elapsis iterum imbres torrentialibus percussus est.,2026-01-07 21:55:04+00:00
9cd16af41f56b18f4a70a6fa9fbfbc14,2025-06-27T03:54:29Z,'flooding victims',slashdot.org,en,0.0,"3 More Victims Identified in West Virginia Flooding, Bringing Death Toll to 9 - The New York Times","3 More Victims Identified in West Virginia Flooding, Bringing Death Toll to 9The New York Times Wheeling streets submerged again; debris and mud force road closures Thursday nightWTOV West Virginia officials identify ninth flood victim as recovery support con…",https://slashdot.org/firehose.pl?op=view&amp;id=178199736,,,The Fine Print: The following comments are owned by whoever posted them. We are not responsible for them in any way.,,"Drei weitere Opfer bei Überschwemmung in West Virginia identifiziert, Zahl der Todesopfer auf neun gestiegen – The New York Times. 3 weitere Opfer bei Überschwemmung in West Virginia identifiziert, Zahl der Todesopfer auf 9 erhöhtThe New York Times Die Straßen von Wheeling sind erneut überschwemmt; Trümmer und Schlamm erzwingen Straßensperrungen am Donnerstagabend. WTOV-Beamte aus West Virginia identifizieren neuntes Flutopfer als Wiederherstellungshelfer …","3 More Victims Identified in West Virginia Flooding, Bringing Death Toll to 9 - The New York Times. 3 More Victims Identified in West Virginia Flooding, Bringing Death Toll to 9The New York Times Wheeling streets submerged again; debris and mud force road closures Thursday nightWTOV West Virginia officials identify ninth flood victim as recovery support con…","3 More Victims Identified in Virginia West Virginia Flooding, Mortem Toll ad 9 - The New York Times. 3 More Victims Identified in West Virginia Flooding, Bringing Death Toll to 9The New York Times Wheeling plateis iterum demersae; vi obstantia et lutum vi viae commissurae Iovis nightWTOV West Virginia ministri recognoscendas victimam diluvii noni quasi subsidium con… recuperationis.",2026-01-07 21:55:04+00:00
9d785a1d4a19e9deb56459a046de1742,2025-06-27T06:34:44Z,'flooding rain',slashdot.org,en,0.0,Heavy rains cause more flooding in the Ohio Valley - WTRF,"Heavy rains cause more flooding in the Ohio ValleyWTRF 3 More Victims Identified in West Virginia Flooding, Bringing Death Toll to 9The New York Times UPDATE: Possible Ninth Flood Fatality Identified; New Housing Aid AvailableWest Virginia Public Broadcasting…",https://slashdot.org/firehose.pl?op=view&amp;id=178200580,,,The Fine Print: The following comments are owned by whoever posted them. We are not responsible for them in any way.,,"Starke Regenfälle führen zu weiteren Überschwemmungen im Ohio Valley – WTRF. Heftige Regenfälle führen zu weiteren Überschwemmungen im Ohio ValleyWTRF Drei weitere Opfer wurden bei Überschwemmungen in West Virginia identifiziert, was die Zahl der Todesopfer auf 9 erhöht. UPDATE der New York Times: Möglicher neunter Todesopfer durch Überschwemmung identifiziert; Neue Wohnbeihilfe verfügbarWest Virginia Public Broadcasting…","Heavy rains cause more flooding in the Ohio Valley - WTRF. Heavy rains cause more flooding in the Ohio ValleyWTRF 3 More Victims Identified in West Virginia Flooding, Bringing Death Toll to 9The New York Times UPDATE: Possible Ninth Flood Fatality Identified; New Housing Aid AvailableWest Virginia Public Broadcasting…","Imbres graves magis inundationes in Ohio Valle - WTRF causant. Imbres graviores inundationes in Ohio ValleyWTRF causant 3 Plures Victimae in West Virginia inundatione notatae, mortem tollentes ad 9The New York Times UPDATE: Possibile nonum Diluvium Fatality Identified; New Housing Aid AvailableWest Virginia Public Broadcasting…",2026-01-07 21:55:04+00:00
3eb57b61b77017dfb669e210e5ea1af3,2025-06-27T07:27:51Z,'floods',www.yahoo.com,en,0.0,Swollen river washes away homes in Venezuela,"STORY: :: June 26, 2026:: Apartaderos, Venezuela:: Flooding after heavy rain devastates a townin Venezuela's western Merida state“It washed away my whole...",https://www.yahoo.com/news/swollen-river-washes-away-homes-072751688.html,https://media.zenfs.com/en/video.reutersnews.com/23ce8bc4dfa51242f7c2a301288a3f97,,"STORY: :: June 26, 2026
:: Apartaderos, Venezuela
:: Flooding after heavy rain devastates a town
in Venezuela's western Merida state
It washed away my whole house. I couldnt recover anything from… [+1033 chars]",,"Angeschwollener Fluss spült Häuser in Venezuela weg. GESCHICHTE: :: 26. Juni 2026:: Apartaderos, Venezuela:: Überschwemmungen nach starkem Regen verwüsten eine Stadt im westlichen Bundesstaat Merida in Venezuela. „Es hat mein ganzes weggespült...“","Swollen river washes away homes in Venezuela. STORY: :: June 26, 2026:: Apartaderos, Venezuela:: Flooding after heavy rain devastates a townin Venezuela's western Merida state“It washed away my whole...","Flumen tumidum abluit domos in Venetiola. NARRATIO: :: Die 26 Iunii 2026:: Apartaderos, Venezuela:: Inundatio post pluviam magnam vastat civitatem Venetam occidentalem Meridae civitatis “Lavit totam...",2026-01-07 21:55:04+00:00
712353c2dba8e013f1c879755659e79c,2025-06-27T11:10:03Z,'floods',abcnews.go.com,en,0.0,Flash floods in Pakistan kill at least 7 and sweep away dozens of tourists,Flash floods triggered by pre-monsoon rains have swept away dozens of tourists in northwest Pakistan,https://abcnews.go.com/International/wireStory/flash-floods-pakistan-kill-7-sweep-dozens-tourists-123261498,https://s.abcnews.com/images/US/abc_news_default_2000x2000_update_16x9_992.jpg,,"PESHAWAR, Pakistan -- Flash floods triggered by pre-monsoon rains swept away dozens of tourists in northwest Pakistan on Friday, killing at least seven people.
The nationwide death toll from rain-re… [+1832 chars]",,"Sturzfluten in Pakistan töten mindestens sieben Menschen und reißen Dutzende Touristen mit sich. Sturzfluten, ausgelöst durch Regenfälle vor dem Monsun, haben Dutzende Touristen im Nordwesten Pakistans hinweggeschwemmt",Flash floods in Pakistan kill at least 7 and sweep away dozens of tourists. Flash floods triggered by pre-monsoon rains have swept away dozens of tourists in northwest Pakistan,Inundationes emicant in Pakistania saltem 7 occidunt et justos peregrinatores abstrahunt. Flash inundationes Urguet pluviis pre-monsoon justos rapuerunt peregrinatores in Pakistania chorum,2026-01-07 21:55:04+00:00
46f49ccb121dd6c4e86fc638f7bcecf3,2025-06-27T11:53:52Z,'flooding residents',www.insurancejournal.com,en,0.0,Flash Flooding Again Hits West Virginia Areas Trying to Clean Up from Deluge,"A northern West Virginia region still cleaning up from flash flooding less than two weeks ago was hit with torrential rains that sent creeks over their banks again Thursday night. A flash flood warning was issued for the Wheeling area, …",https://www.insurancejournal.com/news/southeast/2025/06/27/829403.htm,https://www.insurancejournal.com/img/social/opengraph/ij-social-flood-1200x630.png,,"A northern West Virginia region still cleaning up from flash flooding less than two weeks ago was hit with torrential rains that sent creeks over their banks again Thursday night.
A flash flood warn… [+1537 chars]",,"Erneut kommt es zu Sturzfluten in Gebieten in West Virginia, die versuchen, sich von der Überschwemmung zu befreien. Eine Region im Norden von West Virginia, die sich vor weniger als zwei Wochen immer noch von Sturzfluten erholte, wurde am Donnerstagabend von heftigen Regenfällen heimgesucht, die erneut Bäche über ihre Ufer schickten. Für das Gebiet Wheeling wurde eine Sturzflutwarnung herausgegeben, …","Flash Flooding Again Hits West Virginia Areas Trying to Clean Up from Deluge. A northern West Virginia region still cleaning up from flash flooding less than two weeks ago was hit with torrential rains that sent creeks over their banks again Thursday night. A flash flood warning was issued for the Wheeling area, …","Flash Flooding Again Hits West Virginia Area Trying to clean Up from Diluvium. Septentrionalem regionem Virginiae occidentalis adhuc a mico inundatione purgato minus quam duas septimanas abhinc imbribus torrentibus percussus est, qui aestuaria super ripas suas iterum nocte Iovis misit. Monitum diluvium fulguri pro Wheling area edita est, …",2026-01-07 21:55:04+00:00
bd20d390dc6a1ebb72736d2370df9b22,2025-06-27T13:44:35Z,'floods',www.pbs.org,en,0.0,Flash floods in Pakistan kill 8 after deluge sweeps away dozens,Weather forecasters say rains will continue this week. Pakistan’s annual monsoon season runs from July through September.,https://www.pbs.org/newshour/world/flash-floods-in-pakistan-kill-8-after-deluge-sweeps-away-dozens,https://d3i6fh83elv35t.cloudfront.net/static/2025/06/2025-06-27T123236Z_1491330657_RC2YAFA098E1_RTRMADP_3_PAKISTAN-FLOOD-TOURISTS-1024x683.jpg,,"PESHAWAR, Pakistan (AP) Flash floods triggered by pre-monsoon rains swept away dozens of tourists in northwest Pakistan on Friday, killing at least eight people.
The nationwide death toll from rain-… [+1947 chars]",,"Sturzfluten in Pakistan töten acht Menschen, nachdem die Überschwemmung Dutzende dahingerafft hat. Meteorologen gehen davon aus, dass es diese Woche weiterhin regnen wird. Pakistans jährliche Monsunzeit dauert von Juli bis September.",Flash floods in Pakistan kill 8 after deluge sweeps away dozens. Weather forecasters say rains will continue this week. Pakistan’s annual monsoon season runs from July through September.,Flash inundationes in Pakistan interficit 8 post diluvium rapit justos. Tempestas forecasters dicunt pluvias hac septimana duraturas esse. Annuum monstrum temporis Pakistan ab Iulio per Septembrem decurrit.,2026-01-07 21:55:04+00:00
45d8578f64c22965a8a07193537ad8e7,2025-06-27T13:59:21Z,'floods',biztoc.com,en,0.0,Flash floods in Pakistan kill 8 after deluge sweeps away dozens,Weather forecasters say rains will continue this week. Pakistan’s annual monsoon season runs from July through September.,https://biztoc.com/x/0bdca5e2ce1dc835,https://biztoc.com/cdn/0bdca5e2ce1dc835_s.webp,,"Weather forecasters say rains will continue this week. Pakistans annual monsoon season runs from July through September.
This story appeared on pbs.org, 2025-06-27 13:44:35.",,"Sturzfluten in Pakistan töten acht Menschen, nachdem die Überschwemmung Dutzende dahingerafft hat. Meteorologen gehen davon aus, dass es diese Woche weiterhin regnen wird. Pakistans jährliche Monsunzeit dauert von Juli bis September.",Flash floods in Pakistan kill 8 after deluge sweeps away dozens. Weather forecasters say rains will continue this week. Pakistan’s annual monsoon season runs from July through September.,Flash inundationes in Pakistan interficit 8 post diluvium rapit justos. Tempestas forecasters dicunt pluvias hac septimana duraturas esse. Annuum monstrum temporis Pakistan ab Iulio per Septembrem decurrit.,2026-01-07 21:55:04+00:00
605c12912b65e02f1f3438f16e6d23a1,2025-06-27T15:15:39Z,'floods',nypost.com,en,0.0,Flash floods in Pakistan kill 8 after deluge sweeps away dozens,"Flash floods triggered by pre-monsoon rains swept away dozens of tourists in northwest Pakistan on Friday, killing at least eight people.",https://nypost.com/2025/06/27/world-news/flash-floods-in-pakistan-kill-8-after-deluge-sweeps-away-dozens/,https://nypost.com/wp-content/uploads/sites/2/2025/06/pakistan-floods-deaths-comp.jpg?quality=75&strip=all&1751019744&w=1024,,"Flash floods triggered by pre-monsoon rains swept away dozens of tourists in northwest Pakistan on Friday, killing at least eight people.
The nationwide death toll from rain-related incidents rose t… [+2437 chars]",,"Sturzfluten in Pakistan töten acht Menschen, nachdem die Überschwemmung Dutzende dahingerafft hat. Sturzfluten, die durch Regenfälle vor dem Monsun ausgelöst wurden, rissen am Freitag im Nordwesten Pakistans Dutzende Touristen mit sich und töteten mindestens acht Menschen.","Flash floods in Pakistan kill 8 after deluge sweeps away dozens. Flash floods triggered by pre-monsoon rains swept away dozens of tourists in northwest Pakistan on Friday, killing at least eight people.","Flash inundationes in Pakistan interficit 8 post diluvium rapit justos. Flash inundationes Urguet a pre-monsoon imbres justos peregrinatores rapuerunt in Pakistan et chorum die Veneris, occidunt saltem octo homines.",2026-01-07 21:55:04+00:00
6b0f65559de5f6a3a7ae2651aed32860,2025-06-27T16:39:55Z,'flooding area',www.wftv.com,en,0.0,City of Apopka mitigates flooding ahead of hurricane season,The City of Apopka is making changes to local lakes that are contributing to flooding in the Piedmont Wekiwa area.,https://www.wftv.com/news/local/orange-county/city-apopka-mitigates-flooding-piedmont-wekiwa-before-hurricane-season/47UJLPXR3FASJASDJ2IBFEAHZM/,https://cmg-cmg-tv-10070-prod.cdn.arcpublishing.com/resizer/v2/https%3A%2F%2Fcloudfront-us-east-1.images.arcpublishing.com%2Fcmg%2FTPYVJINA7RALJNVXB2ENY4BOXI.jpg?auth=5cb6d9ada0c53317927f3b980883e041b79d8ee10607c1a9e17b7c372590b5da&width=1200&height=630&smart=true,,"APOPKA, Fla. — The City of Apopka has begun dewatering Border Lake and the adjacent lakes to mitigate flooding in the Piedmont Wekiwa region before the hurricane season.
As the initial pumping begin… [+1738 chars]",,"Stadt Apopka mildert Überschwemmungen vor der Hurrikansaison. Die Stadt Apopka nimmt Änderungen an örtlichen Seen vor, die zu Überschwemmungen im Gebiet Piedmont Wekiwa beitragen.",City of Apopka mitigates flooding ahead of hurricane season. The City of Apopka is making changes to local lakes that are contributing to flooding in the Piedmont Wekiwa area.,"Civitas Apopka mitigat tempestatis inundationem ante tempus. Urbs Apopka mutationes lacus locales facit, qui ad inundationem in area Pedemontium Wekiwa conferunt.",2026-01-07 21:55:04+00:00
4a92dea9e0d6aa8d89459fa793205a96,2025-06-27T16:51:00Z,'floods',www.thestar.com.my,en,0.0,South Africa declares national disaster as Eastern Cape floods kill 101,"CAPE TOWN, June 27 (Xinhua) -- A national disaster has been declared in South Africa's Eastern Cape Province after recent devastating floods killed 101 people and caused widespread destruction. Read full story",https://www.thestar.com.my/news/world/2025/06/28/south-africa-declares-national-disaster-as-eastern-cape-floods-kill-101,https://cdn.thestar.com.my/Themes/img/newTsol_logo_socmedia.png,,"CAPE TOWN, June 27 (Xinhua) -- A national disaster has been declared in South Africa's Eastern Cape Province after recent devastating floods killed 101 people and caused widespread destruction.
 ""Th… [+2938 chars]",,"Südafrika erklärt den nationalen Katastrophenfall, da bei den Überschwemmungen am Ostkap 101 Menschen ums Leben kommen. KAPSTADT, 27. Juni (Xinhua) – In der südafrikanischen Provinz Ostkap wurde ein nationaler Katastrophenfall ausgerufen, nachdem die jüngsten verheerenden Überschwemmungen 101 Menschen das Leben kosteten und weitreichende Zerstörungen anrichteten. Lesen Sie die ganze Geschichte","South Africa declares national disaster as Eastern Cape floods kill 101. CAPE TOWN, June 27 (Xinhua) -- A national disaster has been declared in South Africa's Eastern Cape Province after recent devastating floods killed 101 people and caused widespread destruction. Read full story","Africa Australis cladem nationalem declarat sicut inundationes Orientis Promontorii occidunt 101. OPPIDO PROMONTORIUM, die 27 Iunii (Xinhua) -- Clades nationalis declarata est in Promontorio Orientali Africae Australis postquam recentes vastationes inundationes 101 hominum interfecerunt et stragem magnam fecerunt. Read full story",2026-01-07 21:55:04+00:00
9242bd893b4900694737c5aa02658b99,2025-06-27T16:56:26Z,'deluge',www.theverge.com,en,0.0,The unbearable obviousness of AI fitness summaries,"After nearly a decade of wearables testing, I've amassed a truly terrifying amount of health and fitness data. And while I enjoy poring over my daily data, there's one part I've come to loathe: AI summaries. Over the last two years, a deluge of AI-generated s…",https://www.theverge.com/fitness-trackers/694140/ai-summaries-fitness-apps-strava-oura-whoop-wearables,https://platform.theverge.com/wp-content/uploads/sites/2/2025/06/257829_AI_fitness_summaries_CVirginia2.jpg?quality=90&strip=all&crop=0%2C10.732984293194%2C100%2C78.534031413613&w=1200,,"The unbearable obviousness of AI fitness summaries
I asked AI for insight into my health data. It gave me a regurgitated book report.
The unbearable obviousness of AI fitness summaries
I asked AI … [+7692 chars]",,"Die unerträgliche Offensichtlichkeit von KI-Fitnesszusammenfassungen. Nach fast einem Jahrzehnt des Wearables-Testens habe ich eine wirklich erschreckende Menge an Gesundheits- und Fitnessdaten gesammelt. Und während es mir Spaß macht, über meinen täglichen Daten zu brüten, gibt es einen Teil, den ich mittlerweile verabscheue: KI-Zusammenfassungen. In den letzten zwei Jahren ist eine Flut von KI-generierten s…","The unbearable obviousness of AI fitness summaries. After nearly a decade of wearables testing, I've amassed a truly terrifying amount of health and fitness data. And while I enjoy poring over my daily data, there's one part I've come to loathe: AI summaries. Over the last two years, a deluge of AI-generated s…","Ad evidentiam intolerabilem AI idoneitatem summaria. Post fere decennium defatigatio experimentorum, vere terribilem quantitatem salutis et congrui datam cumulavi. Dumque cottidie perlegimus notitias meas, una pars est quae fastidire veni: AI summaria. Postremis duobus annis diluvium AI generatorum s…",2026-01-07 21:55:04+00:00
60e03b9d5a8852bc61dec6d27a6d7d83,2025-06-27T17:03:55Z,'floods',consent.yahoo.com,en,0.0,8-year-old survives 7 hours in sewer after being swept away in China floods,,https://consent.yahoo.com/v2/collectConsent?sessionId=1_cc-session_540740b0-e026-4dd2-ae69-e2ef1a91c768,,,"If you click 'Accept all', we and our partners, including 235 who are part of the IAB Transparency &amp; Consent Framework, will also store and/or access information on a device (in other words, use … [+714 chars]",,"8-Jähriger überlebt 7 Stunden im Abwasserkanal, nachdem er von Überschwemmungen in China weggeschwemmt wurde. Nan",8-year-old survives 7 hours in sewer after being swept away in China floods. nan,8 annorum superstite 7 horarum cloacarum postquam inundationes in Sinis eversae sunt. nan,2026-01-07 21:55:04+00:00
5865d6b24a13c2f9c7cfd5b3ab7b3a47,2025-06-27T17:50:41Z,'flooding',consent.yahoo.com,en,0.0,Interstate 40 in the Smoky Mountains reopens faster than expected after rock slide and flooding,,https://consent.yahoo.com/v2/collectConsent?sessionId=1_cc-session_31c5ca8a-a3b1-4cb1-a3c4-2f951742e249,,,"If you click 'Accept all', we and our partners, including 235 who are part of the IAB Transparency &amp; Consent Framework, will also store and/or access information on a device (in other words, use … [+714 chars]",,Die Interstate 40 in den Smoky Mountains wird nach Steinschlag und Überschwemmung schneller als erwartet wieder geöffnet. Nan,Interstate 40 in the Smoky Mountains reopens faster than expected after rock slide and flooding. nan,Interstate 40 in Montes fumoso citius rescissa quam expectata post lapsu saxi et inundationis. nan,2026-01-07 21:55:04+00:00
ac9bfe1d9898bf36306239647e4fc223,2025-06-27T20:36:38Z,'flooding',financialpost.com,en,0.0,Home to North Carolina iconic attraction reopens after Hurricane Helene’s devastation,"CHIMNEY ROCK, N.C. (AP) — An iconic tourist attraction in an area of western North Carolina among the hardest hit by Hurricane Helene reopened to the public on Friday, nine months after the storm brought historic flooding, destruction and loss of life. North …",https://financialpost.com/pmn/home-to-north-carolina-iconic-attraction-reopens-after-hurricane-helenes-devastation,,,"CHIMNEY ROCK, N.C. (AP) An iconic tourist attraction in an area of western North Carolina among the hardest hit by Hurricane Helene reopened to the public on Friday, nine months after the storm broug… [+4789 chars]",,"Heimat der berühmten Attraktion North Carolinas wird nach der Verwüstung durch Hurrikan Helene wiedereröffnet. CHIMNEY ROCK, N.C. (AP) – Eine ikonische Touristenattraktion in einem Gebiet im Westen von North Carolina, das zu den am stärksten vom Hurrikan Helene betroffenen Gebieten gehört, wurde am Freitag wieder für die Öffentlichkeit geöffnet, neun Monate nachdem der Sturm historische Überschwemmungen, Zerstörungen und Verluste an Menschenleben mit sich gebracht hatte. Norden …","Home to North Carolina iconic attraction reopens after Hurricane Helene’s devastation. CHIMNEY ROCK, N.C. (AP) — An iconic tourist attraction in an area of western North Carolina among the hardest hit by Hurricane Helene reopened to the public on Friday, nine months after the storm brought historic flooding, destruction and loss of life. North …","Home ad Carolina North Carolina attractionem iconicam post devastationem Hurricane Helene renovat. CHIMNEY ROCK, N.C. (AP) — Iconica VIATOR attractio in regione Carolinae Septentrionalis occidentalis inter gravissimum ictus Hurricane Helene in publicum reclusit die Veneris, post novem menses postquam tempestas historicam inundationem, interitum ac perniciem intulit. Septentrionalis ...",2026-01-07 21:55:04+00:00
b1190bc1c46e7c7e48dd0a0886ba3f84,2025-06-27T21:18:56Z,'floods',www.aljazeera.com,en,0.0,Several killed as flash floods sweep away dozens of people in Pakistan,"Nine people from one extended family were killed at Swat River, while others died in rain-related incidents elsewhere.",https://www.aljazeera.com/news/2025/6/27/several-killed-as-flash-floods-sweep-away-dozens-of-people-in-pakistan,https://www.aljazeera.com/wp-content/uploads/2025/06/AP25178378763962-1751055263.jpg?resize=1920%2C1440,,"Flash floods have killed at least nine people in northern Pakistan after pre-monsoon rains swept away dozens of individuals.
District administrator Shehzad Mahboob said on Friday that the nine peopl… [+1832 chars]",,"Mehrere Tote, als Sturzfluten Dutzende Menschen in Pakistan dahinrafften. Neun Menschen aus einer Großfamilie kamen am Swat-Fluss ums Leben, während andere bei regenbedingten Vorfällen andernorts ums Leben kamen.","Several killed as flash floods sweep away dozens of people in Pakistan. Nine people from one extended family were killed at Swat River, while others died in rain-related incidents elsewhere.","Plures occisi sicut inundationes ictuum trahunt justos hominum in Pakistan. Novem homines ex una familia extensa apud Swat flumen caesi sunt, alii autem in aliis incidentibus pluviis mortui sunt.",2026-01-07 21:55:04+00:00
664e61de2a312f665513e71bb802696e,2025-06-28T00:32:56Z,'floods',biztoc.com,en,0.0,Far-Left Panic: Dark Money NGO Floods Baltimore Airwaves With Propaganda To Save Governor,"Far-Left Panic: Dark Money NGO Floods Baltimore Airwaves With Propaganda To Save Governor 
 
A local journalist at Fox Baltimore is starting to dive into the same rabbit hole we've explored for years—tracing the dark money networks funneling cash into left-wi…",https://biztoc.com/x/c26ddccfb337eb09,https://biztoc.com/cdn/c26ddccfb337eb09_s.webp,,"Far-Left Panic: Dark Money NGO Floods Baltimore Airwaves With Propaganda To Save Governor 
A local journalist at Fox Baltimore is starting to dive into the same rabbit hole we've explored for yearst… [+142 chars]",,"Panik der extremen Linken: NGO mit dunklem Geld überschwemmt Baltimore Airwaves mit Propaganda, um den Gouverneur zu retten. Panik der extremen Linken: NGO mit dunklem Geld überschwemmt Baltimore Airwaves mit Propaganda, um den Gouverneur zu retten 
 
Ein Lokaljournalist bei Fox Baltimore beginnt, in dasselbe Kaninchenloch einzutauchen, das wir seit Jahren erforschen – er geht den dunklen Geldnetzwerken auf die Spur, die Bargeld in linke Kreise schleusen …","Far-Left Panic: Dark Money NGO Floods Baltimore Airwaves With Propaganda To Save Governor. Far-Left Panic: Dark Money NGO Floods Baltimore Airwaves With Propaganda To Save Governor 
 
A local journalist at Fox Baltimore is starting to dive into the same rabbit hole we've explored for years—tracing the dark money networks funneling cash into left-wi…","Longe-perterriti: Tenebrae Pecuniae NGO Inundationes Baltimore Airwaves Cum Propaganda Fide Servare Gubernatorem. Longe-reliquit Terror: Dark Pecunia NGO Inundationes Baltimore Airwaves Cum Propaganda Fide servare gubernatorem 
 
Diurnarius localis apud Fox Baltimore incipit intendere in eandem foveam cuniculi explorati sumus per annos, retiacula obscura pecuniam repetens in funnelingorum nummi in sinistra wi…",2026-01-07 21:55:04+00:00
d0d95288710e3472747d47e9aa9a62d6,2025-06-28T01:32:50Z,'floods',www.abc.net.au,en,0.0,Hope for rare birds as 'Mother Nature turns it on' after floods,"Eucalypt species have been observed experiencing a mass budding after the May floods in northern NSW, boosting habitat for the critically endangered regent honeyeater.",https://www.abc.net.au/news/2025-06-28/gum-trees-set-for-booming-blossom-after-rain-and-floods/105437310,https://live-production.wcms.abc-cdn.net.au/71e7d8b5fa343f623899e539a455d970?impolicy=wcms_watermark_news&cropH=2813&cropW=5000&xPos=0&yPos=495&width=862&height=485&imformat=generic,,"A silver lining has emerged in the wake of record-breaking flooding across parts of New South Wales with signs the wet weather has created prime conditions for nectar-feeing birds, including the crit… [+4622 chars]",,"Hoffnung auf seltene Vögel, denn „Mutter Natur macht nach Überschwemmungen alles richtig“. Es wurde beobachtet, dass Eukalyptusarten nach den Überschwemmungen im Mai im Norden von New South Wales einen Massenaustrieb erlebten, was den Lebensraum für den vom Aussterben bedrohten Regenten-Honigfresser vergrößerte.","Hope for rare birds as 'Mother Nature turns it on' after floods. Eucalypt species have been observed experiencing a mass budding after the May floods in northern NSW, boosting habitat for the critically endangered regent honeyeater.","Spes raras aves ut 'Mater natura volvitur' post diluvia. Species eucalyptae observatae sunt experiendo germinationem glomerationis post Maii inundationes in NSW septentrionali, habitationem boosting pro meleatro regens critico periclitante.",2026-01-07 21:55:04+00:00
e40fcfde6ff864a967f499277f013f4b,2025-06-28T04:08:11Z,'floods',economictimes.indiatimes.com,en,0.0,Pakistan flash floods kill 11: local officials,"Tragedy struck Pakistan's northwest as flash floods claimed 11 lives. The disaster occurred at the monsoon season's start. Swat Valley was severely hit, with families swept away. Dozens of houses suffered damage. The meteorological service has issued warnings…",https://economictimes.indiatimes.com/news/international/world-news/pakistan-flash-floods-kill-11-local-officials/articleshow/122123869.cms,"https://img.etimg.com/thumb/msid-122124031,width-1200,height-630,imgsize-206852,overlay-economictimes/articleshow.jpg",,"Flash flooding in Pakistan's mountainous northwest has killed 11 people, including several children, at the start of the monsoon season, disaster management officials said.""In the past 24 hours, flas… [+1081 chars]",,"Bei Sturzfluten in Pakistan kommen elf Menschen ums Leben: örtliche Beamte. Eine Tragödie ereignete sich im Nordwesten Pakistans, als Sturzfluten elf Todesopfer forderten. Die Katastrophe ereignete sich zu Beginn der Monsunzeit. Das Swat-Tal wurde schwer getroffen, Familien wurden weggeschwemmt. Dutzende Häuser wurden beschädigt. Der Wetterdienst hat Warnungen herausgegeben…","Pakistan flash floods kill 11: local officials. Tragedy struck Pakistan's northwest as flash floods claimed 11 lives. The disaster occurred at the monsoon season's start. Swat Valley was severely hit, with families swept away. Dozens of houses suffered damage. The meteorological service has issued warnings…","Pakistan flumina micant 11: magistratus locales. Tragoedia dui chorum percussit sicut inundationes fulgurum 11 vitam asseruit. Clades facta est in initio temporis ETESIA. Abi- vallis graviter percussus est, cum familias rapuit. Dozens domorum damnum passus est. Ministerium meteorologicum denuntiavit...",2026-01-07 21:55:04+00:00
7d54c2877eef38239e1f64e9c5ed23a1,2025-06-28T06:48:00Z,'floods',www.dw.com,en,0.0,Pakistan: Flash floods kill 11 amid heavy rain warning,Pakistan's meterological department has said there is a risk of severe rainfall and more flash floods up until Tuesday.,https://www.dw.com/en/pakistan-flash-floods-kill-11-amid-heavy-rain-warning/a-73074485,,,"Flash floods in Pakistan's northwest mountanious province of Khyber Pakhtunkhwa have killed 11 people, including four children, the country's disaster management officials said.
""In the past 24 hour… [+2543 chars]",,"Pakistan: Sturzfluten töten 11 Menschen trotz starker Regenwarnung. Das pakistanische Wetteramt sagte, dass bis Dienstag die Gefahr heftiger Regenfälle und weiterer Sturzfluten bestehe.",Pakistan: Flash floods kill 11 amid heavy rain warning. Pakistan's meterological department has said there is a risk of severe rainfall and more flash floods up until Tuesday.,Pakistan: Flash flumina occidunt 11 inter pluviae monitum. Dicasteria metologica Pakistani dixit periculum esse gravis pluviae et plures diluvii inundationes usque ad diem Martis.,2026-01-07 21:55:04+00:00
08d358fdbf7d307777832f9b475f171a,2025-06-28T07:43:22Z,'flooding mudslide',www.cnn.com,en,0.0,West Virginia mudslide strands thousands on mountainous highway for more than 8 hours,"Thousands of motorists were stranded for more than eight hours along a section of rural interstate highway in southern West Virginia early Friday after a mudslide caused by heavy rains blocked a storm drain the previous night, flooding the northbound lanes.",https://www.cnn.com/2025/06/28/us/west-virginia-mudslide-thousands-stranded-highway-hnk,"https://media.cnn.com/api/v1/images/stellar/prod/ap25178800328714.jpg?c=16x9&q=w_800,c_fill",,Thousands of motorists were stranded for more than eight hours along a section of rural interstate highway in southern West Virginia early Friday after a mudslide caused by heavy rains blocked a stor… [+2672 chars],,"Schlammlawine in West Virginia treibt über 8 Stunden lang tausende Menschen auf bergigem Highway zurück. Tausende Autofahrer saßen am frühen Freitag mehr als acht Stunden lang auf einem Abschnitt der Landstraße im Süden von West Virginia fest, nachdem eine durch heftige Regenfälle verursachte Schlammlawine in der Nacht zuvor einen Abfluss blockiert und die Fahrspuren in Richtung Norden überschwemmt hatte.","West Virginia mudslide strands thousands on mountainous highway for more than 8 hours. Thousands of motorists were stranded for more than eight hours along a section of rural interstate highway in southern West Virginia early Friday after a mudslide caused by heavy rains blocked a storm drain the previous night, flooding the northbound lanes.","Virginiae occidentis contortae mudslides plusquam 8 horas in via montana millia. Milia motoristarum plus quam octo horas destituti sunt in sectione viarum interstatum rusticarum in Virginia West Virginia meridionali primo die Veneris post turbationem imbrium impeditam tempestatem proximam noctem exhauriunt, vicos septentrionales inundantes.",2026-01-07 21:55:04+00:00
29058bd610819741482fd2cd334e25b3,2025-06-28T09:39:54Z,'flooding',www.forbes.com,en,0.0,The AI Mental Health Market Is Booming — But Can The Next Wave Deliver Results?,"AI is flooding the mental health space but without real outcomes, experts say these tools risk offering comfort without care.",https://www.forbes.com/sites/kolawolesamueladebayo/2025/06/28/the-ai-mental-health-market-is-booming---but-can-the-next-wave-deliver-results/,https://imageio.forbes.com/specials-images/imageserve/685faf963104a3563eb048e6/0x0.jpg?format=jpg&height=900&width=1600&fit=bounds,,"AI tools promise scalable mental health support, but can they actually deliver real care, or just ... More simulate it?
getty
In April of 2025, Amanda Caswell found herself on the edge of a panic a… [+7476 chars]",,"Der KI-Markt für psychische Gesundheit boomt – aber kann die nächste Welle Ergebnisse liefern? KI überschwemmt den Bereich der psychischen Gesundheit, aber ohne echte Ergebnisse. Experten sagen, dass diese Tools das Risiko bergen, Trost ohne Fürsorge zu bieten.","The AI Mental Health Market Is Booming — But Can The Next Wave Deliver Results?. AI is flooding the mental health space but without real outcomes, experts say these tools risk offering comfort without care.","AI Market mentalis est booming - sed potestne Proventus proximus unda libera?. AI inundat spatium mentis sed sine eventibus realibus, periti dicunt haec instrumenta periculum solatium sine cura offerre.",2026-01-07 21:55:04+00:00
845c76bf8f263e2b25aa24698c05b637,2025-06-28T13:30:34Z,'floods',economictimes.indiatimes.com,en,0.0,Himachal Flash floods: Death toll climbs to 7 as another body recovered from Kullu,The flash floods in Himachal Pradesh's Kangra and Kullu have claimed seven lives after another body was recovered. Rescue operations continue for four missing individuals amidst an orange warning for heavy rains. The earlier incident at a hydro-project site i…,https://economictimes.indiatimes.com/news/india/himachal-flash-floods-death-toll-climbs-to-7-as-another-body-recovered-from-kullu/articleshow/122131443.cms,"https://img.etimg.com/thumb/msid-122131455,width-1200,height-630,imgsize-284502,overlay-economictimes/articleshow.jpg",,"The death toll in the flash flood that wreaked havoc in Himachal Pradesh's Kangra and Kullu on Wednesday has gone up to seven after the recovery of another body, officials said.The body of a minor gi… [+2023 chars]",,"Sturzfluten in Himachal: Die Zahl der Todesopfer steigt auf 7, als eine weitere Leiche aus Kullu geborgen wurde. Die Sturzfluten in Kangra und Kullu in Himachal Pradesh forderten sieben Todesopfer, nachdem eine weitere Leiche geborgen wurde. Die Rettungsaktionen für vier vermisste Personen werden trotz der orangefarbenen Warnung vor starken Regenfällen fortgesetzt. Der frühere Vorfall an einem Wasserprojektstandort i…",Himachal Flash floods: Death toll climbs to 7 as another body recovered from Kullu. The flash floods in Himachal Pradesh's Kangra and Kullu have claimed seven lives after another body was recovered. Rescue operations continue for four missing individuals amidst an orange warning for heavy rains. The earlier incident at a hydro-project site i…,Himachal Flash inundationes: Mors vectigal ascendit ad 7 sicut aliud corpus recuperavit ex Kullu. Fulgurationes diluvii in Himachal Pradesh Kangra et Kullu vindicaverunt septem animas post aliud corpus convaluisse. Eripe operationes per quattuor singulos absentes homines inter monitionem aurantiorum de gravibus imbribus permanere. Veteres incident ad situm hydro-projecti i…,2026-01-07 21:55:04+00:00
d164e9c5618b5e917372219786673673,2025-06-28T13:31:39Z,'flooding storm',www.newser.com,en,0.0,You Thought Your Evening Commute Was Bad...,"Thousands of motorists were stranded for more than eight hours along a section of rural interstate highway in southern West Virginia early Friday after a mudslide caused by heavy rains blocked a storm drain the previous night, flooding the northbound lanes. T…",https://www.newser.com/story/371055/you-thought-your-evening-commute-was-bad.html,https://img2-azrcdn.newser.com/image/1619203-12-20250628084901.jpeg,,"Motorists posted on social media that they had no information on why the standstill occurred, that they had nothing to drink in their vehicles, and that their children needed to use the bathroom. Nic… [+1370 chars]",,"Sie dachten, Ihre abendliche Pendelfahrt sei schlecht ... Tausende Autofahrer saßen am frühen Freitag mehr als acht Stunden lang auf einem Abschnitt der Landstraße im Süden von West Virginia fest, nachdem eine durch heftige Regenfälle verursachte Schlammlawine in der Nacht zuvor einen Abfluss blockiert und die Fahrspuren in Richtung Norden überschwemmt hatte. T…","You Thought Your Evening Commute Was Bad.... Thousands of motorists were stranded for more than eight hours along a section of rural interstate highway in southern West Virginia early Friday after a mudslide caused by heavy rains blocked a storm drain the previous night, flooding the northbound lanes. T…","Putavisti Vespertinam Commutationem Malum.... Milia motoristarum plus quam octo horas destitutus sunt per sectionem viae rusticae in Virginia occidentali occidentali mane diluculo Veneris post turbationem imbribus imbribus impeditam proximam noctem exhauriunt, vicos septentrionales inundantes. T…",2026-01-07 21:55:04+00:00
f89a9b4cabdf7d92e7f34994b3259110,2025-06-28T13:55:14Z,'floods',www.aljazeera.com,en,0.0,Death toll rises after Pakistan hit by flash floods and heavy rains,"Flash floods and roof collapses over past 36 hours have claimed 19 lives, increasing total toll to 32, authorities say.",https://www.aljazeera.com/news/2025/6/28/death-toll-rises-after-pakistan-hit-by-flash-floods-and-heavy-rains,https://www.aljazeera.com/wp-content/uploads/2025/06/AFP__20250628__64624ZP__v1__HighRes__PakistanWeatherRain-1751117264.jpg?resize=1920%2C1440,,"Heavy rain and flash flooding across Pakistan have killed 32 people since the start of the monsoon season earlier this week, according to the disaster management officials.
Flash floods and roof col… [+1202 chars]",,"Die Zahl der Todesopfer steigt, nachdem Pakistan von Sturzfluten und heftigen Regenfällen heimgesucht wurde. Nach Angaben der Behörden forderten Sturzfluten und Dacheinstürze in den letzten 36 Stunden 19 Todesopfer und erhöhten die Gesamtzahl der Opfer auf 32.","Death toll rises after Pakistan hit by flash floods and heavy rains. Flash floods and roof collapses over past 36 hours have claimed 19 lives, increasing total toll to 32, authorities say.","Mortuus vectigal surgit post Pakistan ictus micis diluviis et imbribus. Fulgurare diluvia et tectum super praeteritas 36 horas 19 vitam asseruit, augendo summam tolnam 32 , auctores dicunt.",2026-01-07 21:55:04+00:00
253f9374d671161efc330fb995084417,2025-06-28T17:02:42Z,'flooding',www.aljazeera.com,en,0.0,Pakistan slams climate ‘injustice’ as deadly floods hit country again,"At least 32 killed in monsoon flooding, underscoring Pakistan's climate vulnerability and insufficient global support.",https://www.aljazeera.com/news/2025/6/28/pakistan-slams-crisis-of-injustice-as-deadly-flooding-hits,https://www.aljazeera.com/wp-content/uploads/2025/06/unnamed-10-1751123269.jpg?resize=1920%2C1440,,"Pakistans climate change minister has slammed the crisis of injustice facing the country and a lopsided allocation of funding as heavy rains and the latest flash flooding cause more damage, destructi… [+3780 chars]",,"Pakistan kritisiert Klima-„Ungerechtigkeit“, als das Land erneut von tödlichen Überschwemmungen heimgesucht wird. Mindestens 32 Menschen starben bei Monsun-Überschwemmungen, was die Klimaanfälligkeit Pakistans und die unzureichende globale Unterstützung verdeutlicht.","Pakistan slams climate ‘injustice’ as deadly floods hit country again. At least 32 killed in monsoon flooding, underscoring Pakistan's climate vulnerability and insufficient global support.","Pakistan slams clima 'iniustitia' pro inundationibus mortiferis patriam iterum feriunt. Saltem XXXII in inundatione ETESIA occisa, vulnerabilitatem climatis inscrutans et subsidium globali insufficiens.",2026-01-07 21:55:04+00:00
6046c8d77e6674b9677738e5a221cbd2,2025-06-29T00:34:41Z,'flooding mudslide',slashdot.org,en,0.0,West Virginia mudslide strands thousands on highway for more than 8 hours - CBS News,West Virginia mudslide strands thousands on highway for more than 8 hoursCBS News Turnpike reopens after being closed for more than 8 hoursWSAZ West Virginia Parkways Authority looking for solutions after WV Turnpike shuts down for 8 hours due to floodingWOWK…,https://slashdot.org/firehose.pl?op=view&amp;id=178218728,,,"""In my opinion, Richard Stallman wouldn't recognise terrorism if it
came up and bit him on his Internet.""
-- Ross M. Greenberg",,"Schlammlawine in West Virginia hält mehr als acht Stunden lang Tausende auf der Autobahn fest – CBS News. Schlammlawine in West Virginia setzt tausende Menschen mehr als acht Stunden lang auf der Autobahn festCBS News Turnpike wird nach mehr als acht Stunden Schließung wieder geöffnetWSAZ West Virginia Parkways Authority sucht nach Lösungen, nachdem WV Turnpike wegen Überschwemmung acht Stunden lang geschlossen wurdeWOWK…",West Virginia mudslide strands thousands on highway for more than 8 hours - CBS News. West Virginia mudslide strands thousands on highway for more than 8 hoursCBS News Turnpike reopens after being closed for more than 8 hoursWSAZ West Virginia Parkways Authority looking for solutions after WV Turnpike shuts down for 8 hours due to floodingWOWK…,Virginiae occidentis contortae mudslides plusquam 8 horas in via plusquam 8 horarum - CBS News. West Virginia mudslide contorto millia in via plus quam 8 hoursCBS News Turnpike recludit post clausus plus quam 8 horasWSAZ West Virginia Parkways Auctoritas quaerens solutiones post WV Turnpike claudit pro 8 horis propter inundationem WOWK…,2026-01-07 21:55:04+00:00
06cf07b57237b442a53308025502cd69,2025-06-29T09:07:19Z,'flooding military',www.aljazeera.com,en,0.0,Week in Pictures: From Israel’s Gaza offensive to protests in Serbia,A look at some of the top photos of the past week.,https://www.aljazeera.com/gallery/2025/6/29/week-in-pictures-from-israels-gaza-offensive-to-protests-in-serbia,https://www.aljazeera.com/wp-content/uploads/2025/06/AP25179384877635-1751176039.jpg?resize=1920%2C1440,,"From the solemn funeral procession honouring Iranian military commanders, among others killed in Israeli strikes, to the catastrophic flooding that ravaged Venezuela, here is a look at some of the to… [+25 chars]",,Woche in Bildern: Von Israels Gaza-Offensive bis zu Protesten in Serbien. Ein Blick auf einige der Top-Fotos der letzten Woche.,Week in Pictures: From Israel’s Gaza offensive to protests in Serbia. A look at some of the top photos of the past week.,Hebdomada in Pictures: Ex Israel Gaza disclamantibus in Serbia. Vide aliquas supremas imagines hebdomadae revolutae.,2026-01-07 21:55:04+00:00
e5bd138e5c21b48f0b6d4a5e133b236f,2025-06-29T11:00:55Z,'deluge',www.fratellowatches.com,en,0.0,Panerai Extends Its Partnership With The Luna Rossa Sailing Team,"Panerai launched a deluge of Luna Rossa editions at Watches and Wonders 2024. After a more back-to-basics showing this year, not including the Perpetual Calendar GMT Platinumtech, the Luna Rossa editions return with two new Luminor models. Panerai also announ…",https://www.fratellowatches.com/panerai-extends-its-partnership-with-the-luna-rossa-sailing-team-pam01653-and-pam01654/,https://www.fratellowatches.com/cdn-cgi/image/anim=false/wp-content/uploads/2025/06/NEW-Panerai-Luna-Rossa-PAM01653-4.jpg,,"Panerai launched a deluge of Luna Rossa editions at Watches and Wonders 2024. After a more back-to-basics showing this year, not including the Perpetual Calendar GMT Platinumtech, the Luna Rossa edit… [+6355 chars]",,"Panerai verlängert seine Partnerschaft mit dem Luna Rossa Sailing Team. Panerai stellte auf der Watches and Wonders 2024 eine Flut von Luna Rossa-Editionen vor. Nach einer eher auf das Wesentliche beschränkten Präsentation in diesem Jahr, ohne die Perpetual Calendar GMT Platinumtech, kehren die Luna Rossa-Editionen mit zwei neuen Luminor-Modellen zurück. Panerai kündigt außerdem an…","Panerai Extends Its Partnership With The Luna Rossa Sailing Team. Panerai launched a deluge of Luna Rossa editions at Watches and Wonders 2024. After a more back-to-basics showing this year, not including the Perpetual Calendar GMT Platinumtech, the Luna Rossa editions return with two new Luminor models. Panerai also announ…","Panerai Societas suam extendit Cum The Luna Rossa Navigante Team. Panerai inundatio Lunensis Rossa editiones in Vigiliis et Miraculis 2024 deduxit. Post plures posteriores-ad-basicas hoc anno exhibens, non possidet Calendarium perpetuum GMT Platinumtech, editiones Lunae Rossa cum duobus novis Luminoribus exemplaribus redeunt. Panerai etiam annon…",2026-01-07 21:55:04+00:00
7ab04b4564a8e6a07445bd8a68dacf64,2025-06-29T13:33:32Z,'flooding relief',economictimes.indiatimes.com,en,0.0,Odisha govt sounds flood alert in Balasore district as major rivers in spate,"The Odisha government has issued a high alert for Balasore district due to swelling rivers like Budhabalang, Subarnarekha, and Jalaka, threatening floods by Monday. An engineer-in-chief and a chief engineer have been deployed to manage the situation as the Ja…",https://economictimes.indiatimes.com/news/india/odisha-govt-sounds-flood-alert-in-balasore-district-as-major-rivers-in-spate/articleshow/122143740.cms,"https://img.etimg.com/thumb/msid-122143831,width-1200,height-630,imgsize-391392,overlay-economictimes/articleshow.jpg",,"Bhubaneswar: With an impending flood threat looming over the northern part of the state, the Odisha government on Sunday placed the Balasore district administration on high alert, as several major ri… [+2444 chars]",,"Die Regierung von Odisha löst im Distrikt Balasore Hochwasseralarm aus, da große Flüsse überschwemmt sind. Die Regierung von Odisha hat für den Distrikt Balasore eine hohe Alarmstufe ausgesprochen, da Flüsse wie Budhabalang, Subarnarekha und Jalaka anschwellen und bis Montag Überschwemmungen drohen. Ein Oberingenieur und ein Chefingenieur wurden entsandt, um die Situation zu verwalten, während der Ja…","Odisha govt sounds flood alert in Balasore district as major rivers in spate. The Odisha government has issued a high alert for Balasore district due to swelling rivers like Budhabalang, Subarnarekha, and Jalaka, threatening floods by Monday. An engineer-in-chief and a chief engineer have been deployed to manage the situation as the Ja…","Odisha govt sonat diluvium in regione Balasore erectum sicut maiores fluvii in spate. Regimen Odisha altum intentum edixit regione Balasore propter tumores fluminum sicut Budhabalang, Subarnarekha, et Jalaka, inundationes Lunae minitans. Ingeniarius princeps et praefectus fabrum disponi possunt ad condicionem administrandam sicut Ja…",2026-01-07 21:55:04+00:00
cabd13da31e452802ff94056dea8add7,2025-06-29T15:43:37Z,'flooding',consent.yahoo.com,en,0.0,Severe thunderstorms to threaten central and eastern US with flooding and damaging winds,,https://consent.yahoo.com/v2/collectConsent?sessionId=1_cc-session_fb250fcf-41e7-4a9b-9c8e-32b98e6b949a,,,"If you click 'Accept all', we and our partners, including 235 who are part of the IAB Transparency &amp; Consent Framework, will also store and/or access information on a device (in other words, use … [+714 chars]",,Heftige Gewitter bedrohen den zentralen und östlichen Teil der USA mit Überschwemmungen und schädlichen Winden. Nan,Severe thunderstorms to threaten central and eastern US with flooding and damaging winds. nan,Tempestates graves minae US centrales et orientales cum inundationibus et damnosis ventis. nan,2026-01-07 21:55:04+00:00
ea859bc1e35dc1f55ffce7dd71b7119a,2025-06-29T18:31:01Z,'flooding disruption',insidethemagic.net,en,0.0,VIDEO: Fire and Flooding Force Guests to Evacuate Disney World Resort,"Let’s be real—when you book a stay at Disney’s Wilderness Lodge, you’re expecting towering pines, totem poles, and rustic charm… not flashing alarms, drenched hallways, and evacuations. But over the weekend, that’s exactly what some guests experienced during …",https://insidethemagic.net/2025/06/fire-and-flooding-force-guests-to-evacuate-disney-world-resort-ab1/,https://insidethemagic.net/wp-content/uploads/2023/07/Wilderness-Lodge.jpg,,"Lets be realwhen you book a stay at Disneys Wilderness Lodge, youre expecting towering pines, totem poles, and rustic charm not flashing alarms, drenched hallways, and evacuations.
But over the week… [+3805 chars]",,"VIDEO: Feuer und Überschwemmung zwingen Gäste zur Evakuierung des Disney World Resort. Seien wir ehrlich: Wenn Sie einen Aufenthalt in der Disney’s Wilderness Lodge buchen, erwarten Sie hoch aufragende Kiefern, Totempfähle und rustikalen Charme … keine blinkenden Alarmanlagen, durchnässte Flure und Evakuierungen. Doch am Wochenende erlebten einige Gäste genau das …","VIDEO: Fire and Flooding Force Guests to Evacuate Disney World Resort. Let’s be real—when you book a stay at Disney’s Wilderness Lodge, you’re expecting towering pines, totem poles, and rustic charm… not flashing alarms, drenched hallways, and evacuations. But over the weekend, that’s exactly what some guests experienced during …","VIDEO: Ignis et Inundatio Force Hospes ut Disney Obstinatus Mundi Evacuet. Sit reale-cum libri moram apud Disney's Wilderness Lodge, turres pinos, totem polos, et leporem rusticum exspectas... terrores non coruscantes, atria perfusa, et evacuationes. Sed super weekend, id prorsus est quod aliqui hospites experti sunt in …",2026-01-07 21:55:04+00:00
3adcaacbf822b6932ed0bc15ffae2d57,2025-06-29T20:37:44Z,'floods',www.abc.net.au,en,0.0,Scientists build first-of-its-kind model to predict floods,The virtual model built using millions of pieces of data gathered over two years can predict flood behaviour like never before.,https://www.abc.net.au/news/2025-06-30/csiro-creates-model-of-river-catchment-test-flood-mitigation/105449496,https://live-production.wcms.abc-cdn.net.au/b5edd60246a85625bf16b691d3bbfa79?impolicy=wcms_watermark_news&cropH=242&cropW=430&xPos=22&yPos=14&width=862&height=485&imformat=generic,,"In an effort to better understand flood behaviour in one of the wettest parts of Australia, scientists have turned the region's river system into a virtual model.
The CSIRO has mapped the Richmond R… [+5618 chars]",,"Wissenschaftler entwickeln das erste Modell seiner Art zur Vorhersage von Überschwemmungen. Das virtuelle Modell, das aus Millionen von über zwei Jahre gesammelten Daten erstellt wurde, kann das Hochwasserverhalten wie nie zuvor vorhersagen.",Scientists build first-of-its-kind model to predict floods. The virtual model built using millions of pieces of data gathered over two years can predict flood behaviour like never before.,Scientistae primum-of-suum genus exemplar construunt ad diluvia praedicenda. Rectum exemplar aedificatum utens decies centena millia nummorum notitiarum per biennium collectae mores diluvium praedicere possunt sicut numquam ante.,2026-01-07 21:55:04+00:00
a646c94b2da111be71ba1faaf55b0981,2025-06-29T20:48:41Z,'flooding rain',www.newsweek.com,en,0.0,Barry Becomes Tropical Storm as It Takes Aim for Eastern Mexico,"Heavy rainfall, strong winds, and localized flooding are concerns for eastern Mexico, particularly with the expectation of up to 45 mph winds at landfall.",https://www.newsweek.com/barry-becomes-tropical-storm-it-takes-aim-eastern-mexico-2092250,https://d.newsweek.com/en/full/2673624/tropical-storm-barry.png,,"Tropical Storm Barry has formed in the Gulf's Bay of Campeche, the National Hurricane Center (NHC) confirmed on Sunday morning.
Barry was centered about 90 miles east-southeast of Tuxpan, Mexico, ab… [+3132 chars]",,"Barry wird zum Tropensturm, als er Ostmexiko ins Visier nimmt. Heftige Regenfälle, starke Winde und örtliche Überschwemmungen geben im Osten Mexikos Anlass zur Sorge, insbesondere angesichts der zu erwartenden Windgeschwindigkeiten von bis zu 45 Meilen pro Stunde bei Landung.","Barry Becomes Tropical Storm as It Takes Aim for Eastern Mexico. Heavy rainfall, strong winds, and localized flooding are concerns for eastern Mexico, particularly with the expectation of up to 45 mph winds at landfall.","Barry fit Tropical Tempestatem tendit pro Orientis Mexico. Imbres graves, venti validi, et inundationes locales sunt curae pro Mexico orientale, praesertim cum expectatione 45 mph ventorum in landfall.",2026-01-07 21:55:04+00:00
dd0064f58e05b98b798d7d747aebc2e3,2025-06-30T00:57:25Z,'floods',africasacountry.com,en,0.0,"More Loss, More Damages: Africa in the Green Transition","From Nairobi’s floods to the Finance Bill protests, Kenya’s green transition reveals not a break from the past but a deepening of elite-led extraction. Framed as opportunity, it is climate capitalism by another name—and it’s being met with growing resistance.",https://africasacountry.com/2025/06/more-loss-more-damages-africa-in-the-green-transition/,https://images.jacobinmag.com/wp-content/uploads/sites/3/2025/06/30005628/AIAC_AfricaGreen_FINAL.jpg,,"From Nairobi’s floods to the Finance Bill protests, Kenya’s green transition reveals not a break from the past but a deepening of elite-led extraction. Framed as opportunity, it is climate capitalism… [+16994 chars]",,"Mehr Verluste, mehr Schäden: Afrika im grünen Wandel. Von den Überschwemmungen in Nairobi bis zu den Protesten gegen das Finanzgesetz zeigt Kenias grüner Wandel keinen Bruch mit der Vergangenheit, sondern eine Verschärfung der von der Elite geführten Ausbeutung. Als Chance bezeichnet, ist es Klimakapitalismus mit einem anderen Namen – und er stößt auf wachsenden Widerstand.","More Loss, More Damages: Africa in the Green Transition. From Nairobi’s floods to the Finance Bill protests, Kenya’s green transition reveals not a break from the past but a deepening of elite-led extraction. Framed as opportunity, it is climate capitalism by another name—and it’s being met with growing resistance.","Magis Damnum, Magis Damnum: Africa in Viridis Transitus. Ab inundationibus Nairobiae ad Billium Finance reclamantibus, Transitus viridis Kenya non praeteriti temporis, sed altioris extractionis electi indicat. Occasio ficta, alio nomine est capitalismus climatis - et resistentia crescenti occurrit.",2026-01-07 21:55:04+00:00
5a7ca05b4d7ddce3299d827e351d976c,2025-06-30T05:01:57Z,'flooding storm',www.insurancejournal.com,en,0.0,Iconic NC Tourist Attraction Reopens as Governor Signs Helene Relief Plan,"An iconic tourist attraction in an area of western North Carolina among the hardest hit by Hurricane Helene reopened to the public on Friday, nine months after the storm brought historic flooding, destruction and loss of life. North Carolina Gov. …",https://www.insurancejournal.com/news/southeast/2025/06/30/829473.htm,https://www.insurancejournal.com/app/uploads/2025/06/AdobeStock_902175955-scaled.jpeg,,"An iconic tourist attraction in an area of western North Carolina among the hardest hit by Hurricane Helene reopened to the public on Friday, nine months after the storm brought historic flooding, de… [+2665 chars]",,"Die legendäre Touristenattraktion in North Carolina wird wiedereröffnet, da der Gouverneur den Helene-Hilfsplan unterzeichnet. Eine ikonische Touristenattraktion in einem Gebiet im Westen von North Carolina, das zu den am stärksten vom Hurrikan Helene betroffenen Gebieten gehört, wurde am Freitag wieder für die Öffentlichkeit geöffnet, neun Monate nachdem der Sturm historische Überschwemmungen, Zerstörungen und Verluste an Menschenleben mit sich gebracht hatte. Gouverneur von North Carolina …","Iconic NC Tourist Attraction Reopens as Governor Signs Helene Relief Plan. An iconic tourist attraction in an area of western North Carolina among the hardest hit by Hurricane Helene reopened to the public on Friday, nine months after the storm brought historic flooding, destruction and loss of life. North Carolina Gov. …","Iconic NC VIATOR Attractio recludit signa praesidis Helene Relevamen Plan. VIATOR attractio iconica in regione Carolinae Septentrionalis occidentalis inter gravissimum ictus Hurricane Helene in publicum die Veneris reclusum est, undequadraginta menses post tempestatem historicam inundationem, interitum ac perniciem intulit. North Carolina Gov.",2026-01-07 21:55:04+00:00
6b345498751b569386f2c73a3b7c579d,2025-06-30T10:19:12Z,'flooding military',economictimes.indiatimes.com,en,0.0,"Stampedes, war, plane crash, and floods: India's 2025 mid-year report paints a tragic picture","India faced a challenging six months. Stampedes at Kumbh Mela, New Delhi Railway Station, Bengaluru, and Puri caused many deaths. A terror attack occurred in Pahalgam. India and Pakistan had military confrontations. An Air India flight crashed in Ahmedabad. F…",https://economictimes.indiatimes.com/news/new-updates/stampedes-war-plane-crash-and-floods-indias-2025-mid-year-report-paints-a-tragic-picture/articleshow/122157381.cms,"https://img.etimg.com/thumb/msid-122158633,width-1200,height-630,imgsize-130822,overlay-economictimes/articleshow.jpg",,"India has witnessed one of the most difficult six-month periods in recent memory. A series of deadly stampedes, an aviation disaster, military confrontation with Pakistan, and widespread flooding hav… [+3928 chars]",,"Massenpanik, Krieg, Flugzeugabsturz und Überschwemmungen: Indiens Halbjahresbericht 2025 zeichnet ein tragisches Bild. Indien stand vor sechs herausfordernden Monaten. Anstürme in Kumbh Mela, am Bahnhof Neu-Delhi, in Bengaluru und Puri verursachten viele Todesopfer. In Pahalgam kam es zu einem Terroranschlag. Indien und Pakistan hatten militärische Auseinandersetzungen. Ein Air-India-Flugzeug ist in Ahmedabad abgestürzt. F…","Stampedes, war, plane crash, and floods: India's 2025 mid-year report paints a tragic picture. India faced a challenging six months. Stampedes at Kumbh Mela, New Delhi Railway Station, Bengaluru, and Puri caused many deaths. A terror attack occurred in Pahalgam. India and Pakistan had military confrontations. An Air India flight crashed in Ahmedabad. F…","Stampedes, bellum, ruinae planum et flumina: Indiae 2025 medium annum fama tragicam picturam depingit. Indiae sex menses provocans. Stampedes apud Kumbh Mela, Statio ferriviaria Nova Delhi, Bengaluru, et Puri multas mortes attulerunt. Terroris impetus in Pahalgam obvenit. India et Pakistania exercitatos militares habuerunt. Aeris Indiae fuga in Ahmedabad concrepuit. F…",2026-01-07 21:55:04+00:00
0cf7710baa0e6aba997c59cd49e58a9a,2025-06-30T13:46:00Z,'flooding precipitation',richmondmagazine.com,en,0.0,Where the Water Goes,A team effort detailing flooding in the River City could inform decision-makers.,https://richmondmagazine.com/news/news/go-with-the-flow-university-richmond-southside-releaf/,https://richmondmagazine.com/downloads/45026/download/Local_Shorts_Flooding_AdobeStock_rp0625.jpg?cb=5ff475af5dd12d8e24f66a0ff430385d&w=1200,,"An environmental justice nonprofit and the University of Richmond have partnered to fix flooding across the city. Go With the Flow, a community flood mapping project that began March 20 and concludes… [+1892 chars]",,"Wohin das Wasser geht. Eine Teamarbeit, die die Überschwemmungen in der River City detailliert beschreibt, könnte Entscheidungsträger informieren.",Where the Water Goes. A team effort detailing flooding in the River City could inform decision-makers.,Qua aqua vadit. Bigae conatus explicatio inundationis in urbe fluminis decernendo fabri certiorem facere potuit.,2026-01-07 21:55:04+00:00
8efd014b7278ed740df636d22f7b62ba,2025-06-30T14:57:04Z,'deluge',bleedingcool.com,en,0.0,Cullen Bunn & Marika Cresta's Deluge To Debut At San Diego Comic-Con,"Cullen Bunn writes, ""Last night, another crazy storm appeared out of nowhere and blasted through town. At first, it seemed that we had avoided any power or internet outages. It didn't take long, though, for the internet to start flickering off and on. And now…",https://bleedingcool.com/comics/cullen-bunn-marika-crestas-deluge-to-debut-at-san-diego-comic-con/,https://bleedingcool.com/wp-content/uploads/2025/06/unnamed-39.jpg,,"Posted in: Comics, Current News | Tagged: cullen bunn, Ignition Press
SDCC: Cullen Bunn a Marika Cresta's Deluge: The Cold Open is to debut at San Diego Comic-Con from Ignition Press
<ul><li>Cullen… [+4640 chars]",,"„Deluge“ von Cullen Bunn und Marika Cresta wird auf der San Diego Comic-Con uraufgeführt. Cullen Bunn schreibt: „Letzte Nacht tauchte aus dem Nichts ein weiterer verrückter Sturm auf und fegte durch die Stadt. Zuerst schien es, als hätten wir Strom- oder Internetausfälle vermieden. Es dauerte jedoch nicht lange, bis das Internet ab und zu zu flackern begann. Und jetzt …","Cullen Bunn & Marika Cresta's Deluge To Debut At San Diego Comic-Con. Cullen Bunn writes, ""Last night, another crazy storm appeared out of nowhere and blasted through town. At first, it seemed that we had avoided any power or internet outages. It didn't take long, though, for the internet to start flickering off and on. And now…","Cullen Bunn & Marika Cresta's Deluge To Debut At San Diego Comic-Con. Cullen Bunn scribit, ""Nox heri alia tempestas insana e nusquam prodiit et per urbem exusta est. Primo visum est nos nullam vim vel penitus outages vitavisse. Non diu tamen, ut penitus strepere et inire incipiamus. Nunc…",2026-01-07 21:55:04+00:00
8008048b837adf734279292b95447fe6,2025-06-30T16:50:04Z,'floods',www.aljazeera.com,en,0.0,"Days of heavy Pakistan rains, floods kill 46, including 13 from one family",Authorities say forecasters cannot rule out a repeat of extreme weather like the devastating floods of 2022.,https://www.aljazeera.com/news/2025/6/30/days-of-heavy-pakistan-rains-floods-kill-46-including-13-from-one-family,https://www.aljazeera.com/wp-content/uploads/2025/06/AP25180481897938-1751299732.jpg?resize=1920%2C1440,,"Nearly a week of heavy monsoon rains and flash floods across Pakistan have killed at least 46 people and injured dozens, officials say.
The government announced the death toll on Monday and said the… [+1751 chars]",,"Tagelange heftige Regenfälle und Überschwemmungen in Pakistan töten 46 Menschen, darunter 13 aus einer Familie. Nach Angaben der Behörden können Meteorologen eine Wiederholung extremer Wetterereignisse wie der verheerenden Überschwemmungen im Jahr 2022 nicht ausschließen.","Days of heavy Pakistan rains, floods kill 46, including 13 from one family. Authorities say forecasters cannot rule out a repeat of extreme weather like the devastating floods of 2022.","Dies pluviae graves Pakistan, inundationes 46 occidunt, 13 ex una familia. Auctoritates dicunt forecasters non posse iterationem extremae tempestatis imperare sicut inundationes vastationis 2022 .",2026-01-07 21:55:04+00:00
e8b40832f87698c88c040474cd95c0c3,2025-06-30T20:00:00Z,'deluge',www.nzherald.co.nz,en,0.0,All Blacks v France: Brace for deluge of cards in July tests - Gregor Paul,Officials won't use the laissez-faire style for July's tests.,https://www.nzherald.co.nz/sport/rugby/all-blacks/all-blacks-v-france-brace-for-deluge-of-cards-in-july-tests-gregor-paul/XIJEEGX4JZA5BNHH7KAMG54VBQ/,https://www.nzherald.co.nz/resizer/v2/VICMXYFNKBDZNMRGYBIGCF5GXY.JPG?auth=9135686374bab5357dcf3d8b4fea9c06c4aa78b7ba04002472cf993892faa735&width=1200&height=675&quality=70&focal=1131%2C420&smart=false,,"Instead, the mood will turn more officious, where every decision will be reviewed by committee, every collision will be micro-analysed for even a hint of head-on-head contact and every try scored wil… [+3798 chars]",,All Blacks gegen Frankreich: Bereiten Sie sich auf eine Flut von Karten bei den Juli-Tests vor – Gregor Paul. Bei den Tests im Juli verzichten die Beamten auf den Laissez-faire-Stil.,All Blacks v France: Brace for deluge of cards in July tests - Gregor Paul. Officials won't use the laissez-faire style for July's tests.,All Blacks v France: Brace ad diluvium chartarum mense Iulio probat - Gregor Paul. Magistratus stilo laissez-pulchro pro Iulio probationibus non utuntur.,2026-01-07 21:55:04+00:00
346d275a13fefd9cd60cca3990666d0b,2025-06-30T22:30:00Z,'flooding death',www.gamesradar.com,en,0.0,"You may not like it, but peak Death Stranding performance is this incredible road that took 5 hours to make","PC players are flooding back to the first game, with excellent results",https://www.gamesradar.com/games/action/you-may-not-like-it-but-peak-death-stranding-performance-is-this-incredible-road-that-took-5-hours-to-make/,https://cdn.mos.cms.futurecdn.net/NtxuN2MYkCidFpzvhsgAcQ.jpg,,"With the release of Death Stranding 2, players are flooding back to the first Death Stranding in their tens of thousands, and they're creating some real things of beauty.
Yesterday, Twitter user Rav… [+1961 chars]",,"Es mag Ihnen vielleicht nicht gefallen, aber die höchste Leistung von Death Stranding ist dieser unglaubliche Weg, dessen Erstellung fünf Stunden gedauert hat. PC-Spieler kehren mit hervorragenden Ergebnissen zum ersten Spiel zurück","You may not like it, but peak Death Stranding performance is this incredible road that took 5 hours to make. PC players are flooding back to the first game, with excellent results","Ut non placet, sed summum Mors Stranding perficientur est haec incredibilis via quae 5 horas ad faciendum suscepit. Pc scaenicorum inundant ad primum ludum, cum praeclaris eventibus",2026-01-07 21:55:04+00:00
4d52e4e47d858e4b6bc7b24ee96a1ecc,2025-06-02T10:13:20Z,'flooding',www.rt.com,en,0.9,Over 150 killed in catastrophic flooding in African state (VIDEO),Nigerian officials have confirmed 153 fatalities and mass displacement following catastrophic flooding in Mokwa Read Full Article at RT.com,https://www.rt.com/africa/618495-153-deaths-catastrophic-flooding-nigeria/,https://mf.b37mrtl.ru/files/2025.06/article/683d740885f5404d0418a37b.png,http://web.archive.org/web/20250603015421/https://www.rt.com/africa/618495-153-deaths-catastrophic-flooding-nigeria/,"The death toll from flooding in central Nigeria has reached 153, local authorities confirmed on Saturday, as search-and-rescue efforts continue.
The updated figures were provided by Ibrahim Hussaini… [+1810 chars]",,Über 150 Tote bei katastrophaler Überschwemmung in afrikanischem Staat (VIDEO). Nigerianische Beamte haben 153 Todesopfer und Massenvertreibungen nach der katastrophalen Überschwemmung in Mokwa bestätigt. Den vollständigen Artikel finden Sie auf RT.com,Over 150 killed in catastrophic flooding in African state (VIDEO). Nigerian officials have confirmed 153 fatalities and mass displacement following catastrophic flooding in Mokwa Read Full Article at RT.com,Plus 150 occisi in inundatione calamitosae in statu Africae (VIDEO). Nigeriani magistratus confirmaverunt 153 clades et massam obsessio sequens calamitosas inundationes in Mokwa Read Full Article at RT.com,2026-02-06 21:55:04+00:00
d3c4206633595c6fa9ab0284451a51b4,2025-06-04T09:42:42Z,'floods',economictimes.indiatimes.com,en,0.7,India recorded over 3.2 crore disaster displacements in a decade: IDMC,"A recent report reveals India faced significant internal displacement. Disasters caused 32.3 million people to move between 2015 and 2024. This ranks India third globally, behind China and the Philippines. Floods and storms were the primary drivers. The repor…",https://economictimes.indiatimes.com/news/india/india-recorded-over-3-2-crore-disaster-displacements-in-a-decade-idmc/articleshow/121620136.cms,"https://img.etimg.com/thumb/msid-121620155,width-1200,height-630,imgsize-164344,overlay-economictimes/articleshow.jpg",http://web.archive.org/web/20250605055804/https://economictimes.indiatimes.com/news/india/india-recorded-over-3-2-crore-disaster-displacements-in-a-decade-idmc/articleshow/121620136.cms,"India recorded 32.3 million (3.23 crore) internal displacements due to disasters, such as floods and storms, between 2015 and 2024, the third highest in the world after China and the Philippines, acc… [+2948 chars]",,"Indien verzeichnete in einem Jahrzehnt über 3,2 Millionen katastrophale Vertreibungen: IDMC. Ein aktueller Bericht zeigt, dass Indien mit erheblicher Binnenvertreibung konfrontiert war. Katastrophen führten dazu, dass zwischen 2015 und 2024 32,3 Millionen Menschen umsiedelten. Damit liegt Indien weltweit an dritter Stelle, hinter China und den Philippinen. Überschwemmungen und Stürme waren die Hauptursachen. Der Bericht…","India recorded over 3.2 crore disaster displacements in a decade: IDMC. A recent report reveals India faced significant internal displacement. Disasters caused 32.3 million people to move between 2015 and 2024. This ranks India third globally, behind China and the Philippines. Floods and storms were the primary drivers. The repor…","India quae supra 3.2 crore cladis displacentiae in decennium: IDMC. Recens relatio Indiae facie manifestat obsessionem internam significantem. Clades 32.3 miliones hominum inter 2015 et 2024. Moverunt hoc ordine Indiae tertiae globaliter, post Sinas et Philippinas. Diluvia et procellae rectores primarii erant. Renuntiatio…",2026-02-07 06:58:16+00:00
e9a977d2737c9bf4784c0750df8c6479,2025-06-04T05:23:13Z,'flooding',www.thehindubusinessline.com,en,0.9,Explained: Why India’s cities flood every monsoon?,"Monsoon rains in India cause annual flooding in cities, raising questions about responsibility for urban infrastructure failures.",https://www.thehindubusinessline.com/multimedia/video/explained-why-indias-cities-flood-every-monsoon/article69655495.ece,https://bl-i.thgim.com/public/incoming/l3p7qx/article69655490.ece/alternates/LANDSCAPE_1200/5%20Image%20Temp_Daily%20news%2056.jpg,,"Every year, monsoon rains bring Indias biggest cities to a standstill roads flood, vehicles stall, and even vital infrastructure like metro stations are overwhelmed.
The recent pre-monsoon flooding … [+186 chars]",,Erklärt: Warum überschwemmen Indiens Städte jeden Monsun? Monsunregen in Indien verursachen jährliche Überschwemmungen in Städten und werfen Fragen über die Verantwortung für Ausfälle der städtischen Infrastruktur auf.,"Explained: Why India’s cities flood every monsoon?. Monsoon rains in India cause annual flooding in cities, raising questions about responsibility for urban infrastructure failures.","Explicavit: Cur civitates Indiae omnem lunam inundant?. Monsoon pluviae in India annuae inundationis in urbibus causant, quaestiones de responsalitate pro defectibus urbanis infrastructuris excitandis.",2026-02-07 06:58:16+00:00
8e47ffbfedeed0b9ad24b2ce8ed35871,2025-06-06T13:00:00Z,'flooding',www.theatlantic.com,en,0.9,"Photos of the Week: Ox Racing, Bat Research, Smart Whale","Monsoon flooding in India, destroyed bombers on a Russian airfield, Dragon Boat Festival races in China, a huge tomato fight in Colombia, surfing in South Africa, and much more",https://www.theatlantic.com/photography/archive/2025/06/photos-of-the-week/683044/,https://cdn.theatlantic.com/thumbor/XIad08O2gr1Pn2iGYVzi9dgfZ9A=/0x400:5425x3226/1200x625/media/img/mt/2025/06/a01_G_2218012173/original.jpg,,"Gareth Fuller / PA Images / Getty
Dawn breaks over the Standing With Giants silhouettes, which create the “For Your Tomorrow” installation at the British Normandy Memorial in Ver-sur-Mer, France, a … [+6800 chars]",,"Fotos der Woche: Ochsenrennen, Fledermausforschung, Smart Whale. Monsun-Überschwemmungen in Indien, zerstörte Bomber auf einem russischen Flugplatz, Drachenboot-Festival-Rennen in China, eine riesige Tomatenschlacht in Kolumbien, Surfen in Südafrika und vieles mehr","Photos of the Week: Ox Racing, Bat Research, Smart Whale. Monsoon flooding in India, destroyed bombers on a Russian airfield, Dragon Boat Festival races in China, a huge tomato fight in Colombia, surfing in South Africa, and much more","Imagines Hebdomadae: Bovis Racing, Bat Research, Smert balena. Monsoon inundatio in India, bombers in aeroplano Russico deleverunt, Draco cymba Festivalis cursus in Sinis, ingens pugna lycopersica in Columbia, superficies in Africa Australi, et multo magis",2026-02-07 06:58:16+00:00
8fcff8df998212a46530a4eb4de4d756,2025-06-08T17:00:00Z,'floods',wattsupwiththat.com,en,0.9,Recent Devastating Floods Failed to Convince Climate Skeptic Aussie Farmers,"""... I believe the Australian climate has always been a land of droughts and floods ...""",https://wattsupwiththat.com/2025/06/08/recent-devastating-floods-failed-to-convince-climate-skeptic-aussie-farmers/,https://i0.wp.com/wattsupwiththat.com/wp-content/uploads/2024/10/231533020_twitter-post_normal_none.webp?fit=1024%2C512&ssl=1,http://web.archive.org/web/20250609060322/https://wattsupwiththat.com/2025/06/08/recent-devastating-floods-failed-to-convince-climate-skeptic-aussie-farmers/,"Essay by Eric Worrall
“… I believe the Australian climate has always been a land of droughts and floods …”
Farmers face ‘new world’ of extreme weather as scientists urge action on climate change
B… [+3134 chars]",,"Die jüngsten verheerenden Überschwemmungen konnten klimaskeptische australische Landwirte nicht überzeugen. „…Ich glaube, das australische Klima war schon immer ein Land der Dürren und Überschwemmungen …“","Recent Devastating Floods Failed to Convince Climate Skeptic Aussie Farmers. ""... I believe the Australian climate has always been a land of droughts and floods ...""","Recentes vastantes Deficio arguere Climate Sceptic Aussie agricolae. ""Credo clima Australiae terram siccitatum et diluviorum semper fuisse...""",2026-02-07 06:58:16+00:00
edf4565e62596a57762009d6819b0003,2025-06-29T20:04:59Z,'floods',www.abc.net.au,en,0.9,How a Fiji childhood horror shaped a life studying floods in Australia,"The horrible childhood experience of watching a friend taken by floodwaters in Fiji has driven Abrar Shabren to learn how floods behave. Now, in his job with Tasmania's Bureau of Meteorology, he shares his knowledge to help keep people safe.",https://www.abc.net.au/news/2025-06-30/flood-awareness-a-high-priority-for-tasmanian-bom-hydrologist/105450122,https://live-production.wcms.abc-cdn.net.au/9dade1bbbfcebd3c68df10d40a499931?impolicy=wcms_watermark_news&cropH=2809&cropW=4994&xPos=0&yPos=524&width=862&height=485&imformat=generic,,"Abrar Shabren knows from firsthand experience the deadly dangers of floodwaters.
""It was in our village when I was in year 6 that I saw my friend washed away by floodwaters when we were walking to s… [+5825 chars]",,"Wie ein Horror aus der Kindheit auf Fidschi ein Leben prägte, indem er Überschwemmungen in Australien untersuchte. Das schreckliche Kindheitserlebnis, als er beobachtete, wie ein Freund von den Fluten auf Fidschi mitgerissen wurde, hat Abrar Shabren dazu gebracht, zu lernen, wie sich Überschwemmungen verhalten. Jetzt gibt er in seinem Job beim Tasmania Bureau of Meteorology sein Wissen weiter, um die Sicherheit der Menschen zu gewährleisten.","How a Fiji childhood horror shaped a life studying floods in Australia. The horrible childhood experience of watching a friend taken by floodwaters in Fiji has driven Abrar Shabren to learn how floods behave. Now, in his job with Tasmania's Bureau of Meteorology, he shares his knowledge to help keep people safe.",Quomodo horror a pueritia Fiji vitam inundationes in Australia studens formavit. Horrenda infantia experientiam spectandi amicum ab aquis diluviis in Fiji comprehensum Abrar Shabren ad discendum quomodo inundationes gerere coegit. Nunc in suo munere cum Tasmania in hendrerit Meteorologico suam scientiam communicat ut homines salvos adiuvet.,2026-02-07 06:58:16+00:00
