index,published,keyword,domain,language,valid,title,description,url,image,archive,content,quote,de,en,la,added
22a3d83e662a1e8aaf1359e37420c8c1,2025-02-01T06:11:00Z,'floods',www.thestar.com.my,en,0.0,Displaced flood victims begin returning home in Sabah,KOTA KINABALU: Residents displaced by recent floods in three districts have begun returning home as temporary evacuation centres (PPS) close following improved weather conditions and receding floodwaters. Read full story,https://www.thestar.com.my/news/nation/2025/02/01/displaced-flood-victims-begin-returning-home-in-sabah,https://apicms.thestar.com.my/uploads/images/2025/02/01/3146299.jpg,https://web.archive.org/web/20250201064745/https://www.thestar.com.my/news/nation/2025/02/01/displaced-flood-victims-begin-returning-home-in-sabah,KOTA KINABALU: Residents displaced by recent floods in three districts have begun returning home as temporary evacuation centres (PPS) close following improved weather conditions and receding floodwa… [+3135 chars],,"Vertriebene Flutopfer kehren in Sabah nach Hause zurück. KOTA KINABALU: Bewohner, die durch die jüngsten Überschwemmungen in drei Bezirken vertrieben wurden, haben begonnen, nach Hause zurückzukehren, da vorübergehende Evakuierungszentren (PPS) aufgrund verbesserter Wetterbedingungen und zurückgehender Überschwemmungen geschlossen werden. Lesen Sie die ganze Geschichte",Displaced flood victims begin returning home in Sabah. KOTA KINABALU: Residents displaced by recent floods in three districts have begun returning home as temporary evacuation centres (PPS) close following improved weather conditions and receding floodwaters. Read full story,Diluvio motae victimae in Sabah domum reverti incipiunt. KOTA KINABALU: Residentes proximis diluviis in tribus regionibus luxatis inceperunt domum reverti sicut centra temporis evacuationis (PPS) proximae sequentes condiciones tempestatum meliores et aquae diluvii recedentes. Read full story,2026-01-09 04:06:59+00:00
910b2954736966f143e41e962da66ef5,2025-02-01T08:29:00Z,'flooding evacuation',www.thestar.com.my,en,0.0,"Floods: Number of flood victims drops to 15,009 people as of noon today in Sabah, Sarawak","PETALING JAYA: A total of 15,009 flood victims across Sarawak and Sabah remain in temporary shelters, a drop from the 17,637 recorded earlier in the morning, according to Datuk Seri Dr Ahmad Zahid Hamidi. Read full story",https://www.thestar.com.my/news/nation/2025/02/01/floods-number-of-flood-victims-drops-to-15009-people-as-of-noon-today-in-sabah-sarawak,https://apicms.thestar.com.my/uploads/images/2025/02/01/3146395.jpg,,"PETALING JAYA: A total of 15,009 flood victims across Sarawak and Sabah remain in temporary shelters, a drop from the 17,637 recorded earlier in the morning, according to Datuk Seri Dr Ahmad Zahid Ha… [+2909 chars]",,"Überschwemmungen: Die Zahl der Flutopfer in Sabah, Sarawak, ist heute Mittag auf 15.009 Menschen gesunken. PETALING JAYA: Insgesamt 15.009 Flutopfer in Sarawak und Sabah bleiben in Notunterkünften, ein Rückgang gegenüber den 17.637, die früher am Morgen registriert wurden, so Datuk Seri Dr. Ahmad Zahid Hamidi. Lesen Sie die ganze Geschichte","Floods: Number of flood victims drops to 15,009 people as of noon today in Sabah, Sarawak. PETALING JAYA: A total of 15,009 flood victims across Sarawak and Sabah remain in temporary shelters, a drop from the 17,637 recorded earlier in the morning, according to Datuk Seri Dr Ahmad Zahid Hamidi. Read full story","Inundationes: Numerus victimarum inundationum ad 15.009 stillat homines sicut meridies hodie in Sabah, Sarawak. PETALING JAYA: Summa 15,009 victimarum diluvii trans Sarawak et Sabah manent in tabernaculis temporariis, stilla ab 17,637 mane descripta, secundum Datuk Seri Dr Ahmad Zahid Hamidi. Read full story",2026-01-09 04:06:59+00:00
4db1c3cb19136923b392b818112a078f,2025-02-01T09:38:00Z,'flooding victims',www.thestar.com.my,en,0.0,"Floods: Register to facilitate aid distribution, DPM Fadillah urges victims","KUCHING: Flood victims in Sarawak are urged to register at the closest Resident's Office or temporary relief centre to facilitate aid distribution, says Datuk Seri Fadillah Yusof. Read full story",https://www.thestar.com.my/news/nation/2025/02/01/floods-register-to-facilitate-aid-distribution-dpm-fadillah-urges-victims,https://apicms.thestar.com.my/uploads/images/2025/02/01/3146467.jpg,,"KUCHING: Flood victims in Sarawak are urged to register at the closest Resident's Office or temporary relief centre to facilitate aid distribution, says Datuk Seri Fadillah Yusof.
The Deputy Prime M… [+1952 chars]",,"Überschwemmungen: Registrieren Sie sich, um die Verteilung von Hilfsgütern zu erleichtern, fordert DPM Fadillah die Opfer auf. KUCHING: Überschwemmungsopfer in Sarawak werden dringend gebeten, sich beim nächstgelegenen Einwohneramt oder Nothilfezentrum zu registrieren, um die Verteilung der Hilfsgüter zu erleichtern, sagt Datuk Seri Fadillah Yusof. Lesen Sie die ganze Geschichte","Floods: Register to facilitate aid distribution, DPM Fadillah urges victims. KUCHING: Flood victims in Sarawak are urged to register at the closest Resident's Office or temporary relief centre to facilitate aid distribution, says Datuk Seri Fadillah Yusof. Read full story","Flumina: Register ad faciliorem distributionem subsidii, DPM Fadillah victimas hortatur. KUCHING: Diluvii victimae in Sarawak incitantur ut subcriptio in officio proximi Residentis vel ad centrum subsidii temporalis ad distributionem adiuvandam faciliorem, dicit Datuk Seri Fadillah Yusof. Read full story",2026-01-09 04:06:59+00:00
7700af4f9dff248f05d179dca344260c,2025-02-01T23:00:00Z,'flooding disaster',www.thestar.com.my,en,0.0,Making their way back home as waters recede and shelters close,"KOTA KINABALU: Residents displaced by recent floods in three districts have begun returning home as temporary evacuation centres (PPS) close, following improved weather conditions and receding floodwaters. Read full story",https://www.thestar.com.my/news/nation/2025/02/02/making-their-way-back-home-as-waters-recede-and-shelters-close,https://cdn.thestar.com.my/Themes/img/newTsol_logo_socmedia.png,,"KOTA KINABALU: Residents displaced by recent floods in three districts have begun returning home as temporary evacuation centres (PPS) close, following improved weather conditions and receding floodw… [+2100 chars]",,"Sie kehren nach Hause zurück, während das Wasser zurückgeht und die Notunterkünfte geschlossen werden. KOTA KINABALU: Bewohner, die durch die jüngsten Überschwemmungen in drei Bezirken vertrieben wurden, kehren nach der Schließung temporärer Evakuierungszentren (PPS) aufgrund besserer Wetterbedingungen und zurückgehender Überschwemmungen nach Hause zurück. Lesen Sie die ganze Geschichte","Making their way back home as waters recede and shelters close. KOTA KINABALU: Residents displaced by recent floods in three districts have begun returning home as temporary evacuation centres (PPS) close, following improved weather conditions and receding floodwaters. Read full story","Rediens domum, sicut aquae recedunt ac tabernacula claudunt. KOTA KINABALU: Residentes proximis diluviis in tribus regionibus luxatis inceperunt domum reverti sicut centra temporaria evacuationis (PPS) proximae, sequentes condiciones tempestatum meliores et aquae diluvii recedentes. Read full story",2026-01-09 04:06:59+00:00
41e070885e9ea753db3b85568c0d3246,2025-02-01T23:00:00Z,'flooding victims',www.thestar.com.my,en,0.0,Floods leave villagers scrambling for safety,"KOTA MARUDU: The floods that hit several villages in this district following two days of continuous heavy rain since Wednesday have been described by locals as among the worst, with water levels rising swiftly. Read full story",https://www.thestar.com.my/news/nation/2025/02/02/floods-leave-villagers-scrambling-for-safety,https://apicms.thestar.com.my/uploads/images/2025/02/02/3146774.jpg,,"KOTA MARUDU: The floods that hit several villages in this district following two days of continuous heavy rain since Wednesday have been described by locals as among the worst, with water levels risi… [+1921 chars]",,"Überschwemmungen führen dazu, dass die Dorfbewohner um Sicherheit ringen. KOTA MARUDU: Die Überschwemmungen, die mehrere Dörfer in diesem Bezirk nach zwei Tagen anhaltenden starken Regens seit Mittwoch heimgesucht haben, werden von Einheimischen als eine der schlimmsten beschrieben, da der Wasserstand schnell ansteigt. Lesen Sie die ganze Geschichte","Floods leave villagers scrambling for safety. KOTA MARUDU: The floods that hit several villages in this district following two days of continuous heavy rain since Wednesday have been described by locals as among the worst, with water levels rising swiftly. Read full story","Flumina ruentes vicani relinquunt ad salutem. KOTA MARUDU: Inundationes varias villas in hoc tractu ferientes sequentes duos dies pluviae continuae graves cum Mercurii ab incolis ut inter pessimos descriptae sunt, cum aquae gradus velociter oriuntur. Read full story",2026-01-09 04:06:59+00:00
50e6a56f768aebdc18178dbe4680f703,2025-02-02T01:00:04Z,'flooding',www.phillymag.com,en,0.0,Billboard Wars: How Personal Injury Lawyers Took Over Philly,"Armed with multimillion-dollar marketing budgets, personal injury attorneys have wallpapered the city with ads, flooding billboards, bus stops, social media feeds, and airwaves with their shiny pitches. But at what cost?",https://www.phillymag.com/news/2025/02/01/personal-injury-lawyer-billboards/,https://cdn10.phillymag.com/wp-content/uploads/sites/3/2025/02/1200-billboards_social-1.jpg,http://archive.md/20250212111710/https://www.phillymag.com/news/2025/02/01/personal-injury-lawyer-billboards/,"LongformArmed with multimillion-dollar marketing budgets, personal injury attorneys have wallpapered the city with ads, flooding billboards, bus stops, social media feeds, and airwaves with their shi… [+31700 chars]",,"Billboard Wars: Wie Anwälte für Personenschäden Philly übernahmen. Ausgestattet mit Marketingbudgets in Höhe von mehreren Millionen Dollar haben Anwälte für Personenschäden die Stadt mit Werbung überschwemmt, Werbetafeln, Bushaltestellen, Social-Media-Feeds und Radiowellen mit ihren glänzenden Werbungen überschwemmt. Aber zu welchem ​​Preis?","Billboard Wars: How Personal Injury Lawyers Took Over Philly. Armed with multimillion-dollar marketing budgets, personal injury attorneys have wallpapered the city with ads, flooding billboards, bus stops, social media feeds, and airwaves with their shiny pitches. But at what cost?","Bella Billboard: Quam Iniuriam Personalem Iurisperiti Plus acceperunt Philly. Armati cum multimillion-dollis venalicium rationes, iniuriae procuratores personales urbem cum praeconibus, billboards inundantes, bus clausuris, socialis instrumentis alit, et airwaves cum lucidis vocibus. Sed quo pretio?",2026-01-09 04:06:59+00:00
3f621be6b460777419f82fd9df6b7d1a,2025-02-02T03:02:59Z,'floods',www.voanews.com,en,0.0,"1 dead, thousands urged to evacuate as Australia's northeast battles floods","SYDNEY — One person died on Sunday in Australia's north Queensland state in heavy flooding, authorities said, urging thousands of people to move to higher ground because of torrential rains.


Queensland authorities said major flooding was underway in coastal…",https://www.voanews.com/a/dead-thousands-urged-to-evacuate-as-australia-s-northeast-battles-floods/7959859.html,https://gdb.voanews.com/2A0CF97F-D2F5-4B71-A933-6802D9B29DAC.jpg,,"SYDNEY  One person died on Sunday in Australia's north Queensland state in heavy flooding, authorities said, urging thousands of people to move to higher ground because of torrential rains.
Queensla… [+1382 chars]",,"1 Toter, Tausende werden zur Evakuierung aufgefordert, während der Nordosten Australiens mit Überschwemmungen zu kämpfen hat. SYDNEY – Eine Person starb am Sonntag im australischen Bundesstaat Queensland im Norden Australiens bei schweren Überschwemmungen, teilten die Behörden mit und forderten Tausende Menschen auf, wegen der sintflutartigen Regenfälle in höher gelegene Gebiete zu ziehen.


Die Behörden von Queensland gaben an, dass es an der Küste zu schweren Überschwemmungen gekommen sei.","1 dead, thousands urged to evacuate as Australia's northeast battles floods. SYDNEY — One person died on Sunday in Australia's north Queensland state in heavy flooding, authorities said, urging thousands of people to move to higher ground because of torrential rains.


Queensland authorities said major flooding was underway in coastal…","I mortuo, mille hortatus est ut proelia septentrionalis Australiae decederent inundationes. SYDNEY -  Unus homo die Dominico in Australiae septentrionali civitate Reginensis in inundatione gravi decessit, auctores dixerunt hortans milia hominum ad altiorem terram propter imbres torrentes moveri.


Reginensis auctoritates dixit maiorem inundationem esse comparatam in maritimis…",2026-01-09 04:06:59+00:00
cf4eaa420928eb81aa130910761e5c6d,2025-02-02T03:11:24Z,'floods',theconversation.com,en,0.0,"What’s driving north Queensland’s deadly, record-breaking floods?","Floods have hit large areas of Queensland, from Townsville up to Cairns. An environmental geography expert explains what’s behind them – and what to watch in coming days.",https://theconversation.com/whats-driving-north-queenslands-deadly-record-breaking-floods-248847,https://images.theconversation.com/files/646272/original/file-20250202-15-4mizr1.jpg?ixlib=rb-4.1.0&rect=3%2C456%2C2041%2C1020&q=45&auto=format&w=1356&h=668&fit=crop,https://web.archive.org/web/20250202042959/https://theconversation.com/whats-driving-north-queenslands-deadly-record-breaking-floods-248847,"Record-breaking floods across north Queensland have now turned deadly, with one woman drowning while being rescued on Sunday morning. And the floodwaters are still rising, with rain set to continue.… [+5988 chars]",,"Was treibt die tödlichen, rekordverdächtigen Überschwemmungen im Norden von Queensland an? Große Gebiete Queenslands, von Townsville bis Cairns, wurden von Überschwemmungen heimgesucht. Ein Experte für Umweltgeographie erklärt, was sich dahinter verbirgt – und worauf es in den kommenden Tagen zu achten gibt.","What’s driving north Queensland’s deadly, record-breaking floods?. Floods have hit large areas of Queensland, from Townsville up to Cairns. An environmental geography expert explains what’s behind them – and what to watch in coming days.","Quid suus 'interestiferum reginae septentrionalis', inundationes record-fractionis?. Inundationes magnas partes Reginensis ab Townsville usque Cairns percusserunt. Geographia environmental peritus exponit quid sit post illos – et quid in adventu dierum observare.",2026-01-09 04:06:59+00:00
f99239a495f4d8f0932d4a22efa67a2c,2025-02-02T03:11:24Z,'floods',theconversation.com,en,0.0,Delayed monsoon and a stalled tropical low: what’s behind north Queensland’s record-breaking floods,"Deadly floods have hit large areas of northern Queensland, from Townsville up to Cairns. An environmental geography expert explains what’s driving them – and what to watch in coming days.",https://theconversation.com/delayed-monsoon-and-a-stalled-tropical-low-whats-behind-north-queenslands-record-breaking-floods-248847,https://images.theconversation.com/files/646272/original/file-20250202-15-4mizr1.jpg?ixlib=rb-4.1.0&rect=3%2C456%2C2041%2C1020&q=45&auto=format&w=1356&h=668&fit=crop,,"Record-breaking floods across north Queensland have now turned deadly, with one woman drowning while being rescued on Sunday morning. And the floodwaters are still rising, with rain set to continue.… [+5988 chars]",,"Verspäteter Monsun und ein ins Stocken geratenes tropisches Tief: Was steckt hinter den rekordverdächtigen Überschwemmungen im Norden von Queensland? Tödliche Überschwemmungen haben große Gebiete im Norden Queenslands, von Townsville bis Cairns, heimgesucht. Ein Experte für Umweltgeographie erklärt, was sie antreibt – und worauf es in den kommenden Tagen zu achten gilt.","Delayed monsoon and a stalled tropical low: what’s behind north Queensland’s record-breaking floods. Deadly floods have hit large areas of northern Queensland, from Townsville up to Cairns. An environmental geography expert explains what’s driving them – and what to watch in coming days.","Monsoon moratus et humilis tropicus stabularius: quid post inundationes Reginae septentrionalis record-fractionis. Inundationes mortiferae magnas regiones Reginae septentrionalis, ab Townsville usque ad Cairns percusserunt. Peritus geographia environmental explicat quid eos impellat – et quid in diebus adventus aspiciat.",2026-01-09 04:06:59+00:00
a8ffc565e9176b3f4fac4dda38ce664f,2025-02-02T03:42:38Z,'flooding',japantoday.com,en,0.0,"One dead, thousands urged to evacuate as Australia's northeast battles floods","One person died on Sunday in Australia's north Queensland state in heavy flooding, authorities said, urging thousands of people to move to higher ground due to torrential rains. Queensland authorities said major flooding was underway in coastal Hinchinbrook S…",https://japantoday.com/category/world/one-dead-thousands-urged-to-evacuate-as-australia%27s-northeast-battles-floods,,,"One person died on Sunday in Australia's north Queensland state in heavy flooding, authorities said, urging thousands of people to move to higher ground due to torrential rains.
Queensland authoriti… [+1417 chars]",,"Ein Toter, Tausende müssen evakuiert werden, während Australiens Nordosten mit Überschwemmungen zu kämpfen haben. Eine Person starb am Sonntag im australischen Bundesstaat Queensland im Norden Australiens bei schweren Überschwemmungen, teilten die Behörden mit und forderten Tausende Menschen auf, wegen der sintflutartigen Regenfälle in höher gelegene Gebiete zu ziehen. Die Behörden von Queensland gaben an, dass es im Küstengebiet von Hinchinbrook South zu schweren Überschwemmungen gekommen sei.","One dead, thousands urged to evacuate as Australia's northeast battles floods. One person died on Sunday in Australia's north Queensland state in heavy flooding, authorities said, urging thousands of people to move to higher ground due to torrential rains. Queensland authorities said major flooding was underway in coastal Hinchinbrook S…","Uno mortuo, mille hortatus est ut proelia septentrionales in diluvia decederent sicut Australiae. Unus homo die Dominico mortuus est in statu Reginensis septentrionali Australiae in inundatione gravi, auctores dixerunt, suadens milia hominum ad altiorem terram ob imbres torrentes moveri. Reginensis auctoritates dixit maiorem inundationem esse comparatam in Hinchinbrook maritima S…",2026-01-09 04:06:59+00:00
7cbc1fe7e6d3693b89336e8f3a653f7a,2025-02-02T07:14:47Z,'flooding',www.abc.net.au,en,0.0,Danger far from over as thousands flee Queensland floods,Rain is forecast to continue drenching soaked catchments around Ingham and Townsville for another day amid flooding that has already claimed one life.,https://www.abc.net.au/news/2025-02-02/more-rain-forecast-as-north-queensland-floods/104779436,https://live-production.wcms.abc-cdn.net.au/c1d4715565be93692d107592f7e62b8b?impolicy=wcms_watermark_news&cropH=1125&cropW=2000&xPos=0&yPos=188&width=862&height=485&imformat=generic,,"Heavy rain is forecast to continue drenching North Queensland for at least another day as thousands flee from floods that have already claimed a life.
Parts of the Townsville region have recorded mo… [+5237 chars]",,"Die Gefahr ist noch lange nicht gebannt, da Tausende vor den Überschwemmungen in Queensland fliehen. Es wird erwartet, dass der Regen die durchnässten Einzugsgebiete rund um Ingham und Townsville noch einen Tag lang durchnässt, während Überschwemmungen bereits ein Todesopfer gefordert haben.",Danger far from over as thousands flee Queensland floods. Rain is forecast to continue drenching soaked catchments around Ingham and Townsville for another day amid flooding that has already claimed one life.,Mille procul inde pericli Reginam fugiunt flumina. Imber praenuntiatur ut aquationes circa Ingham et Townsville madentem perseveret alium diem inter inundationem quae iam unam vitam asseruit.,2026-01-09 04:06:59+00:00
26d39251fc8cc943a078aa34eb5fca0d,2025-02-02T09:55:29Z,'floods',www.bbc.com,en,0.0,Thousands flee homes as floods hit Australia,Meteorologists say these could be the worst floods to hit northern Queensland in 60 years.,https://www.bbc.com/news/articles/cn4z2py8448o,https://ichef.bbci.co.uk/news/1024/branded_news/61b8/live/f7f87e80-e147-11ef-999b-b95a2a33a739.jpg,,"A woman has died in Australia and thousands have been forced to flee their homes after torrential rainfall has caused flooding in northern Queensland.
Authorities are warning that flood waters could… [+943 chars]",,"Tausende fliehen aus ihren Häusern, als Australien von Überschwemmungen heimgesucht wird. Meteorologen sagen, dass dies die schlimmsten Überschwemmungen sein könnten, die Nord-Queensland seit 60 Jahren heimgesucht haben.",Thousands flee homes as floods hit Australia. Meteorologists say these could be the worst floods to hit northern Queensland in 60 years.,Milia fugiunt domos ut inundationes Australiae feriunt. Meteorologi dicunt hos pessimi inundationes esse posse ut Reginensis septentrionales LX annis feriatur.,2026-01-09 04:06:59+00:00
f0a9eb72f69cc25f32c321f6e3fc0b99,2025-02-02T13:19:26Z,'floods',www.npr.org,en,0.0,"In the LA fires and the NC floods, 'CPR for mental health' treats unseen wounds","From Altadena to Asheville, people devastated by recent disasters encountered helpers trained in Psychological First Aid. Like CPR, anybody can learn it.",https://www.npr.org/sections/shots-health-news/2025/02/02/nx-s1-5266215/psychological-first-aid-ptsd-la-fire-helene-flood,https://npr.brightspotcdn.com/dims3/default/strip/false/crop/3000x1688+0+90/resize/1400/quality/100/format/jpeg/?url=http%3A%2F%2Fnpr-brightspot.s3.amazonaws.com%2Feb%2Fa7%2Fc1b5520f4d2ca913af7a8623b185%2F359a7677.jpg,,"Survivors of the floods of Hurricane Helene and the wildfires of Los Angeles have something in common: help from frontline workers trained in something called Psychological First Aid
.
It's a menta… [+7454 chars]",,"Bei den Bränden in LA und den Überschwemmungen in North Carolina behandelt „CPR for mental health“ unsichtbare Wunden. Von Altadena bis Asheville trafen Menschen, die von den jüngsten Katastrophen am Boden zerstört wurden, auf Helfer, die in psychologischer Erster Hilfe ausgebildet waren. Genau wie HLW kann es jeder erlernen.","In the LA fires and the NC floods, 'CPR for mental health' treats unseen wounds. From Altadena to Asheville, people devastated by recent disasters encountered helpers trained in Psychological First Aid. Like CPR, anybody can learn it.","In LA incendiis et NC inundationibus, 'CPR pro mentis' vulnera invisibilia tractat. Ab Altadena usque ad Asheville, homines recentibus calamitatibus devastati adiutores in Primo Aid Psychologico exercitati congressi sunt. Sicut CPR, quilibet id discere potest.",2026-01-09 04:06:59+00:00
815ce14f97e38959ab1c18fe6c84f523,2025-02-03T00:03:38Z,'flooding house',punchng.com,en,0.0,N11.5bn lost to Shonga rice plantation flooding – Kwara Rep,"A member of the House of Representatives from Kwara State, Dr. Ahmed Saba, says about 5,000 hectares of rice plantations, worth N11.5bn, were devastated by the recent flooding at Shonga, Edu Local Government Area of the state. The flood submerged farmlands in…",https://punchng.com/n11-5bn-lost-to-shonga-rice-plantation-flooding-kwara-rep/,,,"A member of the House of Representatives from Kwara State, Dr. Ahmed Saba, says about 5,000 hectares of rice plantations, worth N11.5bn, were devastated by the recent flooding at Shonga, Edu Local Go… [+4524 chars]",,"11,5 Mrd. N durch Überschwemmung der Reisplantage in Shonga verloren – Kwara Rep. Ein Mitglied des Repräsentantenhauses des Bundesstaates Kwara, Dr. Ahmed Saba, sagt, dass etwa 5.000 Hektar Reisplantagen im Wert von 11,5 Mrd. N durch die jüngste Überschwemmung in Shonga, Edu Local Government Area des Bundesstaates, zerstört wurden. Die Flut überschwemmte Ackerland in…","N11.5bn lost to Shonga rice plantation flooding – Kwara Rep. A member of the House of Representatives from Kwara State, Dr. Ahmed Saba, says about 5,000 hectares of rice plantations, worth N11.5bn, were devastated by the recent flooding at Shonga, Edu Local Government Area of the state. The flood submerged farmlands in…","N11.5bn ad Shonga oryzae plantationis inundationem amisit – Kwara Rep. Legatorum Reipublicae Kwara membrum Domus, Dr. Ahmed Saba dixit de 5,000 hectares plantationum oryzae, N11.5bn, recenti inundatione in Shonga, Edu Area civitatis Local gubernatione devastata. Diluvium demersum in agros…",2026-01-09 04:06:59+00:00
9a8af1675051cd9be4cbb8d627b1185e,2025-02-03T02:14:28Z,'floods',www.bbc.com,en,0.0,Major highway partly collapses as Australian floods worsen,"The deadly floods could be the worst to hit northern Queensland in 60 years, scientists say.",https://www.bbc.com/news/articles/cp3j2w41qkko,https://ichef.bbci.co.uk/news/1024/branded_news/fa01/live/455c79b0-e1c5-11ef-8823-ebb3dee37301.jpg,http://archive.md/20250203024622/https://www.bbc.com/news/articles/cp3j2w41qkko,"Hannah Ritchie &amp; Simon AtkinsonBBC News, Sydney and Far North Queensland
Sections of a major Australian highway have been washed away, as flooding in Queensland worsens. 
The torrential rainfal… [+3094 chars]",,"Hauptstraße stürzt teilweise ein, da sich die Überschwemmungen in Australien verschlimmern. Die tödlichen Überschwemmungen könnten die schlimmsten sein, die Nord-Queensland seit 60 Jahren heimgesucht haben, sagen Wissenschaftler.","Major highway partly collapses as Australian floods worsen. The deadly floods could be the worst to hit northern Queensland in 60 years, scientists say.","Maior via partim concidit ut inundationes Australiae graviores fiant. Inundationes mortiferae pessimos esse posse Reginam septentrionalem in LX annis ferire, viri docti dicunt.",2026-01-09 04:06:59+00:00
925b2ff745145bb7aa50219438088c37,2025-02-03T03:55:00Z,'floods',www.thestar.com.my,en,0.0,Floods: S'wak longhouse becomes 'island' cut off for three weeks,"BINTULU: Surrounded by floodwaters for about three weeks, the Mulo longhouse now resembles a small isolated island because of the ongoing disaster. Read full story",https://www.thestar.com.my/news/nation/2025/02/03/floods-s039wak-longhouse-becomes-039island039-cut-off-for-three-weeks,https://apicms.thestar.com.my/uploads/images/2025/02/03/3148738.JPG,,"BINTULU: Surrounded by floodwaters for about three weeks, the Mulo longhouse now resembles a small isolated island because of the ongoing disaster.
Located in Nanga Penyarai, about a two-hour river … [+2278 chars]",,"Überschwemmungen: Das Langhaus von S'wak wird zur „Insel“, die für drei Wochen abgeschnitten ist. BINTULU: Das Mulo-Langhaus war etwa drei Wochen lang von Überschwemmungen umgeben und ähnelt aufgrund der anhaltenden Katastrophe nun einer kleinen isolierten Insel. Lesen Sie die ganze Geschichte","Floods: S'wak longhouse becomes 'island' cut off for three weeks. BINTULU: Surrounded by floodwaters for about three weeks, the Mulo longhouse now resembles a small isolated island because of the ongoing disaster. Read full story","Inundationes: S'wak longhouse fit insula ablata per tres septimanas. BINTULU: Aquae diluvii circumcirca tres septimanas, Mulo longhouse nunc insulae parvae solitariae propter calamitatem permanentem similis est. Read full story",2026-01-09 04:06:59+00:00
f462360793f8b1609d4724eda7c8b510,2025-02-03T05:26:27Z,'flooding',abcnews.go.com,en,0.0,Aid is surging into Gaza under the ceasefire. Is it helping?,"Two weeks after the ceasefire between Hamas and Israel took effect, aid is flooding into the Gaza Strip",https://abcnews.go.com/International/wireStory/aid-surging-gaza-ceasefire-helping-118388077,https://i.abcnewsfe.com/a/7f49dd42-75f6-4a3b-b8a3-9c8c50848c42/wirestory_e1657d315ccc5ba66d15f48100f7981b_16x9.jpg?w=1600,https://web.archive.org/web/20250204102350/https://abcnews.go.com/International/wireStory/aid-surging-gaza-ceasefire-helping-118388077,"JERUSALEM -- Two weeks after the ceasefire between Hamas and Israel took effect, aid is flooding into the Gaza Strip, bringing relief to a territory suffering from hunger, mass displacement and devas… [+6138 chars]",,Im Rahmen des Waffenstillstands fließt die Hilfe nach Gaza. Hilft es? Zwei Wochen nach Inkrafttreten des Waffenstillstands zwischen Hamas und Israel strömen Hilfslieferungen in den Gazastreifen,"Aid is surging into Gaza under the ceasefire. Is it helping?. Two weeks after the ceasefire between Hamas and Israel took effect, aid is flooding into the Gaza Strip","Auxilio est in Gazam sub æstivo fluctuat. An adiuvat?. Duae septimanae postquam incendium inter Hamas et Israel effectum ceperunt, auxilium inundatio in Gazam Strip",2026-01-09 04:06:59+00:00
8516af3c550113871b302ab2205f7037,2025-02-03T08:12:09Z,'flooding weather',www.abc.net.au,en,0.0,Weather system to ease but flooding will continue in North Qld,"The Bureau of Meteorology says the weather system causing flooding in North Queensland will gradually start to ease from Tuesday, but authorities warn intense rainfall and dangerous flooding will continue.",https://www.abc.net.au/news/2025-02-03/dangerous-flooding-intense-rainfall-continue-north-qld/104888672,https://live-production.wcms.abc-cdn.net.au/1aeb06b389a0efa474b260f4c05b09a2?impolicy=wcms_watermark_news&cropH=1067&cropW=1897&xPos=0&yPos=133&width=862&height=485&imformat=generic,,"Intense flooding is continuing in parts of Queensland with authorities predicting the peak for the north's most populated city of Townsville to hit on Tuesday morning. 
The city has been inundated w… [+5224 chars]",,"Das Wetter entspannt sich, aber in Nord-Qld wird es weiterhin Überschwemmungen geben. Das Bureau of Meteorology sagt, dass das Wettersystem, das Überschwemmungen in Nord-Queensland verursacht, ab Dienstag allmählich nachlassen wird, die Behörden warnen jedoch, dass es weiterhin zu starken Regenfällen und gefährlichen Überschwemmungen kommen wird.","Weather system to ease but flooding will continue in North Qld. The Bureau of Meteorology says the weather system causing flooding in North Queensland will gradually start to ease from Tuesday, but authorities warn intense rainfall and dangerous flooding will continue.","Ratio tempestatum leniendi sed inundatio in septentrione Qld durabit. In hendrerit Meteorologico dicit systema tempestatum inundationem in Australian Queensland paulatim a die Martis cessare incipiet, sed auctoritates monent vehementem imbrem et periculosam inundationem duraturam.",2026-01-09 04:06:59+00:00
a240a978f0d0bae16a508723c1d9a894,2025-02-03T10:15:33Z,'flooding area',www.nbcnews.com,en,0.0,"One dead, thousands urged to evacuate as Australia’s northeast battles floods","One person died in heavy flooding in the Australian state of Queensland, officials said, urging thousands of people to evacuate due to torrential rains.",https://www.nbcnews.com/news/world/one-dead-thousands-urged-evacuate-australias-northeast-battles-floods-rcna190398,"https://media-cldnry.s-nbcnews.com/image/upload/t_nbcnews-fp-1200-630,f_auto,q_auto:best/rockcms/2025-02/250203-queensland-flooding-mb-0810-3d3839.jpg",http://archive.md/20250203105225/https://www.nbcnews.com/news/world/one-dead-thousands-urged-evacuate-australias-northeast-battles-floods-rcna190398,"SYDNEY  One person died Sunday in heavy flooding in the Australian state of Queensland, authorities said, urging thousands of people to move to higher ground due to torrential rains.
Queensland auth… [+1369 chars]",,"Ein Toter, Tausende müssen evakuiert werden, während der Nordosten Australiens mit Überschwemmungen zu kämpfen hat. Eine Person sei bei schweren Überschwemmungen im australischen Bundesstaat Queensland ums Leben gekommen, sagten Beamte und forderten Tausende Menschen auf, wegen der sintflutartigen Regenfälle zu evakuieren.","One dead, thousands urged to evacuate as Australia’s northeast battles floods. One person died in heavy flooding in the Australian state of Queensland, officials said, urging thousands of people to evacuate due to torrential rains.","Unum mortuum, mille  impulit ut proelia inundationes orientales decedere proeliis  Australiae. Unus homo mortuus est in inundatione gravissima in statu Australiae Queensland, magistratus dixerunt, milia hominum hortantes ut propter imbres torrentes decederent.",2026-01-09 04:06:59+00:00
8986350fff95390dd0685ba55ec636e7,2025-02-03T12:01:00Z,'flooding area',www.thestar.com.my,en,0.0,Sibu MP calls for urgent infrastructure upgrades after recent floods,"SIBU: Sibu MP Oscar Ling has highlighted significant shortcomings in the town’s basic infrastructure, particularly its roads and drainage systems, following recent floods. Read full story",https://www.thestar.com.my/news/nation/2025/02/03/sibu-mp-calls-for-urgent-infrastructure-upgrades-after-recent-floods,https://apicms.thestar.com.my/uploads/images/2025/02/03/3149647.jpg,,"SIBU: Sibu MP Oscar Ling has highlighted significant shortcomings in the towns basic infrastructure, particularly its roads and drainage systems, following recent floods.
While Ling welcomed the Pre… [+1319 chars]",,"Sibu-Abgeordneter fordert dringende Modernisierung der Infrastruktur nach den jüngsten Überschwemmungen. SIBU: Der Sibu-Abgeordnete Oscar Ling hat nach den jüngsten Überschwemmungen erhebliche Mängel in der grundlegenden Infrastruktur der Stadt, insbesondere ihren Straßen und Entwässerungssystemen, hervorgehoben. Lesen Sie die ganze Geschichte","Sibu MP calls for urgent infrastructure upgrades after recent floods. SIBU: Sibu MP Oscar Ling has highlighted significant shortcomings in the town’s basic infrastructure, particularly its roads and drainage systems, following recent floods. Read full story","Sibu MP vocat upgrades pro urgente infrastructura post recentes inundationes. SIBU: Sibu MP Oscar Ling defectus significantes in oppido infrastructura fundamentales illustravit, praesertim vias eius et systemata INCILE, sequentia recentia diluvia. Read full story",2026-01-09 04:06:59+00:00
c314d5828a9ae51c2ca561b5feaafcca,2025-02-03T12:47:00Z,'flooding rain',news.sky.com,en,0.0,Woman dies and thousands urged to move to higher ground as 'record-breaking rainfall' hits Queensland,A woman has died and thousands of people have been urged to move to higher ground due to major flooding in northern Australia.,https://news.sky.com/story/woman-dies-and-thousands-urged-to-move-to-higher-ground-as-record-breaking-rainfall-hits-queensland-13302383,https://e3.365dm.com/25/02/1600x900/skynews-floods-townsville-australia_6818425.jpg?20250203104419,,"A woman has died and thousands of people have been urged to move to higher ground due to major flooding in northern Australia.
Torrential rains have hammered the state of Queensland over the past th… [+3150 chars]",,"Frau stirbt und Tausende werden aufgefordert, auf höher gelegenes Gelände zu ziehen, als Queensland von „rekordverdächtigen Regenfällen“ heimgesucht wird. Eine Frau ist gestorben und Tausende Menschen wurden aufgrund der schweren Überschwemmungen im Norden Australiens aufgefordert, in höher gelegene Gebiete zu ziehen.",Woman dies and thousands urged to move to higher ground as 'record-breaking rainfall' hits Queensland. A woman has died and thousands of people have been urged to move to higher ground due to major flooding in northern Australia.,Mulier moritur et mille hortantur ut ad altiorem terram se moveant sicut 'pluviae record-fractionis' Reginensis attingit. Mulier mortua est et milia hominum hortata sunt ut ad altiorem terram movendam ob maiorem inundationem in Australia septentrionali.,2026-01-09 04:06:59+00:00
3f3ac1f2c2981c6c3a08dfac1922d2f3,2025-02-03T14:10:46Z,'flooding damage',www.bbc.com,en,0.0,Watch: BBC reports from site of Queensland flooding,"BBC Australia reporter Simon Atkinson visits Townsville, which was hit by severe rainfall over the weekend.",https://www.bbc.com/news/videos/c07kjpeglxyo,https://ichef.bbci.co.uk/news/1024/branded_news/5555/live/61f79970-e237-11ef-bd1b-d536627785f2.jpg,,"Severe flooding in Queensland has forced thousands of people to evacuate, cut power to homes and washed away sections of a vital highway. 
In Townsville, one of the hardest-hit cities in the region,… [+164 chars]",,"Anschauen: BBC berichtet vom Ort der Überschwemmung in Queensland. Simon Atkinson, Reporter der BBC Australia, besucht Townsville, das am Wochenende von heftigen Regenfällen heimgesucht wurde.","Watch: BBC reports from site of Queensland flooding. BBC Australia reporter Simon Atkinson visits Townsville, which was hit by severe rainfall over the weekend.","Vide: BBC refert e situ Reginensis inundationis. BBC notario Australiae Simon Atkinson Townsville invisit, quod gravibus imbribus super volutpat vestibulum ictus est.",2026-01-09 04:06:59+00:00
dc64bd78e8a07ce21d81a82bf12fcb57,2025-02-03T14:56:06Z,'floods',www.bbc.com,en,0.0,"'We haven't panicked, but we are prepared': The residents waiting out Australia's floods","The BBC meets the residents of Townsville's ""black zones"" who have stayed put despite flood warnings.",https://www.bbc.com/news/articles/cn57gk917dpo,https://ichef.bbci.co.uk/news/1024/branded_news/364c/live/3e654e80-e237-11ef-a819-277e390a7a08.jpg,https://web.archive.org/web/20250203182006/https://www.bbc.com/news/articles/cn57gk917dpo,"Sunk into a camping chair wearing shorts and in his Led Zeppelin T-shirt, John Duric looks relaxed.
In the arm of the seat, a drinks pocket holds an icy bottle of beer. But on the ground next to him… [+2353 chars]",,"„Wir sind nicht in Panik geraten, aber wir sind vorbereitet“: Die Bewohner warten auf die Überschwemmungen in Australien. Die BBC trifft sich mit den Bewohnern der „schwarzen Zonen“ von Townsville, die trotz Hochwasserwarnungen dort geblieben sind.","'We haven't panicked, but we are prepared': The residents waiting out Australia's floods. The BBC meets the residents of Townsville's ""black zones"" who have stayed put despite flood warnings.","""Non pavidi, sed parati sumus"": incolas inundationes Australiae exspectantes. BBC habitantibus ""zonis nigris"" Townsville occurrit qui monitis diluvii obstantibus posuit.",2026-01-09 04:06:59+00:00
d70d2fafe871547510d7a68917490c0f,2025-02-03T15:25:47Z,'flooding precipitation',www.newsweek.com,en,0.0,Atmospheric River Bringing California Back-To-Back Storms,"While the wet weather may bring an end to a devastating run of wildfires in the state, it could also cause flooding and other hazards.",https://www.newsweek.com/atmospheric-river-california-storms-rain-flooding-2025157,https://d.newsweek.com/en/full/2579564/satellite-image-weather-over-california.jpg,,"An atmospheric river is bringing a series of winter storms to California, in what could be both a blessing and curse for the wildfire-ravaged state.
The first storm has already brought some 4-8 inch… [+3642 chars]",,"Atmosphärischer Fluss sorgt für aufeinanderfolgende Stürme in Kalifornien. Während das nasse Wetter einer verheerenden Serie von Waldbränden im Bundesstaat ein Ende bereiten könnte, könnte es auch zu Überschwemmungen und anderen Gefahren kommen.","Atmospheric River Bringing California Back-To-Back Storms. While the wet weather may bring an end to a devastating run of wildfires in the state, it could also cause flooding and other hazards.","Flumen atmosphaericum afferens Californiae Back-Ad-Back Storms. Cum tempestas humida finem ferat ad incendia vastanda in re publica, etiam inundationes et alia pericula causare potest.",2026-01-09 04:06:59+00:00
01240c5908d74615a1fa5889cc823450,2025-02-03T15:32:14Z,'flooding weather',biztoc.com,en,0.0,Atmospheric River Bringing California Back-To-Back Storms,"While the wet weather may bring an end to a devastating run of wildfires in the state, it could also cause flooding and other hazards.",https://biztoc.com/x/4be1d37ec9fd7833,https://biztoc.com/cdn/808/og.png,,"While the wet weather may bring an end to a devastating run of wildfires in the state, it could also cause flooding and other hazards.
This story appeared on newsweek.com, 2025-02-03 15:25:47.",,"Atmosphärischer Fluss sorgt für aufeinanderfolgende Stürme in Kalifornien. Während das nasse Wetter einer verheerenden Serie von Waldbränden im Bundesstaat ein Ende bereiten könnte, könnte es auch zu Überschwemmungen und anderen Gefahren kommen.","Atmospheric River Bringing California Back-To-Back Storms. While the wet weather may bring an end to a devastating run of wildfires in the state, it could also cause flooding and other hazards.","Flumen atmosphaericum afferens Californiae Back-Ad-Back Storms. Cum tempestas humida finem ferat ad incendia vastanda in re publica, etiam inundationes et alia pericula causare potest.",2026-01-09 04:06:59+00:00
612c19f2a66117de2556765c28d137a3,2025-02-03T16:01:02Z,'flooding rain',www.nbcnews.com,en,0.0,California flood watch raises risk of mudslides days after wildfire containment,"About 13 million people are under flood watches across Northern California, where heavy rain is expected to produce areas of flooding, mudslides and debris flows through Wednesday.",https://www.nbcnews.com/weather/storms/california-flood-watch-raises-risk-mudslides-days-fire-containment-rcna190422,"https://media-cldnry.s-nbcnews.com/image/upload/t_nbcnews-fp-1200-630,f_auto,q_auto:best/rockcms/2025-02/250203-rain-san-francisco-mn-0950-65f46a.jpg",http://archive.md/20250203173745/https://www.nbcnews.com/weather/storms/california-flood-watch-raises-risk-mudslides-days-fire-containment-rcna190422,"About 13 million people are under flood watches across Northern California, where heavy rain is expected to produce areas of flooding, mudslides and debris flows through Wednesday.
The atmospheric r… [+2056 chars]",,"Die Hochwasserüberwachung in Kalifornien erhöht die Gefahr von Schlammlawinen Tage nach der Eindämmung der Waldbrände. Ungefähr 13 Millionen Menschen stehen in ganz Nordkalifornien unter Hochwasserüberwachung, wo starke Regenfälle voraussichtlich bis Mittwoch zu Überschwemmungen, Schlammlawinen und Murgängen führen werden.","California flood watch raises risk of mudslides days after wildfire containment. About 13 million people are under flood watches across Northern California, where heavy rain is expected to produce areas of flooding, mudslides and debris flows through Wednesday.","California inundatio vigilia periculum turbantium dierum post continentiam ignem ferum excitat. Circiter XIII miliones hominum sub inundatione per Californiam septentrionalem vigilias sunt, ubi gravis pluvia exspectatur ut areas inundationis, limosae et strages per mercurii fluit.",2026-01-09 04:06:59+00:00
f0d60950fb8c8463089636f16fd1170c,2025-02-03T18:30:01Z,'floods',phys.org,en,0.0,"What's driving north Queensland's deadly, record-breaking floods?","Record-breaking floods across north Queensland have now turned deadly, with one woman drowning while being rescued on Sunday morning. And the floodwaters are still rising, with rain set to continue.",https://phys.org/news/2025-02-north-queensland-deadly.html,https://scx2.b-cdn.net/gfx/news/2025/whats-driving-north-qu.jpg,,"Record-breaking floods across north Queensland have now turned deadly, with one woman drowning while being rescued on Sunday morning. And the floodwaters are still rising, with rain set to continue.… [+6006 chars]",,"Was treibt die tödlichen, rekordverdächtigen Überschwemmungen im Norden von Queensland an? Die rekordverdächtigen Überschwemmungen im Norden von Queensland haben mittlerweile tödliche Folgen: Eine Frau ist am Sonntagmorgen bei der Rettung ertrunken. Und die Überschwemmungen steigen immer noch, und es wird voraussichtlich weiterhin regnen.","What's driving north Queensland's deadly, record-breaking floods?. Record-breaking floods across north Queensland have now turned deadly, with one woman drowning while being rescued on Sunday morning. And the floodwaters are still rising, with rain set to continue.","Quid reginae septentrionalis plagas exitiosas, recordationes praevaricationis diluvias? Record-solventes diluvia per Australiam septentrionalem nunc mortiferum verterunt, cum una femina submersio dum mane die dominico liberatur. Et adhuc surgent aquae diluvii, et imbres ad permanendum.",2026-01-09 04:06:59+00:00
0749819edb0884f508f5701833fba050,2025-02-03T18:36:36Z,'flooding',www.pbs.org,en,0.0,Aid is flowing into Gaza under the ceasefire. Is it helping?,"Two weeks after the ceasefire between Hamas and Israel took effect, aid is flooding into the Gaza Strip.",https://www.pbs.org/newshour/world/aid-is-flowing-into-gaza-under-the-ceasefire-is-it-helping,https://d3i6fh83elv35t.cloudfront.net/static/2025/02/2025-02-03T131835Z_942189798_RC2JMCAU7IF7_RTRMADP_3_ISRAEL-PALESTINIANS-GAZA-AID-1024x683.jpg,https://web.archive.org/web/20250203190303/https://www.pbs.org/newshour/world/aid-is-flowing-into-gaza-under-the-ceasefire-is-it-helping,"JERUSALEM (AP) Two weeks after the ceasefire between Hamas and Israel took effect, aid is flooding into the Gaza Strip, bringing relief to a territory suffering from hunger, mass displacement and dev… [+7070 chars]",,Im Rahmen des Waffenstillstands fließt Hilfe nach Gaza. Hilft es? Zwei Wochen nach Inkrafttreten des Waffenstillstands zwischen Hamas und Israel strömen Hilfslieferungen in den Gazastreifen.,"Aid is flowing into Gaza under the ceasefire. Is it helping?. Two weeks after the ceasefire between Hamas and Israel took effect, aid is flooding into the Gaza Strip.","Auxilium in Gazam influit sub cessatione. An adiuvat?. Duo septimanas postquam cessatum incendium inter Hamas et Israel effectum ceperunt, auxilium inundatio in Gazam Strip est.",2026-01-09 04:06:59+00:00
4801e53abb81e1eb4c94c88f6a9b4f2b,2025-02-03T19:07:10Z,'floods',www.redding.com,en,0.0,"New storm, strong wind on way to Redding after atmospheric river brings heavy rain, floods",More rain is on the way after Redding got 8 inches of rain in three days due to an atmospheric river. Here's a weather update.,https://www.redding.com/story/news/2025/02/03/redding-gets-8-inches-of-rain-flooding-after-strong-winter-storm/78180094007/,https://s.yimg.com/ny/api/res/1.2/qvJd4o00FUxQEPb2ipFz9Q--/YXBwaWQ9aGlnaGxhbmRlcjt3PTEyMDA7aD02NjA-/https://media.zenfs.com/en/redding-record-searchlight/99f13e4e10b37ea8209153452be87817,,"More rain is on the way after a windy, atmospheric river dumped more than half a foot of rain on Redding over the weekend, bringing some flooding to parts of Shasta County.
Redding got a short break… [+4395 chars]",,"Neuer Sturm, starker Wind auf dem Weg nach Redding, nachdem der atmosphärische Fluss starken Regen und Überschwemmungen mit sich bringt. Weitere Regenfälle sind auf dem Weg, nachdem Redding aufgrund eines atmosphärischen Flusses in drei Tagen 20 cm Regen abbekommen hat. Hier ist ein Wetter-Update.","New storm, strong wind on way to Redding after atmospheric river brings heavy rain, floods. More rain is on the way after Redding got 8 inches of rain in three days due to an atmospheric river. Here's a weather update.","Tempestas nova, ventus vehemens in viis ad Redding post flumen atmosphaericum pluvias graves affert, diluvia. Plures pluviae in itinere post Redding VIII uncias pluviae in tribus diebus ob flumen atmosphaericum obtinuit. Hic renovatio tempestatis est.",2026-01-09 04:06:59+00:00
96ddbd0e94762b1119670e3d41b1da58,2025-02-03T19:45:20Z,'flooding residents',www.newsweek.com,en,0.0,Kentucky Flood Warning Map: Where Roads Could Be Affected,An alert for possible flooding in southeastern Kentucky has been issued.,https://www.newsweek.com/kentucky-flood-warning-map-where-roads-could-impacted-2025441,https://d.newsweek.com/en/full/2580026/kentucky-flood-warning-map.png,,"A flood warning remains in effect for the Green River at Paradise, Kentucky, and a map shows surrounding areas that could be affected as moderate flooding is forecast through Wednesday, the National … [+2715 chars]",,Hochwasserwarnkarte für Kentucky: Wo Straßen betroffen sein könnten. Es wurde eine Warnung vor möglichen Überschwemmungen im Südosten von Kentucky herausgegeben.,Kentucky Flood Warning Map: Where Roads Could Be Affected. An alert for possible flooding in southeastern Kentucky has been issued.,Kentucky Diluvium Monitum Map: Viae ubi affici possent. In inundationem possibilis erecta in Kentucky meridiem orientalem edita est.,2026-01-09 04:06:59+00:00
c1429229fecd038351cf6403ddc5f4f6,2025-02-04T00:02:35Z,'flooding',www.abc.net.au,en,0.0,Floods evoke community pride as neighbours help each other through crisis,"As north Queensland waits to assess the damage of intensive flooding, people are finding solace in their communities — whether it's helping a mate fix their generator, sharing supplies or offering a place to stay.",https://www.abc.net.au/news/2025-02-04/north-queensland-communities-rally-amid-floods/104890762,https://live-production.wcms.abc-cdn.net.au/7d36ffaee50b5c8cbe178a72226f33d7?impolicy=wcms_watermark_news&cropH=2813&cropW=5000&xPos=0&yPos=74&width=862&height=485&imformat=generic,,"From people ""bunkering down"" in Townsville to ""one of Ingham's scariest nights"", the flood of 2025 will be felt in north Queensland for years to come.
Parts of the Bruce Highway have crumbled undern… [+7263 chars]",,"Überschwemmungen wecken den Stolz der Gemeinschaft, da Nachbarn sich gegenseitig in Krisenzeiten helfen. Während Nord-Queensland darauf wartet, die Schäden der schweren Überschwemmungen einzuschätzen, finden die Menschen Trost in ihren Gemeinden – sei es, dass sie einem Freund helfen, seinen Generator zu reparieren, Vorräte zu teilen oder ihnen eine Unterkunft anzubieten.","Floods evoke community pride as neighbours help each other through crisis. As north Queensland waits to assess the damage of intensive flooding, people are finding solace in their communities — whether it's helping a mate fix their generator, sharing supplies or offering a place to stay.","Inundationes evocent superbiam communitatis ut vicini per discrimen adiuvant inter se. Regina septentrionalis cum exspectat damnum intensivae inundationis aestimare, homines in communitatibus suis solatium inveniunt — sive coniugem adiuvat generantem suum figere, commeatus communicare vel locum morandi offerre.",2026-01-09 04:06:59+00:00
eee0c8a834dd204aa04c5df1598ebb2b,2025-02-04T00:45:39Z,'floods',www.bbc.com,en,0.0,"Devastation from Queensland floods 'incredible', premier says",Thousands of people are beginning to return home to assess damage to their properties and businesses.,https://www.bbc.com/news/articles/cvgpvrgezp3o,https://ichef.bbci.co.uk/news/1024/branded_news/2223/live/2882f0e0-e291-11ef-bd1b-d536627785f2.jpg,https://web.archive.org/web/20250204010213/https://www.bbc.com/news/articles/cvgpvrgezp3o,"Flooding in Australia has inflicted ""incredible"" devastation on communities across northern Queensland, the state's premier has said, even though conditions are easing faster than predicted.
Thousan… [+1614 chars]",,"Die Verwüstung durch die Überschwemmungen in Queensland sei „unglaublich“, sagt Premierminister. Tausende Menschen kehren nach Hause zurück, um Schäden an ihrem Eigentum und Unternehmen zu begutachten.","Devastation from Queensland floods 'incredible', premier says. Thousands of people are beginning to return home to assess damage to their properties and businesses.","Vastatio Reginensis inundationes 'incredibiles', premier dicit. Milia hominum domum redire incipiunt damna proprietatibus et negotiis aestimare.",2026-01-09 04:06:59+00:00
3c7c007e8c3c28cf36c5506862c57359,2025-02-04T06:00:28Z,'flooding weather',www.insurancejournal.com,en,0.0,California Faces Mudslide Threat From Flooding Rains After Wildfires,"Weeks after wildfires that killed at least 29 people and destroyed entire neighborhoods, Southern California is facing another extreme-weather threat: Too much rain. After drenching the northern part of the state, a massive Pacific storm will start to move so…",https://www.insurancejournal.com/news/west/2025/02/04/810585.htm,https://www.insurancejournal.com/app/uploads/2025/02/426100971-Bloomberg-photo-scaled.jpg,,"Weeks after wildfires that killed at least 29 people and destroyed entire neighborhoods, Southern California is facing another extreme-weather threat: Too much rain.
After drenching the northern par… [+1732 chars]",,"Kalifornien ist durch überschwemmte Regenfälle nach Waldbränden mit Schlammlawinen bedroht. Wochen nach Waldbränden, bei denen mindestens 29 Menschen ums Leben kamen und ganze Stadtteile zerstört wurden, ist Südkalifornien mit einer weiteren extremen Wettergefahr konfrontiert: zu viel Regen. Nachdem er den nördlichen Teil des Bundesstaates durchnässt hat, wird sich ein gewaltiger Pazifiksturm ausbreiten, sodass …","California Faces Mudslide Threat From Flooding Rains After Wildfires. Weeks after wildfires that killed at least 29 people and destroyed entire neighborhoods, Southern California is facing another extreme-weather threat: Too much rain. After drenching the northern part of the state, a massive Pacific storm will start to move so…","California Faces Mudslide Threat from Flooding Rain After Wildfires. Septimana post incendia incendia saltem 29 hominum interfecta et omnes vicinitates delevit, California meridionalis respicit aliam extremam tempestatem comminatio: Nimis pluviae. Post suffusionem rei publicae partem septentrionalem, tempestas ingens Pacifici movere incipiet...",2026-01-09 04:06:59+00:00
d145c7658c003b1109e504b672458a7e,2025-02-04T12:45:02Z,'flooding rain',abcnews.go.com,en,0.0,Floods kill 2 people and wreak havoc in Australia's Queensland after monsoon rains,Monsoon rains have unleashed flooding in Australia's Queensland that claimed the lives of two people,https://abcnews.go.com/International/wireStory/floods-kill-2-people-wreak-havoc-australias-queensland-118430249,https://s.abcnews.com/images/US/abc_news_default_2000x2000_update_16x9_992.jpg,https://web.archive.org/web/20250205034758/https://abcnews.go.com/International/wireStory/floods-kill-2-people-wreak-havoc-australias-queensland-118430249,"WELLINGTON, New Zealand -- Monsoon rains unleashed flooding in Australias Queensland that have claimed the lives of two people as the week-long deluge dropped months of rainfall in a few days, devast… [+2192 chars]",,"Überschwemmungen töten zwei Menschen und richten nach Monsunregen im australischen Queensland verheerende Schäden an. Monsunregen haben im australischen Queensland zu Überschwemmungen geführt, bei denen zwei Menschen ums Leben kamen",Floods kill 2 people and wreak havoc in Australia's Queensland after monsoon rains. Monsoon rains have unleashed flooding in Australia's Queensland that claimed the lives of two people,"Inundationes 2 homines necant et in Australiae Queenslandia post imbres ETESIA perdat. ETESIA pluviae inundationem in Australiae Reginae inundationem habent, quae vitam duorum hominum asseruit",2026-01-09 04:06:59+00:00
3c9d154e9b56a1fca0dc851397b48801,2025-02-04T13:11:47Z,'flooding',www.bbc.com,en,0.0,Water shortages hit fourth day as more pipes burst,"Thousands in Glasgow and South Lanarkshire have been affected by water cuts, flooding and road closures.",https://www.bbc.com/news/articles/c62q0p09vn3o,https://ichef.bbci.co.uk/news/1024/branded_news/180d/live/25540430-e2f6-11ef-a819-277e390a7a08.jpg,,"A burst main on Florence Street led to water cuts in South Lanarkshire
Disruption caused by burst pipes has continued into a fourth day after a strategic water main pipe burst in the south of Glasgo… [+2127 chars]",,"Am vierten Tag kommt es zu Wasserknappheit, da weitere Rohre platzen. Tausende Menschen in Glasgow und South Lanarkshire waren von Wasserknappheit, Überschwemmungen und Straßensperrungen betroffen.","Water shortages hit fourth day as more pipes burst. Thousands in Glasgow and South Lanarkshire have been affected by water cuts, flooding and road closures.","Aquae penuriae quarto die percussae ut plura fistulae eruperint. Milia in Glasgow et in comitatu Lanarkshire aquea plagis, inundationibus et clausuris viarum affectae sunt.",2026-01-09 04:06:59+00:00
2b2b87b82fd4098ee20a1c32211f9c18,2025-02-04T17:15:28Z,'flooding area',www.cbssports.com,en,0.0,2025 Super Bowl: National Guard floods downtown New Orleans in unprecedented safety measures,Armed troops are patrolling specific streets to maintain security,https://www.cbssports.com/nfl/news/2025-super-bowl-national-guard-floods-downtown-new-orleans-in-unprecedented-safety-measures/,https://sportshub.cbsistatic.com/i/r/2025/02/04/4b21941a-aaaa-43b5-89b4-176524f437fa/thumbnail/1200x675/bf823972c0621fd9f1fdf8386ef4823f/caesars-superdome.jpg,,"NEW ORLEANS -- The buzz of the Big Easy was alive on Monday night, as the Kansas City Chiefs and Philadelphia Eagles kicked off Super Bowl LIX festivities. So too was the presence of law enforcement,… [+1341 chars]",,"Super Bowl 2025: Die Nationalgarde überschwemmt die Innenstadt von New Orleans unter beispiellosen Sicherheitsmaßnahmen. Bewaffnete Truppen patrouillieren in bestimmten Straßen, um die Sicherheit zu gewährleisten",2025 Super Bowl: National Guard floods downtown New Orleans in unprecedented safety measures. Armed troops are patrolling specific streets to maintain security,2025 Eximius Crater: inundationes Nationalis Custodiae Novae Aureliae in remediis salutis inauditae. Armatae turmae certas vias perambulant ad securitatem conservandam,2026-01-09 04:06:59+00:00
a5253d9772f6c5a86b6fd4fc8f6619fc,2025-02-04T17:16:54Z,'flooding',www.breitbart.com,en,0.0,Biden's Policies on Vapes Favored Democrat Donors and China - but Trump Can Restore Order,"After rescinding Biden’s menthol cigarette ban, the Trump administration faces a decision on an ITC proposal targeting NJOY Ace, the only authorized menthol-flavored pod vaping product in the US, amid concerns over rival JUUL’s influence and China flooding th…",https://www.breitbart.com/tech/2025/02/04/bidens-policies-on-vapes-favored-democrat-donors-and-china-but-trump-can-restore-order/,https://media.breitbart.com/media/2025/02/Donald-Trump-contemplates-MAGA-640x335.jpg,,"After rescinding Biden’s menthol cigarette ban, the Trump administration faces a decision on an ITC proposal targeting NJOY Ace, the only authorized menthol-flavored pod vaping product in the US, ami… [+5297 chars]",,"Bidens Richtlinien zu E-Zigaretten begünstigten demokratische Spender und China – aber Trump kann die Ordnung wiederherstellen. Nach der Aufhebung von Bidens Verbot von Menthol-Zigaretten steht die Trump-Regierung vor einer Entscheidung über einen ITC-Vorschlag, der auf NJOY Ace abzielt, das einzige zugelassene Dampfprodukt mit Menthol-Geschmack in den USA, angesichts der Besorgnis über den Einfluss des Rivalen JUUL und der Überschwemmung durch China.","Biden's Policies on Vapes Favored Democrat Donors and China - but Trump Can Restore Order. After rescinding Biden’s menthol cigarette ban, the Trump administration faces a decision on an ITC proposal targeting NJOY Ace, the only authorized menthol-flavored pod vaping product in the US, amid concerns over rival JUUL’s influence and China flooding th…","Politiae Biden in Vapes Donatores democratae faventes et Sinae - sed Trump Ordinem restituere possunt. Post Biden's menthol bannum rescindendo, administratio Trump consilium fert de rogatione ITC targeting NJOY Ace, sola auctoritate menthol-sativarum vasorum vapingum in US, inter curas de influxu aemulorum IUUL et Sinarum inundatione th…",2026-01-09 04:06:59+00:00
2fc3789319da98b1914101d74349d29c,2025-02-04T17:25:14Z,'floods',www.newsweek.com,en,0.0,Videos Show Devastation of Fatal Floods in Northeast Australia,"The destruction from the rainfall over the past week was described as ""quite frankly incredible"" by David Crisafulli, the premier of Queensland, Australia.",https://www.newsweek.com/floods-australia-queensland-flooding-street-homes-tiktok-two-deaths-2025976,https://d.newsweek.com/en/full/2580912/flooded-road-queensland-australia.jpg,,"Videos showing parts of Queensland, a state in the northeast of Australia, overwhelmed by flood waters have shocked viewers on TikTok.
Monsoon rainfall over the past few days has devastated small ru… [+4288 chars]",,"Videos zeigen verheerende Folgen tödlicher Überschwemmungen im Nordosten Australiens. Die Zerstörung durch die Regenfälle der vergangenen Woche wurde von David Crisafulli, dem Premierminister von Queensland, Australien, als „ganz ehrlich gesagt unglaublich“ beschrieben.","Videos Show Devastation of Fatal Floods in Northeast Australia. The destruction from the rainfall over the past week was described as ""quite frankly incredible"" by David Crisafulli, the premier of Queensland, Australia.","Videos Devastationem monstrare inundationum fatalium in Australia septentrionali. Interitus pluviis super hebdomadam revolutum a David Crisafulli, reginae, Australiae, praemissarius, descriptus est ""ingenue admodum incredibilis"".",2026-01-09 04:06:59+00:00
1c2750416d563db3149209a8e1d48555,2025-02-04T17:26:14Z,'flooding mudslide',nypost.com,en,0.0,"Pacific Coast highway closed days after reopening amid mudslide, flooding threats","Malibu's Pacific Coast Highway, which just reopened after last month's devastating Palisades Fire, is closing again Tuesday due to concerns about potential mudslides, landslides and debris flows from a prolonged atmospheric river event.",https://nypost.com/2025/02/04/us-news/pacific-coast-highway-closed-days-after-reopening-amid-mudslide-flooding-threats/,https://nypost.com/wp-content/uploads/sites/2/2025/02/flooding-rain-mountain-snow-resurge-97890873.jpg?quality=75&strip=all&w=1024,https://web.archive.org/web/20250205043012/https://nypost.com/2025/02/04/us-news/pacific-coast-highway-closed-days-after-reopening-amid-mudslide-flooding-threats/,"SAN FRANCISCO  Malibu’s Pacific Coast Highway, which just reopened after last month’s devastating Palisades Fire, is closing again Tuesday due to concerns about potential mudslides, landslides and de… [+3340 chars]",,"Die Autobahn an der Pazifikküste wurde Tage nach der Wiedereröffnung aufgrund von Schlammlawinen und Überschwemmungsgefahr geschlossen. Der Pacific Coast Highway in Malibu, der gerade erst nach dem verheerenden Palisades-Feuer im letzten Monat wieder geöffnet wurde, ist am Dienstag erneut gesperrt, da Bedenken hinsichtlich möglicher Schlammlawinen, Erdrutsche und Trümmerströme aufgrund eines längeren atmosphärischen Flussereignisses bestehen.","Pacific Coast highway closed days after reopening amid mudslide, flooding threats. Malibu's Pacific Coast Highway, which just reopened after last month's devastating Palisades Fire, is closing again Tuesday due to concerns about potential mudslides, landslides and debris flows from a prolonged atmospheric river event.","Via Pacifica Coast clausis diebus post refricare inter limosas minas inundare. Malibu's via Pacifici, quae post ultimum mensem Palisades Ignis vastando fodit, iterum occlusit Martis ob curas de potentiale luto, prolapsa et strages ex diuturno eventu fluminis atmosphaerici manat.",2026-01-09 04:06:59+00:00
20012305d484ab57fb5e3cccd82acb62,2025-02-04T17:50:01Z,'flooding rain',www.newsweek.com,en,0.0,California's Russian River Expected to Flood After Atmospheric River Rain,"The NWS says excessive rainfall is expected to cause flooding along the Russian River, affecting roadways and agricultural land.",https://www.newsweek.com/san-francisco-weather-forecast-flooding-russian-river-2025996,https://d.newsweek.com/en/full/2580899/san-francisco-weather.png,,"The Russian River near Hopland in Mendocino County, California, is expected to flood following heavy rainfall from an atmospheric river storm, the National Weather Service reports.
A flood advisory … [+2769 chars]",,"Kaliforniens Russian River wird nach atmosphärischem Flussregen voraussichtlich überschwemmt. Die NWS geht davon aus, dass übermäßige Regenfälle zu Überschwemmungen entlang des Russian River führen und Straßen und landwirtschaftliche Flächen beeinträchtigen werden.","California's Russian River Expected to Flood After Atmospheric River Rain. The NWS says excessive rainfall is expected to cause flooding along the Russian River, affecting roadways and agricultural land.","California's Russian River Expectatur to Diluvium After Atmosphaeric River Rain. In NWS dicit nimiam pluviam exspectari ut inundationem per flumen Russicum, viae et terram colendi afficiens.",2026-01-09 04:06:59+00:00
74bb9090f1a7d6cc234eb1b186723c52,2025-02-04T18:16:09Z,'flooding',www.breitbart.com,en,0.0,Establishment Media Whine Donald Trump Is Flooding the Zone: 'Nightmare over and over Again',"President Donald Trump is flooding the zone with swift action that is overwhelming the establishment media, which appears unable, ill-equipped, or too lazy to report the flurry of activity. 
The post Establishment Media Whine Donald Trump Is Flooding the Zone…",https://www.breitbart.com/politics/2025/02/04/establishment-media-whine-donald-trump-is-flooding-the-zone-nightmare-over-and-over-again/,https://media.breitbart.com/media/2025/02/GettyImages-2196938246-640x335.jpg,http://archive.md/20250204182654/https://www.breitbart.com/politics/2025/02/04/establishment-media-whine-donald-trump-is-flooding-the-zone-nightmare-over-and-over-again/,"President Donald Trump is flooding the zone with swift action that is overwhelming the establishment media, which appears unable, ill-equipped, or too lazy to report the flurry of activity.
Opinioni… [+3688 chars]",,"Establishment-Medien jammern darüber, dass Donald Trump die Zone überschwemmt: „Immer wieder ein Albtraum“. Präsident Donald Trump überschwemmt die Zone mit schnellen Maßnahmen, die die etablierten Medien überfordern, die offenbar nicht in der Lage, schlecht ausgerüstet oder zu faul sind, über die Hektik der Aktivitäten zu berichten. 
Der Beitrag Das Jammern der etablierten Medien über Donald Trump überschwemmt die Zone …","Establishment Media Whine Donald Trump Is Flooding the Zone: 'Nightmare over and over Again'. President Donald Trump is flooding the zone with swift action that is overwhelming the establishment media, which appears unable, ill-equipped, or too lazy to report the flurry of activity. 
The post Establishment Media Whine Donald Trump Is Flooding the Zone…","De instauratione Media Whin Donald BUCINUM Zonam inundat: 'Tantibus iterum atque iterum'. Praeses Donald Trump zonam celeri actione inundat quae instrumentorum instaurationis opprimit, quae nequeat, male instructa, aut nimis piger ad tumultum actionis referre videtur. 
Post De instauratione Media Whinne Donald BUCINUM Zonam inundat ...",2026-01-09 04:06:59+00:00
b62f631793e17e9113489ab805645c42,2025-02-04T21:59:17Z,'flooding',www.sfgate.com,en,0.0,"Northern California roads flood, prompting closures as heavy winter storm picks up","Highway 1 in Marin County has partially closed because of flooding, the California Highway Patrol said.",https://www.sfgate.com/bayarea/article/norcal-roads-flood-prompting-closures-heavy-20146895.php,https://s.hdnux.com/photos/01/47/12/70/27045408/3/rawImage.jpg,,"Highway 1 is partially closed because of flooding, CHP says.
California Highway Patrol
A portion of Highway 1 in Marin County closed Tuesday because of flooding during a strengthening atmospheric r… [+1374 chars]",,"Straßen in Nordkalifornien werden überschwemmt, was zu Sperrungen führt, da ein heftiger Wintersturm zunimmt. Der Highway 1 im Marin County sei wegen Überschwemmungen teilweise gesperrt, teilte die California Highway Patrol mit.","Northern California roads flood, prompting closures as heavy winter storm picks up. Highway 1 in Marin County has partially closed because of flooding, the California Highway Patrol said.","Viae Californiae septentrionalis inundatio, commissuras monentes sicut tempestas hiemis gravis colligit. Via 1 in Comitatu Marin partim clausa propter inundationem, Highway Patrol Californiae dixit.",2026-01-09 04:06:59+00:00
419d3bdbb3667820392d7dca45e9aa63,2025-02-05T00:36:10Z,'flooding house',punchng.com,en,0.0,Flooding: FG okays N80bn for Borno dam repairs,"The Federal Executive Council, on Tuesday, got interim reports on the integrity of 35 dams across the country and approved N80bn for the immediate reconstruction and expansion of the Alau Dam in Borno State. The Minister of Water Resources and Sanitation, Pro…",https://punchng.com/flooding-fg-okays-n80bn-for-borno-dam-repairs/,https://cdn.punchng.com/wp-content/uploads/2025/02/05021836/Alau-Dam.jpg,https://web.archive.org/web/20250208184108/https://punchng.com/flooding-fg-okays-n80bn-for-borno-dam-repairs/,"The Federal Executive Council, on Tuesday, got interim reports on the integrity of 35 dams across the country and approved N80bn for the immediate reconstruction and expansion of the Alau Dam in Born… [+5094 chars]",,"Überschwemmung: FG genehmigt N80 Mrd. für Reparaturen am Borno-Staudamm. Der Bundesvorstand hat am Dienstag Zwischenberichte über die Integrität von 35 Staudämmen im ganzen Land eingeholt und 80 Mrd. Naira für den sofortigen Wiederaufbau und die Erweiterung des Alau-Staudamms im Bundesstaat Borno genehmigt. Der Minister für Wasserressourcen und Abwasserentsorgung, Pro…","Flooding: FG okays N80bn for Borno dam repairs. The Federal Executive Council, on Tuesday, got interim reports on the integrity of 35 dams across the country and approved N80bn for the immediate reconstruction and expansion of the Alau Dam in Borno State. The Minister of Water Resources and Sanitation, Pro…","Inundatio: FG okays N80bn pro Borno matre reparationibus. Consilium Foederatum Executive, die Martis, nuntiis interim de integritate 35 matrium per patriam obtinuit et N80bn approbavit ad proximum refectionem et expansionem Alau Dam in Civitate Borno. Minister Aquarum Resources et Sanitationis, Pro…",2026-01-09 04:06:59+00:00
cb3148489d7cea48e41edbb02b799820,2025-02-05T01:35:02Z,'flooding climate change',www.businessinsider.com,en,0.0,"We moved from Iowa to Oregon after floods devastated our hometown. It was a hard move, but we don't regret it.","In 2008 a flood devastated eastern Iowa. We became climate crisis movers, and decided to relocate to Oregon.",https://www.businessinsider.com/moved-from-iowa-to-oregon-because-of-climate-crisis-2025-2,https://i.insider.com/67a0e3ccbfebcc4d029d86b8?width=1200&format=jpeg,http://archive.md/20250205193615/https://www.businessinsider.com/moved-from-iowa-to-oregon-because-of-climate-crisis-2025-2,"The author and her family moved from Iowa to Oregon after the floods in 2008.Halfpoint Images/Getty Images
<ul><li>In 2008, my husband and I decided to move from Iowa to Oregon. </li><li>We picked O… [+5971 chars]",,"Wir zogen von Iowa nach Oregon, nachdem Überschwemmungen unsere Heimatstadt verwüstet hatten. Es war ein harter Schritt, aber wir bereuen ihn nicht. Im Jahr 2008 verwüstete eine Überschwemmung Ost-Iowa. Wir wurden zu Vorreitern der Klimakrise und beschlossen, nach Oregon zu ziehen.","We moved from Iowa to Oregon after floods devastated our hometown. It was a hard move, but we don't regret it.. In 2008 a flood devastated eastern Iowa. We became climate crisis movers, and decided to relocate to Oregon.","Ab Iowa ad Oregon venimus postquam inundationes patriam nostram devastarunt. Gravis motus erat, sed non paenitemus.. In 2008 diluvium devastatum est Iowa orientem. Discrimen motorum climatis facti sumus et Oregon relocare decrevimus.",2026-01-09 04:06:59+00:00
cb1e44bb34c41c9eb2f4a5931052b22c,2025-02-05T04:02:00Z,'flooding',www.thestar.com.my,en,0.0,"Floods: Not enough funds to keep KK drains clear all the time, says Kitingan","KOTA KINABALU: Efforts are made regularly to clear drains of debris and mitigate long-standing issues of flooding in the city and the neighbouring Penampang and Putatan districts, says Datuk Seri Dr Jeffrey Kitingan. Read full story",https://www.thestar.com.my/news/nation/2025/02/05/floods-not-enough-funds-to-keep-kk-drains-clear-all-the-time-says-kitingan,https://apicms.thestar.com.my/uploads/images/2025/02/05/3152047.jpg,,"KOTA KINABALU: Efforts are made regularly to clear drains of debris and mitigate long-standing issues of flooding in the city and the neighbouring Penampang and Putatan districts, says Datuk Seri Dr … [+2240 chars]",,"Überschwemmungen: Nicht genügend Mittel, um die Abflüsse von KK ständig frei zu halten, sagt Kitingan. KOTA KINABALU: Es werden regelmäßig Anstrengungen unternommen, um Abflüsse von Trümmern zu befreien und seit langem bestehende Überschwemmungsprobleme in der Stadt und den benachbarten Bezirken Penampang und Putatan zu mildern, sagt Datuk Seri Dr. Jeffrey Kitingan. Lesen Sie die ganze Geschichte","Floods: Not enough funds to keep KK drains clear all the time, says Kitingan. KOTA KINABALU: Efforts are made regularly to clear drains of debris and mitigate long-standing issues of flooding in the city and the neighbouring Penampang and Putatan districts, says Datuk Seri Dr Jeffrey Kitingan. Read full story","Inundationes: Non satis pecunia ad custodiam KK exhaurit omni tempore purgare, dicit Kitingan. KOTA KINABALU: Conatus assidue fiunt ad purgandas fossas strages et quaestiones diuturnas inundationis in urbe et vicinis regionibus Penampang et Putatan mitigant, dicit Datuk Seri Dr Jeffrey Kitingan. Read full story",2026-01-09 04:06:59+00:00
ef7552ac4f57760afc908f170a11769f,2025-02-05T04:40:45Z,'flooding evacuation',freerepublic.com,en,0.0,Over 20 evacuation warnings issued in Tehama County due to flooding risks,"TEHAMA COUNTY, Calif. - Tehama County has issued over 20 evacuation warnings in response to rising flood risks. The warnings have been prompted by expected water releases from local dams, which are expected to cause flooding along the Sacramento River tonight…",https://freerepublic.com/focus/f-news/4295099/posts,,,"Skip to comments.
Over 20 evacuation warnings issued in Tehama County due to flooding risksAction News Now ^
 | 2/4/2025
 | Matt Wreden
Posted on 02/04/2025 8:40:45 PM PST by cuz1961
TEHAMA COUN… [+1807 chars]",,"Über 20 Evakuierungswarnungen im Tehama County wegen Überschwemmungsgefahr. TEHAMA COUNTY, Kalifornien – Der Landkreis Tehama hat als Reaktion auf die zunehmende Überschwemmungsgefahr über 20 Evakuierungswarnungen herausgegeben. Die Warnungen wurden durch erwartete Wasserfreisetzungen aus örtlichen Dämmen ausgelöst, die heute Abend voraussichtlich zu Überschwemmungen entlang des Sacramento River führen werden …","Over 20 evacuation warnings issued in Tehama County due to flooding risks. TEHAMA COUNTY, Calif. - Tehama County has issued over 20 evacuation warnings in response to rising flood risks. The warnings have been prompted by expected water releases from local dams, which are expected to cause flooding along the Sacramento River tonight…","Plus XX admonitiones evacuationis editas in Comitatu Tehama ob inundationes periculorum. Tehama County, Calif. Monitiones aquae expectatae emissionum ex matribus localibus excitatae sunt, quae exspectantur ut inundationem per Sacramento Fluminis hac nocte.",2026-01-09 04:06:59+00:00
3fb3d9708016340d859221aa8d1bee02,2025-02-05T22:14:35Z,'flooding',abcnews.go.com,en,0.0,North Carolina lawmakers propose next Helene package that's half the price of the governor's,North Carolina Republicans have unveiled their initial attempt this year to boost recovery funding for Hurricane Helene’s historic flooding,https://abcnews.go.com/US/wireStory/north-carolina-lawmakers-propose-helene-package-half-price-118505864,https://i.abcnewsfe.com/a/c5a0ba34-97bb-4218-af6a-646117faba9e/wirestory_b26dbad77c6a365a13c578eda001e47e_16x9.jpg?w=1600,,"RALEIGH, N.C. -- North Carolina Republican lawmakers on Wednesday unveiled their initial attempt this year to boost recovery funding for Hurricane Helene's historic flooding, proposing new spending t… [+4012 chars]",,"Die Gesetzgeber von North Carolina schlagen das nächste Helene-Paket vor, das halb so viel kostet wie das des Gouverneurs. Die Republikaner von North Carolina haben in diesem Jahr ihren ersten Versuch bekannt gegeben, die Wiederaufbaufinanzierung für die historische Überschwemmung durch Hurrikan Helene aufzustocken",North Carolina lawmakers propose next Helene package that's half the price of the governor's. North Carolina Republicans have unveiled their initial attempt this year to boost recovery funding for Hurricane Helene’s historic flooding,Legislatores Carolina Septentrionalis proximam sarcinam Helene proponunt quod dimidium pretii praesidis est. Reipublicani North Carolina hoc anno suum initium detexerunt ut boost recuperatio sumptui historicae inundationis pro Hurricane Helene,2026-01-09 04:06:59+00:00
074f9ddaefbe49a0fe0afdcc9b551d11,2025-02-06T00:18:44Z,'flooding',www.abc.net.au,en,0.0,Distressed residents start clearing out their flooded Queensland homes,"Almost 1.5 metres of rain fell on the town of Cardwell in the first five days of February, causing flooding to 70 homes.",https://www.abc.net.au/news/2025-02-06/far-north-queensland-cardwell-flood-clean-up-long-recovery/104902478,https://live-production.wcms.abc-cdn.net.au/e46c151e72036d9740bb8ca6042abfba?impolicy=wcms_watermark_news&cropH=2504&cropW=4451&xPos=0&yPos=294&width=862&height=485&imformat=generic,https://web.archive.org/web/20250207193618/https://www.abc.net.au/news/2025-02-06/far-north-queensland-cardwell-flood-clean-up-long-recovery/104902478,"Residents in the Far North Queensland town of Cardwell are banding together to clean up ruined possessions and sweep thick mud from their homes after experiencing one of the region's worst floods.
A… [+5037 chars]",,"Bedrängte Bewohner beginnen mit der Räumung ihrer überschwemmten Häuser in Queensland. In den ersten fünf Februartagen fielen fast 1,5 Meter Regen auf die Stadt Cardwell und führten zu Überschwemmungen in 70 Häusern.","Distressed residents start clearing out their flooded Queensland homes. Almost 1.5 metres of rain fell on the town of Cardwell in the first five days of February, causing flooding to 70 homes.","Miseri incolas initium purgandi domos Reginensis inundationes suas. Fere 1.5 metra pluviae in oppidum Cardwell ceciderunt primis quinque diebus mensis Februarii, inundationem ad 70 domos causantes.",2026-01-09 04:06:59+00:00
5b72d20242f1598dba45ac7408eda846,2025-02-06T03:59:00Z,'flooding area',www.thestar.com.my,en,0.0,"Watch out for more floods, Bintulu residents told",BINTULU: Residents of Bintulu are advised to remain vigilant and prepared for the possibility of further flooding in the area. Read full story,https://www.thestar.com.my/news/nation/2025/02/06/watch-out-for-more-floods-bintulu-residents-told,https://apicms.thestar.com.my/uploads/images/2025/02/06/3153923.JPG,,"BINTULU: Residents of Bintulu are advised to remain vigilant and prepared for the possibility of further flooding in the area.
Bintulu Zone 5 Fire and Rescue Department chief Wan Kamarudin Wan Ahmad… [+1101 chars]",,"Achten Sie auf weitere Überschwemmungen, sagten die Bewohner von Bintulu. BINTULU: Den Bewohnern von Bintulu wird empfohlen, wachsam zu bleiben und sich auf die Möglichkeit weiterer Überschwemmungen in der Gegend vorzubereiten. Lesen Sie die ganze Geschichte","Watch out for more floods, Bintulu residents told. BINTULU: Residents of Bintulu are advised to remain vigilant and prepared for the possibility of further flooding in the area. Read full story","Plures inundationes cavete, Bintulu incolas narraverunt. BINTULU: Residentes Bintulu admonentur ut vigiles maneant et praeparati possibilitatem ulterioris inundationis in area. Read full story",2026-01-09 04:06:59+00:00
5f6fdcc054c8c8722019a6b09e3415f6,2025-02-06T07:08:58Z,'flooding storm',kyweathercenter.com,en,0.0,Severe Storms and Flooding Kick Off a Busy Pattern,"Good Thursday, everyone. Heavy rain and severe storms are with us to start the day as our very active February. This pattern is likely to turn downright ugly next week with snow, ice and flooding rains all on the table across our region. Today starts with the…",https://kyweathercenter.com/?p=69776,,,"Good Thursday, everyone. Heavy rain and severe storms are with us to start the day as our very active February. This pattern is likely to turn downright ugly next week with snow, ice and flooding rai… [+2052 chars]",,"Schwere Stürme und Überschwemmungen lösen ein geschäftiges Muster aus. Guten Donnerstag, alle zusammen. Starker Regen und heftige Stürme begleiten uns, um den Tag als unseren sehr aktiven Februar zu beginnen. Dieses Muster wird sich nächste Woche wahrscheinlich geradezu hässlich entwickeln, da in unserer Region Schnee, Eis und heftige Regenfälle auf der Tagesordnung stehen. Der heutige Tag beginnt mit dem…","Severe Storms and Flooding Kick Off a Busy Pattern. Good Thursday, everyone. Heavy rain and severe storms are with us to start the day as our very active February. This pattern is likely to turn downright ugly next week with snow, ice and flooding rains all on the table across our region. Today starts with the…","Procellae graves et inundatio calcitrare Occupata Exemplum off. Feria Quinta in Cena Domini, omnes. Imbres graves et graves tempestates nobiscum sunt ut diem incipiant sicut Februarius noster acerrimus. Praefecti verisimile est turpissimam altera septimana nix, glacies et imbres inundantes omnes in mensa per regionem nostram converti. Hodie incipit cum…",2026-01-09 04:06:59+00:00
1991f9946066655949dd12f62e3e0bbe,2025-02-06T11:00:00Z,'flooding house',www.msnbc.com,en,0.0,Democrats will not let Trump go unchallenged. Here's how we plan to fight back.,Donald Trump is flooding the zone with one outrageous Project 25 plan after another. But we will not let these attacks on our democracy go unchallenged.,https://www.msnbc.com/opinion/msnbc-opinion/trump-project-2025-democrats-fight-rcna190846,"https://media-cldnry.s-nbcnews.com/image/upload/t_nbcnews-fp-1200-630,f_auto,q_auto:best/rockcms/2025-02/250205-Gerry-Connolly-ch-1346-488a0a.jpg",https://web.archive.org/web/20250206203928/https://www.msnbc.com/opinion/msnbc-opinion/trump-project-2025-democrats-fight-rcna190846,"Donald Trump spent much of the campaign season running away from Project 2025. In disavowal after disavowal, he lied to the American public about his support for the deeply unpopular agenda. Now, Pro… [+5632 chars]",,Die Demokraten werden Trump nicht unangefochten lassen. So wollen wir uns wehren: Donald Trump überschwemmt die Zone mit einem ungeheuerlichen Projekt-25-Plan nach dem anderen. Aber wir werden diese Angriffe auf unsere Demokratie nicht unangefochten zulassen.,Democrats will not let Trump go unchallenged. Here's how we plan to fight back.. Donald Trump is flooding the zone with one outrageous Project 25 plan after another. But we will not let these attacks on our democracy go unchallenged.,Democratae non dimittet BUCINUM tulisse. Ecce quomodo pugnare retro cogitamus. Donald Trump zonam inundat cum uno flagitioso Project 25 consilio post alterum. Sed hos impetus in democratiam nostram non remittemus.,2026-01-09 04:06:59+00:00
8020da716de0bca847e4c88cba1a6f8e,2025-02-06T16:00:00Z,'flooding victims',www.thestar.com.my,en,0.0,"Floods still a threat, Bintulu folk warned",BINTULU: Residents here have been advised to remain vigilant and be prepared for the possibility of further flooding. Read full story,https://www.thestar.com.my/news/nation/2025/02/07/floods-still-a-threat-bintulu-folk-warned,https://apicms.thestar.com.my/uploads/images/2025/02/07/3155242.jpg,,"BINTULU: Residents here have been advised to remain vigilant and be prepared for the possibility of further flooding.
Bintulu Zone 5 Fire and Rescue Department (JBPM) chief Wan Kamarudin Wan Ahmad s… [+1006 chars]",,"Überschwemmungen seien immer noch eine Gefahr, warnten Einwohner von Bintulu. BINTULU: Den Bewohnern hier wurde geraten, wachsam zu bleiben und auf die Möglichkeit weiterer Überschwemmungen vorbereitet zu sein. Lesen Sie die ganze Geschichte","Floods still a threat, Bintulu folk warned. BINTULU: Residents here have been advised to remain vigilant and be prepared for the possibility of further flooding. Read full story","Flumina adhuc minax, Bintulu vulgares admonuit. BINTULU: Residentes hic moniti sunt ut vigilantes maneant et ad ulterioris inundationis possibilitatem praeparentur. Read full story",2026-01-09 04:06:59+00:00
a3cf0c26878d67a065e03efd932fee4f,2025-02-06T17:22:08Z,'flooding precipitation',kyweathercenter.com,en,0.0,This Is a Very Ugly Setup,"Good afternoon, everyone. Flooding rains and severe storms blasted the Bluegrass state overnight into this morning and we have another round on the way later today. This is part of a very busy setup that turns even uglier next week with snow, ice and flooding…",https://kyweathercenter.com/?p=69786,,,"Good afternoon, everyone. Flooding rains and severe storms blasted the Bluegrass state overnight into this morning and we have another round on the way later today. This is part of a very busy setup … [+1524 chars]",,"Das ist ein sehr hässliches Setup. Guten Tag, alle zusammen. Überschwemmungen und schwere Stürme haben den Bluegrass-Staat über Nacht bis heute Morgen verwüstet, und wir haben später heute eine weitere Runde auf dem Weg. Dies ist Teil einer sehr geschäftigen Angelegenheit, die nächste Woche mit Schnee, Eis und Überschwemmungen noch schlimmer wird …","This Is a Very Ugly Setup. Good afternoon, everyone. Flooding rains and severe storms blasted the Bluegrass state overnight into this morning and we have another round on the way later today. This is part of a very busy setup that turns even uglier next week with snow, ice and flooding…","Hoc turpis valde PRAEFIXUS. Salve, omnes. Inundationes pluviae et tempestates graves Bluegrass pernoctare in hanc mane urebant et aliam in via postea hodie habemus. Haec pars est valde occupatus setup quod altera septimana nivis, glaciei et inundationis volvitur etiam deformius.",2026-01-09 04:06:59+00:00
14136831b55e5068515f0f92f6eff653,2025-02-07T02:16:00Z,'flooding relief',www.thestar.com.my,en,0.0,"Flood situation in Sabah, Sarawak slightly worsens Friday morning","KUALA LUMPUR: The number of individuals displaced by flooding in Sarawak and Sabah continues to rise, with a total of 5,313 evacuees now taking shelter in temporary relief centres across both states as of 8am on Friday. Read full story",https://www.thestar.com.my/news/nation/2025/02/07/flood-situation-in-sabah-sarawak-slightly-worsens-friday-morning,https://apicms.thestar.com.my/uploads/images/2025/02/07/3155580.jpg,,"KUALA LUMPUR: The number of individuals displaced by flooding in Sarawak and Sabah continues to rise, with a total of 5,313 evacuees now taking shelter in temporary relief centres across both states … [+1374 chars]",,"Die Überschwemmungssituation in Sabah, Sarawak, verschlechtert sich am Freitagmorgen leicht. KUALA LUMPUR: Die Zahl der durch Überschwemmungen in Sarawak und Sabah vertriebenen Personen steigt weiter an. Seit Freitag, 8 Uhr morgens, suchen insgesamt 5.313 Evakuierte in provisorischen Hilfszentren in beiden Bundesstaaten Zuflucht. Lesen Sie die ganze Geschichte","Flood situation in Sabah, Sarawak slightly worsens Friday morning. KUALA LUMPUR: The number of individuals displaced by flooding in Sarawak and Sabah continues to rise, with a total of 5,313 evacuees now taking shelter in temporary relief centres across both states as of 8am on Friday. Read full story","Diluvium situm in Sabah, Sarawak mane Veneris leviter gravescit. KUALA LUMPUR: Numerus hominum ab inundatione in Sarawak et Sabah mota pergit oriri, cum summa 5.313 evacuationes nunc in subsidiis temporalibus centris transfretantibus tam 8am quam Veneris die sese recipiebant. Read full story",2026-01-09 04:06:59+00:00
3c3ef9f0485dcb6c053bc189f941884a,2025-02-07T08:00:59Z,'flooding house',www.npr.org,en,0.0,"Why is Trump ""Flooding the Zone?""","Have you been dodging the news lately? Feeling a familiar sense of info fatigue creeping in? You're not alone. This week, Brittany is joined by NPR's White House reporter Danielle Kurtzleben and The Atlantic's Jonathan Lemire to unpack the Trump administratio…",https://www.npr.org/2025/02/07/1229744815/its-been-a-minute-trump-flood-the-zone,https://media.npr.org/assets/img/2025/02/06/3-1-_wide-394aff7af08bf6f0904e05e9d8b189e41e455265.jpg?s=1400&c=100&f=jpeg,,"US President Donald Trump signs an executive order on January 23, 2025.
ROBERTO SCHMIDT/AFP via Getty Images
Have you been dodging the news lately? Feeling a familiar sense of info fatigue creeping… [+522 chars]",,"Warum „überschwemmt“ Trump die Zone? Sind Sie den Nachrichten in letzter Zeit ausgewichen? Spüren Sie, wie sich ein vertrautes Gefühl der Informationsmüdigkeit einschleicht? Du bist nicht allein. Diese Woche wird Brittany von der Reporterin des Weißen Hauses von NPR, Danielle Kurtzleben, und Jonathan Lemire von The Atlantic begleitet, um die Trump-Administration zu enthüllen …","Why is Trump ""Flooding the Zone?"". Have you been dodging the news lately? Feeling a familiar sense of info fatigue creeping in? You're not alone. This week, Brittany is joined by NPR's White House reporter Danielle Kurtzleben and The Atlantic's Jonathan Lemire to unpack the Trump administratio…","Cur Trump ""inundatio Zonam?"". Fuistine evadentes nuntium nuper? Sententia nota sensus info lassitudine subrepens? Non es solus. Hac septimana Britannica coniungitur notario Domus Albae NPR Danielle Kurtzleben et Ionathan Lemire Atlantici ad administratio tubam solvendam.",2026-01-09 04:06:59+00:00
682d4cee6a149073dce8b6eadea3c8c7,2025-02-07T12:05:22Z,'flooding weather',time.com,en,0.0,Winter Storms Bring Flooding and ‘Thunder Ice’ in Several U.S. States,"Multiple drivers had to be rescued after getting stranded in the floodwaters, authorities in West Virginia said.",https://time.com/7213724/winter-storms-bring-flooding-thunder-ice-several-us-states/,https://api.time.com/wp-content/uploads/2025/02/AP25037677331981.jpg?quality=85&w=1200&h=628&crop=1,https://web.archive.org/web/20250207231654/https://time.com/7213724/winter-storms-bring-flooding-thunder-ice-several-us-states/,"CHARLESTON, W.Va. Storms spawned at least one brief tornado, sent creeks over their banks and caused flash flooding Thursday in portions of West Virginia and Kentucky, while a wintry mix coated trees… [+3011 chars]",,"Winterstürme führen in mehreren US-Bundesstaaten zu Überschwemmungen und „Donnereis“. Mehrere Fahrer mussten gerettet werden, nachdem sie im Hochwasser gestrandet waren, teilten die Behörden in West Virginia mit.","Winter Storms Bring Flooding and ‘Thunder Ice’ in Several U.S. States. Multiple drivers had to be rescued after getting stranded in the floodwaters, authorities in West Virginia said.","Tempestates hiemales Confer Diluvium et 'Thunder Ice' in pluribus Americae Foederatis. Multiplices rectores se liberandum esse, postquam in diluviis deducti sunt, auctores in Virginia West dixit.",2026-01-09 04:06:59+00:00
66b3f06c602e86d46eba38d3ff4bda8a,2025-02-07T14:00:58Z,'flooding',www.insurancejournal.com,en,0.0,North Carolina Lawmakers Pitch Much Smaller Helene Recovery Package,"RALEIGH, N.C. (AP) — North Carolina Republican lawmakers this week unveiled their initial attempt this year to provide recovery funding for Hurricane Helene’s historic flooding, proposing new spending that totals less than half of what new Democratic Gov. Jos…",https://www.insurancejournal.com/news/southeast/2025/02/07/811208.htm,https://www.insurancejournal.com/app/uploads/2025/02/AP25030624626399.jpg,https://web.archive.org/web/20250207184852/https://www.insurancejournal.com/news/southeast/2025/02/07/811208.htm,"RALEIGH, N.C. (AP) North Carolina Republican lawmakers this week unveiled their initial attempt this year to provide recovery funding for Hurricane Helene’s historic flooding, proposing new spending … [+4213 chars]",,"Die Gesetzgeber von North Carolina schlagen ein viel kleineres Helene-Konjunkturpaket vor. RALEIGH, N.C. (AP) – Die republikanischen Gesetzgeber von North Carolina stellten diese Woche ihren ersten Versuch in diesem Jahr vor, Mittel für den Wiederaufbau nach den historischen Überschwemmungen durch Hurrikan Helene bereitzustellen, und schlugen neue Ausgaben vor, die insgesamt weniger als die Hälfte dessen ausmachen, was der neue demokratische Gouverneur Jos…","North Carolina Lawmakers Pitch Much Smaller Helene Recovery Package. RALEIGH, N.C. (AP) — North Carolina Republican lawmakers this week unveiled their initial attempt this year to provide recovery funding for Hurricane Helene’s historic flooding, proposing new spending that totals less than half of what new Democratic Gov. Jos…","North Carolina Legumlatorum Pix Multo Minoris Helene Recuperatio Sarcina. RALEIGH, N.C. (AP) — Legumlatores Republicani Septentrionalis Carolina hoc anno inceptivum suum initialem hoc anno revelaverunt ad recuperandum sumptuum historicum inundationem pro Hurricane Helene, proponentes novum expendendo totum minus quam dimidium cuius novae Gov Democraticae Gov. Jos...",2026-01-09 04:06:59+00:00
6b55567c5625eb48f9ff25b8e5bce9b2,2025-02-07T16:00:00Z,'floods',www.thestar.com.my,en,0.0,Floods affect wildlife too,"KOTA KINABALU: During disasters such as floods, there is a tendency to forget about what is happening with wildlife species as people prioritise their own safety and try to recover property losses. Read full story",https://www.thestar.com.my/news/nation/2025/02/08/floods-affect-wildlife-too,https://apicms.thestar.com.my/uploads/images/2025/02/08/3157324.jpg,,"Expert: Maintain forests, corridors to limit animal encroachment
KOTA KINABALU: During disasters such as floods, there is a tendency to forget about what is happening with wildlife species as people… [+2557 chars]",,"Überschwemmungen wirken sich auch auf die Tierwelt aus. KOTA KINABALU: Bei Katastrophen wie Überschwemmungen besteht die Tendenz, zu vergessen, was mit Wildtierarten passiert, da die eigene Sicherheit für die Menschen oberste Priorität hat und sie versuchen, Verluste durch Eigentum auszugleichen. Lesen Sie die ganze Geschichte","Floods affect wildlife too. KOTA KINABALU: During disasters such as floods, there is a tendency to forget about what is happening with wildlife species as people prioritise their own safety and try to recover property losses. Read full story","Flumina etiam truculenter afficiunt. KOTA KINABALU: In calamitatibus sicut inundationibus, propensio est oblivisci circa ea quae in speciebus truculentis fiunt sicut homines suam salutem prioritizare et damna possessionum recuperare conantur. Read full story",2026-01-09 04:06:59+00:00
6bac066d8bd19cbfed18b678e163a0ef,2025-02-07T17:04:51Z,'flooding insurance',www.cbc.ca,en,0.0,"Canada is pushing to build more homes. Many could end up in the path of floods, fire, report warns","With the push on to build more housing in Canada, new research is warning that tens of thousands of those homes could be built in flood- and fire-prone areas if governments don't step in.",https://www.cbc.ca/news/science/climate-risk-housing-1.7452824,https://i.cbc.ca/1.7452833.1738881564!/fileImage/httpImage/image.JPG_gen/derivatives/16x9_1180/toronto-flooding-20200708.JPG?im=Resize%3D620,,"With the push on to build more housing in Canada, new research is warning that tens of thousands of those homes could be built in flood- and fire-prone areas if governments don't step in.
The report… [+6683 chars]",,"Kanada drängt darauf, mehr Häuser zu bauen. Viele könnten in die Gefahrenzone von Überschwemmungen und Bränden geraten, warnt der Bericht. Angesichts der zunehmenden Bestrebungen, in Kanada mehr Wohnungen zu bauen, warnen neue Untersuchungen, dass Zehntausende dieser Häuser in überschwemmungs- und feuergefährdeten Gebieten gebaut werden könnten, wenn die Regierungen nicht eingreifen.","Canada is pushing to build more homes. Many could end up in the path of floods, fire, report warns. With the push on to build more housing in Canada, new research is warning that tens of thousands of those homes could be built in flood- and fire-prone areas if governments don't step in.","Canada plures domos aedificare nititur. Semita fluminum multos finire posse, ignis, fama monet. Impulsu ad maiorem habitationem in Canada aedificandam, nova investigatio monet ut decem milia domorum illarum in diluvio et pronis locis aedificari possint, si imperia non ingrediantur.",2026-01-09 04:06:59+00:00
63b86f6c8a02603f44ab96b932ae3a3e,2025-02-07T19:44:27Z,'floods',science.nasa.gov,en,0.0,February’s Night Sky Notes: How Can You Help Curb Light Pollution?,"Light pollution has long troubled astronomers, who generally shy away from deep sky observing under full Moon skies. The natural light from a bright Moon floods the sky and hides views of the Milky Way, dim galaxies and nebula, and shooting stars. In recent y…",https://science.nasa.gov/solar-system/skywatching/night-sky-network/februarys-night-sky-notes-how-can-you-help-curb-light-pollution/,https://science.nasa.gov/wp-content/uploads/2023/01/istock-169992600-jpg.webp,,"Light pollution has long troubled astronomers, who generally shy away from deep sky observing under full Moon skies. The natural light from a bright Moon floods the sky and hides views of the Milky W… [+4906 chars]",,"Hinweise zum Nachthimmel vom Februar: Wie können Sie dazu beitragen, die Lichtverschmutzung einzudämmen? Die Lichtverschmutzung bereitet Astronomen seit langem Sorgen, da sie im Allgemeinen vor Deep-Sky-Beobachtungen bei Vollmondhimmel zurückschrecken. Das natürliche Licht eines hellen Mondes durchflutet den Himmel und verbirgt den Blick auf die Milchstraße, dunkle Galaxien und Nebel sowie Sternschnuppen. In den letzten Jahren…","February’s Night Sky Notes: How Can You Help Curb Light Pollution?. Light pollution has long troubled astronomers, who generally shy away from deep sky observing under full Moon skies. The natural light from a bright Moon floods the sky and hides views of the Milky Way, dim galaxies and nebula, and shooting stars. In recent y…","Februarius Caelum Nocte Diei Praecipua: Quomodo Potes adiuvare Curb Lux Pollutionis? Lux polluta diu vexavit astrologos, qui plerumque fugiunt caelo plenis lunae sub caelis servatis altis. Lumen naturale e lucida Luna coelum inundat, et lacteae viae opiniones occultat, galaxiae caliginosae et nebulae, et stellarum fusa. Nuper y…",2026-01-09 04:06:59+00:00
3be40cc032a93e55fc5bca1eafc1029f,2025-02-07T21:09:10Z,'flooding disruption',www.abc.net.au,en,0.0,North Queensland bananas selling at a discount despite flooding,"Banana prices look likely to stay low, even if supply is temporarily disrupted by flooding.",https://www.abc.net.au/news/2025-02-08/discount-bananas-despite-north-queensland-floods/104908486,https://live-production.wcms.abc-cdn.net.au/c6e0a2c12cce84ec1ec061f5b4ffff76?impolicy=wcms_watermark_news&cropH=2173&cropW=3863&xPos=0&yPos=27&width=862&height=485&imformat=generic,https://web.archive.org/web/20250208031753/https://www.abc.net.au/news/2025-02-08/discount-bananas-despite-north-queensland-floods/104908486,"Banana lovers with long memories know all too well what flooding in North Queensland can mean for the price of the lunch box staple.
For more than a week the region that accounts for almost 95 per c… [+4623 chars]",,"Bananen aus Nord-Queensland werden trotz Überschwemmung mit einem Preisnachlass verkauft. Die Bananenpreise dürften niedrig bleiben, auch wenn die Versorgung vorübergehend durch Überschwemmungen unterbrochen wird.","North Queensland bananas selling at a discount despite flooding. Banana prices look likely to stay low, even if supply is temporarily disrupted by flooding.","North Queensland aliquet scelerisque varius dapibus at. Pretia fixa spectant verisimile humilis manere, etiamsi copia in inundatione ad tempus turbata sit.",2026-01-09 04:06:59+00:00
2218fe7bb14fcc85c72c4e358ea796b6,2025-02-07T21:50:27Z,'flooding',globalnews.ca,en,0.0,"‘I’ve had a couple of tears’: Families flee, repairs needed after emergency shelter floods | Globalnews.ca",A emergency shelter in Calgary for families fleeing domestic violence is facing a long and expensive list of repairs after it was hit by flooding twice in the past month.,https://globalnews.ca/news/11009094/families-leave-calgary-emergency-shelter-flooding/,https://globalnews.ca/wp-content/uploads/2025/02/flooding-hallway-and-laundry_1.jpg?quality=85&strip=all&w=720&h=379&crop=1,https://web.archive.org/web/20250207223139/https://globalnews.ca/news/11009094/families-leave-calgary-emergency-shelter-flooding/,"A Calgary emergency shelter is scrambling to find new accommodations for more than a dozen families fleeing domestic violence after it was hit by flooding twice in the past few weeks.
The shelter al… [+3455 chars]",,"„Ich hatte ein paar Tränen“: Familien fliehen, Reparaturen nach Überschwemmungen in Notunterkünften nötig | Globalnews.ca. Eine Notunterkunft in Calgary für Familien, die vor häuslicher Gewalt fliehen, steht vor einer langen und kostspieligen Reparaturliste, nachdem sie im vergangenen Monat zweimal von Überschwemmungen heimgesucht wurde.","‘I’ve had a couple of tears’: Families flee, repairs needed after emergency shelter floods | Globalnews.ca. A emergency shelter in Calgary for families fleeing domestic violence is facing a long and expensive list of repairs after it was hit by flooding twice in the past month.","'Fugiunt lacrimae': Familiae fugiunt, reparationes necessariae post inundationes subitis | Globalnews.ca. Subitis tegimen in Calgary pro familiis violentiam domesticam fugientem respicit longam et pretiosam reparationum indicem postquam bis inundatione ictus est mense praeterito.",2026-01-09 04:06:59+00:00
407c7665b33498f384888d4a64d2b4f3,2025-02-08T00:48:19Z,'flooding victims',www.abc.net.au,en,0.0,"Warning failures left Queensland disaster victims abandoned, report finds","As Queensland faces further flooding, a review into last year's severe weather season has found damning issues in accessing emergency services and support.",https://www.abc.net.au/news/2025-02-08/igem-report-qld-severe-weather-emergency-response-issues/104910682,https://live-production.wcms.abc-cdn.net.au/079a56a2923e837368d3fb98c86e0aba?impolicy=wcms_watermark_news&cropH=608&cropW=1080&xPos=0&yPos=0&width=862&height=485&imformat=generic,,"A damning review of the 2023-24 severe weather season has found a litany of communication and warning system problems, leaving communities feeling abandoned and frustrated.
The review revealed that … [+3776 chars]",,"Ein Bericht stellt fest, dass die Opfer der Katastrophe in Queensland aufgrund von Warnfehlern im Stich gelassen wurden. Da Queensland mit weiteren Überschwemmungen konfrontiert ist, hat ein Rückblick auf die Unwettersaison des letzten Jahres erhebliche Probleme beim Zugang zu Notdiensten und Unterstützung ergeben.","Warning failures left Queensland disaster victims abandoned, report finds. As Queensland faces further flooding, a review into last year's severe weather season has found damning issues in accessing emergency services and support.","Monitum de defectibus reginae cladis relictum victimas relictas fama invenit. Cum Queenslandia ulteriorem inundationem vergit, recensio in tempestatibus gravibus anni proximis quaestiones damnandas in accessu subitis servitiis et subsidiis invenit.",2026-01-09 04:06:59+00:00
0a1d89ef7876e4bcbc932e8055f48fc5,2025-02-08T16:07:45Z,'flooding',www.bbc.com,en,0.0,Oban hospital cancels operations after flooding,"Operating theatres at Lorn & Islands Hospital experienced ""significant"" damage with surgeries cancelled for the rest of the week.",https://www.bbc.com/news/articles/cy084y70rrko,https://ichef.bbci.co.uk/news/1024/branded_news/74a3/live/9f371b00-e622-11ef-a00c-b940b4c70dcc.jpg,,"Planned operations at an Oban hospital have been cancelled for the rest of the week following flooding in the operating rooms.
NHS Highland said patients have been informed after theatres at Lorn an… [+698 chars]",,"Oban-Krankenhaus stellt Operationen nach Überschwemmung ein. In den Operationssälen des Lorn & Islands Hospital kam es zu „erheblichen“ Schäden, da Operationen für den Rest der Woche abgesagt wurden.","Oban hospital cancels operations after flooding. Operating theatres at Lorn & Islands Hospital experienced ""significant"" damage with surgeries cancelled for the rest of the week.","Oban nosocomium post inundationem operationes destruit. Theatra operantia apud Lorn & Insulas Hospitalis periti ""significat"" damnum cum chirurgiis reliquis hebdomadis remissum est.",2026-01-09 04:06:59+00:00
2145e0b4247e75eb89cd73e21a14ce34,2025-02-08T23:57:16Z,'flooding precipitation',kyweathercenter.com,en,0.0,Saturday Night Look Ahead to A Winter Storm THREAT,"Good evening, everyone. We’re putting the wraps on another day of flooding rains across parts of central and eastern Kentucky. As this tapers off tonight, we turn our attention to a Winter Storm THREAT Monday night and Tuesday and the potential for significan…",https://kyweathercenter.com/?p=69861,,,"Good evening, everyone. We’re putting the wraps on another day of flooding rains across parts of central and eastern Kentucky. As this tapers off tonight, we turn our attention to a Winter Storm THRE… [+2135 chars]",,"Blicken Sie am Samstagabend auf die BEDROHUNG durch einen Wintersturm. Guten Abend allerseits. Wir schließen einen weiteren Tag mit überschwemmenden Regenfällen in Teilen von Zentral- und Ost-Kentucky ab. Da dies heute Abend nachlässt, richten wir unsere Aufmerksamkeit auf die BEDROHUNG durch einen Wintersturm am Montagabend und Dienstag und das Potenzial für erhebliche …","Saturday Night Look Ahead to A Winter Storm THREAT. Good evening, everyone. We’re putting the wraps on another day of flooding rains across parts of central and eastern Kentucky. As this tapers off tonight, we turn our attention to a Winter Storm THREAT Monday night and Tuesday and the potential for significan…","Nocte Diei Saturni prospice Hiemalis DENUNTIATIO. Bene vespere, omnes. alio die pluviarum inundationis partes centrales et orientales Kentucky alio die ponemus. Cum hac nocte hac cerei off, animum ad nos convertimus ad tempestatem hiemalem DENUNTIATIO Lunae noctis et Martis ac potentiae ad significan…",2026-01-09 04:06:59+00:00
0ead8d0ffb89ce2d1c2822a916d5b5d0,2025-02-09T06:28:04Z,'flooding',www.newsbreak.com,en,0.0,Major atmospheric river storm is barreling toward California: 'Prepare for the worst' - NewsBreak,"A major atmospheric river storm is barreling toward California, raising the specter of damaging landslides and flooding across much of the Southland.",https://www.newsbreak.com/share/3796947180182-news?pd=0CtPt3cI&amp;lang=en_US&amp;s=i2&amp;_f=app_share&amp;send_time=1739082454&amp;gen_by=ios,https://img.particlenews.com/img/id/301Nri_0yjthy3200,,"A jogger and a dog are bundled up as they run in the rain in downtown Los Angeles on Wednesday. (Allen J. Schaben / Los Angeles Times) 
A major atmospheric river storm strong enough to potentially r… [+8331 chars]",,Schwerer atmosphärischer Flusssturm rast auf Kalifornien zu: „Machen Sie sich auf das Schlimmste gefasst“ – NewsBreak. Ein großer atmosphärischer Flusssturm rast auf Kalifornien zu und lässt das Gespenst verheerender Erdrutsche und Überschwemmungen in weiten Teilen des Southlands aufkommen.,"Major atmospheric river storm is barreling toward California: 'Prepare for the worst' - NewsBreak. A major atmospheric river storm is barreling toward California, raising the specter of damaging landslides and flooding across much of the Southland.","Tempestas fluminis maior atmosphaerica est doliolum versus California: 'Para pessimum' - NewsBreak. Tempestas maior fluminis atmosphaerica est doliolum versus Californiae, laruam iacturae ruinae et inundationem per multam Meridionalem.",2026-01-09 04:06:59+00:00
947b688a15e76006946cc22c5bd59110,2025-02-09T06:32:59Z,'flooding weather',kyweathercenter.com,en,0.0,Winter Storm THREAT and Flood Threat For The Week Ahead,"Good Sunday, everyone. It’s a much calmer day across Kentucky but this isn’t going to last very long. We have one heck of a week of weather taking shape with a Winter Storm Threat and the increasing potential for significant flooding issues. Temps out there t…",https://kyweathercenter.com/?p=69870,,,"Good Sunday, everyone. It’s a much calmer day across Kentucky but this isn’t going to last very long. We have one heck of a week of weather taking shape with a Winter Storm Threat and the increasing … [+2358 chars]",,"Wintersturmbedrohung und Überschwemmungsgefahr für die kommende Woche. Schönen Sonntag allerseits. Es ist ein viel ruhigerer Tag in ganz Kentucky, aber das wird nicht lange anhalten. Vor uns liegt eine gewaltige Wetterwoche, die mit der Gefahr eines Wintersturms und der zunehmenden Gefahr erheblicher Überschwemmungen Gestalt annimmt. Die Temperaturen da draußen …","Winter Storm THREAT and Flood Threat For The Week Ahead. Good Sunday, everyone. It’s a much calmer day across Kentucky but this isn’t going to last very long. We have one heck of a week of weather taking shape with a Winter Storm Threat and the increasing potential for significant flooding issues. Temps out there t…","Hiems tempestas comminatio et diluvium comminatio pro Hebdomada Antecedebant. Dominica bona, omnes. Multo lenior est dies trans Kentucky, sed hoc non diuturnum futurum est. Una heck hebdomadis tempestatum habemus figurantes cum comminatione hiemali tempestatem et potentiam augentem ad quaestiones inundationes significantes. Temptat ibi t…",2026-01-09 04:06:59+00:00
2a7b9536fe915418d5d9995416032e8d,2025-02-09T19:22:14Z,'flooding',www.themarginalian.org,en,0.0,How to See the Golden Light: Oliver Sacks in Love,"""The day steeps everything in golden liquid... A sidewalk cafe in the evening, with a wonderful amber light flooding through the doors and windows: huge, mad stars in an indigo sky. For this, you have to be great, crazy, or wildly in love.""",https://www.themarginalian.org/2025/02/09/oliver-sacks-love-letters/,https://www.themarginalian.org/wp-content/uploads/2025/02/oliver_light.jpg?fit=900%2C473&ssl=1,,"“Only art penetrates what pride, passion, intelligence and habit erect on all sides — the seeming realities of this world,” Saul Bellow insisted in his magnificent Nobel Prize acceptance speech. “The… [+6535 chars]",,"Wie man das goldene Licht sieht: Oliver Sacks in Love. „Der Tag taucht alles in goldene Flüssigkeit ... Ein Straßencafé am Abend, mit einem wundervollen bernsteinfarbenen Licht, das durch die Türen und Fenster flutet: riesige, verrückte Sterne in einem indigoblauen Himmel. Dafür muss man großartig, verrückt oder wild verliebt sein.“","How to See the Golden Light: Oliver Sacks in Love. ""The day steeps everything in golden liquid... A sidewalk cafe in the evening, with a wonderful amber light flooding through the doors and windows: huge, mad stars in an indigo sky. For this, you have to be great, crazy, or wildly in love.""","Auream lucem videre: Oliver Sacks in Amor. "" Omnia cingit aurato liquore dies . . . . Casu vespertino sideream, Lumine electri miro per valvas ac fenestras Inundans: ingens, insana sidera coelo Indico. Hoc tibi magna, furiosa, furiosa, ames.""",2026-01-09 04:06:59+00:00
98b8ce9045b69ef07f8e83d164fa182e,2025-02-09T22:46:56Z,'flooding disruption',insidethemagic.net,en,0.0,Emergency Crew Called: Disney Cruise Ship Faces Instantaneous Flooding Pipe Burst,"On January 16, 2025, Disney Magic passengers encountered an unexpected surprise during their voyage: a burst pipe on Deck 6 of the ship. The water began pouring from the ceiling around 11:00 PM, leaving guests in a brief state of confusion as water flooded th…",https://insidethemagic.net/2025/02/emergency-crew-called-disney-cruise-ship-flood-pipe-burst-ad1/,https://insidethemagic.net/wp-content/uploads/2025/02/Untitled-design-2025-02-09T172027.994.jpg,,"On January 16, 2025, Disney Magic passengers encountered an unexpected surprise during their voyage: a burst pipe on Deck 6 of the ship. The water began pouring from the ceiling around 11:00 PM, leav… [+6866 chars]",,"Notfallteam gerufen: Disney-Kreuzfahrtschiff steht vor plötzlichem Rohrbruch durch Überschwemmung. Am 16. Januar 2025 erlebten die Passagiere von Disney Magic während ihrer Reise eine unerwartete Überraschung: einen Rohrbruch auf Deck 6 des Schiffes. Gegen 23:00 Uhr begann das Wasser von der Decke zu strömen, was die Gäste in einen kurzen Zustand der Verwirrung versetzte, als das Wasser die Decke überschwemmte …","Emergency Crew Called: Disney Cruise Ship Faces Instantaneous Flooding Pipe Burst. On January 16, 2025, Disney Magic passengers encountered an unexpected surprise during their voyage: a burst pipe on Deck 6 of the ship. The water began pouring from the ceiling around 11:00 PM, leaving guests in a brief state of confusion as water flooded th…","Subitis Crew appellatus: Disney Cruise Navis Faces Instantaneae Inundationis Pipe Burst. Die XVI mensis Ianuarii anno 2025, Disney Magiae viatores inopinatum improvise obvenerunt in navigatione: fistulam ruptam in Deck 6 navis. Aqua e lacunari circa 11:00 PM fundens coepit, hospites relicto in brevi confusione quasi aqua inundata th…",2026-01-09 04:06:59+00:00
9ebf5c2fcfc328555aeaea1a67bf1f28,2025-02-10T08:58:39Z,'flooding landslide',www.abc.net.au,en,0.0,'Glimmer of hope': Bruce Highway bridge reopens on vital supply route,The reopening of Ollera Creek Bridge will reconnect the route between Townsville and Ingham in flooded north Queensland ahead of further expected flooding on Tuesday morning.,https://www.abc.net.au/news/2025-02-10/ollera-creek-bridge-bruce-highway-reopens-townsville-ingham/104918804,https://live-production.wcms.abc-cdn.net.au/f1c577d6cd12e0c231f5b3ab1cd4f19a?impolicy=wcms_watermark_news&cropH=1152&cropW=2048&xPos=0&yPos=107&width=862&height=485&imformat=generic,https://web.archive.org/web/20250210103615/https://www.abc.net.au/news/2025-02-10/ollera-creek-bridge-bruce-highway-reopens-townsville-ingham/104918804,"A vital crossing that collapsed into floodwaters in north Queensland is due to reopen on Monday night for freight, supply and emergency vehicles. 
Part of the Ollera Creek Bridge, which connects Tow… [+3079 chars]",,"„Hoffnungsschimmer“: Bruce Highway-Brücke auf lebenswichtiger Versorgungsroute wieder geöffnet. Die Wiedereröffnung der Ollera Creek Bridge wird die Strecke zwischen Townsville und Ingham im überschwemmten Norden von Queensland wieder verbinden, bevor am Dienstagmorgen weitere Überschwemmungen zu erwarten sind.",'Glimmer of hope': Bruce Highway bridge reopens on vital supply route. The reopening of Ollera Creek Bridge will reconnect the route between Townsville and Ingham in flooded north Queensland ahead of further expected flooding on Tuesday morning.,'Spes sublustris': 'pons Brus via vitali copia recludit iter'. Occultatio Ollera Creek Bridge iter coniunget inter Townsville et Ingham in inundatione Reginae septentrionalis antecedens ulterioris inundationis expectatae die Martis mane.,2026-01-09 04:06:59+00:00
d5969ca68423686b30c69686f8e23f94,2025-02-10T10:21:30Z,'flooding',www.aljazeera.com,en,0.0,Palestinians returning to ‘toxic wasteland’ in northern Gaza,"Rubbish flooding the streets of Gaza City is creating new health risks, residents say.",https://www.aljazeera.com/news/2025/2/10/palestinians-returning-to-toxic-wasteland-in-northern-gaza,https://www.aljazeera.com/wp-content/uploads/2025/02/AFP__20250206__36XA8ZX__v3__HighRes__CorrectionPalestinianIsraelConflictDisplaced-1739183379.jpg?resize=1920%2C1440,https://web.archive.org/web/20250210182130/https://www.aljazeera.com/news/2025/2/10/palestinians-returning-to-toxic-wasteland-in-northern-gaza,"Displaced Palestinians returning to northern Gaza have found once-bustling cities reduced to toxic wastelands, according to residents and aid agencies.
Shocked by the level of destruction, Gaza City… [+3074 chars]",,"Palästinenser kehren in die „giftige Einöde“ im nördlichen Gazastreifen zurück. Anwohner sagen, dass Müll, der die Straßen von Gaza-Stadt überschwemmt, neue Gesundheitsrisiken mit sich bringt.","Palestinians returning to ‘toxic wasteland’ in northern Gaza. Rubbish flooding the streets of Gaza City is creating new health risks, residents say.","Palaestini redeuntes ad vastitatem toxicam in Gaza septentrionali. Quisquilia inundatio viarum Gazae urbs est nova pericula sanitatis creans, incolas dicunt.",2026-01-09 04:06:59+00:00
1d75b60da873c133ac2b5dd7c1aa70da,2025-02-10T11:00:38Z,'deluge',www.forbes.com,en,0.0,Trump Deluge Leaves Democrats In Desert,"As Trump Works to Implement First 100 Days Agenda, Democrats Struggle to Find Their Footing",https://www.forbes.com/sites/richardfowler/2025/02/10/trump-deluge-leaves-democrats-in-desert/,https://imageio.forbes.com/specials-images/imageserve/67a6b0905dd6880443c3b1b7/0x0.jpg?format=jpg&height=900&width=1600&fit=bounds,https://web.archive.org/web/20250210110132/https://www.forbes.com/sites/richardfowler/2025/02/10/trump-deluge-leaves-democrats-in-desert/,"WASHINGTON, DC - NOVEMBER 16: Security fencing remains installed around the Democratic National ... [+] Committee (DNC) headquarters on November 16, 2023 in Washington, DC. Security fencing remains i… [+6228 chars]",,"Trumps Sintflut lässt die Demokraten in der Wüste zurück. Während Trump an der Umsetzung der ersten 100-Tage-Agenda arbeitet, haben die Demokraten Schwierigkeiten, Fuß zu fassen","Trump Deluge Leaves Democrats In Desert. As Trump Works to Implement First 100 Days Agenda, Democrats Struggle to Find Their Footing","Folia BUCINUM diluvio democratae in solitudine. Ut BUCINUM Works ad effectum deducendi Primum C diebus Agenda, Democratae contendunt ad inveniendum footing",2026-01-09 04:06:59+00:00
c98ba70395263041e5660e984ed84162,2025-02-10T13:38:27Z,'flooding house',www.insurancejournal.com,en,0.0,"Tornadoes Kill 2, Injure 3 in East Tennessee, With Flooding in WV, Kentucky","WARTBURG, Tenn. (AP) — Two tornadoes moved through eastern Tennessee, leaving a mother and daughter dead and injuring three other people, officials said Friday. A mother and daughter from the same household were killed when the storm passed through the …",https://www.insurancejournal.com/news/southeast/2025/02/10/811353.htm,https://www.insurancejournal.com/img/social/opengraph/ij-social-flood-1200x630.png,,"WARTBURG, Tenn. (AP) Two tornadoes moved through eastern Tennessee, leaving a mother and daughter dead and injuring three other people, officials said Friday.
A mother and daughter from the same hou… [+3340 chars]",,"Tornados töten 2, verletzen 3 in East Tennessee, mit Überschwemmungen in WV, Kentucky. WARTBURG, Tennessee (AP) – Zwei Tornados zogen durch Ost-Tennessee, wobei eine Mutter und ihre Tochter ums Leben kamen und drei weitere Menschen verletzt wurden, sagten Beamte am Freitag. Eine Mutter und eine Tochter aus demselben Haushalt kamen ums Leben, als der Sturm über die … zog.","Tornadoes Kill 2, Injure 3 in East Tennessee, With Flooding in WV, Kentucky. WARTBURG, Tenn. (AP) — Two tornadoes moved through eastern Tennessee, leaving a mother and daughter dead and injuring three other people, officials said Friday. A mother and daughter from the same household were killed when the storm passed through the …","Tornadoes interfice 2, laedas 3 in Tennessee East, cum inundatione in WV, Kentucky. WARTBURG, Tenn (AP) — Duo tornados per Tennessee Orientales commoti sunt, matrem et filiam mortuam relinquentes et tres alios homines officiales Veneris dixerunt laedere. Mater et filia ex eadem familia caesi sunt, cum tempestas transiit.",2026-01-09 04:06:59+00:00
0db4f6c3866559ad9d2b6c84d73524b2,2025-02-10T13:47:14Z,'deluge',deadline.com,en,0.0,Kanye West’s X Account Deactivated After He Declared “IM A NAZI” In Deluge Of Antisemitism,"Kanye West’s Twitter/X account has been deactivated after critics have decried his “antisemitic rampage” on Elon Musk’s social media platform. On Monday morning, West’s page was replaced with the message: “This account doesn’t exist.” It is not clear if West …",http://deadline.com/2025/02/kanye-west-twitter-x-deleted-antisemitism-1236284061/,https://deadline.com/wp-content/uploads/2025/02/GettyImages-2197299967-e1739193250147.jpg?w=1024,https://web.archive.org/web/20250210142514/https://deadline.com/2025/02/kanye-west-twitter-x-deleted-antisemitism-1236284061/,"Kanye West‘s Twitter/X account has been deactivated after critics have decried his “antisemitic rampage” on Elon Musk‘s social media platform.
On Monday morning, West’s page was replaced with the me… [+2300 chars]",,"Kanye Wests X-Konto wurde deaktiviert, nachdem er in einer Flut von Antisemitismus erklärte: „Ich bin ein Nazi“. Kanye Wests Twitter/X-Konto wurde deaktiviert, nachdem Kritiker seinen „antisemitischen Amoklauf“ auf der Social-Media-Plattform von Elon Musk angeprangert hatten. Am Montagmorgen wurde Wests Seite durch die Meldung ersetzt: „Dieses Konto existiert nicht.“ Es ist nicht klar, ob West …","Kanye West’s X Account Deactivated After He Declared “IM A NAZI” In Deluge Of Antisemitism. Kanye West’s Twitter/X account has been deactivated after critics have decried his “antisemitic rampage” on Elon Musk’s social media platform. On Monday morning, West’s page was replaced with the message: “This account doesn’t exist.” It is not clear if West …","Kanye West's X Account Deactivated Postquam Declaravit ""IM A NAZI"" In Deluge Antisemitismi. Kanye West Twitter/X ratio deactivated est postquam critici ""rampaginam antisemiticam"" de Elon Musk in instrumentis socialibus suggestis fecerunt. Die Lunae mane, pagina Occidentalis reposita est cum nuntio: ""Haec ratio non est."" Non liquet si Occidentalis …",2026-01-09 04:06:59+00:00
3608c1c9014090d738bd09728998078c,2025-02-10T15:15:00Z,'floods',e360.yale.edu,en,0.0,China's Disastrous Summer Floods Linked to Unusually Warm Spring in Tibet,A new study links devastating summer floods in southern China to unusually warm spring weather over the Tibetan plateau.Read more on E360 →,https://e360.yale.edu/digest/2024-china-floods-climate,,,"A new study links devastating summer floods in southern China to unusually warm spring weather over the Tibetan plateau.
Historically, warmer springs in Tibet have led to wetter summers in southern … [+662 chars]",,Chinas katastrophale Überschwemmungen im Sommer stehen im Zusammenhang mit dem ungewöhnlich warmen Frühling in Tibet. Eine neue Studie bringt verheerende Sommerüberschwemmungen in Südchina mit ungewöhnlich warmem Frühlingswetter über dem tibetischen Plateau in Verbindung. Lesen Sie mehr auf E360 →,China's Disastrous Summer Floods Linked to Unusually Warm Spring in Tibet. A new study links devastating summer floods in southern China to unusually warm spring weather over the Tibetan plateau.Read more on E360 →,Sinarum calamitosas aestas inundationes coniunctum est ad insolitum ver calidum in Tibet. Novum studii nexus inundationes aestates in Sinis meridianis populandis ad tempestatem vernam solito in regione Tibetana campestria. Read more in E360 →,2026-01-09 04:06:59+00:00
72daa68889443bd3d5f8e8c1d9c5c7ec,2025-02-10T15:15:15Z,'floods',www.yahoo.com,en,0.0,China's Disastrous Summer Floods Linked to Unusually Warm Spring in Tibet,A new study links devastating summer floods in southern China to unusually warm spring weather over the Tibetan plateau.,https://www.yahoo.com/news/chinas-disastrous-summer-floods-linked-151515908.html,https://media.zenfs.com/en/yale_environment_360_articles_559/3d2b7887cb5d6b69301179fca267976a,https://web.archive.org/web/20250211083256/https://www.yahoo.com/news/chinas-disastrous-summer-floods-linked-151515908.html,"A new study links devastating summer floods in southern China to unusually warm spring weather over the Tibetan plateau.
Historically, warmer springs in Tibet have led to wetter summers in southern … [+661 chars]",,Chinas katastrophale Überschwemmungen im Sommer stehen im Zusammenhang mit dem ungewöhnlich warmen Frühling in Tibet. Eine neue Studie bringt verheerende Sommerüberschwemmungen in Südchina mit ungewöhnlich warmem Frühlingswetter über dem tibetischen Plateau in Verbindung.,China's Disastrous Summer Floods Linked to Unusually Warm Spring in Tibet. A new study links devastating summer floods in southern China to unusually warm spring weather over the Tibetan plateau.,Sinarum calamitosas aestas inundationes coniunctum est ad insolitum ver calidum in Tibet. Novum studiorum nexus vastant inundationes aestates in Sinis meridianis ad tempestatem vernam calidam in campo Tibetanae solito.,2026-01-09 04:06:59+00:00
fd56df2e3e5c5e3cc4293b246e616fd8,2025-02-10T15:42:00Z,'floods',www.thestar.com.my,en,0.0,Bosnian students protest government inaction after deadly floods,SARAJEVO (Reuters) - Hundreds of students protested in the Bosnian capital Sarajevo on Monday over the failure of authorities to take responsibility for the deaths of 27 people in devastating floods in early October or to promptly help survivors. Read full st…,https://www.thestar.com.my/news/world/2025/02/10/bosnian-students-protest-government-inaction-after-deadly-floods,https://apicms.thestar.com.my/uploads/images/2025/02/10/3161173.jpg,,"Students hold a banner that reads ""where is the responsibility, where is transparency"" during a protest demanding government responsibility over the death of people who were killed in devastating flo… [+1977 chars]",,"Bosnische Studenten protestieren gegen die Untätigkeit der Regierung nach tödlichen Überschwemmungen. SARAJEVO (Reuters) – Hunderte Studenten protestierten am Montag in der bosnischen Hauptstadt Sarajevo gegen das Versäumnis der Behörden, die Verantwortung für den Tod von 27 Menschen bei den verheerenden Überschwemmungen Anfang Oktober zu übernehmen oder den Überlebenden umgehend zu helfen. Vollständigen Beitrag lesen…",Bosnian students protest government inaction after deadly floods. SARAJEVO (Reuters) - Hundreds of students protested in the Bosnian capital Sarajevo on Monday over the failure of authorities to take responsibility for the deaths of 27 people in devastating floods in early October or to promptly help survivors. Read full st…,Alumni Bosnianam reclamant post inundationes funestas desidia imperii. SARAJEVO (Reuters) - Centum studentium protestati sunt in capitali Bosniano Sarajevo die Lune de defectibus auctoritatum ad curam de mortibus XXVII hominum in diluviis vastandis in primo Octobris vel ad residuos prompte adiuvandos. Read full st…,2026-01-09 04:06:59+00:00
5e15dddbfb540c7acd1e3904ab36a973,2025-02-10T17:27:19Z,'deluge',www.ibtimes.com,en,0.0,White S. Africans Clamour For US Resettlement After Trump Order,"A deluge of more than 20,000 queries crashed the email server of the South African Chamber of Commerce in the United States after President Donald Trump said he would prioritise white South Africans in a refugee programme, the chamber said Monday.",https://www.ibtimes.com/white-s-africans-clamour-us-resettlement-after-trump-order-3763141,https://d.ibtimes.com/en/full/4581721/some-afrikaner-farmers-fear-their-land-will-expropriated-government-happened-neighbouring.jpg,https://web.archive.org/web/20250211145734/https://www.ibtimes.com/white-s-africans-clamour-us-resettlement-after-trump-order-3763141,"A deluge of more than 20,000 queries crashed the email server of the South African Chamber of Commerce in the United States after President Donald Trump said he would prioritise white South Africans … [+3034 chars]",,"Weiße Südafrikaner fordern nach Trump-Anordnung eine Umsiedlung in die USA. Eine Flut von mehr als 20.000 Anfragen brachte den E-Mail-Server der südafrikanischen Handelskammer in den Vereinigten Staaten zum Absturz, nachdem Präsident Donald Trump erklärt hatte, er werde weißen Südafrikanern in einem Flüchtlingsprogramm Vorrang einräumen, teilte die Kammer am Montag mit.","White S. Africans Clamour For US Resettlement After Trump Order. A deluge of more than 20,000 queries crashed the email server of the South African Chamber of Commerce in the United States after President Donald Trump said he would prioritise white South Africans in a refugee programme, the chamber said Monday.","White S. African Clamor Pro US TRANSMIGRATIO Post BUCINUM Ordinis. Inundatio plusquam 20,000 quaesitorum ingruat electronicae servientis camerae Africae Meridianae Commercii in Civitatibus Foederatis Americae postquam Praeses Donald Trump dixit se priores albos Afros Australes in programmate profugo dixit, cubiculum Lunae dixit.",2026-01-09 04:06:59+00:00
118e93c1885dc82125908ba1afea3db5,2025-02-10T20:51:53Z,'deluge',www.adweek.com,en,0.0,AI Takes the Spotlight During Super Bowl 59—and People Aren’t Mad About It,"Amidst the cheers of the Eagles' victory and Kendrick Lamar's electrifying Grammy-winning diss track during halftime, a quieter but significant shift took place during Super Bowl 59. AI ads, once met with a deluge of skepticism, are now more accepted by consu…",https://www.adweek.com/media/ai-takes-the-spotlight-during-super-bowl-59-and-people-arent-mad-about-it/,https://www.adweek.com/wp-content/uploads/2025/02/people-respond-superbowl-ai-2025.jpg?w=600&h=315&crop=1,https://web.archive.org/web/20250211025623/https://www.adweek.com/media/ai-takes-the-spotlight-during-super-bowl-59-and-people-arent-mad-about-it/,"Amidst the cheers of the Eagles victory and Kendrick Lamars electrifying Grammy-winning diss track during halftime, a quieter but significant shift took place during Super Bowl 59. AI ads, once met w… [+7348 chars]",,"KI steht beim Super Bowl 59 im Rampenlicht – und die Leute sind nicht begeistert davon. Inmitten des Jubels über den Sieg der Eagles und Kendrick Lamars elektrisierendem Grammy-prämierten Dissidenten-Track zur Halbzeit kam es während des Super Bowl 59 zu einem ruhigeren, aber bedeutenden Wandel. KI-Werbung, die einst auf große Skepsis stieß, wird heute von den Konsumenten mehr akzeptiert …","AI Takes the Spotlight During Super Bowl 59—and People Aren’t Mad About It. Amidst the cheers of the Eagles' victory and Kendrick Lamar's electrifying Grammy-winning diss track during halftime, a quieter but significant shift took place during Super Bowl 59. AI ads, once met with a deluge of skepticism, are now more accepted by consu…","AI Spotlight Per Super Bowl 59—et populus de eo non insanit. Inter victoriae aquilarum clamores et Kendrick Lamar electrificantis Grammy-victricis diss vestigia per dimidium temporis, quietior sed significativa mutatio facta est in Super Crater 59. AI praecones, cum diluvio scepticismi semel convenerunt, nunc magis a consu… accepti sunt.",2026-01-09 04:06:59+00:00
577e70c1f8df3179354b1d87fea1ba0c,2025-02-11T00:07:06Z,'flooding',deadline.com,en,0.0,"Biggest Storm Of The Season Bears Down On Los Angeles, Prompting Flood Watches & Concern Over Debris Flows In Burn Areas","National Weather Service forecasters today warned of a strong storm system is making its way toward Los Angeles, saying that the storm could trigger flooding and debris flows, particularly in recent burn areas. Rain is expected to begin sometime Wednesday, an…",http://deadline.com/2025/02/los-angeles-rain-forecast-palisades-eaton-fire-1236284921/,https://deadline.com/wp-content/uploads/2025/02/Screenshot-2025-02-10-at-3.24.56 PM.png?w=1024,,"National Weather Service forecasters today warned of a strong storm system is making its way toward Los Angeles, saying that the storm could trigger flooding and debris flows, particularly in recent … [+3895 chars]",,"Der größte Sturm der Saison zieht über Los Angeles hinweg und löst Überschwemmungen und Besorgnis über Trümmerströme in Brandgebieten aus. Meteorologen des Nationalen Wetterdienstes warnten heute vor einem starken Sturmsystem, das sich auf Los Angeles zubewegt, und sagten, dass der Sturm Überschwemmungen und Murgänge auslösen könnte, insbesondere in den jüngsten Brandgebieten. Es wird erwartet, dass es irgendwann am Mittwoch zu regnen beginnt.","Biggest Storm Of The Season Bears Down On Los Angeles, Prompting Flood Watches & Concern Over Debris Flows In Burn Areas. National Weather Service forecasters today warned of a strong storm system is making its way toward Los Angeles, saying that the storm could trigger flooding and debris flows, particularly in recent burn areas. Rain is expected to begin sometime Wednesday, an…","In Los Angeles Gravissima Tempestas Deportat, Inductio Diluvii Vigilo & Sollicitudo Super Debris influit In Burn Areas. Praecursores nostri tempestatis hodie Nationalis servitii moniti sunt systematis tempestatis vehementem iter suum ad Los Angeles iter facere, dicentes tempestatem posse felis inundationis et strages fluere, praesertim in recentibus locis urere. Imber expectatur incipere aliquando Mercurii, an…",2026-01-09 04:06:59+00:00
53ce450e234f8427f66d53c14623e6bc,2025-02-11T00:37:25Z,'flooding atmospheric river',www.newsweek.com,en,0.0,Southern California Braces For 'Biggest Storm of the Year',Portions of Southern California are bracing for rainfall and potential flooding in the wake of deadly wildfires.,https://www.newsweek.com/southern-california-braces-biggest-storm-year-2029169,https://d.newsweek.com/en/full/2585484/los-angeles-rain.jpg,,"Portions of Southern California are bracing for an expected ""severe"" storm heading its way later this week.
Why It Matters
Los Angeles County was hit by concurrent deadly fires during extreme wildf… [+3189 chars]",,Südkalifornien bereitet sich auf den „größten Sturm des Jahres“ vor. Teile Südkaliforniens bereiten sich auf Regenfälle und mögliche Überschwemmungen infolge tödlicher Waldbrände vor.,Southern California Braces For 'Biggest Storm of the Year'. Portions of Southern California are bracing for rainfall and potential flooding in the wake of deadly wildfires.,Southern California Braces For 'Maximus Storm Anni'. Portes Californiae Australis comprehendunt pluvias et potentias inundationes in casum incendiorum mortiferorum.,2026-01-09 04:06:59+00:00
78e41381054bf5dab6d2fc3e4a18ca00,2025-02-11T01:05:04Z,'flooding',www.wsoctv.com,en,0.0,Stretch of I-40 that collapsed during Helene to reopen,"A section of Interstate 40 in western North Carolina that collapsed during Hurricane Helene’s historic flooding will reopen to traffic by March 1, Gov. Josh Stein announced Monday while visiting the roadway’s shuttered portion and meeting with U.S. Transporta…",https://www.wsoctv.com/news/local/stretch-i-40-that-collapsed-during-helene-reopen/VTH2EG3OIZFN5KWAG4QKGJCZ4A/,https://cmg-cmg-tv-10030-prod.cdn.arcpublishing.com/resizer/v2/https%3A%2F%2Fcloudfront-us-east-1.images.arcpublishing.com%2Fcmg%2FWJUBGGG6QRCQND24MKKZPSVF5I.jpeg?auth=0eb33c42a5c10c06757bbd373933045b25322bd90a84349dd5e73ced688e0935&width=1200&height=630&smart=true,,"WAYNESVILLE, N.C. — A section of Interstate 40 in western North Carolina that collapsed during Hurricane Helenes historic flooding will reopen to traffic by March 1, Gov. Josh Stein announced Monday … [+2387 chars]",,"Abschnitt der I-40, der während der Wiedereröffnung von Helene einstürzte. Ein Abschnitt der Interstate 40 im Westen von North Carolina, der während der historischen Überschwemmung durch Hurrikan Helene eingestürzt ist, wird bis zum 1. März wieder für den Verkehr freigegeben, kündigte Gouverneur Josh Stein am Montag an, als er den geschlossenen Teil der Straße besuchte und sich mit US-Transportunternehmen traf.","Stretch of I-40 that collapsed during Helene to reopen. A section of Interstate 40 in western North Carolina that collapsed during Hurricane Helene’s historic flooding will reopen to traffic by March 1, Gov. Josh Stein announced Monday while visiting the roadway’s shuttered portion and meeting with U.S. Transporta…","Extendam i-40 que inter Helenen concidit rescissa. Sectio interstate 40 in Carolina septentrionali occidentali quae in inundatione Hurricane Helene concidit in mercaturas a March I, Gov. Josh Stein nuntiavit Lunae dum visitans portionem clausam viae et conventum cum US Transporta…",2026-01-09 04:06:59+00:00
b3d3f1353e4716b6fbf81725ea881440,2025-02-11T03:51:17Z,'deluge',www.ibtimes.com,en,0.0,"Virus Disinformation Drives Anti-China Sentiment, Lockdown Fears","A deluge of disinformation about a flu-like virus called HMPV is stoking anti-China sentiment across Asia and spurring unfounded concerns of renewed lockdowns, despite experts dismissing comparisons with the Covid-19 pandemic five years ago.",https://www.ibtimes.com/virus-disinformation-drives-anti-china-sentiment-lockdown-fears-3763208,https://d.ibtimes.com/en/full/4581821/online-disinformation-about-flu-like-human-metapneumovirus-hmpv-fueling-anti-beijing-sentiment.jpg,https://web.archive.org/web/20250213164314/https://www.ibtimes.com/virus-disinformation-drives-anti-china-sentiment-lockdown-fears-3763208,"A deluge of disinformation about a flu-like virus called HMPV is stoking anti-China sentiment across Asia and spurring unfounded concerns of renewed lockdowns, despite experts dismissing comparisons … [+3834 chars]",,"Virus-Desinformation schürt Anti-China-Stimmung und Lockdown-Ängste. Eine Flut von Desinformationen über ein grippeähnliches Virus namens HMPV schürt in ganz Asien eine Anti-China-Stimmung und weckt unbegründete Sorgen vor erneuten Lockdowns, obwohl Experten Vergleiche mit der Covid-19-Pandemie vor fünf Jahren zurückgewiesen haben.","Virus Disinformation Drives Anti-China Sentiment, Lockdown Fears. A deluge of disinformation about a flu-like virus called HMPV is stoking anti-China sentiment across Asia and spurring unfounded concerns of renewed lockdowns, despite experts dismissing comparisons with the Covid-19 pandemic five years ago.","Virus Disinformation Cogit Anti-Sinae Sententiam, Lockdown timores. Diluvium disinformationem circa virum flu-similem vocatum HMPV sentit sentientes anti-Sinae trans Asiam et vanas curas renovatorum lockdowns incitans, quamvis periti comparationes cum Covid-19 pandemico quinque abhinc annis dimittentes.",2026-01-09 04:06:59+00:00
28a35777f604f0de407fb6b7743789ae,2025-02-11T06:37:08Z,'flooding',kyweathercenter.com,en,0.0,Tracking A Winter Storm and Flooding,"Good Tuesday, everyone. A significant winter storm continues to push across the state today and it’s bringing along a heavy, wet snowfall and flooding rains. This system will then be followed by another heavy rainmaker Wednesday, then a big troublemaker for t…",https://kyweathercenter.com/?p=69982,,,"Good Tuesday, everyone. A significant winter storm continues to push across the state today and it’s bringing along a heavy, wet snowfall and flooding rains. This system will then be followed by anot… [+2092 chars]",,"Verfolgung eines Wintersturms und einer Überschwemmung. Guten Dienstag allerseits. Ein heftiger Wintersturm fegt auch heute noch über den Staat und bringt heftigen, nassen Schneefall und überschwemmende Regenfälle mit sich. Auf dieses System wird dann am Mittwoch ein weiterer Starkregen folgen, der dann ein großer Unruhestifter für …","Tracking A Winter Storm and Flooding. Good Tuesday, everyone. A significant winter storm continues to push across the state today and it’s bringing along a heavy, wet snowfall and flooding rains. This system will then be followed by another heavy rainmaker Wednesday, then a big troublemaker for t…","Tracking A hiems Storm et Flooding. Feria tertia, omnes. Tempestas hiemalis insignis hodie pergit impellere statum et nix graves et imbres inundantes portat. Haec ratio tunc sequetur alia pluvialis gravis Mercurii, deinde magnus laborator pro t…",2026-01-09 04:06:59+00:00
c23780a69354adfc724ab2e6c05cd3f8,2025-02-11T18:07:19Z,'floods',developer.nvidia.com,en,0.0,Spotlight: BRLi and Toulouse INP Develop AI-Based Flood Models Using NVIDIA Modulus,"Floods pose major threats to 1.5 billion people, making it the most common cause of major natural disasters. They cause up to $25 billion in global economic damage every year. Flood forecasting is a…",https://developer.nvidia.com/blog/spotlight-brli-and-toulouse-inp-develop-ai-based-flood-models-using-nvidia-modulus/,https://developer-blogs.nvidia.com/wp-content/uploads/2025/02/water-catchment-tet-river-france-1.png,https://web.archive.org/web/20250214170927/https://developer.nvidia.com/blog/spotlight-brli-and-toulouse-inp-develop-ai-based-flood-models-using-nvidia-modulus/,"Floods pose major threats to 1.5 billion people, making it the most common cause of major natural disasters. They cause up to $25 billion in global economic damage every year. Flood forecasting is a … [+6536 chars]",,"Spotlight: BRLi und Toulouse INP entwickeln KI-basierte Hochwassermodelle mit NVIDIA Modulus. Überschwemmungen stellen eine große Bedrohung für 1,5 Milliarden Menschen dar und sind damit die häufigste Ursache für große Naturkatastrophen. Sie verursachen jedes Jahr einen weltweiten wirtschaftlichen Schaden von bis zu 25 Milliarden US-Dollar. Hochwasservorhersage ist eine…","Spotlight: BRLi and Toulouse INP Develop AI-Based Flood Models Using NVIDIA Modulus. Floods pose major threats to 1.5 billion people, making it the most common cause of major natural disasters. They cause up to $25 billion in global economic damage every year. Flood forecasting is a…","Vestibulum arcu: BRLi et Toulouse INP Evolvere AI-Sub Diluvium exemplum Using NVIDIA Modulus. Inundationes maiores minas ad 1.5 miliarda hominum ponunt, eamque facit communissimam causam calamitatum naturalium maioris. Causant usque ad $25 miliardis in global oeconomica damnum quotannis. Diluvium praevidens est…",2026-01-09 04:06:59+00:00
eefb19844a303a6ce01351e1016b31e6,2025-02-11T18:21:48Z,'flooding rain',www.newsweek.com,en,0.0,Atmospheric River Map Shows Where in California Will Be Hit,"An atmospheric river event is forecast to rainfall, snow, and the potential for flooding to parts of California this week.",https://www.newsweek.com/atmospheric-river-map-california-2029454,https://d.newsweek.com/en/full/2585996/atmospheric-river-map.jpg,,"An atmospheric river has been forecast to hit California this week, with the National Weather Service (NWS) warning of the potential for flash flooding, debris flow, and significant mountain snow.
W… [+2841 chars]",,"Die Karte des atmosphärischen Flusses zeigt, wo in Kalifornien ein Angriff stattfinden wird. Für diese Woche wird ein atmosphärisches Flussereignis mit Regenfällen, Schnee und möglichen Überschwemmungen in Teilen Kaliforniens prognostiziert.","Atmospheric River Map Shows Where in California Will Be Hit. An atmospheric river event is forecast to rainfall, snow, and the potential for flooding to parts of California this week.","Map atmosphaericum flumen ostendit Ubi in California Hit erit. Eventus atmosphaericus amnis praecognoscet pluvias, nives et potentiam inundationem ad partes Californiae hac septimana.",2026-01-09 04:06:59+00:00
031ba6a137e0c2f22fedc56e86c98a10,2025-02-11T18:24:57Z,'floods',www.sfgate.com,en,0.0,Flash floods and 30-foot waves: Bay Area braces for another atmospheric river,"The Bay Area is facing another atmospheric river event, with flash floods and thunderstorms on the horizon.",https://www.sfgate.com/weather/article/atmospheric-river-hits-bay-area-flash-flooding-20160747.php,https://s.hdnux.com/photos/01/46/37/62/26868914/3/rawImage.jpg,https://web.archive.org/web/20250212002231/https://www.sfgate.com/weather/article/atmospheric-river-hits-bay-area-flash-flooding-20160747.php,"A person walks along a flooded street as an atmospheric river storm, the second in less than a week, impacts California on Feb. 4, 2024, in Santa Barbara, Calif. 
Mario Tama/Getty Images
This winte… [+3167 chars]",,"Sturzfluten und 30 Fuß hohe Wellen: Die Bay Area bereitet sich auf einen weiteren atmosphärischen Fluss vor. Der Bay Area steht ein weiteres atmosphärisches Flussereignis bevor, mit Sturzfluten und Gewittern am Horizont.","Flash floods and 30-foot waves: Bay Area braces for another atmospheric river. The Bay Area is facing another atmospheric river event, with flash floods and thunderstorms on the horizon.","Sinus inundationes et 30-pedales fluctus: Sinus Area adstringit alium fluvium atmosphaericum. Area Sinus respicit alium eventum fluminis atmosphaerici, cum diluvia et tonitrua in horizonte mico.",2026-01-09 04:06:59+00:00
b7b82b4e18bbfe4713064c9c040439a5,2025-02-11T18:25:08Z,'flooding',biztoc.com,en,0.0,Atmospheric River Map Shows Where in California Will Be Hit,"An atmospheric river has been forecast to hit California this week, with the National Weather Service (NWS) warning of the potential for flash flooding, debris flow, and significant mountain snow.
Why It Matters
Atmospheric rivers vary in size and intensity, …",https://biztoc.com/x/a5455d4ade66a7fb,https://biztoc.com/cdn/a5455d4ade66a7fb_s.webp,,"An atmospheric river has been forecast to hit California this week, with the National Weather Service (NWS) warning of the potential for flash flooding, debris flow, and significant mountain snow.Why… [+142 chars]",,"Die Karte des atmosphärischen Flusses zeigt, wo in Kalifornien ein Angriff stattfinden wird. Es wurde vorhergesagt, dass in dieser Woche ein atmosphärischer Fluss Kalifornien erreichen wird. Der Nationale Wetterdienst (NWS) warnt vor möglichen Sturzfluten, Murgängen und starkem Schneefall in den Bergen.
Warum es wichtig ist
Atmosphärische Flüsse variieren in Größe und Intensität, …","Atmospheric River Map Shows Where in California Will Be Hit. An atmospheric river has been forecast to hit California this week, with the National Weather Service (NWS) warning of the potential for flash flooding, debris flow, and significant mountain snow.
Why It Matters
Atmospheric rivers vary in size and intensity, …","Map atmosphaericum flumen ostendit Ubi in California Hit erit. Praenuntius flumen atmosphaericum California hac septimana ferire fuit, cum servitii Tempestatis Nationalis (NWS) monitum potentiae ad inundationem, obstantiam fluere ac montem nix significans.
Quid refert
Fluvii atmosphaerici magnitudine et intensione variant.",2026-01-09 04:06:59+00:00
7238cca2b129097b41eff6f3fb9b06b6,2025-02-11T19:42:37Z,'flooding rain',www.abc.net.au,en,0.0,Flood insurance revoked before disaster leaves people counting the cost,"Thousands of people across north Queensland have already filed insurance claims following days of rain and flooding. But for many, like Ingham's Gaggiano family, there will be no calls to their insurer.",https://www.abc.net.au/news/2025-02-12/north-queensland-flooding-disaster-insurance-claims-recovery/104922436,https://live-production.wcms.abc-cdn.net.au/a9b96bb8eaef1fc7675134cf828a6e28?impolicy=wcms_watermark_news&cropH=864&cropW=1536&xPos=0&yPos=476&width=862&height=485&imformat=generic,,"Melanie and Jerry Gaggiano returned to their vehicle repair business in Ingham via a boat to find debris wrapped around twisted fences, the front doors caved in, and floodwater lapping the mud-lined … [+5763 chars]",,"Die Überschwemmungsversicherung wird gekündigt, bevor die Katastrophe dazu führt, dass die Menschen über die Kosten nachdenken müssen. Tausende Menschen im Norden von Queensland haben nach tagelangen Regenfällen und Überschwemmungen bereits Versicherungsansprüche eingereicht. Aber für viele, wie Inghams Familie Gaggiano, wird es keine Anrufe bei ihrem Versicherer geben.","Flood insurance revoked before disaster leaves people counting the cost. Thousands of people across north Queensland have already filed insurance claims following days of rain and flooding. But for many, like Ingham's Gaggiano family, there will be no calls to their insurer.","Diluvium assecurationis revocandum ante calamitatem relinquit homines sumptus computandos. Milia hominum trans Queenslandiam septentrionalem iam interposita cautionum affirmat dies sequentes pluviae et inundationis. Sed per multos, sicut in Gaggiano familia Ingham, nulla erit vocatus ad eorum insurer.",2026-01-09 04:06:59+00:00
b6dc386162ecf26a894bd255d99c46d1,2025-02-11T22:00:00Z,'floods',www.channelnewsasia.com,en,0.0,IN FOCUS: Singapore has reduced its flood-prone areas by over 100 times. Is there room for more?,Major infrastructural and engineering developments have been installed as part of the country's defence against floods. But the work is not done.,https://www.channelnewsasia.com/singapore/pub-drains-mitigate-prevent-floods-coastal-inland-engineers-rainfall-stormwater-4921221,"https://dam.mediacorp.sg/image/upload/s--qXKFrOsC--/c_crop,h_900,w_1600,x_0,y_166/f_auto,q_auto/c_fill,g_auto,h_676,w_1200/v1/mediacorp/cna/image/2025/02/06/sdcsdt20.jpg?itok=NPAWw_Hq",https://web.archive.org/web/20250212023726/https://www.channelnewsasia.com/singapore/pub-drains-mitigate-prevent-floods-coastal-inland-engineers-rainfall-stormwater-4921221,"To alleviate flooding, there have also been major projects over time such as Marina Barrage, which Ms Siew said helps in particular low-lying areas like Chinatown.
As Singapore's population grows, h… [+1327 chars]",,IM FOKUS: Singapur hat seine überschwemmungsgefährdeten Gebiete um mehr als das Hundertfache reduziert. Gibt es Platz für mehr? Im Rahmen der Hochwasserabwehr des Landes wurden umfangreiche infrastrukturelle und technische Entwicklungen durchgeführt. Aber die Arbeit ist noch nicht getan.,IN FOCUS: Singapore has reduced its flood-prone areas by over 100 times. Is there room for more?. Major infrastructural and engineering developments have been installed as part of the country's defence against floods. But the work is not done.,IN FOCUS: Singapore areas diluvii prona per 100 tempora redegit. Estne amplius locus ?. Maiores progressiones infrastructurales et machinales institutae sunt ut pars defensionis patriae contra diluvia. Sed opus non est.,2026-01-09 04:06:59+00:00
c9fe7dbcbd555d69bfbd31ad00a16d3c,2025-02-11T22:31:55Z,'flooding rain',biztoc.com,en,0.0,"Flash Flood, Debris Flow Risk as Storm Hits Wildfire Burn Areas in California","A powerful Pacific storm fueled by an atmospheric river is set to bring heavy rain, strong winds and mountain snow to California on Thursday.
Why It Matters
According to The Weather Channel, the storm raises major concerns for flash flooding and debris flows,…",https://biztoc.com/x/4666306b12fed6cb,https://biztoc.com/cdn/4666306b12fed6cb_s.webp,,"A powerful Pacific storm fueled by an atmospheric river is set to bring heavy rain, strong winds and mountain snow to California on Thursday.Why It MattersAccording to The Weather Channel, the storm … [+145 chars]",,"Sturzflut und Trümmerflussgefahr, da der Sturm Flächen mit verheerenden Bränden in Kalifornien heimsucht. Ein starker pazifischer Sturm, der von einem atmosphärischen Fluss angeheizt wird, wird am Donnerstag heftigen Regen, starke Winde und Bergschnee nach Kalifornien bringen.
Warum es wichtig ist
Laut The Weather Channel gibt der Sturm Anlass zu großer Besorgnis über Sturzfluten und Murgänge.","Flash Flood, Debris Flow Risk as Storm Hits Wildfire Burn Areas in California. A powerful Pacific storm fueled by an atmospheric river is set to bring heavy rain, strong winds and mountain snow to California on Thursday.
Why It Matters
According to The Weather Channel, the storm raises major concerns for flash flooding and debris flows,…","Flash Flood, Debris Fluxus Risk ut Storm Hits Wildfire Burn Areas in California. Tempestas Pacifica potens ab atmosphaerico flumine cibus facta est ut pluvias, ventos fortes et nives montis Iovis die Iovis in Californiam afferat.
Quid refert
Tempestas secundum Channel, tempestas magnas curas suscitat propter inundationem et obstantia mico fluit,…",2026-01-09 04:06:59+00:00
2f1595f18af6e1f2350365945e8e8bc4,2025-02-11T23:00:00Z,'floods',www.thestar.com.my,en,0.0,Kinabatangan floods cripple tourism,"KOTA KINABALU: Severe flooding in Kinabatangan has brought tourism to a halt, forcing lodges to close and causing financial losses, cancellations and property damage. Read full story",https://www.thestar.com.my/news/nation/2025/02/12/kinabatangan-floods-cripple-tourism,https://apicms.thestar.com.my/uploads/images/2025/02/12/3162623.jpeg,,"KOTA KINABALU: Severe flooding in Kinabatangan has brought tourism to a halt, forcing lodges to close and causing financial losses, cancellations and property damage.
Kinabatangan, known for its vas… [+3081 chars]",,"Überschwemmungen in Kinabatangan legen den Tourismus lahm. KOTA KINABALU: Schwere Überschwemmungen in Kinabatangan haben den Tourismus zum Erliegen gebracht, Lodges zur Schließung gezwungen und finanzielle Verluste, Stornierungen und Sachschäden verursacht. Lesen Sie die ganze Geschichte","Kinabatangan floods cripple tourism. KOTA KINABALU: Severe flooding in Kinabatangan has brought tourism to a halt, forcing lodges to close and causing financial losses, cancellations and property damage. Read full story","Kinabatangan voluptuaria similesve inundationes clauduntur. KOTA KINABALU: Gravis inundatio in Kinabatangan voluptuaria similesve intulit consistit, deversoria ad claudendum et causandum damna pecuniaria, cancellationes et damna bona. Read full story",2026-01-09 04:06:59+00:00
65b7e643797c6f2496e365bcea6a0b20,2025-02-12T00:05:05Z,'flooding',kyweathercenter.com,en,0.0,Tracking A Flood Threat and Looking Ahead,"Good evening, everyone. Heavy snow and heavy rain from our current winter storm will wind down tonight, but the pattern continues to be loaded with potential. Another flooding threat comes into part of the region Wednesday with a much greater threat this week…",https://kyweathercenter.com/?p=70007,,https://web.archive.org/web/20250212012213/https://kyweathercenter.com/?p=70007,"Good evening, everyone. Heavy snow and heavy rain from our current winter storm will wind down tonight, but the pattern continues to be loaded with potential. Another flooding threat comes into part … [+1339 chars]",,"Eine Überschwemmungsgefahr verfolgen und in die Zukunft blicken. Guten Abend allerseits. Der starke Schneefall und der starke Regen unseres aktuellen Wintersturms werden heute Abend nachlassen, aber das Muster ist weiterhin voller Potenzial. Am Mittwoch kommt es erneut zu einer Überschwemmungsgefahr in Teilen der Region, diese Woche ist die Gefahr noch viel größer …","Tracking A Flood Threat and Looking Ahead. Good evening, everyone. Heavy snow and heavy rain from our current winter storm will wind down tonight, but the pattern continues to be loaded with potential. Another flooding threat comes into part of the region Wednesday with a much greater threat this week…","Tracking A Flood Threat and Aspiciens Ahead. Bene vespere, omnes. Gravis nix et gravis pluvia ex nostra currente hiemali tempestate in hac nocte venti erunt, sed exemplar cum potentia onerari pergit. Alia comminatio inundationis in partem regionis Mercurii cum multo maiore hac hebdomade periculum venit.",2026-01-09 04:06:59+00:00
af05617ba95308fd3a4f493431b26c7e,2025-02-12T01:05:56Z,'flooding victims',punchng.com,en,0.0,"Shonga: Rice farmers seek intervention as dry season flood submerges 3,000 hectares","TUNDE OYEKOLA examines the unprecedented dry season flooding in three Kwara LGAs, where over 5,000 rice farmers lost more than 3,000 hectares of farmland worth N11.5bn As Nigeria grapples with the problem of food security, the recent flooding of Shonga Rice F…",https://punchng.com/?p=1794653,https://cdn.punchng.com/wp-content/uploads/2025/02/11222343/Rice-farmers-.jpg,https://web.archive.org/web/20250213201312/https://punchng.com/?p=1794653,"TUNDE OYEKOLA examines the unprecedented dry season flooding in three Kwara LGAs, where over 5,000 rice farmers lost more than 3,000 hectares of farmland worth N11.5bn
As Nigeria grapples with the p… [+11857 chars]",,"Shonga: Reisbauern fordern Intervention, da die Überschwemmung in der Trockenzeit 3.000 Hektar überschwemmt. TUNDE OYEKOLA untersucht die beispiellosen Überschwemmungen in der Trockenzeit in drei LGAs von Kwara, bei denen über 5.000 Reisbauern mehr als 3.000 Hektar Ackerland im Wert von 11,5 Mrd. N verloren. Während Nigeria mit dem Problem der Ernährungssicherheit zu kämpfen hat, sind die jüngsten Überschwemmungen in Shonga Rice F…","Shonga: Rice farmers seek intervention as dry season flood submerges 3,000 hectares. TUNDE OYEKOLA examines the unprecedented dry season flooding in three Kwara LGAs, where over 5,000 rice farmers lost more than 3,000 hectares of farmland worth N11.5bn As Nigeria grapples with the problem of food security, the recent flooding of Shonga Rice F…","Shonga: Rice agricolae interventus quaerunt sicut diluvium tempus siccitatis submergit 3,000 hectares. TUND OYEKOLA inauditum tempus siccitatis inundationis in tres Kwara LGAs examinat, ubi plus quam 5,000 oryza agricolae amiserunt plus quam 3,000 hectares arvi N11.5bn Cum Nigeria dimicat cum problema securitatis cibi, recens inundatio Shonga Rice F…",2026-01-09 04:06:59+00:00
012bee7ed48f4a82542fa2e2638f1f2c,2025-02-12T01:11:30Z,'flooding storm',www.forbes.com,en,0.0,"California Storm Could Bring Flooding, Mudslides—What We Know About The State’s Strongest Storm Of The Winter",Forecasters are concerned the storm could bring mudslides in and near areas scorched by the Palisades and Eaton fires.,https://www.forbes.com/sites/antoniopequenoiv/2025/02/11/california-storm-could-bring-flooding-mudslides-what-we-know-about-the-states-strongest-storm-of-the-winter/,"https://imageio.forbes.com/specials-images/imageserve/67abf449171f349cfb3f7a90/0x0.jpg?format=jpg&crop=4731,3152,x40,y0,safe&height=900&width=1600&fit=bounds",https://web.archive.org/web/20250212013009/https://www.forbes.com/sites/antoniopequenoiv/2025/02/11/california-storm-could-bring-flooding-mudslides-what-we-know-about-the-states-strongest-storm-of-the-winter/,"A storm forecast to slam California for the next three days has triggered flash flood watches and concerns of mudslides for what could be the states strongest storm this winter, as it recovers from h… [+2225 chars]",,"Der Sturm in Kalifornien könnte Überschwemmungen und Schlammlawinen mit sich bringen – was wir über den stärksten Sturm des Winters im Bundesstaat wissen. Prognostiker befürchten, dass der Sturm Schlammlawinen in und in der Nähe von Gebieten verursachen könnte, die von den Bränden in Palisades und Eaton verbrannt wurden.","California Storm Could Bring Flooding, Mudslides—What We Know About The State’s Strongest Storm Of The Winter. Forecasters are concerned the storm could bring mudslides in and near areas scorched by the Palisades and Eaton fires.","California Storm could Bring Flooding, Mudslides—What We Know About The State's Fortest Tempestas The Hiems. Vates circa turbas turbationes in locis et locis prope Palisades et Eton ignes ambusti sunt.",2026-01-09 04:06:59+00:00
9862cf2c0895701ccfafa5e367021e75,2025-02-12T01:45:00Z,'floods',www.thestar.com.my,en,0.0,"Floods: 1,086 victims still at relief centres in Sarawak, Sabah","KUALA LUMPUR: A total of 1,086 flood victims in Sarawak and Sabah are still taking shelter at 11 temporary relief centres (PPS) as of 8am on Wednesday (Feb 12). Read full story",https://www.thestar.com.my/news/nation/2025/02/12/floods-1086-victims-still-at-relief-centres-in-sarawak-sabah,https://apicms.thestar.com.my/uploads/images/2025/02/12/3162893.jpg,,"KUALA LUMPUR: A total of 1,086 flood victims in Sarawak and Sabah are still taking shelter at 11 temporary relief centres (PPS) as of 8am on Wednesday (Feb 12).
In Sarawak, the number of evacuees in… [+901 chars]",,"Überschwemmungen: Noch immer 1.086 Opfer in Hilfszentren in Sarawak, Sabah. KUALA LUMPUR: Am Mittwoch (12. Februar) um 8 Uhr morgens suchen insgesamt 1.086 Flutopfer in Sarawak und Sabah immer noch in 11 temporären Hilfszentren (PPS) Zuflucht. Lesen Sie die ganze Geschichte","Floods: 1,086 victims still at relief centres in Sarawak, Sabah. KUALA LUMPUR: A total of 1,086 flood victims in Sarawak and Sabah are still taking shelter at 11 temporary relief centres (PPS) as of 8am on Wednesday (Feb 12). Read full story","Inundationes: 1,086 victimae adhuc centris in Sarawak, Sabah subsidio. KUALA LUMPUR: A summa 1.086 victimarum diluvii in Sarawak et Sabah adhuc receptant ad 11 centra temporalia subsidia (PPS) sicut 8am die mercurii (Feb. 12). Read full story",2026-01-09 04:06:59+00:00
384b5d24068d9cacdd417fd31e7d3b60,2025-02-12T07:53:24Z,'flooding',nypost.com,en,0.0,Snow and freezing rain pummel the mid-Atlantic while California prepares for likely flooding,"Snow, sleet and freezing rain were expected to continue pummeling the central Appalachians and mid-Atlantic states Wednesday, while California readied for a storm that could flood areas ravaged by the recent wildfires.",https://nypost.com/2025/02/12/us-news/snow-and-freezing-rain-pummel-the-mid-atlantic-while-california-prepares-for-likely-flooding/,https://nypost.com/wp-content/uploads/sites/2/2025/02/98392207.jpg?quality=75&strip=all&w=1024,,"Snow, sleet and freezing rain were expected to continue pummeling the central Appalachians and mid-Atlantic states Wednesday, while California readied for a storm that could flood areas ravaged by th… [+5560 chars]",,"Schnee und Eisregen erschüttern den Mittelatlantik, während sich Kalifornien auf mögliche Überschwemmungen vorbereitet. Es wurde erwartet, dass Schnee, Schneeregen und gefrierender Regen am Mittwoch weiterhin die zentralen Appalachen und die mittelatlantischen Staaten heimsuchen würden, während sich Kalifornien auf einen Sturm vorbereitete, der die von den jüngsten Waldbränden verwüsteten Gebiete überschwemmen könnte.","Snow and freezing rain pummel the mid-Atlantic while California prepares for likely flooding. Snow, sleet and freezing rain were expected to continue pummeling the central Appalachians and mid-Atlantic states Wednesday, while California readied for a storm that could flood areas ravaged by the recent wildfires.","Nix et imber Pelidae medium Atlanticum dum California verisimile inundationem praeparat. Nix, pruina et pluvia congelata expectata sunt ut Appalachii centrales et mediae Atlanticae civitates Mercurii die labefactarent, cum California tempestatem paravit quae recentibus incendiis in areas inundationes depopulatus est.",2026-01-09 04:06:59+00:00
f807011f88239c0a3393a9c8fb24ddda,2025-02-12T08:23:37Z,'flooding',abcnews.go.com,en,0.0,"Snow, freezing rain pummel mid-Atlantic while California prepares for likely flooding","Snow, sleet and freezing rain are expected to continue pummeling the central Appalachians and mid-Atlantic states, while California readies for a storm that could flood areas ravaged by the recent wildfires",https://abcnews.go.com/US/wireStory/snow-freezing-rain-pummel-mid-atlantic-california-prepares-118723740,https://i.abcnewsfe.com/a/626adb30-8ac7-4d42-8ec0-54b5c3586566/wirestory_b94231bb4f5ed5c8dfc50a25f9fed738_16x9.jpg?w=1600,http://archive.md/20250212091323/https://abcnews.go.com/US/wireStory/snow-freezing-rain-pummel-mid-atlantic-california-prepares-118723740,"Snow, sleet and freezing rain were expected to continue pummeling the central Appalachians and mid-Atlantic states Wednesday, while California readied for a storm that could flood areas ravaged by th… [+5071 chars]",,"Schnee und gefrierender Regen peitschen über dem Atlantik, während Kalifornien sich auf wahrscheinliche Überschwemmungen vorbereitet. Es wird erwartet, dass weiterhin Schnee, Schneeregen und gefrierender Regen die zentralen Appalachen und die mittelatlantischen Staaten heimsuchen werden, während sich Kalifornien auf einen Sturm vorbereitet, der die von den jüngsten Waldbränden verwüsteten Gebiete überschwemmen könnte","Snow, freezing rain pummel mid-Atlantic while California prepares for likely flooding. Snow, sleet and freezing rain are expected to continue pummeling the central Appalachians and mid-Atlantic states, while California readies for a storm that could flood areas ravaged by the recent wildfires","Nix, pluvia Pelidae medium Atlanticum congelatum dum California verisimile inundationem parat. Nix, pruina et imbribus rigens exspectantur ut Appalachiani medias et medias Atlanticas civitates labefactare continuent, dum California parat procellam quae inundare areas recentes incendia vastari potuit.",2026-01-09 04:06:59+00:00
2dc32e57636fbf179654fdf89e2d6acb,2025-02-12T09:10:00Z,'flooding climate change',news.sky.com,en,0.0,"Beavers could help tackle Britain's rising flooding problems, report finds","Beavers can help tackle Britain's rising flooding problems, according to a government-sponsored report, as the political debate over whether to reintroduce them continues.",https://news.sky.com/story/beavers-could-help-tackle-britains-rising-flooding-problems-report-finds-13307710,https://e3.365dm.com/25/02/1600x900/skynews-beaver-national-trust_6826441.jpg?20250212115122,https://web.archive.org/web/20250214000021/https://news.sky.com/story/beavers-could-help-tackle-britains-rising-flooding-problems-report-finds-13307710,"Beavers can help tackle Britain's rising flooding problems, according to a government-sponsored report, as the political debate over whether to reintroduce them continues.
The review found that boos… [+3740 chars]",,"Biber könnten dabei helfen, die zunehmenden Überschwemmungsprobleme in Großbritannien anzugehen, heißt es in einem Bericht. Laut einem von der Regierung geförderten Bericht können Biber dazu beitragen, die zunehmenden Überschwemmungsprobleme in Großbritannien zu bewältigen, während die politische Debatte darüber, ob sie wieder eingeführt werden sollen, weitergeht.","Beavers could help tackle Britain's rising flooding problems, report finds. Beavers can help tackle Britain's rising flooding problems, according to a government-sponsored report, as the political debate over whether to reintroduce them continues.","Castores in inundatione difficultates inundationis Britanniae in ortu adiuvare posse, fama invenit. Castro Britanniae inundantes quaestiones inundantes occupari possunt, secundum relationem gubernationis sustentum, sicut disceptatio politica de an retractare pergit.",2026-01-09 04:06:59+00:00
de85a52e53fb62f2c891d275276fb67e,2025-02-12T09:16:00Z,'flooding area',www.thestar.com.my,en,0.0,Efforts intensify to reopen flood-affected schools in Beaufort,KOTA KINABALU: Efforts are being intensified to ensure that 14 schools affected by recent floods in Beaufort will be ready before the month-long holiday ends next Monday (February 17). Read full story,https://www.thestar.com.my/news/nation/2025/02/12/efforts-intensify-to-reopen-flood-affected-schools-in-beaufort,https://apicms.thestar.com.my/uploads/images/2025/02/12/3163820.jpg,,"KOTA KINABALU: Efforts are being intensified to ensure that 14 schools affected by recent floods in Beaufort will be ready before the month-long holiday ends next Monday (February 17).
Sabah Educati… [+1526 chars]",,"Die Bemühungen zur Wiedereröffnung der vom Hochwasser betroffenen Schulen in Beaufort werden intensiviert. KOTA KINABALU: Die Bemühungen werden intensiviert, um sicherzustellen, dass 14 von den jüngsten Überschwemmungen in Beaufort betroffene Schulen bereit sind, bevor die einmonatigen Ferien am kommenden Montag (17. Februar) enden. Lesen Sie die ganze Geschichte",Efforts intensify to reopen flood-affected schools in Beaufort. KOTA KINABALU: Efforts are being intensified to ensure that 14 schools affected by recent floods in Beaufort will be ready before the month-long holiday ends next Monday (February 17). Read full story,Nisus auget ad recludere scholas cataractas in Beaufort. KOTA KINABALU: Conatus intenduntur ut scholae XIV recentibus inundationibus in Beaufort affectae paratae sint ante dies festus mensis proximi Lunae (XVII mensis Februarii). Read full story,2026-01-09 04:06:59+00:00
f7e6edb0e1bd97fe35ae264ceacd5f0b,2025-02-12T10:06:42Z,'flooding area',www.huffpost.com,en,0.0,Snow Pummels The Mid-Atlantic While California Prepares For Likely Flooding,"In Virginia, state police reported 700 accidents and dozens of injuries Tuesday.",https://www.huffpost.com/entry/winter-weather-mid-atlantic_n_67ac7070e4b0232270781dd3,https://img.huffingtonpost.com/asset/67ac70751600002700aff689.jpeg?cache=wrkwvqmu3S&ops=1200_630,,"People sheltering with black umbrella's walk through snow at the Capitol, on Feb. 11, 2025, during a snowstorm in Washington.
Snow, sleet and freezing rain were expected to continue pummeling the ce… [+6493 chars]",,"Schnee erschüttert den Mittelatlantik, während Kalifornien sich auf wahrscheinliche Überschwemmungen vorbereitet. In Virginia meldete die Staatspolizei am Dienstag 700 Unfälle und Dutzende Verletzte.","Snow Pummels The Mid-Atlantic While California Prepares For Likely Flooding. In Virginia, state police reported 700 accidents and dozens of injuries Tuesday.","Nix Pummels medium Atlanticum Dum California parat Verisimile inundatio. In Virginia, vigilum civitatis nuntiavit DCC casus et justo iniuriarum Martis.",2026-01-09 04:06:59+00:00
5f7d2f75307312493131ef72e025cde8,2025-02-12T10:09:38Z,'flooding',english.khabarhub.com,en,0.0,Babarmahal flooded as Melamchi water pipe bursts,"KATHMANDU: A burst in the Melamchi drinking water pipe has caused severe flooding in the Babarmahal area. Water entered the premises, submerging the ground floor of the Special Court and Kathmandu District Court buildings. As a result, all documents and compu…",https://english.khabarhub.com/2025/12/436215/,https://english.khabarhub.com/wp-content/uploads/2025/02/babarmahal-flood-4-e1739354971128.jpg,,"KATHMANDU: A burst in the Melamchi drinking water pipe has caused severe flooding in the Babarmahal area.
Water entered the premises, submerging the ground floor of the Special Court and Kathmandu D… [+314 chars]",,"Babarmahal wurde überschwemmt, als die Melamchi-Wasserleitung platzte. KATHMANDU: Ein Bruch in der Trinkwasserleitung von Melamchi hat schwere Überschwemmungen in der Gegend von Babarmahal verursacht. Wasser drang in das Gelände ein und überschwemmte das Erdgeschoss der Gebäude des Sondergerichts und des Bezirksgerichts Kathmandu. Dadurch werden alle Dokumente und Computer…","Babarmahal flooded as Melamchi water pipe bursts. KATHMANDU: A burst in the Melamchi drinking water pipe has caused severe flooding in the Babarmahal area. Water entered the premises, submerging the ground floor of the Special Court and Kathmandu District Court buildings. As a result, all documents and compu…","Babarmahal inundata ut Melamchi fistula aquarum erumpit. KATHMANDU: Melamchi fistulam aquam bibens inundationem gravem in area Babarmahal inundationem attulit. Aqua premissa intravit, submergens humi pavimentum Curiae Specialis et Kathmandu District Court aedificia. Quam ob rem omnia documenta et compu...",2026-01-09 04:06:59+00:00
fea2d323f683786f0aa096b44ed88b3e,2025-02-12T10:14:00Z,'flooding',en.setopati.com,en,0.0,Babar Mahal flooded as Melamchi pipe bursts (Pictures),"A pipe of the Melamchi drinking water supply network burst at Babar Mahal of Kathmandu on Wednesday afternoon, flooding the street and buildings on either side of it.", https://en.setopati.com/social/164272 ,https://en.setopati.com/uploads/editor/Babar-Mahal-Pipe-Burst/Babar-Mahal-Pipe-Burst-Banner.jpeg,,"A pipe of the Melamchi drinking water supply network burst at Babar Mahal of Kathmandu on Wednesday afternoon, flooding the street and buildings on either side of it.
The Melamchi drinking water pip… [+703 chars]",,"Babar Mahal wurde überschwemmt, als das Melamchi-Rohr platzte (Bilder). Am Mittwochnachmittag platzte am Babar Mahal in Kathmandu ein Rohr des Melamchi-Trinkwasserversorgungsnetzes und überschwemmte die Straße und die Gebäude auf beiden Seiten.","Babar Mahal flooded as Melamchi pipe bursts (Pictures). A pipe of the Melamchi drinking water supply network burst at Babar Mahal of Kathmandu on Wednesday afternoon, flooding the street and buildings on either side of it.","Babar Mahal inundata ut Melamchi fistula erumpit (Pictures). Fistula Melamchi copia retis bibentium in Babar Mahal Kathmandu die mercurii post meridiem erupit, vicum et aedificia inundans hinc inde.",2026-01-09 04:06:59+00:00
ad925cb4d71b4c3a0e8197a798a8dca8,2025-02-12T12:15:34Z,'flooding',www.voanews.com,en,0.0,Snow and freezing rain pummel the mid-Atlantic while California prepares for likely flooding,"Snow, sleet and freezing rain were expected to continue pummeling the central Appalachians and mid-Atlantic states Wednesday, while California readied for a storm that could flood areas ravaged by the recent wildfires. 


Especially heavy snowfall — up to nea…",https://www.voanews.com/a/snow-and-freezing-rain-pummel-the-mid-atlantic-while-california-prepares-for-likely-flooding-/7972005.html,https://gdb.voanews.com/652454FC-4961-4A58-A786-5993F1BEA169.jpg,,"Snow, sleet and freezing rain were expected to continue pummeling the central Appalachians and mid-Atlantic states Wednesday, while California readied for a storm that could flood areas ravaged by th… [+4581 chars]",,"Schnee und Eisregen erschüttern den Mittelatlantik, während sich Kalifornien auf mögliche Überschwemmungen vorbereitet. Es wurde erwartet, dass Schnee, Schneeregen und gefrierender Regen am Mittwoch weiterhin die zentralen Appalachen und die mittelatlantischen Staaten heimsuchen würden, während sich Kalifornien auf einen Sturm vorbereitete, der die von den jüngsten Waldbränden verwüsteten Gebiete überschwemmen könnte. 


Besonders starker Schneefall – bis in die Nähe von …","Snow and freezing rain pummel the mid-Atlantic while California prepares for likely flooding. Snow, sleet and freezing rain were expected to continue pummeling the central Appalachians and mid-Atlantic states Wednesday, while California readied for a storm that could flood areas ravaged by the recent wildfires. 


Especially heavy snowfall — up to nea…","Nix et imber Pelidae medium Atlanticum dum California verisimile inundationem praeparat. Nix, pruina et pluvia congelata expectata sunt ut Appalachii centrales et mediae Atlanticae civitates Mercurii die labefactarent, cum California tempestatem paravit quae recentibus incendiis in areas inundationes depopulatus est. 


Maxime gravibus nix - ad nea ...",2026-01-09 04:06:59+00:00
d1d81807499f9e1e2b2fbfccccc91609,2025-02-12T12:22:26Z,'flooding rain',time.com,en,0.0,"Snow, Freezing Rain Pummel Mid-Atlantic While California Prepares for Likely Flooding",The snowstorm that blew into the mid-Atlantic states on Tuesday caused accidents on icy roads and prompted school closures.,https://time.com/7221528/snow-freezing-mid-atlantic-california-prepares-for-flooding/,https://api.time.com/wp-content/uploads/2025/02/AP25042827463046.jpg?quality=85&w=1200&h=628&crop=1,,"Snow, sleet and freezing rain were expected to continue pummeling the central Appalachians and mid-Atlantic states Wednesday, while California readied for a storm that could flood areas ravaged by th… [+5160 chars]",,"Schnee und gefrierender Regen peitschen auf den mittleren Atlantik, während Kalifornien sich auf wahrscheinliche Überschwemmungen vorbereitet. Der Schneesturm, der am Dienstag über die mittelatlantischen Staaten wehte, verursachte Unfälle auf vereisten Straßen und führte zu Schulschließungen.","Snow, Freezing Rain Pummel Mid-Atlantic While California Prepares for Likely Flooding. The snowstorm that blew into the mid-Atlantic states on Tuesday caused accidents on icy roads and prompted school closures.","Nix, glacians Nix Pummel Medium Atlanticum Dum California parat Verisimile inundationem. Nivis qui in medias Civitates Atlanticas flatus die Martis accidentia in viis glacialibus effecit et scholae commissuras excitavit.",2026-01-09 04:06:59+00:00
306c0b2cbb02be90af9cb93b3cd73ea0,2025-02-12T12:26:23Z,'flooding mudslide',consent.yahoo.com,en,0.0,California braces for flooding and mudslides as atmospheric river looms,,https://consent.yahoo.com/v2/collectConsent?sessionId=1_cc-session_a5e8bb77-88e9-4723-bf6f-75a6a73999b5,,,"If you click 'Accept all', we and our partners, including 239 who are part of the IAB Transparency &amp; Consent Framework, will also store and/or access information on a device (in other words, use … [+702 chars]",,"Kalifornien bereitet sich auf Überschwemmungen und Schlammlawinen vor, während ein atmosphärischer Fluss droht. Nan",California braces for flooding and mudslides as atmospheric river looms. nan,California adstringit ad inundationem et mudslides sicut atmosphaericum flumen imminet. nan,2026-01-09 04:06:59+00:00
bbae94920494bda3d677a142c004f90e,2025-02-12T14:00:00Z,'deluge',jalopnik.com,en,0.0,"Trump's Return-To-Office Forces 17,000 Workers Into 4,400 Parking Spaces In DC","President Donald Trump’s second term has thus far been a deluge of executive orders. They’ve largely ranged from bad to horrifying, but one always stuck out as primarily just weird and out-of-touch: A ban on remote work for the federal government. As it turns…",https://jalopnik.com/trumps-return-to-office-forces-17-000-workers-into-4-40-1851760921,"https://i.kinja-img.com/image/upload/c_fill,h_675,pg_1,q_80,w_1200/f8763871d126dd58690a3327838911c2.png",https://web.archive.org/web/20250212150640/https://jalopnik.com/trumps-return-to-office-forces-17-000-workers-into-4-40-1851760921,"President Donald Trumps second term has thus far been a deluge of executive orders. Theyve largely ranged from bad to horrifying, but one always stuck out as primarily just weird and out-of-touch: A … [+2742 chars]",,"Trumps Rückkehr ins Amt zwingt 17.000 Arbeiter auf 4.400 Parkplätze in DC. Die zweite Amtszeit von Präsident Donald Trump war bislang eine Flut von Verordnungen. Sie reichten größtenteils von schlecht bis erschreckend, aber eines stach immer in erster Linie als einfach nur seltsam und abgehoben hervor: ein Verbot der Fernarbeit für die Bundesregierung. Wie es sich dreht ...","Trump's Return-To-Office Forces 17,000 Workers Into 4,400 Parking Spaces In DC. President Donald Trump’s second term has thus far been a deluge of executive orders. They’ve largely ranged from bad to horrifying, but one always stuck out as primarily just weird and out-of-touch: A ban on remote work for the federal government. As it turns…","BUCINUM reditum-Ad-officium Copiae 17,000 Operariorum in 4,400 Quisque spatia in DC. Secundus terminus praeses Donald Trump in diluvio ordinum exsecutivorum hucusque fuit. Multum a malis ad horribile vagati sunt, sed semper adhæsit ut primario fatum et obtrectatum: bannum remotum laboris pro imperio foederati. Ut vertit…",2026-01-09 04:06:59+00:00
253e6a8638d2294f9670b7d6a25a6648,2025-02-12T16:00:00Z,'floods',www.thestar.com.my,en,0.0,RM63mil for Sabah schools,KOTA KINABALU: The Education Ministry has allocated RM63mil for schools badly affected by the recent floods in Sabah. Read full story,https://www.thestar.com.my/news/nation/2025/02/13/rm63mil-for-sabah-schools,https://apicms.thestar.com.my/uploads/images/2025/02/13/3164418.jpeg,,"KOTA KINABALU: The Education Ministry has allocated RM63mil for schools badly affected by the recent floods in Sabah.
Sabah Education Department director Datuk Raisin Saidin said the allocation was … [+2438 chars]",,"63 Mio. RM für Sabah-Schulen. KOTA KINABALU: Das Bildungsministerium hat 63 Mio. RM für Schulen bereitgestellt, die von den jüngsten Überschwemmungen in Sabah stark betroffen waren. Lesen Sie die ganze Geschichte",RM63mil for Sabah schools. KOTA KINABALU: The Education Ministry has allocated RM63mil for schools badly affected by the recent floods in Sabah. Read full story,RM63mil pro Sabah scholarum. KOTA KINABALU: Educationis Ministerium RM63mil pro scholis recentibus inundationibus in Sabah male affectis collocavit. Read full story,2026-01-09 04:06:59+00:00
10ad3e817f43e53f26c60fd64c480c2d,2025-02-12T16:32:01Z,'flooding weather',www.cnn.com,en,0.0,California storm threatens LA fire areas with flooding and debris flows as winter storm delivers snow to the Midwest,Two significant storms are hitting two different parts of the country at the same time as a frenzied weather pattern shows no signs of stopping.,https://www.cnn.com/2025/02/12/weather/winter-storms-california-debris-flows/index.html,"https://media.cnn.com/api/v1/images/stellar/prod/gettyimages-2198399694.jpg?c=16x9&q=w_800,c_fill",,"Southern Californias most significant storm in more than a year is incoming, stoking fears of life-threatening debris flows in the Los Angeles area torched by historic wildfires last month.
Its just… [+6310 chars]",,"Der Sturm in Kalifornien bedroht Brandgebiete in LA mit Überschwemmungen und Murgängen, während der Wintersturm Schnee in den Mittleren Westen bringt. Zwei schwere Stürme treffen gleichzeitig auf zwei verschiedene Teile des Landes, während das hektische Wetter keine Anzeichen für ein Ende zeigt.",California storm threatens LA fire areas with flooding and debris flows as winter storm delivers snow to the Midwest. Two significant storms are hitting two different parts of the country at the same time as a frenzied weather pattern shows no signs of stopping.,"Tempestas Californiarum LA ignium locis inundationibus et strages fluit ut hiemps tempestas nives in Midwest tradit. Duae tempestates significantes duas diversas regiones partes simul feriunt, ut rabiosa tempestas exemplaria nulla signa cessandi ostendat.",2026-01-09 04:06:59+00:00
96a3c16692a3bfe6a34ead546dc7ae6c,2025-02-12T17:45:44Z,'flooding house',biztoc.com,en,0.0,North Carolina legislators fleshing out details on $500M in additional Hurricane Helene relief,"North Carolina House members advanced Wednesday a Republican package to boost state recovery funding after Hurricane Helene as committees fleshed out details on how best to spend another $500 million to address the historic flooding.
The House's budget-writin…",https://biztoc.com/x/9aa5b6113767078c,https://biztoc.com/cdn/809/og.png,,North Carolina House members advanced Wednesday a Republican package to boost state recovery funding after Hurricane Helene as committees fleshed out details on how best to spend another $500 million… [+144 chars],,"Die Gesetzgeber von North Carolina konkretisieren Einzelheiten zu 500 Millionen US-Dollar zusätzlicher Hurrikan-Helene-Hilfe. Mitglieder des Repräsentantenhauses von North Carolina brachten am Mittwoch ein republikanisches Paket zur Aufstockung der staatlichen Wiederaufbaufinanzierung nach Hurrikan Helene vor, während die Ausschüsse Einzelheiten darüber ausarbeiteten, wie weitere 500 Millionen US-Dollar am besten für die Bewältigung der historischen Überschwemmungen ausgegeben werden können.
Der Haushaltsentwurf des Repräsentantenhauses…","North Carolina legislators fleshing out details on $500M in additional Hurricane Helene relief. North Carolina House members advanced Wednesday a Republican package to boost state recovery funding after Hurricane Helene as committees fleshed out details on how best to spend another $500 million to address the historic flooding.
The House's budget-writin…","Legislatores Carolina Septentrionalis singula in $500M exsanguescentia in subsidio Procellae Helene addito. Membra Carolina Domus septentrionalis Mercurii ad sarcinam republicanam provectae ad boost statum recuperationis sumptu post Hurricane Helene in comitiis exsculptis singula in quam optimum $ 500 decies centena millia ad inundationem historicam electronicam adhibuerunt.
Domus scriptor budget-scriptu...",2026-01-09 04:06:59+00:00
69b65ba221150a4f0faa6cf64ed9de1c,2025-02-12T18:32:57Z,'flooding atmospheric river',slashdot.org,en,0.0,LA fire areas brace for ‘life-threatening’ debris flows from the worst storm in a year as heavy snow hits the Midwest - CNN,"LA fire areas brace for ‘life-threatening’ debris flows from the worst storm in a year as heavy snow hits the MidwestCNN ‘High risk of flooding, debris flow’ on Thursday as powerful rainstorm hits Southern CaliforniaLos Angeles Times Atmospheric river takes a…",https://slashdot.org/firehose.pl?op=view&amp;id=176206153,,,"""There is nothing new under the sun, but there are lots of old things 
 we don't know yet.""
 -Ambrose Bierce",,"LA-Brandgebiete bereiten sich auf „lebensgefährliche“ Trümmerströme des schlimmsten Sturms seit einem Jahr vor, da starker Schneefall den Mittleren Westen trifft – CNN. LA-Brandgebiete bereiten sich auf „lebensbedrohliche“ Murgänge des schlimmsten Sturms seit einem Jahr vor, da starker Schneefall den Mittleren Westen trifft. CNN „Hohe Überschwemmungsgefahr, Murgang“ am Donnerstag, als starker Regensturm Südkalifornien trifft. Los Angeles Times Atmosphärischer Fluss nimmt eine…","LA fire areas brace for ‘life-threatening’ debris flows from the worst storm in a year as heavy snow hits the Midwest - CNN. LA fire areas brace for ‘life-threatening’ debris flows from the worst storm in a year as heavy snow hits the MidwestCNN ‘High risk of flooding, debris flow’ on Thursday as powerful rainstorm hits Southern CaliforniaLos Angeles Times Atmospheric river takes a…","LA ignis areas ue pro 'minaret' strages fluit ex pessima tempestate in anno sicut gravis nivis in Midwest - Cnn. LA ignis areas ue pro 'minaret' strages fluit ex pessima tempestate in anno sicut gravis nivis percusserit MidwestCNN 'Maximum periculum inundationis, obstantia fluunt' die Iovis sicut imber validus in California Los Angeles Times flumen Atmosphaericum percusserit.",2026-01-09 04:06:59+00:00
a0a40bf1960437cc5f8732232ca15335,2025-02-12T18:55:58Z,'flooding rain',www.wired.com,en,0.0,California’s Problem Now Isn’t Fire—It’s Rain,"Torrential rain is expected this week in Los Angeles, which risks producing flash flooding and landslides in areas stripped of vegetation by the recent wildfires.",https://www.wired.com/story/californias-problem-now-isnt-fire-its-rain-wildfires-atmospheric-rivers/,"https://media.wired.com/photos/67ace1963ac672c9d718f47f/191:100/w_1280,c_limit/science_rain_GettyImages-1677883325.jpg",https://web.archive.org/web/20250212190049/https://www.wired.com/story/californias-problem-now-isnt-fire-its-rain-wildfires-atmospheric-rivers/,"Californias weather whiplash has been a problem dating back centuries, or more. Fire is a natural and necessary part of Californias diverse ecosystems, but the so-called expanding bulls-eye of urban … [+3706 chars]",,"Kaliforniens Problem ist jetzt nicht mehr Feuer, sondern Regen. Diese Woche werden in Los Angeles sintflutartige Regenfälle erwartet, die in Gebieten, die durch die jüngsten Waldbrände ihre Vegetation verloren haben, zu Sturzfluten und Erdrutschen führen können.","California’s Problem Now Isn’t Fire—It’s Rain. Torrential rain is expected this week in Los Angeles, which risks producing flash flooding and landslides in areas stripped of vegetation by the recent wildfires.","California's Problema Nunc Ignis non est-It's Pluviae. Pluvia torrentia hac septimana exspectatur in Los Angeles, quae periculum est producere inundationem et prolapsam in locis vegetationis recentibus incendiis spoliatos.",2026-01-09 04:06:59+00:00
9a8ab3057cb22317af4b81cf37a80390,2025-02-12T19:20:49Z,'flooding',www.bostonherald.com,en,0.0,Eastern storm cuts power to tens of thousands as California braces for flooding,"Heavy snow, freezing rain, and an atmospheric river are in the nation's forecast.",https://www.bostonherald.com/2025/02/12/eastern-storm-cuts-power-to-tens-of-thousands-as-california-braces-for-flooding/,https://www.bostonherald.com/wp-content/uploads/2025/02/Winter_Weather_36087_f01332.jpg?w=1024&h=682,,"By BEN FINLEY and JOHN RABY
Storms dumped heavy snow and freezing rain on a swath of the eastern U.S. stretching from Kentucky to the nation’s capital, causing hundreds of traffic accidents, knockin… [+7194 chars]",,"Der Sturm im Osten unterbricht die Stromversorgung für Zehntausende Menschen, während sich Kalifornien auf Überschwemmungen vorbereitet. Starke Schneefälle, gefrierender Regen und ein atmosphärischer Fluss sind in der Prognose des Landes enthalten.","Eastern storm cuts power to tens of thousands as California braces for flooding. Heavy snow, freezing rain, and an atmospheric river are in the nation's forecast.","Tempestas orientalis potestatem secat ad decem milia sicut California ad inundationem adstringit. Gravis nix, imbres rigens et atmosphaericus amnis in prospiciendo nationis sunt.",2026-01-09 04:06:59+00:00
e957ae6da91b15a770d6e931c9bf921f,2025-02-12T21:14:29Z,'floods',www.abc.net.au,en,0.0,Rain eases but heatwave could be next for flood-ravaged Queensland,"Temperatures in the state are rising as Queenslanders clean up after devastating floods. Yesterday in the west, the mercury at Birdsville pushed past 47.2C.",https://www.abc.net.au/news/2025-02-13/queensland-floods-rain-heatwave-weather-forecast/104926814,https://live-production.wcms.abc-cdn.net.au/02c6a1078ef9e5af95cac39ad6c47963?impolicy=wcms_watermark_news&cropH=2232&cropW=3968&xPos=0&yPos=372&width=862&height=485&imformat=generic,https://web.archive.org/web/20250213104505/https://www.abc.net.au/news/2025-02-13/queensland-floods-rain-heatwave-weather-forecast/104926814,"The worst of the rain has moved offshore but scattered showers are persisting across Queensland as flood recovery efforts continue.
As floodwaters recede a heatwave warning has been issued for the N… [+3528 chars]",,"Der Regen lässt nach, aber für das von Überschwemmungen heimgesuchte Queensland könnte als nächstes eine Hitzewelle kommen. Die Temperaturen im Bundesstaat steigen, während die Bewohner Queenslands nach verheerenden Überschwemmungen aufräumen. Gestern stiegen die Temperaturen im Westen bei Birdsville auf über 47,2 °C.","Rain eases but heatwave could be next for flood-ravaged Queensland. Temperatures in the state are rising as Queenslanders clean up after devastating floods. Yesterday in the west, the mercury at Birdsville pushed past 47.2C.","Pluviis eases sed heatwave proximus esse potuit ad reginam inundationem depopulatam. Temperaturae in re publica exsurgunt, ut Reginenses post diluvia vastata purgant. Heri in occidente, Mercurius in Birdsville transiit 47.2C.",2026-01-09 04:06:59+00:00
feb303f1df5126ca9ffb82a0a3c8c1ca,2025-02-12T21:42:13Z,'flooding',www.forbes.com,en,0.0,500-Year-Old Diaries Chronicle Harsh Human Toll Of Climate Extremes,"Flooding, famine, plagues. Historical documents from diaries to parish registers detail the dramatic impacts of the Little Ice Age in 16th century Transylvania.",https://www.forbes.com/sites/lesliekatz/2025/02/12/500-year-old-diaries-chronicle-harsh-human-toll-of-climate-extremes/,"https://imageio.forbes.com/specials-images/imageserve/67ad0faaadb2113c3e2c198c/0x0.jpg?format=jpg&crop=682,384,x0,y8,safe&height=900&width=1600&fit=bounds",http://archive.md/20250213141122/https://www.forbes.com/sites/lesliekatz/2025/02/12/500-year-old-diaries-chronicle-harsh-human-toll-of-climate-extremes/,"The Romanian researchers studied sources including diaries, travel notes and parish or monastery ... [+] registers.
Gaceu et al., 2024
The hot, dry summer of 1540 was brutal for residents of Transy… [+4191 chars]",,"500 Jahre alte Tagebücher dokumentieren den harten Tribut der Klimaextreme an die Menschheit. Überschwemmungen, Hungersnöte, Seuchen. Historische Dokumente, von Tagebüchern bis hin zu Kirchenbüchern, beschreiben detailliert die dramatischen Auswirkungen der Kleinen Eiszeit im Siebenbürgen des 16. Jahrhunderts.","500-Year-Old Diaries Chronicle Harsh Human Toll Of Climate Extremes. Flooding, famine, plagues. Historical documents from diaries to parish registers detail the dramatic impacts of the Little Ice Age in 16th century Transylvania.","500-Year-Vetus Diaria Chronici Harsh Humani Tolli De Finibus Clima. Inundatio, fames, pestes. Documenta historica e diariis in regestis paroecialibus perstringunt dramaticos impetus aetatis Parvae Ice aetatis in Transylvania 16th century.",2026-01-09 04:06:59+00:00
35ba192a8fd8044b0e046c9ab3e27f65,2025-02-13T00:00:00Z,'deluge',sustainability.stanford.edu,en,0.0,"Los Angeles groundwater remained depleted after 2023 deluge, study finds","Historic rains filled Greater Los Angeles reservoirs and shallow aquifers nearly to capacity in 2023. But according to a new analysis, drought conditions persisted in deeper aquifers.",https://sustainability.stanford.edu/news/los-angeles-groundwater-remained-depleted-after-2023-deluge-study-finds,https://news.stanford.edu/__data/assets/image/0024/165507/Gettyimages-1612700626.jpg,https://web.archive.org/web/20250214213032/https://sustainability.stanford.edu/news/los-angeles-groundwater-remained-depleted-after-2023-deluge-study-finds,The greater Los Angeles area has long been subject of intense seismographic monitoring. A network of highly sensitive seismometers peppers the region on a constant vigil for earthquakes. Now research… [+4871 chars],,"Das Grundwasser von Los Angeles blieb nach der Überschwemmung im Jahr 2023 erschöpft, wie eine Studie zeigt. Historische Regenfälle füllten die Stauseen und flachen Grundwasserleiter im Großraum Los Angeles im Jahr 2023 fast bis zur Kapazitätsgrenze. Einer neuen Analyse zufolge hielten die Dürrebedingungen jedoch in tieferen Grundwasserleitern an.","Los Angeles groundwater remained depleted after 2023 deluge, study finds. Historic rains filled Greater Los Angeles reservoirs and shallow aquifers nearly to capacity in 2023. But according to a new analysis, drought conditions persisted in deeper aquifers.","Los Angeles groundwater remanente exhaustum post 2023 diluvium, studium invenit. Pluviae historicae maiores Los Angeles receptacula et vadum aquiferorum prope capacitatem anno 2023 impleverunt. Sed secundum novam analysim, siccitatis conditiones in profundioribus aquiferis perseveraverunt.",2026-01-09 04:06:59+00:00
792d110b551ccfb23341e037aff09b85,2025-02-13T01:12:57Z,'flooding military',freerepublic.com,en,0.0,Beavers Complete Czech Government’s Dam Project After Seven Years of Delays,"Beavers have saved the Czech government and its citizens $1.2 million by flooding what used to be an army training site, where a dam was planned, by building one of their own. Local officials had intended to build a dam to protect the Klabava River and its ec…",https://freerepublic.com/focus/f-chat/4297162/posts,,,"Skip to comments.
Beavers Complete Czech Governments Dam Project After Seven Years of DelaysGreek Reporter ^
 | February 13, 2025
 | Luis Mendoza
Posted on 02/12/2025 5:12:57 PM PST by nickcarraw… [+4040 chars]",,"Biber schließen Staudammprojekt der tschechischen Regierung nach sieben Jahren Verzögerung ab. Biber haben der tschechischen Regierung und ihren Bürgern 1,2 Millionen US-Dollar erspart, indem sie durch den Bau eines eigenen Staudamms einen ehemaligen Truppenübungsplatz überschwemmten. Lokale Beamte hatten geplant, einen Damm zu bauen, um den Fluss Klabava und seine Umgebung zu schützen.","Beavers Complete Czech Government’s Dam Project After Seven Years of Delays. Beavers have saved the Czech government and its citizens $1.2 million by flooding what used to be an army training site, where a dam was planned, by building one of their own. Local officials had intended to build a dam to protect the Klabava River and its ec…","Beavers Complete Czech Government's Dam Project Post septem annos morarum. Castores regimen Czech et cives eius $1.2 miliones inundatione servaverunt quod usus est situs disciplinae exercitus, ubi matrum instituebatur, unum ex suis aedificando. Magistratus locales constituerant matram aedificare Flumen Klabava eiusque ec…",2026-01-09 04:06:59+00:00
08ba44f2b33d4b9e9e2fc33715719ff2,2025-02-13T03:47:21Z,'flooding',www.perthnow.com.au,en,0.0,Severe Tropical Cyclone Zelia: Very destructive cyclone intensifying rapidly off coast of Port Hedland,Cyclone Zelia has intensified to a category 5 system and is set to bring flash flooding and destructive winds up to 290km/h if it crosses the coast.,https://www.perthnow.com.au/news/severe-weather/severe-tropical-cyclone-zelia-very-destructive-cyclone-intensifying-rapidly-off-coast-of-port-hedland-c-17708709,https://images.perthnow.com.au/publication/C-17708709/0401e0199dcea49f2935d0f864412fd735ab1128-16x9-x0y0w1920h1080.jpg?imwidth=1200,https://web.archive.org/web/20250213042445/https://www.perthnow.com.au/news/severe-weather/severe-tropical-cyclone-zelia-very-destructive-cyclone-intensifying-rapidly-off-coast-of-port-hedland-c-17708709,"A second evacuation centre is being opened at Karratha Leisureplex from 3pm.
The Department of Communities is setting up the centre, located on the Dampier Highway, opposite Broadhurst Road, Stove H… [+575 chars]",,"Schwerer tropischer Wirbelsturm Zelia: Sehr zerstörerischer Wirbelsturm, der sich vor der Küste von Port Hedland schnell intensiviert. Zyklon Zelia hat sich zu einem System der Kategorie 5 entwickelt und wird Sturzfluten und zerstörerische Winde mit Geschwindigkeiten von bis zu 290 km/h verursachen, wenn er die Küste überquert.",Severe Tropical Cyclone Zelia: Very destructive cyclone intensifying rapidly off coast of Port Hedland. Cyclone Zelia has intensified to a category 5 system and is set to bring flash flooding and destructive winds up to 290km/h if it crosses the coast.,Gravis Cyclone Tropical Zelia: cyclone perniciosissima valde augetur celeriter ad litus Portus Hedland. Cyclone Zelia ad categoriam 5 systema intendit et posuit ut ventos inundationes et perniciosas splendidas efficere usque ad 290km/h si oram transit.,2026-01-09 04:06:59+00:00
7d2b3a104d106aef3ca3aefed3d969e6,2025-02-13T06:01:43Z,'flooding',www.insurancejournal.com,en,0.0,Stretch of NC Interstate that Collapsed in Helene to Reopen by March 1,"WAYNESVILLE, N.C. (AP) — A section of Interstate 40 in western North Carolina that collapsed during Hurricane Helene’s historic flooding will reopen to traffic by March 1, Gov. Josh Stein announced Monday while visiting the roadway’s shuttered portion and mee…",https://www.insurancejournal.com/news/southeast/2025/02/13/811741.htm,https://www.insurancejournal.com/app/uploads/2025/02/AP24355860942749.jpg,,"WAYNESVILLE, N.C. (AP) A section of Interstate 40 in western North Carolina that collapsed during Hurricane Helene’s historic flooding will reopen to traffic by March 1, Gov. Josh Stein announced Mon… [+2282 chars]",,"Abschnitt der North Carolina Interstate, der in Helene eingestürzt ist, soll am 1. März wieder geöffnet werden. WAYNESVILLE, N.C. (AP) – Ein Abschnitt der Interstate 40 im Westen von North Carolina, der während der historischen Überschwemmung durch Hurrikan Helene eingestürzt ist, wird am 1. März wieder für den Verkehr freigegeben, gab Gouverneur Josh Stein am Montag bekannt, als er den geschlossenen Teil der Straße besuchte und sich traf…","Stretch of NC Interstate that Collapsed in Helene to Reopen by March 1. WAYNESVILLE, N.C. (AP) — A section of Interstate 40 in western North Carolina that collapsed during Hurricane Helene’s historic flooding will reopen to traffic by March 1, Gov. Josh Stein announced Monday while visiting the roadway’s shuttered portion and mee…","Tractus de NC Interstate quod Collapsum in Helene ad Reopen per March 1. WAYNESVILLE, N.C. (AP) — Sectio Interstatis 40 in Carolina septentrionali occidentali quae in inundatione Hurricane influentia historica concidit erit negotiatio a die 1 Martii, Gov.",2026-01-09 04:06:59+00:00
a56fa758913d5a9864cea79a6aa17e7b,2025-02-13T07:54:53Z,'flooding',www.thejournal.ie,en,0.0,"Wet and windy day ahead, with Met Éireann warning of spot flooding",There has been a Status Yellow rain warning issued for Cork,https://www.thejournal.ie/wet-and-windy-day-ahead-with-met-eireann-warning-of-spot-flooding-6621493-Feb2025/,https://img2.thejournal.ie/article/6621493/river/?height=400&version=6621507,http://wayback.archive-it.org/all/20250213075743/https://www.thejournal.ie/wet-and-windy-day-ahead-with-met-eireann-warning-of-spot-flooding-6621493-Feb2025/,"A WET AND windy couple of days are in store, Met Éireann predicts, with the southeast to see the worst of it.
There has been a Status Yellow rain warning issued for Cork, which will be in place from… [+1207 chars]",,"Es steht ein nasser und windiger Tag bevor, Met Éireann warnt vor punktuellen Überschwemmungen. Für Cork wurde eine Regenwarnung mit dem Status „Gelb“ ausgegeben","Wet and windy day ahead, with Met Éireann warning of spot flooding. There has been a Status Yellow rain warning issued for Cork","Infectum et ventosum diem praemisit, cum Metaph Éireann monitu maculae inundantis. Status Yellow pluvia admonitio edita in Corcagiensis",2026-01-09 04:06:59+00:00
1e9c891baa0c3a04b9b99b429065ae4d,2025-02-13T13:34:41Z,'flooding rain',economictimes.indiatimes.com,en,0.0,"Californians brace for flooding in areas torched by wildfires as freezing rain, snow aim for Oregon","Heavy rain from an atmospheric river is hitting California, causing flooding risks in wildfire-ravaged areas. Portland and other cities are preparing for snow and ice, with emergency shelters open. The eastern U.S. is recovering from heavy snow and power outa…",https://economictimes.indiatimes.com/news/international/global-trends/californians-brace-for-flooding-in-areas-torched-by-wildfires-as-freezing-rain-snow-aim-for-oregon/articleshow/118217750.cms,"https://img.etimg.com/thumb/msid-118217771,width-1200,height-630,imgsize-60196,overlay-economictimes/articleshow.jpg",,"Rain has begun falling in California where an atmospheric river is expected to bring heavy downpours, winds and flooding Thursday to areas ravaged by wildfires. Ahead of the storm's arrival, official… [+5386 chars]",,"Die Kalifornier bereiten sich auf Überschwemmungen in von Waldbränden heimgesuchten Gebieten vor, während in Oregon Eisregen und Schnee drohen. Heftiger Regen aus einem atmosphärischen Fluss trifft Kalifornien und führt zu Überschwemmungsrisiken in den von Waldbränden heimgesuchten Gebieten. Portland und andere Städte bereiten sich auf Schnee und Eis vor und haben Notunterkünfte geöffnet. Der Osten der USA erholt sich von heftigen Schneefällen und Stromausfällen …","Californians brace for flooding in areas torched by wildfires as freezing rain, snow aim for Oregon. Heavy rain from an atmospheric river is hitting California, causing flooding risks in wildfire-ravaged areas. Portland and other cities are preparing for snow and ice, with emergency shelters open. The eastern U.S. is recovering from heavy snow and power outa…","Californians inundationem in locis cenderunt ab incendiis feris ut pluviam rigentem, nix pro Oregon appetere. Imbribus gravis ex flumine atmosphaerico Californiam feriat, inundationem periculorum in locis ignitis vastis faciens. Portlandia et aliae urbes nivem et glaciem parant, cum tabernaculis repentinis patent. US orientem ex gravibus nix et potentia outa recuperat ...",2026-01-09 04:06:59+00:00
b4cde978076a9f23e70d7733fd91d255,2025-02-13T13:42:16Z,'flooding rain',abcnews.go.com,en,0.0,"Californians brace for flooding in areas torched by wildfires as freezing rain, snow aim for Oregon","Rain has begun falling in California where an atmospheric river is expected to bring heavy downpours, winds and flooding to areas ravaged by wildfires",https://abcnews.go.com/US/wireStory/californians-brace-flooding-areas-torched-wildfires-freezing-rain-118770814,https://i.abcnewsfe.com/a/56a5147a-8ff7-4b86-a4d3-d7e97e2005f6/wirestory_d00f3bf4f37d073d16dabef98197597e_16x9.jpg?w=1600,,"Rain has begun falling in California where an atmospheric river is expected to bring heavy downpours, winds and flooding Thursday to areas ravaged by wildfires. Ahead of the storms arrival, officials… [+5306 chars]",,"Die Kalifornier bereiten sich auf Überschwemmungen in von Waldbränden heimgesuchten Gebieten vor, während in Oregon Eisregen und Schnee drohen. In Kalifornien hat es begonnen zu regnen, wo ein atmosphärischer Fluss voraussichtlich heftige Regenfälle, Winde und Überschwemmungen in die von Waldbränden heimgesuchten Gebiete bringen wird","Californians brace for flooding in areas torched by wildfires as freezing rain, snow aim for Oregon. Rain has begun falling in California where an atmospheric river is expected to bring heavy downpours, winds and flooding to areas ravaged by wildfires","Californians inundationem in locis cenderunt ab incendiis feris ut pluviam rigentem, nix pro Oregon appetere. Imber in California incepit cadere ubi expectatur atmosphaericus fluvius graves pluvias, ventos et inundationes in areas per ignes ferorum depopulatas.",2026-01-09 04:06:59+00:00
c2888bd329d7773f88d97998b8c5d66e,2025-02-13T13:44:26Z,'flooding residents',economictimes.indiatimes.com,en,0.0,Cobb County flood alert: NWS warns of rising waters — What you need to know,"A flood warning for Cobb County has been issued, with minor flooding expected. Authorities urge residents to take precautions and follow safety guidelines.",https://economictimes.indiatimes.com/news/international/us/cobb-county-flood-alert-nws-warns-of-rising-waters-what-you-need-to-know/articleshow/118217837.cms,"https://img.etimg.com/thumb/msid-118218000,width-1200,height-630,imgsize-446268,overlay-economictimes/articleshow.jpg",https://web.archive.org/web/20250213134941/https://economictimes.indiatimes.com/news/international/us/cobb-county-flood-alert-nws-warns-of-rising-waters-what-you-need-to-know/articleshow/118217837.cms,"The National Weather Service (NWS) has issued an updated flood warning for Cobb County from 4 am to 5 pm on Thursday, warning of minor flooding in Noses Creek near Powder Springs Road.At 11 feet floo… [+3065 chars]",,"Überschwemmungsalarm für Cobb County: NWS warnt vor steigendem Wasser – Was Sie wissen müssen. Für Cobb County wurde eine Überschwemmungswarnung herausgegeben, es wird mit geringfügigen Überschwemmungen gerechnet. Die Behörden fordern die Bewohner auf, Vorsichtsmaßnahmen zu treffen und die Sicherheitsrichtlinien zu befolgen.","Cobb County flood alert: NWS warns of rising waters — What you need to know. A flood warning for Cobb County has been issued, with minor flooding expected. Authorities urge residents to take precautions and follow safety guidelines.","Cobb Comitatus diluvium erectus: NWS admonet aquas ortu — Quod scire debes. Monitum inundatio pro Comitatu Cobb edita est, cum minor inundatio exspectatur. Auctoritates incolas hortantur ut cautum sit et normas salutis subsequantur.",2026-01-09 04:06:59+00:00
c65333b28aee29c2ccfed99696ec02f5,2025-02-13T14:00:00Z,'floods',journals.plos.org,en,0.0,Managing flash flood crises with cultural perspectives: A user-centric feature identification study,"Flash floods are severe disaster that have caused enormous damage to people, property, and the environment. Despite the conventional emphasis on technical and engineering solutions in controlling flash flood disasters, this study investigates the understudied…",https://journals.plos.org/plosone/article?id=10.1371/journal.pone.0318996,https://journals.plos.org/plosone/article/figure/image?id=10.1371/journal.pone.0318996.g004&size=inline,,"Abstract
Flash floods are severe disaster that have caused enormous damage to people, property, and the environment. Despite the conventional emphasis on technical and engineering solutions in contr… [+59601 chars]",,"Bewältigung von Sturzflutkrisen mit kulturellen Perspektiven: Eine benutzerzentrierte Studie zur Merkmalsidentifizierung. Sturzfluten sind schwere Katastrophen, die enorme Schäden an Menschen, Eigentum und der Umwelt angerichtet haben. Trotz der herkömmlichen Betonung technischer und ingenieurtechnischer Lösungen zur Bewältigung von Sturzflutkatastrophen untersucht diese Studie die wenig erforschten…","Managing flash flood crises with cultural perspectives: A user-centric feature identification study. Flash floods are severe disaster that have caused enormous damage to people, property, and the environment. Despite the conventional emphasis on technical and engineering solutions in controlling flash flood disasters, this study investigates the understudied…","Diluvium mico administrandi discriminum cum prospectibus culturalibus: A pluma usoris centricae cognitionis studium. Inundationes Flash sunt graves calamitates quae immanem stragem hominibus, proprietatibus et ambitu attulerunt. Quamvis conventional structurae solutiones technicas et machinales in diluvio calamitatum mico moderante, hoc studium pervestigatum investiget…",2026-01-09 04:06:59+00:00
16539cb7927ead5be7d039f960b4ae2b,2025-02-13T14:09:00Z,'flooding mudslide',www.cbsnews.com,en,0.0,Evacuation warnings issued for Los Angeles wildfire burn areas amid mudslide threat,"Another major storm system threatening the West Coast with rain, mudslides and flooding is triggering new evacuation warnings in areas of California impacted by last month's wildfires. CBS News national weather correspondent Rob Marciano has more.",https://www.cbsnews.com/video/evacuation-warnings-issued-for-los-angeles-wildfire-burn-areas-amid-mudslide-threat/,https://assets1.cbsnewsstatic.com/hub/i/r/2025/02/13/198a77fd-c8b5-4de3-a4ce-c14bf7311e04/thumbnail/1200x630/58c81b71164b084cdb5e96b154ca441e/cbsn-fusion-evacuation-warnings-issued-for-los-angeles-wildfire-burn-areas-amid-mudslide-threat-thumbnail.jpg?v=905524240eba4a810b7648f150c98fe0,,"Watch CBS News
Copyright ©2025 CBS Interactive Inc. All rights reserved.
Get browser notifications for breaking news, live events, and exclusive reporting.
Not NowTurn On",,"Evakuierungswarnungen für verheerende Brandgebiete in Los Angeles wegen drohender Schlammlawinen herausgegeben. Ein weiteres großes Sturmsystem, das die Westküste mit Regen, Schlammlawinen und Überschwemmungen bedroht, löst in Gebieten Kaliforniens, die von den Waldbränden im letzten Monat betroffen waren, neue Evakuierungswarnungen aus. Der nationale Wetterkorrespondent von CBS News, Rob Marciano, hat mehr.","Evacuation warnings issued for Los Angeles wildfire burn areas amid mudslide threat. Another major storm system threatening the West Coast with rain, mudslides and flooding is triggering new evacuation warnings in areas of California impacted by last month's wildfires. CBS News national weather correspondent Rob Marciano has more.","Evacuatio admonitiones editae in Los Angeles ignem ferum in locis inter mudslide comminationis. Alia maior tempestas systematis occidentis oram pluviae, mudslides et inundationis minatur excitat novas cautiones evacuationis in locis Californiae ab ultimo mense incendiis impingente. CBS Nuntii nationalis tempestas correspondent Rob Marciano plura habet.",2026-01-09 04:06:59+00:00
0ea11b62f1cac449cfbddae4602caef7,2025-02-13T14:13:00Z,'flooding rain',www.cbsnews.com,en,0.0,"From mudslides to tornadoes, dangerous weather impacts millions across U.S.","More than 45 million Americans are under winter weather warnings or advisories. While much of the mid-Atlantic digs out from a major winter storm, another system threatens the West Coast with rain, mudslides and flooding, triggering evacuation warnings.",https://www.cbsnews.com/video/from-mudslides-to-tornadoes-dangerous-weather-impacts-millions-across-us/,https://assets2.cbsnewsstatic.com/hub/i/r/2025/02/13/1ea87e73-f40a-47fb-85af-7fc683ddf8a2/thumbnail/1200x630/78a8794d40bd99956102f26337742d2a/0213-cmo-snowstormwrap-kbilo.jpg?v=905524240eba4a810b7648f150c98fe0,https://web.archive.org/web/20250214071156/https://www.cbsnews.com/video/from-mudslides-to-tornadoes-dangerous-weather-impacts-millions-across-us/,"Watch CBS News
Copyright ©2025 CBS Interactive Inc. All rights reserved.
Get browser notifications for breaking news, live events, and exclusive reporting.
Not NowTurn On",,"Von Schlammlawinen bis hin zu Tornados sind Millionen von Menschen in den USA von gefährlichen Wetterbedingungen betroffen. Mehr als 45 Millionen Amerikaner unterliegen Winterwarnungen oder -warnungen. Während ein großer Teil des Mittelatlantiks von einem schweren Wintersturm verschont bleibt, bedroht ein anderes System die Westküste mit Regen, Schlammlawinen und Überschwemmungen, was Evakuierungswarnungen auslöst.","From mudslides to tornadoes, dangerous weather impacts millions across U.S.. More than 45 million Americans are under winter weather warnings or advisories. While much of the mid-Atlantic digs out from a major winter storm, another system threatens the West Coast with rain, mudslides and flooding, triggering evacuation warnings.","Ex mudslides ad tornados, tempestates periculosae plus quam 45 miliones trans US. Dum multum mediae Atlanticae ex tempestate maiore hiemali eruitur, alia ratio Occidentem Oram pluviam, turbationes et inundationes, monita evacuationis excitat.",2026-01-09 04:06:59+00:00
81fd46fa31a04ba136e63bbe35fe08ea,2025-02-13T17:33:21Z,'flooding landslide',www.kqed.org,en,0.0,"Bay Area Hit by Heavy Rain, Flooding and Landslides; Thousands Without Power","A strong storm hitting California has caused highway flooding, power outages and a few landslides across the Bay Area, with the Santa Cruz Mountains hit the hardest.",https://www.kqed.org/news/12026874/bay-area-heavy-rain-flooding-landslides-thousands-without-power,https://cdn.kqed.org/wp-content/uploads/sites/10/2025/02/20241122_NorcalStorm_GC-12_qed-1-1020x680.jpg,,"“There’s a trend towards the atmospheric river storms that make landfall getting warmer,” he said. “They’ll tend to produce more rainfall than snow, which creates runoff right away.”
All that water … [+1384 chars]",,"Bay Area von starkem Regen, Überschwemmungen und Erdrutschen heimgesucht; Tausende ohne Strom. Ein starker Sturm, der Kalifornien heimgesucht hat, hat in der gesamten Bay Area zu Überschwemmungen auf Autobahnen, Stromausfällen und einigen Erdrutschen geführt, wobei die Santa Cruz Mountains am stärksten betroffen waren.","Bay Area Hit by Heavy Rain, Flooding and Landslides; Thousands Without Power. A strong storm hitting California has caused highway flooding, power outages and a few landslides across the Bay Area, with the Santa Cruz Mountains hit the hardest.","Bay Area Hit by Gravis Pluviae, Inundatio et Landslides; Milia sine virtute. Fortis tempestas ingruentem Californiam viam inundationem, potentias outages et paucas regiones per Bay Areas prolapsas effecit, cum Santa Cruz Montes durissimos percussit.",2026-01-09 04:06:59+00:00
a8a632aec1afe728d423a2984e0dbda8,2025-02-13T17:56:07Z,'flooding',www.bostonherald.com,en,0.0,"Californians brace for flooding in areas torched by wildfires as freezing rain, snow aim for Oregon",An atmospheric river is expected to bring heavy downpours to areas ravaged by California wildfires.,https://www.bostonherald.com/2025/02/13/california-rain-oregon-snow/,https://www.bostonherald.com/wp-content/uploads/2025/02/Washington_Weather_11906_795a91.jpg?w=1024&h=682,https://web.archive.org/web/20250214201832/https://www.bostonherald.com/2025/02/13/california-rain-oregon-snow/,"An atmospheric river is expected to bring heavy downpours to areas ravaged by California wildfires. 
Originally Published: February 13, 2025 at 12:56 PM EST",,"Die Kalifornier bereiten sich auf Überschwemmungen in von Waldbränden heimgesuchten Gebieten vor, während in Oregon Eisregen und Schnee drohen. Es wird erwartet, dass ein atmosphärischer Fluss schwere Regenfälle in die von den Waldbränden in Kalifornien verwüsteten Gebiete bringen wird.","Californians brace for flooding in areas torched by wildfires as freezing rain, snow aim for Oregon. An atmospheric river is expected to bring heavy downpours to areas ravaged by California wildfires.","Californians inundationem in locis cenderunt ab incendiis feris ut pluviam rigentem, nix pro Oregon appetere. Flumen atmosphaericum expectatur ut graves imbres ad areas per California incendia vastatas afferat.",2026-01-09 04:06:59+00:00
a91a2996b8636eed6470f354390ac6ed,2025-02-13T18:31:16Z,'flooding weather',www.cbsnews.com,en,0.0,U.S. aircraft carrier collides with merchant vessel near Egypt,"There were no reports of injuries or flooding after the USS Harry S. Truman was involved in a collision, the Navy said.",https://www.cbsnews.com/news/uss-harry-truman-aircraft-carrier-collision-egypt/,https://assets3.cbsnewsstatic.com/hub/i/r/2025/02/13/e6c28535-20e2-429e-bbad-4e07ce93f029/thumbnail/1200x630/c6493e6be71f8f6ef2525748ee9950cc/gettyimages-2187682169.jpg?v=905524240eba4a810b7648f150c98fe0,http://archive.md/20250214005432/https://www.cbsnews.com/news/uss-harry-truman-aircraft-carrier-collision-egypt/,"The aircraft carrier USS Harry S. Truman was in a collision with a merchant vessel in the Mediterranean Sea near Egypt, the Navy said Thursday. There were no reports of injuries or flooding after the… [+1535 chars]",,"US-Flugzeugträger kollidiert mit Handelsschiff in der Nähe von Ägypten. Es gab keine Berichte über Verletzte oder Überschwemmungen, nachdem die USS Harry S. Truman in eine Kollision verwickelt war, teilte die Marine mit.","U.S. aircraft carrier collides with merchant vessel near Egypt. There were no reports of injuries or flooding after the USS Harry S. Truman was involved in a collision, the Navy said.","US aircraft tabellarius cum navi oneraria prope Aegyptum impacta est. Nullae relationes iniuriarum vel inundationis postquam USS Harry S. Truman in collisione implicata est, dixit Navy.",2026-01-09 04:06:59+00:00
6165a81f5de82037d8dd4bdcc6bfac48,2025-02-13T19:00:00Z,'flooding',www.cbc.ca,en,0.0,Beaver family helps control flooding in West London,"In this week's issue of our environmental newsletter, we check out the changes that urban beavers have brought to a neighbourhood in West London, map where our food comes from and see what happens when the packaging industry takes over recycling systems.",https://www.cbc.ca/news/science/what-on-earth-beaver-london-1.7457544,https://i.cbc.ca/1.7457561.1739392907!/fileImage/httpImage/image.gif_gen/derivatives/16x9_1180/beaver-dam.gif?im=Resize%3D620,,"Hello, Earthlings! This is our weekly newsletter on all things environmental, where we highlight trends and solutions that are moving us to a more sustainable world. Keep up with the latest news on o… [+13078 chars]",,"Biberfamilie hilft bei der Kontrolle der Überschwemmungen in West-London. In der dieswöchigen Ausgabe unseres Umwelt-Newsletters untersuchen wir die Veränderungen, die Stadtbiber in einem Viertel im Westen Londons bewirkt haben, kartieren die Herkunft unserer Lebensmittel und sehen, was passiert, wenn die Verpackungsindustrie die Recyclingsysteme übernimmt.","Beaver family helps control flooding in West London. In this week's issue of our environmental newsletter, we check out the changes that urban beavers have brought to a neighbourhood in West London, map where our food comes from and see what happens when the packaging industry takes over recycling systems.","Familia castorea adiuvat inundationem in West Londinensi moderari. In hac septimana scriptoris nostri environmentalis nuntia, mutationes quae urbani castores ad vicinitatem in West London attulerunt, tabula ubi cibus noster venit et quid evenit cum industriae sarcinae systemata redivivus occupat.",2026-01-09 04:06:59+00:00
f22dc7f7a36dc561864d71f7b0bd10cc,2025-02-13T19:00:20Z,'deluge',phys.org,en,0.0,"Los Angeles groundwater remained depleted after 2023 deluge, study finds",The greater Los Angeles area has long been the subject of intense seismographic monitoring. A network of highly sensitive seismometers peppers the region on a constant vigil for earthquakes.,https://phys.org/news/2025-02-los-angeles-groundwater-depleted-deluge.html,https://scx2.b-cdn.net/gfx/news/hires/2023/los-angeles.jpg,,"The greater Los Angeles area has long been the subject of intense seismographic monitoring. A network of highly sensitive seismometers peppers the region on a constant vigil for earthquakes.
Now res… [+5959 chars]",,"Das Grundwasser von Los Angeles blieb nach der Überschwemmung im Jahr 2023 erschöpft, wie eine Studie zeigt. Der Großraum Los Angeles ist seit langem Gegenstand intensiver seismografischer Überwachung. Ein Netzwerk hochempfindlicher Seismometer hält die Region ständig auf der Suche nach Erdbeben.","Los Angeles groundwater remained depleted after 2023 deluge, study finds. The greater Los Angeles area has long been the subject of intense seismographic monitoring. A network of highly sensitive seismometers peppers the region on a constant vigil for earthquakes.","Los Angeles groundwater remanente exhaustum post 2023 diluvium, studium invenit. Maior Los Angeles regio iam diu intensa seismographic vigilantia subiectum fuit. Retis seismometri piperis valde sensibilis regionis in pervigilio terrae motuum constanti.",2026-01-09 04:06:59+00:00
1fe06a409c8c0bc3c5d6e60d0d49fad4,2025-02-13T19:11:48Z,'flooding rain',www.kpbs.org,en,0.0,Californians brace for flooding in areas torched by wildfires,"The rain has intensified in California, where an atmospheric river is expected to bring heavy downpours, winds and flooding to areas ravaged by wildfires.",https://www.kpbs.org/news/environment/2025/02/13/californians-brace-for-flooding-in-areas-torched-by-wildfires,https://cdn.kpbs.org/dims4/default/9323fae/2147483647/strip/true/crop/1024x538+0+0/resize/1200x630!/quality/90/?url=http%3A%2F%2Fkpbs-brightspot.s3.us-west-2.amazonaws.com%2F3e%2Fed%2F92980fdd4a9cb40d5f0b139c8266%2Fap25044663475203.jpg,,"Rain intensified Thursday in California, where the strongest atmospheric river of the season is expected to bring downpours, strong winds and flooding to areas ravaged by wildfires. Ahead of the stor… [+2846 chars]",,"Kalifornier bereiten sich auf Überschwemmungen in von Waldbränden heimgesuchten Gebieten vor. Der Regen hat in Kalifornien zugenommen, wo ein atmosphärischer Fluss voraussichtlich heftige Regenfälle, Winde und Überschwemmungen in die von Waldbränden heimgesuchten Gebiete bringen wird.","Californians brace for flooding in areas torched by wildfires. The rain has intensified in California, where an atmospheric river is expected to bring heavy downpours, winds and flooding to areas ravaged by wildfires.","Californians ue ad inundationem in locis cenderunt ab feris. Imber in California intenditur, ubi atmosphaericum flumen expectatur ut graves imbres, ventos et inundationes in areas ab incendiis feris depopulentur.",2026-01-09 04:06:59+00:00
3f03760e2ea1bb0bef98171498a2beb8,2025-02-13T19:31:20Z,'flooding insurance',www.yesmagazine.org,en,0.0,Recovery in San Diego a Year After the Floods,"To better prepare for climate disasters, cities must directly address legacies of discrimination.",https://www.yesmagazine.org/climate/2025/02/13/san-diego-floods-one-year-anniversary,https://www.yesmagazine.org/wp-content/uploads/2025/02/SD-Floods_1400x840.jpg,,"Jessica Calix has tried to make the 33-foot travel trailer she and her son, Chago, share at a north San Diego RV Park feel like their old rental home in the Southcrest neighborhood.
Shes set up benc… [+22666 chars]",,"Erholung in San Diego ein Jahr nach den Überschwemmungen. Um sich besser auf Klimakatastrophen vorzubereiten, müssen Städte die Folgen der Diskriminierung direkt angehen.","Recovery in San Diego a Year After the Floods. To better prepare for climate disasters, cities must directly address legacies of discrimination.",Recuperatio in San Diego per Annum Post Diluvium. Ad calamitates climatis aptius praeparandas urbes rectae distinctionis legata compellare debent.,2026-01-09 04:06:59+00:00
5d11d4a31edb1738e8782d874e6a5b09,2025-02-13T19:38:25Z,'flooding',www.pbs.org,en,0.0,Californians brace for flooding in areas torched by wildfires as ice and snow hit East Coast,"Evacuation orders and warnings were issued in areas where hillsides were burned bare by the Palisades Fire, which was the most destructive in LA history, over concerns about potential debris flows during thunderstorms.",https://www.pbs.org/newshour/nation/californians-brace-for-flooding-in-areas-torched-by-wildfires-as-ice-and-snow-hit-east-coast,https://d3i6fh83elv35t.cloudfront.net/static/2025/02/2025-02-13T175304Z_35952274_RC2RTCAKK32M_RTRMADP_3_USA-WEATHER-CALIFORNIA-1024x683.jpg,,"LOS ANGELES (AP) Rain intensified Thursday in California, where the strongest atmospheric river of the season is expected to bring downpours, strong winds and flooding to areas ravaged by wildfires. … [+6833 chars]",,"Die Kalifornier bereiten sich auf Überschwemmungen in Gebieten vor, die von Waldbränden in Brand geraten sind, da Eis und Schnee die Ostküste treffen. Evakuierungsbefehle und Warnungen wurden in Gebieten herausgegeben, in denen Berghänge durch das Palisades-Feuer, das das zerstörerischste in der Geschichte von LA war, völlig niedergebrannt wurden, da Bedenken hinsichtlich möglicher Trümmerströme bei Gewittern befürchtet wurden.","Californians brace for flooding in areas torched by wildfires as ice and snow hit East Coast. Evacuation orders and warnings were issued in areas where hillsides were burned bare by the Palisades Fire, which was the most destructive in LA history, over concerns about potential debris flows during thunderstorms.","Californians inundationem in locis taedis ab igne feris ut glaciem et nivem in Orientem oram attingit. Evacuatio edicta et monita in locis ubi clivi exusta sunt a Palisade Ignis, quod perniciosissimum erat in LA historia, per curas de potential strages in tonitribus fluit.",2026-01-09 04:06:59+00:00
257d317dde63136985a502bc524670f9,2025-02-13T19:45:09Z,'flooding',biztoc.com,en,0.0,Californians brace for flooding in areas torched by wildfires as ice and snow hit East Coast,"Evacuation orders and warnings were issued in areas where hillsides were burned bare by the Palisades Fire, which was the most destructive in LA history, over concerns about potential debris flows during thunderstorms.",https://biztoc.com/x/337c6fdddfa88f46,https://biztoc.com/cdn/337c6fdddfa88f46_s.webp,,"Evacuation orders and warnings were issued in areas where hillsides were burned bare by the Palisades Fire, which was the most destructive in LA history, over concerns about potential debris flows du… [+72 chars]",,"Die Kalifornier bereiten sich auf Überschwemmungen in Gebieten vor, die von Waldbränden in Brand geraten sind, da Eis und Schnee die Ostküste treffen. Evakuierungsbefehle und Warnungen wurden in Gebieten herausgegeben, in denen Berghänge durch das Palisades-Feuer, das das zerstörerischste in der Geschichte von LA war, völlig niedergebrannt wurden, da Bedenken hinsichtlich möglicher Trümmerströme bei Gewittern befürchtet wurden.","Californians brace for flooding in areas torched by wildfires as ice and snow hit East Coast. Evacuation orders and warnings were issued in areas where hillsides were burned bare by the Palisades Fire, which was the most destructive in LA history, over concerns about potential debris flows during thunderstorms.","Californians inundationem in locis taedis ab igne feris ut glaciem et nivem in Orientem oram attingit. Evacuatio edicta et monita in locis ubi clivi exusta sunt a Palisade Ignis, quod perniciosissimum erat in LA historia, per curas de potential strages in tonitribus fluit.",2026-01-09 04:06:59+00:00
42a54bd511ab1ce3b33516d9f0234c19,2025-02-13T19:47:00Z,'floods',www.cbsnews.com,en,0.0,Mudslides and floods in California from atmospheric river,"There are flooding concerns near San Francisco and mudslides are being reported in Santa Cruz, California. CBS News Los Angeles' Rick Montanez reports, and meteorologist Jessica Burch has more on the rainy weather forecast.",https://www.cbsnews.com/video/mudslides-and-floods-in-california-as-atmospheric-river/,https://assets3.cbsnewsstatic.com/hub/i/r/2025/02/13/fbfc71f5-2882-4176-9c52-3b59f7a606df/thumbnail/1200x630/6efb5a606789f40af9549ad6add6afb9/cbsn-fusion-mudslides-and-floods-in-california-as-atmospheric-river-thumbnail.jpg?v=f303dc12868a012283443d8b9123e5fe,https://web.archive.org/web/20250214201210/https://www.cbsnews.com/video/mudslides-and-floods-in-california-as-atmospheric-river/,"Watch CBS News
Copyright ©2025 CBS Interactive Inc. All rights reserved.
Get browser notifications for breaking news, live events, and exclusive reporting.
Not NowTurn On",,"Schlammlawinen und Überschwemmungen in Kalifornien durch atmosphärische Flüsse. In der Nähe von San Francisco besteht Überschwemmungsgefahr, und in Santa Cruz, Kalifornien, werden Schlammlawinen gemeldet. Rick Montanez von CBS News Los Angeles berichtet, und die Meteorologin Jessica Burch hat mehr über die Regenwettervorhersage.","Mudslides and floods in California from atmospheric river. There are flooding concerns near San Francisco and mudslides are being reported in Santa Cruz, California. CBS News Los Angeles' Rick Montanez reports, and meteorologist Jessica Burch has more on the rainy weather forecast.","Mudslides et inundationes in California ab flumine atmosphaerico. Inundationes circa San Francisco et turbationes nuntiantur in Santa Cruz, California. CBS Nuntii Los Angeles' Rick Montanez refert, et astrologus Jessica Burch plus tempestatis pluviae praenuntiet.",2026-01-09 04:06:59+00:00
1cbc0613f03ddb2e142a57bd38ea9f73,2025-02-13T20:18:52Z,'flooding storm',www.abc.net.au,en,0.0,Queensland heatwave and storms persist as flooding eases,Severe thunderstorms are expected to batter parts of Queensland on Friday as record high temperatures continue to be recorded in parts of the state.,https://www.abc.net.au/news/2025-02-14/queensland-weather-eases-rains-north-flooding-weekend/104931844,https://live-production.wcms.abc-cdn.net.au/b0acee669148ed567c84ad5bb5fe4b0a?impolicy=wcms_watermark_news&cropH=2268&cropW=4032&xPos=0&yPos=0&width=862&height=485&imformat=generic,,"Severe thunderstorms are expected to batter parts of Queensland on Friday as record high temperatures continue to be recorded in parts of the state.
Christie Johnson from the Bureau of Meteorology s… [+3090 chars]",,"Hitzewelle und Stürme in Queensland bleiben bestehen, während die Überschwemmungen nachlassen. Es wird erwartet, dass schwere Gewitter am Freitag Teile von Queensland heimsuchen, da in Teilen des Staates weiterhin Rekordtemperaturen gemessen werden.",Queensland heatwave and storms persist as flooding eases. Severe thunderstorms are expected to batter parts of Queensland on Friday as record high temperatures continue to be recorded in parts of the state.,"Reginensis heatwave et procellae sicut inundationes eases perseverant. Tempestates graves exspectantur ut partes Reginensis die Veneris quassant, sicut recordum temperaturae altae in partibus rei publicae memoriae mansurae sunt.",2026-01-09 04:06:59+00:00
5f21bb1fe18efe61ca81746df0d125d2,2025-02-13T20:45:23Z,'floods',nypost.com,en,0.0,"Heavy rain, mudslide threats in LA fire zones force residents to evacuate again","Potential floods and mudslides have forced Los Angeles residents to evacuate once again, and rains may wash toxic waste into water systems.",https://nypost.com/2025/02/13/us-news/heavy-rain-mudslide-threats-in-la-fire-zones-force-residents-to-evacuate-again/,https://nypost.com/wp-content/uploads/sites/2/2025/02/2025-altadena-california-powerful-atmospheric-98489998.jpg?quality=75&strip=all&w=1024,https://web.archive.org/web/20250214160246/https://nypost.com/2025/02/13/us-news/heavy-rain-mudslide-threats-in-la-fire-zones-force-residents-to-evacuate-again/,"After fleeing the costliest wildfires in California history, stormy weather in Los Angeles has forced some residents to evacuate once again — this time, from mud and flooding that could wash poisonou… [+2189 chars]",,"Starke Regenfälle und drohende Schlammlawinen in den Brandgebieten von LA zwingen die Bewohner erneut zur Evakuierung. Potenzielle Überschwemmungen und Schlammlawinen haben die Bewohner von Los Angeles erneut zur Evakuierung gezwungen, und Regenfälle können giftige Abfälle in die Wassersysteme schwemmen.","Heavy rain, mudslide threats in LA fire zones force residents to evacuate again. Potential floods and mudslides have forced Los Angeles residents to evacuate once again, and rains may wash toxic waste into water systems.","Imbribus gravis, minae mudslides in LA ignis zonae vi incolas denuo decedere. Inundationes potentiae et turbationes Los Angeles incolas semel iterum decedere coegerunt, et imbres toxici vastationes in systemata aquatica lavare possunt.",2026-01-09 04:06:59+00:00
ee923b0a60f6889ccc8b187c54e16542,2025-02-13T21:04:00Z,'flooding storm',www.thestar.com.my,en,0.0,Winter storm in southwest California prompts flash flood warnings,"LOS ANGELES, Feb. 13 (Xinhua) -- Intensifying rain is affecting most of southwest California on Thursday, triggering high risk of road flooding and burn scar debris flows. Read full story",https://www.thestar.com.my/news/world/2025/02/14/winter-storm-in-southwest-california-prompts-flash-flood-warnings,https://cdn.thestar.com.my/Themes/img/newTsol_logo_socmedia.png,,"LOS ANGELES, Feb. 13 (Xinhua) -- Intensifying rain is affecting most of southwest California on Thursday, triggering high risk of road flooding and burn scar debris flows.
 The U.S. National Weather… [+812 chars]",,"Wintersturm im Südwesten Kaliforniens löst Sturzflutwarnungen aus. LOS ANGELES, 13. Februar (Xinhua) – Zunehmender Regen erfasst am Donnerstag den größten Teil Südwestkaliforniens und birgt ein hohes Risiko für Straßenüberschwemmungen und Brandnarben-Trümmerströme. Lesen Sie die ganze Geschichte","Winter storm in southwest California prompts flash flood warnings. LOS ANGELES, Feb. 13 (Xinhua) -- Intensifying rain is affecting most of southwest California on Thursday, triggering high risk of road flooding and burn scar debris flows. Read full story","Hiems tempestas in meridiem California suggerit diluvii admonitiones. LOS ANGELES, 13 Febr. (Xinhua) -- Imber augere maxime afficit Californiam Africum die Iovis, magno periculo excitato viae inundationis et cicatrix obstantia fluit. Read full story",2026-01-09 04:06:59+00:00
502ca4bd6c9e70ed0ff79da1bf6d5292,2025-02-13T22:27:03Z,'flooding atmospheric river',www.thejournal.ie,en,0.0,Los Angeles braces for floods and landslides on land burned by wildfires,Heavy rain has been falling across a swath of California.,https://www.thejournal.ie/los-angeles-braces-for-floods-and-landslides-on-land-burned-by-wildfires-6622596-Feb2025/,https://img2.thejournal.ie/article/6622596/river/?height=400&version=6622600,,"A MONSTER RAINSTORM has drenched southern California today, with officials in Los Angeles readying for flooding and landslides in areas burned by last months huge wildfires.
Heavy rain has been fall… [+1715 chars]",,Los Angeles bereitet sich auf Überschwemmungen und Erdrutsche auf durch Waldbrände verbranntem Land vor. In weiten Teilen Kaliforniens ist heftiger Regen niedergegangen.,Los Angeles braces for floods and landslides on land burned by wildfires. Heavy rain has been falling across a swath of California.,Los Angeles adstringit diluvia et proruit in terram ab igne feris combusta. Imber gravis trans Californiae fasciculum cecidit.,2026-01-09 04:06:59+00:00
b18795e3b4f63f7c5fae1af64dd50d64,2025-02-14T00:15:51Z,'flooding atmospheric river',www.abc.net.au,en,0.0,Landslide fears as rain pounds LA wildfire zone,"Los Angeles locals are being warned of flash flooding and landslides as an incoming ""atmospheric river"" threatens areas hit by last month's devastating wildfires.",https://www.abc.net.au/news/2025-02-14/los-angeles-flash-flood-warning-post-wildfires/104935966,https://live-production.wcms.abc-cdn.net.au/6b7163cee7f58f778be0c5ab40d73563?impolicy=wcms_watermark_news&cropH=2806&cropW=4988&xPos=10&yPos=0&width=862&height=485&imformat=generic,,"Los Angeleslocals are preparing for a ""high risk"" of flooding and landslides following the deadly fires that ripped through the countylast month.
Forecasters said a huge rainstorm could see as much … [+1370 chars]",,"Erdrutschbefürchtungen, da Regen in der Waldbrandzone von Los Angeles niedergeht. Die Einwohner von Los Angeles werden vor Sturzfluten und Erdrutschen gewarnt, da ein einströmender „atmosphärischer Fluss“ Gebiete bedroht, die letzten Monat von den verheerenden Waldbränden betroffen waren.","Landslide fears as rain pounds LA wildfire zone. Los Angeles locals are being warned of flash flooding and landslides as an incoming ""atmospheric river"" threatens areas hit by last month's devastating wildfires.","LAPSUS timet ut pluviam libras LA truculenter zona. Los Angeles incolae admonentur de inundatione et proruit sicut advenientis ""flumen atmosphaericum"" locis ictus per mensem incendium vastationis ultimo minatur.",2026-01-09 04:06:59+00:00
6d76e3ec5cb4e2f7ac475c8db2834dd7,2025-02-14T05:41:48Z,'flooding mudslide',nypost.com,en,0.0,"Fire-ravaged LA County hit with mudslides, flooding as heavy rain drenches region","Residents were warned about a “high risk of road flooding, burn scar debris flows and strong winds.”",https://nypost.com/2025/02/14/us-news/fire-ravaged-la-county-hit-with-mudslides-flooding-as-heavy-rain-drenches-region/,https://nypost.com/wp-content/uploads/sites/2/2025/02/98520161.jpg?quality=75&strip=all&w=1024,,"Parts of Los Angeles County are experiencing mudslides and flooding following a major rain storm just a month after deadly fires ravaged the region.
The National Weather Service issued an alert Thur… [+2500 chars]",,"Der von Bränden verwüstete LA County wurde von Schlammlawinen heimgesucht, es kam zu Überschwemmungen, während heftiger Regen die Region durchnässte. Die Anwohner wurden vor einer „hohen Gefahr von Straßenüberschwemmungen, Brandspuren, Murgängen und starkem Wind“ gewarnt.","Fire-ravaged LA County hit with mudslides, flooding as heavy rain drenches region. Residents were warned about a “high risk of road flooding, burn scar debris flows and strong winds.”","Ignis LA Comitatus cum mudslides percussus populatus est, inundans ut pluviam gravem regionem perfundit. Residentibus moniti sunt de ""alto periculo viae inundationis, cicatricis obstantia fluit et validis ventis ardent.""",2026-01-09 04:06:59+00:00
7b5663cfc70f38ba6643ca5acdd18a19,2025-02-14T07:15:07Z,'floods',english.khabarhub.com,en,0.0,Govt negligence leaves Babarmahal residents reeling after pipe burst floods homes and businesses,"KATHMANDU: A sudden flood in Babarmahal on Wednesday afternoon left homes, businesses, and government offices submerged, causing millions in damages. But unlike natural disasters that come without warning, this crisis was entirely man-made—a result of governm…",https://english.khabarhub.com/2025/14/436563/,https://english.khabarhub.com/wp-content/uploads/2025/02/babarmahal-flood-3-e1739355017107.jpg,,"KATHMANDU: A sudden flood in Babarmahal on Wednesday afternoon left homes, businesses, and government offices submerged, causing millions in damages. But unlike natural disasters that come without wa… [+6501 chars]",,"Die Nachlässigkeit der Regierung lässt die Bewohner von Babarmahal ins Wanken geraten, nachdem ein Rohrbruch Häuser und Geschäfte überschwemmt hat. KATHMANDU: Eine plötzliche Überschwemmung in Babarmahal hat am Mittwochnachmittag Häuser, Geschäfte und Regierungsbüros überschwemmt und Schäden in Millionenhöhe verursacht. Aber im Gegensatz zu Naturkatastrophen, die ohne Vorwarnung kommen, war diese Krise vollständig vom Menschen verursacht – ein Ergebnis der Regierung …","Govt negligence leaves Babarmahal residents reeling after pipe burst floods homes and businesses. KATHMANDU: A sudden flood in Babarmahal on Wednesday afternoon left homes, businesses, and government offices submerged, causing millions in damages. But unlike natural disasters that come without warning, this crisis was entirely man-made—a result of governm…","Sumptibus negligentiae relinquit Babarmahal incolas titubantes postquam fistulae inundationes domos et negotia eruperunt. KATHMANDU: Subitum diluvium in Babarmahal die mercurii post meridiem domos, negotia et officia regiminis submersa est, decies centena damna causando. Sed dissimiles clades naturales quae improvise accidunt, hoc discrimen omnino factum est, ex imperio.",2026-01-09 04:06:59+00:00
74d5e4cea21cdda1f3d84bfe9e43958f,2025-02-14T07:33:33Z,'flooding',www.irishtimes.com,en,0.0,‘Everyone is locked in their house’: Western Australia braces for flash flooding as Cyclone Zelia makes landfall,"People told it is ‘too late to leave’, as destructive storm hits",https://www.irishtimes.com/world/australia/2025/02/14/everyone-is-locked-in-their-house-western-australia-braces-for-flash-flooding-as-cyclone-zelia-makes-landfall/,https://www.irishtimes.com/resizer/v2/U2G2REOFJQ7S36ZPTLCLNGNVO4.jpg?smart=true&auth=805f8681ecdda18c7e00cbb48525c91a1c1c240b60cd98b906f4fbda3c5b48bf&width=1200&height=630,,"Tropical Cyclone Zelia has made landfall along the Pilbara coast in Western Australia (WA) as a category-five system, bringing with it destructive wind gusts of up to 290km/h, with the weather bureau… [+6602 chars]",,"„Jeder ist in seinem Haus eingesperrt“: Westaustralien bereitet sich auf Sturzfluten vor, als Zyklon Zelia auf Land trifft. Die Leute sagten, es sei „zu spät, um zu gehen“, da ein zerstörerischer Sturm zuschlägt","‘Everyone is locked in their house’: Western Australia braces for flash flooding as Cyclone Zelia makes landfall. People told it is ‘too late to leave’, as destructive storm hits","'Omnes in domo sua sunt clausum': Australia occidentis capreolus ad inundationem fulguris sicut Cyclone Zelia terram ruinam facit. Dixerunt homines esse 'serum discedere', ut tempestatibus perniciosis",2026-01-09 04:06:59+00:00
a360c48a82b79692a2e1e82f97d7f154,2025-02-14T09:54:00Z,'flooding',news.sky.com,en,0.0,"California hit by heavy rainfall, flash floods and mudslides","Just over a month after thousands fled their homes as California saw the most destructive wildfires in its history, communities across the south of the state have now been hit by flash flooding and mudslides.",https://news.sky.com/story/california-hit-by-heavy-rainfall-flash-floods-and-mudslides-13309109,https://e3.365dm.com/25/02/1600x900/skynews-floods-california_6828487.jpg?20250214105224,,"Just over a month after thousands fled their homes as California saw the most destructive wildfires in its history, communities across the south of the state have now been hit by flash flooding and m… [+2469 chars]",,"Kalifornien wird von heftigen Regenfällen, Sturzfluten und Schlammlawinen heimgesucht. Etwas mehr als einen Monat, nachdem Tausende ihre Häuser verlassen hatten, als es in Kalifornien zu den verheerendsten Waldbränden seiner Geschichte kam, wurden nun Gemeinden im gesamten Süden des Bundesstaates von Sturzfluten und Schlammlawinen heimgesucht.","California hit by heavy rainfall, flash floods and mudslides. Just over a month after thousands fled their homes as California saw the most destructive wildfires in its history, communities across the south of the state have now been hit by flash flooding and mudslides.","California ledo gravibus imbribus, diluvia et mudslides mico. Uno mense post mille domos suas fugerunt ut California perniciosissima incendia in historia sua viderunt, societates per meridiem civitatis iam mico inundatione et limosa percussae sunt.",2026-01-09 04:06:59+00:00
2926322f76ebec63962be91496f0e722,2025-02-14T13:50:00Z,'flooding storm',www.cbsnews.com,en,0.0,Southern California evacuations ordered due to flooding,Evacuations have been ordered in parts of Southern California due to an intense rainstorm that has triggered serious flooding. CBS News national weather correspondent Rob Marciano has more.,https://www.cbsnews.com/video/southern-california-evacuations-ordered-due-to-flooding/,https://assets3.cbsnewsstatic.com/hub/i/r/2025/02/14/312a03b3-d957-49a2-af70-2e28b4a2aac7/thumbnail/1200x630/667761dab1422f3a1693b7e9205d296f/cbsn-fusion-southern-california-evacuations-ordered-due-to-flooding-thumbnail.jpg?v=f303dc12868a012283443d8b9123e5fe,,"Watch CBS News
Copyright ©2025 CBS Interactive Inc. All rights reserved.
Get browser notifications for breaking news, live events, and exclusive reporting.
Not NowTurn On",,"Aufgrund von Überschwemmungen wurden Evakuierungen in Südkalifornien angeordnet. Aufgrund eines heftigen Regensturms, der schwere Überschwemmungen ausgelöst hat, wurden in Teilen Südkaliforniens Evakuierungen angeordnet. Der nationale Wetterkorrespondent von CBS News, Rob Marciano, hat mehr.",Southern California evacuations ordered due to flooding. Evacuations have been ordered in parts of Southern California due to an intense rainstorm that has triggered serious flooding. CBS News national weather correspondent Rob Marciano has more.,Meridiani Californiae purgationes ob inundationem iussit. Evacuationes in partibus Californiae Australibus ordinatae sunt ob vehementem imbrem qui inundationem gravem Urguet. CBS Nuntii nationalis tempestas correspondent Rob Marciano plura habet.,2026-01-09 04:06:59+00:00
a363b483e1491dccb9c865168fb4b9c6,2025-02-14T14:09:49Z,'deluge',www.nbcnews.com,en,0.0,Mudslide risks continue in California after heavy rain flooded roads and prompted evacuations,"Southern California is bracing for another day of potential mudslides in areas burned by last month’s wildfires after a Thursday deluge prompted evacuation orders, whisked a fire department vehicle into Malibu waters, and covered parts of a coastal highway in…",https://www.nbcnews.com/weather/winter-weather/mudslide-risks-continue-southern-california-rcna192193,"https://media-cldnry.s-nbcnews.com/image/upload/t_nbcnews-fp-1200-630,f_auto,q_auto:best/rockcms/2025-02/250214-los-angeles-mb-0748-0c7480.jpg",http://archive.md/20250214151000/https://www.nbcnews.com/weather/winter-weather/mudslide-risks-continue-southern-california-rcna192193,"Southern California is bracing for another day of potential mudslides in areas burned by last months wildfires after a Thursday deluge prompted evacuation orders, whisked a fire department vehicle in… [+2876 chars]",,"In Kalifornien besteht weiterhin die Gefahr von Schlammlawinen, nachdem heftige Regenfälle Straßen überschwemmt und Evakuierungen ausgelöst haben. Südkalifornien bereitet sich auf einen weiteren Tag mit möglichen Schlammlawinen in Gebieten vor, die von den Waldbränden im letzten Monat verbrannt wurden, nachdem eine Überschwemmung am Donnerstag Evakuierungsbefehle auslöste, ein Feuerwehrfahrzeug in die Gewässer von Malibu schleuderte und Teile einer Küstenstraße in ... bedeckte.","Mudslide risks continue in California after heavy rain flooded roads and prompted evacuations. Southern California is bracing for another day of potential mudslides in areas burned by last month’s wildfires after a Thursday deluge prompted evacuation orders, whisked a fire department vehicle into Malibu waters, and covered parts of a coastal highway in…","Mudslide periculum in California post pluvias inundatas viae perstare et evacuationes excitatae sunt. Southern California alium diem potentiae mudslides in locis ab ultimo mense incendiis incensa comprehendit post diluvium Iovis ordines evacuationis excitatos, in aquis Malibu vehiculi departmentis ignis incussus, et partes viae maritimae in… operta.",2026-01-09 04:06:59+00:00
675ef65c566e297b44ec1a42005a7297,2025-02-14T15:12:55Z,'flooding mudslide',www.insurancejournal.com,en,0.0,Los Angeles Sees Mudslides With Heavy Rains,"Heavy rains caused flooding and mudslides in Los Angeles late Thursday and early Friday, as authorities ordered evacuations and warned of potentially dangerous conditions across land burned by last month’s devastating wildfires. About half a foot of rain has …",https://www.insurancejournal.com/news/west/2025/02/14/812116.htm,https://www.insurancejournal.com/app/uploads/2025/02/427296417-Bloomberg-photo-scaled.jpg,,"Heavy rains caused flooding and mudslides in Los Angeles late Thursday and early Friday, as authorities ordered evacuations and warned of potentially dangerous conditions across land burned by last m… [+1707 chars]",,"In Los Angeles kommt es zu Schlammlawinen und heftigen Regenfällen. Heftige Regenfälle führten am späten Donnerstag und frühen Freitag in Los Angeles zu Überschwemmungen und Schlammlawinen, als die Behörden Evakuierungen anordneten und vor potenziell gefährlichen Bedingungen auf dem Land warnten, das durch die verheerenden Waldbrände im letzten Monat verbrannt wurde. Etwa einen halben Fuß Regen hat …","Los Angeles Sees Mudslides With Heavy Rains. Heavy rains caused flooding and mudslides in Los Angeles late Thursday and early Friday, as authorities ordered evacuations and warned of potentially dangerous conditions across land burned by last month’s devastating wildfires. About half a foot of rain has …","Los Angeles videt Mudslides cum pluviis. Imbres graves inundationes et mudslides in Los Angeles nuper Iovis et Veneris primo tempore causaverunt, ut auctores evacuationes imperaverunt et monuit de condiciones periculosas potentia per terras ab ultimo mense incendiis vastantibus incendiis. Circa medium pedem pluviae habet...",2026-01-09 04:06:59+00:00
bdc684bf7168b56a08b2e8113c9d216f,2025-02-14T15:17:06Z,'flooding residents',nypost.com,en,0.0,Floods and mudslides hit fire-devastated LA County,Parts of Los Angeles County are experiencing mudslides and flooding following a major rain storm — just a month after deadly fires ravaged the region. The National Weather Service issued an alert Thursday evening local time — warning residents of a “high risk…,https://nypost.com/video/floods-and-mud-slides-hit-fire-devastated-la-county/,https://nypost.com/wp-content/uploads/sites/2/2025/02/wp-thumb_8443dd.png?w=1024,,"Parts of Los Angeles County are experiencing mudslides and flooding following a major rain storm just a month after deadly fires ravaged the region. Affected neighborhoods include Malibu, San Fernand… [+138 chars]",,"Überschwemmungen und Schlammlawinen haben den von Bränden zerstörten LA County heimgesucht. In Teilen des Los Angeles County kommt es nach einem heftigen Regensturm zu Schlammlawinen und Überschwemmungen – nur einen Monat nachdem die Region von tödlichen Bränden verwüstet wurde. Der Nationale Wetterdienst gab am Donnerstagabend Ortszeit eine Warnung heraus, in der er die Anwohner vor einem „hohen Risiko“ warnte.",Floods and mudslides hit fire-devastated LA County. Parts of Los Angeles County are experiencing mudslides and flooding following a major rain storm — just a month after deadly fires ravaged the region. The National Weather Service issued an alert Thursday evening local time — warning residents of a “high risk…,"Inundationes et turbae incendia devastatae LA COMITATUS. Partes Comitatus Los Angeles experiuntur turbationes et inundationes sequentes maiorem imbrem tempestatem — mense uno post mortales incendia regionem depopulati sunt. Tempestatis Nationalis Service evigilans Iovis vesperi loci tempus - monens incolas ""altus periculum...",2026-01-09 04:06:59+00:00
c4f125d7fb4cd7d0ea09f3dba92d0b55,2025-02-14T16:37:16Z,'flooding',biztoc.com,en,0.0,Severe Thunderstorms Move Into Southern States—Live Tracker,"Severe thunderstorms and heavy rainfall are expected across multiple states, including Tennessee, Alabama, and Kentucky. The National Weather Service (NWS) has issued multiple warnings for flooding and severe weather, urging residents to stay informed and tak…",https://biztoc.com/x/c669ba97c25f98d1,https://biztoc.com/cdn/c669ba97c25f98d1_s.webp,,"Severe thunderstorms and heavy rainfall are expected across multiple states, including Tennessee, Alabama, and Kentucky. The National Weather Service (NWS) has issued multiple warnings for flooding a… [+144 chars]",,"Schwere Gewitter ziehen über die Südstaaten hinweg – Live-Tracker. In mehreren Bundesstaaten, darunter Tennessee, Alabama und Kentucky, werden schwere Gewitter und starke Regenfälle erwartet. Der National Weather Service (NWS) hat mehrere Warnungen vor Überschwemmungen und Unwettern herausgegeben und die Bewohner dringend aufgefordert, informiert zu bleiben und …","Severe Thunderstorms Move Into Southern States—Live Tracker. Severe thunderstorms and heavy rainfall are expected across multiple states, including Tennessee, Alabama, and Kentucky. The National Weather Service (NWS) has issued multiple warnings for flooding and severe weather, urging residents to stay informed and tak…","Procellae graves Movent in Southern States-Live Tracker. Tempestates graves et pluviae graves sperantur per plures civitates, inter Tennessee, Alabama, et Kentucky. Tempestatis Nationalis Service (NWS) multas admonitiones pro inundatione et tempestate gravi edidit, incolas informavit et morari hortatus est...",2026-01-09 04:06:59+00:00
24cbf67cd383bd89781b195f85c92acd,2025-02-14T16:47:06Z,'flooding weather',kyweathercenter.com,en,0.0,A Wild Weekend of Weather Ahead,"Good afternoon and Happy Valentine’s Day, everyone. It’s a sweet looking Friday and you had better get out and enjoy it because the weekend has ugly written all over it. A major storm system brings significant flooding, severe storms, high winds and snow to K…",https://kyweathercenter.com/?p=70079,,,"Good afternoon and Happy Valentine’s Day, everyone. It’s a sweet looking Friday and you had better get out and enjoy it because the weekend has ugly written all over it. A major storm system brings s… [+1765 chars]",,"Ein wildes Wetterwochenende steht bevor. Guten Tag und einen schönen Valentinstag euch allen. Es ist ein wunderschöner Freitag, und Sie sollten besser rausgehen und ihn genießen, denn das Wochenende steht ganz im Zeichen des Hässlichen. Ein schweres Sturmsystem bringt erhebliche Überschwemmungen, schwere Stürme, starke Winde und Schnee nach K …","A Wild Weekend of Weather Ahead. Good afternoon and Happy Valentine’s Day, everyone. It’s a sweet looking Friday and you had better get out and enjoy it because the weekend has ugly written all over it. A major storm system brings significant flooding, severe storms, high winds and snow to K…","Ferum Volutpat Tempestas Antecedebant. Salve et Felix Valentini Dies, omnes. Dulce vultus Veneris est et melius erat exire et eo frui quia turpis volutpat toto orbe scripta est. Maior tempestas systematis significantes inundationes, graves procellas, alta ventos et nives ad K.",2026-01-09 04:06:59+00:00
9fda2f62b43a2197ae1e0ab7e1cb38fa,2025-02-14T17:33:29Z,'flooding storm',slashdot.org,en,0.0,Here's how much rain Southern California has seen from major storm system - ABC7 Los Angeles,"Here's how much rain Southern California has seen from major storm systemABC7 Los Angeles Heavy mudslides and flooding shut down PCH, sweep vehicle and firefighter into oceanLos Angeles Times Heavy Rain Raises Threat of More Mudslides in Southern CaliforniaU.…",https://slashdot.org/firehose.pl?op=view&amp;id=176248105,,,"""Neighbors!! We got neighbors! We ain't supposed to have any neighbors, and
I just had to shoot one.""
-- Post Bros. Comics",,"Hier sehen Sie, wie viel Regen Südkalifornien vom großen Sturmsystem ABC7 Los Angeles gesehen hat. So viel Regen hat Südkalifornien vom großen Sturmsystem ABC7 Los Angeles gesehen. Schwere Schlammlawinen und Überschwemmungen haben PCH lahmgelegt, Fahrzeug und Feuerwehrmann ins Meer geschwemmt. Los Angeles Times Starker Regen erhöht die Gefahr weiterer Schlammlawinen in SüdkalifornienU.…","Here's how much rain Southern California has seen from major storm system - ABC7 Los Angeles. Here's how much rain Southern California has seen from major storm systemABC7 Los Angeles Heavy mudslides and flooding shut down PCH, sweep vehicle and firefighter into oceanLos Angeles Times Heavy Rain Raises Threat of More Mudslides in Southern CaliforniaU.…","Ecce quantum pluviae Southern Californiae a tempestate maioris systematis vidit - ABC7 Los Angeles. Hic est quantum pluviae Southern Californiae visae sunt e majori tempestate systemaBC7 Los Angeles graves mudslides et inundationes clausas PCH, vehiculum verrunt et firepugnatorem in oceanLos Angeles Times Gravis Pluviae comminationem More Mudslides in CaliforniaU Australis...",2026-01-09 04:06:59+00:00
504fcd779a41a5ec2e70fac71c966780,2025-02-14T20:34:43Z,'flooding rain',www.abc.net.au,en,0.0,Flood warning for inland WA towns as ex-cyclone Zelia brings lashing rain,"Creeks that were dry days ago are now 100 metres wide as the weather system moves inland, putting some areas at flooding risk.",https://www.abc.net.au/news/2025-02-15/tropical-cyclone-zelia-update-flood-marble-bar-dfes/104940154,https://live-production.wcms.abc-cdn.net.au/69acfc144e9b21c708f18158aba6a55f?impolicy=wcms_watermark_news&cropH=2109&cropW=3750&xPos=0&yPos=1445&width=862&height=485&imformat=generic,,"Head to Emergency WA or the Bureau of Meteorology for the latest information, or tune to ABC Radio Pilbara.
Flood alerts have been issued for north-west WA as ex-tropical cyclone Zelia continues to … [+2437 chars]",,"Überschwemmungswarnung für Städte im Landesinneren von WA, da der ehemalige Zyklon Zelia heftigen Regen bringt. Bäche, die vor Tagen trocken waren, sind jetzt 100 Meter breit, da sich das Wettersystem landeinwärts bewegt, wodurch einige Gebiete einem Überschwemmungsrisiko ausgesetzt sind.","Flood warning for inland WA towns as ex-cyclone Zelia brings lashing rain. Creeks that were dry days ago are now 100 metres wide as the weather system moves inland, putting some areas at flooding risk.","Diluvium monens in mediterraneis WA oppidis, ut Zelia ex- cyclone pluviam inferat. Creeks, quae abhinc diebus siccis erant, nunc 100 metra lata sunt sicut systema tempestatum in mediterraneo movet, quibusdam locis periculo inundationis ponendo.",2026-01-09 04:06:59+00:00
55abfe530dbabc6d13636c1b44f01ba7,2025-02-14T22:49:27Z,'flooding',www.abc.net.au,en,0.0,Live: Flood warnings in WA as ex-tropical cyclone Zelia brings heavy rain,"The Bureau of Meteorology has downgraded ex-tropical cyclone Zelia to below cyclone intensity, but the risk remains with major flooding warnings in place north-west WA. Follow live.",https://www.abc.net.au/news/2025-02-15/tropical-cyclone-zelia-live-blog-saturday/104940132,https://live-production.wcms.abc-cdn.net.au/394946e027fb0919d691a3f2258df64e?impolicy=wcms_watermark_news&cropH=1201&cropW=2135&xPos=0&yPos=52&width=862&height=485&imformat=generic,https://web.archive.org/web/20250214231512/https://www.abc.net.au/news/2025-02-15/tropical-cyclone-zelia-live-blog-saturday/104940132,"The storm may have been downgraded, but it's still lashing the northwest with a lot of rain.
The BOM says this rain combined with relatively wet conditions is causing flooding along the De Grey Rive… [+483 chars]",,"Live: Überschwemmungswarnungen in WA, da der ehemalige tropische Wirbelsturm Zelia starken Regen bringt. Das Bureau of Meteorology hat den ehemaligen tropischen Zyklon Zelia auf eine Intensität herabgestuft, die unter der Zyklonintensität liegt, aber das Risiko bleibt bestehen, da im Nordwesten von WA große Überschwemmungswarnungen bestehen. Live verfolgen.","Live: Flood warnings in WA as ex-tropical cyclone Zelia brings heavy rain. The Bureau of Meteorology has downgraded ex-tropical cyclone Zelia to below cyclone intensity, but the risk remains with major flooding warnings in place north-west WA. Follow live.","Vive: Diluvium monita in WA, ut cyclone Zelia ex- tropico pluviam inferat. Meteorologia hendrerit cyclo tropico Zelia ad intensionem cyclorum infra gradatus est, sed periculum manet cum monitis maioribus inundationibus in loco WA septentrione-occidentalis. Vivamus sequere.",2026-01-09 04:06:59+00:00
33e9bb9ca0db42965eaa506abc2f1dd0,2025-02-14T22:56:10Z,'flooding',www.newsweek.com,en,0.0,"Central US Faces Blasts of Arctic Air, More Snow Next Week","Severe storms, tornadoes, snow, and ice will hit the U.S. through next week, causing travel issues, power outages, and flooding risks across multiple regions.",https://www.newsweek.com/severe-us-storms-tornadoes-snow-ice-forecast-2031600,https://d.newsweek.com/en/full/2589084/snow-storm.jpg,,"A relentless stretch of stormy weather will continue across the U.S. through next week, bringing snow, ice, severe thunderstorms, and tornado risks. AccuWeather experts warn of significant travel dis… [+3267 chars]",,"Die zentralen USA sind nächste Woche mit arktischen Luftstößen und mehr Schnee konfrontiert. Schwere Stürme, Tornados, Schnee und Eis werden die USA bis nächste Woche heimsuchen und in mehreren Regionen zu Reiseproblemen, Stromausfällen und Überschwemmungsrisiken führen.","Central US Faces Blasts of Arctic Air, More Snow Next Week. Severe storms, tornadoes, snow, and ice will hit the U.S. through next week, causing travel issues, power outages, and flooding risks across multiple regions.","Centralis US Faces Aquilonibus Arctici Aeris, Magis Nivis Proxima Hebdomada. Gravibus procellis, tornados, nivibus, glacieque Americae per proximam hebdomadem percutiet, exitus peregrinationes, opes outages et pericula inundantia per multas regiones perstringet.",2026-01-09 04:06:59+00:00
b02df421a27034225066cfc023626831,2025-02-15T06:33:12Z,'flooding weather',kyweathercenter.com,en,0.0,Major Flooding and A Few Severe Storms Today,"Good Saturday, everyone. Today is one of those days where you need to stay very aware of the weather as the threat for a major flood is high across Kentucky. This flooding could be accompanied a few strong to severe storms and high winds before winter threate…",https://kyweathercenter.com/?p=70102,,,"Good Saturday, everyone. Today is one of those days where you need to stay very aware of the weather as the threat for a major flood is high across Kentucky. This flooding could be accompanied a few … [+2259 chars]",,"Große Überschwemmungen und einige schwere Stürme heute. Schönen Samstag allerseits. Heute ist einer dieser Tage, an denen Sie das Wetter genau im Auge behalten müssen, da in ganz Kentucky die Gefahr einer großen Überschwemmung groß ist. Diese Überschwemmung könnte von einigen starken bis schweren Stürmen und starken Winden begleitet sein, bevor der Winter droht.","Major Flooding and A Few Severe Storms Today. Good Saturday, everyone. Today is one of those days where you need to stay very aware of the weather as the threat for a major flood is high across Kentucky. This flooding could be accompanied a few strong to severe storms and high winds before winter threate…",Major Flooding et A Pauci Severe Tempestates Hodie. Sabbato bono omnes. Hodie unus ex illis diebus est ubi necesse est valde conscia manere tempestatem tamquam periculum maioris inundationis trans Kentucky altum est. Haec inundatio cum paucis fortis ad procellas graves et ventos magnos ante hiemem minari potuit.,2026-01-09 04:06:59+00:00
84632279818f411a1163abff1730ec57,2025-02-15T08:52:10Z,'deluge',slashdot.org,en,0.0,Pacific Coast Highway went from smoldering to flooded in just few weeks: California's drought-to-deluge cycle on steroids - Los Angeles Times,"Pacific Coast Highway went from smoldering to flooded in just few weeks: California's drought-to-deluge cycle on steroidsLos Angeles Times Worst of year's biggest storm passes, but mudslide and debris cleanup continuesLAist AIR7 video shows storm damage cause…",https://slashdot.org/firehose.pl?op=view&amp;id=176257331,,,The Fine Print: The following comments are owned by whoever posted them. We are not responsible for them in any way.,,"Der Pacific Coast Highway wurde in nur wenigen Wochen von schwelend zu überschwemmt: Kaliforniens Dürre-zu-Überschwemmungs-Zyklus auf Steroiden – Los Angeles Times. Der Pacific Coast Highway wurde in nur wenigen Wochen von schwelendem Wasser zu überschwemmt: Kaliforniens Dürre-zu-Überschwemmungs-Zyklus auf SteroidenLos Angeles Times Der schlimmste Sturm des Jahres zieht vorüber, aber Schlammlawinen und Trümmerbeseitigung gehen weiterLAist AIR7-Video zeigt Sturmschäden, die…","Pacific Coast Highway went from smoldering to flooded in just few weeks: California's drought-to-deluge cycle on steroids - Los Angeles Times. Pacific Coast Highway went from smoldering to flooded in just few weeks: California's drought-to-deluge cycle on steroidsLos Angeles Times Worst of year's biggest storm passes, but mudslide and debris cleanup continuesLAist AIR7 video shows storm damage cause…","Highway Coast Pacific ivit ab paulatim ad inundationem in paucissimis hebdomadibus: Californiae siccitas ad diluvium cyclum in steroids - Los Angeles Times. Pacific Coast Highway ivit ab linum ad inundationem in paucissimis hebdomadibus: Californiae siccitas ad diluvium cyclum in steroidsLos Angeles Times Pessimum anni maximi tempestatis transit, sed mudslides et strages tersus continuatLAist AIR7 video ostendit tempestatem damni causa…",2026-01-09 04:06:59+00:00
3a4ba43b4749b4385e0087f090a27d06,2025-02-15T13:00:46Z,'floods',soranews24.com,en,0.0,"Bontan Ame: the candy that survived 100 years of leaks, bombings, censorship, and floods","You can’t keep a good candy down. When perusing a Japanese candy store, you’re likely to come across some packages that look like major throwbacks to bygone eras. Although they might not have the electrifying flavors of more modern snacks, these products are …",https://soranews24.com/2025/02/15/bontan-ame-the-candy-that-survived-100-years-of-leaks-bombings-censorship-and-floods/,https://soranews24.com/wp-content/uploads/sites/3/2025/02/Photo-2025-02-13-20-14-11.jpg?w=1200&h=630&crop=1,,"You can’t keep a good candy down.
When perusing a Japanese candy store, you’re likely to come across some packages that look like major throwbacks to bygone eras. Although they might not have the el… [+6227 chars]",,"Bontan Ame: die Süßigkeit, die 100 Jahre Lecks, Bombenanschläge, Zensur und Überschwemmungen überstanden hat. Eine gute Süßigkeit kann man nicht bei sich behalten. Wenn Sie einen japanischen Süßwarenladen durchstöbern, werden Sie wahrscheinlich auf einige Verpackungen stoßen, die wie große Reminiszenzen an vergangene Epochen aussehen. Auch wenn sie möglicherweise nicht den elektrisierenden Geschmack moderner Snacks haben, sind diese Produkte …","Bontan Ame: the candy that survived 100 years of leaks, bombings, censorship, and floods. You can’t keep a good candy down. When perusing a Japanese candy store, you’re likely to come across some packages that look like major throwbacks to bygone eras. Although they might not have the electrifying flavors of more modern snacks, these products are …","Bontan Ame: Candy qui 100 annos effluit, pyrobolis, censura, et inundationibus superfuit. Candulam bonam servare non potes. Cum legas de Candy Iaponica copia, verisimile es trans venire aliquas sarcinas quae apparent sicut iactus maioris momentis anteactis. Etsi electrificantes sapores laborum recentiorum non haberent, producti sunt...",2026-01-09 04:06:59+00:00
562264b99a33b205d0eb5d79c8eb9b5a,2025-02-15T14:49:42Z,'flooding',economictimes.indiatimes.com,en,0.0,Bengaluru brothers move entire house 100 feet brick by brick to fulfill mother’s emotional wish,"Two brothers from Bengaluru are relocating their entire two-storey house by 100 feet instead of demolishing it, honoring their late father’s legacy and fulfilling their mother’s wish to keep their cherished home intact. Due to frequent flooding in the area, t…",https://economictimes.indiatimes.com/magazines/panache/bengaluru-brothers-move-entire-house-100-feet-brick-by-brick-to-fulfill-mothers-emotional-wish/articleshow/118278965.cms,"https://img.etimg.com/thumb/msid-118280056,width-1200,height-630,imgsize-56924,overlay-etpanache/articleshow.jpg",,"In a rare and remarkable feat, two brothers from Thubarahalli Palya in East Bengaluru are shifting their entire house by 100 feet to preserve their late fathers legacy and fulfill their mothers wish … [+2364 chars]",,"Die Brüder aus Bengaluru versetzen ihr ganzes Haus Stein für Stein um 30 Meter, um den emotionalen Wunsch ihrer Mutter zu erfüllen. Zwei Brüder aus Bengaluru verlegen ihr gesamtes zweistöckiges Haus um 30 Meter, anstatt es abzureißen. Damit ehren sie das Erbe ihres verstorbenen Vaters und erfüllen den Wunsch ihrer Mutter, ihr geliebtes Zuhause intakt zu halten. Aufgrund der häufigen Überschwemmungen in der Gegend…","Bengaluru brothers move entire house 100 feet brick by brick to fulfill mother’s emotional wish. Two brothers from Bengaluru are relocating their entire two-storey house by 100 feet instead of demolishing it, honoring their late father’s legacy and fulfilling their mother’s wish to keep their cherished home intact. Due to frequent flooding in the area, t…","Fratres Bengaluru totam domum 100 pedes lateres per lateres movent ut voluntatem matris motus adimpleat. Duo fratres Bengaluru totam suam domum per 100 pedes reponunt in loco demoliendo, nuper patris legatum colentes et matris voluntatem suam fovendam domum incolumem servare volunt. Ob frequentes inundationes in area, t…",2026-01-09 04:06:59+00:00
979ec40c75f4e9874177639d3bf78e3a,2025-02-15T17:24:37Z,'flooding storm',www.cbsnews.com,en,0.0,Eastern U.S. braces for flooding while snow will hit Northeast,"Much of the eastern U.S. is bracing for a renewed round of harsh, soggy weather, while snow storms were predicted in the Northeast.",https://www.cbsnews.com/news/eastern-northeast-united-states-weather-snowstorms-tornadoes/,https://assets2.cbsnewsstatic.com/hub/i/r/2025/02/13/a0e07065-296b-4ef6-b02f-60fdbc5a3087/thumbnail/1200x630/9f6e485ac0442265b8877276ab11f35c/cold-air.jpg?v=f303dc12868a012283443d8b9123e5fe,,"Much of the eastern U.S. braced for a renewed round of harsh, soggy weather on Saturday, while snowstorms were predicted in the Northeast and heavy winds brought the threat of tornadoes to the Missis… [+3345 chars]",,"Der Osten der USA bereitet sich auf Überschwemmungen vor, während im Nordosten Schnee fallen wird. Ein Großteil des Ostens der USA bereitet sich auf eine erneute Runde rauen, feuchten Wetters vor, während im Nordosten Schneestürme vorhergesagt wurden.","Eastern U.S. braces for flooding while snow will hit Northeast. Much of the eastern U.S. is bracing for a renewed round of harsh, soggy weather, while snow storms were predicted in the Northeast.","US Orientis adstringit ad inundationem dum nix erit septentrionalem plagam. Multae Americae Orientalis in gyro durae et soggiae tempestates renovatae sunt, cum tempestates nivis in Orientem brumalem praedictae sunt.",2026-01-09 04:06:59+00:00
fb63e078ff85c9b89e3fc0e67c5beee3,2025-02-15T17:48:24Z,'flooding weather',www.nbcnews.com,en,0.0,Blizzard in the North and floods in the South while severe storms batter eastern U.S.,"Much of the eastern half of the United States is bracing for severe weather this weekend, with “life-threatening” flash flooding possible in parts of the Southeast and significant snow set to blanket the Upper Midwest through to New England.",https://www.nbcnews.com/weather/winter-weather/life-threatening-flooding-batters-east-coast-rcna192340,"https://media-cldnry.s-nbcnews.com/image/upload/t_nbcnews-fp-1200-630,f_auto,q_auto:best/rockcms/2025-02/250215-chicago-storm-ch-0925-8d6f25.jpg",http://archive.md/20250215183643/https://www.nbcnews.com/weather/winter-weather/life-threatening-flooding-batters-east-coast-rcna192340,"Much of the eastern half of the United States is bracing for severe weather this weekend, with life-threatening flash flooding possible in parts of the Southeast and significant snow set to blanket t… [+2512 chars]",,"Blizzard im Norden und Überschwemmungen im Süden, während schwere Stürme den Osten der USA heimsuchen. Ein Großteil der östlichen Hälfte der Vereinigten Staaten bereitet sich an diesem Wochenende auf Unwetter vor, wobei „lebensbedrohliche“ Sturzfluten in Teilen des Südostens möglich sind und erhebliche Schneefälle den oberen Mittleren Westen bis nach Neuengland bedecken werden.","Blizzard in the North and floods in the South while severe storms batter eastern U.S.. Much of the eastern half of the United States is bracing for severe weather this weekend, with “life-threatening” flash flooding possible in parts of the Southeast and significant snow set to blanket the Upper Midwest through to New England.","Blizzard in septentrione et inundationes in Meridie, dum graves procellas orientales US.. Contundunt multa media pars orientalis Americae Foederatae in gravibus tempestatibus hoc weekend, cum ""minaces vitae"" inundationes in partibus Meridianae et significantes nives stratas in inundatione Superioris Midwest usque ad Novam Angliam operit.",2026-01-09 04:06:59+00:00
0e93fdab7ef2a0f66ff5f8066072e4d2,2025-02-15T17:53:00Z,'deluge',www.parispi.net,en,0.0,Flooding deluges county; tornado shelters to open Saturday afternoon,"With a line of thunderstorms expected to move through Henry County Saturday afternoon, storm shelters will be opening at 3:30 p.m. Saturday, according to the county's Emergency Management Office.",https://www.parispi.net/news/local_news/article_c9ac017c-ebc5-11ef-a4d9-d36786964f19.html,https://bloximages.chicago2.vip.townnews.com/parispi.net/content/tncms/custom/image/ff379f6c-a4d1-11e5-9b75-3bfd0cba323c.jpg?resize=600%2C315,,"With a line of thunderstorms expected to move through Henry County Saturday afternoon, storm shelters will be opening at 3:30 p.m. Saturday, according to the county's Emergency Management Office.
Ro… [+1833 chars]",,"Überschwemmungen im Landkreis; Tornado-Schutzräume öffnen am Samstagnachmittag. Da am Samstagnachmittag voraussichtlich eine Reihe von Gewittern durch Henry County ziehen wird, werden die Sturmschutzbunker um 15:30 Uhr geöffnet. Samstag, nach Angaben des Notfallmanagementbüros des Landkreises.","Flooding deluges county; tornado shelters to open Saturday afternoon. With a line of thunderstorms expected to move through Henry County Saturday afternoon, storm shelters will be opening at 3:30 p.m. Saturday, according to the county's Emergency Management Office.","Inundatio comitatum inundat; turbo tabernacula aperire Saturni post meridiem. Cum linea tonitruum per Henricum Comitatus Sabbati post meridiem se movere expectat, scenopegia aperta erunt ante 3:30 a.m. Sabbato secundum officium comitatus tumultuarios procuratio.",2026-01-09 04:06:59+00:00
c9f32dc5176d820c3b19586e82891067,2025-02-15T20:57:47Z,'flooding storm',www.voanews.com,en,0.0,US braces for flooding; parts of California face mudslides,"SIERRA MADRE, CALIFORNIA — Much of the Eastern United States braced for a renewed round of harsh, soggy weather Saturday, with thunderstorms and melting snow combining to pound the Ohio and Tennessee valleys. The lower Mississippi valley was facing the threat…",https://www.voanews.com/a/us-braces-for-flooding-parts-of-california-face-mudslides-/7976445.html,https://gdb.voanews.com/BCE89B4C-62CD-462B-B657-F89F71A4CB80.jpg,,"SIERRA MADRE, CALIFORNIA  Much of the Eastern United States braced for a renewed round of harsh, soggy weather Saturday, with thunderstorms and melting snow combining to pound the Ohio and Tennessee … [+4267 chars]",,"USA bereitet sich auf Überschwemmungen vor; Teile Kaliforniens sind von Schlammlawinen betroffen. SIERRA MADRE, KALIFORNIEN – Ein Großteil des Ostens der Vereinigten Staaten bereitete sich am Samstag auf eine erneute Runde rauen, feuchten Wetters vor, wobei Gewitter und schmelzender Schnee die Täler von Ohio und Tennessee trafen. Das untere Mississippi-Tal war der Bedrohung ausgesetzt …","US braces for flooding; parts of California face mudslides. SIERRA MADRE, CALIFORNIA — Much of the Eastern United States braced for a renewed round of harsh, soggy weather Saturday, with thunderstorms and melting snow combining to pound the Ohio and Tennessee valleys. The lower Mississippi valley was facing the threat…","U. adstringit ad inundationem; partes California facie mudslides. SIERRA MADRE, CALIFORNIA —  Multorum Civitatum Foederatarum Orientalium ad renovatum rotundum tempestatum durae, TRACTULUM Saturni, cum tonitribus et nivis liquefaciens ut Ohio et Tennessee valles componantur. Inferior Vallis Mississippi imminebat…",2026-01-09 04:06:59+00:00
88c9bd881f37ff50bb3acba34e3fe7b4,2025-02-15T22:21:25Z,'floods',consent.yahoo.com,en,0.0,"Millions under weather warnings as 'life-threatening' floods hit Kentucky, Tennessee",,https://consent.yahoo.com/v2/collectConsent?sessionId=1_cc-session_b82db327-08d1-460a-b2a7-c241329ffdf3,,,"If you click 'Accept all', we and our partners, including 239 who are part of the IAB Transparency &amp; Consent Framework, will also store and/or access information on a device (in other words, use … [+702 chars]",,"Millionen stehen unter Wetterwarnungen, da „lebensbedrohliche“ Überschwemmungen Kentucky, Tennessee heimsuchen. Nan","Millions under weather warnings as 'life-threatening' floods hit Kentucky, Tennessee. nan","Millions sub tempestatibus admonitiones ut 'minaces' inundationes Kentucky, Tennessee feriunt. nan",2026-01-09 04:06:59+00:00
9b99e62761a6a952f73d6cb4a391a376,2025-02-16T03:06:43Z,'flooding damage',economictimes.indiatimes.com,en,0.0,Bengaluru brothers move their two-storey home 100 ft to protect the memories of their late father,"Two brothers in Bengaluru are moving their two-storey home 100 feet to a new plot to preserve their father's memories and address flooding issues. The relocation, costing Rs 15 lakh, is being conducted with specialized techniques to prevent damage, and is exp…",https://economictimes.indiatimes.com/magazines/panache/bengaluru-brothers-move-their-two-storey-home-100-ft-to-protect-the-memories-of-their-late-father/articleshow/118293090.cms,"https://img.etimg.com/thumb/msid-118293138,width-1200,height-630,imgsize-14768,overlay-etpanache/articleshow.jpg",https://web.archive.org/web/20250216043348/https://economictimes.indiatimes.com/magazines/panache/bengaluru-brothers-move-their-two-storey-home-100-ft-to-protect-the-memories-of-their-late-father/articleshow/118293090.cms,"In a remarkable endeavor driven by deep familial bonds, two brothers from Thubarahalli Palya in East Bengaluru are embarking on an extraordinary missionshifting their two-storey residence by approxim… [+2540 chars]",,"Die Brüder aus Bengaluru verlegen ihr zweistöckiges Haus um 30 Meter, um die Erinnerungen an ihren verstorbenen Vater zu bewahren. Zwei Brüder in Bengaluru verlegen ihr zweistöckiges Haus 30 Meter auf ein neues Grundstück, um die Erinnerungen ihres Vaters zu bewahren und die Überschwemmungsprobleme anzugehen. Der Umzug, der 15 Lakh Rupien kostet, wird mit speziellen Techniken durchgeführt, um Schäden zu verhindern, und ist aufwändig.","Bengaluru brothers move their two-storey home 100 ft to protect the memories of their late father. Two brothers in Bengaluru are moving their two-storey home 100 feet to a new plot to preserve their father's memories and address flooding issues. The relocation, costing Rs 15 lakh, is being conducted with specialized techniques to prevent damage, and is exp…","Fratres Bengaluru suas duas contignationes domum 100 ft movent ad memoriam nuper patris sui tuendam. Duo fratres in Bengaluru suas duas contignationes domum 100 pedes moventes ad novam machinam ad memoriam patris conservandam et quaestiones inundationes electronicae. Relocation, Rs 15 lakh sumptus, cum artificiis specialioribus ad impediendum damnum perducitur, et exp…",2026-01-09 04:06:59+00:00
a20a1043027721f7e563e5ff1c66beb0,2025-02-16T04:15:35Z,'flooding storm',abcnews.go.com,en,0.0,Major storm in Eastern US brings bring severe flash floods,"Major storm in the east bringing snow, ice, flooding rain, severe thunderstorms.",https://abcnews.go.com/US/major-storm-east-bringing-snow-ice-flooding-rain/story?id=118864620,https://i.abcnewsfe.com/a/3b434984-2901-434d-a07a-e4e59070ab5e/kentucky-flooding-3-25-02-15_1739661452470_hpMain_16x9.jpg?w=1600,,"Heavy rain brought serious flooding across parts of the Southern U.S. on Saturday, where rapidly rising floodwaters inundated roadways and spurred some evacuations. Meanwhile, snow and sleet made for… [+3091 chars]",,"Ein schwerer Sturm im Osten der USA bringt schwere Sturzfluten mit sich. Schwerer Sturm im Osten mit Schnee, Eis, strömendem Regen und heftigen Gewittern.","Major storm in Eastern US brings bring severe flash floods. Major storm in the east bringing snow, ice, flooding rain, severe thunderstorms.","Tempestas maior in Orientis US graves mico inundationes affert. Maior tempestas in oriente nix, glacies, imbres inundantes, graves tonitribus.",2026-01-09 04:06:59+00:00
5cd5f3b3e2a120e0d5efa18f6b79f390,2025-02-16T05:17:15Z,'flooding storm',www.cnn.com,en,0.0,At least 9 deaths blamed on powerful storm that toppled trees and flooded roads | CNN,"At least eight people died as a powerful storm swept through Kentucky, causing flooding that inundated roads and homes, Gov. Andy Beshear said Sunday. Another person died in Georgia, an official there said.",https://www.cnn.com/2025/02/16/weather/storm-east-us-peak-tornadoes-sunday/index.html,"https://media.cnn.com/api/v1/images/stellar/prod/480418054-945540554434274-7.jpg?c=16x9&q=w_800,c_fill",https://web.archive.org/web/20250216055856/https://www.cnn.com/2025/02/16/weather/storm-east-us-peak-tornadoes-sunday/index.html,"At least eight people died as a powerful storm swept through Kentucky, causing flooding that inundated roads and homes, Gov. Andy Beshear said Sunday. Another person died in Georgia, an official ther… [+7761 chars]",,"Mindestens 9 Todesfälle werden auf starken Sturm zurückgeführt, der Bäume umstürzte und Straßen überschwemmte | CNN. Mindestens acht Menschen starben, als ein heftiger Sturm über Kentucky fegte und Überschwemmungen verursachte, die Straßen und Häuser überschwemmten, sagte Gouverneur Andy Beshear am Sonntag. Eine weitere Person sei in Georgia gestorben, sagte ein dortiger Beamter.","At least 9 deaths blamed on powerful storm that toppled trees and flooded roads | CNN. At least eight people died as a powerful storm swept through Kentucky, causing flooding that inundated roads and homes, Gov. Andy Beshear said Sunday. Another person died in Georgia, an official there said.","Saltem 9 Mortes incusatae tempestate validae, quae dirutae arbores et viae inundatae | Rhoncus. Saltem octo homines mortui sunt ut tempestas valida per Kentucky invasit, quod inundationem viae et domos inundavit, Gov Andy Beshear dixit Dominica. Alius homo in Georgia mortuus est, officialis ibi dicti.",2026-01-09 04:06:59+00:00
ccd0f71766b477484330f7a8dab7309d,2025-02-16T08:16:31Z,'flooding',www.foxnews.com,en,0.0,Southeast met with dangerous flooding while Northeast braces for snowstorms,"The Southeastern U.S. faced heavy rains and dangerous flooding on Saturday, as much of the East was impacted by renewed harsh and soggy weather.",https://www.foxnews.com/weather/southeast-met-dangerous-flooding-while-northeast-braces-snowstorms,https://static.foxnews.com/foxnews.com/content/uploads/2025/02/carflood.png,https://web.archive.org/web/20250216084811/https://www.foxnews.com/weather/southeast-met-dangerous-flooding-while-northeast-braces-snowstorms,"The Southeastern part of the U.S. faced heavy rains and dangerous flooding on Saturday, as much of the East was hit by renewed harsh and soggy weather.
A man was found dead in floodwaters in Clay Co… [+4193 chars]",,"Im Südosten kam es zu gefährlichen Überschwemmungen, während sich der Nordosten auf Schneestürme vorbereitet. Der Südosten der USA war am Samstag mit heftigen Regenfällen und gefährlichen Überschwemmungen konfrontiert, während weite Teile des Ostens erneut von rauem und feuchtem Wetter betroffen waren.","Southeast met with dangerous flooding while Northeast braces for snowstorms. The Southeastern U.S. faced heavy rains and dangerous flooding on Saturday, as much of the East was impacted by renewed harsh and soggy weather.","Africus cum periculosis inundationibus cum septentriones ad nives adstringit. Americae Australes obversae sunt pluviae graves et periculosae inundationis die Sabbati, quantum Orientis tempestatibus asperis et scopulis renovatis impacta est.",2026-01-09 04:06:59+00:00
7a2963cb49b9ad2b36adf4357b2b7fc3,2025-02-16T12:56:44Z,'flooding buildings',time.com,en,0.0,Dangerous Flooding Hits U.S. Southeast as Snow and Frigid Cold Forecast for Northeast,Water submerged cars and buildings in Kentucky and mudslides blocked roads in Virginia.,https://time.com/7225693/dangerous-flooding-hits-us-southeast-snow-cold-forecast-northeast/,https://api.time.com/wp-content/uploads/2025/02/AP25047053462993.jpg?quality=85&w=1200&h=628&crop=1,,"LOUISVILLE, Ky. Much of the U.S. faced another round of biting winter weather on Sunday, with torrential rains causing intense flooding in Kentucky and resulting in at least two deaths. The Northern … [+5622 chars]",,"Gefährliche Überschwemmungen treffen den Südosten der USA, während für den Nordosten Schnee und eisige Kälte vorhergesagt werden. Wasser überschwemmte Autos und Gebäude in Kentucky und Schlammlawinen blockierten Straßen in Virginia.",Dangerous Flooding Hits U.S. Southeast as Snow and Frigid Cold Forecast for Northeast. Water submerged cars and buildings in Kentucky and mudslides blocked roads in Virginia.,Periculo inundatio Hits US Southeast sicut nix et frigidum frigus Data ad Orientem brumalem. Aquae demersae carros et aedificia in Kentucky et limosis itineribus in Virginia obstruxit.,2026-01-09 04:06:59+00:00
420a1994762559aadd8d4672eeb275bb,2025-02-16T14:22:00Z,'floods',www.thestar.com.my,en,0.0,Floods: Final group of evacuees in Sabah return home,KOTA KINABALU: The last 54 displaced residents sheltering at the Sekolah Kebangsaan Sukau relief centre in Kinabatangan were allowed to return home on Sunday (Feb 16). Read full story,https://www.thestar.com.my/news/nation/2025/02/16/floods-final-group-of-evacuees-in-sabah-return-home,https://apicms.thestar.com.my/uploads/images/2025/02/16/3170603.jpeg,https://web.archive.org/web/20250216145815/https://www.thestar.com.my/news/nation/2025/02/16/floods-final-group-of-evacuees-in-sabah-return-home,"KOTA KINABALU: The last 54 displaced residents sheltering at the Sekolah Kebangsaan Sukau relief centre in Kinabatangan were allowed to return home on Sunday (Feb 16).
The flood victims, from 13 fam… [+1090 chars]",,"Überschwemmungen: Die letzte Gruppe von Evakuierten in Sabah kehrt nach Hause zurück. KOTA KINABALU: Die letzten 54 Vertriebenen, die im Hilfszentrum Sekolah Kebangsaan Sukau in Kinabatangan Zuflucht fanden, durften am Sonntag (16. Februar) nach Hause zurückkehren. Lesen Sie die ganze Geschichte",Floods: Final group of evacuees in Sabah return home. KOTA KINABALU: The last 54 displaced residents sheltering at the Sekolah Kebangsaan Sukau relief centre in Kinabatangan were allowed to return home on Sunday (Feb 16). Read full story,Inundationes: Finalis caterva evacuorum in domum reditus Sabah. KOTA KINABALU: Ultimi 54 habitantes abiecti in Sekolah Kebangsaan Sukau centrum subsidii in Kinabatangan redire permissi sunt die Dominico (die 16 feb). Read full story,2026-01-09 04:06:59+00:00
f9d99913e5a7a9c9c82064bc1ed0c30d,2025-02-16T14:39:53Z,'flooding rain',www.nbcnews.com,en,0.0,"Southeast flooding leaves 1 dead while snow, ice and wind cause winter misery elsewhere","LOUISVILLE, Ky. — Much of the U.S. faced another round of biting winter weather on Sunday, with torrential rains causing intense flooding in Kentucky and resulting in at least one death.",https://www.nbcnews.com/weather/winter-weather/flooding-us-southeast-leaves-1-dead-rcna192385,"https://media-cldnry.s-nbcnews.com/image/upload/t_nbcnews-fp-1200-630,f_auto,q_auto:best/rockcms/2025-02/250216-kentucky-flood-vl-915a-8d5d77.jpg",,"LOUISVILLE, Ky. Much of the U.S. faced another round of biting winter weather on Sunday, with torrential rains causing intense flooding in Kentucky and resulting in at least one death. The Northern P… [+5663 chars]",,"Überschwemmungen im Südosten fordern 1 Todesopfer, während Schnee, Eis und Wind andernorts für Wintermisere sorgen. LOUISVILLE, Kentucky – Große Teile der USA erlebten am Sonntag eine weitere Runde klirrenden Winterwetters, wobei sintflutartige Regenfälle in Kentucky zu heftigen Überschwemmungen führten und mindestens einen Todesfall zur Folge hatten.","Southeast flooding leaves 1 dead while snow, ice and wind cause winter misery elsewhere. LOUISVILLE, Ky. — Much of the U.S. faced another round of biting winter weather on Sunday, with torrential rains causing intense flooding in Kentucky and resulting in at least one death.","Southeast inundation leaves I Dum nix, glacies et ventus causa miseriae hiemalis alibi. LOUISVILLE, Ky. — Multae Americae circa alteram tempestatem hiemalem mordaces sunt die Dominico, cum imbres torrentes intensiorem inundationem in Kentucky faciunt et in una saltem morte proveniunt.",2026-01-09 04:06:59+00:00
f0a3184f0cf15f006888e0a4aa77cc05,2025-02-16T15:11:29Z,'flooding storm',financialpost.com,en,0.0,"Winter Storm Knocks Out Power, Spurs Flooding in Kentucky","A huge winter storm brought devastating flooding to Kentucky and Tennessee, grounded hundreds of flights across the US and knocked out power to more than half a million customers in the South.",https://financialpost.com/pmn/business-pmn/winter-storm-knocks-out-power-spurs-flooding-in-kentucky,,,"(Bloomberg) A huge winter storm brought devastating flooding to Kentucky and Tennessee, grounded hundreds of flights across the US and knocked out power to more than half a million customers in the S… [+2386 chars]",,"Wintersturm macht Strom aus und löst Überschwemmungen in Kentucky aus. Ein gewaltiger Wintersturm verursachte verheerende Überschwemmungen in Kentucky und Tennessee, brachte Hunderte von Flügen in den gesamten USA zum Erliegen und legte den Strom für mehr als eine halbe Million Kunden im Süden lahm.","Winter Storm Knocks Out Power, Spurs Flooding in Kentucky. A huge winter storm brought devastating flooding to Kentucky and Tennessee, grounded hundreds of flights across the US and knocked out power to more than half a million customers in the South.","Tempestas hiemalis virtutem pulsat, calcaria inundatio in Kentucky. Tempestas hiemalis ingens in Kentucky et Tennessee inundationem vastans intulit, centenis volatus trans Civitatem fundatis et potestatem plus quam dimidium decies centena milia clientium in Meridionali eiecit.",2026-01-09 04:06:59+00:00
483d97f0810befa2c2247f03656546c5,2025-02-16T16:46:13Z,'flooding',www.huffpost.com,en,0.0,Flooding In U.S. Southeast Leaves At Least 4 Dead,"Kentucky Gov. Andy Beshear preemptively declared a state of emergency in Kentucky ahead of the storms, where flash flooding was expected into Sunday.",https://www.huffpost.com/entry/us-winter-weather-kentucky_n_67b2106ae4b0d77e1ea4c1a5,https://img.huffingtonpost.com/asset/67b2114a1b000018008ac16f.jpg?cache=noCcHYBTQg&ops=1200_630,,"This photo provided by the Warren County, Ky., Sheriff's Office shows a partially submerged car outside of Bowling Green, Ky., on Saturday, Feb. 15, 2025. (Warren County Sheriff's Office via AP)
LOU… [+5454 chars]",,"Überschwemmung im Südosten der USA fordert mindestens vier Todesopfer. Der Gouverneur von Kentucky, Andy Beshear, rief im Vorfeld der Stürme, wo bis Sonntag Sturzfluten erwartet wurden, präventiv den Ausnahmezustand in Kentucky aus.","Flooding In U.S. Southeast Leaves At Least 4 Dead. Kentucky Gov. Andy Beshear preemptively declared a state of emergency in Kentucky ahead of the storms, where flash flooding was expected into Sunday.","Inundatio Americae Southeast Folia Saltem IV Mortuus. Kentucky Gov. Andy Beshear praevenire declaravit statum casus in Kentucky ante tempestates, ubi fulgur inundatio in Dominica expectabatur.",2026-01-09 04:06:59+00:00
0f29facdab78a8a9ede2abf08a152ef3,2025-02-16T17:52:49Z,'flooding rain',www.thejournal.ie,en,0.0,At least four dead as parts of the US are hit by severe weather,The south-east of the country was hit by torrential rain leading to deadly flooding in Kentucky.,https://www.thejournal.ie/four-dead-severe-weather-us-6624779-Feb2025/,https://img2.thejournal.ie/article/6624779/river/?height=400&version=6624784,http://wayback.archive-it.org/all/20250216175511/https://www.thejournal.ie/four-dead-severe-weather-us-6624779-Feb2025/,MUCH OF THE US faced another round of biting winter weather on Sunday with torrential rains causing intense flooding in Kentucky and resulting in at least four deaths in the south-east of the country… [+1795 chars],,"Mindestens vier Tote, als Teile der USA von Unwettern heimgesucht werden. Der Südosten des Landes wurde von heftigen Regenfällen heimgesucht, die in Kentucky zu tödlichen Überschwemmungen führten.",At least four dead as parts of the US are hit by severe weather. The south-east of the country was hit by torrential rain leading to deadly flooding in Kentucky.,Saltem quattuor mortui sicut partes US tempestatibus gravibus feriuntur. Meridies-orientis patriae ab imbre torrente ictus in Kentucky inundationem funestam ducit.,2026-01-09 04:06:59+00:00
990396be2e23fb29a4b65e5d4149f278,2025-02-16T18:15:04Z,'flooding relief',www.pbs.org,en,0.0,"Severe flooding and storms in the Southeast leave at least 4 dead, officials say","Much of the U.S. faced another round of biting winter weather Sunday, with torrential rains causing intense flooding in Kentucky and resulting in at least four deaths in the Southeast. The Northern Plains faced life-threatening cold, and tornado watches were …",https://www.pbs.org/newshour/nation/severe-flooding-and-storms-in-the-southeast-leave-at-least-4-dead-officials-say,https://d3i6fh83elv35t.cloudfront.net/static/2025/02/GettyImages-2199348659-1024x683.jpg,https://web.archive.org/web/20250216185002/https://www.pbs.org/newshour/nation/severe-flooding-and-storms-in-the-southeast-leave-at-least-4-dead-officials-say,"LOUISVILLE, Ky. (AP) Much of the U.S. faced another round of biting winter weather Sunday, with torrential rains causing intense flooding in Kentucky and resulting in at least four deaths in the Sout… [+4755 chars]",,"Bei schweren Überschwemmungen und Stürmen im Südosten sind nach Angaben von Beamten mindestens vier Menschen ums Leben gekommen. Große Teile der USA erlebten am Sonntag erneut klirrendes Winterwetter, wobei sintflutartige Regenfälle in Kentucky zu heftigen Überschwemmungen führten und im Südosten mindestens vier Todesopfer forderten. Die nördlichen Ebenen waren mit lebensbedrohlicher Kälte konfrontiert, und Tornado-Uhren waren …","Severe flooding and storms in the Southeast leave at least 4 dead, officials say. Much of the U.S. faced another round of biting winter weather Sunday, with torrential rains causing intense flooding in Kentucky and resulting in at least four deaths in the Southeast. The Northern Plains faced life-threatening cold, and tornado watches were …","Gravibus inundationibus et procellis in Southeast discedant, certe ministri mortui 4 dicunt. Multum Americae respiciebant circa aliam tempestatem hiemalem mordax, cum imbres torrentes intensiores inundationes in Kentucky causantes et per quattuor saltem mortes in Southeast. Campi Septentrionalium respiciebant frigus vita minabatur, et vigiliae turbo erant.",2026-01-09 04:06:59+00:00
f2e5dc234725e0eb383106906adfb336,2025-02-16T20:00:00Z,'flooding rain',www.newser.com,en,0.0,Kentucky Makes 1K Rescues During Fatal Flooding,"At least nine people have died in the most recent round of harsh weather to pummel the US, including eight people in Kentucky killed as creeks swelled from heavy rain and water covered roads. Gov. Andy Beshear said Sunday that hundreds of people stranded by f…",https://www.newser.com/story/364363/kentucky-makes-1k-rescues-during-fatal-flooding.html,https://img2-azrcdn.newser.com/image/1592947-12-20250216143017.jpeg,,"At least nine people have died in the most recent round of harsh weather to pummel the US, including eight people in Kentucky killed as creeks swelled from heavy rain and water covered roads. Gov. An… [+1811 chars]",,"Kentucky führt bei tödlicher Überschwemmung 1.000 Rettungsaktionen durch. Mindestens neun Menschen sind bei den jüngsten Unwettern in den USA ums Leben gekommen, darunter acht Menschen in Kentucky, die getötet wurden, als Bäche durch starken Regen anschwollen und Straßen unter Wasser standen. Gouverneur Andy Beshear sagte am Sonntag, dass Hunderte von Menschen von f… gestrandet seien.","Kentucky Makes 1K Rescues During Fatal Flooding. At least nine people have died in the most recent round of harsh weather to pummel the US, including eight people in Kentucky killed as creeks swelled from heavy rain and water covered roads. Gov. Andy Beshear said Sunday that hundreds of people stranded by f…","Kentucky facit 1K eripiat Per Fatalem inundationem. Saltem novem homines in recentissimis circum tempestatibus acerbis perumlentibus US mortui sunt, inter octo homines in Kentucky occisi, sicut aestuaria ex pluvia intumuerunt et aqua viarum obducta est. Gov. Andy Beshear dixit Dominica illa centena hominum destituta a f…",2026-01-09 04:06:59+00:00
caffe59d735b8f787b651f296b09e494,2025-02-16T20:04:00Z,'flooding',news.sky.com,en,0.0,"At least 10 dead as severe rain, flooding and lows of -42C hit the US","At least 10 people, including a mother and seven-year-old child, have been killed amid harsh weather in the US.",https://news.sky.com/story/us-weather-nine-dead-as-severe-rain-flooding-and-lows-of-35c-hit-multiple-states-13311121,https://e3.365dm.com/25/02/1600x900/skynews-kentucky-flood_6831046.jpg?20250216201201,,"At least 10 people, including a mother and seven-year-old child, have been killed amid harsh weather in the US.
Storms and severe flooding have hit areas of Kentucky, leaving nine dead and hundreds … [+2276 chars]",,"Mindestens 10 Tote bei heftigen Regenfällen, Überschwemmungen und Tiefsttemperaturen von -42 °C in den USA. Mindestens zehn Menschen, darunter eine Mutter und ein siebenjähriges Kind, sind bei rauem Wetter in den USA ums Leben gekommen.","At least 10 dead as severe rain, flooding and lows of -42C hit the US. At least 10 people, including a mother and seven-year-old child, have been killed amid harsh weather in the US.","Saltem 10 mortui sicut pluviae graves, inundationes et -42C in US feriunt. Saltem decem homines, cum matre et septem annos nato, inter asperam tempestatem in US occisi sunt.",2026-01-09 04:06:59+00:00
d8ddbd530337d60cd841e1ab2021aac2,2025-02-16T20:51:10Z,'flooding rain',www.bbc.co.uk,en,0.0,US floods: At least 10 dead after heavy rain,"Kentucky has seen the worst effects of the rain so far, reporting at least nine dead.",https://www.bbc.co.uk/news/articles/c1wewj551q0o,https://ichef.bbci.co.uk/ace/branded_news/1200/cpsprodpb/fd3f/live/8c64cc80-ed1f-11ef-a819-277e390a7a08.jpg,,"The other death over the weekend was in Georgia, where a man lying in his bed was struck by an uprooted tree that crashed into his home. 
Kentucky, Georgia, Alabama, Mississippi, Tennessee, Virginia… [+2577 chars]",,Überschwemmungen in den USA: Mindestens 10 Tote nach starkem Regen. Kentucky hat bisher die schlimmsten Auswirkungen des Regens erlebt und mindestens neun Tote gemeldet.,"US floods: At least 10 dead after heavy rain. Kentucky has seen the worst effects of the rain so far, reporting at least nine dead.",US inundationes: Saltem X post pluviam gravem mortuam. Kentucky effectus pessimos pluviae eatenus vidit renuntians saltem novem mortuos.,2026-01-09 04:06:59+00:00
0b210d740a73e3235b2452dfd959a73c,2025-02-16T20:51:10Z,'floods',www.bbc.com,en,0.0,At least nine dead in US floods and heavy rain,"Kentucky has seen the worst effects of the rain thus far, reporting at least eight dead.",https://www.bbc.com/news/articles/c1wewj551q0o,https://ichef.bbci.co.uk/news/1024/branded_news/bbcb/live/ec9eb370-eca4-11ef-9528-4b59af525bf5.jpg,http://archive.md/20250217041249/https://www.bbc.com/news/articles/c1wewj551q0o,"At least nine people have died over the weekend, as torrential downpours drenched parts of the south-eastern US, submerging roads and houses. 
Kentucky Governor Andy Beshear said eight people died i… [+3262 chars]",,Mindestens neun Tote bei Überschwemmungen und starkem Regen in den USA. Kentucky hat bisher die schlimmsten Auswirkungen des Regens erlebt und mindestens acht Tote gemeldet.,"At least nine dead in US floods and heavy rain. Kentucky has seen the worst effects of the rain thus far, reporting at least eight dead.",Saltem novem mortui in US inundationes et pluviae graves. Kentucky effectus pessimos pluviae hucusque vidit renuntians saltem octo mortuos.,2026-01-09 04:06:59+00:00
4862ec5500800705421f97c641770862,2025-02-16T21:33:11Z,'flooding storm',www.forbes.com,en,0.0,Kentucky Flooding: Trump Issues Emergency Declaration After 8 People Killed By Storm,"Emergency crews have had to rescue more than 1,000 people in response to the flooding, and nearly 40,000 are still without power.",https://www.forbes.com/sites/alisondurkee/2025/02/16/kentucky-flooding-trump-issues-emergency-declaration-after-8-people-killed-by-storm/,"https://imageio.forbes.com/specials-images/imageserve/67b2583b42e28d68e2ac6d26/0x0.jpg?format=jpg&crop=2610,1468,x0,y67,safe&height=900&width=1600&fit=bounds",,"President Donald Trump issued an emergency declaration for Kentucky on Sunday afternoon after the state and surrounding areas were hit by devastating flooding, which has so far left at least eight pe… [+3703 chars]",,"Überschwemmung in Kentucky: Trump gibt Notstandserklärung ab, nachdem 8 Menschen durch Sturm getötet wurden. Als Reaktion auf die Überschwemmung mussten Einsatzkräfte mehr als 1.000 Menschen retten, und fast 40.000 sind immer noch ohne Strom.","Kentucky Flooding: Trump Issues Emergency Declaration After 8 People Killed By Storm. Emergency crews have had to rescue more than 1,000 people in response to the flooding, and nearly 40,000 are still without power.","Kentucky inundatio: BUCINUM Proventus tumultuarios Declaratio Post VIII populus Storm. Nautae subitis plus quam 1,000 homines in inundationem responsionibus redimere debuerunt, et fere 40.000 adhuc sine viribus sunt.",2026-01-09 04:06:59+00:00
e4be56b58ed59a67969dae9edf52d967,2025-02-16T21:50:20Z,'flooding weather',consent.yahoo.com,en,0.0,At least 8 people dead in Kentucky flooding as winter weather batters nation,,https://consent.yahoo.com/v2/collectConsent?sessionId=1_cc-session_4107b2b7-9cb0-4fb8-adc7-0bfbb56c763a,,,"If you click 'Accept all', we and our partners, including 239 who are part of the IAB Transparency &amp; Consent Framework, will also store and/or access information on a device (in other words, use … [+702 chars]",,"Mindestens 8 Menschen sind bei Überschwemmungen in Kentucky ums Leben gekommen, da das Winterwetter das Land verwüstet. Nan",At least 8 people dead in Kentucky flooding as winter weather batters nation. nan,Saltem VIII homines mortui in Kentucky inundatione hiemali tempestate quatit gente. nan,2026-01-09 04:06:59+00:00
07393168fd0a55ccf3ea7fbb7bf4c8ef,2025-02-16T22:21:41Z,'flooding rain',www.abc.net.au,en,0.0,Seven-year-old amongst dead amid US flooding,"At least nine people die in the latest round of harsh weather in the United States, including eight during heavy rain in Kentucky.",https://www.abc.net.au/news/2025-02-17/at-least-nine-died-amid-latest-of-us-winter-weather/104944050,https://live-production.wcms.abc-cdn.net.au/89997c8a1ac0ad2a94b257b58a531092?impolicy=wcms_watermark_news&cropH=938&cropW=1668&xPos=0&yPos=87&width=862&height=485&imformat=generic,,"At least nine people have died in the latest round of harsh weather in the United States, including eight during heavy rain in Kentucky.
Many of the deaths, including a mother and a seven-year-old c… [+2512 chars]",,"Siebenjähriger unter Toten bei Überschwemmung in den USA. Bei den jüngsten Unwettern in den USA sterben mindestens neun Menschen, davon acht bei heftigen Regenfällen in Kentucky.","Seven-year-old amongst dead amid US flooding. At least nine people die in the latest round of harsh weather in the United States, including eight during heavy rain in Kentucky.","Inter septem annos natus inter US inundationem mortuus est. Saltem novem homines in novissima rotunditate saevae tempestatis in Iunctus Civitas moriuntur, inter octo pluvias graves in Kentucky.",2026-01-09 04:06:59+00:00
37ddd8a14fe4db46027db811ee82e1d3,2025-02-17T00:41:10Z,'flooding rain',www.wpxi.com,en,0.0,"LIVE UPDATES: Mix of heavy rain, snow causes damage, flooding throughout Southwestern Pennsylvania","A wet weekend of heavy wintry weather has led to heavy flooding, freezing and damage throughout the Southwestern Pennsylvania area.",https://www.wpxi.com/news/local/live-updates-mix-heavy-rain-snow-causes-damage-flooding-throughout-southwestern-pennsylvania/3NMKXV73RJCAXCHCIY4EQDZ4UQ/,https://cmg-cmg-tv-10080-prod.cdn.arcpublishing.com/resizer/v2/https%3A%2F%2Fcloudfront-us-east-1.images.arcpublishing.com%2Fcmg%2FHGIOEFY2SNDWLFEDIH6AQNGGDI.png?auth=7fcf1a2ae21516faadd9d0e9dcd3cb2aeaf08160c83578b29d40030e1927d95a&width=1200&height=630&smart=true,,"PITTSBURGH — A wet weekend of heavy wintry weather has led to heavy flooding, freezing and damage throughout the Southwestern Pennsylvania area.
Multiple advisories were issued throughout the area o… [+2773 chars]",,"LIVE-UPDATES: Eine Mischung aus starkem Regen und Schnee verursacht Schäden und Überschwemmungen im gesamten Südwesten von Pennsylvania. Ein nasses Wochenende mit schwerem Winterwetter hat im gesamten südwestlichen Pennsylvania zu schweren Überschwemmungen, Frost und Schäden geführt.","LIVE UPDATES: Mix of heavy rain, snow causes damage, flooding throughout Southwestern Pennsylvania. A wet weekend of heavy wintry weather has led to heavy flooding, freezing and damage throughout the Southwestern Pennsylvania area.","LIVE RENOVATIONES: Commisce pluviae gravis, nix damnum causat, inundatio per Pennsylvania Australis. Infectum volutpat gravis tempestatis hiemalis ad inundationem, algentem et damnum per Tarentum Southwestern aream duxit.",2026-01-09 04:06:59+00:00
f4a96b7d6639a97dc88d6538ee446f52,2025-02-17T02:24:51Z,'floods',consent.yahoo.com,en,0.0,At least nine dead in US floods and heavy rain,,https://consent.yahoo.com/v2/collectConsent?sessionId=1_cc-session_bcc4d801-527b-4979-b2c9-ebbe1b322a50,,,"If you click 'Accept all', we and our partners, including 239 who are part of the IAB Transparency &amp; Consent Framework, will also store and/or access information on a device (in other words, use … [+702 chars]",,Mindestens neun Tote bei Überschwemmungen und starkem Regen in den USA. Nan,At least nine dead in US floods and heavy rain. nan,Saltem novem mortui in US inundationes et pluviae graves. nan,2026-01-09 04:06:59+00:00
e88e256b9cd4d14d0ea076099e94a764,2025-02-17T02:36:00Z,'flooding',www.cbsnews.com,en,0.0,Deadly flooding hits the South,At least nine people have been killed as dangerous weather and flood waters swept across the South over the weekend. Heavy winds and tornadoes also threatened several states. Skyler Henry reports.,https://www.cbsnews.com/video/deadly-flooding-hits-the-south/,https://assets3.cbsnewsstatic.com/hub/i/r/2025/02/17/262d42ef-2141-4ec2-9908-37c55e8c4f40/thumbnail/1200x630/db7e6bbc44b4a5551d9bd998b3e10bbc/0216-wn-henry.jpg?v=f303dc12868a012283443d8b9123e5fe,https://web.archive.org/web/20250217052336/https://www.cbsnews.com/video/deadly-flooding-hits-the-south/,"Watch CBS News
Copyright ©2025 CBS Interactive Inc. All rights reserved.
Get browser notifications for breaking news, live events, and exclusive reporting.
Not NowTurn On",,"Tödliche Überschwemmungen treffen den Süden. Mindestens neun Menschen kamen am Wochenende ums Leben, als gefährliche Unwetter und Überschwemmungen den Süden heimsuchten. Heftige Winde und Tornados bedrohten auch mehrere Bundesstaaten. Skyler Henry berichtet.",Deadly flooding hits the South. At least nine people have been killed as dangerous weather and flood waters swept across the South over the weekend. Heavy winds and tornadoes also threatened several states. Skyler Henry reports.,Letifer inundans Austrum pervenit. Saltem novem homines tempestatibus periculosis interfecti sunt et aquae diluvii per meridiem super weekend transierunt. Gravis etiam ventis et turbinibus pluribus civitatibus imminebat. Skyler refert Henr.,2026-01-09 04:06:59+00:00
a71d843ec27c1ea02fb6a1c549b2975c,2025-02-17T02:55:25Z,'flooding weather',en.people.cn,en,0.0,At least 8 dead in Kentucky as severe weather hits,"CHICAGO, Feb. 16 (Xinhua) -- At least eight people have died as severe weather-induced flooding acro",http://en.people.cn/n3/2025/0217/c90000-20277466.html,,,"(Xinhua) 10:21, February 17, 2025
CHICAGO, Feb. 16 (Xinhua) -- At least eight people have died as severe weather-induced flooding across the U.S. Midwestern state of Kentucky, Kentucky Governor Andy… [+182 chars]",,"Mindestens 8 Tote in Kentucky bei Unwettern. CHICAGO, 16. Februar (Xinhua) – Mindestens acht Menschen sind bei schweren wetterbedingten Überschwemmungen ums Leben gekommen","At least 8 dead in Kentucky as severe weather hits. CHICAGO, Feb. 16 (Xinhua) -- At least eight people have died as severe weather-induced flooding acro","Saltem VIII mortuus est in Kentucky quod saeva tempestas pervenit. CHICAGO, 16 Febr.",2026-01-09 04:06:59+00:00
7f26ef3333dbfdcda01c94ef555242c0,2025-02-17T04:07:11Z,'flooding rain',nypost.com,en,0.0,"Latest round of harsh winter weather kills 9 across US, including 8 in Kentucky floods","A mother and her 7-year-old child were among eight people killed in flood waters in Kentucky. A ninth person was killed by a falling tree in Atlanta, Georgia.",https://nypost.com/2025/02/16/us-news/latest-round-of-harsh-winter-weather-kills-9-across-u-s-including-8-in-kentucky/,https://nypost.com/wp-content/uploads/sites/2/2025/02/newspress-collage-o5hhq66vs-1739763104215.jpg?quality=75&strip=all&1739745264&w=1024,,"At least nine people were killed in the recent wave of harsh weather that slammed US, including eight who died in flood waters that overtook Kentucky over the weekend. 
Many of the fatalities in the… [+3960 chars]",,"Bei der jüngsten Runde des harten Winterwetters sind in den USA neun Menschen ums Leben gekommen, davon acht bei Überschwemmungen in Kentucky. Eine Mutter und ihr 7-jähriges Kind gehörten zu den acht Menschen, die bei Überschwemmungen in Kentucky ums Leben kamen. Eine neunte Person wurde in Atlanta, Georgia, durch einen umstürzenden Baum getötet.","Latest round of harsh winter weather kills 9 across US, including 8 in Kentucky floods. A mother and her 7-year-old child were among eight people killed in flood waters in Kentucky. A ninth person was killed by a falling tree in Atlanta, Georgia.","Tardus circuitus saevae hiemalis tempestatis 9 trans US necat, inclusis 8 in inundationibus Kentucky. Mater et eius puer VII annos inter octo homines in diluvio aquarum in Kentucky interfecti sunt. Nonus homo arbor caduca in Atlanta Georgia occisus est.",2026-01-09 04:06:59+00:00
4e309a41d282f0212f2a0de4607f0dcf,2025-02-17T04:12:39Z,'flooding weather',slashdot.org,en,0.0,"At least 8 dead in Kentucky after intense flooding, severe weather - WDRB","At least 8 dead in Kentucky after intense flooding, severe weatherWDRB 9 dead, 1,000 rescued from Kentucky flooding as extreme weather sweeps nation; more to comeUSA TODAY Ohio Task Force 1 assisting with recovery efforts in Kentucky after heavy flooding10TV …",https://slashdot.org/firehose.pl?op=view&amp;id=176278747,,,The Fine Print: The following comments are owned by whoever posted them. We are not responsible for them in any way.,,"Mindestens 8 Tote in Kentucky nach heftigen Überschwemmungen und Unwettern – WDRB. Mindestens 8 Tote in Kentucky nach heftigen Überschwemmungen und UnwetterWDRB 9 Tote, 1.000 gerettet aus Überschwemmungen in Kentucky, da extremes Wetter über das Land fegt; mehr folgtUSA TODAY Ohio Task Force 1 unterstützt die Wiederaufbaubemühungen in Kentucky nach schweren Überschwemmungen10TV …","At least 8 dead in Kentucky after intense flooding, severe weather - WDRB. At least 8 dead in Kentucky after intense flooding, severe weatherWDRB 9 dead, 1,000 rescued from Kentucky flooding as extreme weather sweeps nation; more to comeUSA TODAY Ohio Task Force 1 assisting with recovery efforts in Kentucky after heavy flooding10TV …","Saltem VIII mortui in Kentucky post inmensam inundationem, tempestatem gravem - WDRB. Saltem octo mortui in Kentucky, postquam intensa inundatione, saeva tempestate WDRB 9 mortui, mille millia ex Kentucky inundatione erepta ut extremam nationem tempestatem rapit; plus venire comeUSA TODAY Ohio Task Force 1 adiuvando convalescentia in Kentucky post gravem inundationem10TV ...",2026-01-09 04:06:59+00:00
e85f3eb20f2f976312646e3aa87e801b,2025-02-17T04:52:59Z,'floods',slashdot.org,en,0.0,At least 9 dead in US floods and heavy rain - BBC.com,At least 9 dead in US floods and heavy rainBBC.com At least 10 dead in Southeast as extreme weather sweeps nation; more to comeUSA TODAY ‘Here We Go Again’: Kentucky Residents Face More Destruction and Anxiety From StormsThe New York Times Deadly storms sweep…,https://slashdot.org/firehose.pl?op=view&amp;id=176278957,,,The Fine Print: The following comments are owned by whoever posted them. We are not responsible for them in any way.,,"Mindestens 9 Tote bei Überschwemmungen und starkem Regen in den USA – BBC.com. Mindestens 9 Tote bei Überschwemmungen und starkem Regen in den USABBC.com Mindestens 10 Tote im Südosten, da extremes Wetter über das Land fegt; mehr folgtUSA HEUTE „Jetzt geht es wieder los“: Einwohner von Kentucky sind mit mehr Zerstörung und Angst durch Stürme konfrontiertDie New York Times Tödliche Stürme fegen…",At least 9 dead in US floods and heavy rain - BBC.com. At least 9 dead in US floods and heavy rainBBC.com At least 10 dead in Southeast as extreme weather sweeps nation; more to comeUSA TODAY ‘Here We Go Again’: Kentucky Residents Face More Destruction and Anxiety From StormsThe New York Times Deadly storms sweep…,Saltem 9 mortui in US inundationes et pluviae graves - BBC.com. Saltem 9 mortuus in US inundationes et pluviae pluviae BBC.com Saltem 10 mortuus in Southeast tamquam tempestas extrema nationem rapit; plus venire comeUSA TODAY 'Hic Imus Iterum': Kentuckii Residentes Face Magis Destructiones et Anxietas Ex Procella The New York Times Mortales procellae verrunt…,2026-01-09 04:06:59+00:00
a15e6f8bdab1277908e27d513fc295b8,2025-02-17T05:00:00Z,'flooding',www.americanthinker.com,en,0.0,Trump must take on China’s vape smugglers,"Within hours of taking office on January 20th, President Donald Trump signed an Executive Order to secure our border and target the Mexican drug cartels for their illicit trafficking of both drugs and people. But Mexico is not alone in flooding the n...",https://www.americanthinker.com/blog/2025/02/trump_must_take_on_china_s_vape_smugglers.html,https://images.americanthinker.com/lw/lwpmkr43fhylkmk8baep_800.jpg,,"Within hours of taking office on January 20th, President Donald Trump signed an Executive Order to secure our border and target the Mexican drug cartels for their illicit trafficking of both drugs an… [+3456 chars]",,"Trump muss es mit Chinas E-Zigaretten-Schmugglern aufnehmen. Nur wenige Stunden nach seinem Amtsantritt am 20. Januar unterzeichnete Präsident Donald Trump eine Durchführungsverordnung, um unsere Grenze zu sichern und die mexikanischen Drogenkartelle wegen ihres illegalen Drogen- und Menschenhandels ins Visier zu nehmen. Aber Mexiko ist nicht das Einzige, das das Land überschwemmt...","Trump must take on China’s vape smugglers. Within hours of taking office on January 20th, President Donald Trump signed an Executive Order to secure our border and target the Mexican drug cartels for their illicit trafficking of both drugs and people. But Mexico is not alone in flooding the n...","BUCINUM in vape smugglers Sinarum capere debet. Intra horas officii die 20 mensis Ianuarii, Praeses Donald Trump Ordinem exsecutivum signavit ut fines nostros muniret et cartella medicamentorum medicamentorum Mexicanorum oppugnaret ob illicitam commercium tam medicamentorum quam hominum. Sed Mexicum non solum in inundatione n...",2026-01-09 04:06:59+00:00
9269bb279ed2699a196c85ec27075949,2025-02-17T05:38:26Z,'deluge',sports.yahoo.com,en,0.0,"NBA All-Star game draws deluge of criticism for tournament format, broadcast and so much Kevin Hart","From the format to the broadcast to way too much Kevin Hart, Sunday's NBA All-Star tournament was a resounding dud.",https://sports.yahoo.com/nba-all-star-game-draws-deluge-of-criticism-for-tournament-format-broadcast-and-so-much-kevin-hart-053826958.html,https://s.yimg.com/ny/api/res/1.2/OIrUslj7fAdgz2p0NqFbGQ--/YXBwaWQ9aGlnaGxhbmRlcjt3PTEyMDA7aD05MDA-/https://s.yimg.com/os/creatr-uploaded-images/2025-02/49f78880-ecf0-11ef-b2de-5ed8ae76888a,https://web.archive.org/web/20250217081612/https://sports.yahoo.com/nba-all-star-game-draws-deluge-of-criticism-for-tournament-format-broadcast-and-so-much-kevin-hart-053826958.html,"From the format to the broadcast to way too much Kevin Hart, Sunday's NBA All-Star tournament was a resounding dud.
By the time it was over, it was hard to keep up with what critics disliked most. T… [+4017 chars]",,"Das NBA-All-Star-Spiel stößt wegen des Turnierformats, der Übertragung und vielem mehr auf Kevin Hart. Vom Format über die Übertragung bis hin zu viel zu viel Kevin Hart war das NBA-All-Star-Turnier am Sonntag ein durchschlagender Schwachsinn.","NBA All-Star game draws deluge of criticism for tournament format, broadcast and so much Kevin Hart. From the format to the broadcast to way too much Kevin Hart, Sunday's NBA All-Star tournament was a resounding dud.","NBA Omnes-stellae lusus criticae diluvium trahit pro forma torneamentum, passim et tantum Kevin Hart. Ex forma ad iaciendum nimis Kevin Hart, dominica NBA torneamentum omne dud sonans fuit.",2026-01-09 04:06:59+00:00
c29e6749fa834897bda0cd715ae1b511,2025-02-17T06:25:31Z,'flooding weather',kyweathercenter.com,en,0.0,First Call for a Winter Storm Snowfall,"Good Monday, everyone. As the Commonwealth tries to recover from deadly and devastating flooding, Mother Nature is still in an unforgiving mood with a harsh week of winter weather on tap. Snowy roads are out there this morning with a winter storm on the way. …",https://kyweathercenter.com/?p=70144,,,"Good Monday, everyone. As the Commonwealth tries to recover from deadly and devastating flooding, Mother Nature is still in an unforgiving mood with a harsh week of winter weather on tap. Snowy roads… [+2911 chars]",,"Erster Aufruf für einen Wintersturm mit Schneefall. Schönen Montag allerseits. Während das Commonwealth versucht, sich von den tödlichen und verheerenden Überschwemmungen zu erholen, ist Mutter Natur immer noch in einer unerbittlichen Stimmung, da eine Woche mit hartem Winterwetter bevorsteht. Heute Morgen sind die Straßen verschneit und ein Wintersturm ist auf dem Weg. …","First Call for a Winter Storm Snowfall. Good Monday, everyone. As the Commonwealth tries to recover from deadly and devastating flooding, Mother Nature is still in an unforgiving mood with a harsh week of winter weather on tap. Snowy roads are out there this morning with a winter storm on the way. …","Primo Vocate ad hiems Storms Snowfall. Lunae bonum, omnes. Cum Respublica a mortifera et vastatione inundationis recuperare nititur, Mater Natura adhuc in irremissibili modo cum gravi hebdomade hiemis in ictu soni est. Viae niveae sunt ibi hoc mane cum hieme in via hiemali. ...",2026-01-09 04:06:59+00:00
f3098ff31c1e5ed49a02c6cdf2770197,2025-02-17T06:30:28Z,'flooding',abcnews.go.com,en,0.0,'Life-threatening cold' expected as polar vortex stretches across U.S. after deadly weekend flooding,"Harsh weather moved west as a polar vortex was expected to grip the Rockies and the northern Plains after winter storms pummeled the eastern U.S. over the weekend, killing at least 10 people, including nine victims in Kentucky who died during flooding ...",https://abcnews.go.com/US/wireStory/life-threatening-cold-expected-polar-vortex-stretches-us-118886056,https://i.abcnewsfe.com/a/35e63c4d-bd61-4b7b-ac5d-9ad30138833c/wirestory_60715bce197e1668e9a225801acc967e_16x9.jpg?w=1600,,"LOUISVILLE, Ky. -- Harsh weather moved west on Monday as a polar vortex was expected to grip the Rockies and the northern Plains after winter storms pummeled the eastern U.S. over the weekend, killin… [+5338 chars]",,"„Lebensbedrohliche Kälte“ wird erwartet, da sich nach tödlichen Überschwemmungen am Wochenende ein Polarwirbel über die USA erstreckt. Das raue Wetter zog nach Westen, da erwartet wurde, dass ein Polarwirbel die Rocky Mountains und die nördlichen Ebenen erfasst, nachdem Winterstürme am Wochenende den Osten der USA heimgesucht hatten und mindestens zehn Menschen töteten, darunter neun Opfer in Kentucky, die bei Überschwemmungen ums Leben kamen ...","'Life-threatening cold' expected as polar vortex stretches across U.S. after deadly weekend flooding. Harsh weather moved west as a polar vortex was expected to grip the Rockies and the northern Plains after winter storms pummeled the eastern U.S. over the weekend, killing at least 10 people, including nine victims in Kentucky who died during flooding ...","'Frigorem vitae minabatur' expectatur ut vortex polaris trans US post mortiferum inundationem volutpat porrexerit. Tempestas saeva occidens commota est ut vortice polaris exspectatur ut silices et campi septentrionales comprehendant, postquam hiemes hiemales in Americae orientalis super volutpat vestibulum percusserunt, occidunt saltem decem homines, in quibus novem victimae in Kentucky, qui in inundatione mortuus est...",2026-01-09 04:06:59+00:00
b82f1569e1eb650d1c98729c3b92099d,2025-02-17T06:53:19Z,'flooding weather',slashdot.org,en,0.0,"Severe flooding in Kentucky claims nine lives, prompts federal disaster declaration - WCYB","Severe flooding in Kentucky claims nine lives, prompts federal disaster declarationWCYB At least 10 dead in Southeast as extreme weather sweeps nation; more to comeUSA TODAY At Least 9 Dead in Latest Blast of Severe Weather; Ohio Valley Avoids FloodingWheelin…",https://slashdot.org/firehose.pl?op=view&amp;id=176279699,,,The Fine Print: The following comments are owned by whoever posted them. We are not responsible for them in any way.,,"Schwere Überschwemmungen in Kentucky fordern neun Todesopfer, Anlass zur Katastrophenerklärung des Bundes – WCYB. Schwere Überschwemmungen in Kentucky fordern neun Todesopfer und führen zu einer Katastrophenerklärung des BundesWCYB Mindestens zehn Tote im Südosten, da extremes Wetter über das Land fegt; mehr folgtUSA HEUTE Mindestens 9 Tote bei jüngster Unwetterkatastrophe; Ohio Valley vermeidet ÜberschwemmungenWheelin…","Severe flooding in Kentucky claims nine lives, prompts federal disaster declaration - WCYB. Severe flooding in Kentucky claims nine lives, prompts federal disaster declarationWCYB At least 10 dead in Southeast as extreme weather sweeps nation; more to comeUSA TODAY At Least 9 Dead in Latest Blast of Severe Weather; Ohio Valley Avoids FloodingWheelin…","Gravis inundatio in Kentucky novem vitas asserit, calamitatem foederatam suggerit declarationem - WCYB. Gravis inundatio in Kentucky petit novem vitas, clades foederales suggerit declarationWCYB In minimis 10 mortuus in Southeast tamquam extremam tempestatem rapit gentem; more to comeUSA TODAY Ad Saltem 9 Dead in Latest Blast of Severe Weather; Ohio Valley vitat FloodingWheelin ...",2026-01-09 04:06:59+00:00
42bf2d5baebd9e4242b649dc1542f14e,2025-02-17T07:29:46Z,'flooding',www.independent.ie,en,0.0,Met Éireann issues Status Yellow rain warning for three counties,"Met Éireann has issued a Status Yellow rain warning for three counties from this morning, bringing spot flooding and difficult travel conditions.",https://www.independent.ie/weather/met-eireann-issues-status-yellow-rain-warning-for-three-counties/a177215048.html,https://focus.independent.ie/thumbor/F2EPqFy92gdGae6M1lE4mI0m0Fo=/60x0:735x450/629x0/prod-mh-ireland/977374b7-15c0-4c7f-bd88-a3099f39f4f3/c25be7a2-2a6f-424b-8a36-a0e495f9fd10/video/video.jpg,,"Met Éireann has issued a Status Yellow rain warning for three counties from this morning, bringing spot flooding and difficult travel conditions.Cork, Kerry and Waterford will be under the warning fr… [+1702 chars]",,"Met Éireann gibt für drei Landkreise die Status-Gelb-Regenwarnung heraus. Met Éireann hat ab heute Morgen für drei Landkreise eine Regenwarnung mit dem Status „Gelb“ herausgegeben, die örtliche Überschwemmungen und schwierige Reisebedingungen mit sich bringt.","Met Éireann issues Status Yellow rain warning for three counties. Met Éireann has issued a Status Yellow rain warning for three counties from this morning, bringing spot flooding and difficult travel conditions.","Met Éireann quaestiones Status Flavus pluviae monitus pro tribus comitatibus. Met Éireann denuntiavit Monitum pluviae Flavi Status trium comitatuum ab hoc mane, maculam inundationem et condiciones peregrinationis difficilis afferens.",2026-01-09 04:06:59+00:00
309f8efcfcaaa6793032f6e2156d0f52,2025-02-17T07:34:00Z,'flooding weather',news.sky.com,en,0.0,Polar vortex to bring 'life-threatening cold' to US,Extreme weather and life-threatening cold temperatures are set to hit western states near the Rocky Mountains - after severe flooding killed at least 10 people in the eastern US over the weekend.,https://news.sky.com/story/us-weather-polar-vortex-to-bring-life-threatening-cold-to-mountain-states-after-winter-storms-and-lethal-floods-13311253,https://e3.365dm.com/25/02/1600x900/skynews-colorado-extreme-weather_6831305.jpg?20250217084428,,"Extreme weather and life-threatening cold temperatures are set to hit western states near the Rocky Mountains - after severe flooding killed at least 10 people in the eastern US over the weekend.
Th… [+2435 chars]",,Polarwirbel bringt „lebensbedrohliche Kälte“ in die USA. Extremes Wetter und lebensbedrohliche Kälte werden die westlichen Bundesstaaten in der Nähe der Rocky Mountains heimsuchen – nachdem schwere Überschwemmungen am Wochenende im Osten der USA mindestens zehn Menschen das Leben gekostet haben.,Polar vortex to bring 'life-threatening cold' to US. Extreme weather and life-threatening cold temperatures are set to hit western states near the Rocky Mountains - after severe flooding killed at least 10 people in the eastern US over the weekend.,Vortex polaris affert 'frigus minabatur' ad US. Tempestas extrema et frigoris minaces vitales civitates occidentales prope Montes scopulos ferire constituuntur - post gravem inundationem occisi sunt saltem 10 homines in US orientalibus super weekend.,2026-01-09 04:06:59+00:00
b8f9ddf10279290abfd2e1fc60ff8eb3,2025-02-17T07:52:17Z,'flooding disaster',slashdot.org,en,0.0,"Severe flooding in Kentucky claims nine lives, prompts federal disaster declaration - Turn to 10","Severe flooding in Kentucky claims nine lives, prompts federal disaster declarationTurn to 10 At least 9 people are dead, including 8 in Kentucky, in latest blast of winter weatherThe Associated Press In Photos: Polar vortex brings record-low temperatures, de…",https://slashdot.org/firehose.pl?op=view&amp;id=176280023,,,The Fine Print: The following comments are owned by whoever posted them. We are not responsible for them in any way.,,"Schwere Überschwemmungen in Kentucky fordern neun Todesopfer und führen zu einer Katastrophenerklärung des Bundes. Weiter zu Punkt 10. Schwere Überschwemmungen in Kentucky fordern neun Todesopfer und führen zu einer Katastrophenerklärung des BundesWeiter zu 10 Mindestens neun Menschen sind bei der jüngsten Winterwetterwelle ums Leben gekommen, davon acht in Kentucky. Fotos von Associated Press: Polarwirbel bringt rekordtiefe Temperaturen, de…","Severe flooding in Kentucky claims nine lives, prompts federal disaster declaration - Turn to 10. Severe flooding in Kentucky claims nine lives, prompts federal disaster declarationTurn to 10 At least 9 people are dead, including 8 in Kentucky, in latest blast of winter weatherThe Associated Press In Photos: Polar vortex brings record-low temperatures, de…","Gravis inundatio in Kentucky petit novem vitas, cladem foederalem declarat declarationem - Convertere ad 10. Gravis inundatio in Kentucky petit novem vitas, monet clades foederalis declarationTurn ad 10 saltem 9 homines mortui sunt, in quibus 8 in Kentucky, in ultimis inspiratione tempestatum hiemalium The Press Consociata in imaginibus: Vortex Polar record-lowes temperaturas affert, de…",2026-01-09 04:06:59+00:00
1c72e3c5b9a5f19fbe6222047bf51aee,2025-02-17T08:30:00Z,'flooding residents',www.thestar.com.my,en,0.0,All Sabah schools affected by floods reopen,"KOTA KINABALU: All 36 schools affected by the recent floods in Sabah reopened for the first day of the 2025/2026 academic session on Monday (Feb 17), following a month-long holiday. Read full story",https://www.thestar.com.my/news/nation/2025/02/17/all-sabah-schools-affected-by-floods-reopen,https://apicms.thestar.com.my/uploads/images/2025/02/17/3172120.jpg,,"KOTA KINABALU: All 36 schools affected by the recent floods in Sabah reopened for the first day of the 2025/2026 academic session on Monday (Feb 17), following a month-long holiday.
Sabah Education … [+1040 chars]",,"Alle von den Überschwemmungen betroffenen Schulen in Sabah werden wiedereröffnet. KOTA KINABALU: Alle 36 Schulen, die von den jüngsten Überschwemmungen in Sabah betroffen waren, wurden nach einem einmonatigen Urlaub am Montag (17. Februar) für den ersten Tag der akademischen Sitzung 2025/2026 wiedereröffnet. Lesen Sie die ganze Geschichte","All Sabah schools affected by floods reopen. KOTA KINABALU: All 36 schools affected by the recent floods in Sabah reopened for the first day of the 2025/2026 academic session on Monday (Feb 17), following a month-long holiday. Read full story","Omnes Sabah scholarum inundationes affectus recludere. KOTA KINABALU: Omnes 36 scholae recentibus diluviis in Sabah affectae recluserunt primum diem sessionis academicae 2025/2026 die Lunae (XVII feb.), post mensem longum feriatum. Read full story",2026-01-09 04:06:59+00:00
58d05bb843e6d5cddc834f55da332964,2025-02-17T08:32:48Z,'flooding rain',www.ibtimes.com,en,0.0,"Kentucky Floods Kill 8, More Extreme Weather Ahead For US","President Donald Trump declared a state of emergency for Kentucky on Sunday afternoon, allowing the Federal Emergency Management Agency (FEMA) to assist with relief efforts.",https://www.ibtimes.com/kentucky-floods-kill-8-more-extreme-weather-ahead-us-3764009,https://d.ibtimes.com/en/full/4583027/kentucky-flooding.jpg,,"At least nine people have lost their lives in the latest round of extreme weather sweeping across the United States, with eight of those fatalities occurring in Kentucky.
The state has been ravaged … [+5638 chars]",,"Überschwemmungen in Kentucky töten 8 Menschen, weitere extreme Wetterereignisse stehen den USA bevor. Präsident Donald Trump hat am Sonntagnachmittag den Ausnahmezustand für Kentucky ausgerufen und der Federal Emergency Management Agency (FEMA) ermöglicht, bei den Hilfsmaßnahmen zu helfen.","Kentucky Floods Kill 8, More Extreme Weather Ahead For US. President Donald Trump declared a state of emergency for Kentucky on Sunday afternoon, allowing the Federal Emergency Management Agency (FEMA) to assist with relief efforts.","Flumina Kentucky interfice 8, Tempestas Magis Extrema Antecedens Pro US. Praeses Donald Trump statum necessitatis in Kentucky die Dominico post meridiem declaravit, permittens Foederatum Emergency Management Agency (FEMA) adiuvare in subsidio nisus.",2026-01-09 04:06:59+00:00
26484d98d16a3ca9acb095af3a910621,2025-02-17T08:58:00Z,'flooding rain',www.dw.com,en,0.0,US: Heavy rains and flooding kill 9,"Flooding in the US has killed at least eight adults and one child, authorities said. Thousands have been left without access to power and drinking water. Heavy rainfall and flooding in parts of the US killed at least nine people and left thousands without pow…",https://www.dw.com/en/us-heavy-rains-and-flooding-kill-9/a-71635101,https://static.dw.com/image/71635119_6.jpg,,"Heavy rainfall and flooding in parts of the US killed at least nine people and left thousands without power, authorities said.
Eight people, including a 7-year-old child, died in the southeastern st… [+2256 chars]",,USA: Heftige Regenfälle und Überschwemmungen töten neun Menschen. Bei Überschwemmungen in den USA kamen nach Angaben der Behörden mindestens acht Erwachsene und ein Kind ums Leben. Tausende haben keinen Zugang zu Strom und Trinkwasser. Heftige Regenfälle und Überschwemmungen in Teilen der USA töteten mindestens neun Menschen und ließen Tausende ohne Strom zurück …,"US: Heavy rains and flooding kill 9. Flooding in the US has killed at least eight adults and one child, authorities said. Thousands have been left without access to power and drinking water. Heavy rainfall and flooding in parts of the US killed at least nine people and left thousands without pow…","US: Imbres graves et inundationes necant 9. Inundatio in US saltem octo adultos et unum puerum occidit, auctores dixerunt. Milia sunt sine accessu virtutis et aquae potus relictae. Imbribus gravis et inundatio in partibus US occidit saltem novem homines et milia sine pow reliquerunt…",2026-01-09 04:06:59+00:00
7e7c1fa886b7f17b89cf1cdd81ca616d,2025-02-17T10:17:20Z,'flooding',www.newsweek.com,en,0.0,Kentucky Flooding Map Shows Exactly Where Extreme Weather Is Most Dangerous,"Nine people have died following dangerous flooding in the state, Kentucky Governor Andy Beshear has confirmed.",https://www.newsweek.com/kentucky-flooding-map-extreme-weather-2032045,https://d.newsweek.com/en/full/2589614/nws-screenshot-header.jpg,,"Flooding threats remained for Kentucky on Monday morning after heavy rainfall triggered severe flooding in the state over the weekend.
The Context
At least nine people have died after floodwaters s… [+2721 chars]",,"Die Überschwemmungskarte von Kentucky zeigt genau, wo extremes Wetter am gefährlichsten ist. Neun Menschen sind bei gefährlichen Überschwemmungen im Bundesstaat ums Leben gekommen, bestätigte der Gouverneur von Kentucky, Andy Beshear.","Kentucky Flooding Map Shows Exactly Where Extreme Weather Is Most Dangerous. Nine people have died following dangerous flooding in the state, Kentucky Governor Andy Beshear has confirmed.",Kentucky Inundatio Map Show Ubi extrema tempestas periculosissima est. Sequentes novem homines mortui sunt in inundatione periculosa in re publica Kentucky gubernator Andy Beshear confirmavit.,2026-01-09 04:06:59+00:00
deb49ecc19975b1fd5e43961c9eacb4a,2025-02-17T10:26:56Z,'flooding',biztoc.com,en,0.0,Kentucky Flooding Map Shows Exactly Where Extreme Weather Is Most Dangerous,"Nine people have died following dangerous flooding in the state, Kentucky Governor Andy Beshear has confirmed.",https://biztoc.com/x/b9ee3e1a826eb9c0,https://biztoc.com/cdn/809/og.png,,"Nine people have died following dangerous flooding in the state, Kentucky Governor Andy Beshear has confirmed.
This story appeared on newsweek.com, 2025-02-17 10:17:20.",,"Die Überschwemmungskarte von Kentucky zeigt genau, wo extremes Wetter am gefährlichsten ist. Neun Menschen sind bei gefährlichen Überschwemmungen im Bundesstaat ums Leben gekommen, bestätigte der Gouverneur von Kentucky, Andy Beshear.","Kentucky Flooding Map Shows Exactly Where Extreme Weather Is Most Dangerous. Nine people have died following dangerous flooding in the state, Kentucky Governor Andy Beshear has confirmed.",Kentucky Inundatio Map Show Ubi extrema tempestas periculosissima est. Sequentes novem homines mortui sunt in inundatione periculosa in re publica Kentucky gubernator Andy Beshear confirmavit.,2026-01-09 04:06:59+00:00
98e811f52d9550f04a2db0387d16df7e,2025-02-17T10:32:24Z,'flooding',slashdot.org,en,0.0,'Life-threatening cold' expected as polar vortex stretches across U.S. after deadly weekend flooding - The Associated Press,"'Life-threatening cold' expected as polar vortex stretches across U.S. after deadly weekend floodingThe Associated Press Single-digit temperatures with sunshine expected on Sunday, bitterly cold conditions aheadMPR News Arctic air fills in behind the snowWLWT…",https://slashdot.org/firehose.pl?op=view&amp;id=176281941,,,The Fine Print: The following comments are owned by whoever posted them. We are not responsible for them in any way.,,"„Lebensbedrohliche Kälte“ wird erwartet, da sich nach tödlichen Überschwemmungen am Wochenende ein Polarwirbel über die USA erstreckt – The Associated Press. „Lebensbedrohliche Kälte“ wird erwartet, da sich der Polarwirbel nach tödlichen Überschwemmungen am Wochenende über die USA ausdehntThe Associated Press Einstellige Temperaturen mit Sonnenschein am Sonntag erwartet, bitterkalte Bedingungen stehen bevorMPR News Arktische Luft füllt sich hinter dem SchneeWLWT…","'Life-threatening cold' expected as polar vortex stretches across U.S. after deadly weekend flooding - The Associated Press. 'Life-threatening cold' expected as polar vortex stretches across U.S. after deadly weekend floodingThe Associated Press Single-digit temperatures with sunshine expected on Sunday, bitterly cold conditions aheadMPR News Arctic air fills in behind the snowWLWT…","'frigus minabatur' expectatur ut vortex polaris per Americae post mortiferum inundationem volutpat porrecta - Press Associated. 'Frigorem vitae minans' expectatur ut vortex polaris per Americae post mortiferum volutpat inundationem extendens The Press Singulus digiti temperaturas sole expectata die Dominico, condiciones acerrimas praemisit MPR News arcticus aer implet in tergo snowWLWT…",2026-01-09 04:06:59+00:00
b307f81239b7c9085490191dfa0a242d,2025-02-17T10:46:21Z,'flooding',www.newsweek.com,en,0.0,Trump's Daytona Appearance Sparks Anger From Critics Amid US Floods,The president flew in to attend the NASCAR race as deadly flooding hit the southeast over the weekend.,https://www.newsweek.com/trump-daytona-nascar-flooding-kentucky-2032049,https://d.newsweek.com/en/full/2589588/donald-trump-florida.jpg,,"A number of Donald Trump critics have attacked the president for attending Sunday's Daytona 500 race as parts of the U.S. are hit by floods.
Newsweek has contacted the White House for comment via em… [+4698 chars]",,"Trumps Auftritt in Daytona löst bei Kritikern angesichts der Überschwemmungen in den USA Wut aus. Der Präsident flog ein, um dem NASCAR-Rennen beizuwohnen, als am Wochenende tödliche Überschwemmungen den Südosten heimsuchten.",Trump's Daytona Appearance Sparks Anger From Critics Amid US Floods. The president flew in to attend the NASCAR race as deadly flooding hit the southeast over the weekend.,Trump est Daytona Aspectus scintillae iram a Criticis inter US flumina. Praeses ad frequentandum genus NASCAR volavit ut funestum inundationem orientalem in volutpat vestibulum percuteret.,2026-01-09 04:06:59+00:00
bd430c61992bf787b1aff36b7e8c01f8,2025-02-17T12:26:52Z,'flooding',www.nbcnews.com,en,0.0,Severe flooding in Kentucky and 'SNL50' top moments: Morning Rundown,"Musk's DOGE IRS, SNL50 top moments, SNL50 highlights, Eddie Murphy, Ryan Reynolds, Tina Fey, Amy Poehler, Saturday Night Live",https://www.nbcnews.com/news/severe-flooding-kentucky-snl50-top-moments-morning-rundown-rcna192431,"https://media-cldnry.s-nbcnews.com/image/upload/t_nbcnews-fp-1200-630,f_auto,q_auto:best/rockcms/2025-02/250216-SNL-end-b95bd0.jpg",,Elon Musks DOGE expected to seek access to personal taxpayer data. The highlights from the Saturday Night Live 50th anniversary special. And how the next generation of farmers will struggle to fit on… [+7015 chars],,"Schwere Überschwemmungen in Kentucky und „SNL50“-Topmomente: Morning Rundown. Musks DOGE IRS, SNL50-Topmomente, SNL50-Highlights, Eddie Murphy, Ryan Reynolds, Tina Fey, Amy Poehler, Saturday Night Live","Severe flooding in Kentucky and 'SNL50' top moments: Morning Rundown. Musk's DOGE IRS, SNL50 top moments, SNL50 highlights, Eddie Murphy, Ryan Reynolds, Tina Fey, Amy Poehler, Saturday Night Live","Gravis inundatio in Kentucky et 'SNL50' momenta suprema: Mane Rundown. MOSCHUS DOGE IRS, SNL50 momenta summa, SNL50 elucidat, Eddie Murphy, Ryan Reynolds, Tina Fey, Amy Poehler, Nocte Diei Saturni vive",2026-01-09 04:06:59+00:00
4155477ce0db7dc15c5c73e7ddc057d1,2025-02-17T12:38:30Z,'flooding',www.bostonherald.com,en,0.0,‘Life-threatening cold’ expected as polar vortex stretches across U.S. after deadly weekend flooding,Harsh weather moved west after winter storms pummeled the eastern U.S.,https://www.bostonherald.com/2025/02/17/winter-weather-polar-vortex-deadly/,https://www.bostonherald.com/wp-content/uploads/2025/02/Winter_Weather_13985.jpg?w=1024&h=484,,"LOUISVILLE, Ky. (AP) — Harsh weather moved west on Monday as a polar vortex was expected to grip the Rockies and the northern Plains after winter storms pummeled the eastern U.S. over the weekend, ki… [+5769 chars]",,"„Lebensbedrohliche Kälte“ wird erwartet, da sich nach tödlichen Überschwemmungen am Wochenende ein Polarwirbel über die USA erstreckt. Das raue Wetter zog nach Westen, nachdem Winterstürme den Osten der USA heimgesucht hatten.",‘Life-threatening cold’ expected as polar vortex stretches across U.S. after deadly weekend flooding. Harsh weather moved west after winter storms pummeled the eastern U.S.,`frigus minabatur' expectatur ut vortex polaris per US post mortiferum inundationem volutpat intenditur. Tempestas dura movetur occidente post hiemes inlisa ad orientem Americae.,2026-01-09 04:06:59+00:00
588a9a739435376793bee243d5e601a8,2025-02-17T13:05:00Z,'flooding residents',www.cbsnews.com,en,0.0,"""Life-threatening cold"" to grip central U.S., forecasters say","A polar vortex was expected to grip the Rockies and northern Plains after winter storms pummeled the eastern U.S., killing at least 10 people including nine in Kentucky who died in flooding.",https://www.cbsnews.com/news/bitter-cold-central-us-deadly-flooding-south/,https://assets1.cbsnewsstatic.com/hub/i/r/2025/02/17/f8fafb25-fbf0-4a06-8f64-d1cc79aef312/thumbnail/1200x630/7ce1267c405e5c0882caea1083877c13/ap25047710506304.jpg?v=f303dc12868a012283443d8b9123e5fe,,"Harsh weather moved west on Monday as a polar vortex was expected to grip the Rockies and northern Plains after winter storms pummeled the eastern U.S. over the weekend, killing at least 10 people, i… [+5407 chars]",,"„Lebensbedrohliche Kälte“ droht Zentralamerika, sagen Prognostiker. Es wurde erwartet, dass ein Polarwirbel die Rocky Mountains und die nördlichen Ebenen erfasst, nachdem Winterstürme den Osten der USA heimgesucht hatten und mindestens zehn Menschen töteten, darunter neun in Kentucky, die bei Überschwemmungen ums Leben kamen.","""Life-threatening cold"" to grip central U.S., forecasters say. A polar vortex was expected to grip the Rockies and northern Plains after winter storms pummeled the eastern U.S., killing at least 10 people including nine in Kentucky who died in flooding.","""Frigida vita-minans"" media US tenaci, forecasters dicunt. Vortex polaris expectabatur ut Silicis et campi septentrionales comprehenderentur, postquam hiemes in Americae orientalis pulsaverunt, occidunt saltem centum novem homines in Kentucky qui in inundatione mortui sunt.",2026-01-09 04:06:59+00:00
470a2c0dfd1c58e605c5fc6cad80120f,2025-02-17T13:18:00Z,'floods',www.cbsnews.com,en,0.0,"At least 10 dead after powerful storm brings high winds, flash floods across the South","At least ten people are dead, including nine in Kentucky, after a powerful storm pummeled through the South over the weekend. CBS News national reporter Karen Hua has the latest from Bowling Green, Kentucky.",https://www.cbsnews.com/video/at-least-10-dead-after-powerful-storm-brings-high-winds-flash-floods-across-the-south/,https://assets3.cbsnewsstatic.com/hub/i/r/2025/02/17/897977e1-818b-4a1e-99c3-11b7bd9fd989/thumbnail/1200x630/7c3fd12e400720fa5e3677c394a75f61/cbsn-fusion-at-least-10-dead-after-powerful-storm-brings-high-winds-flash-floods-across-the-south-thumbnail.jpg?v=f303dc12868a012283443d8b9123e5fe,https://web.archive.org/web/20250217134719/https://www.cbsnews.com/video/at-least-10-dead-after-powerful-storm-brings-high-winds-flash-floods-across-the-south/,"Watch CBS News
Copyright ©2025 CBS Interactive Inc. All rights reserved.
Get browser notifications for breaking news, live events, and exclusive reporting.
Not NowTurn On",,"Mindestens 10 Tote, nachdem ein heftiger Sturm im Süden heftige Winde und Sturzfluten mit sich brachte. Mindestens zehn Menschen sind ums Leben gekommen, darunter neun in Kentucky, nachdem am Wochenende ein heftiger Sturm über den Süden fegte. Die nationale Reporterin von CBS News, Karen Hua, berichtet über das Neueste aus Bowling Green, Kentucky.","At least 10 dead after powerful storm brings high winds, flash floods across the South. At least ten people are dead, including nine in Kentucky, after a powerful storm pummeled through the South over the weekend. CBS News national reporter Karen Hua has the latest from Bowling Green, Kentucky.","10 Saltem post exanimes validas tempestates adfert ventos altos, transque micant flumina Austri. Saltem decem homines mortui sunt, inter quas novem in Kentucky, postquam valida tempestas per meridiem super weekend inflictae sunt. CBS News nationalis nuntius Karen Hua novissimam habet ex Bowling Green, Kentucky.",2026-01-09 04:06:59+00:00
d300d021209554d6ea0f8651a8d9d64e,2025-02-17T13:57:11Z,'flooding',www.voanews.com,en,0.0,'Life-threatening cold' expected in some parts of US after deadly weekend flooding,"Louisville, Kentucky — Harsh weather moved west on Monday as a polar vortex was expected to grip the Rockies and the northern Plains after winter storms pummeled the eastern United States over the weekend, killing at least 10 people, including nine victims in…",https://www.voanews.com/a/life-threatening-cold-expected-in-some-parts-of-us-after-deadly-weekend-flooding/7977727.html,https://gdb.voanews.com/D39C6525-5AD3-4434-A008-5961571CB0BD.jpg,,"Louisville, Kentucky  Harsh weather moved west on Monday as a polar vortex was expected to grip the Rockies and the northern Plains after winter storms pummeled the eastern United States over the wee… [+5208 chars]",,"Nach tödlichen Überschwemmungen am Wochenende wird in einigen Teilen der USA mit „lebensbedrohlicher Kälte“ gerechnet. Louisville, Kentucky – Raues Wetter zog am Montag nach Westen, da erwartet wurde, dass ein Polarwirbel die Rocky Mountains und die nördlichen Ebenen erfasst, nachdem Winterstürme am Wochenende den Osten der Vereinigten Staaten heimgesucht hatten und mindestens zehn Menschen töteten, darunter neun Opfer in …","'Life-threatening cold' expected in some parts of US after deadly weekend flooding. Louisville, Kentucky — Harsh weather moved west on Monday as a polar vortex was expected to grip the Rockies and the northern Plains after winter storms pummeled the eastern United States over the weekend, killing at least 10 people, including nine victims in…","'Frigorem vitae minacem' expectatur in nonnullis partibus US post mortiferum volutpat inundationem. Louisville, Kentucky —  Tempestas dura movetur occidente die Lunae ut voragines polaris exspectatur silices et campos septentrionales occupare post procellas hiemales inflictae civitates foederatae orientales super weekend occidendo saltem X homines, novem victimas in…",2026-01-09 04:06:59+00:00
a9f268cb1d34c719fe281c37a1aed607,2025-02-17T14:27:36Z,'flooding weather',www.cbsnews.com,en,0.0,Kentucky Gov. Andy Beshear gives storm update,"Severe weather in Kentucky that included flash flooding killed at least nine people in the state and left 16,000 people without power. President Trump approved a disaster declaration for the state. Kentucky Gov. Andy Beshear joins ""CBS Mornings"" to provide an…",https://www.cbsnews.com/video/kentucky-gov-andy-beshear-gives-storm-update/,https://assets2.cbsnewsstatic.com/hub/i/r/2025/02/17/862a7e91-f8ed-4686-8fb6-314823c94976/thumbnail/1200x630/465e5e173b2380fcbcdda5e97a0cb902/0217-cmo-kentucky.jpg?v=f303dc12868a012283443d8b9123e5fe,,"Watch CBS News
Copyright ©2025 CBS Interactive Inc. All rights reserved.
Get browser notifications for breaking news, live events, and exclusive reporting.
Not NowTurn On",,"Der Gouverneur von Kentucky, Andy Beshear, informiert über den Sturm. Unwetter in Kentucky, zu denen auch Sturzfluten gehörten, töteten mindestens neun Menschen im Bundesstaat und ließen 16.000 Menschen ohne Strom zurück. Präsident Trump stimmte einer Katastrophenerklärung für den Staat zu. Der Gouverneur von Kentucky, Andy Beshear, nimmt an „CBS Mornings“ teil, um einen…","Kentucky Gov. Andy Beshear gives storm update. Severe weather in Kentucky that included flash flooding killed at least nine people in the state and left 16,000 people without power. President Trump approved a disaster declaration for the state. Kentucky Gov. Andy Beshear joins ""CBS Mornings"" to provide an…","Kentucky Gov Andy Beshear tempestatis renovatio dat. Gravis tempestas in Kentucky, quae inundatione mico comprehendit, occidit saltem novem homines in re publica et 16000 hominum sine viribus reliquit. Praesidens Trump declarationem rei publicae calamitatem probavit. Kentucky Gov. Andy Beshear iungit ""CBS Matutinis"" providere an…",2026-01-09 04:06:59+00:00
3181d761bc91386852b893f8ab24e3a2,2025-02-17T14:52:59Z,'flooding',www.foxnews.com,en,0.0,"Kentucky mother, 7-year-old daughter among 9 dead from flooding","A mother and her 7-year-old daughter are among at least nine people dead in Kentucky after severe flooding struck the state, officials said on Sunday.",https://www.foxnews.com/us/kentucky-mother-7-year-old-daughter-among-9-dead-from-flooding,https://static.foxnews.com/foxnews.com/content/uploads/2025/02/ky-flooding.jpg,,"A mother and her 7-year-old daughter are among at least nine people dead in Kentucky after severe flooding struck the state, officials said on Sunday.
The mother and child were swept away Saturday n… [+1655 chars]",,"Kentucky-Mutter und 7-jährige Tochter unter 9 Toten durch Überschwemmung. Eine Mutter und ihre 7-jährige Tochter gehören zu den mindestens neun Toten in Kentucky, nachdem schwere Überschwemmungen den Staat heimgesucht hatten, sagten Beamte am Sonntag.","Kentucky mother, 7-year-old daughter among 9 dead from flooding. A mother and her 7-year-old daughter are among at least nine people dead in Kentucky after severe flooding struck the state, officials said on Sunday.","Mater Kentucky, 7 annorum filia in inundatione 9 mortua. Mater et filia eius 7 annorum sunt inter minus novem homines mortui in Kentucky, postquam gravem inundationem publicam percusserunt, ministri die Dominico dixerunt.",2026-01-09 04:06:59+00:00
0f01e01687f90babf75c3c538207d697,2025-02-17T15:22:58Z,'flooding death',www.huffpost.com,en,0.0,'Life-Threatening Cold' Expected As Polar Vortex Stretches Across U.S. After Deadly Weekend Flooding,Meteorologists said several states would experience the 10th and coldest polar vortex event this season.,https://www.huffpost.com/entry/us-winter-weather-polar-vortex_n_67b34c85e4b0e4f051643f40,https://img.huffingtonpost.com/asset/67b3502018000015006390a3.jpg?cache=jXxdTaPOZY&ops=1200_630,,"A road is closed due to flooding in Louisville, Ky., Sunday, Feb. 16, 2025. (AP Photo/Timothy D. Easley)
LOUISVILLE, Ky. (AP) Harsh weather moved west on Monday as a polar vortex was expected to gri… [+6850 chars]",,"„Lebensbedrohliche Kälte“ wird erwartet, da sich der Polarwirbel nach tödlichen Überschwemmungen am Wochenende über die USA ausbreitet. Meteorologen sagten, dass mehrere Bundesstaaten in dieser Saison das zehnte und kälteste Polarwirbelereignis erleben würden.",'Life-Threatening Cold' Expected As Polar Vortex Stretches Across U.S. After Deadly Weekend Flooding. Meteorologists said several states would experience the 10th and coldest polar vortex event this season.,'Vitam minabatur frigus' Expectatur sicut Suspendisse Vortex extendit Trans US Post Mortiferum volutpat inundatio. Meteorologistae aliquot civitates dixerunt se 10 et frigidissimas vortice polaris eventum hoc tempore experiri.,2026-01-09 04:06:59+00:00
73b42f6055dcf3ba77f7fad2ad39047f,2025-02-17T15:25:45Z,'flooding',www.cbsnews.com,en,0.0,"""Devastating flooding"" hits small town of Pikeville, Kentucky","In Pikeville, Kentucky, a town with a population of roughly 7,000 people, ""nearly every home"" in one neighborhood saw flooding impacts, the mayor said.",https://www.cbsnews.com/news/flooding-pikeville-kentucky-swift-water-rescues/,https://assets3.cbsnewsstatic.com/hub/i/r/2025/02/17/272b9dee-931f-4ba5-aaec-afb2285838f5/thumbnail/1200x630/ff2cbdcfd3587d86a69484c3b29ae304/master-headlines-16x9.jpg?v=f303dc12868a012283443d8b9123e5fe,https://web.archive.org/web/20250217152502/https://www.cbsnews.com/news/flooding-pikeville-kentucky-swift-water-rescues/,"""Significant and devastating flooding"" in Pikeville, Kentucky — a small town in the eastern part of the state with a population of roughly 7,000 —  has left the community submerged in water, the city… [+2857 chars]",,"„Verheerende Überschwemmungen“ treffen die Kleinstadt Pikeville in Kentucky. In Pikeville, Kentucky, einer Stadt mit rund 7.000 Einwohnern, sei „fast jedes Haus“ in einem Viertel von Überschwemmungen betroffen gewesen, sagte der Bürgermeister.","""Devastating flooding"" hits small town of Pikeville, Kentucky. In Pikeville, Kentucky, a town with a population of roughly 7,000 people, ""nearly every home"" in one neighborhood saw flooding impacts, the mayor said.","""Inundatio vastans"" parvum oppidum Pikeville, Kentucky pervenit. In Pikeville, Kentucky, oppido cum 7000 hominum dure incolarum, ""paene omnis domus"" in una vicinia impulsus inundationes vidit, maior dixit.",2026-01-09 04:06:59+00:00
3a5a9829fedd30e1fd37bfb32d3d0489,2025-02-17T15:27:40Z,'flooding storm',economictimes.indiatimes.com,en,0.0,'Life-threatening cold' expected as polar vortex stretches across U.S. after deadly weekend flooding,"A polar vortex gripped the Rockies and northern Plains after winter storms ravaged the eastern U.S., with extreme cold warnings issued. In Kentucky, nine deaths were reported due to flooding. Alabama, Tennessee, and West Virginia faced severe storm impacts. M…",https://economictimes.indiatimes.com/news/international/global-trends/life-threatening-cold-expected-as-polar-vortex-stretches-across-u-s-after-deadly-weekend-flooding/articleshow/118334758.cms,"https://img.etimg.com/thumb/msid-118334770,width-1200,height-630,imgsize-976246,overlay-economictimes/articleshow.jpg",,"Harsh weather moved west on Monday as a polar vortex was expected to grip the Rockies and the northern Plains after winter storms pummeled the eastern U.S. over the weekend, killing at least 10 peopl… [+5117 chars]",,"„Lebensbedrohliche Kälte“ wird erwartet, da sich nach tödlichen Überschwemmungen am Wochenende ein Polarwirbel über die USA erstreckt. Ein Polarwirbel erfasste die Rocky Mountains und die nördlichen Ebenen, nachdem Winterstürme den Osten der USA verwüstet hatten und extreme Kältewarnungen ausgegeben wurden. In Kentucky wurden neun Todesfälle aufgrund von Überschwemmungen gemeldet. Alabama, Tennessee und West Virginia wurden von schweren Stürmen heimgesucht. M…","'Life-threatening cold' expected as polar vortex stretches across U.S. after deadly weekend flooding. A polar vortex gripped the Rockies and northern Plains after winter storms ravaged the eastern U.S., with extreme cold warnings issued. In Kentucky, nine deaths were reported due to flooding. Alabama, Tennessee, and West Virginia faced severe storm impacts. M…","'Frigorem vitae minabatur' expectatur ut vortex polaris trans US post mortiferum inundationem volutpat porrexerit. Vortex polaris Silicis et campi septentrionales occupavit, postquam tempestates hiemales Americae Orientales depopulati sunt, monitis frigidissimis editis. In Kentucky relata sunt novem mortes ob inundationem. Alabama, Tennessee, et West Virginia adversa tempestas gravis conflixit. M…",2026-01-09 04:06:59+00:00
5652646ea992a968101532d9f7500c7b,2025-02-17T16:02:17Z,'flooding storm',www.nbcnews.com,en,0.0,Kentucky reels from flooding that killed 11 as another storm will bring snow and cold,"Another winter storm will hit the U.S. this week and will bring snow to Kentucky, after the state was hit with devastating flooding over the weekend that killed 11 and prompted over 1,000 rescues.",https://www.nbcnews.com/weather/winter-weather/kentucky-reels-flooding-killed-11-another-storm-will-bring-snow-cold-rcna192453,"https://media-cldnry.s-nbcnews.com/image/upload/t_nbcnews-fp-1200-630,f_auto,q_auto:best/rockcms/2025-02/250217-kentucky-mb-1545-d0ff98.jpg",http://archive.md/20250217162809/https://www.nbcnews.com/weather/winter-weather/kentucky-reels-flooding-killed-11-another-storm-will-bring-snow-cold-rcna192453,"Another winter storm will hit the U.S. this week and will bring snow to Kentucky, after the state was hit with devastating flooding over the weekend that killed 11 and prompted over 1,000 rescues. 
… [+3992 chars]",,"Kentucky leidet unter Überschwemmungen, bei denen elf Menschen ums Leben kamen, während ein weiterer Sturm Schnee und Kälte bringen wird. Diese Woche wird ein weiterer Wintersturm die USA heimsuchen und Kentucky mit Schnee bescheren, nachdem der Bundesstaat am Wochenende von verheerenden Überschwemmungen heimgesucht wurde, bei denen elf Menschen ums Leben kamen und über 1.000 Menschen gerettet wurden.","Kentucky reels from flooding that killed 11 as another storm will bring snow and cold. Another winter storm will hit the U.S. this week and will bring snow to Kentucky, after the state was hit with devastating flooding over the weekend that killed 11 and prompted over 1,000 rescues.","Kentucky ex inundatione nutat, qui occidit 11 sicut alia tempestas afferet nix et frigus. Alia tempestas hiemalis Americae hac septimana feriat et nives in Kentucky adducet, postquam status inundationis inundationis super weekend qui 11 occisus est et per 1,000 liberatores suggessit.",2026-01-09 04:06:59+00:00
2482eb9c83b5a91252ab7429258bcf1d,2025-02-17T17:32:56Z,'flooding weather',slashdot.org,en,0.0,At Least 10 Dead In Kentucky After Severe Flooding Sweeps The South; Hundreds Of Thousands Without Power - The Weather Channel,At Least 10 Dead In Kentucky After Severe Flooding Sweeps The South; Hundreds Of Thousands Without PowerThe Weather Channel Rescues are ongoing in flooded Kentucky and a new winter storm and brutal cold are incomingCNN California Gov. Newsom mobilizes aid to …,https://slashdot.org/firehose.pl?op=view&amp;id=176286949,,,"New York... when civilization falls apart, remember, we were way ahead of you.
- David Letterman",,Mindestens 10 Tote in Kentucky nach schwerer Überschwemmung im Süden; Hunderttausende ohne Strom – The Weather Channel. Mindestens 10 Tote in Kentucky nach schwerer Überschwemmung im Süden; Hunderttausende ohne StromDie Weather Channel-Rettungsarbeiten laufen im überschwemmten Kentucky und ein neuer Wintersturm und brutale Kälte drohenCNN Kaliforniens Gouverneur Newsom mobilisiert Hilfe für …,At Least 10 Dead In Kentucky After Severe Flooding Sweeps The South; Hundreds Of Thousands Without Power - The Weather Channel. At Least 10 Dead In Kentucky After Severe Flooding Sweeps The South; Hundreds Of Thousands Without PowerThe Weather Channel Rescues are ongoing in flooded Kentucky and a new winter storm and brutal cold are incomingCNN California Gov. Newsom mobilizes aid to …,Saltem 10 Mortuus In Kentucky Post Severam Inundationem Rapitur Auster; Centum Millia Sine Potentia - Tempestas Channel. Saltem 10 Mortuus In Kentucky Post Severam Inundationem Rapitur Auster; Centum Milia Sine PowerThe Tempestas Channel Rescue permanent in inundatione Kentucky et nova tempestas hiemalis et inhumanum frigus inveniuntCNN California Gov. Newsom movet auxilium ad ...,2026-01-09 04:06:59+00:00
ad7c2740d94ecc71e2a045d6058119b2,2025-02-17T17:33:13Z,'flooding evacuation',www.foxweather.com,en,0.0,Drone video provides dramatic look at flooding after levee fails in Tennessee,A state of emergency was declared and evacuations were ordered after torrential rain and deadly flooding led to a levee failure in Tennessee that sent water ...,https://www.foxweather.com/extreme-weather/rives-tennessee-flooding-drone-video,https://media.zenfs.com/en/fox_weather_articles_483/3909255df2c1ea9aec9f8f6993d81135,,"RIVES, Tenn. A state of emergency was declared and evacuations were ordered after torrential rain and deadly flooding led to a levee failure in Tennessee that sent water rushing into the community of… [+2372 chars]",,"Drohnenvideo bietet dramatische Einblicke in Überschwemmungen nach Deichbruch in Tennessee. Der Ausnahmezustand wurde ausgerufen und Evakuierungen angeordnet, nachdem sintflutartige Regenfälle und tödliche Überschwemmungen zu einem Deichbruch in Tennessee führten, der Wasser in die Luft schickte ...",Drone video provides dramatic look at flooding after levee fails in Tennessee. A state of emergency was declared and evacuations were ordered after torrential rain and deadly flooding led to a levee failure in Tennessee that sent water ...,Fucus video scenicos aspectum praebet in inundatione postquam aggeris in Tennessee deficit. Status tumultus declaratus et purgationes edictae sunt post imbrem torrentem et exitialem inundationem vecti ad defectum in Tennessee emittentes aquam.,2026-01-09 04:06:59+00:00
054ea54ed490521e5d3e6b601f7dbc60,2025-02-17T17:48:57Z,'flooding residents',www.livescience.com,en,0.0,'Stay off the roads': Winter storm warning as deadly floods strike Kentucky,"Kentucky is battling devastating floods after another powerful winter storm hit the eastern U.S. over the weekend, leaving at least 10 people dead.",https://www.livescience.com/planet-earth/flooding/stay-off-the-roads-winter-storm-warning-as-deadly-floods-strike-kentucky,https://cdn.mos.cms.futurecdn.net/YTcBdeAzwvAbWms2uvHjYZ-1200-80.jpg,,"Another powerful winter storm hit the eastern U.S. over the weekend, causing widespread floods in Kentucky and leaving a number of people dead.
The storm killed at least nine people
 in Kentucky an… [+2928 chars]",,"„Bleiben Sie von den Straßen fern“: Wintersturmwarnung, da tödliche Überschwemmungen Kentucky heimsuchen. Kentucky kämpft mit verheerenden Überschwemmungen, nachdem am Wochenende ein weiterer heftiger Wintersturm den Osten der USA heimgesucht hat und mindestens zehn Menschen das Leben gekostet hat.","'Stay off the roads': Winter storm warning as deadly floods strike Kentucky. Kentucky is battling devastating floods after another powerful winter storm hit the eastern U.S. over the weekend, leaving at least 10 people dead.","'siste vias': 'Hiems monitus procellae Kentucky lethalia flumina percellunt'. Kentucky certat inundationes vastantes post aliam validam tempestatem hiemalem Americae orientalis super volutpat vestibulum vitae, relinquens saltem 10 homines mortuos.",2026-01-09 04:06:59+00:00
cfa7f0de13881952a31c0ce08855ac5f,2025-02-17T18:00:53Z,'flooding storm',www.cbsnews.com,en,0.0,2/17: CBS Mornings Plus,"Dangerous storms sweep through the South, bringing intense winds and heavy rain and leaving many areas at risk of flooding and power outages. Also, Dr. Marie-Pierre St-Onge shares practical tips and recipes to promote better sleep through healthier eating.",https://www.cbsnews.com/video/021725-cbs-mornings-plus/,https://assets1.cbsnewsstatic.com/hub/i/r/2025/02/17/b241e289-845e-4c17-ba30-839c95844a97/thumbnail/1200x630/47d23f168c52819308a37983ec924c9b/cbsmorningsplus-full-3543850-640x360.jpg?v=f303dc12868a012283443d8b9123e5fe,https://web.archive.org/web/20250221065240/https://www.cbsnews.com/video/021725-cbs-mornings-plus/,"Watch CBS News
Copyright ©2025 CBS Interactive Inc. All rights reserved.
Get browser notifications for breaking news, live events, and exclusive reporting.
Not NowTurn On",,"17.02.: CBS Mornings Plus. Gefährliche Stürme fegen über den Süden, bringen heftige Winde und starken Regen mit sich und stellen viele Gebiete in die Gefahr von Überschwemmungen und Stromausfällen. Außerdem gibt Dr. Marie-Pierre St-Onge praktische Tipps und Rezepte, um durch gesündere Ernährung einen besseren Schlaf zu fördern.","2/17: CBS Mornings Plus. Dangerous storms sweep through the South, bringing intense winds and heavy rain and leaving many areas at risk of flooding and power outages. Also, Dr. Marie-Pierre St-Onge shares practical tips and recipes to promote better sleep through healthier eating.","2/17: CBS Matutinis Plus. Tempestates periculosae per meridiem verrunt, vehementes ventos et imbres afferentes et multas regiones in periculo inundationis et potentiae outages relinquentes. Etiam, Dr. Marie-Pierre St-Onge apicibus practicis communicat et recipit ad melius somnum promovendum per saniorem edendum.",2026-01-09 04:06:59+00:00
962dda7dd88a1413ab7002a4dcd09177,2025-02-17T18:02:54Z,'flooding',www.breitbart.com,en,0.0,PHOTOS: Crews 'Heroically' Perform 50 Rescues as Floodwaters Slam Kentucky Town,"Residents in the small town of Pikeville, Kentucky, are grappling with disastrous flooding as crews work to rescue their neighbors.
The post PHOTOS: Crews ‘Heroically’ Perform 50 Rescues as Floodwaters Slam Kentucky Town appeared first on Breitbart.",https://www.breitbart.com/weather/2025/02/17/photos-crews-heroically-perform-50-rescues-floodwaters-slam-kentucky-town/,https://media.breitbart.com/media/2025/02/Kentucky-Flooding-Rescue-640x335.jpg,https://web.archive.org/web/20250217181143/https://www.breitbart.com/weather/2025/02/17/photos-crews-heroically-perform-50-rescues-floodwaters-slam-kentucky-town/,"Residents in the small town of Pikeville, Kentucky, are grappling with disastrous flooding as crews work to rescue their neighbors.
Heavy rains fell over the weekend on areas of western and northern… [+2490 chars]",,"FOTOS: Besatzungen führen „heldenhaft“ 50 Rettungseinsätze durch, während das Hochwasser Kentucky Town verwüstet. Die Bewohner der Kleinstadt Pikeville in Kentucky kämpfen mit verheerenden Überschwemmungen, während die Rettungskräfte ihre Nachbarn retten.
Der Beitrag FOTOS: Besatzungen führen „heldenhaft“ 50 Rettungseinsätze durch, während Floodwaters Kentucky Town zerstören, erschien zuerst auf Breitbart.","PHOTOS: Crews 'Heroically' Perform 50 Rescues as Floodwaters Slam Kentucky Town. Residents in the small town of Pikeville, Kentucky, are grappling with disastrous flooding as crews work to rescue their neighbors.
The post PHOTOS: Crews ‘Heroically’ Perform 50 Rescues as Floodwaters Slam Kentucky Town appeared first on Breitbart.","PHOTOS: Navales Heroice Praestare 50 Rescue ut diluvii Slam Kentucky Oppidum. Incolae in oppidulo Pikeville, Kentucky, cum calamitate inundationis luctantur, sicut nautae laborant ad proximos redimendos.
Post PHOTOS: Crews 'Heroice' Praestare 50 Rescue ut aquae diluvii Slam Kentucky Urbs primum apparuit in Breitbart.",2026-01-09 04:06:59+00:00
eebbbc52e38bf6cfd88cef58287e3b2d,2025-02-17T21:26:00Z,'flooding weather',www.cbsnews.com,en,0.0,Kentucky flood warnings extended after deadly storm,Flash flooding warnings have been extended in Kentucky as the state remains on high alert after severe weather turned deadly. CBS News' Karen Hua reports.,https://www.cbsnews.com/video/kentucky-flood-warnings-extended-after-deadly-storm/,https://assets3.cbsnewsstatic.com/hub/i/r/2025/02/17/fb6c8602-5aad-40d7-9498-b5c89ddf148b/thumbnail/1200x630/7b823012e26571628672b4f29e9d7c68/cbsn-fusion-kentucky-flood-warnings-extended-after-deadly-storm-thumbnail.jpg?v=f303dc12868a012283443d8b9123e5fe,https://web.archive.org/web/20250218125252/https://www.cbsnews.com/video/kentucky-flood-warnings-extended-after-deadly-storm/,"Watch CBS News
Copyright ©2025 CBS Interactive Inc. All rights reserved.
Get browser notifications for breaking news, live events, and exclusive reporting.
Not NowTurn On",,"Nach einem tödlichen Sturm wurden die Hochwasserwarnungen für Kentucky verlängert. In Kentucky wurden die Warnungen vor Sturzfluten ausgeweitet, da der Staat weiterhin in höchster Alarmbereitschaft ist, nachdem schwere Unwetter tödlich verlaufen sind. Karen Hua von CBS News berichtet.",Kentucky flood warnings extended after deadly storm. Flash flooding warnings have been extended in Kentucky as the state remains on high alert after severe weather turned deadly. CBS News' Karen Hua reports.,Kentucky inundatio monita post pestiferam tempestatem extenditur. Monitiones inundationes Flash in Kentucky extensae sunt ut status in alto erectus permanet postquam saeva tempestas mortiferum vertitur. CBS News' Karen Hua refert.,2026-01-09 04:06:59+00:00
2850eba80e9d1de95ee4fc91b0734f59,2025-02-17T22:32:36Z,'flooding',slashdot.org,en,0.0,What We Know About the Kentucky Floods - The New York Times,"What We Know About the Kentucky FloodsThe New York Times Watch: Deadly storm hits south-eastern US and CanadaBBC.com At least 12 dead in multi-state floods as rivers rise and rescues continueCNN Death toll reaches 11 in Kentucky from flooding, Gov. Beshear sa…",https://slashdot.org/firehose.pl?op=view&amp;id=176288661,,,The Fine Print: The following comments are owned by whoever posted them. We are not responsible for them in any way.,,"Was wir über die Überschwemmungen in Kentucky wissen – The New York Times. Was wir über die Überschwemmungen in Kentucky wissenThe New York Times Watch: Tödlicher Sturm trifft den Südosten der USA und KanadaBBC.com Mindestens 12 Tote bei Überschwemmungen in mehreren Bundesstaaten, während Flüsse ansteigen und Rettungsaktionen fortgesetzt werdenCNN Die Zahl der Todesopfer in Kentucky durch Überschwemmungen erreicht 11, sagte Gouverneur Beshear…","What We Know About the Kentucky Floods - The New York Times. What We Know About the Kentucky FloodsThe New York Times Watch: Deadly storm hits south-eastern US and CanadaBBC.com At least 12 dead in multi-state floods as rivers rise and rescues continueCNN Death toll reaches 11 in Kentucky from flooding, Gov. Beshear sa…","Quid cognoscimus de Fluminibus Kentucky - The New York Times. What We know About the Kentucky FloodsThe New York Times Watch: Tempestas fatalis US et CanadaBBC.com Australem-orientalem pervenit: Saltem 12 mortuos in inundationibus multi- statis sicut flumina oriuntur et servat continueCNN Mors vectigal pervenit 11 in Kentucky ab inundatione, Gov Beshear sa…",2026-01-09 04:06:59+00:00
b5878e8c73f06843dccf131ea1379355,2025-02-18T01:46:00Z,'flooding climate change',www.cbsnews.com,en,0.0,Breaking down the trillion-dollar risk posed by climate change,"This weekend's flooding in Kentucky is a reminder of nature's power, and how it can be amplified by climate change. According to climate risk modeling company First Street, climate change could cause a $1.4 trillion loss in property value over the coming deca…",https://www.cbsnews.com/video/breaking-down-the-trillion-dollar-risk-posed-by-climate-change/,https://assets1.cbsnewsstatic.com/hub/i/r/2025/02/18/f014694d-9705-4c22-a79e-f4926f51f26c/thumbnail/1200x630/59aa0181e2e960e3f9e5bb7d4c003849/cbsn-fusion-breaking-down-the-trillion-dollar-risk-posed-by-climate-change-thumbnail.jpg?v=f303dc12868a012283443d8b9123e5fe,,"Watch CBS News
Copyright ©2025 CBS Interactive Inc. All rights reserved.
Get browser notifications for breaking news, live events, and exclusive reporting.
Not NowTurn On",,"Aufschlüsselung des Billionen-Dollar-Risikos, das der Klimawandel mit sich bringt. Die Überschwemmungen an diesem Wochenende in Kentucky sind eine Erinnerung an die Kraft der Natur und daran, wie sie durch den Klimawandel verstärkt werden kann. Nach Angaben des Klimarisikomodellierungsunternehmens First Street könnte der Klimawandel im kommenden Jahrzehnt zu einem Wertverlust von Immobilien in Höhe von 1,4 Billionen US-Dollar führen …","Breaking down the trillion-dollar risk posed by climate change. This weekend's flooding in Kentucky is a reminder of nature's power, and how it can be amplified by climate change. According to climate risk modeling company First Street, climate change could cause a $1.4 trillion loss in property value over the coming deca…","Solvit periculum trillion-dollar in mutatione climatis. Inundatio huius volutpat in Kentucky memoriam virtutis naturae est, et quomodo ampliari potest mutatione climatis. Secundum periculum climatis exemplar societatis Primum Street, mutatio climatis efficere potuit $ 1.4 trillion damnum in valore proprietatis super deca venientem…",2026-01-09 04:06:59+00:00
c3226a82921bef9efc20c4067a008cad,2025-02-18T01:48:00Z,'flooding death',www.japantimes.co.jp,en,0.0,Shiba inu Kabosu continues to be loved after death,"Atsuko Sato received many letters from Kabosu fans across Japan on the dog's birthday last November, six months after her death.",https://www.japantimes.co.jp/news/2025/02/18/japan/japan-shiba-dog-loved/,https://www.japantimes.co.jp/japantimes/uploads/images/2025/02/18/452709.jpg?v=3.1,,"Sakura, Chiba Pref. Kabosu, the shiba inu known as the logo model for a cryptocurrency, remains hugely popular even after her death last May, with fan letters flooding in from around Japan.
The fema… [+275 chars]",,"Shiba Inu Kabosu wird auch nach seinem Tod weiterhin geliebt. Atsuko Sato erhielt zum Geburtstag des Hundes im vergangenen November, sechs Monate nach ihrem Tod, viele Briefe von Kabosu-Fans aus ganz Japan.","Shiba inu Kabosu continues to be loved after death. Atsuko Sato received many letters from Kabosu fans across Japan on the dog's birthday last November, six months after her death.","Shiba inu Kabosu post mortem amari pergit. Atsuko Sato multas litteras ex Kabosu fans trans Iaponiam accepit in natali canis proximis Novembris, sex mensibus post mortem eius.",2026-01-09 04:06:59+00:00
75f4b745c7fd3922eb279fcc04adaa51,2025-02-18T05:05:15Z,'floods',www.ndtv.com,en,0.0,"US Winter Storm Kills 14, Over 1,000 People Rescued In 24 Hours","The death count from powerful winter storms in the central and eastern United States has risen to at least 14, officials said Monday, after floods, gale-force winds and bitterly cold temperatures swept the region.",https://www.ndtv.com/world-news/us-winter-storm-kills-14-over-1-000-people-rescued-in-24-hours-7735843,https://c.ndtvimg.com/2025-02/jepkg0mo_winter-storm_625x300_18_February_25.jpeg,,"Washington, United States: The death count from powerful winter storms in the central and eastern United States has risen to at least 14, officials said Monday, after floods, gale-force winds and bit… [+2095 chars]",,"US-Wintersturm tötet 14 Menschen, über 1.000 Menschen werden innerhalb von 24 Stunden gerettet. Die Zahl der Todesopfer durch starke Winterstürme in der Mitte und im Osten der Vereinigten Staaten ist auf mindestens 14 gestiegen, sagten Beamte am Montag, nachdem Überschwemmungen, orkanartige Winde und bitterkalte Temperaturen über die Region hinweggefegt waren.","US Winter Storm Kills 14, Over 1,000 People Rescued In 24 Hours. The death count from powerful winter storms in the central and eastern United States has risen to at least 14, officials said Monday, after floods, gale-force winds and bitterly cold temperatures swept the region.","US Hiems Storm XIV occidit, Per 1,000 populus ereptus in XXIV Horae. Mortem comitis ex validis tempestatibus hiemalibus in Civitatibus Foederatis media et orientalibus orta est ut saltem XIV, magistratus Lunae die Lunae, post inundationes, ventorum procellae et frigoris calores acerrime regionem traxit.",2026-01-09 04:06:59+00:00
015183592b41bcaa71ccd6e98d34a03d,2025-02-18T06:23:31Z,'flooding weather',www.insurancejournal.com,en,0.0,Texas Braces for Freezing Weather With Wildfire and Flood Risks,Several varieties of extreme weather are forecast for Texas this week as state officials monitor rising wildfire risks in West Texas and possible flash flooding in East Texas before frigid cold settles in across the state mid-week. Wildfire conditions are …,https://www.insurancejournal.com/news/southcentral/2025/02/18/812246.htm,https://www.insurancejournal.com/img/social/opengraph/ij-social-flood-1200x630.png,,Several varieties of extreme weather are forecast for Texas this week as state officials monitor rising wildfire risks in West Texas and possible flash flooding in East Texas before frigid cold settl… [+2018 chars],,"Texas bereitet sich auf eisiges Wetter mit der Gefahr von Waldbränden und Überschwemmungen vor. Für Texas werden diese Woche mehrere Arten extremer Wetterereignisse vorhergesagt, da Staatsbeamte die steigende Waldbrandgefahr in West-Texas und mögliche Sturzfluten in Ost-Texas überwachen, bevor sich Mitte der Woche eisige Kälte im ganzen Staat einstellt. Die Waldbrandbedingungen sind …",Texas Braces for Freezing Weather With Wildfire and Flood Risks. Several varieties of extreme weather are forecast for Texas this week as state officials monitor rising wildfire risks in West Texas and possible flash flooding in East Texas before frigid cold settles in across the state mid-week. Wildfire conditions are …,Texas Braces pro glacians Cum INCAENDIUM et Diluvium Risks. Plures varietates extremae tempestatis in Texas hac septimana praenuntiant sicut monitor status civitatis periculum in Texas occidentali surgens periculumque ignium in Texas Occidente fieri potest et inundatio in Texas Orientali ante frigidum frigus in transverso statu mediae hebdomadis insedit. INCAENDIUM conditiones sunt ...,2026-01-09 04:06:59+00:00
24002286f9d774430e10266a1c355d10,2025-02-18T12:43:27Z,'flooding storm',www.today.com,en,0.0,More snow pounds the Midwest amid recovery from deadly floods,Temperatures are plunging across the country and the next storm is already on the move taking aim at millions in the Midwest. It comes as areas of the South are still recovering from devastating and deadly flooding over the weekend. NBC’s Adrienne Broaddus re…,https://www.today.com/video/major-storm-and-frigid-temps-on-the-move-across-the-us-232240709695,"https://media-cldnry.s-nbcnews.com/image/upload/t_social_share_1200x630_center,f_auto,q_auto:best/mpx/2704722219/2025_02/1739882602039_tdy_news_7a_weather_250218_1920x1080-una1df.jpg",http://archive.md/20250218180421/https://www.today.com/video/major-storm-and-frigid-temps-on-the-move-across-the-us-232240709695,Temperatures are plunging across the country and the next storm is already on the move taking aim at millions in the Midwest. It comes as areas of the South are still recovering from devastating and … [+124 chars],,"Während sich die tödlichen Überschwemmungen erholen, kommt es im Mittleren Westen zu mehr Schnee. Die Temperaturen sinken im ganzen Land und der nächste Sturm zieht bereits auf Millionen von Menschen im Mittleren Westen zu. Dies geschieht zu einer Zeit, in der sich Gebiete im Süden immer noch von den verheerenden und tödlichen Überschwemmungen vom Wochenende erholen. Adrienne Broaddus von NBC re…",More snow pounds the Midwest amid recovery from deadly floods. Temperatures are plunging across the country and the next storm is already on the move taking aim at millions in the Midwest. It comes as areas of the South are still recovering from devastating and deadly flooding over the weekend. NBC’s Adrienne Broaddus re…,"Plures nives medium inter recuperationem a lethalibus inundationibus librat. Temperaturae per regionem immergunt et altera tempestas iam in motu intendit decies centena millia in Midwest. Venit, quod regiones Meridionales adhuc a vastatione et funeste inundatione super volutpat vestibulum convalescunt. NBC Adrienne Broaddus re…",2026-01-09 04:06:59+00:00
40af73f12481c5f245aeb99f76bd9d50,2025-02-18T13:20:11Z,'flooding rain',www.insurancejournal.com,en,0.0,"At Least 8 Killed in Kentucky With Heavy Flooding, Winds in Region","LOUISVILLE, Ky. (AP) — At least nine people have died in the most recent round of harsh weather to pummel the U.S., including eight people in Kentucky who died as creeks swelled from heavy rain and water covered roads. Kentucky …",https://www.insurancejournal.com/news/southeast/2025/02/18/812268.htm,https://www.insurancejournal.com/app/uploads/2025/02/AP25047724469633.jpg,,"LOUISVILLE, Ky. (AP) At least nine people have died in the most recent round of harsh weather to pummel the U.S., including eight people in Kentucky who died as creeks swelled from heavy rain and wat… [+4611 chars]",,"Mindestens 8 Tote in Kentucky durch schwere Überschwemmungen und Winde in der Region. LOUISVILLE, Kentucky (AP) – Mindestens neun Menschen sind bei der jüngsten Unwetterrunde in den USA ums Leben gekommen, darunter acht Menschen in Kentucky, die starben, als Bäche durch starken Regen anschwollen und Straßen mit Wasser bedeckt waren. Kentucky …","At Least 8 Killed in Kentucky With Heavy Flooding, Winds in Region. LOUISVILLE, Ky. (AP) — At least nine people have died in the most recent round of harsh weather to pummel the U.S., including eight people in Kentucky who died as creeks swelled from heavy rain and water covered roads. Kentucky …","Saltem 8 in Kentucky cum Gravi inundatione, Venti in Regio, occiditur. LOUISVILLE, Ky (AP) — Novem homines saltem in recentissimis circum tempestatibus asperis in Americae Pelidae mortui sunt, inter octo homines in Kentucky, qui aestuariis imbribus ac viis obductis aqua intumescebant. Kentucky ...",2026-01-09 04:06:59+00:00
306f03b7736343139fe794c21b3e12dd,2025-02-18T13:30:00Z,'flooding',www.cbsnews.com,en,0.0,Death toll from Kentucky flooding expected to rise,Severe flooding in Kentucky has killed at least 12 people and the death toll is expected to rise. Authorities will soon also have to contend with a winter storm making its way to the state. CBS News national reporter Karen Hua has more.,https://www.cbsnews.com/video/death-toll-from-kentucky-flooding-expected-to-rise/,https://assets2.cbsnewsstatic.com/hub/i/r/2025/02/18/4c9eda99-ebef-4038-becf-0dc4a80108ad/thumbnail/1200x630/07ffe142b78cd5ad99c30a8de5a9d6c5/cbsn-fusion-death-toll-from-kentucky-flooding-expected-to-rise-thumbnail.jpg?v=f303dc12868a012283443d8b9123e5fe,,"Watch CBS News
Copyright ©2025 CBS Interactive Inc. All rights reserved.
Get browser notifications for breaking news, live events, and exclusive reporting.
Not NowTurn On",,"Es wird erwartet, dass die Zahl der Todesopfer durch Überschwemmungen in Kentucky steigen wird. Bei einer schweren Überschwemmung in Kentucky kamen mindestens zwölf Menschen ums Leben, und die Zahl der Todesopfer wird voraussichtlich noch steigen. Bald müssen sich die Behörden auch mit einem Wintersturm auseinandersetzen, der über den Staat zieht. Die nationale Reporterin von CBS News, Karen Hua, hat mehr.",Death toll from Kentucky flooding expected to rise. Severe flooding in Kentucky has killed at least 12 people and the death toll is expected to rise. Authorities will soon also have to contend with a winter storm making its way to the state. CBS News national reporter Karen Hua has more.,Mors Comitis de Kentucky inundationem surgere expectat. Gravis inundatio in Kentucky saltem XII homines occidit et portorium mortis surgere expectatur. Auctores etiam mox decertare debebunt ad statum hiemalem tempestatem iter facientem. CBS Nuntii nationalis notarii Karen Hua plus habet.,2026-01-09 04:06:59+00:00
0717d64ab3b876ded8f8e0b81851ee5c,2025-02-18T14:54:37Z,'flooding',economictimes.indiatimes.com,en,0.0,US extreme weather: 15 dead as polar vortex brings deadly cold and flooding,"With a deadly polar vortex gripping the United States, at least 15 people have died so far as Arctic temperatures have fallen. It is also causing huge devastation in several states.",https://economictimes.indiatimes.com/news/international/us/us-extreme-weather-15-dead-as-polar-vortex-brings-deadly-cold-and-flooding/articleshow/118362228.cms,"https://img.etimg.com/thumb/msid-118362240,width-1200,height-630,imgsize-793922,overlay-economictimes/articleshow.jpg",,"At least 15 people have been reported dead so far due to a severe polar vortex that has gripped most of the United States, leading to dangerously low temperatures, heavy snowfall and severe flooding.… [+2730 chars]",,"Extremwetter in den USA: 15 Tote, da Polarwirbel tödliche Kälte und Überschwemmungen mit sich bringt. Während ein tödlicher Polarwirbel die Vereinigten Staaten erfasste, sind bisher mindestens 15 Menschen gestorben, als die Temperaturen in der Arktis gesunken sind. Auch in mehreren Bundesstaaten verursacht es große Verwüstungen.","US extreme weather: 15 dead as polar vortex brings deadly cold and flooding. With a deadly polar vortex gripping the United States, at least 15 people have died so far as Arctic temperatures have fallen. It is also causing huge devastation in several states.","U. Tempestas extrema: 15 Ut polaris vortex exanimis ferat letiferum frigus et inundationem. Cum lethali vortice polaris Americae Foederatae reprehensae, saltem XV homines mortui sunt quatenus temperaturae arcticae ceciderunt. Ingentem quoque cladem in pluribus civitatibus molitur.",2026-01-09 04:06:59+00:00
5a3631556c30cbd623adff24b6f4f1cc,2025-02-18T16:29:00Z,'flooding',www.cbsnews.com,en,0.0,Brutal cold blasts parts of U.S. as communities in Kentucky recover from deadly storm,"Brutal cold weather is impacting much of the U.S. It comes after weekend storms caused severe flooding, killing at least 12 people in Kentucky. A snowstorm is now expected to hit the state, followed by freezing temperatures.",https://www.cbsnews.com/video/brutal-cold-blasts-parts-of-u-s-as-communities-in-kentucky-recover-from-deadly-storm/,https://assets2.cbsnewsstatic.com/hub/i/r/2025/02/18/9214907a-f459-4e19-8135-c6e36bb25438/thumbnail/1200x630/645bd2e3d86a407fbf9683a67e3e8fb2/0218-cmo-kvc.jpg?v=f303dc12868a012283443d8b9123e5fe,,"Watch CBS News
Copyright ©2025 CBS Interactive Inc. All rights reserved.
Get browser notifications for breaking news, live events, and exclusive reporting.
Not NowTurn On",,"Brutale Kälte wütet in Teilen der USA, während sich Gemeinden in Kentucky von einem tödlichen Sturm erholen. Große Teile der USA sind von brutaler Kälte betroffen, nachdem Stürme am Wochenende schwere Überschwemmungen verursacht haben, bei denen in Kentucky mindestens 12 Menschen ums Leben kamen. Es wird nun erwartet, dass ein Schneesturm den Staat heimsucht, gefolgt von eisigen Temperaturen.","Brutal cold blasts parts of U.S. as communities in Kentucky recover from deadly storm. Brutal cold weather is impacting much of the U.S. It comes after weekend storms caused severe flooding, killing at least 12 people in Kentucky. A snowstorm is now expected to hit the state, followed by freezing temperatures.","In flatibus frigidis saevitiae partes US ut communitates in Kentucky a tempestate lethali recuperant. Tempestas saeva frigoris multum in US impacting venit postquam procellas volutpat vestibulum inundationem gravem fecit, saltem XII homines in Kentucky occisio. Nivis nunc expectatur ut statum feriendi, temperaturae congelatio sequitur.",2026-01-09 04:06:59+00:00
1d485d6a03547dee84a0be66855adb79,2025-02-18T16:32:39Z,'flooding disaster',www.insurancejournal.com,en,0.0,Virginia Governor Seeks Major Disaster Declaration for Winter Storm Floods,"Citing dangerous winter storms and flash flooding in parts of Buchanan County and elsewhere over the past week, Virginia Governor Glenn Youngkin has submitted a request for an expedited major disaster declaration to President Donald J. Trump. The state has …",https://www.insurancejournal.com/news/east/2025/02/18/812300.htm,https://www.insurancejournal.com/img/social/opengraph/ij-social-flood-1200x630.png,,"Citing damages and outages caused by dangerous winter storms and flash flooding across parts of Buchanan County and elsewhere over the past week, Virginia Governor Glenn Youngkin has submitted a requ… [+1990 chars]",,"Der Gouverneur von Virginia strebt die Erklärung einer schweren Katastrophe wegen der Wintersturmfluten an. Unter Berufung auf gefährliche Winterstürme und Sturzfluten in Teilen des Buchanan County und anderswo in der vergangenen Woche hat der Gouverneur von Virginia, Glenn Youngkin, bei Präsident Donald J. Trump einen Antrag auf eine beschleunigte Meldung einer größeren Katastrophe gestellt. Der Staat hat …","Virginia Governor Seeks Major Disaster Declaration for Winter Storm Floods. Citing dangerous winter storms and flash flooding in parts of Buchanan County and elsewhere over the past week, Virginia Governor Glenn Youngkin has submitted a request for an expedited major disaster declaration to President Donald J. Trump. The state has …","Virginia Praefectus Maiorem calamitatem quaerit Declaratio pro Diluvio hiemali. Tempestates hiemales periculosas citare et inundationem in partibus Comitatus Buchanani et alibi super septimanam agere, Virginia gubernator Glenn Youngkin petitionem cessit ad maiorem calamitatem expeditam declarationem Praesidis Donald J. Trump. Res publica est ...",2026-01-09 04:06:59+00:00
ef4203655643ee83a11efbf1918e2e50,2025-02-18T17:24:40Z,'flooding storm',www.forbes.com,en,0.0,"Winter Storm Warnings: Storm Threatens Snow, Ice Across Plains To Mid-Atlantic",This week’s winter storm comes on the heel of a storm in the Kentucky-area that brought flash flooding and killed at least 10 people.,https://www.forbes.com/sites/mollybohannon/2025/02/18/winter-storm-warnings-storm-threatens-snow-ice-across-plains-to-mid-atlantic/,https://imageio.forbes.com/specials-images/imageserve/67b4c1cb4f2bfdc89162e192/0x0.jpg?format=jpg&height=900&width=1600&fit=bounds,,"A winter storm will bring continued cold temperatures, snow, ice and wind to much of the country this week, with parts of the South potentially getting six inches of snow and parts of the Mid-Atlanti… [+4583 chars]",,"Wintersturmwarnungen: Der Sturm droht mit Schnee und Eis über die Ebenen bis zum Mittelatlantik. Der Wintersturm dieser Woche folgt auf einen Sturm in der Gegend von Kentucky, der Sturzfluten mit sich brachte und mindestens zehn Menschen das Leben kostete.","Winter Storm Warnings: Storm Threatens Snow, Ice Across Plains To Mid-Atlantic. This week’s winter storm comes on the heel of a storm in the Kentucky-area that brought flash flooding and killed at least 10 people.","Tempestas hiemalis Admonitiones: Tempestas minatur Nubila, Ice Per campos ad medium Atlanticum. Tempestas hiemalis hac septimana venit in calcaneo tempestatis in area Kentucky quae inundationem micam intulit et saltem X homines occidit.",2026-01-09 04:06:59+00:00
cdeaf919e8f2609dbb54d1be4116f09e,2025-02-18T18:05:40Z,'flooding storm',nypost.com,en,0.0,Deadly winter storm to dump heavy snow from Kansas to North Carolina,Another major and deadly winter storm is unfolding across major cities in the Plains and Midwest before heavy snow charges eastward into areas suffering from recent flooding in Kentucky and Tennessee.,https://nypost.com/2025/02/18/us-news/deadly-winter-storm-to-dump-heavy-snow-from-kansas-to-north-carolina/,https://nypost.com/wp-content/uploads/sites/2/2025/02/newspress-collage-jb8vhsvkc-1739900781789.jpg?quality=75&strip=all&1739882937&w=1024,,Another major and deadly winter storm is unfolding across major cities in the Plains and Midwest before heavy snow charges eastward into areas suffering from recent flooding in Kentucky and Tennessee… [+3649 chars],,"Tödlicher Wintersturm, der heftigen Schneefall von Kansas nach North Carolina mit sich bringt. Ein weiterer großer und tödlicher Wintersturm breitet sich über den großen Städten in den Ebenen und im Mittleren Westen aus, bevor schwerer Schnee nach Osten in die Gebiete strömt, die kürzlich von den Überschwemmungen in Kentucky und Tennessee betroffen waren.",Deadly winter storm to dump heavy snow from Kansas to North Carolina. Another major and deadly winter storm is unfolding across major cities in the Plains and Midwest before heavy snow charges eastward into areas suffering from recent flooding in Kentucky and Tennessee.,Tempestas mortifera hyemalis ex Kansas ad Carolinam Septentrionalem nix gravem effundere. Alia maior et letalis procella hiemalis explicans per civitates maiores in Campis et in Media prae gravibus criminibus orientem in areas laborantes recens in inundatione in Kentuckia et Tenesia.,2026-01-09 04:06:59+00:00
8360988d0bd92c4ef94a3f6d7d4b42a1,2025-02-18T19:01:17Z,'floods',theconversation.com,en,0.0,"How to protect more Australian homes from the growing risks of floods, fires and other climate disasters",Too many homes will remain vulnerable to climate-related extreme weather events unless there is better coordinated housing policy and disaster management.,https://theconversation.com/how-to-protect-more-australian-homes-from-the-growing-risks-of-floods-fires-and-other-climate-disasters-249860,https://images.theconversation.com/files/649618/original/file-20250218-32-rub0dg.jpg?ixlib=rb-4.1.0&rect=44%2C0%2C5865%2C2928&q=45&auto=format&w=1356&h=668&fit=crop,https://web.archive.org/web/20250218194508/https://theconversation.com/how-to-protect-more-australian-homes-from-the-growing-risks-of-floods-fires-and-other-climate-disasters-249860,"The cleanup is underway in northern Queensland following the latest flooding catastrophe to hit the state. More than 7,000 insurance claims have already been lodged, most of them for inundated homes … [+5427 chars]",,"So schützen Sie mehr australische Haushalte vor den wachsenden Risiken von Überschwemmungen, Bränden und anderen Klimakatastrophen. Ohne eine besser koordinierte Wohnungspolitik und ein besser koordiniertes Katastrophenmanagement werden zu viele Häuser weiterhin anfällig für klimabedingte Extremwetterereignisse sein.","How to protect more Australian homes from the growing risks of floods, fires and other climate disasters. Too many homes will remain vulnerable to climate-related extreme weather events unless there is better coordinated housing policy and disaster management.","Quam magis tutarentur domos Australiae a periculis inundationum, incendiorum et aliarum calamitatum climatis. Nimis multae domus vulnerabiles remanebunt ad eventus caeli extremae tempestatis relatas, nisi melius consilium habitationi et calamitatis procuratio coordinatur.",2026-01-09 04:06:59+00:00
7f7c3f01a43e3edd206bb4b73bc5de33,2025-02-19T00:16:00Z,'floods',www.cbsnews.com,en,0.0,"Kentucky under winter storm threat amid deadly floods, thousands without power","At least 14 people died in Kentucky over the weekend after the state faced flooding and then a snowstorm. CBS News national reporter Karen Hua has more on the winter storm. Meanwhile, severe floods in West Virginia killed two people and left one person missin…",https://www.cbsnews.com/video/kentucky-under-winter-storm-threat-amid-deadly-floods-thousands-without-power/,https://assets3.cbsnewsstatic.com/hub/i/r/2025/02/19/901ba577-d35a-4a72-9326-d9a2b6e5b5b5/thumbnail/1200x630/75f1771f80b9460968bd0693b6ab4cc3/cbsn-fusion-kentucky-under-winter-storm-threat-amid-deadly-floods-thousands-without-power-thumbnail.jpg?v=db3d87ba7bf4d4ff13b65eabcf0d9bea,,"Watch CBS News
Copyright ©2025 CBS Interactive Inc. All rights reserved.
Get browser notifications for breaking news, live events, and exclusive reporting.
Not NowTurn On",,"Kentucky ist von Winterstürmen und tödlichen Überschwemmungen bedroht, Tausende haben keinen Strom. Mindestens 14 Menschen starben am Wochenende in Kentucky, nachdem der Bundesstaat von Überschwemmungen und anschließend einem Schneesturm betroffen war. Die nationale Reporterin von CBS News, Karen Hua, erzählt mehr über den Wintersturm. Unterdessen kamen bei schweren Überschwemmungen in West Virginia zwei Menschen ums Leben und eine Person wurde vermisst …","Kentucky under winter storm threat amid deadly floods, thousands without power. At least 14 people died in Kentucky over the weekend after the state faced flooding and then a snowstorm. CBS News national reporter Karen Hua has more on the winter storm. Meanwhile, severe floods in West Virginia killed two people and left one person missin…","Kentucky sub hyeme, inter fatales undas minatur tempestas, mille sine viribus. Saltem quattuordecim homines in Kentucky super weekend mortui sunt postquam status inundationis obversae et deinde nivis tempestas. CBS Nuntii nationalis notarii Karen Hua in hieme plus habet. Interim graves inundationes in Virginia Occidentalis duos homines occiderunt et unum hominem missin reliquerunt.",2026-01-09 04:06:59+00:00
adc1b024ee033c0d98068a60e1e93193,2025-02-19T02:21:18Z,'deluge',www.ibtimes.com,en,0.0,Top South Korean Judge Faces Disinformation Deluge As Yoon Impeachment Looms,"Bogus child pornography claims, fabricated support for communism and fake posts showing Elon Musk calling for his removal -- a deluge of disinformation is targeting a top judge in suspended South Korean President Yoon Suk Yeol's impeachment trial.",https://www.ibtimes.com/top-south-korean-judge-faces-disinformation-deluge-yoon-impeachment-looms-3764195,https://d.ibtimes.com/en/full/4583402/acting-head-south-koreas-constitutional-court-moon-hyung-bae-has-been-targeted-deluge.jpg,https://web.archive.org/web/20250219053927/https://www.ibtimes.com/top-south-korean-judge-faces-disinformation-deluge-yoon-impeachment-looms-3764195,"Bogus child pornography claims, fabricated support for communism and fake posts showing Elon Musk calling for his removal -- a deluge of disinformation is targeting a top judge in suspended South Kor… [+4439 chars]",,"Oberster südkoreanischer Richter sieht sich mit Desinformationsflut konfrontiert, während Yoons Amtsenthebung droht. Falsche Behauptungen über Kinderpornografie, erfundene Unterstützung des Kommunismus und gefälschte Posts, in denen Elon Musk seine Absetzung fordert – eine Flut von Desinformationen richtet sich gegen einen Spitzenrichter im Amtsenthebungsverfahren gegen den suspendierten südkoreanischen Präsidenten Yoon Suk Yeol.","Top South Korean Judge Faces Disinformation Deluge As Yoon Impeachment Looms. Bogus child pornography claims, fabricated support for communism and fake posts showing Elon Musk calling for his removal -- a deluge of disinformation is targeting a top judge in suspended South Korean President Yoon Suk Yeol's impeachment trial.","Top South Korean Iudex Faces Disinformation Diluvium As Yoon Impeachment Looms. Bogus puer pornographiam affirmat, fictum subsidium communismi et commenti ficti ostendens Elon Musk propter remotionem suam vocatum -- diluvium disinformationis summum iudicem in suspenso Praesidis Coreani Yoon Suk Yeol in iudicio accusantis suspensum est.",2026-01-09 04:06:59+00:00
5cac741efc7b101bce3a37ebb9a62e57,2025-02-19T02:53:07Z,'flooding rain',slashdot.org,en,0.0,How a few inches of rain turned ‘catastrophic’ in Kentucky and West Virginia - The Washington Post,"How a few inches of rain turned ‘catastrophic’ in Kentucky and West VirginiaThe Washington Post Watch: Deadly storm hits south-eastern US and CanadaBBC.com Waterlogged Tennessee Valley braces for winter storm days after deadly flooding in Kentucky, West Virgi…",https://slashdot.org/firehose.pl?op=view&amp;id=176300067,,,The Fine Print: The following comments are owned by whoever posted them. We are not responsible for them in any way.,,"Wie ein paar Zentimeter Regen in Kentucky und West Virginia zur „Katastrophe“ wurden – The Washington Post. Wie ein paar Zentimeter Regen in Kentucky und West Virginia „katastrophal“ wurdenThe Washington Post Watch: Tödlicher Sturm trifft den Südosten der USA und KanadaBBC.com Das wasserdurchtränkte Tennessee Valley bereitet sich auf Wintersturmtage nach tödlichen Überschwemmungen in Kentucky, West Virginia vor…","How a few inches of rain turned ‘catastrophic’ in Kentucky and West Virginia - The Washington Post. How a few inches of rain turned ‘catastrophic’ in Kentucky and West VirginiaThe Washington Post Watch: Deadly storm hits south-eastern US and CanadaBBC.com Waterlogged Tennessee Valley braces for winter storm days after deadly flooding in Kentucky, West Virgi…","Quomodo aliquot unciae pluviae declinaverunt calamitates in Kentucky et West Virginia - The Washington Post. Quot unciae aliquot pluviarum verterunt in Kentucky et West VirginiaThe Washington Post Vigilia: Tempestas funesta US meridiem-orientalem et in CanadaBBC.com Aquarum Tennessee Vallem adstringit post tempestatem hiemalem post fatalem inundationem in Kentucky, West Virgi...",2026-01-09 04:06:59+00:00
dc4603efeda232961f911d26869c8b35,2025-02-19T03:40:15Z,'deluge',www.channelnewsasia.com,en,0.0,Top South Korean judge faces disinformation deluge as Yoon impeachment looms,"SEOUL: Bogus child pornography claims, fabricated support for communism and fake posts showing Elon Musk calling for his removal – a deluge of disinformation is targeting a top judge in suspended South Korean President Yoon Suk Yeol's impeachment trial. South…",https://www.channelnewsasia.com/east-asia/top-south-korean-judge-face-disinformation-deluge-yoon-suk-yeol-impeachment-4945991,"https://dam.mediacorp.sg/image/upload/s--AG7n7BlZ--/fl_relative,g_south_east,l_mediacorp:cna:watermark:2023-11:afp_watermark_14112023,w_0.1/f_auto,q_auto/c_fill,g_auto,h_676,w_1200/v1/mediacorp/cna/image/2025/02/19/000_36y394e.jpg?itok=eXeYlLXi",https://web.archive.org/web/20250219041855/https://www.channelnewsasia.com/east-asia/top-south-korean-judge-face-disinformation-deluge-yoon-suk-yeol-impeachment-4945991,"Bai Byoung-inn, a politics professor at Kookmin University, linked the campaign against the liberal judges to the possible upcoming elections, which must take place 60 days after Yoon is formally rem… [+1081 chars]",,"Oberster südkoreanischer Richter sieht sich einer Desinformationsflut gegenüber, während die Amtsenthebung gegen Yoon bevorsteht. SEOUL: Gefälschte Kinderpornografie-Behauptungen, erfundene Unterstützung des Kommunismus und gefälschte Posts, in denen Elon Musk seine Absetzung fordert – eine Flut von Desinformationen richtet sich gegen einen Spitzenrichter im Amtsenthebungsverfahren gegen den suspendierten südkoreanischen Präsidenten Yoon Suk Yeol. Süden…","Top South Korean judge faces disinformation deluge as Yoon impeachment looms. SEOUL: Bogus child pornography claims, fabricated support for communism and fake posts showing Elon Musk calling for his removal – a deluge of disinformation is targeting a top judge in suspended South Korean President Yoon Suk Yeol's impeachment trial. South…","Top Coreanus Meridionalis iudex deformationis inundationem inspicit sicut Yoon impetus instat. SEOUL: Bogus puer pornographia affirmat, fictum subsidium communismi et fictum nuntia ostendens Elon Musk rogationem suam remotionis – inundatio disinformationis est summum iudicem in suspenso Praeses Coreanae Meridionalis Yoon Suk Yeol de accusatione iudicii. Meridionalis…",2026-01-09 04:06:59+00:00
eb2d4d8a88910d4d47b8edce0b40a2ff,2025-02-19T04:08:00Z,'deluge',www.techdirt.com,en,0.0,Trademarks: Sometimes David Is Petty And Goliath Deserves To Win,"Long time readers of Techdirt will recall the deluge of posts we did years ago on trademark disputes within the craft beer industry. While trademark issues in that industry certainly haven’t gone entirely away, they are nothing like what was occurring between…",https://www.techdirt.com/2025/02/18/trademarks-sometimes-david-is-petty-and-goliath-deserves-to-win/,https://www.techdirt.com/wp-content/themes/techdirt/assets/images/td-rect-logo-white.png,,"from the not-even-close dept
Long time readers of Techdirt will recall the deluge of posts we did years ago on trademark disputes within the craft beer industry. While trademark issues in that indus… [+3470 chars]",,"Markenzeichen: Manchmal ist David kleinlich und Goliath verdient den Sieg. Langjährige Leser von Techdirt werden sich an die Flut von Beiträgen erinnern, die wir vor Jahren zu Markenstreitigkeiten in der Craft-Beer-Branche verfasst haben. Auch wenn die Markenprobleme in dieser Branche sicherlich nicht ganz verschwunden sind, ähneln sie nicht dem, was zwischen ... passiert ist.","Trademarks: Sometimes David Is Petty And Goliath Deserves To Win. Long time readers of Techdirt will recall the deluge of posts we did years ago on trademark disputes within the craft beer industry. While trademark issues in that industry certainly haven’t gone entirely away, they are nothing like what was occurring between…","Trademarks: Aliquando David est pusilla et Goliath meretur vincere. Longum tempus lectores Techdirt commemorabit diluvium postium, nos abhinc annos de iurgiis artis commercii intra cervisiam industriam. Cum quaestiones tincidunt in illa industria omnino non discesserunt, nihil sunt simile quod inter…",2026-01-09 04:06:59+00:00
79fdad211736e8f480ca76e392ad1584,2025-02-19T08:24:53Z,'flooding',landezine.com,en,0.0,March 17 / Soak It Up: Combating Climate Change with Landscape Architecture,"The “sponge cities” concept for addressing climate change accelerated urban flooding championed by the Beijing-based landscape architect Kongjian Yu, the most recent winner of the Cornelia Hahn Oberlander International Landscape Architecture Prize, is the ins…",https://landezine.com/march-15-soak-it-up-combating-climate-change-with-landscape-architecture/,https://landezine.com/wp-content/uploads/2025/02/TCLF1-630x395.jpg,,"The sponge cities concept for addressing climate change accelerated urban flooding championed by the Beijing-based landscape architect Kongjian Yu, the most recent winner of the Cornelia Hahn Oberlan… [+3024 chars]",,"17. März / Soak It Up: Mit Landschaftsarchitektur den Klimawandel bekämpfen. Das „Schwammstädte“-Konzept zur Bewältigung der durch den Klimawandel beschleunigten städtischen Überschwemmungen, das von der in Peking ansässigen Landschaftsarchitektin Kongjian Yu, der jüngsten Gewinnerin des Cornelia Hahn Oberlander International Landscape Architecture Prize, vertreten wird, ist die Inspiration …","March 17 / Soak It Up: Combating Climate Change with Landscape Architecture. The “sponge cities” concept for addressing climate change accelerated urban flooding championed by the Beijing-based landscape architect Kongjian Yu, the most recent winner of the Cornelia Hahn Oberlander International Landscape Architecture Prize, is the ins…","March 17 / Soak It Up: Pugnans Clima Mutationem cum Landscape Architecture. ""Urbes spongiae"" notio appellandi mutatio climatis acceleratae urbanae inundationis a Beijing fundato landscape architectus Kongjian Yu, recentissimus victor de Cornelia Hahn Oberlander Internationalis Landscape Architecturae Praemium, est ins…",2026-01-09 04:06:59+00:00
dd6ee6cda1f73f2f29e2c58fa0dd4a3a,2025-02-19T11:39:17Z,'flooding disaster',punchng.com,en,0.0,Bauchi takes steps to combat flooding ahead of rainy season,"The Bauchi State Government has taken measures to combat the menace of flooding in the state ahead of the forthcoming rainy season. The  Bauchi State Commissioner for Humanitarian Affairs and Disaster Management, Hajara Wanka, stated this on Wednesday, during…",https://punchng.com/bauchi-takes-steps-to-combat-flooding-ahead-of-rainy-season/,https://cdn.punchng.com/wp-content/uploads/2025/02/19121026/IMG-20250219-WA0017-960x630.jpg,,"The Bauchi State Government has taken measures to combat the menace of flooding in the state ahead of the forthcoming rainy season.
The  Bauchi State Commissioner for Humanitarian Affairs and Disast… [+2560 chars]",,"Bauchi ergreift Maßnahmen zur Bekämpfung von Überschwemmungen vor der Regenzeit. Die Regierung des Bundesstaates Bauchi hat Maßnahmen ergriffen, um die Überschwemmungsgefahr im Bundesstaat vor der bevorstehenden Regenzeit zu bekämpfen. Der Beauftragte des Staates Bauchi für humanitäre Angelegenheiten und Katastrophenmanagement, Hajara Wanka, erklärte dies am Mittwoch während…","Bauchi takes steps to combat flooding ahead of rainy season. The Bauchi State Government has taken measures to combat the menace of flooding in the state ahead of the forthcoming rainy season. The  Bauchi State Commissioner for Humanitarian Affairs and Disaster Management, Hajara Wanka, stated this on Wednesday, during…","Bauchi vestigia ad pugnam inundationem ante tempus pluviosum. Gubernatio Civitatis Bauchi consilia cepit ad pugnandum minas inundationis in re publica ante proximum tempus pluviosum. Causae rei publicae Bauchi Commissarius Humanitariae Rebus ac Malus Management, Hajara Wanka, hoc die mercurii, tempore…",2026-01-09 04:06:59+00:00
367f84bca29d65fd4ebee66abd9864cf,2025-02-19T18:10:00Z,'flooding weather',www.cbsnews.com,en,0.0,Snow in Tennessee and threats of remaining flood water increase,"Snow fell in Tennessee just days after deadly flooding pounded parts of the South. CBS News' Nicole Valdes reports, and meteorologist Jessica Burch has the latest weather forecast.",https://www.cbsnews.com/video/snow-in-tennessee-and-threats-of-remaining-flood-water-increase/,https://assets2.cbsnewsstatic.com/hub/i/r/2025/02/19/4cff3289-388e-4c50-82a0-a14ed087659d/thumbnail/1200x630/19b9924bc16b8c825a8c3220daa128b3/cbsn-fusion-snow-in-tennessee-and-threats-of-remaining-flood-water-increase-thumbnail.jpg?v=db3d87ba7bf4d4ff13b65eabcf0d9bea,https://web.archive.org/web/20250219182519/https://www.cbsnews.com/video/snow-in-tennessee-and-threats-of-remaining-flood-water-increase/,"Watch CBS News
Copyright ©2025 CBS Interactive Inc. All rights reserved.
Get browser notifications for breaking news, live events, and exclusive reporting.
Not NowTurn On",,"In Tennessee schneit es und die Gefahr einer verbleibenden Überschwemmung nimmt zu. Nur wenige Tage nachdem tödliche Überschwemmungen Teile des Südens heimgesucht hatten, fiel in Tennessee Schnee. Nicole Valdes von CBS News berichtet, und die Meteorologin Jessica Burch hat die neueste Wettervorhersage.","Snow in Tennessee and threats of remaining flood water increase. Snow fell in Tennessee just days after deadly flooding pounded parts of the South. CBS News' Nicole Valdes reports, and meteorologist Jessica Burch has the latest weather forecast.","Nix in Tennessee et minae aquae diluvii restant augendae. Nix in Tennessee ceciderunt diebus proximis post inundationem funestam partes contritae Australes. CBS Nuntium Nicole Valdes refert, et astrologus Jessica Burch novissimam tempestatem praenuntiationem habet.",2026-01-09 04:06:59+00:00
44c90a80d91e5278dba6e8e8138b8402,2025-02-19T18:21:58Z,'flooding',www.forbes.com,en,0.0,"Winter Warnings: Storm Threatens Snow, Ice From Plains To East Coast",This week’s winter storm comes on the heel of a storm in the Kentucky-area that brought flash flooding and killed at least 10 people.,https://www.forbes.com/sites/mollybohannon/2025/02/19/winter-warnings-storm-threatens-snow-ice-from-plains-to-east-coast/,https://imageio.forbes.com/specials-images/imageserve/67b4c1cb4f2bfdc89162e192/0x0.jpg?format=jpg&height=900&width=1600&fit=bounds,http://archive.md/20250220161700/https://www.forbes.com/sites/mollybohannon/2025/02/19/winter-warnings-storm-threatens-snow-ice-from-plains-to-east-coast/,"A winter storm will bring continued cold temperatures, snow, ice and wind to much of the country this week, with parts of the South potentially getting six inches of snow and parts of the Mid-Atlanti… [+5631 chars]",,"Winterwarnungen: Sturm droht mit Schnee und Eis von den Ebenen bis zur Ostküste. Der Wintersturm dieser Woche folgt auf einen Sturm in der Gegend von Kentucky, der Sturzfluten mit sich brachte und mindestens zehn Menschen das Leben kostete.","Winter Warnings: Storm Threatens Snow, Ice From Plains To East Coast. This week’s winter storm comes on the heel of a storm in the Kentucky-area that brought flash flooding and killed at least 10 people.","Hiems Admonitiones: Tempestas minatur Nubila, Ice a campis Ad Orientem Coast. Tempestas hiemalis hac septimana venit in calcaneo tempestatis in area Kentucky quae inundationem micam intulit et saltem X homines occidit.",2026-01-09 04:06:59+00:00
7addfb626d60dfff2f5b6b921e7f388c,2025-02-19T21:16:32Z,'flooding relief',www.abc.net.au,en,0.0,Relief for Queenslanders as weather calms after flooding rains,"The BOM says it is monitoring the potential formation of a tropical low off the north coast, but conditions will be ""settled"" in much of the state.",https://www.abc.net.au/news/2025-02-20/queensland-weather-settled-conditions-tropical-low-forming/104954896,https://live-production.wcms.abc-cdn.net.au/ab0618ce1d77dea173bbde71deadadf5?impolicy=wcms_watermark_news&cropH=864&cropW=1536&xPos=0&yPos=685&width=862&height=485&imformat=generic,,"Queenslanders can expect settled weather conditions across the state today as the Bureau of Meteorology continues to monitor a possible tropical low developing off the north coast.
Senior forecaster… [+2348 chars]",,"Erleichterung für Queenslander, da sich das Wetter nach überschwemmenden Regenfällen beruhigt. Die BOM sagt, sie beobachte die mögliche Bildung eines tropischen Tiefs vor der Nordküste, aber die Bedingungen werden sich in weiten Teilen des Staates „regeln“.","Relief for Queenslanders as weather calms after flooding rains. The BOM says it is monitoring the potential formation of a tropical low off the north coast, but conditions will be ""settled"" in much of the state.","Relevium Queenslanders ut tempestas tranquillat post inundationem imbribus. BOM dicit vigilantiam esse potentialem formationis tropicae humilitatis ad oram septentrionalem, sed condiciones ""in multo statu"" erunt.",2026-01-09 04:06:59+00:00
0a9461abb40a0df91e921f83e8c56370,2025-02-19T21:25:42Z,'floods',gizmodo.com,en,0.0,NASA Captures Devastating Tennessee Floods From Space After Winter Storm Drenches Region,"Storms that swept across the American southeast caused multiple rivers in the state to overflow, killing nine and forcing the rescue of more than 1,000 people.",https://gizmodo.com/nasa-captures-devastating-tennessee-floods-from-space-after-winter-storm-drenches-region-2000565610,https://gizmodo.com/app/uploads/2025/02/tennessee-flooding-satellite.jpg,,"A large winter storm system that moved across the East Coast over the weekend caused serious floods in Tennessee and Kentucky, as seen in newly released NASA satellite images.
The images show the Mi… [+2212 chars]",,"Die NASA erfasst verheerende Überschwemmungen in Tennessee aus dem Weltraum, nachdem ein Wintersturm die Region überschwemmt hat. Stürme, die über den Südosten der USA fegten, führten dazu, dass mehrere Flüsse im Bundesstaat überliefen, neun Menschen starben und mehr als 1.000 Menschen gerettet werden mussten.","NASA Captures Devastating Tennessee Floods From Space After Winter Storm Drenches Region. Storms that swept across the American southeast caused multiple rivers in the state to overflow, killing nine and forcing the rescue of more than 1,000 people.","NASA Captures vastantes Tennessee Floods A Space Post Hiems Tempestas Regios rigat. Tempestates, quae trans meridiem Americanum meridiem versabantur, multa flumina in civitate redundare effecerunt, unde novem occiderunt et plus quam 1,000 homines subvenire cogebant.",2026-01-09 04:06:59+00:00
df82a3ca41ab3db5f9b8d5e61c701d55,2025-02-19T22:32:08Z,'flooding',www.kqed.org,en,0.0,"Land Is Sinking Fast Around the Bay Area, Worsening the Effects of Sea Level Rise","Several spots on the California coast are subsiding at startling rates, compounding the flooding risks posed by future sea level rise, according to a new study.",https://www.kqed.org/news/12027540/land-sinking-fast-around-bay-area-worsening-effects-sea-level-rise,https://cdn.kqed.org/wp-content/uploads/sites/10/2025/02/BayFarmShoreline_001_qed-1020x680.jpg,https://web.archive.org/web/20250219225113/https://www.kqed.org/news/12027540/land-sinking-fast-around-bay-area-worsening-effects-sea-level-rise,"Not all of coastal California is sinking. For example, the researchers found areas including Santa Barbara and Long Beach are rising due to human activity, such as recharging groundwater basins and i… [+1892 chars]",,"Das Land sinkt rund um die Bay Area schnell ab, was die Auswirkungen des Meeresspiegelanstiegs verschlimmert. Laut einer neuen Studie sinken mehrere Orte an der kalifornischen Küste in erschreckendem Tempo ab, was die Überschwemmungsgefahr durch den künftigen Anstieg des Meeresspiegels erhöht.","Land Is Sinking Fast Around the Bay Area, Worsening the Effects of Sea Level Rise. Several spots on the California coast are subsiding at startling rates, compounding the flooding risks posed by future sea level rise, according to a new study.","Terra mergitur Fast Circum Sinus Area, Gravior Effectus Maris Level Surge. Plures maculae in litore Californiae insuetae rates descedunt, pericula inundantia componens, quae in gradu maris futuri oriuntur, secundum novum studium.",2026-01-09 04:06:59+00:00
f39efdcd3effd11843b97da61877b3d0,2025-02-19T23:00:06Z,'floods',www.bbc.com,en,0.0,Parents 'turn up TV when it rains' as kids fear floods,"Children in towns that have repeatedly flooded are scared by the rain, a community worker says.",https://www.bbc.com/news/articles/cqly3gy93d0o,https://ichef.bbci.co.uk/news/1024/branded_news/f884/live/48450ce0-eeb9-11ef-b016-3f382c6f5494.jpg,,"Steffan MessengerBBC Wales Environment Correspondent
Sharon Elward of Pontypridd Foodbank says residents felt there was not enough warning before Storm Bert
Children in some flood-hit communities a… [+6783 chars]",,"Eltern „schalten den Fernseher ein, wenn es regnet“, weil Kinder Angst vor Überschwemmungen haben. Kinder in Städten, die wiederholt überschwemmt wurden, haben Angst vor dem Regen, sagt ein Gemeindearbeiter.","Parents 'turn up TV when it rains' as kids fear floods. Children in towns that have repeatedly flooded are scared by the rain, a community worker says.","Parentes convertunt TV cum pluit, sicut haedos flumina timent. Pueri in oppidis, quae saepe inundantur, per imbrem terrentur, operarius communitatem dicit.",2026-01-09 04:06:59+00:00
6ee7d0e0b2c95c7a8b0e2fbe5e3a1573,2025-02-20T02:29:24Z,'deluge',consent.yahoo.com,en,0.0,Trump’s Policy Deluge Is Causing Paralysis in the Oil Market,,https://consent.yahoo.com/v2/collectConsent?sessionId=1_cc-session_8b4181ac-a4f4-4775-a669-111abb44f43b,,,"If you click 'Accept all', we and our partners, including 238 who are part of the IAB Transparency &amp; Consent Framework, will also store and/or access information on a device (in other words, use … [+702 chars]",,Trumps politische Flut führt zu einer Lähmung des Ölmarktes. Nan,Trump’s Policy Deluge Is Causing Paralysis in the Oil Market. nan,Trump consilium deluge facit paralysin in Foro Olei. nan,2026-01-09 04:06:59+00:00
f65c4285338d7deed824afb9871bd320,2025-02-20T04:24:24Z,'flooding rain',www.abc.net.au,en,0.0,WA's Great Northern Highway could reopen by weekend as flood recedes,The key transport route through Western Australia's north could reopen to general traffic by the weekend as flooding from severe Tropical Cyclone Zelia continues to drain away.,https://www.abc.net.au/news/2025-02-20/great-northern-highway-set-reopen-cyclone-zelia/104959950,https://live-production.wcms.abc-cdn.net.au/6881882d770626ab1b10b01ec22a2f5c?impolicy=wcms_watermark_news&cropH=2583&cropW=4592&xPos=0&yPos=865&width=862&height=485&imformat=generic,,"The key transport route through Western Australia's north could reopen to general traffic by the weekend as flooding from severe Tropical Cyclone Zelia continues to drain away.
Great Northern Highwa… [+4143 chars]",,"Der Great Northern Highway in Washington könnte bis zum Wochenende wieder geöffnet werden, wenn die Überschwemmung nachlässt. Die wichtigste Transportroute durch den Norden Westaustraliens könnte bis zum Wochenende wieder für den allgemeinen Verkehr freigegeben werden, da die Überschwemmungen durch den schweren tropischen Wirbelsturm Zelia weiter nachlassen.",WA's Great Northern Highway could reopen by weekend as flood recedes. The key transport route through Western Australia's north could reopen to general traffic by the weekend as flooding from severe Tropical Cyclone Zelia continues to drain away.,WA Magna Septentrionalium via per volutpat ut diluvium recedit recludere potuit. Clavis transportandi per septentrionem occidentalem per septentrionem Australiae ad commercium generale recludere potuit per volutpat ut inundatio e gravibus Tropical Cyclone Zelia pergit exhaurire.,2026-01-09 04:06:59+00:00
a44dc70a0d95520a2f8d02aee199935d,2025-02-20T06:00:00Z,'flooding',www.naturalnews.com,en,0.0,The so-called PARTY OF JOY now calling for VIOLENCE in the streets as Trump Derangement Syndrome escalates to DEFCON 5,"Deranged Democrats and Livid Liberals are flooding social media with calls for their supporters to engage in violent protests against those who oppose their views, despite claiming to advocate for equality and joy. Most of these individuals are anti-gun and f…",https://www.naturalnews.com/2025-02-20-violence-in-the-streets-as-trump-derangement-syndrome-escalates-to-defcon-5.html,https://www.naturalnews.com/wp-content/uploads/sites/91/2025/02/LGBT-flag-demonstration-protest-1.jpeg,,"<ul><li>Deranged Democrats and Livid Liberals are flooding social media with calls for their supporters to engage in violent protests against those who oppose their views, despite claiming to advocat… [+4059 chars]",,"Die sogenannte PARTY OF JOY ruft nun zu GEWALT auf den Straßen auf, während das Trump-Deangement-Syndrom zu DEFCON 5 eskaliert. Geistesgestörte Demokraten und wütende Liberale überschwemmen die sozialen Medien mit Aufrufen an ihre Anhänger, sich an gewalttätigen Protesten gegen diejenigen zu beteiligen, die sich ihren Ansichten widersetzen, obwohl sie behaupten, für Gleichheit und Freude einzutreten. Die meisten dieser Personen sind Waffengegner und …","The so-called PARTY OF JOY now calling for VIOLENCE in the streets as Trump Derangement Syndrome escalates to DEFCON 5. Deranged Democrats and Livid Liberals are flooding social media with calls for their supporters to engage in violent protests against those who oppose their views, despite claiming to advocate for equality and joy. Most of these individuals are anti-gun and f…","Sic dicta PARS LAETITIA nunc in plateis vim vocantem sicut Trump Derangement Syndrome ad DEFCON exit 5. Democratae et Lividae Liberales turbati sunt media socialia inundantia cum fautoribus suis ut violentas protestationes contra eos qui sententiae suae adversantur contendant, licet advocationem aequalitatis et laetitiae profiteri. Plerique ex his hominibus anti-gun et f... sunt.",2026-01-09 04:06:59+00:00
398ed0fac504c9757f8cadb2260eddd4,2025-02-20T15:26:03Z,'floods',phys.org,en,0.0,Researchers unravel flood dynamics in China's Kumalak River Catchment in Tianshan Region,"A recent study published in npj Climate and Atmospheric Science has shed light on the factors influencing floods in the Kumalak River catchment, China.",https://phys.org/news/2025-02-unravel-dynamics-china-kumalak-river.html,https://scx2.b-cdn.net/gfx/news/hires/2025/researchers-unravel-fl.jpg,https://web.archive.org/web/20250220153757/https://phys.org/news/2025-02-unravel-dynamics-china-kumalak-river.html,"A recent study published in npj Climate and Atmospheric Science has shed light on the factors influencing floods in the Kumalak River catchment, China.
The study, led by Prof. Chen Yaning from the X… [+3240 chars]",,"Forscher entschlüsseln die Hochwasserdynamik im chinesischen Einzugsgebiet des Kumalak-Flusses in der Region Tianshan. Eine kürzlich in npj Climate and Atmospheric Science veröffentlichte Studie hat Licht auf die Faktoren geworfen, die Überschwemmungen im Einzugsgebiet des Kumalak-Flusses in China beeinflussen.","Researchers unravel flood dynamics in China's Kumalak River Catchment in Tianshan Region. A recent study published in npj Climate and Atmospheric Science has shed light on the factors influencing floods in the Kumalak River catchment, China.","Investigatores explicant motus diluvii in Sinis Kumalak deprehensio fluminis in Regio Tianshan. Recens studium in npj Climate et Scientia atmosphaerica editum illustravit factores inundationes influentia in Flumen AQUIVERGIUM Kumalak, Sinarum.",2026-01-09 04:06:59+00:00
9b2d44c6e6cf1a263f7d7bceb678b304,2025-02-21T00:00:55Z,'flooding',www.kqed.org,en,0.0,These San José Floodwalls Should Shield Neighborhoods Against a 20-Year Flood,"Nearly eight years to the day after major flooding displaced thousands in San José, officials celebrated the first stage of the Coyote Creek Flood Protection Project.",https://www.kqed.org/news/12027875/san-jose-floodwalls-should-shield-neighborhoods-against-20-year-flood,https://cdn.kqed.org/wp-content/uploads/sites/10/2025/02/250220-SJFLOODWALLS-JG-3-1020x680.jpg,,"“I think those of us who were living here in San José in 2017, we all have some sort of personal story,” Valley Water board member Shiloh Ballard said during the announcement. “We know someone, or we… [+2047 chars]",,"Diese Überschwemmungsmauern in San José sollen Viertel vor einer 20-jährigen Überschwemmung schützen. Fast auf den Tag genau acht Jahre, nachdem schwere Überschwemmungen Tausende in San José vertrieben hatten, feierten Beamte die erste Phase des Coyote Creek Flood Protection Project.","These San José Floodwalls Should Shield Neighborhoods Against a 20-Year Flood. Nearly eight years to the day after major flooding displaced thousands in San José, officials celebrated the first stage of the Coyote Creek Flood Protection Project.","Hi San José Floodwalls scutum vicinitatibus contra XX-annum Diluvium deberent. Prope octo annos ad diem maiorem inundationem luxatis mille in San José, magistratus primum scaena Coyote Creek Diluvii Protectionis celebraverunt.",2026-01-09 04:06:59+00:00
13b1ddb8b6903c2d838dc937aed0173e,2025-02-21T01:39:03Z,'flooding',www.cbc.ca,en,0.0,"Women's Health Clinic services disrupted after bursting pipes, falling ceiling tiles and flooding",Services at the Women's Health Clinic have been disrupted for the second time in less than a year as infrastructure problems in the decaying downtown building resurface the need for promised provincial funding that has yet to be delivered to retrofit the site.,https://www.cbc.ca/news/canada/manitoba/women-s-health-clinic-damages-funding-1.7464597,https://i.cbc.ca/1.7464617.1740098480!/fileImage/httpImage/image.jpeg_gen/derivatives/16x9_1180/women-s-health-clinic.jpeg?im=Resize%3D620,,Services at the Women's Health Clinic have been disrupted for the second time in less than a year as infrastructure problems in the aging downtown building resurface the need for committed provincial… [+5366 chars],,"Die Dienste der Frauengesundheitsklinik wurden nach Rohrbrüchen, herabstürzenden Deckenplatten und Überschwemmungen unterbrochen. Die Dienste der Frauengesundheitsklinik wurden zum zweiten Mal in weniger als einem Jahr unterbrochen, da Infrastrukturprobleme in dem heruntergekommenen Gebäude in der Innenstadt erneut an die Oberfläche kommen und den Bedarf an versprochenen, noch nicht bereitgestellten Provinzmitteln für die Sanierung des Standorts deutlich machen.","Women's Health Clinic services disrupted after bursting pipes, falling ceiling tiles and flooding. Services at the Women's Health Clinic have been disrupted for the second time in less than a year as infrastructure problems in the decaying downtown building resurface the need for promised provincial funding that has yet to be delivered to retrofit the site.","Salutem Clinicae mulierum officia turbata post tibias erumpentes, laquearia tegularum cadentium et inundationem. Officia in Valetudine Mulierum Clinic secundo minus quam anno disiectae sunt problemata infrastructura in deficiens in urbe aedificationis resurfaciendi necessitatem promissionis fundorum provincialium quae adhuc ad locum retrofitandum tradendae sunt.",2026-01-09 04:06:59+00:00
21b153d88e8921796e7bd08a31397f81,2025-02-21T18:59:21Z,'flooding',www.bostonherald.com,en,0.0,Wu says Boston planning for ‘extreme weather events’ as effects of climate crisis intensify,"Following recent weather disasters across the county, the Boston mayor outlined Thursday how the city is preparing for when more severe heat, coastal flooding, or extreme weather events hit here.",https://www.bostonherald.com/2025/02/21/wu-says-boston-planning-for-extreme-weather-events-as-effects-of-climate-crisis-intensify/,https://www.bostonherald.com/wp-content/uploads/2025/02/nl02.jpg?w=1024&h=744,,"Following recent weather disasters across the county, the Boston mayor outlined Thursday how the city is preparing for when more severe heat, coastal flooding, or extreme weather events hit here.
“O… [+2790 chars]",,"Laut Wu plant Boston „extreme Wetterereignisse“, da sich die Auswirkungen der Klimakrise verstärken. Nach den jüngsten Wetterkatastrophen im gesamten Landkreis erläuterte der Bürgermeister von Boston am Donnerstag, wie sich die Stadt auf stärkere Hitze, Überschwemmungen an der Küste oder extreme Wetterereignisse vorbereitet.","Wu says Boston planning for ‘extreme weather events’ as effects of climate crisis intensify. Following recent weather disasters across the county, the Boston mayor outlined Thursday how the city is preparing for when more severe heat, coastal flooding, or extreme weather events hit here.","Wu dicit Boston de consilio eventus 'extremae tempestatis eventus' pro effectibus discriminis climatis augere. Post recentes tempestates calamitates per comitatum Boston maior Iovis delineata quomodo urbs parat cum aestu vehementiore, inundatione maritima, vel eventus extremae tempestatis hic feriuntur.",2026-01-09 04:06:59+00:00
b34fe8606588822e5961e977e843846b,2025-02-21T21:38:25Z,'flooding',www.abc.net.au,en,0.0,"Police commended, local SES manager condemned in Latrobe flood inquest findings","Three police officers acted with ""bravery in very hazardous circumstances"" during the 2016 flooding disaster at Latrobe, in Tasmania's north, but a regional SES manager ""did nothing"", a coroner has found.",https://www.abc.net.au/news/2025-02-22/bravery-of-police-officers-commended-during-tasmania-floods-2016/104966242,https://live-production.wcms.abc-cdn.net.au/8483dd748088c2861fca564bf9c75023?impolicy=wcms_watermark_news&cropH=576&cropW=1024&xPos=0&yPos=0&width=862&height=485&imformat=generic,,"A coroner has commended the actions of three Tasmania Police officers during the state's deadly 2016 floods, while lashing the ""inaction"" of a regional State Emergency Service (SES) chief.
In June 2… [+8012 chars]",,"Die Polizei lobte, der örtliche SES-Manager verurteilte die Ergebnisse der Hochwasseruntersuchung in Latrobe. Drei Polizisten handelten während der Überschwemmungskatastrophe in Latrobe im Norden Tasmaniens 2016 „mutig unter sehr gefährlichen Umständen“, aber ein regionaler SES-Manager hat „nichts unternommen“, wie ein Gerichtsmediziner feststellte.","Police commended, local SES manager condemned in Latrobe flood inquest findings. Three police officers acted with ""bravery in very hazardous circumstances"" during the 2016 flooding disaster at Latrobe, in Tasmania's north, but a regional SES manager ""did nothing"", a coroner has found.","Vigilum commendavit, procurator localis SES in Latrobe Diluvio inquisitionis inventis damnatus est. Tres vigiles publici cum ""fortitudine in circumstantiis periculosissimis"" per 2016 inundationem calamitatis Latrobe in septentrione Tasmaniae egerunt, sed procurator regionalis SES ""nihil fecit"", coronator inuenit.",2026-01-09 04:06:59+00:00
5b63df4d18e612628827351e0e75974a,2025-02-22T01:03:41Z,'deluge',www.neatorama.com,en,0.0,Even Celebrities Can Fail at Email,"Embed from Getty Images
When sending out mass email notices, there's always the possibility of people responding with ""reply all"" instead of ""reply."" This results in an email storm as others engage, and any messages that try to stop the deluge only exacerbat…",https://www.neatorama.com/2025/02/21/Even-Celebrities-Can-Fail-at-Email/,,,"When sending out mass email notices, there's always the possibility of people responding with ""reply all"" instead of ""reply."" This results in an email storm as others engage, and any messages that tr… [+955 chars]",,"Sogar Prominente können bei E-Mails scheitern. Von Getty Images einbetten
Beim Versenden von Massen-E-Mail-Benachrichtigungen besteht immer die Möglichkeit, dass die Leute mit „Allen antworten“ statt mit „Antworten“ antworten. Dies führt zu einem E-Mail-Sturm, wenn andere sich engagieren, und alle Nachrichten, die versuchen, die Flut zu stoppen, verschlimmern nur …","Even Celebrities Can Fail at Email. Embed from Getty Images
When sending out mass email notices, there's always the possibility of people responding with ""reply all"" instead of ""reply."" This results in an email storm as others engage, and any messages that try to stop the deluge only exacerbat…","Etiam Celebritates apud Email deficere possunt. Embed ex Getty Imagines
Cum emittentes massas notationes electronicas, semper est possibilitas hominum qui respondentibus ""respondere omnibus"" pro ""respondere"". Hoc consequitur tempestatem electronicam sicut alii confligunt, et quaelibet nuntia quae diluvio solum exacerbare conantur.",2026-01-09 04:06:59+00:00
ef06cda04e5e85cadc888a8b9d525ef5,2025-02-22T11:13:21Z,'flooding',www.thejournal.ie,en,0.0,"Weather warnings issued for 15 counties tomorrow, with strong winds and heavy rain expected",Met Éireann said the affected counties could be impacted by localised flooding and difficult travelling conditions.,https://www.thejournal.ie/status-yellow-wind-rain-warnings-15-counties-sunday-6630506-Feb2025/,https://img2.thejournal.ie/article/6630506/river/?height=400&version=6630514,http://wayback.archive-it.org/all/20250222111708/https://www.thejournal.ie/status-yellow-wind-rain-warnings-15-counties-sunday-6630506-Feb2025/,"STATUS YELLOW WIND and rain warnings have been issued for 15 counties tomorrow.
Met Éireann said there will be very strong and gusty southerly winds together with spells of heavy rain, potentially l… [+2402 chars]",,"Für 15 Landkreise werden morgen Wetterwarnungen ausgegeben, es werden starke Winde und starker Regen erwartet. Met Éireann sagte, die betroffenen Landkreise könnten von lokalen Überschwemmungen und schwierigen Reisebedingungen betroffen sein.","Weather warnings issued for 15 counties tomorrow, with strong winds and heavy rain expected. Met Éireann said the affected counties could be impacted by localised flooding and difficult travelling conditions.","Tempestas monita pro 15 comitatu cras edita, cum ventis validis et gravibus pluviis expectatur. Met Éireann dixit comitatus affectos a inundatione et difficultatibus itineris condicionibus locales impacti posse.",2026-01-09 04:06:59+00:00
78b0e2a060b1960a384eaf16a1ca56bd,2025-02-23T06:00:00Z,'flooding area',www.naturalnews.com,en,0.0,Health Ranger Report: Steve Slepcevic and Tina Blanco discuss FINANCIAL PREPAREDNESS,"Tropical Storm Debby has caused unprecedented damage in Florida, leading to widespread infrastructure failures, power outages and severe flooding, making travel dangerous and cutting off communities, with some areas becoming accessible only by boat. While the…",https://www.naturalnews.com/2025-02-23-steve-slepcevic-tina-blanco-discuss-financial-preparedness.html,https://www.naturalnews.com/wp-content/uploads/sites/91/2025/02/food-supplies-on-shelves-in-a-room-1.jpeg,https://web.archive.org/web/20250223114536/https://www.naturalnews.com/2025-02-23-steve-slepcevic-tina-blanco-discuss-financial-preparedness.html,"<ul><li>Tropical Storm Debby has caused unprecedented damage in Florida, leading to widespread infrastructure failures, power outages and severe flooding, making travel dangerous and cutting off comm… [+4906 chars]",,"Health Ranger-Bericht: Steve Slepcevic und Tina Blanco diskutieren über die finanzielle Vorbereitung. Der Tropensturm Debby hat in Florida beispiellose Schäden angerichtet, die zu großflächigen Infrastrukturausfällen, Stromausfällen und schweren Überschwemmungen führten, das Reisen gefährlich machten und Gemeinden abgeschnitten haben, sodass einige Gebiete nur noch mit dem Boot erreichbar sind. Während die…","Health Ranger Report: Steve Slepcevic and Tina Blanco discuss FINANCIAL PREPAREDNESS. Tropical Storm Debby has caused unprecedented damage in Florida, leading to widespread infrastructure failures, power outages and severe flooding, making travel dangerous and cutting off communities, with some areas becoming accessible only by boat. While the…","Sanitas Ranger Report: Steve Slepcevic et Tina Blanco de pecuniariis praeparandis. Tropical Tempestas Debby inusitatum damnum in Florida fecit, ducens ad defectiones infrastructuras late, potentias exitus et inundationes graves, peregrinationes periculosas et interclusiones communitates faciens, cum nonnullis locis solum navi pervias fientibus. Donec a…",2026-01-09 04:06:59+00:00
8c3289148ccac1f15970e5cdde7c45c3,2025-02-23T11:20:48Z,'flooding weather',www.bbc.com,en,0.0,Heavy rain could cause floods as Met Office issues amber warning for parts of Wales,"Up to 100mm of rain expected in some areas along with 60mph wind gusts, Met Office warns",https://www.bbc.com/news/articles/cr52m5ypg1qo,https://ichef.bbci.co.uk/news/1024/branded_news/d684/live/a6e6db10-f1d5-11ef-b8a0-1f5227bb2ea7.jpg,https://web.archive.org/web/20250223114442/https://www.bbc.com/news/articles/cr52m5ypg1qo,"Heavy rain is likely to cause some flooding and disruption across parts of Wales, according to the Met Office.
It has issued an amber weather warning across mid and south east Wales on Sunday from 1… [+947 chars]",,"Starker Regen könnte zu Überschwemmungen führen, da das Met Office für Teile von Wales eine Gelbwarnung herausgibt. In einigen Gebieten werden bis zu 100 mm Regen erwartet, zusammen mit Windböen von 60 Meilen pro Stunde, warnt Met Office","Heavy rain could cause floods as Met Office issues amber warning for parts of Wales. Up to 100mm of rain expected in some areas along with 60mph wind gusts, Met Office warns","Imbres graves inundationes efficere potuerunt ut Met Office quaestiones electri ad partes Walliae monerent. Usque ad 100mm pluviae expectatae in nonnullis locis cum 60mph flatibus venti, Office Met monet",2026-01-09 04:06:59+00:00
12ba495b7f05ee97460da16855df84dd,2025-02-23T12:15:24Z,'flooding atmospheric river',www.newsweek.com,en,0.0,Atmospheric River Map Shows States Most at Risk of Flooding,"""A Pacific storm and atmospheric river will impact the Pacific Northwest states and northern Rockies this weekend,"" the NWS said.",https://www.newsweek.com/atmospheric-river-map-states-flooding-risk-2034958,https://d.newsweek.com/en/full/2593695/nws-map-header.jpg,https://web.archive.org/web/20250223122736/https://www.newsweek.com/atmospheric-river-map-states-flooding-risk-2034958,"An atmospheric river will deliver heavy rain, scattered flooding, and gusty winds from the Pacific Northwest through the northern Great Basin and Rockies in the coming days, the National Weather Serv… [+2883 chars]",,"Karte der atmosphärischen Flüsse zeigt Staaten, die am stärksten von Überschwemmungen bedroht sind. „Ein pazifischer Sturm und ein atmosphärischer Fluss werden an diesem Wochenende die pazifischen Nordweststaaten und die nördlichen Rocky Mountains beeinträchtigen“, sagte der NWS.","Atmospheric River Map Shows States Most at Risk of Flooding. ""A Pacific storm and atmospheric river will impact the Pacific Northwest states and northern Rockies this weekend,"" the NWS said.","Map flumen atmosphaericum ostendit plurima in periculo inundationis. ""Tempestas Pacifica et flumen atmosphaericum Pacificum Septentrionem et Civitates Septentrionales et Silicis septentrionales hac volutpat vestibulum incursum"" dixit.",2026-01-09 04:06:59+00:00
b04f30c6f4aee73e4331641b40059c8b,2025-02-23T17:56:31Z,'flooding house',financialpost.com,en,0.0,"Trump’s Main Target in Metals Tariffs Is China, Ex-Trade Adviser Says","US President Donald Trump’s tariffs on aluminum and steel are motivated mostly by concerns that China is flooding the global market and harming US manufacturing, said a former trade adviser to the White House.",https://financialpost.com/pmn/business-pmn/trumps-main-target-in-metals-tariffs-is-china-ex-trade-adviser-says,https://smartcdn.gprod.postmedia.digital/financialpost/wp-content/uploads/2025/02/trumps-tariff-threats-and-actions-2.jpg,,"(Bloomberg) US President Donald Trumps tariffs on aluminum and steel are motivated mostly by concerns that China is flooding the global market and harming US manufacturing, said a former trade advise… [+1681 chars]",,"Trump’s Main Target in Metals Tariffs Is China, Ex-Trade Adviser Says. Die Zölle von US-Präsident Donald Trump auf Aluminium und Stahl seien vor allem auf Bedenken zurückzuführen, dass China den Weltmarkt überschwemme und die US-Produktion schädige, sagte ein ehemaliger Handelsberater des Weißen Hauses.","Trump’s Main Target in Metals Tariffs Is China, Ex-Trade Adviser Says. US President Donald Trump’s tariffs on aluminum and steel are motivated mostly by concerns that China is flooding the global market and harming US manufacturing, said a former trade adviser to the White House.","Trump est principale signum in metallis Tariffs Sina, Ex-Trade Consuasor Says. Praeses US Praeses Donald Trump in aluminio et chalybe portoriis maxime afficiuntur curas Sinas inundare mercatum globalis et fabricandi US laedendi, dixit pristinus consiliarius artis Domus Albae.",2026-01-09 04:06:59+00:00
4a9866a0441927cd3fe89a7c995d2bf4,2025-02-24T00:25:22Z,'flooding',www.universetoday.com,en,0.0,Glaciers Worldwide are Melting Faster Causing Sea Levels to Rise More,"Anthropogenic climate change is creating a vicious circle where rising temperatures are causing glaciers to melt at an increasing rate. In addition to contributing to rising sea levels, coastal flooding, and extreme weather, the loss of polar ice and glaciers…",https://www.universetoday.com/?p=171045,https://www.universetoday.com/wp-content/uploads/2025/02/Glacier_ice_loss_2000_2023-scaled.jpg,,"Anthropogenic climate change is creating a vicious circle where rising temperatures are causing glaciers to melt at an increasing rate. In addition to contributing to rising sea levels, coastal flood… [+6184 chars]",,"Gletscher weltweit schmelzen schneller, was zu einem stärkeren Anstieg des Meeresspiegels führt. Der vom Menschen verursachte Klimawandel führt zu einem Teufelskreis, in dem steigende Temperaturen dazu führen, dass die Gletscher immer schneller schmelzen. Der Verlust von Polareis und Gletschern trägt nicht nur zum Anstieg des Meeresspiegels, zu Küstenüberschwemmungen und zu extremen Wetterbedingungen bei …","Glaciers Worldwide are Melting Faster Causing Sea Levels to Rise More. Anthropogenic climate change is creating a vicious circle where rising temperatures are causing glaciers to melt at an increasing rate. In addition to contributing to rising sea levels, coastal flooding, and extreme weather, the loss of polar ice and glaciers…","Glaciatores Worldwide sunt citius liquefacientes gradus maris causando ut More resurgat. Mutatio climatis anthropogenici facit circulus vitiosus ubi temperaturae surgentes efficiunt molibus in rate crescentem liquescentes. In addition ut conferant gradus maris orientem, inundationem maritimam, et extremam tempestatem, iacturam polaris glaciei et molibus…",2026-01-09 04:06:59+00:00
c8e782fab86e95bac332cef0d116d6fc,2025-02-24T08:00:00Z,'floods',www.insidehighered.com,en,0.0,"Weeks and Months After Natural Disaster, Colleges Stand By Their Students","Weeks and Months After Natural Disaster, Colleges Stand By Their Students

 


 
Johanna Alonso

Mon, 02/24/2025 - 03:00 AM

Students say they are still being impacted by wildfires and floods that cost them their housing, jobs and transportation weeks or mont…",https://www.insidehighered.com/news/students/physical-mental-health/2025/02/24/after-hurricane-and-wildfires-colleges-continue,https://www.insidehighered.com/sites/default/files/styles/large/public/2025-02/la%20fires.jpg?itok=Kuz_eYRq,,"The summer after the COVID-19 pandemic began, Glendale Community College in California launched its basic needs department with a staff of one, in the hopes that the university would be well position… [+8238 chars]",,"Wochen und Monate nach der Naturkatastrophe stehen die Hochschulen ihren Studenten zur Seite. Wochen und Monate nach der Naturkatastrophe stehen die Hochschulen ihren Studenten zur Seite

 


 
Johanna Alonso

Mo, 24.02.2025 – 03:00 Uhr

Studenten sagen, dass sie immer noch von Waldbränden und Überschwemmungen betroffen sind, die sie wochen- oder monatelang ihre Unterkunft, ihren Arbeitsplatz und ihre Transportkosten kosten.","Weeks and Months After Natural Disaster, Colleges Stand By Their Students. Weeks and Months After Natural Disaster, Colleges Stand By Their Students

 


 
Johanna Alonso

Mon, 02/24/2025 - 03:00 AM

Students say they are still being impacted by wildfires and floods that cost them their housing, jobs and transportation weeks or mont…","Weeks and Months Post Naturalis Disaster, Collegia Sta By Their Students. Hebdomadae et Menses Post Naturalis Clades, Collegia Sta per Studentes

 


 
Johanna Alonso

Mon, 02/24/2025 - 03:00 AM

Discipuli dicunt se adhuc impingente ab incendiis et inundationibus quae illis habitationem, jobs et translationem septimanae vel mont... constant.",2026-01-09 04:06:59+00:00
764d5caaf7fc0f0e5cc025710c765777,2025-02-24T14:29:00Z,'flooding rain',abcnews.go.com,en,0.0,More rain on the way after flash flooding slams Pacific Northwest,A series of storm systems fueled by an atmospheric river brought flash flooding to the Pacific Northwest this weekend -- and more rain is on the way.,https://abcnews.go.com/US/rain-after-flash-flooding-slams-pacific-northwest/story?id=119118612,https://i.abcnewsfe.com/a/f5c4b48f-2daa-4e6a-aaad-a01ca487c08b/flooding-2-ht-gmh-250224_1740403710397_hpMain_16x9.jpg?w=1600,http://archive.md/20250224225349/https://abcnews.go.com/US/rain-after-flash-flooding-slams-pacific-northwest/story?id=119118612,"A series of storm systems fueled by an atmospheric river brought flash flooding to the Pacific Northwest this weekend -- and more rain is on the way.
The new system will bring more heavy rain, snow,… [+768 chars]",,"Weitere Regenfälle sind unterwegs, nachdem Sturzfluten den pazifischen Nordwesten heimgesucht haben. Eine Reihe von Sturmsystemen, die von einem atmosphärischen Fluss angeheizt wurden, verursachten an diesem Wochenende Sturzfluten im pazifischen Nordwesten – und es ist noch mehr Regen auf dem Weg.",More rain on the way after flash flooding slams Pacific Northwest. A series of storm systems fueled by an atmospheric river brought flash flooding to the Pacific Northwest this weekend -- and more rain is on the way.,Plures pluviae in viis cum mico inundatione slams Pacifici Northwest. Series tempestatum systematum ab atmosphaerico flumine excitatum mico inundatione ad Pacificum Septentrionalem hac volutpat vestibulum attulit - ac magis pluvia in viis est.,2026-01-09 04:06:59+00:00
bd76afb1a293ff9c17ce79bc044f5b27,2025-02-24T16:22:50Z,'deluge',nypost.com,en,0.0,"Miami braces for deluge of rain, flooding and possible tornadoes on Monday","A deluge of rain is expected to soak Florida on Monday, bringing potential flooding and even isolated tornadoes to the Miami metro, the FOX Forecast Center warns.",https://nypost.com/2025/02/24/us-news/miami-braces-for-deluge-of-rain-flooding-and-possible-tornadoes-monday/,https://nypost.com/wp-content/uploads/sites/2/2025/02/miami-deluge-rain-expected-soak-99167093.jpg?quality=75&strip=all&w=1024,https://web.archive.org/web/20250224162929/https://nypost.com/2025/02/24/us-news/miami-braces-for-deluge-of-rain-flooding-and-possible-tornadoes-monday/,"MIAMI  A deluge of rain is expected to soak Florida on Monday, bringing potential flooding and even isolated tornadoes to the Miami metro, the FOX Forecast Center warns.
The system is currently over… [+2000 chars]",,"Miami bereitet sich am Montag auf sintflutartige Regenfälle, Überschwemmungen und mögliche Tornados vor. Das FOX Forecast Center warnt, dass am Montag Florida voraussichtlich von einer Regenflut überschwemmt wird, die potenzielle Überschwemmungen und sogar vereinzelte Tornados in der Metro von Miami mit sich bringen wird.","Miami braces for deluge of rain, flooding and possible tornadoes on Monday. A deluge of rain is expected to soak Florida on Monday, bringing potential flooding and even isolated tornadoes to the Miami metro, the FOX Forecast Center warns.","Miami adstringit ad diluvium pluviae, inundationes et turbines in Lunae fieri. Diluvium pluviae expectatur in Florida in lune tuberari, potentia inundationem ferre et etiam sola tormenta in Miami metro, vulpes praedictio Centum monet.",2026-01-09 04:06:59+00:00
63a5d1b97105e1cd4d7725549f663ad1,2025-02-24T18:09:34Z,'flooding relief',economictimes.indiatimes.com,en,0.0,UK battered by heavy rain: Met office issues flood warnings and alerts,"The UK continues to battle heavy rain and flood warnings, with over 100 alerts in place. South and Mid-Wales, the South West, and parts of the Midlands remain at high risk of flooding. The Met Office warns of further showers and falling temperatures, with fro…",https://economictimes.indiatimes.com/news/international/us/uk-battered-by-heavy-rain-met-office-issues-flood-warnings-and-alerts/articleshow/118538836.cms,"https://img.etimg.com/thumb/msid-118538835,width-1200,height-630,imgsize-154912,overlay-economictimes/articleshow.jpg",,More than 100 flood alerts remain in effect across the UK following a relentless 15-hour amber weather warning that ended early Monday morning.The Met had issued an amber weather warning for parts of… [+3204 chars],,"Großbritannien wird von heftigen Regenfällen heimgesucht: Met Office gibt Hochwasserwarnungen und -warnungen heraus. Das Vereinigte Königreich kämpft weiterhin mit starken Regen- und Überschwemmungswarnungen, es gibt über 100 Warnungen. Süd- und Mittelwales, der Südwesten und Teile der Midlands sind weiterhin einem hohen Überschwemmungsrisiko ausgesetzt. Das Met Office warnt vor weiteren Schauern und sinkenden Temperaturen, mit …","UK battered by heavy rain: Met office issues flood warnings and alerts. The UK continues to battle heavy rain and flood warnings, with over 100 alerts in place. South and Mid-Wales, the South West, and parts of the Midlands remain at high risk of flooding. The Met Office warns of further showers and falling temperatures, with fro…","UK arietibus gravibus pluviis: Met munus inundationem monitis summisque exitibus. UK pergit ad pugnam pluviae et diluvii admonitiones, cum super 100 summis positis. Meridionalis et Mid-Walia, Australis, et partes Mediterraneae in magno periculo inundationis manent. Met Officium admonet de imbres adhuc et calores cadentes, cum discurrentibus…",2026-01-09 04:06:59+00:00
010fe9aab364a1f82223b8d16cb9817c,2025-02-25T00:09:50Z,'floods',www.abc.net.au,en,0.0,Dialysis patient refunded for private helicopter evacuation during floods,"Amid catastrophic floods in Ingham, dialysis patient Sofie Pearson used a jetski, rescue boat, and private helicopter to evacuate in what the health service called a transfer delay.",https://www.abc.net.au/news/2025-02-25/dialysis-patient-refunded-helicopter-evacuation-during-floods/104973196,https://live-production.wcms.abc-cdn.net.au/431aebcbf2d048605ead4e8419fe9ba1?impolicy=wcms_watermark_news&cropH=902&cropW=1603&xPos=267&yPos=210&width=862&height=485&imformat=generic,,"Cut off by floodwaters in the early days of the region's catastrophic rain event earlier this month, Sofie Pearson jumped on a jet ski to make her way to Ingham hospital.
The 30-year-old has been re… [+4137 chars]",,"Dialysepatient erhält Rückerstattung für private Helikopter-Evakuierung bei Überschwemmungen. Inmitten der katastrophalen Überschwemmungen in Ingham nutzte die Dialysepatientin Sofie Pearson einen Jetski, ein Rettungsboot und einen privaten Hubschrauber zur Evakuierung, was vom Gesundheitsdienst als Transferverzögerung bezeichnet wurde.","Dialysis patient refunded for private helicopter evacuation during floods. Amid catastrophic floods in Ingham, dialysis patient Sofie Pearson used a jetski, rescue boat, and private helicopter to evacuate in what the health service called a transfer delay.","Dialysis patiens retribuitur pro evacuatione helicopter privata per inundationes. Inter catastrophicos inundationes Ingham, dialysis patientis Sofie Pearson usus est jetski, navi liberandi, et helicopter privata ad evacuandum in eo quod mora translationis muneris sanitatis appellatur.",2026-01-09 04:06:59+00:00
0e3248c3e7f1e975c11e99300ab2e9aa,2025-02-25T00:23:33Z,'flooding evacuation',www.voanews.com,en,0.0,"Deadly floods in Botswana kill 9; nearly 2,000 people evacuated","GABORONE, BOTSWANA — Botswana authorities say at least nine people were confirmed dead Monday, as rare flooding hit the semi-arid country. More than 5,000 people have been affected by the floods as record rainfall fell over the last week.     


Addressing Pa…",https://www.voanews.com/a/deadly-floods-in-botswana-kill-9-nearly-2-000-people-evacuated/7986895.html,https://gdb.voanews.com/489196FC-E9E1-44A9-A1E9-A9A2D8163F54.jpg,,"GABORONE, BOTSWANA  Botswana authorities say at least nine peoplewere confirmed dead Monday, as rare flooding hit the semi-arid country. More than 5,000 people have been affected by the floods as rec… [+2392 chars]",,"Bei tödlichen Überschwemmungen in Botswana kommen neun Menschen ums Leben; Fast 2.000 Menschen wurden evakuiert. GABORONE, BOTSWANA – Die Behörden Botswanas sagen, dass am Montag mindestens neun Menschen ums Leben kamen, als seltene Überschwemmungen das halbtrockene Land heimsuchten. Mehr als 5.000 Menschen waren von den Überschwemmungen betroffen, da in der vergangenen Woche Rekordniederschläge fielen.     


Adressierung von Pa…","Deadly floods in Botswana kill 9; nearly 2,000 people evacuated. GABORONE, BOTSWANA — Botswana authorities say at least nine people were confirmed dead Monday, as rare flooding hit the semi-arid country. More than 5,000 people have been affected by the floods as record rainfall fell over the last week.     


Addressing Pa…","Funesti inundationes in Botsuana occidunt 9 ; fere 2,000 hominum excesserunt. GABORONE, BOTSWANA —  Auctoritates Botsuana dicunt saltem novem homines Lunae mortuos confirmatos esse, ut rara inundatio semiaridorum terra pulsatur. Plus quam 5,000 homines diluviis affecti sunt sicut recordum pluviae in ultima septimana ceciderunt.     


Oratio Pa…",2026-01-09 04:06:59+00:00
aee21ac3154c371577122377a5f4c1b7,2025-02-25T03:29:54Z,'flooding death',www.usatoday.com,en,0.0,Kentucky flooding and cold weather death toll rises to 22; FEMA to tour damage,"Meanwhile, Kentucky, Gov. Andy Beshear said that state officials are still waiting for approval of an expedited major disaster declaration.",https://www.usatoday.com/story/news/nation/2025/02/24/kentucky-flooding-weather-death-toll-fema/80097222007/,https://s.yimg.com/ny/api/res/1.2/fUXX5c2oDKDV99w89uhsZA--/YXBwaWQ9aGlnaGxhbmRlcjt3PTEyMDA7aD03NTE-/https://media.zenfs.com/en/usa_today_news_641/7f204588e4bb582617f34cd0fbaf645f,,"LOUISVILLE, Ky. The death toll from widespread flooding and extreme weather that battered Kentucky earlier this month has increased to 22, officials announced Monday.
The latest confirmed death is a… [+4626 chars]",,"Zahl der Todesopfer durch Überschwemmungen und Kälte in Kentucky steigt auf 22; FEMA zu Tourschäden. Unterdessen sagte der Gouverneur von Kentucky, Andy Beshear, dass die Staatsbeamten immer noch auf die Genehmigung einer beschleunigten Erklärung zu einer größeren Katastrophe warten.","Kentucky flooding and cold weather death toll rises to 22; FEMA to tour damage. Meanwhile, Kentucky, Gov. Andy Beshear said that state officials are still waiting for approval of an expedited major disaster declaration.","Kentucky inundatio et frigoris 22 portorium mortis exoritur; Potenti ut damnum pretium. Interim Kentucky, Gov. Andy Beshear dixit officiales civitatis adhuc exspectantes approbationem declarationis maioris cladis expeditae.",2026-01-09 04:06:59+00:00
2de7422eb1d347248ddcf1804e150a5f,2025-02-25T09:30:00Z,'floods',grist.org,en,0.0,‘We know what it’s like’: How Appalachian towns are learning to help each other after floods,"From the Kentucky floods to Helene and back again, people throughout Appalachia are using their experiences to help each other through disaster.",http://grist.org/extreme-weather/we-know-what-its-like-how-appalachian-towns-are-learning-to-help-each-other-after-floods/,https://grist.org/wp-content/uploads/2025/02/Kentucky-2025-floods-climate-community-response.jpeg?quality=75&strip=all,,"When the rivers and creeks running through eastern Kentucky jumped their banks and flooded a wide swath of the region for the second time in as many years, Cara Ellis set to work.
One week later, sh… [+6743 chars]",,"„Wir wissen, wie es ist“: Wie Städte in den Appalachen lernen, sich nach Überschwemmungen gegenseitig zu helfen. Von den Überschwemmungen in Kentucky bis nach Helene und wieder zurück nutzen Menschen in ganz Appalachen ihre Erfahrungen, um sich gegenseitig bei der Katastrophe zu helfen.","‘We know what it’s like’: How Appalachian towns are learning to help each other after floods. From the Kentucky floods to Helene and back again, people throughout Appalachia are using their experiences to help each other through disaster.",'Scimus quid sit': Quomodo oppida Appalachiana post diluvia inter se iuvare discunt. Ab inundationibus Kentucky ad Helene et iterum homines per Appalachiam adhibitis experiuntur ut se invicem per calamitatem adiuvent.,2026-01-09 04:06:59+00:00
953d825962e7615f189a32915e337d55,2025-02-25T10:30:00Z,'flooding buildings',lancasteronline.com,en,0.0,Lancaster city Public Works Department determines cause of library flooding,"A day after the Lancaster city branch of the Lancaster Public Library was forced to temporarily close due to flooding from a sewage backup, the city’s Department of Public Works determined the cause of the issue came from within the…",https://lancasteronline.com/news/local/lancaster-city-public-works-department-determines-cause-of-library-flooding/article_1eca3758-f30c-11ef-821f-9f62fb332d5e.html,https://bloximages.newyork1.vip.townnews.com/lancasteronline.com/content/tncms/assets/v3/editorial/3/20/320a041a-f244-11ef-a2a1-53c7a13861b8/67bbb9c43560f.image.jpg?crop=1763%2C926%2C0%2C124&resize=1200%2C630&order=crop%2Cresize,,"A day after the Lancaster city branch of the Lancaster Public Library was forced to temporarily close due to flooding from a sewage backup, the citys Department of Public Works determined the cause o… [+620 chars]",,"Die Abteilung für öffentliche Arbeiten der Stadt Lancaster ermittelt die Ursache für die Überschwemmung der Bibliothek. Einen Tag nachdem die Lancaster-Stadtfiliale der Lancaster Public Library aufgrund einer Überschwemmung aufgrund einer Abwasserstauung vorübergehend schließen musste, stellte die Abteilung für öffentliche Arbeiten der Stadt fest, dass die Ursache des Problems innerhalb der Stadt lag.","Lancaster city Public Works Department determines cause of library flooding. A day after the Lancaster city branch of the Lancaster Public Library was forced to temporarily close due to flooding from a sewage backup, the city’s Department of Public Works determined the cause of the issue came from within the…","Civitas Lancasteria Department Operae Publicae causam bibliothecae inundationis determinat. Post diem Lancastriae civitatis ramus Lancastriae Bibliotheca Publica ad tempus prope ob inundationem purgamentorum tergum coactus est, Department of Public Operarum urbis causa litis intra…",2026-01-09 04:06:59+00:00
de6a2d77e62a778b25316452c7f654bc,2025-02-25T17:37:48Z,'flooding mudslide',www.nbcnews.com,en,0.0,Office of Buffalo Trace whiskey distillery swept into Kentucky River by mudslide,"A cargo container and makeshift office for centuries-old whiskey maker Buffalo Trace slid into the Kentucky River on Monday in the wake of heavy rains and flooding, officials said.",https://www.nbcnews.com/news/us-news/office-buffalo-trace-whiskey-distillery-swept-kentucky-river-mudslide-rcna193659,"https://media-cldnry.s-nbcnews.com/image/upload/t_nbcnews-fp-1200-630,f_auto,q_auto:best/rockcms/2025-02/250225-cargo-container-river-kentucky-vl-1151a-9b70bb.jpg",,"A cargo container and makeshift office for a centuries-old whiskey maker slid into the Kentucky River on Monday in the wake of heavy rains and flooding, officials said.
A ""weather-related mudslide o… [+1052 chars]",,"Büro der Whiskybrennerei Buffalo Trace wurde durch Schlammlawine in den Kentucky River geschwemmt. Ein Frachtcontainer und provisorisches Büro des jahrhundertealten Whiskyherstellers Buffalo Trace sei am Montag nach starken Regenfällen und Überschwemmungen in den Kentucky River gerutscht, sagten Beamte.","Office of Buffalo Trace whiskey distillery swept into Kentucky River by mudslide. A cargo container and makeshift office for centuries-old whiskey maker Buffalo Trace slid into the Kentucky River on Monday in the wake of heavy rains and flooding, officials said.",Officium Buffalo Trace cupam distillationis in Kentucky flumen a mudslide rapitur. Continens onerariam et exstaret munus per saecula cupam factorem Buffalo Trace in flumen Kentucky delapsus die Lunae in imbribus et inundatione lapsis magistratus dixit.,2026-01-09 04:06:59+00:00
1475da5d802e1743217efde6d507fbad,2025-02-25T17:47:08Z,'flooding',biztoc.com,en,0.0,Office of Buffalo Trace whiskey distillery swept into Kentucky River by mudslide,"A cargo container and makeshift office for centuries-old whiskey maker Buffalo Trace slid into the Kentucky River on Monday in the wake of heavy rains and flooding, officials said.",https://biztoc.com/x/d577c70093bc2936,https://biztoc.com/cdn/d577c70093bc2936_s.webp,,"A cargo container and makeshift office for centuries-old whiskey maker Buffalo Trace slid into the Kentucky River on Monday in the wake of heavy rains and flooding, officials said.
This story appear… [+38 chars]",,"Büro der Whiskybrennerei Buffalo Trace wurde durch Schlammlawine in den Kentucky River geschwemmt. Ein Frachtcontainer und provisorisches Büro des jahrhundertealten Whiskyherstellers Buffalo Trace sei am Montag nach starken Regenfällen und Überschwemmungen in den Kentucky River gerutscht, sagten Beamte.","Office of Buffalo Trace whiskey distillery swept into Kentucky River by mudslide. A cargo container and makeshift office for centuries-old whiskey maker Buffalo Trace slid into the Kentucky River on Monday in the wake of heavy rains and flooding, officials said.",Officium Buffalo Trace cupam distillationis in Kentucky flumen a mudslide rapitur. Continens onerariam et exstaret munus per saecula cupam factorem Buffalo Trace in flumen Kentucky delapsus die Lunae in imbribus et inundatione lapsis magistratus dixit.,2026-01-09 04:06:59+00:00
e9d4b0c3bcf973eec37de7ea34a76319,2025-02-25T19:47:11Z,'flooding',www.abc.net.au,en,0.0,Insurance industry pitches plan to help households drowning in costs,The peak body for insurers wants the next federal government to stump up $30 billion to protect homes against an onslaught of climate-fuelled flooding predicted to batter Australian communities in the coming decades.,https://www.abc.net.au/news/2025-02-26/insurance-cost-calls-for-30b-flood-fund-as-election-looms/104978284,https://live-production.wcms.abc-cdn.net.au/ba91bf3d27e6edfffb3c1983ec989d7a?impolicy=wcms_watermark_news&cropH=2465&cropW=4382&xPos=618&yPos=777&width=862&height=485&imformat=generic,https://web.archive.org/web/20250225205001/https://www.abc.net.au/news/2025-02-26/insurance-cost-calls-for-30b-flood-fund-as-election-looms/104978284,The peak body for insurers wants the next federal government to stump up $30 billion to protect homes against an onslaught of climate-fuelled flooding predicted to batter Australian communities in th… [+10518 chars],,"Die Pitches der Versicherungsbranche sollen Haushalten helfen, die in Kosten ertrinken. Der Spitzenverband der Versicherer möchte, dass die nächste Bundesregierung 30 Milliarden US-Dollar bereitstellt, um Häuser vor der Flut klimabedingter Überschwemmungen zu schützen, die in den kommenden Jahrzehnten australische Gemeinden heimsuchen werden.",Insurance industry pitches plan to help households drowning in costs. The peak body for insurers wants the next federal government to stump up $30 billion to protect homes against an onslaught of climate-fuelled flooding predicted to batter Australian communities in the coming decades.,Cautionum industria vocum instituunt subsidia familiae demersae in gratuita. Vertex corporis insurers cupit proximum imperium foederati $30 miliardis obstupescere ad domos tuendas ab impetu climatis inundationis inundationis praedictae in decenniis proximis communitatibus Australianis quatiendis.,2026-01-09 04:06:59+00:00
991df26facdc7c80824e0cba9ea7a334,2025-02-25T20:45:22Z,'flooding',www.cbc.ca,en,0.0,Heavy rain could bring chance of flooding to parts of Newfoundland,"Parts of the Burin Peninsula and southern Avalon Peninsula could see as much as 80 millimetres of rain over the course of Wednesday, which could lead to flooding across parts of Newfoundland.",https://www.cbc.ca/news/canada/newfoundland-labrador/weather-feb-26-1.7468204,https://i.cbc.ca/1.5378041.1736003330!/fileImage/httpImage/image.jpg_gen/derivatives/16x9_1180/rain-snow-slush-icy-roads-nlwx.jpg?im=Resize%3D620,,"Parts of the Burin Peninsula and southern Avalon Peninsula could see as much as 80 millimetres of rain over the course of Wednesday, which could lead to flooding across parts of Newfoundland.
CBC Ne… [+1217 chars]",,"Starker Regen könnte in Teilen Neufundlands zu Überschwemmungen führen. In Teilen der Burin-Halbinsel und der südlichen Avalon-Halbinsel könnten im Laufe des Mittwochs bis zu 80 Millimeter Regen fallen, was zu Überschwemmungen in Teilen Neufundlands führen könnte.","Heavy rain could bring chance of flooding to parts of Newfoundland. Parts of the Burin Peninsula and southern Avalon Peninsula could see as much as 80 millimetres of rain over the course of Wednesday, which could lead to flooding across parts of Newfoundland.","Imber gravis casus inundationis ad partes Terrae Novae afferre potuit. Partes Peninsulae Burin et Avalon meridionalis paeninsulae videre potuerunt quantum 80 millimetre pluviarum in cursu Mercurii, quae inundationem trans partes Novae fundationis ducere potuit.",2026-01-09 04:06:59+00:00
4aba7acdb11cb4c6b18fb68c31332327,2025-02-26T04:58:59Z,'flooding donation',www.ndtv.com,en,0.0,Luigi Mangione Urges Devoted Fans To Stop Flooding Him With Photos,The update also emphasizes: &quot;Please be aware that every photo received undergoes screening and review by law enforcement.&quot;,https://www.ndtv.com/world-news/accused-killer-luigi-mangione-urges-devoted-fans-to-stop-flooding-him-with-photos-7797125,https://c.ndtvimg.com/2025-02/6n8au5jg_luigi-mangione_625x300_26_February_25.jpeg,https://web.archive.org/web/20250226050302/https://www.ndtv.com/world-news/accused-killer-luigi-mangione-urges-devoted-fans-to-stop-flooding-him-with-photos-7797125,"Luigi Mangione, who is facing charges in connection with the UnitedHealthcare CEO killing, has publicly asked his supporters to refrain from sending him numerous photographs. Through his legal defenc… [+1791 chars]",,"Luigi Mangione fordert treue Fans auf, ihn nicht mehr mit Fotos zu überfluten. Das Update betont außerdem: „Bitte beachten Sie, dass jedes erhaltene Foto einer Überprüfung und Prüfung durch die Strafverfolgungsbehörden unterzogen wird.“",Luigi Mangione Urges Devoted Fans To Stop Flooding Him With Photos. The update also emphasizes: &quot;Please be aware that every photo received undergoes screening and review by law enforcement.&quot;,Aloisius Mangione Fans deditos hortatur ut eum imaginibus inundare desinant. Renovatio etiam in lucem profert: & quot; Scias quaeso singulas imagines photographicas receptacula subire et recognoscere leges cogendi.&quot;,2026-01-09 04:06:59+00:00
d5c9466ee171822184f749e926dc607d,2025-02-26T11:06:55Z,'flooding rain',www.theweathernetwork.com,en,0.0,Blinding snow to flooding rains: Newfoundland sees it all on Wednesday,It's a true battle of the seasons across Newfoundland this week with heavy snow and a spring-like flood threat both on the table thanks to a wintry...,https://www.theweathernetwork.com/ca/news/article/blinding-snow-to-flooding-rains-newfoundland-sees-it-all-on-wednesday,https://s.yimg.com/ny/api/res/1.2/pXC0nAlMFde3spSosgZ9Ag--/YXBwaWQ9aGlnaGxhbmRlcjt3PTEyMDA7aD02NzU-/https://media.zenfs.com/en/the_weather_network_616/9e70b75bb7524b0d3e2280ef724ca064,,"A strengthening storm will bring significant rain and snow across Newfoundland on Wednesday. It's a true tale of two seasons, with winter storm watches in effect for northern parts of the island, whi… [+3242 chars]",,"Blendender Schnee bis hin zu überschwemmenden Regenfällen: Neufundland erlebt am Mittwoch alles. Diese Woche ist es in Neufundland ein wahrer Kampf der Jahreszeiten mit starkem Schneefall und einer frühlingshaften Überschwemmungsgefahr, die dank eines winterlichen Wetters droht.",Blinding snow to flooding rains: Newfoundland sees it all on Wednesday. It's a true battle of the seasons across Newfoundland this week with heavy snow and a spring-like flood threat both on the table thanks to a wintry...,Nix caeca ad imbres inundantes: Terra Nova eam omnia die Mercurii videt. Vera est pugna temporum trans Novam Terram hac septimana cum nivis gravis et fontis instar inundationis minas tum in mensa per hiemem...,2026-01-09 04:06:59+00:00
f95ce8fdc1b736a7dffd27def1afbdf7,2025-02-26T13:38:53Z,'floods',theconversation.com,en,0.0,"In many of Appalachia’s flood-ravaged areas, residents have little choice but rebuild in risky locations","The latest floods exposed the deep vulnerability of many mountain communities in eastern Kentucky, where land ownership patterns and other barriers to recovery can leave residents with few options.",https://theconversation.com/in-many-of-appalachias-flood-ravaged-areas-residents-have-little-choice-but-rebuild-in-risky-locations-240429,https://images.theconversation.com/files/650702/original/file-20250221-32-8g6q5e.jpg?ixlib=rb-4.1.0&rect=30%2C424%2C3375%2C1687&q=45&auto=format&w=1356&h=668&fit=crop,https://web.archive.org/web/20250303024146/https://theconversation.com/in-many-of-appalachias-flood-ravaged-areas-residents-have-little-choice-but-rebuild-in-risky-locations-240429,"Parts of the North Fork of the Kentucky River flooded in July 2022, and again in February 2025. Arden S. Barnes/For The Washington Post via Getty Images
On Valentine’s Day 2025, heavy rains started … [+10777 chars]",,"In vielen von Überschwemmungen heimgesuchten Gebieten in den Appalachen bleibt den Bewohnern kaum eine andere Wahl, als an gefährdeten Orten wieder aufzubauen. Die jüngsten Überschwemmungen haben die große Verletzlichkeit vieler Berggemeinden im Osten von Kentucky deutlich gemacht, wo Landbesitzverhältnisse und andere Hindernisse für die Erholung den Bewohnern oft nur wenige Optionen lassen.","In many of Appalachia’s flood-ravaged areas, residents have little choice but rebuild in risky locations. The latest floods exposed the deep vulnerability of many mountain communities in eastern Kentucky, where land ownership patterns and other barriers to recovery can leave residents with few options.","Multis in locis Appalachiae inundationibus populatis, incolas parvam electionem habent sed in periculosis locis reaedificant. Ultimae inundationes profundam vulnerabilitatem plurium communitatum montanarum orientalium in Kentucky exposuerunt, ubi formarum possessionum terrae et alia claustra ad recuperationem habitant cum paucis optionibus relinquere possunt.",2026-01-09 04:06:59+00:00
7408c5120dfc84462cc599f79e4ec393,2025-02-26T13:38:53Z,'floods',theconversation.com,en,0.0,Why people rebuild in Appalachia’s flood-ravaged areas despite the risks,"The latest floods exposed the deep vulnerability of many mountain communities in eastern Kentucky, where land ownership patterns and other barriers to recovery can leave residents with few options.",https://theconversation.com/why-people-rebuild-in-appalachias-flood-ravaged-areas-despite-the-risks-240429,https://images.theconversation.com/files/650702/original/file-20250221-32-8g6q5e.jpg?ixlib=rb-4.1.0&rect=30%2C424%2C3375%2C1687&q=45&auto=format&w=1356&h=668&fit=crop,https://web.archive.org/web/20250228005340/https://theconversation.com/why-people-rebuild-in-appalachias-flood-ravaged-areas-despite-the-risks-240429,"Parts of the North Fork of the Kentucky River flooded in July 2022, and again in February 2025. Arden S. Barnes/For The Washington Post via Getty Images
On Valentine’s Day 2025, heavy rains started … [+10777 chars]",,"Warum Menschen trotz der Risiken in den von Überschwemmungen heimgesuchten Gebieten der Appalachen wieder aufbauen. Die jüngsten Überschwemmungen haben die große Verletzlichkeit vieler Berggemeinden im Osten von Kentucky deutlich gemacht, wo Landbesitzverhältnisse und andere Hindernisse für die Erholung den Bewohnern oft nur wenige Optionen lassen.","Why people rebuild in Appalachia’s flood-ravaged areas despite the risks. The latest floods exposed the deep vulnerability of many mountain communities in eastern Kentucky, where land ownership patterns and other barriers to recovery can leave residents with few options.","Cur homines in Appalachiae locis inundationibus populationibus non obstante periculo reaedificant. Ultimae inundationes profundam vulnerabilitatem plurium communitatum montanarum orientalium in Kentucky exposuerunt, ubi formarum possessionum terrae et alia claustra ad recuperationem habitant cum paucis optionibus relinquere possunt.",2026-01-09 04:06:59+00:00
e327de28de2f6952e52fe6bd3e026437,2025-02-26T14:14:19Z,'floods',www.bbc.com,en,0.0,Royals visit town hit by devastating floods,The Prince and Princess of Wales arrived in Pontypridd to learn how the community is dealing with floods.,https://www.bbc.com/news/articles/c7vzd98955yo,https://ichef.bbci.co.uk/news/1024/branded_news/c9f2/live/cd6585a0-f448-11ef-896e-d7e7fb1719a4.jpg,,"The Prince of Wales and Catherine, Princess of Wales, arrived in Pontypridd on Wednesday to mark St David's Day and learn how the community is coping following recent devastating flooding.
Prince Wi… [+1231 chars]",,"Royals besuchen die von verheerenden Überschwemmungen heimgesuchte Stadt. Der Prinz und die Prinzessin von Wales kamen in Pontypridd an, um zu erfahren, wie die Gemeinde mit Überschwemmungen umgeht.",Royals visit town hit by devastating floods. The Prince and Princess of Wales arrived in Pontypridd to learn how the community is dealing with floods.,Inundationes Regiorum vastando ledo oppidum visit. Princeps ac princeps Cambriae in Pontypridd venit ut discat quomodo communitas de inundationibus agitur.,2026-01-09 04:06:59+00:00
51ca2478d202c8d22ed71a510dfa0bda,2025-02-26T15:34:04Z,'flooding climate change',grist.org,en,0.0,Climate change is politically divisive. Public parks? Not so much.,"Parks are popular community amenities. When built right, they can also mitigate flooding, heat, and other impacts of climate change.",https://grist.org/looking-forward/climate-change-is-politically-divisive-public-parks-not-so-much/,https://grist.org/wp-content/uploads/2025/02/0226_Parks_Social.jpg?quality=75&strip=all,,"The spotlight
Two weeks ago, we wrote about the EXPLORE Act an expansive piece of legislation aimed at expanding and improving outdoor access, which passed Congress unanimously in 2024. What the EXP… [+10157 chars]",,"Der Klimawandel spaltet politisch. Öffentliche Parks? Nicht so sehr. Parks sind beliebte Gemeinschaftseinrichtungen. Wenn sie richtig gebaut werden, können sie auch Überschwemmungen, Hitze und andere Auswirkungen des Klimawandels abmildern.","Climate change is politically divisive. Public parks? Not so much.. Parks are popular community amenities. When built right, they can also mitigate flooding, heat, and other impacts of climate change.","Mutatio climatis politice divisiva est. Publicus ortus? Non tam.. Ortus sunt amoenitates populares communitatis. Cum recte aedificatum est, inundationem, calorem, aliosque impetus climatis mutationem mitigare possunt.",2026-01-09 04:06:59+00:00
42861455d2f6bf56e819c2c5e9ca30ff,2025-02-26T18:15:00Z,'floods',www.thestar.com.my,en,0.0,"UNICEF donates over 50,000 USD to children affected by floods in Botswana","GABORONE, Feb. 26 (Xinhua) -- The United Nations Children's Fund (UNICEF) on Wednesday provided 700,000 pula (about 50,772 U.S. dollars) in emergency aid to Botswana's Ministry of Child Welfare and Basic Education to help vulnerable children affected by the r…",https://www.thestar.com.my/news/world/2025/02/27/unicef-donates-over-50000-usd-to-children-affected-by-floods-in-botswana,https://cdn.thestar.com.my/Themes/img/newTsol_logo_socmedia.png,,"GABORONE, Feb. 26 (Xinhua) -- The United Nations Children's Fund (UNICEF) on Wednesday provided 700,000 pula (about 50,772 U.S. dollars) in emergency aid to Botswana's Ministry of Child Welfare and B… [+1336 chars]",,"UNICEF spendet über 50.000 USD für von Überschwemmungen betroffene Kinder in Botswana. GABORONE, 26. Februar (Xinhua) – Das Kinderhilfswerk der Vereinten Nationen (UNICEF) hat am Mittwoch 700.000 Pula (etwa 50.772 US-Dollar) als Soforthilfe an das Ministerium für Kinderfürsorge und Grundbildung in Botswana bereitgestellt, um gefährdeten Kindern zu helfen, die von der Katastrophe betroffen sind.","UNICEF donates over 50,000 USD to children affected by floods in Botswana. GABORONE, Feb. 26 (Xinhua) -- The United Nations Children's Fund (UNICEF) on Wednesday provided 700,000 pula (about 50,772 U.S. dollars) in emergency aid to Botswana's Ministry of Child Welfare and Basic Education to help vulnerable children affected by the r…","UNICEF super 50.000 USD pueris in inundationibus in Botsuana affectis donat. GABORONE, 26 Febr. (Xinhua) -- Nationes Coniunctae Puerorum Fundi (UNICEF) die mercurii 700,000 pula (circa 50,772 pupa US) subitis auxilio sunt Ministri Botsuanae Infantis saluti et Educationis ad auxilium vulnerabiles infantes a r… affectos adiuvandos.",2026-01-09 04:06:59+00:00
3ebdcad76f41355e47be44ba6496d3d2,2025-02-26T19:20:54Z,'floods',www.abc.net.au,en,0.0,South Australians deal with rising insurance premiums following floods and fires,"After rebuilding their Riverland caravan park in the wake of a devastating flood, Barbara and Geoff Calvert are facing a new challenge — surging insurance premiums.",https://www.abc.net.au/news/2025-02-27/south-australians-dealing-with-rising-insurance-post-disasters/104950382,https://live-production.wcms.abc-cdn.net.au/eff07c48da0a1cf543179faa55386d3b?impolicy=wcms_watermark_news&cropH=2813&cropW=5000&xPos=0&yPos=260&width=862&height=485&imformat=generic,,"Geoff and Barbara Calvert purchased the Kingston-on-Murray Caravan Park in 2016 as part of their plan to start taking life at a slower pace.
Mr Calvert had worked as a commercial fisherman, so when … [+10893 chars]",,Südaustralier müssen mit steigenden Versicherungsprämien nach Überschwemmungen und Bränden rechnen. Nach dem Wiederaufbau ihres Caravanparks Riverland nach einer verheerenden Überschwemmung stehen Barbara und Geoff Calvert vor einer neuen Herausforderung: steigenden Versicherungsprämien.,"South Australians deal with rising insurance premiums following floods and fires. After rebuilding their Riverland caravan park in the wake of a devastating flood, Barbara and Geoff Calvert are facing a new challenge — surging insurance premiums.","Australes Australiani de praemiis assecurationibus surgentibus sequentes inundationes et incendia agunt. Postquam in vicis vastitatis inundationis parcum suum Riverland instauraverunt, Barbara et Geoff Calvert novam provocationem opponunt - praemiis assecurationibus aestuantes.",2026-01-09 04:06:59+00:00
9b7e03b796f09ade13c44d1c573f5216,2025-02-26T19:44:28Z,'flooding health',www.abc.net.au,en,0.0,"Floodwaters have cleared, but they've stirred up a deadly bacteria","The heavy rain and flooding that caused so much damage in north Queensland has now cleared, but in its wake stirs a deadly bacteria that has so far killed 12 people.",https://www.abc.net.au/news/2025-02-27/queensland-floods-stir-up-deadly-melioidosis-bacteria/104983502,https://live-production.wcms.abc-cdn.net.au/309456cbf8ad871a9f468952d9a40301?impolicy=wcms_watermark_news&cropH=1080&cropW=1920&xPos=0&yPos=0&width=862&height=485&imformat=generic,https://web.archive.org/web/20250227065536/https://www.abc.net.au/news/2025-02-27/queensland-floods-stir-up-deadly-melioidosis-bacteria/104983502,"The heavy rain and flooding that caused so much damage in north Queensland has now cleared, but in its wake stirs a deadly bacteria that has so far killed 12 people.
Melioidosis is a tropical infect… [+5460 chars]",,"Die Überschwemmungen sind geklärt, aber sie haben eine tödliche Bakterie aufgewirbelt. Der heftige Regen und die Überschwemmungen, die im Norden von Queensland so große Schäden angerichtet haben, sind mittlerweile verschwunden, aber in ihrem Gefolge entsteht ein tödliches Bakterium, das bisher zwölf Menschen das Leben gekostet hat.","Floodwaters have cleared, but they've stirred up a deadly bacteria. The heavy rain and flooding that caused so much damage in north Queensland has now cleared, but in its wake stirs a deadly bacteria that has so far killed 12 people.","Aquae diluvii purgaverunt, sed bacteria letalem excitaverunt. Gravis pluvia et inundatio quae tantam perniciem in Queenslandia septentrionali iam purgavit, sed in evigilatione bacteria mortifera excitat quae usque ad duodecim homines occiderunt.",2026-01-09 04:06:59+00:00
08a59993b67865da2c46ac70cfd912cc,2025-02-27T01:15:26Z,'floods',en.people.cn,en,0.0,"UNICEF donates over 50,000 USD to children affected by floods in Botswana","Nono Kgafela Mokoka (2nd L), Botswanan minister of child welfare and basic education, receives dona",http://en.people.cn/n3/2025/0227/c90000-20282068.html,,,"(Xinhua) 08:52, February 27, 2025
Nono Kgafela Mokoka (2nd L), Botswanan minister of child welfare and basic education, receives donation from Joan Matji (2nd R), UNICEF's country representative to … [+1929 chars]",,"UNICEF spendet über 50.000 USD für von Überschwemmungen betroffene Kinder in Botswana. Nono Kgafela Mokoka (2. v. l), botswanischer Minister für Kinderfürsorge und Grundbildung, erhält eine Spende","UNICEF donates over 50,000 USD to children affected by floods in Botswana. Nono Kgafela Mokoka (2nd L), Botswanan minister of child welfare and basic education, receives dona","UNICEF super 50.000 USD pueris in inundationibus in Botsuana affectis donat. Nono Kgafela Mokoka (2nd L), minister Botswanan, alumnus utilitatis et educationis fundamentalis, dona accipit",2026-01-09 04:06:59+00:00
5c3d6f599fa5793183f1065d695ee1a9,2025-02-27T10:09:04Z,'flooding rain',www.nationalobserver.com,en,0.0,Vancouver Island community puts beavers to work on climate risks,"Natural solutions, such as encouraging beaver activity and integrating rain gardens, will be paired with infrastructure improvements that balance ecological and community needs to protect the Xwémalhkwu from flooding.",https://www.nationalobserver.com/2025/02/27/news/homalco-climate-proof-growing-community-nature-solutions,https://www.nationalobserver.com/sites/default/files/img/2025/02/26/xwemahlkwu_guardian_kai_blaney_img_1480.jpeg,http://archive.md/20250228161223/https://www.nationalobserver.com/2025/02/27/news/homalco-climate-proof-growing-community-nature-solutions,"Working with nature, and not against it, a Vancouver Island First Nation is creating a plan to climate-proof its growing community.
The Willow Creek watershed project will restore wetlands and water… [+3897 chars]",,"Die Gemeinde auf Vancouver Island setzt Biber ein, um Klimarisiken zu bekämpfen. Natürliche Lösungen wie die Förderung der Biberaktivität und die Integration von Regengärten werden mit Infrastrukturverbesserungen gepaart, die ökologische und gemeinschaftliche Bedürfnisse in Einklang bringen, um das Xwémalhkwu vor Überschwemmungen zu schützen.","Vancouver Island community puts beavers to work on climate risks. Natural solutions, such as encouraging beaver activity and integrating rain gardens, will be paired with infrastructure improvements that balance ecological and community needs to protect the Xwémalhkwu from flooding.","Vancuverium Island communitas castores ad operandum in periculis climatis ponit. Solutiones naturales, ut actio castoris hortantis et hortos pluvias integrantes, parabuntur melioramentis infrastructuris, quae aequilibrium oecologicum et communitatum Xwémalhkwu ab inundatione tueri necesse est.",2026-01-09 04:06:59+00:00
386c056d143c7eb0c2ab0d8eee864106,2025-02-27T10:47:00Z,'floods',e360.yale.edu,en,0.0,How Climate Change Puts the Safety of Drinking Water at Risk,"Wildfires, floods, intense heat, droughts, and other extreme events fueled by climate change are threatening water systems in the U.S. and around the globe. Experts warn of the increasing threat of contamination and the need to improve infrastructure to keep …",https://e360.yale.edu/features/climate-change-drinking-water,https://e360.yale.edu/assets/site/Kolkata-Flood-Tap_Getty-HEADER.jpg,https://web.archive.org/web/20250227152939/https://e360.yale.edu/features/climate-change-drinking-water,"On November 8, 2018, a power line dropped into dry grass in the foothills of the Sierra Nevada mountains, north of Sacramento, and ignited the deadliest fire in Californias history. Powerful winds sw… [+11355 chars]",,"Wie der Klimawandel die Sicherheit von Trinkwasser gefährdet. Waldbrände, Überschwemmungen, starke Hitze, Dürren und andere durch den Klimawandel ausgelöste Extremereignisse bedrohen die Wassersysteme in den USA und auf der ganzen Welt. Experten warnen vor der zunehmenden Gefahr der Kontamination und der Notwendigkeit, die Infrastruktur zu verbessern, um …","How Climate Change Puts the Safety of Drinking Water at Risk. Wildfires, floods, intense heat, droughts, and other extreme events fueled by climate change are threatening water systems in the U.S. and around the globe. Experts warn of the increasing threat of contamination and the need to improve infrastructure to keep …","Quomodo Clima Mutationem Salutis potandi aquam in Risk ponit. Ignes, inundationes, aestus intensus, siccitates et aliae extremae eventus, quae a mutatione climatis excitatae sunt, systemata aquarum in Americae et circa orbem minantur. Periti monent minas contagionis increscentes et necessitatem emendandi infrastructuram ad custodiam ...",2026-01-09 04:06:59+00:00
701173290c3b1935dddbf3d3fcee165c,2025-02-28T03:59:53Z,'floods',7news.com.au,en,0.0,Farmers face uncertain future as millions of dollars worth of sugar cane crops destroyed in floods,Farmers face uncertain future as millions of dollars worth of sugar cane crops destroyed in floods7news.com.au,https://7news.com.au/news/farmers-face-uncertain-future-as-millions-of-dollars-worth-of-sugar-cane-crops-destroyed-in-floods--c-17879437,https://images.7news.com.au/publication/C-17879437/e716bdf8f2827e18a6f77bc699652d615d2f40ca-16x9-x0y0w1280h720.jpg?imwidth=1200,https://web.archive.org/web/20250228043855/https://7news.com.au/news/farmers-face-uncertain-future-as-millions-of-dollars-worth-of-sugar-cane-crops-destroyed-in-floods--c-17879437,"Up to $50 million worth of sugar cane crops have been destroyed by recent floods, leaving farmers without a harvest and facing massive financial losses.
Farmers in Ingham, Queensland, now face an un… [+2219 chars]",,"Die Zukunft der Landwirte ist ungewiss, da Zuckerrohranbau im Wert von mehreren Millionen Dollar durch Überschwemmungen zerstört wurde. Landwirte stehen vor einer ungewissen Zukunft, da Zuckerrohrpflanzen im Wert von Millionen Dollar durch Überschwemmungen zerstört wurden7news.com.au",Farmers face uncertain future as millions of dollars worth of sugar cane crops destroyed in floods. Farmers face uncertain future as millions of dollars worth of sugar cane crops destroyed in floods7news.com.au,"Agricolae faciem futuram incertam habent, quod decies centena milia sata cannae in diluviis deleverunt. Agricolae faciem futuram incertam habent, ut decies centena millia dollariorum sata cannae in inundationibus7news.com.au . destruuntur",2026-01-09 04:06:59+00:00
64fb93ee23b52e4d87749fae56a5e3e5,2025-02-28T09:17:38Z,'flooding',www.globalsecurity.org,en,0.0,Rubio accuses China of 'reverse' Opium War via fentanyl,"U.S. Secretary of State Marco Rubio on Wednesday suggested Beijing may be ""deliberately"" flooding America with the synthetic opioid fentanyl, in a ""reverse"" form of the mid-1800s Opium Wars that enfeebled China's international standing.",https://www.globalsecurity.org/wmd/library/news/china/2025/02/china-250227-rfa04.htm,,,"The US secretary of state said Beijing may be 'deliberately' flooding America with the synthetic opioid fentanyl.
By Alex Willemyns2025.02.27
WASHINGTON -- U.S. Secretary of State Marco Rubio on We… [+4532 chars]",,"Rubio wirft China einen „umgekehrten“ Opiumkrieg durch Fentanyl vor. US-Außenminister Marco Rubio schlug am Mittwoch vor, dass Peking Amerika „absichtlich“ mit dem synthetischen Opioid Fentanyl überschwemmen könnte, in einer „umgekehrten“ Form der Opiumkriege Mitte des 19. Jahrhunderts, die Chinas internationales Ansehen schwächten.","Rubio accuses China of 'reverse' Opium War via fentanyl. U.S. Secretary of State Marco Rubio on Wednesday suggested Beijing may be ""deliberately"" flooding America with the synthetic opioid fentanyl, in a ""reverse"" form of the mid-1800s Opium Wars that enfeebled China's international standing.","Rubio Sinas accusat de 'reverse' Opium Bellum per fentanyl. US Secretarius Status Marco Rubio die mercurii suggessit Beijing posse ""de industria"" inundationem Americae cum synthetica fentanyl opioide, in ""reversa"" forma inter medios 1800s Bellorum Opium quae stantem internationalem Sinarum debilitavit.",2026-01-09 04:06:59+00:00
f2079cca6c951054c7a79784d468af31,2025-02-28T12:22:15Z,'flooding buildings',abcnews.go.com,en,0.0,"Cyclone Garance hits French Indian Ocean island of Reunion, residents urged to stay indoors","Tropical Cyclone Garance hit the French Indian Ocean island of Reunion, bringing heavy rain and winds exceeding 200 kilometers per hour (124 mph) that caused floods and damage to buildings",https://abcnews.go.com/International/wireStory/cyclone-garance-hits-french-indian-ocean-island-reunion-119283832,https://i.abcnewsfe.com/a/e509d2fe-042c-4a60-a14b-3f5ddb0123e0/wirestory_d20ddf429639502e67f97089626bc7ec_16x9.jpg?w=1600,https://web.archive.org/web/20250228225123/https://abcnews.go.com/International/wireStory/cyclone-garance-hits-french-indian-ocean-island-reunion-119283832,PARIS -- Residents on the French Indian Ocean island of Reunion were urged to stay at home on Friday as Tropical Cyclone Garance brought heavy rain and winds exceeding 200 kilometers per hour (124 mp… [+1458 chars],,"Zyklon Garance trifft die französische Insel Réunion im Indischen Ozean. Anwohner werden aufgefordert, drinnen zu bleiben. Der tropische Wirbelsturm Garance traf die französische Insel Réunion im Indischen Ozean und brachte starken Regen und Windgeschwindigkeiten von mehr als 200 Stundenkilometern mit sich, die zu Überschwemmungen und Schäden an Gebäuden führten","Cyclone Garance hits French Indian Ocean island of Reunion, residents urged to stay indoors. Tropical Cyclone Garance hit the French Indian Ocean island of Reunion, bringing heavy rain and winds exceeding 200 kilometers per hour (124 mph) that caused floods and damage to buildings","Cyclone Garance insulae Reunionis Oceani Indici Gallici pervenit, incolas ut domesticas manere suasit. Tropical Cyclone Garance Gallicum Indicum Oceanum Reunion insulam percussit, pluvias et ventos graves per horas 200 chiliometrorum ferens, quae inundationes et detrimenta aedificiis intulit.",2026-01-09 04:06:59+00:00
19edb603a1c966be3ed46c56a49ba76e,2025-02-28T16:53:28Z,'deluge',petapixel.com,en,0.0,Viltrox Announces Affordable $176 AF 25mm f/1.7 Air APS-C Lens,"As part of the deluge of gear announced at CP+ this year, Viltrox announced the release of its latest lens, the AF 25mm f/1.7 Air APS-C.
[Read More]",https://petapixel.com/2025/02/28/viltrox-announces-affordable-176-af-25mm-f-1-7-air-aps-c-lens/,https://petapixel.com/assets/uploads/2025/02/Viltrox-25mm-Air-PetaPixel-BG-Lead-Image.jpg,https://web.archive.org/web/20250228200817/https://petapixel.com/2025/02/28/viltrox-announces-affordable-176-af-25mm-f-1-7-air-aps-c-lens/,"As part of the deluge of gear announced at CP+ this year, Viltrox announced the release of its latest lens, the AF 25mm f/1.7 Air APS-C.
Viltrox is known for its high-quality lenses that offer profe… [+2433 chars]",,"Viltrox kündigt erschwingliches AF 25 mm f/1.7 Air APS-C-Objektiv für 176 US-Dollar an. Als Teil der Flut an Ausrüstung, die dieses Jahr auf der CP+ angekündigt wurde, kündigte Viltrox die Veröffentlichung seines neuesten Objektivs an, des AF 25mm f/1.7 Air APS-C.
[Mehr lesen]","Viltrox Announces Affordable $176 AF 25mm f/1.7 Air APS-C Lens. As part of the deluge of gear announced at CP+ this year, Viltrox announced the release of its latest lens, the AF 25mm f/1.7 Air APS-C.
[Read More]","Viltrox Annunciat PROBabilem $176 AF 25mm f/1.7 Air APS-C Lens. Cum pars diluvii calces in CP+ hoc anno nuntiata est, Viltrox lens ultimam emissionem denuntiavit, AF 25mm f/1.7 Air APS-C.
[Read More]",2026-01-09 04:06:59+00:00
1f52c103381eec2145bfa6fc5d37843d,2025-02-28T23:36:57Z,'flooding area',www.cbc.ca,en,0.0,Vancouver sewer mystery: Why did a pipe that was supposed to last 100 years burst after 26?,"The pipe that burst in the Terminal Avenue and Main Street area is identical to the one that broke in Olympic Village last year, flooding the neighbourhood with sewage.",https://www.cbc.ca/news/canada/british-columbia/vancouver-burst-pipe-myster-1.7471663,https://i.cbc.ca/1.7472074.1740781364!/cumulusImage/httpImage/image.jpg_gen/derivatives/16x9_1180/water-pipe.jpg?im=Resize%3D620,,"The good news is work on a broken sewer main that has throttled traffic on one of Vancouver's busiest roadways is winding down for the time being.
The bad news is the burst pipe under Terminal Avenu… [+1711 chars]",,"Rätsel um die Kanalisation von Vancouver: Warum ist ein Rohr, das 100 Jahre halten sollte, nach 26 Jahren geplatzt? Das Rohr, das im Bereich Terminal Avenue und Main Street geplatzt ist, ist identisch mit dem, das letztes Jahr im Olympischen Dorf gebrochen ist und das Viertel mit Abwasser überschwemmt hat.","Vancouver sewer mystery: Why did a pipe that was supposed to last 100 years burst after 26?. The pipe that burst in the Terminal Avenue and Main Street area is identical to the one that broke in Olympic Village last year, flooding the neighbourhood with sewage.","Vancuverium cloaca mysterii: Cur fistula putabatur centum annis post 26? Tibia, quae in Avenue Terminali et in Platea Area erupit, idem est cum illo qui anno superiore in Olympic Villa erupit, viciniam purgamentorum inundans.",2026-01-09 04:06:59+00:00
6a683d10f53dbcd7b3fac6089c713338,2025-02-01T22:23:42Z,'flooding rain',7news.com.au,en,0.9,‘Take shelter now’: New alerts issued for flood in north Queensland,"Communities are dealing with both flash flooding from rain, and from major riverine systems overflowing.",https://7news.com.au/news/take-shelter-now-new-alerts-issued-for-flood-in-north-queensland-c-17585662,https://images.7news.com.au/publication/C-17585662/3e58c67876a029a08d0aaffdeab2ed409a41cc25-16x9-x0y254w4928h2772.jpg?imwidth=1200,http://web.archive.org/web/20250202010816/https://7news.com.au/news/take-shelter-now-new-alerts-issued-for-flood-in-north-queensland-c-17585662,"Widespread rainfall fuelled by tropical lows around north Queensland has led to warnings of dangerous and life-threatening flooding after a days-long deluge.
Heavy rain continues to impact areas of … [+2968 chars]",,„Suchen Sie jetzt Schutz“: Neue Warnungen wegen Überschwemmung im Norden von Queensland. Gemeinden sind sowohl mit Sturzfluten aufgrund von Regen als auch mit Überschwemmungen großer Flusssysteme konfrontiert.,"‘Take shelter now’: New alerts issued for flood in north Queensland. Communities are dealing with both flash flooding from rain, and from major riverine systems overflowing.",'Nunc tutamini': novae erectiones pro diluvio editae in Queenslandia septentrionali. Communitates tractant de inundatione pluviarum et de majoribus systematibus fluvialibus inundantibus.,2026-02-08 04:06:59+00:00
75ac4b559b2126c3e7448c6cce66d50b,2025-02-14T19:09:51Z,veryUnusualAndNeverUsedKeyword,dailycaller.com,en,0.7,JD Vance Berates Europe For Allowing ‘Appalling Setbacks’ Caused By ‘Unvetted Migrants’ Flooding Continent,"Vice President J.D. Vance criticized European world leaders Friday for allowing their citizens to suffer from ""appalling setbacks"" caused by mass migration.",https://dailycaller.com/2025/02/14/jd-vance-europe-munich-security-conference-mass-migration/,https://cdn01.dailycaller.com/wp-content/uploads/2025/02/Screenshot-2025-02-14-at-1.35.05%e2%80%afPM-e1739558169545.png,,Vice President J.D. Vance criticized European world leaders Friday for allowing their citizens to suffer from “appalling setbacks” caused by mass migration throughout the continent during his speech … [+4060 chars],,"JD Vance beschimpft Europa, weil es „entsetzliche Rückschläge“ zugelassen hat, die durch die Überschwemmung des Kontinents durch „ungeprüfte Migranten“ verursacht wurden. Vizepräsident J.D. Vance kritisierte am Freitag die europäischen Staats- und Regierungschefs dafür, dass sie zuließen, dass ihre Bürger unter „entsetzlichen Rückschlägen“ leiden, die durch die Massenmigration verursacht wurden.","JD Vance Berates Europe For Allowing ‘Appalling Setbacks’ Caused By ‘Unvetted Migrants’ Flooding Continent. Vice President J.D. Vance criticized European world leaders Friday for allowing their citizens to suffer from ""appalling setbacks"" caused by mass migration.","JD Vance Berates Europa For Licendo 'Appalling Incommodis' Causa A 'Unvetted Migrantes' Flooding Continent. Vice Praeses J.D. Vance reprehendit duces mundi Europaei Veneris ad sino cives suos pati ""incommodis horrendis"" causa migrationis massis.",2026-02-08 07:04:30+00:00
ec7f4b0a67436af2dea48f47d42485f0,2025-02-02T08:16:55Z,'floods',www.cnn.com,en,0.9,"One dead, thousands evacuated as northeast Australia battles massive floods | CNN",One person has died and thousands of others are under evacuation orders in Australia’s northeast after intense rain triggered dangerous flash floods that have inundated homes and businesses.,https://www.cnn.com/2025/02/02/australia/queensland-townsville-floods-climate-intl-hnk/index.html,"https://media.cnn.com/api/v1/images/stellar/prod/screenshot-2025-02-02-at-3-22-56-am.jpg?c=16x9&q=w_800,c_fill",http://web.archive.org/web/20250203111356/https://www.cnn.com/2025/02/02/australia/queensland-townsville-floods-climate-intl-hnk/index.html,"One person has died and thousands of others are under evacuation orders in Australias northeast after intense rain triggered dangerous flash floods that have inundated homes and businesses.
Flooding… [+3010 chars]",,"Ein Toter, Tausende evakuiert, während Nordostaustralien mit massiven Überschwemmungen zu kämpfen hat | CNN. Im Nordosten Australiens ist eine Person gestorben und Tausende weitere stehen unter Evakuierungsbefehl, nachdem heftige Regenfälle gefährliche Sturzfluten ausgelöst hatten, die Häuser und Unternehmen überschwemmt hatten.","One dead, thousands evacuated as northeast Australia battles massive floods | CNN. One person has died and thousands of others are under evacuation orders in Australia’s northeast after intense rain triggered dangerous flash floods that have inundated homes and businesses.","Mortuus est, mille cedentes ad septentriones proeliis ingentes inundationes Australiae | Rhoncus. Unus homo decessit et milia aliorum sub euacuatione ordinum in Australia septentrionali postquam vehementem imbrem urguebant periculosas inundationes fulgurationes, quae domos et negotia inundaverunt.",2026-02-08 07:04:30+00:00
e2e24ba7356475fa98bdbda903621f44,2025-02-02T23:49:29Z,veryUnusualAndNeverUsedKeyword,www.crikey.com.au,en,0.9,"What’s driving north Queensland’s deadly, record-breaking floods?","More extreme rainfall and higher frequencies of flooded rivers and flash floods around the world have a clear link to climate change and ongoing global heating.
The post What’s driving north Queensland’s deadly, record-breaking floods? appeared first on Crike…",https://www.crikey.com.au/2025/02/03/queensland-floods-2025-climate-change/,https://www.crikey.com.au/wp-content/uploads/2025/02/20250201112330037407-original.jpg?quality=70,http://web.archive.org/web/20250207164120/https://www.crikey.com.au/2025/02/03/queensland-floods-2025-climate-change/,"Record-breaking floods across north Queensland have now turned deadly, with one woman drowning while being rescued on Sunday morning. And the floodwaters are still rising, with rain set to continue.… [+5479 chars]",,"Was treibt die tödlichen, rekordverdächtigen Überschwemmungen im Norden von Queensland an? Extremere Regenfälle und häufigere Überschwemmungen von Flüssen und Sturzfluten auf der ganzen Welt stehen in eindeutigem Zusammenhang mit dem Klimawandel und der anhaltenden globalen Erwärmung.
Der Beitrag Was treibt die tödlichen, rekordverdächtigen Überschwemmungen im Norden Queenslands an? erschien zuerst auf Crike…","What’s driving north Queensland’s deadly, record-breaking floods?. More extreme rainfall and higher frequencies of flooded rivers and flash floods around the world have a clear link to climate change and ongoing global heating.
The post What’s driving north Queensland’s deadly, record-breaking floods? appeared first on Crike…","Quid suus 'funesta's reginae septentrionalis, record-fractionis? Plures pluviae extremae et frequentiae altiorum fluminum inundatorum et inundationum circa mundum fulgentium claram nexum habent cum mutatione climatis et calefactione globali permanenti.
Postes Quid suus 'funesta's reginae septentrionalis, inundationes record-fracti? apparuit primum in Crike ...",2026-02-08 07:04:30+00:00
81c10d990d230e12febf5913dcb4f53c,2025-02-03T12:51:04Z,'flooding',www.yahoo.com,en,0.9,6 Months Of Rain In 3 Days: Deadly Floods In Australia,Thousands of people across northeastern Australia have been forced out of their homes by historic flooding and the rain is not over. The flooding turned...,https://www.yahoo.com/news/6-months-rain-3-days-125104526.html,https://s.yimg.com/ny/api/res/1.2/kc95KsEl9hw6ripZS.xIbg--/YXBwaWQ9aGlnaGxhbmRlcjt3PTEyMDA7aD02NzU-/https://media.zenfs.com/en/the_weather_channel_videos_110/38f35566b12f04eec5c808319ea1c45b,http://web.archive.org/web/20250205001110/https://www.yahoo.com/news/6-months-rain-3-days-125104526.html,Thousands of people across northeastern Australia have been forced out of their homes by historic flooding and the rain is not over. The flooding turned deadly in Queensland on Sunday. Watch this vid… [+17 chars],,6 Monate Regen in 3 Tagen: Tödliche Überschwemmungen in Australien. Tausende Menschen im Nordosten Australiens wurden durch historische Überschwemmungen aus ihren Häusern vertrieben und der Regen ist noch nicht vorbei. Die Überschwemmung wendete...,6 Months Of Rain In 3 Days: Deadly Floods In Australia. Thousands of people across northeastern Australia have been forced out of their homes by historic flooding and the rain is not over. The flooding turned...,VI menses Partialiter Nubila in 3 diebus: Mortuus inundationes in Australia. Milia hominum per Australiam septentrionalem e sedibus historicis inundatione pulsi sunt et pluvia non finita est. Inundatio vertitur...,2026-02-08 07:04:30+00:00
e676d4aeb9bc790b4722109bccae01a9,2025-02-16T22:28:03Z,veryUnusualAndNeverUsedKeyword,www.abc.net.au,en,0.9,Reprieve for North Queensland as flooding and heatwave ease,"After a long stretch of extreme weather conditions in flood-ravaged North Queensland have eased, paving the way for a ""clearer and calmer"" outlook this week.",https://www.abc.net.au/news/2025-02-17/queensland-weather-forecast-rain-heat-flooding/104943192,https://live-production.wcms.abc-cdn.net.au/e216e26e9cc93f30480d50e77ef9348c?impolicy=wcms_watermark_news&cropH=572&cropW=1017&xPos=0&yPos=80&width=862&height=485&imformat=generic,http://web.archive.org/web/20250216231920/https://www.abc.net.au/news/2025-02-17/queensland-weather-forecast-rain-heat-flooding/104943192,"After a long stretch of extreme weather conditions in flood-ravaged North Queensland have eased, paving the way for a ""clearer and calmer"" outlook this week.
A major flood warning remains in place f… [+2833 chars]",,"Gnadenfrist für Nord-Queensland, da Überschwemmungen und Hitzewellen nachlassen. Nach einer langen Phase extremer Wetterbedingungen im von Überschwemmungen heimgesuchten Norden von Queensland haben sich die Bedingungen abgeschwächt und ebnen den Weg für „klarere und ruhigere“ Aussichten in dieser Woche.","Reprieve for North Queensland as flooding and heatwave ease. After a long stretch of extreme weather conditions in flood-ravaged North Queensland have eased, paving the way for a ""clearer and calmer"" outlook this week.","Reginae Septentrionalis quasi inundationem et aestus otium leva. Post longum spatium tempestatum extremarum in diluvio vastato Reginae Septentrionali remissio facta est, viam sternens prospectus ""clarior et lenior"" hac hebdomade.",2026-02-08 07:04:30+00:00
8035b78530febbaad19c71f7b30d8db6,2025-02-20T17:28:42Z,'flooding',www.euractiv.com,en,0.9,EU seeks alliance with US against Chinese ‘overcapacities’ to avoid Trump tariffs,The EU’s trade chief proposes to work with the US to keep Chinese steel from flooding both sensitive markets as an alternative to a tariff-fuelled trade war.,https://www.euractiv.com/section/economy-jobs/news/eu-seeks-alliance-with-us-against-chinese-overcapacities-to-avoid-trump-tariffs/,https://www.euractiv.com/wp-content/uploads/sites/2/2025/02/12814631.jpg,http://web.archive.org/web/20250220203627/https://www.euractiv.com/section/economy-jobs/news/eu-seeks-alliance-with-us-against-chinese-overcapacities-to-avoid-trump-tariffs/,"Europe could ally with the United States to combat Chinese overcapacities as an alternative to conflict over US President Donald Trumps threatened duties on steel and aluminium, the blocs trade chief… [+3413 chars]",,"Die EU strebt ein Bündnis mit den USA gegen chinesische „Überkapazitäten“ an, um Trump-Zölle zu vermeiden. Als Alternative zu einem durch Zölle angeheizten Handelskrieg schlägt der EU-Handelsminister vor, mit den USA zusammenzuarbeiten, um zu verhindern, dass chinesischer Stahl beide sensiblen Märkte überschwemmt.",EU seeks alliance with US against Chinese ‘overcapacities’ to avoid Trump tariffs. The EU’s trade chief proposes to work with the US to keep Chinese steel from flooding both sensitive markets as an alternative to a tariff-fuelled trade war.,UE societatem cum US contra Sinenses quaerit 'overcapacitates' ad cavendum tariffas Trump. Praecipua negotiatio EU cum US ad servandum chalybem Sinensem ab inundatione tam sensibilium mercatus ut jocus belli commercii tariff-fuled.,2026-02-08 07:04:30+00:00
