index,published,keyword,domain,language,valid,title,description,url,image,archive,content,quote,de,en,la,added
d8cc976cfe32d1f67f1e61fdf1697620,2025-11-01T13:29:19Z,'deluge',biztoc.com,en,0.0,"JD Vance Dresses As His Own Meme, Sparks Meme Avalanche",Halloween posts from the Vice President led to a deluge of memes across social media.,https://biztoc.com/x/3e630012b9b1d92e,https://biztoc.com/cdn/950/og.png,,"Halloween posts from the Vice President led to a deluge of memes across social media.
This story appeared on newsweek.com, 2025-11-01 13:26:12.",,JD Vance verkleidet sich als sein eigenes Meme und löst eine Meme-Lawine aus. Halloween-Posts des Vizepräsidenten führten zu einer Flut von Memes in den sozialen Medien.,"JD Vance Dresses As His Own Meme, Sparks Meme Avalanche. Halloween posts from the Vice President led to a deluge of memes across social media.","JD Vance Dresss As His Own Meme, Scintillae Meme Avalanche. Praeses Halloween a Vice Praeses ad diluvium per media socialia media duxit.",2025-10-21 18:42:08+00:00
5d3e78fb578262e31467e9cf64ce7dd2,2025-11-01T15:00:00Z,'deluge',me.pcmag.com,en,0.0,Don't Miss Out: 8 Big Video Game Releases You'll Want to Play in November,"Call of Duty: Black Ops 7, Hyrule Warriors: Age of Imprisonment, and Kirby Air Riders are just three of the hottest video games launching this month.
The video game deluge continues into November, bringing a fresh batch of must-play titles across all major pl…",https://me.pcmag.com/en/games/33226/dont-miss-out-8-big-video-game-releases-youll-want-to-play-in-november,https://sm.pcmag.com/t/pcmag_me/news/d/dont-miss-/dont-miss-out-8-big-video-game-releases-youll-want-to-play-i_4ypw.1200.jpg,,"The video game deluge continues into November, bringing a fresh batch of must-play titles across all major platforms: the shiny new Nintendo Switch 2, PC, PlayStation 5, and Xbox Series X/S. Sate you… [+4766 chars]",,"Nicht verpassen: 8 große Videospielveröffentlichungen, die Sie im November spielen möchten. Call of Duty: Black Ops 7, Hyrule Warriors: Age of Imprisonment und Kirby Air Riders sind nur drei der heißesten Videospiele, die diesen Monat auf den Markt kommen.
Die Flut an Videospielen hält bis in den November hinein an und bringt eine neue Ladung Must-Play-Titel für alle wichtigen Spiele hervor.","Don't Miss Out: 8 Big Video Game Releases You'll Want to Play in November. Call of Duty: Black Ops 7, Hyrule Warriors: Age of Imprisonment, and Kirby Air Riders are just three of the hottest video games launching this month.
The video game deluge continues into November, bringing a fresh batch of must-play titles across all major pl…","Ne deesset: 8 Big Video Game Releases You'll Want to Play in November. Vocatum Pietatis: Niger Opis 7, Hyrule Bellatores: Aetas incarcerationis, et Kirby Air ascensores tres tantum sunt ludi calidissimi video ludos hoc mense deducentes.
Ludus vide diluvium pergit in Novembrem, afferens novam massam de musti fabularum titulis per omnes maiores pl…",2025-10-21 18:42:08+00:00
316f3c1aedc95a1f8685c6608d2e27f3,2025-11-01T15:00:00Z,'deluge',uk.pcmag.com,en,0.0,Don't Miss Out: 8 Big Video Game Releases You'll Want to Play in November,"Call of Duty: Black Ops 7, Hyrule Warriors: Age of Imprisonment, and Kirby Air Riders are just three of the hottest video games launching this month.
The video game deluge continues into November, bringing a fresh batch of must-play titles across all major pl…",https://uk.pcmag.com/games/161040/dont-miss-out-8-big-video-game-releases-youll-want-to-play-in-november,https://sm.pcmag.com/t/pcmag_uk/news/d/dont-miss-/dont-miss-out-8-big-video-game-releases-youll-want-to-play-i_5zau.1200.jpg,,"The video game deluge continues into November, bringing a fresh batch of must-play titles across all major platforms: the shiny new Nintendo Switch 2, PC, PlayStation 5, and Xbox Series X/S. Sate you… [+4766 chars]",,"Nicht verpassen: 8 große Videospielveröffentlichungen, die Sie im November spielen möchten. Call of Duty: Black Ops 7, Hyrule Warriors: Age of Imprisonment und Kirby Air Riders sind nur drei der heißesten Videospiele, die diesen Monat auf den Markt kommen.
Die Flut an Videospielen hält bis in den November hinein an und bringt eine neue Ladung Must-Play-Titel für alle wichtigen Spiele hervor.","Don't Miss Out: 8 Big Video Game Releases You'll Want to Play in November. Call of Duty: Black Ops 7, Hyrule Warriors: Age of Imprisonment, and Kirby Air Riders are just three of the hottest video games launching this month.
The video game deluge continues into November, bringing a fresh batch of must-play titles across all major pl…","Ne deesset: 8 Big Video Game Releases You'll Want to Play in November. Vocatum Pietatis: Niger Opis 7, Hyrule Bellatores: Aetas incarcerationis, et Kirby Air ascensores tres tantum sunt ludi calidissimi video ludos hoc mense deducentes.
Ludus vide diluvium pergit in Novembrem, afferens novam massam de musti fabularum titulis per omnes maiores pl…",2025-10-21 18:42:08+00:00
42b2a85013dbe9e2bf8f04db2ae933b7,2025-11-01T16:53:00Z,'flooding',gothamist.com,en,0.0,Victims of NYC storm were handymen who helped around their buildings,"The basement apartment where Aaron Akaberi died during heavy rain.
 

Juan Carlos Montoya Hernandez died attempting to perform electrical repairs during the storm. Aaron Akaberi died trying to rescue his pit bull from a flooding apartment. [ more › ]",https://gothamist.com/news/victims-of-nyc-storm-were-handymen-who-helped-around-their-buildings,https://api-prod.gothamist.com/images/353928/fill-1200x650|format-webp|webpquality-85/,,"The two men who died in flooded basements as intense rain pounded New York City on Thursday were handymen in their respective buildings familiar faces who could be called on to help out in a pinch, r… [+5047 chars]",,"Opfer des Sturms in New York waren Handwerker, die in ihren Gebäuden halfen. Die Kellerwohnung, in der Aaron Akaberi bei starkem Regen starb.
 

Juan Carlos Montoya Hernandez starb bei dem Versuch, während des Sturms elektrische Reparaturen durchzuführen. Aaron Akaberi starb beim Versuch, seinen Pitbull aus einer überschwemmten Wohnung zu retten. [ mehr > ]","Victims of NYC storm were handymen who helped around their buildings. The basement apartment where Aaron Akaberi died during heavy rain.
 

Juan Carlos Montoya Hernandez died attempting to perform electrical repairs during the storm. Aaron Akaberi died trying to rescue his pit bull from a flooding apartment. [ more › ]","Victimae NYC tempestatis erant handymen qui circa aedificia sua adiuverunt. FUNDAMENTUM cubiculi ubi Aaron Akaberi in gravibus pluvia mortuus est.
 

Ioannes Carlos Montoya Hernandez mortuus est conatus electricas reparationes in tempestate conficere. Aaron Akaberi mortuus est, ut e conclavi inundanti taurum foveam suam eriperet. [ magis ]",2025-10-21 18:42:08+00:00
6fb69d41f2e1eb6adb98328aecdd8341,2025-11-02T04:17:20Z,'flooding',www.digitaljournal.com,en,0.0,Vietnam flood death toll rises to 35: disaster agency,"Record heavy rains and flooding in central Vietnam this week have killed 35 people, disaster management officials said Sunday, with five more still missing in the deluge. Heavy rain has pummelled Vietnam’s coastal provinces since last weekend, with a record o…",https://www.digitaljournal.com/world/vietnam-flood-death-toll-rises-to-35-disaster-agency/article,https://www.digitaljournal.com/wp-content/uploads/2025/11/de8711673529da2d34bbbca0ce226764fc1256c2.jpg,,"Floodwaters inundating streets and buildings following heavy rains in Hoi An on October 30, 2025 - Copyright AFP NHAC NGUYEN
Record heavy rains and flooding in central Vietnam this week have killed … [+854 chars]",,"Zahl der Todesopfer bei Überschwemmungen in Vietnam steigt auf 35: Katastrophenschutzbehörde. Rekordschwere Regenfälle und Überschwemmungen in Zentralvietnam haben diese Woche 35 Menschen getötet, teilten Beamte des Katastrophenschutzes am Sonntag mit, fünf weitere werden in der Flut noch vermisst. Seit letztem Wochenende haben heftige Regenfälle Vietnams Küstenprovinzen heimgesucht, mit einer Rekordzahl von …","Vietnam flood death toll rises to 35: disaster agency. Record heavy rains and flooding in central Vietnam this week have killed 35 people, disaster management officials said Sunday, with five more still missing in the deluge. Heavy rain has pummelled Vietnam’s coastal provinces since last weekend, with a record o…","Vietnam inundatio mortuorum exoritur 35: calamitatis procuratio. Commemorare pluvias et inundationes in media Vietnamia hac septimana 35 homines occiderunt, officiales calamitatis administrationis die Dominico dixerunt, cum quinque adhuc in diluvio desunt. Imbribus gravis inlisit provincias maritimas Vietnam ab ultima volutpat vestibulum, cum record o…",2025-10-21 18:42:08+00:00
d78abf15b984e5afe85af92dfcd3cb47,2025-11-03T02:05:07Z,'deluge',timesofindia.indiatimes.com,en,0.0,"IPO deluge: Four new-age cos set to raise over 20,000 crore in November","India Business News: MUMBAI: It's a busy Nov for startups on Dalal Street. Lenskart, Groww, Pine Labs and PhysicsWallah, all of which are headed for listing on the bourses.",https://timesofindia.indiatimes.com/business/india-business/ipo-deluge-four-new-age-cos-set-to-raise-over-20000-crore-in-november/articleshow/125044816.cms,"https://static.toiimg.com/thumb/msid-125044847,width-1070,height-580,imgsize-988162,resizemode-75,overlay-toi_sw,pt-32,y_pad-40/photo.jpg",,EMI CalculatorDetermine the monthly installment amount for a loan,,"IPO-Flut: Vier New-Age-Unternehmen wollen im November über 20.000 Crore aufbringen. India Business News: MUMBAI: Es ist ein geschäftiger November für Start-ups in der Dalal Street. Lenskart, Groww, Pine Labs und PhysicsWallah, die alle auf dem Weg zur Börsennotierung sind.","IPO deluge: Four new-age cos set to raise over 20,000 crore in November. India Business News: MUMBAI: It's a busy Nov for startups on Dalal Street. Lenskart, Groww, Pine Labs and PhysicsWallah, all of which are headed for listing on the bourses.","IPO diluvium: quattuor aetatis novae cos, ut supra decem milia crore mense Novembri suscitarent. India Negotiatio News: MUMBAI: Novus occupatus est pro startups in Dalal Vico. Lenskart, Groww, Pinus Labs et PhysicsWallah, quae omnia ad enumerationem in scapulas tenduntur.",2025-10-21 18:42:08+00:00
6563f8343893edcf4f0f634c52890889,2025-11-03T09:00:55Z,'deluge',www.pymnts.com,en,0.0,CE 100 Index Sinks 2.5% Despite Big Tech’s Earnings Bump,"Earnings season was the dominant force this past week, and Big Tech dominated the deluge of quarterly reports. By and large, the performance of the majority of pillars in the CE 100 Index was to the downside, as the overall index slipped 2.5%. The Live pillar…",https://www.pymnts.com/connectedeconomy/2025/ce-100-index-sinks-2-5-despite-big-techs-earnings-bump/,https://www.pymnts.com/wp-content/uploads/2025/11/CE-100-Index-1103.jpg,,"Earnings season was the dominant force this past week, and Big Tech dominated the deluge of quarterly reports.By and large, the performance of the majority of pillars in the CE 100 Index was to the d… [+5279 chars]",,"Der CE 100-Index sinkt trotz des Gewinnanstiegs von Big Tech um 2,5 %. Die Gewinnsaison war in der vergangenen Woche die dominierende Kraft, und Big Tech dominierte die Flut an Quartalsberichten. Im Großen und Ganzen war die Performance der meisten Säulen des CE 100-Index negativ, da der Gesamtindex um 2,5 % nachgab. Die Live-Säule…","CE 100 Index Sinks 2.5% Despite Big Tech’s Earnings Bump. Earnings season was the dominant force this past week, and Big Tech dominated the deluge of quarterly reports. By and large, the performance of the majority of pillars in the CE 100 Index was to the downside, as the overall index slipped 2.5%. The Live pillar…","CE 100 Index Sinks 2.5% Quamvis Big Tech CAPTURA bump. Merces temporum dominans vim hanc hebdomadam revolutam erat, et Big Tech diluvium quarteriorum relationum dominatus est. Per et latum, in CE C Index pluribus columnis ad declivem erat faciendum, ut index supremus defluxit 2.5%. Vivamus columna.",2025-10-21 18:42:08+00:00
038fe52518329422ce459110ec02cc4d,2025-11-03T09:51:36Z,'deluge',biztoc.com,en,0.0,CE 100 Index Sinks 2.5% Despite Big Tech’s Earnings Bump,"Earnings season was the dominant force this past week, and Big Tech dominated the deluge of quarterly reports.
 
 
 
 
By and large, the performance of the majority of pillars in the CE 100 Index was to the downside, as the overall index slipped 2.5%.
The Liv…",https://biztoc.com/x/5090a15f4d313d25,https://biztoc.com/cdn/950/og.png,,"Earnings season was the dominant force this past week, and Big Tech dominated the deluge of quarterly reports.
By and large, the performance of the majority of pillars in the CE 100 Index was to the… [+131 chars]",,"Der CE 100-Index sinkt trotz des Gewinnanstiegs von Big Tech um 2,5 %. Die Gewinnsaison war in der vergangenen Woche die dominierende Kraft, und Big Tech dominierte die Flut an Quartalsberichten.
 
 
 
 
Im Großen und Ganzen war die Performance der meisten Säulen des CE 100-Index negativ, da der Gesamtindex um 2,5 % nachgab.
Das Leben…","CE 100 Index Sinks 2.5% Despite Big Tech’s Earnings Bump. Earnings season was the dominant force this past week, and Big Tech dominated the deluge of quarterly reports.
 
 
 
 
By and large, the performance of the majority of pillars in the CE 100 Index was to the downside, as the overall index slipped 2.5%.
The Liv…","CE 100 Index Sinks 2.5% Quamvis Big Tech CAPTURA bump. Merces temporum dominans vim hanc hebdomadam revolutam erat, et Big Tech diluvium quarteriorum relationum dominatus est.
 
 
 
 
Per et latum, in CE C Index pluribus columnis ad declivem erat faciendum, ut index supremus defluxit 2.5%.
The Liv…",2025-10-21 18:42:08+00:00
04f0474477db93593ae7a472dfefe033,2025-11-03T10:00:10Z,'floods',www.yahoo.com,en,0.0,Vietnam flood death toll rises to 37 as a new typhoon threatens to worsen devastation,"Rescuers and aid workers in central Vietnam raced to reach isolated area that were battered by floods and landslides, killing at least 37 people, as another ...",https://www.yahoo.com/news/articles/vietnam-flood-death-toll-rises-100010228.html,https://s.yimg.com/ny/api/res/1.2/qQEJqmOK3g1KMOk7vNq8nw--/YXBwaWQ9aGlnaGxhbmRlcjt3PTEyMDA7aD04MTE7Y2Y9d2VicA--/https://media.zenfs.com/en/ap.org/adf6d9a56c1e1ba89c07b3d64fc0a401,,"HANOI, Vietnam (AP) Rescuers and aid workers in central Vietnam raced to reach isolated area that were battered by floods and landslides, killing at least 37 people, as another typhoon was on track t… [+2502 chars]",,"Die Zahl der Todesopfer bei Überschwemmungen in Vietnam steigt auf 37, da ein neuer Taifun droht, die Verwüstung zu verschlimmern. Retter und Helfer in Zentralvietnam rannten los, um abgelegene Gebiete zu erreichen, die von Überschwemmungen und Erdrutschen heimgesucht wurden, wobei mindestens 37 Menschen ums Leben kamen, wie ein weiterer ...","Vietnam flood death toll rises to 37 as a new typhoon threatens to worsen devastation. Rescuers and aid workers in central Vietnam raced to reach isolated area that were battered by floods and landslides, killing at least 37 people, as another ...","Vietnam inundatio mortis vectigal surgit 37 ut novum typhonum vastitati peiori minatur. Reservatores et adiutores operarii in media Vietnam currerunt ut ad aream solitariam perveniret quae inundationibus et proruit, occisio saltem 37 hominum, sicut alius .. .",2025-10-21 18:42:08+00:00
82e9119b5123811cd9bb0f0c02b58231,2025-11-03T10:21:41Z,'flooding death',abcnews.go.com,en,0.0,Vietnam flood death toll rises to 37 as a new typhoon threatens to worsen devastation,Rescuers and aid workers in central Vietnam are racing to reach isolated areas hit by floods and landslides,https://abcnews.go.com/International/wireStory/vietnam-flood-death-toll-rises-37-new-typhoon-127124725,https://i.abcnewsfe.com/a/41aa2681-f82a-468c-b37c-619a73a4db02/wirestory_1d0f0ed7931f6e06a3d5b63375d25eaa_16x9.jpg?w=1600,,"HANOI, Vietnam -- Rescuers and aid workers in central Vietnam raced to reach isolated area that were battered by floods and landslides, killing at least 37 people, as another typhoon was on track to … [+2504 chars]",,"Die Zahl der Todesopfer bei Überschwemmungen in Vietnam steigt auf 37, da ein neuer Taifun droht, die Verwüstung zu verschlimmern. Retter und Helfer in Zentralvietnam sind auf der Suche nach abgelegenen Gebieten, die von Überschwemmungen und Erdrutschen heimgesucht wurden",Vietnam flood death toll rises to 37 as a new typhoon threatens to worsen devastation. Rescuers and aid workers in central Vietnam are racing to reach isolated areas hit by floods and landslides,Vietnam inundatio mortis vectigal surgit 37 ut novum typhonum vastitati peiori minatur. Rescuers et adiutores opifices in media Vietnam currunt ad seiunctis locis ictus inundationes et proruit,2025-10-21 18:42:08+00:00
5af935b848d64e5a0c31261afd064a8b,2025-11-03T10:50:46Z,'floods',www.abc.net.au,en,0.0,Leader of Spain's Valencia region resigns over handling of 2024's deadly floods,"The flash floods hit Spain's south-eastern regions on October 29, 2024, killing 229 people.",https://www.abc.net.au/news/2025-11-03/valencia-leader-resigns-carlos-mazon-floods/105967614,https://live-production.wcms.abc-cdn.net.au/c59b7455dcc2a948206c0bb26e588df8?impolicy=wcms_watermark_news&cropH=2813&cropW=5000&xPos=0&yPos=260&width=862&height=485&imformat=generic,,"The leader of Spain's Valencia region, Carlos Mazon, is resigning over his administration's handling of last year's catastrophic floods. 
The flash floods hit Spain's south-eastern regions on Octobe… [+2675 chars]",,Vorsitzender der spanischen Region Valencia tritt wegen der Bewältigung der tödlichen Überschwemmungen im Jahr 2024 zurück. Die Sturzfluten trafen am 29. Oktober 2024 die südöstlichen Regionen Spaniens und forderten 229 Todesopfer.,"Leader of Spain's Valencia region resigns over handling of 2024's deadly floods. The flash floods hit Spain's south-eastern regions on October 29, 2024, killing 229 people.","Dux Hispaniae regionem Valentiam remittit super inundationes mortiferos 2024 tractandas. Inundationes fulgurum Hispaniae regiones meridionales-orientales die 29 Octobris 2024 feriunt, occisis 229 hominibus.",2025-10-21 18:42:08+00:00
f32cb5003528d53e76dc74efe7f458e2,2025-11-04T18:33:09Z,'floods',economictimes.indiatimes.com,en,0.0,$125 billion in 5 days: Fed quietly floods banks with cash again — what’s going on?,"Fed just poured $125 billion into U.S. banks over five days. October 31 saw the biggest hit — $29.4 billion in one day. Banks swapped Treasuries for cash to ease funding stress. Bank reserves are at the lowest in four years, just $2.8 trillion. Fed Chair Powe…",https://economictimes.indiatimes.com/news/international/us/125-billion-in-5-days-fed-quietly-injects-125-billion-into-u-s-banks-whats-going-on/articleshow/125092745.cms,"https://img.etimg.com/thumb/msid-125094084,width-1200,height-630,imgsize-135970,overlay-economictimes/articleshow.jpg",,"Federal Reserve quietly pumped $125 billion into the U.S. banking system over five days, marking its largest short-term liquidity move since the 2020 COVID-19 crisis. On October 31 alone, the Fed inj… [+8421 chars]",,"125 Milliarden US-Dollar in 5 Tagen: Die Fed überschwemmt die Banken wieder still und leise mit Bargeld – was ist los? Die Fed hat gerade innerhalb von fünf Tagen 125 Milliarden US-Dollar in US-Banken gepumpt. Am 31. Oktober kam es zu dem größten Einbruch: 29,4 Milliarden US-Dollar an einem Tag. Banken tauschten Staatsanleihen gegen Bargeld, um den Finanzierungsstress zu lindern. Die Bankreserven sind mit nur 2,8 Billionen US-Dollar auf dem niedrigsten Stand seit vier Jahren. Macht des Fed-Vorsitzenden…","$125 billion in 5 days: Fed quietly floods banks with cash again — what’s going on?. Fed just poured $125 billion into U.S. banks over five days. October 31 saw the biggest hit — $29.4 billion in one day. Banks swapped Treasuries for cash to ease funding stress. Bank reserves are at the lowest in four years, just $2.8 trillion. Fed Chair Powe…","$125 miliardis in 5 diebus: Fed quiete ripas inundationes cum nummis iterum - quid agitur? Aluit sicut $ CXXV miliarda in ripas US super quinque dies effudit. October 31 vidit maximam hit - $29.4 miliarda in uno die. Ripae thesauris involutae sunt pecuniae ad faciliorem sumptu innixi. Subsidiaria Argentaria in quattuor annis infimo sunt, sicut $2.8 trillion. Pavit Cathedra Powe…",2025-10-21 18:42:08+00:00
1b419c823c70c142bd1a1bfe98760f49,2025-11-06T07:00:33Z,'deluge',biztoc.com,en,0.0,"FTSE 100 Live: Stocks and Pound Muted Ahead of BOE, Earnings Deluge",,https://biztoc.com/x/4309e104de079f88,https://biztoc.com/cdn/4309e104de079f88_s.webp,,"{ window.open(this.href, '_blank'); }, 200); return false;""&gt;Why is the FAA cutting flights by 10% at major US airports? { window.open(this.href, '_blank'); }, 200); return false;""&gt;How will Mamd… [+842 chars]",,"FTSE 100 Live: Aktien und Pfund gedämpft vor BOE, Gewinnflut. Nan","FTSE 100 Live: Stocks and Pound Muted Ahead of BOE, Earnings Deluge. nan","FTSE 100 Vive: Stipes et Pound obmutatus Ante BOE, CAPTURA Diluvium. nan",2025-10-21 18:42:08+00:00
28d9dbeeb78a95dcb081561c7a8e32b2,2025-11-06T13:30:00Z,'deluge',www.memeorandum.com,en,0.0,"Meta is earning a fortune on a deluge of fraudulent ads, documents show (Jeff Horwitz/Reuters)","Jeff Horwitz / Reuters:
Meta is earning a fortune on a deluge of fraudulent ads, documents show  —  Meta projected 10% of its 2024 revenue would come from ads for scams and banned goods, documents seen by Reuters show.  And the social media giant internally e…",https://www.memeorandum.com/251106/p17,https://www.reuters.com/resizer/v2/TUJMUVZF2ZGEDCMIBKDBF7VKVU.jpg?auth=3ac56d6a29dc630a09ade5d87f66bde14cefee15131b6c48dcc7eaf5548b10f2&height=1005&width=1920&quality=80&smart=true,,"memeorandum is an auto-generated summary of the stories that US political commentators are discussing online right now.
Unlike sister sites Techmeme and Mediagazer, it is not a human-edited news out… [+72 chars]",,"Meta verdient ein Vermögen mit einer Flut betrügerischer Anzeigen, wie Dokumente zeigen (Jeff Horwitz/Reuters). Jeff Horwitz / Reuters:
Dokumente belegen, dass Meta mit einer Flut betrügerischer Anzeigen ein Vermögen verdient – Meta geht davon aus, dass 10 % seines Umsatzes im Jahr 2024 aus Anzeigen für Betrug und verbotene Waren stammen würden, wie aus Dokumenten hervorgeht, die Reuters vorliegen.  Und der Social-Media-Riese hat intern …","Meta is earning a fortune on a deluge of fraudulent ads, documents show (Jeff Horwitz/Reuters). Jeff Horwitz / Reuters:
Meta is earning a fortune on a deluge of fraudulent ads, documents show  —  Meta projected 10% of its 2024 revenue would come from ads for scams and banned goods, documents seen by Reuters show.  And the social media giant internally e…","Meta fortunam consequitur in diluvio fraudulentae tabulae, documenta monstrant (Jeff Horwitz/Reuters). Jeff Horwitz / Reuters:
Meta fortunam in diluvio fallacium adscriptionum, documenta monstrant — Meta 10% de suo 2024 proiecta reditus, ex adscriptionibus scams venirent et bona interdicta, documenta quae a Reuters monstrare visa sunt.  Et socialis instrumentis gigas interne e…",2025-10-21 18:42:08+00:00
09f4969635424ec6c8d6e1fcfe5dbeb3,2025-11-06T14:30:42Z,'deluge',economictimes.indiatimes.com,en,0.0,"Meta is earning a fortune on a deluge of fraudulent ads, internal documents show","Internal Meta documents reveal the company projected earning billions from scam ads, failing for years to stop fraudulent schemes targeting users. Despite internal warnings and a high volume of ""higher risk"" ads daily, Meta only bans advertisers with 95% cert…",https://economictimes.indiatimes.com/tech/technology/meta-is-earning-a-fortune-on-a-deluge-of-fraudulent-ads-internal-documents-show/articleshow/125136744.cms,"https://img.etimg.com/thumb/width-1200,height-900,imgsize-56192,resizemode-75,msid-125136744/tech/technology/meta-is-earning-a-fortune-on-a-deluge-of-fraudulent-ads-internal-documents-show.jpg",,"Meta internally projected late last year that it would earn about 10% of its overall annual revenue - or $16 billion - from running advertising for scams and banned goods, internal company documents … [+18143 chars]",,"Interne Dokumente belegen, dass Meta mit einer Flut betrügerischer Anzeigen ein Vermögen verdient. Aus internen Meta-Dokumenten geht hervor, dass das Unternehmen mit Betrugsanzeigen voraussichtlich Milliarden verdienen wird und es jahrelang nicht geschafft hat, betrügerische Machenschaften zu stoppen, die auf Nutzer abzielen. Trotz interner Warnungen und einer hohen Anzahl an Anzeigen mit „höherem Risiko“ pro Tag sperrt Meta nur Werbetreibende mit einer Zertifizierung von 95 %.","Meta is earning a fortune on a deluge of fraudulent ads, internal documents show. Internal Meta documents reveal the company projected earning billions from scam ads, failing for years to stop fraudulent schemes targeting users. Despite internal warnings and a high volume of ""higher risk"" ads daily, Meta only bans advertisers with 95% cert…","Meta fortunam consequitur in diluvio fraudum praeconiorum, documenta interna monstrant. Interna Meta documenta indicant societatis proiectae billions e scam additis, deficientibus annis obsistere fraudes machinas utentes machinae. Quamquam monita interna et volumen ""altius periculi"" cottidie adscribit, Meta tantum bans proscriptiones cum 95% cert.",2025-10-21 18:42:08+00:00
fb679d6aecbf43399eeb460a36fc3a4f,2025-11-12T01:13:16Z,'flooding',www.israelnationalnews.com,en,0.0,Report: Iran flooding Judea and Samaria with advanced weapons,"Washington Free Beacon reveals Iran is arming Judea and Samaria terror cells with drones, rockets, and explosives to replicate Oct. 7.",https://www.israelnationalnews.com/news/417653,https://2.a7.org/files/pictures/000/1190356.jpg,,"Iran has significantly escalated its efforts to arm terrorist proxies in Judea and Samaria, quietly smuggling advanced weaponry into the territory in recent months, according to Israeli intelligence … [+2331 chars]",,"Bericht: Iran überschwemmt Judäa und Samaria mit fortschrittlichen Waffen. Washington Free Beacon enthüllt, dass der Iran Terrorzellen in Judäa und Samaria mit Drohnen, Raketen und Sprengstoff bewaffnet, um den 7. Oktober nachzubilden.","Report: Iran flooding Judea and Samaria with advanced weapons. Washington Free Beacon reveals Iran is arming Judea and Samaria terror cells with drones, rockets, and explosives to replicate Oct. 7.","Irania inundans Iudaeam et Samariam armis progressis. Washington Free Beacon Iran revelat armare Iudaeam et Samariam cellas terrores fuci, erucae et explosivae ad 7 Oct.",2025-10-21 18:42:08+00:00
f2fc40d889d7d7a2376676cd3c3d40ad,2025-11-01T03:52:35Z,'flooding relief',www.forbes.com,en,0.1,How Island Nations Can Build Back Stronger After Hurricane Melissa,"Hurricane Melissa exposed the urgent need for island nations to rebuild stronger through resilient infrastructure, nature-based defenses, transparency, and smart finance.",https://www.forbes.com/sites/dianneplummer/2025/10/31/how-island-nations-can-build-back-stronger-after-hurricane-melissa/,https://imageio.forbes.com/specials-images/imageserve/6905827101bd8d2d5533fb0d/0x0.jpg?format=jpg&height=900&width=1600&fit=bounds,,"TOPSHOT - An aerial view seen October 29, 2025 shows the destroyed Black River Market and surrounding buildings following the passage the previous day of Hurricane Melissa in Black River, St. Elizabe… [+5583 chars]",,"Wie Inselstaaten nach Hurrikan Melissa gestärkt wieder auf die Beine kommen können. Hurrikan Melissa machte deutlich, dass die Inselstaaten dringend einen stärkeren Wiederaufbau durch widerstandsfähige Infrastruktur, naturbasierte Verteidigungsanlagen, Transparenz und intelligente Finanzen benötigen.","How Island Nations Can Build Back Stronger After Hurricane Melissa. Hurricane Melissa exposed the urgent need for island nations to rebuild stronger through resilient infrastructure, nature-based defenses, transparency, and smart finance.","Quomodo Nationes Islandiae Fortiores Post Procellae Melissae aedificare possunt. Procellae Melissa urgentem necessitatem insulae nationes exposuit ut per molles infrastructuras, naturas defensiones, perspicuitatem et oeconomicos callidiores reficerentur.",2025-10-21 18:42:08+00:00
ffb16be71e2c5c3780cd5bb6d479e6f8,2025-11-01T15:12:22Z,'tidal surge',theintercept.com,en,0.1,Inside the World of Leftist Gun Nuts,"Graham Platner’s firearms trainings are only the most public example of the left’s efforts to arm themselves.
The post Inside the World of Leftist Gun Nuts appeared first on The Intercept.",https://theintercept.com/2025/11/01/left-gun-ownership/,https://theintercept.com/wp-content/uploads/2025/10/GettyImages-2151693373-e1761945637557.jpg?fit=6720%2C3360&w=1200&h=800,,"Tom Nguyen, left, the founder of LA Progressive Shooters, instructs Daniel Villalpando, 16, right, during a firearms education course at Burro Canyon Shooting Park in Azusa, Calif., on Oct. 29, 2023.… [+11535 chars]",,"In der Welt der linken Waffennarr. Die Schusswaffenschulungen von Graham Platner sind nur das öffentlichste Beispiel für die Bemühungen der Linken, sich zu bewaffnen.
Der Beitrag Inside the World of Leftist Gun Nuts erschien zuerst auf The Intercept.","Inside the World of Leftist Gun Nuts. Graham Platner’s firearms trainings are only the most public example of the left’s efforts to arm themselves.
The post Inside the World of Leftist Gun Nuts appeared first on The Intercept.","Intra Mundum de Leftist Gun Nuces. Exercitationes sclopetis Graham Platner sunt solum exemplum publici maxime sinistri conatus armandi.
Stipes Intus Mundus Leftist Gun Nucis apparuit primum in Intercept.",2025-10-21 18:42:08+00:00
017cb41c870b43200c2b23a947fed374,2025-11-01T20:53:17Z,'flooding mudslide',www.bbc.com,en,0.1,Kenyan landslide kills 21 after heavy rainfall,Kenya's government says 30 other people are missing following downpours in the west of the country.,https://www.bbc.com/news/articles/c20eeqn2qlyo,https://ichef.bbci.co.uk/news/1024/branded_news/99e2/live/c6eda100-b764-11f0-b8ce-31e36e4a3dbe.jpg,http://web.archive.org/web/20251102214217/https://www.bbc.com/news/articles/c20eeqn2qlyo,"The Kenyan government has confirmed that 21 people have died following a landslide in the western part of the country after heavy rainfall. 
Interior Minister Kipchumba Murkomen said the bodies had … [+1674 chars]",,Bei einem Erdrutsch in Kenia sind nach heftigen Regenfällen 21 Menschen ums Leben gekommen. Nach Angaben der kenianischen Regierung werden nach den Regenfällen im Westen des Landes 30 weitere Menschen vermisst.,Kenyan landslide kills 21 after heavy rainfall. Kenya's government says 30 other people are missing following downpours in the west of the country.,Kenyan LAPSUS XXI post imbres graves necat. Imperium Kenya 30 dicit alios homines absentes sequentes imbres in occidente regionis.,2025-10-21 18:42:08+00:00
8df2c362ce5895d2aa53838195b5d593,2025-11-02T01:20:27Z,'flooding relief',www.cbsnews.com,en,0.1,Jamaica relief efforts continue in aftermath of Hurricane Melissa,Rescuers and aid workers fanned out across Jamaica on Saturday to distribute food and water and reach communities still isolated four days after Hurricane Melissa hit the island.,https://www.cbsnews.com/news/jamaica-relief-efforts-continue-aftermath-of-hurricane-melissa/,https://assets2.cbsnewsstatic.com/hub/i/r/2025/11/02/569fa185-8006-45ba-bd58-6ebc038fbb9d/thumbnail/1200x630/fb089cc99caa410500ec16303f55a4dc/gettyimages-2243939755.jpg,,"Rescuers and aid workers fanned out across Jamaica on Saturday to distribute food and water and reach communities still isolated four days after Hurricane Melissa hit the island.
One of the stronges… [+6821 chars]",,"Die Hilfsmaßnahmen in Jamaika werden nach dem Hurrikan Melissa fortgesetzt. Retter und Hilfskräfte strömten am Samstag in ganz Jamaika aus, um Nahrungsmittel und Wasser zu verteilen und Gemeinden zu erreichen, die vier Tage nach der Verwüstung der Insel durch Hurrikan Melissa noch immer isoliert waren.",Jamaica relief efforts continue in aftermath of Hurricane Melissa. Rescuers and aid workers fanned out across Jamaica on Saturday to distribute food and water and reach communities still isolated four days after Hurricane Melissa hit the island.,Iamaica subsidio nisus in reparatione Hurricane Melissa perseverat. Socii et adiutores operarii trans Iamaicam die Sabbati iactant ut cibum et aquam distribuant et communitates perveniant adhuc quattuor dies postquam Melissae insulae separatae sunt.,2025-10-21 18:42:08+00:00
0504cd10d0e369190ddd1aa461a218c7,2025-11-02T10:51:00Z,'flooding mudslide',www.thestar.com.my,en,0.1,Kenya landslide death toll rises to 22,"(Reuters) -The death toll from a landslide in western Kenya's Rift Valley has risen to 22, a government spokesperson said on Sunday, following heavy rains on Saturday. Read full story",https://www.thestar.com.my/news/world/2025/11/02/kenya-landslide-death-toll-rises-to-22,https://cdn.thestar.com.my/Themes/img/newTsol_logo_socmedia.png,,"(Reuters) -The death toll from a landslide in western Kenya's Rift Valley has risen to 22, a government spokesperson said on Sunday, following heavy rains on Saturday.
Twenty-nine people were still … [+775 chars]",,"Zahl der Todesopfer durch Erdrutsch in Kenia steigt auf 22. (Reuters) – Die Zahl der Todesopfer durch einen Erdrutsch im Rift Valley im Westen Kenias ist auf 22 gestiegen, sagte ein Regierungssprecher am Sonntag, nachdem es am Samstag heftige Regenfälle gegeben hatte. Lesen Sie die ganze Geschichte","Kenya landslide death toll rises to 22. (Reuters) -The death toll from a landslide in western Kenya's Rift Valley has risen to 22, a government spokesperson said on Sunday, following heavy rains on Saturday. Read full story","Kenya lapsus mortis vectigal oritur 22. (Reuters) - Mortuus vectigal e lapsu in vallem occidentis Kenya Rift orta est ad 22 , imperium prolocutor die Dominico dixit, post imbres Saturni graves. Read full story",2025-10-21 18:42:08+00:00
4cad39d8b79b054e3ed1ecac9b8db2dc,2025-11-03T05:01:00Z,'deluge',digiday.com,en,0.1,"Target layoffs hit almost all corners of the business, from merchants to engineers",The move is expected to have a noticeable impact on the workloads and sentiment of those who remain with the company.,http://digiday.com/marketing/target-layoffs-hit-almost-all-corners-of-the-business-from-merchants-to-engineers/,https://digiday.com/wp-content/uploads/sites/3/2023/11/industry-layoffs-digiday.jpg,,"Targets widespread corporate layoffs this week trimmed down teams throughout the company, leaving some who remain picking up responsibilities from those affected.The layoffs included employees spanni… [+9131 chars]",,"Gezielte Entlassungen trafen fast alle Bereiche des Unternehmens, vom Kaufmann bis zum Ingenieur. Es wird erwartet, dass der Schritt spürbare Auswirkungen auf die Arbeitsbelastung und die Stimmung derjenigen haben wird, die im Unternehmen verbleiben.","Target layoffs hit almost all corners of the business, from merchants to engineers. The move is expected to have a noticeable impact on the workloads and sentiment of those who remain with the company.",Scopi ponunt omnes fere angulos negotii a mercatoribus ad fabrum. Motus exspectatur notabilem ictum in laboribus et senti- tione eorum qui cum societate manent.,2025-10-21 18:42:08+00:00
df2ba5991c902d64bcd37c5b7a34f04f,2025-11-03T09:30:00Z,'flooding relief',grist.org,en,0.1,Native Alaska villages were already on the frontlines of climate change. Then a typhoon hit.,"As Typhoon Halong swept through western Alaska, it laid bare how centuries-old policies made Native villages particularly vulnerable to climate change.",https://grist.org/indigenous/native-alaska-villages-were-already-on-the-frontlines-of-climate-change-then-a-typhoon-hit/,https://grist.org/wp-content/uploads/2025/10/AP25286797276397-e1761946526322.jpg?quality=75&strip=all,http://web.archive.org/web/20251103203629/https://grist.org/indigenous/native-alaska-villages-were-already-on-the-frontlines-of-climate-change-then-a-typhoon-hit/,"A week after Typhoon Halong passed through Japan in early October, its remnants crossed the Pacific and struck western Alaska. Nearly 50 Alaska Native communities across the Yukon-Kuskokwim Delta nea… [+5683 chars]",,"Die Dörfer der Ureinwohner Alaskas standen bereits an vorderster Front des Klimawandels. Dann kam ein Taifun. Als der Taifun Halong über den Westen Alaskas fegte, wurde deutlich, wie jahrhundertealte Richtlinien die Dörfer der Ureinwohner besonders anfällig für den Klimawandel machten.","Native Alaska villages were already on the frontlines of climate change. Then a typhoon hit.. As Typhoon Halong swept through western Alaska, it laid bare how centuries-old policies made Native villages particularly vulnerable to climate change.","Alaska indigena villae iam in frontibus mutationis climatis erant. Tunc typhoon percussus.. Typhoon Halong per Alaska occidentales detexit, quomodo perantiqua consilia indigenas villas mutatione climatis maxime vulnerabiles fecerunt.",2025-10-21 18:42:08+00:00
1bc5c67af26d4254598d7e0b7d4fd50d,2025-11-03T18:33:22Z,'deluge',asteriskmag.com,en,0.1,Is the Internet Making Culture Worse?,The decline of criticism might explain the sense that our culture is stagnating. How can we bring it back?,https://asteriskmag.com/issues/12-books/is-the-internet-making-culture-worse,https://asteriskmag.com/media/pages/issues/12-books/is-the-internet-making-culture-worse/68186439f7-1761945233/copy-of-copy-of-copy-of-copy-of-copy-of-copy-of-copy-of-copy-of-copy-of-copy-of-copy-of-happy-independence-day-1200x630-crop.png,,"I dont remember reading any great novels in the 90s. Or listening to any good albums, either. Its not the decades fault, its mine: I was born in 1993. By the time I could read books and choose my own… [+34229 chars]",,"Verschlimmert das Internet die Kultur? Der Rückgang der Kritik könnte das Gefühl erklären, dass unsere Kultur stagniert. Wie können wir es zurückbringen?",Is the Internet Making Culture Worse?. The decline of criticism might explain the sense that our culture is stagnating. How can we bring it back?,"Estne Interrete Faciens Culture Peior? Declinatio reprehensionis sensum explicare posset, quae nostra cultura stagnare est. Quomodo reducimus?",2025-10-21 18:42:08+00:00
2d8424db2e720bc0a5c1e6fff41bfe03,2025-11-03T18:59:00Z,'flooding relief',www.snopes.com,en,0.1,Did Steven Tyler send helicopters loaded with aid to Jamaica?,"The story claimed that within just 24 hours, Tyler organized a fleet of helicopters filled with generators, food, clean water and medical supplies.",https://www.snopes.com//fact-check/jamiaca-aid-steven-tyler/,https://mediaproxy.snopes.com/width/1200/https://media.snopes.com/2025/11/rock_revival_60s-90s.png,,"Claim:
In November 2025, rock singer Steven Tyler sent helicopters loaded with aid to Jamaica.
In early November 2025, social media users began sharing a claim that rock singer Steven Tyler was hel… [+6608 chars]",,"Hat Steven Tyler mit Hilfsgütern beladene Hubschrauber nach Jamaika geschickt? In der Geschichte wurde behauptet, dass Tyler innerhalb von nur 24 Stunden eine Hubschrauberflotte mit Generatoren, Nahrungsmitteln, sauberem Wasser und medizinischen Hilfsgütern organisiert habe.","Did Steven Tyler send helicopters loaded with aid to Jamaica?. The story claimed that within just 24 hours, Tyler organized a fleet of helicopters filled with generators, food, clean water and medical supplies.","Nonne Steven Tyler helicopteras oneratas Jamaicae auxilio misit. Fabula asseruit intra tantum 24 horas Tyler classem helicopterorum plenam generantibus, cibo, aqua munda et commeatu medicorum constituisse.",2025-10-21 18:42:08+00:00
78fdaedd3631cda561da9f4600c94720,2025-11-04T01:00:00Z,'flooding relief',www.theblaze.com,en,0.1,‘HORRIFIC’: Jamaica UNRECOGNIZABLE a week after Hurricane Melissa,"On October 28, Hurricane Melissa, the strongest storm ever to strike Jamaica as a Category 5, made landfall near Montego Bay, unleashing catastrophic damage across the island as winds peaked at 185 mph. The storm demolished thousands of homes, left entire com…",https://www.theblaze.com/shows/the-glenn-beck-program/horrific-jamaica-unrecognizable-a-week-after-hurricane-melissa,https://www.theblaze.com/media-library/image.jpg?id=62039161&width=1200&height=600&coordinates=0%2C0%2C0%2C120,,"On October 28, Hurricane Melissa, the strongest storm ever to strike Jamaica as a Category 5, made landfall near Montego Bay, unleashing catastrophic damage across the island as winds peaked at 185 m… [+3832 chars]",,"„SCHRECKLICH“: Jamaika eine Woche nach Hurrikan Melissa UNWIEDERERKENNBAR. Am 28. Oktober traf Hurrikan Melissa, der stärkste Sturm der Kategorie 5, der Jamaika jemals heimgesucht hat, in der Nähe von Montego Bay auf Land und verursachte katastrophale Schäden auf der ganzen Insel, als die Windgeschwindigkeiten Spitzengeschwindigkeiten von 185 Meilen pro Stunde erreichten. Der Sturm zerstörte Tausende von Häusern und hinterließ ganze Gemeinden.","‘HORRIFIC’: Jamaica UNRECOGNIZABLE a week after Hurricane Melissa. On October 28, Hurricane Melissa, the strongest storm ever to strike Jamaica as a Category 5, made landfall near Montego Bay, unleashing catastrophic damage across the island as winds peaked at 185 mph. The storm demolished thousands of homes, left entire com…","'HORRIFIC': Iamaica INCREGNIBILIS septimana post Procellae Melissae. Die 28 Octobris Procellae Melissa, tempestas validissima, semper ut Categoriam Iamaicam feriret, iacturam fecit prope Montego Bay, perniciosissimum detrimentum trans insulam velut ventos in altum 185 mph emittens. Millia domuum tempestas diruit, totam com…",2025-10-21 18:42:08+00:00
56f75f4ef342bdf0f8e52ed1e7895b1a,2025-11-04T07:03:21Z,'flooding brigade',en.protothema.gr,en,0.1,"Weather: Deterioration today with heavy rains and thunderstorms – The 8 areas that will be most affected, strong phenomena in Attica","Instructions of Civil Protection - ""No unprecedented bad weather is expected"", says Kallianos - Near zero minimum temperature yesterday morning
The post Weather: Deterioration today with heavy rains and thunderstorms – The 8 areas that will be most affected, …",https://en.protothema.gr/2025/11/04/weather-deterioration-today-with-heavy-rains-and-thunderstorms-the-8-areas-that-will-be-most-affected-strong-phenomena-in-attica/,https://en.protothema.gr/wp-content/uploads/2025/11/df.png,,"The National Weather Service (EMY) is warning of worsening weather today, with the peak of the weather in the afternoon hours. The strong storms, which will mainly affect Attica and the Aegean island… [+12805 chars]",,"Wetter: Verschlechterung heute mit starken Regenfällen und Gewittern – Die 8 Gebiete, die am stärksten betroffen sein werden, starke Phänomene in Attika. Anweisungen des Katastrophenschutzes - „Es ist kein beispielloses Unwetter zu erwarten“, sagt Kallianos. - Tiefsttemperaturen nahe Null gestern Morgen
Der Beitrag Wetter: Verschlechterung heute mit starken Regenfällen und Gewittern – Die 8 Gebiete, die am stärksten betroffen sein werden, …","Weather: Deterioration today with heavy rains and thunderstorms – The 8 areas that will be most affected, strong phenomena in Attica. Instructions of Civil Protection - ""No unprecedented bad weather is expected"", says Kallianos - Near zero minimum temperature yesterday morning
The post Weather: Deterioration today with heavy rains and thunderstorms – The 8 areas that will be most affected, …","Tempestas: Depravatio hodie cum imbribus et procellis imbribus – De VIII locis, quae maxime affectae sunt, phaenomena Attica sunt valida. Instructiones tutelae civilis - ""Nulla tempestas inaudita exspectatur"", inquit Kallianos - Prope nulla minimam temperiem heri mane
Post Tempestas: Depravatio hodie cum imbribus et procellis gravibus - De VIII locis, quae maxime afficientur, ...",2025-10-21 18:42:08+00:00
4cc454409a70bca4245879f7babba588,2025-11-04T09:02:45Z,'flooding military',www.nakedcapitalism.com,en,0.1,Technology Empires and the Race to Cement Dominance,"A look at how the US and China are seeking to achieve technology hegemonies, and the efforts of smaller countries to carve out niches.",https://www.nakedcapitalism.com/2025/11/technology-empires-and-the-race-to-cement-dominance.html,,,Yves here. John Ruehl’s generally informative piece on how the US and China are seeking to secure their technology spheres of influence is marred by at least one historical inaccuracy. Ruehl asserts … [+14370 chars],,"Technologieimperien und der Wettlauf um die Zementierung der Dominanz. Ein Blick darauf, wie die USA und China Technologiehegemonien anstreben, und auf die Bemühungen kleinerer Länder, Nischen zu erobern.","Technology Empires and the Race to Cement Dominance. A look at how the US and China are seeking to achieve technology hegemonies, and the efforts of smaller countries to carve out niches.","Imperii technologia et Race ad Coementum Dominationis. Vide quomodo US et Sinae quaerunt iter technologiarum hegemoniarum consequi, et conatus minorum nationum ad scholas exsculpere.",2025-10-21 18:42:08+00:00
c51c60992698809f7bfb079882c026c2,2025-11-04T18:48:39Z,'deluge',www.androidcentral.com,en,0.1,Black Friday phone frenzy: buy now or bide your time?,Phones are on sale at great prices right now. Should you wait for a better deal on Black Friday?,https://www.androidcentral.com/phones/black-friday-phone-frenzy-buy-now-or-bide-your-time,https://cdn.mos.cms.futurecdn.net/oKWKrtfypzzNxCwhwtkBpn-2560-80.jpg,,"(Image credit: Future)
So many tech products! It can help if you take a breath, a step back, and think about what you really need. We're here to help you do just that!
There are plenty of tech prod… [+5784 chars]",,Telefonrausch am Black Friday: Jetzt kaufen oder abwarten? Derzeit sind Mobiltelefone zu tollen Preisen im Angebot. Sollten Sie am Black Friday auf ein besseres Angebot warten?,Black Friday phone frenzy: buy now or bide your time?. Phones are on sale at great prices right now. Should you wait for a better deal on Black Friday?,Niger Veneris telephonicus furor: eme nunc an iubeas tempus tuum? Nunc pretium magna at luctus luctus. Quid expectas in Black Friday in melius paciscor?,2025-10-21 18:42:08+00:00
22a186784d220bfc6864b452e2c16c9a,2025-11-04T22:06:00Z,'flooding relief',gothamist.com,en,0.1,NYC budget watchdog warns cuts to federal emergency aid will be disastrous,"A USGS worker records a high-water mark outside a flooded home in Woodside, Queens, after the remnants of Hurricane Ida struck New York City in September 2021.
 

A new report released by New York City’s Independent Budget Office found that the city received …",https://gothamist.com/news/nyc-budget-watchdog-warns-cuts-to-federal-emergency-aid-will-be-disastrous,https://api-prod.gothamist.com/images/333646/fill-1200x650|format-webp|webpquality-85/,,A new report that crunched the numbers federal money aiding in New York Citys recovery from disasters over the last decade is raising alarms on what it would mean if Washington doesnt pitch in next t… [+3987 chars],,"Der New Yorker Haushaltswächter warnt davor, dass Kürzungen der bundesstaatlichen Nothilfe katastrophal sein werden. Ein USGS-Mitarbeiter registriert eine Hochwassermarke vor einem überfluteten Haus in Woodside, Queens, nachdem die Überreste des Hurrikans Ida im September 2021 New York City heimgesucht hatten.
 

Ein neuer Bericht des New York City Independent Budget Office ergab, dass die Stadt …","NYC budget watchdog warns cuts to federal emergency aid will be disastrous. A USGS worker records a high-water mark outside a flooded home in Woodside, Queens, after the remnants of Hurricane Ida struck New York City in September 2021.
 

A new report released by New York City’s Independent Budget Office found that the city received …","NYC budget speculator monet secat ut foederati subitis auxilium perniciosum futurum sit. A USGS operarius memorat signum aquae altae extra domum inundatam in Woodside, Reginae, postquam reliquiae Turris Idae Novi Eboraci mense Septembri MMXXI.
 

Nova relatio ab urbe Novi Eboraci in Independente Budget Office dimissa invenit urbem accepisse …",2025-10-21 18:42:08+00:00
c04903667e08ec656517278fbf5daec1,2025-11-04T22:44:57Z,'flooding military',www.forbes.com,en,0.1,The Path To The Next Use Of A Nuclear Weapon Is Right Before Our Eyes,A growing number of nuclear security analysts now believe the use of a nuclear weapon is likely and not far off. Reasons have to do with psychology most of all.,https://www.forbes.com/sites/scottmontgomery/2025/11/04/the-path-to-the-next-use-of-a-nuclear-weapon-is-right-before-our-eyes/,https://imageio.forbes.com/specials-images/imageserve/690a6ff44f6981ffcb37c264/0x0.jpg?format=jpg&height=900&width=1600&fit=bounds,,"Whether a nuclear weapon might again be used by one nation against another is a question that has haunted the world for nearly a century. 
Aerial view of Hiroshima, Japan, after atomic bombing of Au… [+9086 chars]",,"Der Weg zum nächsten Einsatz einer Atomwaffe liegt direkt vor unseren Augen. Eine wachsende Zahl nuklearer Sicherheitsanalysten glaubt mittlerweile, dass der Einsatz einer Atomwaffe wahrscheinlich und nicht mehr weit entfernt ist. Die Gründe haben vor allem mit der Psychologie zu tun.",The Path To The Next Use Of A Nuclear Weapon Is Right Before Our Eyes. A growing number of nuclear security analysts now believe the use of a nuclear weapon is likely and not far off. Reasons have to do with psychology most of all.,Via ad usum nuclei telum rectum ante oculos nostros. Crescens numerus analystae securitatis nuclearis nunc credunt usum teli nuclei verisimile esse et non procul abesse. Rationes ad psychologiam maxime pertinent.,2025-10-21 18:42:08+00:00
bd57ca5960947bfa640f82433498edaf,2025-11-05T07:21:40Z,'flooding military',everything-everywhere.com,en,0.1,The Sinking of the Lusitania,"Podcast Transcript On May 7, 1915, nearly a year into the First World War, the British steamship RMS Lusitania was sunk by a German U-boat off the southern coast of Ireland. Over 1,100 people were killed, many of whom were civilians from the United States who…",https://everything-everywhere.com/the-sinking-of-the-lusitania/,https://photos.smugmug.com/Other/n-hRFP2/Podcast-Images/i-XkShpRx/0/Mrz6qhPM2p8pht6LKKp54fgwDvvWjrJsZxCMZMdsj/L/1948epart-L.jpg,,"Subscribe Apple | Spotify | Amazon |iHeart Radio | Castbox | Podcast Republic | RSS | Patreon | Discord | Facebook
On May 7, 1915, nearly a year into the First World War, the British steamship RMS L… [+12399 chars]",,"Der Untergang der Lusitania. Podcast-Transkript Am 7. Mai 1915, fast ein Jahr nach Beginn des Ersten Weltkriegs, wurde das britische Dampfschiff RMS Lusitania von einem deutschen U-Boot vor der Südküste Irlands versenkt. Über 1.100 Menschen wurden getötet, viele davon waren Zivilisten aus den Vereinigten Staaten, die…","The Sinking of the Lusitania. Podcast Transcript On May 7, 1915, nearly a year into the First World War, the British steamship RMS Lusitania was sunk by a German U-boat off the southern coast of Ireland. Over 1,100 people were killed, many of whom were civilians from the United States who…","Submersio Lusitaniae. Podcast Transumptum Die 7 Maii 1915, paene anno in Bellum Orbis primum, RMS Lusitania Britannica a navicula U-Germanica a litore meridiano Hiberniae demersa est. Plus mille centum homines occisi sunt, ex quibus multi cives Civitatum Americae Unitarum erant qui…",2025-10-21 18:42:08+00:00
6dde73c4a0bd73ab925e240e2d024bbc,2025-11-05T16:23:59Z,'flooding brigade',www.defenseone.com,en,0.1,The D Brief: A narrower natsec focus; ‘Pigpen-like mess’ at DOD; DC Guard deployment extended; Shutdown sets record; And a bit more.,,https://www.defenseone.com/threats/2025/11/the-d-brief-november-05-2025/409329/,https://cdn.defenseone.com/media/img/cd/2025/11/05/DB_lander/open-graph.png,,"Another boat attack. The U.S. military killed two more people in an alleged drug-trafficking boat in an unspecified location off the Pacific coast of Latin America, Pentagon chief Pete Hegseth announ… [+10493 chars]",,Der D-Brief: Ein engerer Natsec-Fokus; „Schweinestallähnliches Durcheinander“ beim Verteidigungsministerium; Einsatz der DC Guard verlängert; Shutdown stellt Rekord auf; Und noch ein bisschen mehr... Nan,The D Brief: A narrower natsec focus; ‘Pigpen-like mess’ at DOD; DC Guard deployment extended; Shutdown sets record; And a bit more.. nan,D Brevis: Arctior natsec focus; Item 'Pigpen-sicut mess' apud DOD; dc custodia instruere extenditur; Shutdown ponit recordum; Et paulo plus.. nan,2025-10-21 18:42:08+00:00
b27cbca31b307b965ea5fa25ce068eb1,2025-11-05T21:33:29Z,'deluge',bringatrailer.com,en,0.1,1982 Ford LN8000 Fire Truck at No Reserve,"This 1982 Ford LN8000 was outfitted as a fire truck by Emergency One of Ocala, Florida, and was used by the Lamar County Volunteer Fire Department in Georgia. Finished in red, the truck is powered by a Caterpillar 10.4-liter diesel V8 mated to a three-speed a…",https://bringatrailer.com/listing/1982-ford-fire-truck/,https://bringatrailer.com/wp-content/uploads/2025/10/DSC02714-41772-scaled.jpg,,"This 1982 Ford LN8000 was outfitted as a fire truck by Emergency One of Ocala, Florida, and was used by the Lamar County Volunteer Fire Department in Georgia. Finished in red, the truck is powered by… [+1924 chars]",,"1982 Ford LN8000 Feuerwehrauto ohne Reserve. Dieser Ford LN8000 von 1982 wurde von Emergency One aus Ocala, Florida, als Feuerwehrauto ausgerüstet und von der freiwilligen Feuerwehr des Lamar County in Georgia eingesetzt. Der rot lackierte Lkw wird von einem 10,4-Liter-V8-Diesel von Caterpillar angetrieben, der mit einem Dreiganggetriebe gekoppelt ist.","1982 Ford LN8000 Fire Truck at No Reserve. This 1982 Ford LN8000 was outfitted as a fire truck by Emergency One of Ocala, Florida, and was used by the Lamar County Volunteer Fire Department in Georgia. Finished in red, the truck is powered by a Caterpillar 10.4-liter diesel V8 mated to a three-speed a…","1982 Ford LN8000 Ignis Truck apud No Subsidium. Hoc anno 1982 Ford LN8000 dolor ignis subitis One of Ocala, Florida instructus fuit, et a Lamar comitatu Volunteer Department in Georgia usus est. Consummatum est in rubro, salsissimus a Eruca 10.4-sextarius diesel V8 iunctus est ad celeritatem trium ...",2025-10-21 18:42:08+00:00
06455585fe938167e98f658b5e5f9e40,2025-11-06T09:45:00Z,'flooding military',grist.org,en,0.1,Here are the 5 issues to watch at COP30 in Brazil,“The entire Paris Agreement experiment is being challenged.”,https://grist.org/international/here-are-the-5-issues-to-watch-at-cop30-in-brazil/,https://grist.org/wp-content/uploads/2025/11/cop30-climate-brazil-belem.jpg?quality=75&strip=all,,"Global leaders will gather in northern Brazil next week to begin the 30th annual Conference of the Parties, or COP30, the United Nations climate summit that takes stock of just how much the worlds na… [+13551 chars]",,"Hier sind die 5 Themen, die es bei der COP30 in Brasilien zu beachten gilt. „Das gesamte Experiment des Pariser Abkommens wird in Frage gestellt.“",Here are the 5 issues to watch at COP30 in Brazil. “The entire Paris Agreement experiment is being challenged.”,"Hic sunt 5 quaestiones quae COP30 in Brasilia observant. ""Totius conventionis Parisiensis experimentum impugnatur.""",2025-10-21 18:42:08+00:00
1f148660600f4df398875afab1fb72ad,2025-11-06T10:00:03Z,'deluge',www.businessinsider.com,en,0.1,Everyone's asking if AI will pay off. This company has proof it does.,A recent Wharton study found 74% of enterprises are already generating positive return on investment from AI projects. TS Imagine is proof of this.,https://www.businessinsider.com/ts-imagine-ai-roi-efficiency-2025-11,https://i.insider.com/690a7760c007ca8c27384266?width=1200&format=jpeg,,"TS Imagine COO Thomas BodneskiTS Imagine
<ul><li>Fintech company TS Imagine used AI to save the equivalent of 8.5 full-time employees' work.</li><li>74% of enterprises see a positive return on inves… [+5721 chars]",,"Alle fragen sich, ob sich KI auszahlen wird. Dieses Unternehmen hat den Beweis, dass es das tut. Eine aktuelle Wharton-Studie ergab, dass 74 % der Unternehmen bereits eine positive Kapitalrendite aus KI-Projekten erzielen. TS Imagine ist der Beweis dafür.",Everyone's asking if AI will pay off. This company has proof it does.. A recent Wharton study found 74% of enterprises are already generating positive return on investment from AI projects. TS Imagine is proof of this.,"Quaerit quisque, si AI reddet. Haec societas probationem facit. Recens Wharton studium 74% conatum repperit iam positivum reditum generans in obsidione ab AI inceptis. TS Imagine hoc documentum est.",2025-10-21 18:42:08+00:00
755897ddd2c06cc9661c9939f5ebb001,2025-11-06T11:55:13Z,'flooding military',www.nakedcapitalism.com,en,0.1,Links 11/6/2025,"Our tantalizing daily links, including AI bailout groundwork, Senate considers blocking war with Venezuela, Lina Khan joins Mamdani team, and cat belly rubs.",https://www.nakedcapitalism.com/2025/11/links-11-6-2025.html,https://www.nakedcapitalism.com/wp-content/uploads/2025/11/Screenshot-2025-11-05-at-5.12.41 PM-710x1024.png,,"Belly Rubs Gone Dangerously Awry: Why So Many Humans Miss Grumpy Cat Signals StudyFinds
Kentucky woman expecting meds in mail gets box of human hands, fingers instead NBC News
Explosion at Mississi… [+8378 chars]",,"Links 06.11.2025. Unsere verlockenden täglichen Links, einschließlich der Vorbereitungen für ein KI-Rettungspaket, der Senat erwägt die Blockade des Krieges mit Venezuela, Lina Khan schließt sich dem Mamdani-Team an und wir streicheln uns den Bauch der Katze.","Links 11/6/2025. Our tantalizing daily links, including AI bailout groundwork, Senate considers blocking war with Venezuela, Lina Khan joins Mamdani team, and cat belly rubs.","Vincula 11/6/2025. Cotidiana nexus tantalizing, incluso AI bailout solo, Senatus bellum cum Venezuela interclusum considerat, Lina Khan Mamdani equos iungit, et felem venter fricat.",2025-10-21 18:42:08+00:00
e5165de2f84d58988662f3e8c2508a0f,2025-11-06T13:30:00Z,'tidal surge',www.forbes.com,en,0.1,AC/DC Quietly Pulls Off A Major Chart Comeback,"AC/DC proves its timeless appeal as “Highway to Hell,” “You Shook Me All Night Long,” and “Thunderstruck” all reappear on Billboard charts together.",https://www.forbes.com/sites/hughmcintyre/2025/11/06/acdc-quietly-pulls-off-a-major-chart-comeback/,https://imageio.forbes.com/specials-images/imageserve/685e973370192671c7dd0717/0x0.jpg?format=jpg&height=900&width=1600&fit=bounds,,"AC/DC proves its timeless appeal as Highway to Hell, You Shook Me All Night Long, and Thunderstruck all reappear on Billboard charts together. NASHVILLE, TENNESSEE - MAY 21: Brian Johnson of AC/DC pe… [+3910 chars]",,"AC/DC gelingt still und leise ein großes Chart-Comeback. AC/DC beweist seine zeitlose Anziehungskraft, indem „Highway to Hell“, „You Shook Me All Night Long“ und „Thunderstruck“ gemeinsam wieder in den Billboard-Charts auftauchen.","AC/DC Quietly Pulls Off A Major Chart Comeback. AC/DC proves its timeless appeal as “Highway to Hell,” “You Shook Me All Night Long,” and “Thunderstruck” all reappear on Billboard charts together.","AC/DC Quiete trahit A Chart Comeback Major. AC/DC intempestiva appellatio probat ""Viam ad inferos"", ""Percussis me per totam noctem,"" et ""Thunderstus"" omnes in Billboard chartis simul apparent.",2025-10-21 18:42:08+00:00
2181c8f436e867d95f69007a22a0c6ee,2025-11-06T20:53:04Z,'deluge',www.vox.com,en,0.1,Welcome to the age of viral police body cam footage,"If you’re arrested in America for a minor charge — say, for speeding or loitering — the punishment from the legal system might end up being the least of your worries. You might wake up a few months later and see your arrest, filmed through a police body camer…",https://www.vox.com/the-highlight/466006/bodycam-youtube-viral-content-police-transparency-policy,https://platform.vox.com/wp-content/uploads/sites/2/2025/10/BodyCams_Highlight_Vox.png?quality=90&strip=all&crop=0%2C10.732984293194%2C100%2C78.534031413613&w=1200,http://web.archive.org/web/20251107151610/https://www.vox.com/the-highlight/466006/bodycam-youtube-viral-content-police-transparency-policy,"If you’re arrested in America for a minor charge — say, for speeding or loitering — the punishment from the legal system might end up being the least of your worries. You might wake up a few months l… [+17346 chars]",,"Willkommen im Zeitalter viraler Polizei-Bodycam-Aufnahmen. Wenn Sie in Amerika wegen einer geringfügigen Anklage verhaftet werden – beispielsweise wegen Geschwindigkeitsüberschreitung oder Herumlungerns – ist die Bestrafung durch das Rechtssystem möglicherweise Ihre geringste Sorge. Vielleicht wachen Sie ein paar Monate später auf und sehen Ihre Verhaftung, gefilmt von einer Polizeikamera …","Welcome to the age of viral police body cam footage. If you’re arrested in America for a minor charge — say, for speeding or loitering — the punishment from the legal system might end up being the least of your worries. You might wake up a few months later and see your arrest, filmed through a police body camer…","Grata ad aetatem corporis viralis vigilum cam footage. Si minoris criminis in America deprehensus es - dic properandi vel morandi - poena a legalibus rationibus minima curarum tuarum esse posset. Te paucis post mensibus excitare poteras et tuam comprehensionem videre, per membranam vigilum corporis camer...",2025-10-21 18:42:08+00:00
94647f31b4b0a0ea14fff16aed374147,2025-11-07T04:00:25Z,'deluge',www.haaretz.com,en,0.1,Israel's beleaguered AG is the dam holding back Netanyahu's anti-democratic deluge,"After a week of foot-dragging, the attorney general did the right thing and handed over the lead tole in the Sde Teiman leak investigation ■ It's possible to understand why Naftali Bennett refused to speak at the rally marking the 30th anniversary of the assa…",https://www.haaretz.com/israel-news/2025-11-07/ty-article/.premium/israels-beleaguered-ag-is-the-dam-holding-back-netanyahus-anti-democratic-deluge/0000019a-5ab1-d22e-a39b-7ef92cb00000,"https://img.haarets.co.il/bs/0000019a-5ab1-d22e-a39b-7ef92cb00000/bb/f9/2733edc446679a47a4413c462343/649907.jpg?precrop=2400,1395,x0,y155&width=1200&height=630&cmsprod",,"After a week of foot-dragging, the attorney general did the right thing and handed over the lead tole in the Sde Teiman leak investigation It's possible to understand why Naftali Bennett refused to s… [+165 chars]",,"Israels bedrängte AG ist der Damm, der Netanjahus antidemokratische Flut aufhält. Nach einer Woche des Zögerns tat der Generalstaatsanwalt das Richtige und übergab die Führungsrolle bei der Untersuchung des Sde Teiman-Lecks. ■ Es ist verständlich, warum Naftali Bennett sich weigerte, bei der Kundgebung anlässlich des 30. Jahrestages des Attentats zu sprechen …","Israel's beleaguered AG is the dam holding back Netanyahu's anti-democratic deluge. After a week of foot-dragging, the attorney general did the right thing and handed over the lead tole in the Sde Teiman leak investigation ■ It's possible to understand why Naftali Bennett refused to speak at the rally marking the 30th anniversary of the assa…","AG obsessus Israelis mater est diluvium anti-democraticum Netanyahu retinens. Post hebdomadam pedis trahens, attornatus generalis rem ius fecit et in investigatione plumbea in Sde Teiman rimis rimis tradita ■ Potuit intellegi cur Naftali Bennett loqui noluerit in concursu signans 30 anniversarium assae ...",2025-10-21 18:42:08+00:00
00e10ba6df79d5babb9fa69c4198339c,2025-11-07T04:20:25Z,'flooding climate change',www.spacewar.com,en,0.1,AI-generated disinformation tactics spotted ahead of COP30,"Washington (AFP) Nov 6, 2025

 A clip said to show massive flooding in the Amazonian city hosting the UN climate summit is just one widely-shared example of how disinformation, cheaply created by artificial intelligence and circulating on social media, is inf…",https://www.spacewar.com/reports/AI-generated_disinformation_tactics_spotted_ahead_of_COP30_999.html,https://www.spxdaily.com/images-hg/book-burning-climate-textbooks-marker-hg.jpg,,"AI-generated disinformation tactics spotted ahead of COP30by AFP Staff WritersWashington (AFP) Nov 6, 2025
A clip said to show massive flooding in the Amazonian city hosting the UN climate summit is… [+2726 chars]",,"KI-generierte Desinformationstaktiken wurden vor der COP30 entdeckt. Washington (AFP) 6. November 2025

 Ein Clip, der angeblich massive Überschwemmungen in der Stadt im Amazonasgebiet zeigt, in der der UN-Klimagipfel stattfindet, ist nur ein weit verbreitetes Beispiel dafür, wie durch künstliche Intelligenz billig erzeugte und in sozialen Medien verbreitete Desinformation verbreitet wird …","AI-generated disinformation tactics spotted ahead of COP30. Washington (AFP) Nov 6, 2025

 A clip said to show massive flooding in the Amazonian city hosting the UN climate summit is just one widely-shared example of how disinformation, cheaply created by artificial intelligence and circulating on social media, is inf…","AI-generata disinformation rationum variatum ante COP30. Washington (AFP) Nov 6, 2025

 clipeus dixit ostendere ingentem inundationem in urbe Amazonia culmine climatis obnoxiam esse solum unum late commune exemplum quam disinformation, viliter creata per intelligentiam artificialem et de instrumentis socialibus circulandis, est inf…",2025-10-21 18:42:08+00:00
6622475adc054b377b5a1c95597eb1be,2025-11-07T05:33:44Z,'flooding damage',abcnews.go.com,en,0.1,Typhoon Kalmaegi kills 5 people in Vietnam as the Philippines prepares for a new storm,"Typhoon Kalmaegi has brought fierce winds and torrential rains to Vietnam, and left at least five people dead and thousands of homes damaged before weakening into a tropical storm",https://abcnews.go.com/Business/wireStory/typhoon-kalmaegi-kills-5-people-vietnam-philippines-prepares-127285098,https://s.abcnews.com/images/US/abc_news_default_2000x2000_update_16x9_992.jpg,http://web.archive.org/web/20251108043748/https://abcnews.go.com/Business/wireStory/typhoon-kalmaegi-kills-5-people-vietnam-philippines-prepares-127285098,"DAK LAK, Vietnam -- DAK LAK, Vietnam (AP) Typhoon Kalmaegi brought fierce winds and torrential rains to Vietnam on Friday, killing at least five people and leaving widespread damage across the countr… [+3508 chars]",,"Der Taifun Kalmaegi tötet in Vietnam fünf Menschen, während sich die Philippinen auf einen neuen Sturm vorbereiten. Der Taifun Kalmaegi hat heftige Winde und sintflutartige Regenfälle nach Vietnam gebracht, mindestens fünf Menschen getötet und Tausende Häuser beschädigt, bevor er sich zu einem tropischen Sturm abschwächte","Typhoon Kalmaegi kills 5 people in Vietnam as the Philippines prepares for a new storm. Typhoon Kalmaegi has brought fierce winds and torrential rains to Vietnam, and left at least five people dead and thousands of homes damaged before weakening into a tropical storm","Typhoon Kalmaegi 5 homines in Vietnam interficit ut Philippinae novam tempestatem parat. Typhoon Kalmaegi ventos feros et imbres torrentes in Vietnam attulit, et saltem quinque homines mortuos ac milia domorum quassatas antequam in tropicam tempestatem debilitaret, reliquit.",2025-10-21 18:42:08+00:00
2ecee9ba034ef1897de9b015cdf3fd6a,2025-11-07T05:52:00Z,'flooding damage',www.seattlepi.com,en,0.1,Typhoon Kalmaegi kills 5 people in Vietnam as the Philippines prepares for a new storm,"Typhoon Kalmaegi has brought fierce winds and torrential rains to Vietnam, and left at least five people dead and thousands of homes damaged before weakening into a tropical storm. The storm moved into Cambodia on Friday. Authorities also say three people are…",https://www.seattlepi.com/news/world/article/typhoon-kalmaegi-kills-5-people-in-vietnam-as-the-21144887.php,https://s.hdnux.com/photos/01/55/03/44/28588301/3/rawImage.jpg,,"A man walks past an uprooted tree in Dak Lak, Vietnam, on Friday, Nov. 7, 2025 after Typhoon Kalmaegi lashed the country with fierce winds and torrential rains. (Tuong Quan/VNA via AP)
Tuong Quan/AP… [+4438 chars]",,"Der Taifun Kalmaegi tötet in Vietnam fünf Menschen, während sich die Philippinen auf einen neuen Sturm vorbereiten. Der Taifun Kalmaegi hat heftige Winde und sintflutartige Regenfälle nach Vietnam gebracht, mindestens fünf Menschen getötet und Tausende Häuser beschädigt, bevor er sich zu einem tropischen Sturm abschwächte. Der Sturm zog am Freitag auf Kambodscha zu. Die Behörden sagen außerdem, dass drei Personen…","Typhoon Kalmaegi kills 5 people in Vietnam as the Philippines prepares for a new storm. Typhoon Kalmaegi has brought fierce winds and torrential rains to Vietnam, and left at least five people dead and thousands of homes damaged before weakening into a tropical storm. The storm moved into Cambodia on Friday. Authorities also say three people are…","Typhoon Kalmaegi 5 homines in Vietnam interficit ut Philippinae novam tempestatem parat. Typhon Kalmaegi ventos feros et imbres torrentes in Vietnam intulit, et saltem quinque homines mortuos ac milia domorum quassatas ante in tropicam tempestatem debilitavit reliquit. Procella in Cambodiam die Veneris mota est. Auctoritates etiam dicunt tres homines esse…",2025-10-21 18:42:08+00:00
b9a3b009a85e50f961160abddbba77bc,2025-11-07T05:52:03Z,'flooding damage',www.hurriyetdailynews.com,en,0.1,"Deadly Typhoon Kalmaegi ravages Vietnam, Philippines","Typhoon Kalmaegi churned across Vietnam early Friday, claiming five more lives after its devastating passage through the Philippines where the death toll rose to 188.",https://www.hurriyetdailynews.com/deadly-typhoon-kalmaegi-ravages-vietnam-philippines-215468,https://image.hurimg.com/i/hurriyet/75/200x200/690d88fbe26df636fe3dea3c.jpg,,"GIA LAI, Vietnam
A man picks up debris in Quy Nhon in Gia Lai province, central Vietnam on Nov. 7, 2025.
TyphoonKalmaegi churned across Vietnam early Friday, claiming five more lives after its deva… [+3274 chars]",,"Der tödliche Taifun Kalmaegi verwüstet Vietnam und die Philippinen. Der Taifun Kalmaegi wütete am frühen Freitag über Vietnam und forderte fünf weitere Todesopfer, nachdem er bei seinem verheerenden Durchgang durch die Philippinen die Zahl der Todesopfer auf 188 erhöhte.","Deadly Typhoon Kalmaegi ravages Vietnam, Philippines. Typhoon Kalmaegi churned across Vietnam early Friday, claiming five more lives after its devastating passage through the Philippines where the death toll rose to 188.","Typhon Kalmaegi mortiferum populatur Vietnam, Philippines. Typhoon Kalmaegi trans Vietnam ineunte Veneris exstabat, dicens quinque plures animas post eius iter per Philippinas vastatum, ubi 188 mortuorum vectigal surrexit.",2025-10-21 18:42:08+00:00
f9e8080685fca6867bf8926a3e8bcbaa,2025-11-07T05:52:55Z,'flooding damage',www.aljazeera.com,en,0.1,At least 5 killed as Typhoon Kalmaegi slams into Vietnam,Vietnamese state media report extensive damage in central provinces and power outages for 1.2 million people.,https://www.aljazeera.com/news/2025/11/7/at-least-5-killed-as-typhoon-kalmaegi-slams-into-vietnam,https://www.aljazeera.com/wp-content/uploads/2025/11/AFP__20251107__83C62YR__v2__HighRes__TopshotVietnamPhilippinesTyphoonFloodEnvironmen-1762491061.jpg?resize=1920%2C1440,,"Typhoon Kalmaegi has killed at least five people in Vietnam after slamming into its central and highland provinces, according to Vietnamese state media.
Kalmaegi made landfall in central Vietnam on … [+1759 chars]",,"Mindestens fünf Tote, als der Taifun Kalmaegi über Vietnam hinwegfegt. Vietnamesische Staatsmedien berichten von umfangreichen Schäden in den zentralen Provinzen und Stromausfällen für 1,2 Millionen Menschen.",At least 5 killed as Typhoon Kalmaegi slams into Vietnam. Vietnamese state media report extensive damage in central provinces and power outages for 1.2 million people.,Saltem 5 occisus est ut Typhoon Kalmaegi slams in Vietnam. Instrumenta civitatis Vietnamensis magna damna in centralibus provinciis ac potestates outages pro 1.2 miliones hominum referunt.,2025-10-21 18:42:08+00:00
2d1d39a61b098d9aab6c5894f879f807,2025-11-07T06:00:00Z,'tidal surge',www.naturalnews.com,en,0.1,"Tech layoffs surge to 33,281 in October as AI and economic fears trigger historic job cuts","U.S. employers announced 153,074 job cuts in October, the highest for that month in more than two decades. The technology sector is experiencing a brutal correction, with more than 33,000 layoffs in October. Corporate cost-cutting, AI adoption, and softening …",https://www.naturalnews.com/2025-11-07-tech-layoffs-surge-ai-historic-job-cuts.html,https://www.naturalnews.com/wp-content/uploads/sites/91/2025/11/Business-Call-Center-Office-Computers-Meeting.jpg,,"<ul><li>U.S. employers announced 153,074 job cuts in October, the highest for that month in more than two decades.</li><li>The technology sector is experiencing a brutal correction, with more than 33… [+5673 chars]",,"Die Zahl der Entlassungen im Technologiebereich steigt im Oktober auf 33.281, da KI und Wirtschaftsängste einen historischen Stellenabbau auslösen. US-amerikanische Arbeitgeber kündigten im Oktober den Abbau von 153.074 Stellen an, den höchsten Wert in diesem Monat seit mehr als zwei Jahrzehnten. Der Technologiesektor erlebt eine brutale Korrektur mit mehr als 33.000 Entlassungen im Oktober. Unternehmenskostensenkung, KI-Einführung und Entschärfung …","Tech layoffs surge to 33,281 in October as AI and economic fears trigger historic job cuts. U.S. employers announced 153,074 job cuts in October, the highest for that month in more than two decades. The technology sector is experiencing a brutal correction, with more than 33,000 layoffs in October. Corporate cost-cutting, AI adoption, and softening …","Tech layoffs assurgat 33.281 mense Octobri ut AI, metus oeconomicae felis officium historicum secat. US laboris locatores nuntiaverunt 153.074 officium mense Octobri secat, summum illius mensis plus quam duo decennia. Sector technologiae inhumanam correctionem experitur, cum plusquam 33,000 in Octobre poneret. Corporate cost-sectio, AI adoptio, et molliens ...",2025-10-21 18:42:08+00:00
b26a53ba17c5a69b1cf8f3ea0f47dadb,2025-11-07T07:44:41Z,'flooding damage',www.globalsecurity.org,en,0.1,Battlefields to wastelands: UN warns conflicts are destroying ecosystems worldwide,"From Gaza to Ukraine and beyond, conflict has caused widespread death and destruction, but it has also devastated natural resources such as water systems, farmland and forests.",https://www.globalsecurity.org/military/library/news/2025/11/mil-251106-unnews01.htm,,,"6 November 2025 - From Gaza to Ukraine and beyond, conflict has caused widespread death and destruction, but it has also devastated natural resources such as water systems, farmland and forests. 
Th… [+4717 chars]",,"Von Schlachtfeldern zu Ödland: UN warnt davor, dass Konflikte weltweit Ökosysteme zerstören. Von Gaza bis zur Ukraine und darüber hinaus hat der Konflikt zu weitreichenden Todesfällen und Zerstörungen geführt, aber auch natürliche Ressourcen wie Wassersysteme, Ackerland und Wälder zerstört.","Battlefields to wastelands: UN warns conflicts are destroying ecosystems worldwide. From Gaza to Ukraine and beyond, conflict has caused widespread death and destruction, but it has also devastated natural resources such as water systems, farmland and forests.","Proeliis ad vastitates: IR pugnas monet oecosystemata per orbem vastantes. Ab Gaza usque ad Ucrainam et ultra conflictus mortem et interitum divulgavit, sed etiam facultates naturales sicut systemata aquarum, arvum et silvas devastavit.",2025-10-21 18:42:08+00:00
11de05a06a745a40869a348dc51dd9b8,2025-11-07T09:30:00Z,'flooding damage',grist.org,en,0.1,"After Hurricane Melissa, Jamaica’s climate resilience plan faces its biggest test yet","Jamaica's $150 million “catastrophe bond” will help hurricane recovery, but experts hope financial markets will invest more in adaptation.",https://grist.org/extreme-weather/jamaica-catastrophe-bond-hurricane-melissa/,https://grist.org/wp-content/uploads/2025/11/Hurricane-Melissa-Black-River.jpg?quality=75&strip=all,,"Trelawney Parish sits in a rural, agricultural region of Western Jamaica that borders the countrys largest contiguous rainforest. Under normal circumstances, the parish is relentlessly green covered … [+8147 chars]",,"Nach dem Hurrikan Melissa steht Jamaikas Klimaresilienzplan vor seiner bisher größten Bewährungsprobe. Jamaikas „Katastrophenanleihe“ in Höhe von 150 Millionen US-Dollar wird zur Erholung nach dem Hurrikan beitragen, Experten hoffen jedoch, dass die Finanzmärkte mehr in die Anpassung investieren werden.","After Hurricane Melissa, Jamaica’s climate resilience plan faces its biggest test yet. Jamaica's $150 million “catastrophe bond” will help hurricane recovery, but experts hope financial markets will invest more in adaptation.","Post Hurricane Melissa, consilium climatis Iamaicae mollitiam suum maximum experimentum adhuc respicit. Iamaica $ 150 decies centena millia ""casstrophe vinculum"" tempestatis adiuvabit recuperationem, sed periti sperant mercatus oeconomicos magis aptando collocabunt.",2025-10-21 18:42:08+00:00
38cd6ca2f8910128047cf91adfa99752,2025-11-07T09:52:58Z,'flooding damage',www.cbc.ca,en,0.1,Typhoon Kalmaegi brings rain and destruction to Vietnam as death toll nears 190 in Philippines,"At least five people died in Vietnam after Typhoon Kalmaegi pummelled coastal regions with destructive winds and heavy rain, officials said on Friday, following the storm's deadly passage through the Philippines where it killed at least 188 people.",https://www.cbc.ca/news/world/typhoon-kalmegai-friday-9.6970507,"https://i.cbc.ca/ais/2a612588-68c6-4cda-b610-68b1654f201c,1762513039611/full/max/0/default.jpg?im=Crop%2Crect%3D%280%2C92%2C1600%2C900%29%3BResize%3D620",,"At least five people died in Vietnam after Typhoon Kalmaegi pummelled coastal regions with destructive winds and heavy rain, officials said on Friday, following the storm's deadly passage through the… [+2745 chars]",,"Taifun Kalmaegi bringt Regen und Zerstörung nach Vietnam, während die Zahl der Todesopfer auf den Philippinen auf fast 190 steigt. Mindestens fünf Menschen starben in Vietnam, nachdem der Taifun Kalmaegi die Küstenregionen mit zerstörerischen Winden und starkem Regen heimgesucht hatte, sagten Beamte am Freitag, nachdem der Sturm tödlich über die Philippinen gezogen war und dort mindestens 188 Menschen getötet hatte.","Typhoon Kalmaegi brings rain and destruction to Vietnam as death toll nears 190 in Philippines. At least five people died in Vietnam after Typhoon Kalmaegi pummelled coastal regions with destructive winds and heavy rain, officials said on Friday, following the storm's deadly passage through the Philippines where it killed at least 188 people.","Typhoon Kalmaegi pluvias et perniciem in Vietnam ad mortem appropinquat 190 in Philippinis. Saltem quinque homines in Vietnam mortui post Typhoon  Kalmaegi  regiones maritimas cum ventis perniciosis et gravibus pluviae discussae, ministri Veneris die dixerunt, sequentis tempestatis funestum iter per Philippenses ubi saltem 188 homines necaverunt.",2025-10-21 18:42:08+00:00
b60248f531570a9ac15f7df653532081,2025-11-07T12:01:08Z,'flooding damage',www.ibtimes.com,en,0.1,Super Typhoon Philippines Uwan Landfall: Citizens Asked To Brace - Could This Be The Strongest Storm Of The Year?,"Typhoon Uwan rapidly strengthens as it approaches the Philippines, prompting warnings of destructive winds, heavy rainfall, and possible life-threatening conditions.",https://www.ibtimes.com/super-typhoon-philippines-uwan-landfall-citizens-asked-brace-could-this-strongest-storm-3789853,https://d.ibtimes.com/en/full/4615877/waves-generated-typhoon-podul-break-along-coast-taiwans-taitung-county.jpg,,"A powerful weather system is bearing down on the Philippines, with forecasters warning that Typhoon Uwan could become one of the most destructive storms of the year.
The storm, currently named Fung-… [+3902 chars]",,"Super-Taifun auf den Philippinen: Uwan landet auf Land: Bürger werden gebeten, sich darauf vorzubereiten – Könnte dies der stärkste Sturm des Jahres sein? Der Taifun Uwan verstärkt sich schnell, während er sich den Philippinen nähert, und löst Warnungen vor zerstörerischen Winden, starken Regenfällen und möglichen lebensbedrohlichen Bedingungen aus.","Super Typhoon Philippines Uwan Landfall: Citizens Asked To Brace - Could This Be The Strongest Storm Of The Year?. Typhoon Uwan rapidly strengthens as it approaches the Philippines, prompting warnings of destructive winds, heavy rainfall, and possible life-threatening conditions.","Eximius Typhoon Philippines Uwan Landfall: Cives Interrogaverunt ad Brace - Potuitne hoc esse Fortissimum Tempestatem Anni?. Typhoon Uwan celerius confirmat ut ad Philippinas appropinquat, monita ventorum perniciosorum, pluviarum gravium, condiciones vitae minaces possibiles.",2025-10-21 18:42:08+00:00
0e482d24246acd51b534e4bcdc7a5049,2025-11-07T14:30:00Z,'flooding damage',www.theatlantic.com,en,0.1,"Photos of the Week: Dinosaur Sweater, Miniature Park, Hippo Calf","The aftermath of Typhoon Kalmaegi in the Philippines, Day of the Dead celebrations in Mexico, a penny-farthing race in Prague, a mayoral election in New York City, and much more",https://www.theatlantic.com/photography/2025/11/photos-of-the-week/684834/,https://cdn.theatlantic.com/thumbor/3lhlTbsBNQ2WOvpFqi6KaSrlVms=/1x334:7440x4209/1200x625/media/img/mt/2025/11/a01_G_2245355778/original.jpg,http://web.archive.org/web/20251107180259/https://www.theatlantic.com/photography/2025/11/photos-of-the-week/684834/,"Andrew Harnik / Getty
President Donald Trump stands by as attendees help a guest after he collapsed during an event on lowering drug prices in the Oval Office, at the White House, in Washington, D.C… [+4970 chars]",,"Fotos der Woche: Dinosaurierpullover, Miniaturpark, Nilpferdkalb. Die Folgen des Taifuns Kalmaegi auf den Philippinen, die Feierlichkeiten zum Tag der Toten in Mexiko, ein Hochradrennen in Prag, eine Bürgermeisterwahl in New York City und vieles mehr","Photos of the Week: Dinosaur Sweater, Miniature Park, Hippo Calf. The aftermath of Typhoon Kalmaegi in the Philippines, Day of the Dead celebrations in Mexico, a penny-farthing race in Prague, a mayoral election in New York City, and much more","Imagines Hebdomadae: Dinosaurus Sweater, Ortus minimus, Hippo vitulus. Postmathum Typhoonis Kalmaegi in Philippinis, Dies celebrationum Mortuorum in Mexico, genus quadrantem denarii Pragae, comitia maiora in urbe New York, et multo magis",2025-10-21 18:42:08+00:00
fe0c9dead15862a0c1caa779971919fa,2025-11-07T15:30:00Z,'flooding military',www.salon.com,en,0.1,Cori Bush on midterms: “Woke isn’t dead — woke is fighting”,"The former Missouri congresswoman, seeking to return to Washington, argues progressives are built for this moment",https://www.salon.com/2025/11/07/cori-bush-on-midterms-woke-isnt-dead-woke-is-fighting/,https://www.salon.com/app/uploads/2025/11/cori-bush-GettyImages-2165078079.jpg,,"Former Rep. Cori Bush, D-Mo., announced a bid to return to Congress last month after special interests ousted her last year in one of the most expensive primary elections ever. In the 2026 campaign, … [+6628 chars]",,"Cori Bush bei den Zwischenwahlen: „Woke ist nicht tot – Woke kämpft.“ Die ehemalige Kongressabgeordnete aus Missouri, die nach Washington zurückkehren möchte, argumentiert, dass Progressive für diesen Moment geschaffen seien","Cori Bush on midterms: “Woke isn’t dead — woke is fighting”. The former Missouri congresswoman, seeking to return to Washington, argues progressives are built for this moment","Cori Bush in midterms: ""Expertus non est mortuus - experrectus est pugna"". Prior Missouri congress femina, redire Washington quaerens, progressiva hoc momento aedificata argumentatur",2025-10-21 18:42:08+00:00
44d64d1e9148d823044b9dcc4ea734d0,2025-11-07T18:00:00Z,'flooding damage',matadornetwork.com,en,0.1,There’s Nothing Like Fall in the Smokies. Here’s Where to Start.,"From changing leaves to orchards, nothing beats the Great Smoky Mountains in the fall. Haywood County, NC, is your gateway.",https://matadornetwork.com/read/great-smoky-mountains-fall/,https://cdn1.matadornetwork.com/blogs/1/2025/11/shutterstock_1858046053-social.jpg,,"I was fortunate to visit Haywood County in early October when fall’s first whispers were starting to tinge treetops, and notes of crimson were beginning to light up the Blue Ridge Parkway. One year p… [+10665 chars]",,"Es gibt nichts Schöneres als den Herbst in den Smokies. Hier erfahren Sie, wo Sie anfangen sollen. Von wechselnden Blättern bis hin zu Obstgärten – im Herbst gibt es nichts Besseres als die Great Smoky Mountains. Haywood County, NC, ist Ihr Tor.","There’s Nothing Like Fall in the Smokies. Here’s Where to Start.. From changing leaves to orchards, nothing beats the Great Smoky Mountains in the fall. Haywood County, NC, is your gateway.","Nihil Like Fall in Smokies. Hic est Ubi committitur.. Ex foliis ad pomaria mutandis nihil Magnos Smoky Montes in ruina verberat. Haywood comitatus, NC porta tua est.",2025-10-21 18:42:08+00:00
4008d9fd3cbeddc04254008a5b9964be,2025-11-07T19:01:05Z,'flooding damage',www.bostonherald.com,en,0.1,Typhoon Kalmaegi rampages across Vietnam as the Philippines prepares for a new storm,The storm moved into Cambodia later on Friday.,https://www.bostonherald.com/2025/11/07/typhoon-kalmaegi-vietnam-deaths/,https://www.bostonherald.com/wp-content/uploads/2025/11/Vietnam-Typhoon_Extreme_Weather_12819-1-1.jpg?w=1024&h=683,,"By ANIRUDDHA GHOSAL and JIM GOMEZ, Associated Press
DAK LAK, Vietnam (AP) Typhoon Kalmaegi brought fierce winds and torrential rains to Vietnam on Friday, killing at least five people, flattening ho… [+5039 chars]",,"Taifun Kalmaegi tobt über Vietnam, während sich die Philippinen auf einen neuen Sturm vorbereiten. Der Sturm zog später am Freitag über Kambodscha hinweg.",Typhoon Kalmaegi rampages across Vietnam as the Philippines prepares for a new storm. The storm moved into Cambodia later on Friday.,Typhoon Kalmaegi rampages trans Vietnam sicut in Philippinis novam tempestatem parat. Procella in Cambodia postea die Veneris mota est.,2025-10-21 18:42:08+00:00
3de52985de20f457b354cddd2aa5196e,2025-11-07T19:18:02Z,'flooding damage',reason.com,en,0.1,Short Circuit: An inexhaustive weekly compendium of rulings from the federal courts of appeal,"Non-condensing furnaces, drag shows, and master accounts.",https://reason.com/volokh/2025/11/07/short-circuit-an-inexhaustive-weekly-compendium-of-rulings-from-the-federal-courts-of-appeal-33/,https://d2eehagpk5cl65.cloudfront.net/img/q60/uploads/2021/11/reason-logo-featured-placeholder.jpg.webp,,"Please enjoy the latest edition of Short Circuit, a weekly feature written by a bunch of people at the Institute for Justice.
Friends, Indiana law requires prosecutors to produce detailed reports doc… [+10733 chars]",,"Short Circuit: Ein unvollständiges wöchentliches Kompendium der Urteile der Bundesberufungsgerichte. Nicht kondensierende Öfen, Drag-Shows und Hauptkonten.","Short Circuit: An inexhaustive weekly compendium of rulings from the federal courts of appeal. Non-condensing furnaces, drag shows, and master accounts.","Brevis Ambitus: Compendium septimanale inexhaustivum iudiciorum a iudiciis foederati appellationis. Fornaces non densantes, trahunt spectacula, et magistri rationes.",2025-10-21 18:42:08+00:00
243b0459fad5a4fb50966f84d4b4bf03,2025-11-07T20:04:54Z,'flooding damage',www.abc.net.au,en,0.1,More storms for Queensland's south amid unsettled weather across state,"Storms are expected across a large part of inland Queensland, with the Darling Downs region set to cop another weekend of severe weather.",https://www.abc.net.au/news/2025-11-08/storms-severe-weather-expected-inland-queensland/105984372,https://live-production.wcms.abc-cdn.net.au/5c875561c109cf0911806dcdd7c47dc6?impolicy=wcms_watermark_news&cropH=528&cropW=939&xPos=22&yPos=0&width=862&height=485&imformat=generic,,"Storms are expected across a large part of inland Queensland today, with the Darling Downs region set to cop another weekend of severe weather.
The Bureau of Meteorology (BOM) said unsettled weather… [+2035 chars]",,"Weitere Stürme im Süden von Queensland bei unbeständigem Wetter im gesamten Bundesstaat. In einem großen Teil des Landesinneren von Queensland werden Stürme erwartet, wobei die Region Darling Downs voraussichtlich ein weiteres Wochenende mit Unwettern überstehen wird.","More storms for Queensland's south amid unsettled weather across state. Storms are expected across a large part of inland Queensland, with the Darling Downs region set to cop another weekend of severe weather.","Plures tempestates ad meridiem Reginensis inter statum tempestatum instabiles sunt. Tempestates exspectantur per magnam partem Reginensis mediterranei, cum regione Darling Downs posita est ut aliam tempestatem gravis volutpat cop.",2025-10-21 18:42:08+00:00
30cb6dcd0d4c6f26ac5762d0dc6b9787,2025-11-07T20:30:03Z,'deluge',sneakernews.com,en,0.1,AVAVAV’s Subversive Streak Shines On adidas Holiday 2025 Capsule,"It may not make an end-of-year list, but hopefully the AVAVAV x adidas partnership sticks around in fans’ memories of 2025. Amid a true deluge...

© Sneaker News, 2025. |
Permalink
|
No comment
|
Add todel.icio.us


The post AVAVAV's Subversive Streak Shines …",https://sneakernews.com/2025/11/07/avavav-adidas-holiday-2025/,https://sneakernews.com/wp-content/uploads/2025/11/avavav-adidas-holiday-2025.jpg,,"It may not make an end-of-year list, but hopefully the AVAVAV x adidas partnership sticks around in fans’ memories of 2025. Amid a true deluge of colorways for the adidas Superstar as the Three Strip… [+1515 chars]",,"Die subversive Ader von AVAVAV erstrahlt in der adidas Holiday 2025 Capsule. Es ist vielleicht keine Liste zum Jahresende, aber hoffentlich bleibt die AVAVAV x Adidas-Partnerschaft den Fans im Jahr 2025 in Erinnerung. Inmitten einer wahren Sintflut...

© Sneaker News, 2025. |
Permalink
|
Kein Kommentar
|
Fügen Sie todel.icio.us hinzu


Der Beitrag AVAVAVs subversive Ader glänzt …","AVAVAV’s Subversive Streak Shines On adidas Holiday 2025 Capsule. It may not make an end-of-year list, but hopefully the AVAVAV x adidas partnership sticks around in fans’ memories of 2025. Amid a true deluge...

© Sneaker News, 2025. |
Permalink
|
No comment
|
Add todel.icio.us


The post AVAVAV's Subversive Streak Shines …","AVAVAV's Series subversiva lucet In adidas Holiday 2025 Capsula. Finem anni indicem facere non potest, sed in votis AVAVAV x adidas societas in memoriis fans 2025. Inter verum diluvium.

© Sneaker News, 2025. |
Permalink
|
No comment
|
Add todel.icio.us


Post AVAVAV est dissolvens series lucet ...",2025-10-21 18:42:08+00:00
65a16b3cc69fa0188749f8fee79bfe73,2025-11-07T22:52:09Z,'flooding damage',apnews.com,en,0.1,Typhoon Kalmaegi leaves 5 dead in Vietnam after killing 188 in the Philippines,"Typhoon Kalmaegi has brought fierce winds and torrential rains to Vietnam, and left at least five people dead and thousands of homes damaged before weakening into a tropical storm. The storm moved into Cambodia later on Friday. Authorities also say three peop…",https://apnews.com/article/typhoon-kalmaegi-vietnam-philippines-da322fbd6cbb3f4bb2328ec046ffe2b7,https://dims.apnews.com/dims4/default/60909b9/2147483647/strip/true/crop/1600x900+0+104/resize/1440x810!/quality/90/?url=https%3A%2F%2Fassets.apnews.com%2Ff5%2F42%2F8f1be4a5f2fcf878b7c43e96cfe9%2Fa9b249a3d7d54af4b560a55618087773,,"DAK LAK, Vietnam (AP) Typhoon Kalmaegi brought fierce winds and torrential rains to Vietnam on Friday, killing at least five people, flattening homes, blowing off roofs and uprooting trees. In the Ph… [+5093 chars]",,"Der Taifun Kalmaegi fordert in Vietnam fünf Todesopfer, nachdem er auf den Philippinen 188 Menschen getötet hatte. Der Taifun Kalmaegi hat heftige Winde und sintflutartige Regenfälle nach Vietnam gebracht, mindestens fünf Menschen getötet und Tausende Häuser beschädigt, bevor er sich zu einem tropischen Sturm abschwächte. Der Sturm zog später am Freitag über Kambodscha hinweg. Die Behörden sagen auch, dass drei Personen…","Typhoon Kalmaegi leaves 5 dead in Vietnam after killing 188 in the Philippines. Typhoon Kalmaegi has brought fierce winds and torrential rains to Vietnam, and left at least five people dead and thousands of homes damaged before weakening into a tropical storm. The storm moved into Cambodia later on Friday. Authorities also say three peop…","Typhoon Kalmaegi relinquit 5 mortuus in Vietnam postquam 188 in Philippinis necavit. Typhon Kalmaegi ventos feros et imbres torrentes in Vietnam intulit, et saltem quinque homines mortuos ac milia domorum quassatas ante in tropicam tempestatem debilitavit reliquit. Procella in Cambodia postea die Veneris mota est. Auctoritates etiam dicunt tres personas...",2025-10-21 18:42:08+00:00
f6c9c4dafc7ad0adb1880ad902c2bd63,2025-11-07T22:58:56Z,'flooding damage',www.rollingstone.com,en,0.1,Hurricane Melissa: How to Help Impacted Communities in Jamaica,Here's how to aid those affected by the devastating storm in the Caribbean nation,http://www.rollingstone.com/culture/culture-news/hurricane-melissa-how-to-help-jamaica-1235461929/,https://www.rollingstone.com/wp-content/uploads/2025/11/jamaica-hurricane-how-to-help.jpg?crop=0px%2C67px%2C1800px%2C1014px&resize=1600%2C900,,"When Hurricane Melissa made landfall in Jamaica late last month, it instantly became the strongest storm ever to strike the Caribbean island nation. The damage was devastating. According to the U.N.,… [+2734 chars]",,Hurrikan Melissa: Wie man betroffenen Gemeinden in Jamaika helfen kann. So können Sie den Opfern des verheerenden Sturms in dem karibischen Land helfen,Hurricane Melissa: How to Help Impacted Communities in Jamaica. Here's how to aid those affected by the devastating storm in the Caribbean nation,Procellae Melissae: Quomodo adiuvandas Impacted Communitates in Jamaica. Hic est quomodo subveniat illis qui vastante tempestate in gente Caribica laborant,2025-10-21 18:42:08+00:00
56797e0e177f5824ed4d8c73adf05764,2025-11-08T04:06:10Z,'flooding damage',economictimes.indiatimes.com,en,0.1,Earthquake of magnitude 4.4 strikes Afghanistan,Afghanistan experienced a magnitude 4.4 earthquake on Saturday at a depth of 180km. This follows another 4.4 magnitude quake on Friday at a shallow depth of 10km. These tremors occur in a seismically active region prone to frequent seismic activity due to its…,https://economictimes.indiatimes.com/news/international/world-news/earthquake-of-magnitude-4-4-strikes-afghanistan/articleshow/125178035.cms,"https://img.etimg.com/thumb/msid-125178111,width-1200,height-630,imgsize-266276,overlay-economictimes/articleshow.jpg",,"An earthquake of magnitude 4.4 struck Afghanistan on Saturday, according to the National Center for Seismology (NCS).As per the NCS, the earthquake struck at a depth of 180km.
In a post on X, he sai… [+2267 chars]",,"Erdbeben der Stärke 4,4 erschüttert Afghanistan. Afghanistan erlebte am Samstag ein Erdbeben der Stärke 4,4 in einer Tiefe von 180 km. Dies folgt auf ein weiteres Beben der Stärke 4,4 am Freitag in einer geringen Tiefe von 10 km. Diese Erschütterungen treten in einer seismisch aktiven Region auf, die aufgrund ihrer… häufigen seismischen Aktivitäten ausgesetzt ist.",Earthquake of magnitude 4.4 strikes Afghanistan. Afghanistan experienced a magnitude 4.4 earthquake on Saturday at a depth of 180km. This follows another 4.4 magnitude quake on Friday at a shallow depth of 10km. These tremors occur in a seismically active region prone to frequent seismic activity due to its…,Terrae motus magnitudinis 4.4 Afghanistan percutit. Afghanistan expertus est magnitudinem 4.4 terrae motus die Saturni in altitudinem 180km. Haec alia 4.4 magnitudine commota Veneris die ad altitudinem 10km tenui. Hi tremores occurrunt in regione seismically activa prona frequenti actione seismica ob suum…,2025-10-21 18:42:08+00:00
dd78b4ce1bee0d817bc4a3705c0ff476,2025-11-08T05:09:35Z,'flooding damage',caribbeannewsglobal.com,en,0.1,PAHO scales up its emergency health response across the Caribbean following hurricane Melissa - Caribbean News Global,"KINGSTON, JAMAICA, (PAHO/WHO) — In response to Hurricane Melissa, the Pan American Health Organization/ World Health Organization (PAHO/WHO) immediately activated its health emergency coordination and response mechanisms and continues working closely with Car…",https://caribbeannewsglobal.com/paho-scales-up-its-emergency-health-response-across-the-caribbean-following-hurricane-melissa/,https://caribbeannewsglobal.com/wp-content/uploads/2025/11/paho_jamaica.jpg,,"KINGSTON, JAMAICA, (PAHO/WHO) In response to Hurricane Melissa, the Pan American Health Organization/ World Health Organization (PAHO/WHO) immediately activated its health emergency coordination and … [+5873 chars]",,"Nach dem Hurrikan Melissa weitet PAHO seine Gesundheitsnothilfe in der gesamten Karibik aus – Caribbean News Global. KINGSTON, JAMAIKA, (PAHO/WHO) – Als Reaktion auf den Hurrikan Melissa hat die Panamerikanische Gesundheitsorganisation/Weltgesundheitsorganisation (PAHO/WHO) sofort ihre Koordinierungs- und Reaktionsmechanismen für Gesundheitsnotfälle aktiviert und arbeitet weiterhin eng mit Car… zusammen.","PAHO scales up its emergency health response across the Caribbean following hurricane Melissa - Caribbean News Global. KINGSTON, JAMAICA, (PAHO/WHO) — In response to Hurricane Melissa, the Pan American Health Organization/ World Health Organization (PAHO/WHO) immediately activated its health emergency coordination and response mechanisms and continues working closely with Car…","PAHO librat suam subitis responsionem sanitatis contra Caribbean sequentem procellam Melissa - Caribbean News Global. KINGSTON, JAMAICA, (PAHO/QUI) — Respondens Procellae Melissae, Pan Americanae Salutis Organizationis/Mundi Salus Organizatio (PAHO/QUI) statim subitis coordinationis et responsionis mechanismi salubritatem suam excitavit atque arctissime cum Car…",2025-10-21 18:42:08+00:00
787b1295429fb0a82d5aa75a357af988,2025-11-08T05:22:00Z,'flooding damage',www.thestar.com.my,en,0.1,Philippines warns of deadly storm surges as massive Typhoon Fung-wong nears super typhoon strength,"MANILA (Reuters) -The Philippines' weather bureau warned of life-threatening storm surges of up to five metres and destructive winds as Typhoon Fung-wong churns toward the country's eastern coast, where it is forecast to intensify into a super typhoon before …",https://www.thestar.com.my/news/world/2025/11/08/philippines-warns-of-deadly-storm-surges-as-massive-typhoon-fung-wong-nears-super-typhoon-strength,https://apicms.thestar.com.my/uploads/images/2025/11/08/3612054.jpg,,"MANILA (Reuters) -The Philippines' weather bureau warned of life-threatening storm surges of up to five metres and destructive winds as Typhoon Fung-wong churns toward the country's eastern coast, wh… [+2390 chars]",,"Die Philippinen warnen vor tödlichen Sturmfluten, da der gewaltige Taifun Fung-wong die Stärke eines Supertaifuns erreicht. MANILA (Reuters) – Das philippinische Wetteramt warnte vor lebensbedrohlichen Sturmfluten von bis zu fünf Metern Höhe und zerstörerischen Winden, während der Taifun Fung-wong auf die Ostküste des Landes zusteuert, wo er sich voraussichtlich noch vor … zu einem Supertaifun entwickeln wird.","Philippines warns of deadly storm surges as massive Typhoon Fung-wong nears super typhoon strength. MANILA (Reuters) -The Philippines' weather bureau warned of life-threatening storm surges of up to five metres and destructive winds as Typhoon Fung-wong churns toward the country's eastern coast, where it is forecast to intensify into a super typhoon before …","Philippinae pestiferae tempestatis procellae Typhonis Fung-wong supereminentem vires super typhonium fluctuare monet. MANILA (Reuters) - Tempestas Philippinarum hendrerit monuit tempestates minaces vitae fluctuum usque ad quinque metra et ventos perniciosos sicut Typhon Fung-wong conturbant ad oram patriae orientalem, ubi praenuntiatur ut in supereminentem typhonem augeatur antequam ...",2025-10-21 18:42:08+00:00
a5bdd5e40c7f8911a589aa484f1050d5,2025-11-08T05:23:49Z,'flooding damage',www.abc.net.au,en,0.1,Phillippines braces for another typhoon amid devastation of Kalmaegi,Typhoon Kalmaegi left hundreds dead and as Filipinos are bracing for more extreme conditions as they mourn their loved ones and pick up the pieces.,https://www.abc.net.au/news/2025-11-08/typhoon-kalmaegi-vietnam-philippines/105987870,https://live-production.wcms.abc-cdn.net.au/3385f82baf03e806b442bf672dc13d3f?impolicy=wcms_watermark_news&cropH=2813&cropW=5000&xPos=0&yPos=260&width=862&height=485&imformat=generic,,"Typhoon Kalmaegi brought fierce winds and torrential rains to Vietnam on Friday, killing at least five people, flattening homes, blowing off roofs and uprooting trees.
In the Philippines, where the … [+5419 chars]",,"Die Philippinen bereiten sich auf einen weiteren Taifun vor, während Kalmaegi verwüstet wird. Der Taifun Kalmaegi forderte Hunderte Tote und die Filipinos bereiten sich auf noch extremere Bedingungen vor, während sie um ihre Lieben trauern und die Scherben aufsammeln.",Phillippines braces for another typhoon amid devastation of Kalmaegi. Typhoon Kalmaegi left hundreds dead and as Filipinos are bracing for more extreme conditions as they mourn their loved ones and pick up the pieces.,Phillippines alium typhonum adstringit inter Kalmaegi vastationem. Typhoon Kalmaegi centum mortuos reliquit et Filipinos condiciones extremas comprehendentes dum suos caros lugent et frusta colligunt.,2025-10-21 18:42:08+00:00
57cc18a9706f4d2d0fe9deb876eb8759,2025-11-08T06:21:34Z,'flooding damage',www.channelnewsasia.com,en,0.1,Philippines warns of deadly storm surges as massive Typhoon Fung-wong nears super typhoon strength,The warning comes just days after Typhoon Kalmaegi left a trail of destruction across the region.,https://www.channelnewsasia.com/asia/philippines-warns-deadly-storm-surges-massive-typhoon-fung-wong-nears-super-typhoon-strength-5454991,"https://dam.mediacorp.sg/image/upload/s--QXJSuYx---/c_fill,g_auto,h_676,w_1200/fl_relative,g_south_east,l_mediacorp:cna:watermark:2024-04:reuters_1,w_0.1/f_auto,q_auto/v1/one-cms/core/2025-11-08T051816Z_1_LYNXMPELA701Z_RTROPTP_3_ASIA-WEATHER.JPG?itok=VLFOJ6u-",,"MANILA: The Philippines' weather bureau warned of life-threatening storm surges of up to 5m and destructive winds as Typhoon Fung-wong churns toward the country's eastern coast, where it is forecast … [+2216 chars]",,"Die Philippinen warnen vor tödlichen Sturmfluten, da der gewaltige Taifun Fung-wong die Stärke eines Supertaifuns erreicht. Die Warnung kommt nur wenige Tage, nachdem der Taifun Kalmaegi eine Spur der Zerstörung in der Region hinterlassen hat.",Philippines warns of deadly storm surges as massive Typhoon Fung-wong nears super typhoon strength. The warning comes just days after Typhoon Kalmaegi left a trail of destruction across the region.,Philippinae pestiferae tempestatis procellae Typhonis Fung-wong supereminentem vires super typhonium fluctuare monet. Monitio proxime post dies venit quam Typhoon Kalmaegi vestigia exitii per regionem discessit.,2025-10-21 18:42:08+00:00
0486174db9546d51a4945110a57dcd23,2025-11-08T07:36:00Z,'flooding damage',www.dw.com,en,0.1,Philippines: New storm looms after Kalmaegi wreaks havoc,The Philippines is bracing itself for a new storm in the coming days after Typhoon Kalmaegi pounded the country. Kalmaegi also caused deaths and destruction in Vietnam.,https://www.dw.com/en/philippines-new-storm-looms-after-kalmaegi-wreaks-havoc/a-74652594,https://static.dw.com/image/74656307_6.jpg,,"The Philippines is in for another bout of extreme weather as a major storm moves toward the country's eastern coast, following close on the heels of Typhoon Kalmaegi, which devastated large swathes o… [+2985 chars]",,"Philippinen: Neuer Sturm droht, nachdem Kalmaegi verheerende Schäden angerichtet hat. Die Philippinen bereiten sich auf einen neuen Sturm in den kommenden Tagen vor, nachdem der Taifun Kalmaegi das Land heimgesucht hat. Kalmaegi verursachte auch in Vietnam Tod und Zerstörung.",Philippines: New storm looms after Kalmaegi wreaks havoc. The Philippines is bracing itself for a new storm in the coming days after Typhoon Kalmaegi pounded the country. Kalmaegi also caused deaths and destruction in Vietnam.,Philippinae: Nova tempestas post Kalmaegi vastationem vastat. Philippinae novam tempestatem in venturo post diebus Typhonis Kalmaegi patriam se cingentem. Etiam Kalmaegi mortes et exitium in Vietnam fecit.,2025-10-21 18:42:08+00:00
6efcf4b60a5e3bdfdd5ed19bb21a3090,2025-11-08T09:00:00Z,'flooding damage',www.cbc.ca,en,0.1,A City of Oshawa tree caused sewage to back up in this woman’s home. But the region won’t cover plumbing costs,"An Oshawa woman is warning other homeowners after Durham Region declined to cover $1,600 in plumbing costs caused by a city-owned tree, citing a bylaw.",https://www.cbc.ca/news/canada/toronto/city-of-oshawa-tree-sewage-back-up-durham-region-9.6969819,"https://i.cbc.ca/ais/d2c5d7d7-438b-4fd4-91a4-041891598f8c,1762462290517/full/max/0/default.jpg?im=Crop%2Crect%3D%280%2C535%2C5712%2C3213%29%3BResize%3D620",,"An Oshawa woman has a warning for homeowners after Durham Region declined to cover $1,600 in plumbing costs caused by a city-owned tree.
Bev Fiddler says the region is applying its bylaw unfairly, p… [+4574 chars]",,"Ein Baum in der Stadt Oshawa verursachte einen Abwasserstau im Haus dieser Frau. Die Kosten für die Sanitäranlagen übernimmt die Region jedoch nicht. Eine Frau aus Oshawa warnt andere Hausbesitzer, nachdem sich die Region Durham unter Berufung auf eine Satzung geweigert hat, 1.600 US-Dollar an Sanitärkosten zu übernehmen, die durch einen stadteigenen Baum verursacht wurden.","A City of Oshawa tree caused sewage to back up in this woman’s home. But the region won’t cover plumbing costs. An Oshawa woman is warning other homeowners after Durham Region declined to cover $1,600 in plumbing costs caused by a city-owned tree, citing a bylaw.","Urbs Oshawa arbor purgamentorum in domo mulieris huic fecit. At tellus sumptibus plumbatis non operiet. An femina Oshawa alios possessores monet postquam Durham Regionem $ 1,600 in plumbo sumptuum ab urbe possessore ligno causato tegere recusavit, bylaw citans.",2025-10-21 18:42:08+00:00
e935fdae067b359fe015f977503aa8fb,2025-11-08T10:25:52Z,'flooding mudslide',www.citizen.digital,en,0.1,"Gov't relocates Marakwet landslide victims, rolls out mental health support plan","The government has taken measures to help the victims of the Marakwet landslide by relocating the affected families to safe areas, providing mental health support and basic necessities.",https://www.citizen.digital/news/govt-relocates-marakwet-landslide-victims-rolls-out-mental-health-support-plan-n372681,https://assets.citizen.digital/161483/conversions/CS-Barasa-og_image.webp,,"The government has taken measures to help the victims of the Marakwet landslide by relocating the affected families to safe areas, providing mental health support and basic necessities. 
Speaking du… [+2394 chars]",,"Regierung verlegt Opfer des Erdrutschs in Marakwet um und führt Plan zur Unterstützung der psychischen Gesundheit ein. Die Regierung hat Maßnahmen ergriffen, um den Opfern des Marakwet-Erdrutschs zu helfen, indem sie die betroffenen Familien in sichere Gebiete umsiedelte und ihnen psychologische Unterstützung und Grundversorgung zur Verfügung stellte.","Gov't relocates Marakwet landslide victims, rolls out mental health support plan. The government has taken measures to help the victims of the Marakwet landslide by relocating the affected families to safe areas, providing mental health support and basic necessities.","Gov't victimas in ruinas Marakweti reponit, consilium salutis mentis subsidio volvit. Regimen consilium cepit ut victimas in terra Marakwet adiuvaret per familias affectatas in areas tutas relocando, subsidium mentis et necessitates fundamentales praebens.",2025-10-21 18:42:08+00:00
7df73ca1ba01e6407e93ec54690e7fb5,2025-11-08T10:43:01Z,'deluge',www.businessinsider.com,en,0.1,16 photos show how unhinged Black Friday shopping used to be,US shoppers and retailers used to really pull out the stops for the holiday season's big kickoff on the Friday after Thanksgiving.,https://www.businessinsider.com/photos-show-how-unhinged-black-friday-shopping-used-to-be-2025-10,https://i.insider.com/69012923599d46a4ccc106e9?width=1200&format=jpeg,,"A woman passes by a shop announcing Black Friday sales the day after Thanksgiving in New York City November 24,2017.Timothy A. Clary/AFP via Getty Images
<ul><li>US shoppers and retailers used to go… [+6689 chars]",,"16 Fotos zeigen, wie unruhig das Einkaufen am Black Friday früher war. Früher gaben US-Käufer und Einzelhändler für den großen Auftakt der Weihnachtszeit am Freitag nach Thanksgiving alle Hebel in Bewegung.",16 photos show how unhinged Black Friday shopping used to be. US shoppers and retailers used to really pull out the stops for the holiday season's big kickoff on the Friday after Thanksgiving.,16 imagines monstrant quomodo shopping Veneris nigrae tinguntur usus esse. US tabernarii et venditores re vera extrahere cessationes propter ferias temporum magnas kickoffs die Veneris post Gratiarum actiones sunt.,2025-10-21 18:42:08+00:00
cd13b29d69b3247dabe0b91a8ad47e8e,2025-11-08T13:37:54Z,'flooding damage',www.the-independent.com,en,0.1,Not all olive oils are not created equal. Experts explain how to find the best bottle,Olive oil is widely touted for its health benefits. Experts reveal how to pick the best bottle,https://www.the-independent.com/life-style/health-and-families/extra-virgin-olive-oil-harvest-b2859485.html,"https://static.the-independent.com/2025/11/05/18/10/GettyImages-2230753963.jpeg?trim=1,0,1,0&width=1200&height=800&crop=1200:800",,"Your support helps us to tell the story
From reproductive rights to climate change to Big Tech, The Independent is on the ground when the story is developing. Whether it's investigating the financia… [+5674 chars]",,"Nicht alle Olivenöle sind gleich. Experten erklären, wie man die beste Flasche findet. Olivenöl wird weithin für seine gesundheitlichen Vorteile angepriesen. Experten verraten, wie man die beste Flasche auswählt",Not all olive oils are not created equal. Experts explain how to find the best bottle. Olive oil is widely touted for its health benefits. Experts reveal how to pick the best bottle,Non omnes oleae pares creantur. Periti explicant utrem optimum invenire. Oleum olivae late ad sanitatis beneficia perstricta est. Peritis revelare quomodo eligo optimum utrem,2025-10-21 18:42:08+00:00
0b76aeb36b30245b77007ceb63f88d62,2025-11-08T13:56:35Z,'flooding residents',www.bbc.com,en,0.1,New typhoon bears down on Philippines days after deadly storm,Filipinos are bracing for the arrival of a new typhoon after one earlier this week left more than 200 people dead.,https://www.bbc.com/news/articles/cq509yj82y8o,https://ichef.bbci.co.uk/news/1024/branded_news/3665/live/41b39b30-bca9-11f0-9886-b3acf9644cc5.jpg,,"Dozens of families in Remedios T Romualde, on the island of Mindanao, are among those who have been evacuated ahead of the typhoon's arrival
The Philippines is bracing for the arrival of another pot… [+3604 chars]",,"Tage nach einem tödlichen Sturm wütet ein neuer Taifun über den Philippinen. Die Filipinos bereiten sich auf die Ankunft eines neuen Taifuns vor, nachdem bei einem Taifun Anfang dieser Woche mehr als 200 Menschen ums Leben kamen.",New typhoon bears down on Philippines days after deadly storm. Filipinos are bracing for the arrival of a new typhoon after one earlier this week left more than 200 people dead.,Novum typhonum in Philippinis diebus post pestiferam tempestatem deprimit. Filipinos comprehendunt adventum novi typhonis post unam ante hanc septimanam plus quam 200 homines mortuos reliquerunt.,2025-10-21 18:42:08+00:00
639d4ec385d094d7d9bde9dc25347d27,2025-11-08T15:20:01Z,'flooding damage',phys.org,en,0.1,We studied 217 tropical cyclones globally to see how people died. Our findings might surprise you,"Tropical cyclones—also known as hurricanes, typhoons or storms, depending on their location and intensity—are among the world's most destructive and costly climate disasters.",https://phys.org/news/2025-11-tropical-cyclones-globally-people-died.html,https://scx2.b-cdn.net/gfx/news/hires/2022/tropical-cyclones.jpg,,"Tropical cyclonesalso known as hurricanes, typhoons or storms, depending on their location and intensityare among the world's most destructive and costly climate disasters.
Their direct physical imp… [+5919 chars]",,"Wir haben weltweit 217 tropische Wirbelstürme untersucht, um herauszufinden, wie Menschen starben. Unsere Ergebnisse könnten Sie überraschen. Tropische Wirbelstürme – je nach Standort und Intensität auch Hurrikane, Taifune oder Stürme genannt – gehören zu den zerstörerischsten und kostspieligsten Klimakatastrophen der Welt.","We studied 217 tropical cyclones globally to see how people died. Our findings might surprise you. Tropical cyclones—also known as hurricanes, typhoons or storms, depending on their location and intensity—are among the world's most destructive and costly climate disasters.","Studimus 217 cyclones tropicae globaliter videre quomodo homines mortui sunt. Inventiones nostras ut mireris. Cyclones tropicae - quoque notae ut procellae, typhonae vel procellae, secundum situm et vehementiam earum, inter perniciosissimas et pretiosas mundi clades sunt.",2025-10-21 18:42:08+00:00
e453991c51d326ef133340dfe7ec009f,2025-11-08T18:12:20Z,'flooding damage',www.digitaljournal.com,en,0.1,"Tornado kills six, wrecks town in Brazil","A tornado killed at least six people and injured around 750 as it destroyed most of a town in southern Brazil, authorities said Saturday. The twister on Friday evening flipped cars like toys and wrecked buildings in Rio Bonito do Iguacu, a town of 14,000 peop…",https://www.digitaljournal.com/world/tornado-kills-six-wrecks-town-in-brazil/article,https://www.digitaljournal.com/wp-content/uploads/2025/11/fccdba71b98a5e8c735ebfa9a3a0b2135fca9520.jpg,,"This photo released by the Parana state government in Brazil shows the town of Rio Bonito do Iguacu after it was hit by a tornado on November 7, 2025 - Copyright Parana State Government/AFP Handout
… [+2132 chars]",,"Tornado tötet sechs Menschen, zerstört Stadt in Brasilien. Ein Tornado tötete mindestens sechs Menschen und verletzte etwa 750, als er den größten Teil einer Stadt im Süden Brasiliens zerstörte, teilten die Behörden am Samstag mit. Der Wirbelsturm am Freitagabend ließ in Rio Bonito do Iguacu, einer Stadt mit 14.000 Einwohnern, Autos wie Spielzeuge und zerstörte Gebäude umkippen.","Tornado kills six, wrecks town in Brazil. A tornado killed at least six people and injured around 750 as it destroyed most of a town in southern Brazil, authorities said Saturday. The twister on Friday evening flipped cars like toys and wrecked buildings in Rio Bonito do Iguacu, a town of 14,000 peop…","Pollucis sex necat, oppidum in Brasilia naufragia. Pollucis saltem sex homines necavit et circiter 750 vulneravit, ut maxime oppidum in Brasilia australi, Saturni auctores dixerunt. Veneris vespere tortor quasi nugas cars flipped et aedificia fracta in Rio Bonito do Iguacu, oppido 14000 hominum peop…",2025-10-21 18:42:08+00:00
dcedfadb72e858392782d692505b909a,2025-11-09T02:23:57Z,'flooding residents',www.abc.net.au,en,0.1,Philippines evacuates more than 1 million people ahead of second typhoon,The Philippines has evacuated more than a million people ahead of Super Typhoon Fung-wong making landfall.,https://www.abc.net.au/news/2025-11-09/philippines-evacuates-million-people-fung-wong-intensifies/105989236,https://live-production.wcms.abc-cdn.net.au/d19bc3ab3a5686df7bc5437531e114cf?impolicy=wcms_watermark_news&cropH=1146&cropW=2038&xPos=0&yPos=1&width=862&height=485&imformat=generic,,"Super Typhoon Fung-wong has started battering the Philippines' north-eastern coast ahead of landfall on Sunday.
So far, it has knocked out power and led to authorities evacuating more than a million… [+3724 chars]",,"Die Philippinen evakuieren vor dem zweiten Taifun mehr als eine Million Menschen. Die Philippinen haben mehr als eine Million Menschen evakuiert, bevor der Supertaifun Fung-wong auf Land traf.",Philippines evacuates more than 1 million people ahead of second typhoon. The Philippines has evacuated more than a million people ahead of Super Typhoon Fung-wong making landfall.,Philippinae plus quam 1 miliones hominum ante secundum typhonium evacuat. Philippinae plus quam decies centena millia hominum Super Typhonem Fung-wong antecessum traham facientem.,2025-10-21 18:42:08+00:00
619040f319ecbc04e91881bb4ada9a91,2025-11-09T04:30:52Z,'flooding residents',rollingout.com,en,0.1,Polk County Texas issues urgent dam evacuation order,"Emergency officials in Polk County, Texas, have ordered immediate evacuations after discovering serious structural damage to the Carter Lake Dam in Camden. The embankment compromise has created a potentially dangerous situation for nearby residents, with auth…",https://rollingout.com/2025/11/08/polk-county-texas-issues-dam-evacuation/,https://rollingout.com/wp-content/uploads/2025/11/e8522a1c-4c2a-4c2b-a89f-55fc7ac53fa7_1920x1080.jpg,,"Emergency officials in Polk County, Texas, have ordered immediate evacuations after discovering serious structural damage to the Carter Lake Dam in Camden. The embankment compromise has created a pot… [+4636 chars]",,"Polk County, Texas, erlässt dringende Anordnung zur Evakuierung des Staudamms. Rettungskräfte in Polk County, Texas, haben sofortige Evakuierungen angeordnet, nachdem sie schwere strukturelle Schäden am Carter-Lake-Staudamm in Camden festgestellt hatten. Der Uferdeich-Kompromiss hat eine potenziell gefährliche Situation für Anwohner geschaffen, da …","Polk County Texas issues urgent dam evacuation order. Emergency officials in Polk County, Texas, have ordered immediate evacuations after discovering serious structural damage to the Carter Lake Dam in Camden. The embankment compromise has created a potentially dangerous situation for nearby residents, with auth…","Polk comitatus Texas urgente matre evacuatione ordinis procedit. Subitis magistratus in Comitatu Polk, Texas, statim evacuationes imperaverunt postquam grave damnum structurarum in Carter Lake Dam in Camdeno repererunt. Compromissum aggeris potentialiter periculosum situm pro vicinis habitantibus creavit, cum auth…",2025-10-21 18:42:08+00:00
384f48dd8d0e60a74cd60726acd2f00a,2025-11-09T05:43:21Z,'flooding residents',www.digitaljournal.com,en,0.1,Philippines evacuates hundreds of thousands as super typhoon nears,"Nearly a million people have been evacuated and floodwaters were rising in the Philippines on Sunday before Typhoon Fung-wong’s expected late-night landfall on the east coast. The super typhoon, which comes just days after another storm ravaged the country, w…",https://www.digitaljournal.com/world/philippines-evacuates-hundreds-of-thousands-as-super-typhoon-nears/article,https://www.digitaljournal.com/wp-content/uploads/2025/11/8e6d9f963159734fc688823dcff0c9d2128a6f6e.jpg,,"Nearly a million people have been evacuated as the Philippines prepares for super Typhoon Fung-wong in Remedios . - Copyright AFP Erwin MASCARINAS
Nearly a million people have been evacuated and flo… [+3611 chars]",,"Die Philippinen evakuieren Hunderttausende, als sich ein Supertaifun nähert. Fast eine Million Menschen wurden evakuiert und am Sonntag stiegen die Überschwemmungen auf den Philippinen an, bevor Taifun Fung-wong voraussichtlich spät in der Nacht an der Ostküste landete. Der Supertaifun, der nur wenige Tage nach der Verwüstung eines weiteren Sturms über das Land kam, w…","Philippines evacuates hundreds of thousands as super typhoon nears. Nearly a million people have been evacuated and floodwaters were rising in the Philippines on Sunday before Typhoon Fung-wong’s expected late-night landfall on the east coast. The super typhoon, which comes just days after another storm ravaged the country, w…","Philippinae centena milia sicut super typhonium appropinquat. Fere decies centena milia hominum in Philippinis et aquae diluvii surgebant in Philippinis die Dominico ante Typhonem Fung-wong late-noctem in litore maritimo exspectavit. Eximius typhon, quod proximis diebus post alia tempestas patriam depopulatus est, w…",2025-10-21 18:42:08+00:00
bf7599bd7597c3e0dcd7599d3fd892c4,2025-11-09T06:44:36Z,'tidal surge',www.npr.org,en,0.1,Nearly a million people evacuate as Super Typhoon Fung-wong threatens the Philippines,"Super Typhoon Fung-wong, the biggest storm to threaten the Philippines this year, started battering the country's northeastern coast ahead of landfall on Sunday.",https://www.npr.org/2025/11/09/g-s1-97091/nearly-a-million-people-evacuate-as-super-typhoon-fung-wong-threatens-the-philippines,https://npr.brightspotcdn.com/dims3/default/strip/false/crop/6882x3871+0+358/resize/1400/quality/100/format/jpeg/?url=http%3A%2F%2Fnpr-brightspot.s3.amazonaws.com%2F5d%2F19%2F75e62383426da4e4ddb488b61e38%2Fap25311360634661.jpg,,"MANILA, Philippines Super Typhoon Fung-wong, the biggest storm to threaten the Philippines this year, started battering the country's northeastern coast ahead of landfall on Sunday, knocking down pow… [+3834 chars]",,"Fast eine Million Menschen werden evakuiert, da der Supertaifun Fung-wong die Philippinen bedroht. Der Supertaifun Fung-wong, der größte Sturm, der die Philippinen in diesem Jahr bedrohte, begann am Sonntag, bevor er auf Land traf, die Nordostküste des Landes zu verwüsten.","Nearly a million people evacuate as Super Typhoon Fung-wong threatens the Philippines. Super Typhoon Fung-wong, the biggest storm to threaten the Philippines this year, started battering the country's northeastern coast ahead of landfall on Sunday.","Fere decies centena millia hominum decedere sicut Eximius Typhon Fung-wong Philippinis imminet. Eximius Typhon Fung-wong, maxima tempestas hoc anno Philippinis imminere, oras septentrionales patriae septentrionalis ante casum die Dominico incepit.",2025-10-21 18:42:08+00:00
7db28c7ae66372614f3a42fd63835b8a,2025-11-09T07:01:35Z,'flooding residents',www.hurriyetdailynews.com,en,0.1,Nearly a million evacuate as typhoon nears Philippines,Nearly a million people have been evacuated and floodwaters were rising in the Philippines on Sunday before Typhoon Fung-wong's expected late-night landfall on the east coast.,https://www.hurriyetdailynews.com/nearly-a-million-evacuate-as-typhoon-nears-philippines-215516,https://image.hurimg.com/i/hurriyet/75/200x200/69103c440d616c03a2b04191.jpg,,"MANILA
Nearly a million people have been evacuated and floodwaters were rising in the Philippines on Sunday before Typhoon Fung-wong's expected late-night landfall on the east coast.
The super typh… [+3479 chars]",,"Fast eine Million Menschen werden evakuiert, als sich der Taifun den Philippinen nähert. Fast eine Million Menschen wurden evakuiert und am Sonntag stiegen die Überschwemmungen auf den Philippinen an, bevor Taifun Fung-wong voraussichtlich spät in der Nacht auf die Ostküste traf.",Nearly a million evacuate as typhoon nears Philippines. Nearly a million people have been evacuated and floodwaters were rising in the Philippines on Sunday before Typhoon Fung-wong's expected late-night landfall on the east coast.,"Prope decies centena millia excedere sicut typhon, iam appropinquat Philippinis. Fere decies centena milia hominum in Philippinis evacuefactae sunt et aquae diluvii in Philippinis die Dominico ante Typhoon Fung-wong expectata late-noctis lapsus in oram orientalem est.",2025-10-21 18:42:08+00:00
40aa486e8ad551f3ca0da94372ef44ee,2025-11-09T07:38:16Z,'flooding residents',www.thejournal.ie,en,0.1,Nearly a million evacuated in Philippines as super typhoon nears just days after previous typhoon,The typhoon is expected to bring up to eight inches of rainfall to some regions.,https://www.thejournal.ie/evacuation-philippines-super-typhoon-6869215-Nov2025/,https://img2.thejournal.ie/article/6869215/river/?height=400&version=6869217,,"NEARLY A MILLION people have been evacuated and floodwaters were rising in the Philippines this morning before Typhoon Fung-wongs expected late-night landfall on the east coast.
The super typhoon, w… [+3688 chars]",,"Fast eine Million wurden auf den Philippinen evakuiert, als sich der Supertaifun nur wenige Tage nach dem vorherigen Taifun näherte. Es wird erwartet, dass der Taifun in einigen Regionen bis zu 20 Zentimeter Niederschlag bringen wird.",Nearly a million evacuated in Philippines as super typhoon nears just days after previous typhoon. The typhoon is expected to bring up to eight inches of rainfall to some regions.,"Fere decies centena millia in Philippinis evacuata sicut super typhonium, mox post dies typhonium praecedente appropinquat. Typhon expectatur ad octo uncias pluviarum in regiones aliquas adducere.",2025-10-21 18:42:08+00:00
61f0a2e814402cf55ca12f5858d06ae8,2025-11-09T07:44:21Z,'flooding military',www.aljazeera.com,en,0.1,Nearly 1 million Filipinos evacuate as Super Typhoon Fung-wong approaches,Philippines weather bureau warns of 'life-threatening conditions' as super storm heads for its largest island.,https://www.aljazeera.com/news/2025/11/9/nearly-1-million-filipinos-evacuate-as-super-typhoon-fung-wong-approaches,https://www.aljazeera.com/wp-content/uploads/2025/11/2025-11-07T235956Z_1273815168_RC2ZRHAN0BNK_RTRMADP_3_ASIA-WEATHER-1762666232.jpg?resize=1920%2C1149,,"Nearly a million people have evacuated their homes in the Philippines as the country braced for another powerful storm, days after a typhoon killed more than 200 people.
The storm, named Fung-wong, … [+4225 chars]",,"Fast eine Million Filipinos müssen evakuiert werden, als sich der Supertaifun Fung-wong nähert. Das philippinische Wetteramt warnt vor „lebensbedrohlichen Bedingungen“, da ein Supersturm auf die größte Insel zusteuert.",Nearly 1 million Filipinos evacuate as Super Typhoon Fung-wong approaches. Philippines weather bureau warns of 'life-threatening conditions' as super storm heads for its largest island.,"Fere 1 decies centena milia Filipinos cedere, ut Super Typhonem Fung-wong accedit. Philippinae tempestas hendrerit monet ""condiciones vitae minaces"" tamquam super tempestate capita maximae insulae.",2025-10-21 18:42:08+00:00
d9aacc9e4cb1826c62c35bafce6f9944,2025-11-09T07:47:20Z,'flooding residents',biztoc.com,en,0.1,Philippine anger boils over as deadly typhoons and graft derail economy,"PoliticsPhilippine anger boils over as deadly typhoons and graft derail economy
Ghost projects haunt disaster-prone country as Marcos' corruption probes stir little hope
A drone view shows residents returning to the remains of their wrecked homes after heavy …",https://biztoc.com/x/99a2ab3ed17bb30d,https://biztoc.com/cdn/99a2ab3ed17bb30d_s.webp,,PoliticsPhilippine anger boils over as deadly typhoons and graft derail economyGhost projects haunt disaster-prone country as Marcos' corruption probes stir little hopeA drone view shows residents re… [+145 chars],,"Die Wut der Philippinen kocht über, als tödliche Taifune und Korruption die Wirtschaft entgleisen lassen. PolitikPhilippinischer Zorn kocht über, als tödliche Taifune und Korruption die Wirtschaft entgleisen lassen
Geisterprojekte treiben das katastrophengefährdete Land heim, während Marcos‘ Korruptionsermittlungen wenig Hoffnung wecken
Eine Drohnenaufnahme zeigt Anwohner, die nach schwerer Katastrophe zu den Überresten ihrer zerstörten Häuser zurückkehren …","Philippine anger boils over as deadly typhoons and graft derail economy. PoliticsPhilippine anger boils over as deadly typhoons and graft derail economy
Ghost projects haunt disaster-prone country as Marcos' corruption probes stir little hope
A drone view shows residents returning to the remains of their wrecked homes after heavy …","Philippinae ira exaestuat typhonas mortiferas et oeconomiam insitam derail. Politica Philippina ira exaestuat ut mortiferum typhonum et oeconomiam insitam derail
Sanctus incepta haunt calamitatis prone patriam sicut Marcos corruptelae rimatur spem concitare
Visus fucus ostendit incolas reverti ad reliquias domorum suarum dissipatarum cum gravibus ...",2025-10-21 18:42:08+00:00
59519f8ff3088fb686bbe22c072b381c,2025-11-09T08:31:52Z,'flooding residents',www.rte.ie,en,0.1,Super typhoon to hit Philippines as floodwaters rise,Nearly a million people have been evacuated and floodwaters are rising in the Philippines before Typhoon Fung-wong's expected late-night landfall on the east coast.,https://www.rte.ie/news/2025/1109/1542958-super-typhoon-philippines/,https://www.rte.ie/images/00237340-1600.jpg,,"Nearly a million people have been evacuated and floodwaters are rising in the Philippines before Typhoon Fung-wong's expected late-night landfall on the east coast.
The super typhoon, which comes ju… [+3540 chars]",,"Super-Taifun wird die Philippinen treffen, während die Überschwemmungen steigen. Fast eine Million Menschen wurden evakuiert und die Überschwemmungen auf den Philippinen steigen, bevor Taifun Fung-wong voraussichtlich spät in der Nacht auf die Ostküste trifft.",Super typhoon to hit Philippines as floodwaters rise. Nearly a million people have been evacuated and floodwaters are rising in the Philippines before Typhoon Fung-wong's expected late-night landfall on the east coast.,Super typhonium ledo Philippines sicut aquae diluvii oriuntur. Fere decies centena millia hominum exstinctae sunt et aquae diluvii in Philippinis oriuntur ante Typhonem Fung-wong nuper-nox expectatum in oram orientalem.,2025-10-21 18:42:08+00:00
0b382ce096f1ea31b666906367c2bcb2,2025-11-09T09:00:00Z,'flooding residents',www.cbc.ca,en,0.1,Clock ticks on Toronto laneway construction project as some residents grow antsy,"The constant dust, noise and parking headaches were to be expected, residents who use the Montrose laneway say about an ongoing city watermain replacement project. But the project has been going on nine months, and several residents who spoke with CBC Toronto…",https://www.cbc.ca/news/canada/toronto/toronto-laneway-complaints-9.6968443,"https://i.cbc.ca/ais/ee99e533-d910-4b73-ac56-1c076881e1d4,1762382128922/full/max/0/default.jpg?im=Crop%2Crect%3D%280%2C632%2C4032%2C2268%29%3BResize%3D620",,"The constant dust, noise and parking headaches were to be expected, residents who use the Montrose laneway say about an ongoing city watermain replacement project. 
But the project has been going on… [+4086 chars]",,"Die Uhr tickt beim Bau eines Gassenbauprojekts in Toronto, da einige Bewohner nervös werden. Der ständige Staub-, Lärm- und Parkproblem sei zu erwarten gewesen, sagen Anwohner, die die Montrose-Straße nutzen, über ein laufendes städtisches Wasserleitungsersatzprojekt. Aber das Projekt läuft seit neun Monaten und mehrere Bewohner, die mit CBC Toronto gesprochen haben …","Clock ticks on Toronto laneway construction project as some residents grow antsy. The constant dust, noise and parking headaches were to be expected, residents who use the Montrose laneway say about an ongoing city watermain replacement project. But the project has been going on nine months, and several residents who spoke with CBC Toronto…","Horologium ricini in Toronto laneway construction project ut aliqui habitant antsy crescunt. Constans pulvis, strepitus et dolores capitis raedi exspectandi sunt, habitant qui usum Montrose laneway dicunt de permanenti urbis watermain postea project. Sed propositum est novem mensibus, et plures incolas qui cum CBC Toronto locuti sunt.",2025-10-21 18:42:08+00:00
11b48ca80edfbe94071b25478187d4e8,2025-11-09T10:26:24Z,'tidal surge',www.cbc.ca,en,0.1,"Super typhoon threatens the Philippines, forcing more than 1 million people to evacuate","Super Typhoon Fung-wong, the biggest storm to threaten the Philippines this year, started battering the country's northeastern coast ahead of landfall on Sunday, knocking down power, forcing the evacuation of more than a million people and prompting the defen…",https://www.cbc.ca/news/world/super-typhoon-the-philippines-evacuation-9.6972581,"https://i.cbc.ca/ais/0777d1af-670c-4d20-8c04-df28215c1080,1762675039529/full/max/0/default.jpg?im=Crop%2Crect%3D%280%2C178%2C3432%2C1930%29%3BResize%3D620",,"Super Typhoon Fung-wong, the biggest storm to threaten the Philippines this year, started battering the country's northeastern coast ahead of landfall on Sunday, knocking down power, forcing the evac… [+4606 chars]",,"Ein Supertaifun bedroht die Philippinen und zwingt mehr als eine Million Menschen zur Evakuierung. Der Supertaifun Fung-wong, der größte Sturm, der die Philippinen in diesem Jahr bedrohte, begann am Sonntag vor der Landung über die Nordostküste des Landes zu wüten, legte den Strom lahm, erzwang die Evakuierung von mehr als einer Million Menschen und veranlasste die Verteidigung …","Super typhoon threatens the Philippines, forcing more than 1 million people to evacuate. Super Typhoon Fung-wong, the biggest storm to threaten the Philippines this year, started battering the country's northeastern coast ahead of landfall on Sunday, knocking down power, forcing the evacuation of more than a million people and prompting the defen…","Super typhonium Philippinis imminet, quod plus quam 1 decies centena millia hominum decedere cogunt. Eximius Typhon Fung-wong, maxima tempestas hoc anno Philippinis imminere, oras septentrionales patriae septentrionales ante casum in die Dominico collidere incepit, potentiam opprimens, plus quam decies centena millia hominum ad defensionem impellere cogens.",2025-10-21 18:42:08+00:00
6c7360834ff46c6f07d7f42b4deb8f9f,2025-11-09T11:53:29Z,'flooding residents',www.sunstar.com.ph,en,0.1,Frasco Blasts Gov Baricuatro: Liloan Residents Face Health,"RESIDENTS in the northern town of Liloan, Cebu are voicing urgent concerns over health hazards due to uncollected typhoon debris and animal remains, even as the",https://www.sunstar.com.ph/cebu/frasco-blasts-baricuatro-over-liloan-aid,https://media.assettype.com/sunstar%2F2025-08-13%2Fgcih135j%2Fp1.jpg?rect=0%2C23%2C750%2C394&w=1200&ar=40%3A21&auto=format%2Ccompress&ogImage=true&mode=crop&enlarge=true&overlay=false&overlay_position=bottom&overlay_width=100,,"RESIDENTS in the northern town of Liloan, Cebu are voicing urgent concerns over health hazards due to uncollected typhoon debris and animal remains, even as the towns representative publicly criticiz… [+2628 chars]",,"Frasco verprügelt Gouverneur Baricuatro: Einwohner von Liloan stehen vor gesundheitlichen Problemen. EINWOHNER in der nördlichen Stadt Liloan in Cebu äußern ihre dringende Besorgnis über Gesundheitsgefahren durch nicht eingesammelte Taifun-Trümmer und Tierreste, selbst als die","Frasco Blasts Gov Baricuatro: Liloan Residents Face Health. RESIDENTS in the northern town of Liloan, Cebu are voicing urgent concerns over health hazards due to uncollected typhoon debris and animal remains, even as the","Frasco Blasts Gov Baricuatro: Liloan Residentibus Face Health. RESIDENTES in oppido septentrionali Liloan, Cebu urgentes sollicitudines proclamant super sanitatis aleas ob typhonium strages et reliquias animalium incompositas, sicuti.",2025-10-21 18:42:08+00:00
0ca352c16bf7cb1efb177e158ab190b2,2025-11-09T12:00:24Z,'flooding residents',economictimes.indiatimes.com,en,0.1,"Super Typhoon Uwan: Airport operations suspended, 403 families evacuated — Here’s where the storm is heading",Several airports in the Bicol region suspended operations on Sunday as Super Typhoon Uwan (international name: Fung-Wong) battered the Philippines with intense rain and strong winds.,https://economictimes.indiatimes.com/news/international/us/super-typhoon-uwan-airport-operations-suspended-403-families-evacuated-heres-where-the-storm-is-heading/articleshow/125201122.cms,"https://img.etimg.com/thumb/msid-125201149,width-1200,height-630,imgsize-117042,overlay-economictimes/articleshow.jpg",,Several airports across the Bicol region have suspended operations on Sunday as Super Typhoon Uwan (international name: Fung-Wong) lashed the Philippines with torrential rain and powerful winds. The … [+4847 chars],,"Supertaifun Uwan: Flughafenbetrieb eingestellt, 403 Familien evakuiert – Hier geht der Sturm weiter. Mehrere Flughäfen in der Region Bicol stellten am Sonntag den Betrieb ein, als der Supertaifun Uwan (internationaler Name: Fung-Wong) die Philippinen mit heftigen Regenfällen und starken Winden heimsuchte.","Super Typhoon Uwan: Airport operations suspended, 403 families evacuated — Here’s where the storm is heading. Several airports in the Bicol region suspended operations on Sunday as Super Typhoon Uwan (international name: Fung-Wong) battered the Philippines with intense rain and strong winds.","Super Typhoon Uwan: Airport operationes suspensae, 403 familiae evacuatae sunt — Hic est ubi tempestas tendit. Plures nisl in regione Bicol suspensi operationes die Dominico sicut Super Typhoon Uwan (nomen internationale: Fung-Wong) ingentibus pluvia et ventis validis concutiebantur.",2025-10-21 18:42:08+00:00
1313a2b5a0b660da33119e3ef7b0aec2,2025-11-09T14:13:56Z,'flooding residents',www.yahoo.com,en,0.1,Super Typhoon Fung-wong makes landfall in Philippines,"Super Typhoon Fung-wong slammed into the Philippines' eastern seaboard on Sunday, the national weather service said, after killing at least two people and...",https://www.yahoo.com/news/videos/super-typhoon-fung-wong-makes-141356314.html,https://s.yimg.com/lo/mysterio/api/6F34B4298824F925AC13444C531D502F0CFE4C579AB2E93ECA3407202CD5288C/subgraphmysterio/resizefill_w1200_h675;quality_80;format_webp/https:%2F%2Fcf-images.us-east-1.prod.boltdns.net%2Fv1%2Fjit%2F6415665815001%2Fd0203068-2b61-4b46-afc8-5f9a3cc27b64%2Fmain%2F1280x720%2F30s581ms%2Fmatch%2Fimage.jpg,,"Super Typhoon Fung-wong slammed into the Philippines' eastern seaboard on Sunday, the national weather service said, after killing at least two people and forcing more than a million to evacuate.
Th… [+4041 chars]",,"Der Supertaifun Fung-wong trifft auf den Philippinen. Der Supertaifun Fung-wong stürzte am Sonntag auf die Ostküste der Philippinen, teilte der nationale Wetterdienst mit. Dabei kamen mindestens zwei Menschen ums Leben und ...","Super Typhoon Fung-wong makes landfall in Philippines. Super Typhoon Fung-wong slammed into the Philippines' eastern seaboard on Sunday, the national weather service said, after killing at least two people and...","Super Typhoon Fung-wong traham in Philippinis facit. Eximius Typhoon Fung-wong in oram Philippinarum orientalium impulit die Dominico, ministerium tempestatum nationalis dixit, postquam duos saltem homines necavit et...",2025-10-21 18:42:08+00:00
512afc88e93bcd7b3ba109502c0d3f9e,2025-11-09T14:30:37Z,'flooding residents',www.abc.net.au,en,0.1,Super Typhoon Fung-wong makes landfall in the Philippines,The massive storm has already left at least two people dead and forced more than a million people to evacuate from flood and landslide-prone areas.,https://www.abc.net.au/news/2025-11-10/super-typhoon-fung-wong-makes-landfall-in-the-philippines/105990002,https://live-production.wcms.abc-cdn.net.au/3c1e99020bb98747fd1b7f20c4af881c?impolicy=wcms_watermark_news&cropH=1125&cropW=2000&xPos=0&yPos=73&width=862&height=485&imformat=generic,,"Super Typhoon Fung-wong has slammed ashore in the north-eastern coast of the Philippines, officials say.
The massive storm has already left at least two people dead and forced more than a million pe… [+3390 chars]",,Der Supertaifun Fung-wong trifft auf den Philippinen. Der gewaltige Sturm hat bereits mindestens zwei Menschen das Leben gekostet und mehr als eine Million Menschen zur Evakuierung aus überschwemmungs- und erdrutschgefährdeten Gebieten gezwungen.,Super Typhoon Fung-wong makes landfall in the Philippines. The massive storm has already left at least two people dead and forced more than a million people to evacuate from flood and landslide-prone areas.,Super Typhoon Fung-wong traham in Philippinis facit. Tempestas ingens iam duos saltem homines mortuos reliquit et plus quam decies centena millia hominum ex diluvio et prona regione decedere coegit.,2025-10-21 18:42:08+00:00
7561cd64f4ff79902a1ba20249cd8291,2025-11-09T16:41:17Z,'tidal surge',www.cbsnews.com,en,0.1,Super Typhoon Fung-wong slams into Philippines after displacing 1 million,"The biggest typhoon to threaten the Philippines in years, Fung-wong could cover two-thirds of the archipelago with its 1,118-mile-wide rain and wind band, forecasters said.",https://www.cbsnews.com/news/super-typhoon-fung-wong-philippines/,https://assets1.cbsnewsstatic.com/hub/i/r/2025/11/09/d65c597d-ec2f-41d9-930b-15ceccf113cc/thumbnail/1200x630/2b79ff9b5fe3fe05cb5ecac5d9d86cb2/gettyimages-2245244069.jpg,,"Super Typhoon Fung-wong slammed ashore on Sunday in the northeastern coast of the Philippines, where the massive storm had already left at least two people dead and forced more than a million people … [+4726 chars]",,"Der Supertaifun Fung-wong trifft auf die Philippinen, nachdem er eine Million Menschen vertrieben hat. Fung-wong, der größte Taifun, der die Philippinen seit Jahren bedroht, könnte mit seinem 1.118 Meilen breiten Regen- und Windband zwei Drittel des Archipels bedecken, sagten Meteorologen.","Super Typhoon Fung-wong slams into Philippines after displacing 1 million. The biggest typhoon to threaten the Philippines in years, Fung-wong could cover two-thirds of the archipelago with its 1,118-mile-wide rain and wind band, forecasters said.","Eximius Typhon Fung-wong slams in Philippinas post 1 decies centena milia divellens. Maximus typhonium in Philippinis annis imminere potuit, Fung-wong duas tertias partes archipelagi cum suis 1,118-mille-latis pluviam et ventorum cohortem, forecasters operire posset, dixit.",2025-10-21 18:42:08+00:00
da4138c717c205b58b8a289a73fe22bf,2025-11-09T17:14:47Z,'flooding residents',www.pbs.org,en,0.1,"Super Typhoon Fung-wong slams into Philippines, killing 2 and displacing more than 1 million","Super Typhoon Fung-wong slammed ashore on Sunday in the northeastern coast of the Philippines, where the massive storm had already left at least two people dead and forced more than a million people to evacuate from flood- and landslide-prone areas, officials…",https://www.pbs.org/newshour/world/super-typhoon-fung-wong-slams-into-philippines-killing-2-and-displacing-more-than-1-million,https://d3i6fh83elv35t.cloudfront.net/static/2025/11/2025-11-09T110634Z_2128588058_RC2YSHAYB3K5_RTRMADP_3_ASIA-WEATHER-PHILIPPINES-1024x683.jpg,http://web.archive.org/web/20251110040009/https://www.pbs.org/newshour/world/super-typhoon-fung-wong-slams-into-philippines-killing-2-and-displacing-more-than-1-million,"MANILA, Philippines (AP) Super Typhoon Fung-wong slammed ashore on Sunday in the northeastern coast of the Philippines, where the massive storm had already left at least two people dead and forced mo… [+4362 chars]",,"Super-Taifun Fung-wong trifft auf die Philippinen, tötet zwei Menschen und vertreibt mehr als eine Million Menschen. Der Supertaifun Fung-wong schlug am Sonntag an der Nordostküste der Philippinen auf Land, wo der gewaltige Sturm bereits mindestens zwei Menschen das Leben gekostet und mehr als eine Million Menschen zur Evakuierung aus überschwemmungs- und erdrutschgefährdeten Gebieten gezwungen hatte, sagten Beamte…","Super Typhoon Fung-wong slams into Philippines, killing 2 and displacing more than 1 million. Super Typhoon Fung-wong slammed ashore on Sunday in the northeastern coast of the Philippines, where the massive storm had already left at least two people dead and forced more than a million people to evacuate from flood- and landslide-prone areas, officials…","Eximius Typhon Fung-wong slams in Philippenses occidit 2 et plus quam 1 decies centena milia dimovit. Eximius Typhoon Fung-wong littus impulit die Dominico in oram septentrionalium Philippinarum, ubi ingens tempestas iam duos saltem homines mortuos et plus quam decies centena millia hominum coegit ut de inundationibus et pronis locis ministri… decederet.",2025-10-21 18:42:08+00:00
e63a22601c64869dea102aebd4c23ff2,2025-11-09T20:00:24Z,'tidal surge',www.thejournal.ie,en,0.1,Here's What Happened Today: Sunday,The most important Irish and international stories you need to know today.,https://www.thejournal.ie/news-fox-09-11-25-6869623-Nov2025/,https://img2.thejournal.ie/article/6869623/river/?height=400&version=6869632,,"NEED TO CATCH up? The Journal brings you a round-up of todays news.
Taoiseach Micheál Martin attends the Remembrance Sunday laying of the wreath in Enniskillen. Government Information Service via Ro… [+1568 chars]",,"Folgendes ist heute passiert: Sonntag. Die wichtigsten irischen und internationalen Geschichten, die Sie heute kennen müssen.",Here's What Happened Today: Sunday. The most important Irish and international stories you need to know today.,Ecce hodie: Dominica. Praecipuae fabulae hibernicae et internationales hodie scire debes.,2025-10-21 18:42:08+00:00
fe331d9b42c4dc81dccf4718a7a1d962,2025-11-09T21:28:40Z,'tidal surge',japantoday.com,en,0.1,Super Typhoon Fung-wong slams into Philippines after already killing 2 and displacing 1 million,"Super Typhoon Fung-wong slammed ashore on Sunday in the northeastern coast of the Philippines, where the massive storm had already left at least two people dead and forced more than a million people to evacuate from flood- and landslide-prone areas, officials…",https://japantoday.com/category/world/super-typhoon-threatens-the-philippines-still-reeling-from-recent-storm-that-killed-more-than-200,,,"Super Typhoon Fung-wong slammed ashore on Sunday in the northeastern coast of the Philippines, where the massive storm had already left at least two people dead and forced more than a million people … [+4280 chars]",,"Der Supertaifun Fung-wong trifft auf die Philippinen, nachdem bereits zwei Menschen getötet und eine Million vertrieben wurden. Der Supertaifun Fung-wong schlug am Sonntag an der Nordostküste der Philippinen auf Land, wo der gewaltige Sturm bereits mindestens zwei Menschen das Leben gekostet und mehr als eine Million Menschen zur Evakuierung aus überschwemmungs- und erdrutschgefährdeten Gebieten gezwungen hatte, sagten Beamte…","Super Typhoon Fung-wong slams into Philippines after already killing 2 and displacing 1 million. Super Typhoon Fung-wong slammed ashore on Sunday in the northeastern coast of the Philippines, where the massive storm had already left at least two people dead and forced more than a million people to evacuate from flood- and landslide-prone areas, officials…","Eximius Typhoon Fung-wong slams in Philippinas postquam iam 2 occidere et 1 decies centena milia divellere. Eximius Typhoon Fung-wong littus die Dominico in septentrionali oram Philippinarum impulit, ubi ingens tempestas iam duos saltem homines mortuos reliquit et plus quam decies centena millia hominum ab inundationibus et pronis locis magistratibus decedere coegit.",2025-10-21 18:42:08+00:00
17b0da26a259c26b9c1ffc3ac6a80446,2025-11-09T21:30:19Z,'flooding residents',nypost.com,en,0.1,"Hacksaw-wielding NYC man chops down city trees to improve his million-dollar view — and he’s not alone, activists say: ‘Wild West back there’","""These people, they do the same. So I say, 'Why not?'"" the man said of his neighbors.",https://nypost.com/2025/11/09/us-news/nyc-man-chops-down-city-trees-to-improve-his-view-activists/,https://nypost.com/wp-content/uploads/sites/2/2025/11/powells-cove-trees-comp.jpg?quality=75&strip=all&1762611932&w=1200,,"A hacksaw-wielding homeowner last week razed a dozen city-owned trees in Queens to improve his million-dollar view, joining other residents greedily expanding their own vistas, too, activists say.
T… [+4606 chars]",,"Ein mit einer Bügelsäge schwingender Mann aus New York fällt Bäume in der Stadt, um seine Millionen-Dollar-Ansicht zu verbessern – und er ist nicht allein, sagen Aktivisten: „Wilder Westen da hinten“. „Diese Leute machen das Gleiche. Also sage ich: ‚Warum nicht?‘“, sagte der Mann über seine Nachbarn.","Hacksaw-wielding NYC man chops down city trees to improve his million-dollar view — and he’s not alone, activists say: ‘Wild West back there’. ""These people, they do the same. So I say, 'Why not?'"" the man said of his neighbors.","Hacksaw-wielding NYC homo arbores urbanas caedit ut suam sententiam decies centena millia emendare possit — et ipse non solus est, activists dicunt: 'Wild West reduxit ibi'. ""Isti faciunt idem. Dico ergo, ""Cur non?""",2025-10-21 18:42:08+00:00
e34e99911009651122a51bdb699a0603,2025-11-09T23:30:53Z,'deluge',www.bbc.com,en,0.1,Katie Razzall: A seismic moment that shows rift at top of BBC,"There may be more to this than meets the eye, says the BBC's culture and media editor.",https://www.bbc.com/news/articles/c07m2v1z4evo,https://ichef.bbci.co.uk/news/1024/branded_news/aa19/live/2eef7c30-bdc1-11f0-b964-7bcd3f76ccb4.jpg,,"Katie RazzallCulture and Media Editor
This is seismic. To lose both the director general and the CEO of BBC News at the same time is unprecedented. It's an extraordinary moment in the history of the… [+5971 chars]",,"Katie Razzall: Ein seismischer Moment, der die Kluft an der Spitze der BBC zeigt. Dahinter steckt möglicherweise mehr, als man auf den ersten Blick sieht, sagt der Kultur- und Medienredakteur der BBC.","Katie Razzall: A seismic moment that shows rift at top of BBC. There may be more to this than meets the eye, says the BBC's culture and media editor.","Katie Razzall: momentum seismic quod ostendit alienationem in vertice BBC. Plures esse possunt huic quam oculo conspicitur, culturae BBC et instrumentorum editoris dicit.",2025-10-21 18:42:08+00:00
a72f34afab278fa3acaa62e86b557a0e,2025-11-10T00:01:00Z,'tidal surge',news.sky.com,en,0.1,Remains of Israeli soldier killed in Gaza returned - 11 years later,"At present, the remains of four hostages from the current conflict remain in Gaza - with Israel criticising how long it is taking for them to be returned.",https://news.sky.com/story/hadar-goldin-remains-of-israeli-soldier-killed-in-gaza-returned-11-years-later-13467811,https://e3.365dm.com/25/11/1600x900/skynews-hadar-goldin-israel_7077748.jpg?20251110033739,,"The remains of a soldier killed in the Gaza Strip in 2014 have been returned to Israel.
Hadar Goldin was 23 and died just two hours after a ceasefire took effect.
For the past 11 years, his family … [+1847 chars]",,"Überreste eines in Gaza getöteten israelischen Soldaten kehrten zurück – 11 Jahre später. Derzeit befinden sich die sterblichen Überreste von vier Geiseln aus dem aktuellen Konflikt in Gaza – Israel kritisiert, wie lange es dauert, bis sie zurückgebracht werden.","Remains of Israeli soldier killed in Gaza returned - 11 years later. At present, the remains of four hostages from the current conflict remain in Gaza - with Israel criticising how long it is taking for them to be returned.",Reliquiae Israelis militis interfecti in Gaza redierunt - post annos XI. Hoc tempore reliquiae quattuor obsidum de conflictu hodierno in Gaza manent - reprehendens Israelem quam diu captus sit pro iis reddendis.,2025-10-21 18:42:08+00:00
88f78f11bda8ad63fc1512e42c537b71,2025-11-10T03:16:42Z,'flooding residents',www.bbc.com,en,0.1,Typhoon moves away from Philippines after killing two,"Fung-wong, which hit the Philippines as a super typhoon and later weakened, is expected to move to Taiwan.",https://www.bbc.com/news/articles/clykp36ewkzo,https://ichef.bbci.co.uk/news/1024/branded_news/5fd6/live/0c46e010-bde4-11f0-ae46-bd64331f0fd4.jpg,http://web.archive.org/web/20251110080445/https://www.bbc.com/news/articles/clykp36ewkzo,"Jonathan Head,South East Asia correspondent, Aurora, Philippines, 
Lulu Luo,Aurora, Philippines and 
The BBC's Jonathan Head says the Philippines is braced for an ""absolutely massive storm""
A weak… [+3676 chars]",,"Taifun entfernt sich von den Philippinen, nachdem zwei Menschen getötet wurden. Fung-wong, der als Super-Taifun die Philippinen traf und später schwächelte, wird voraussichtlich nach Taiwan ziehen.","Typhoon moves away from Philippines after killing two. Fung-wong, which hit the Philippines as a super typhoon and later weakened, is expected to move to Taiwan.","Typhoon discedit a Philippinis duobus interfectis. Fung-wong, quae Philippenses ut eximium typhonium feriebat et postea debilitavit, ad Taiwan se movere expectat.",2025-10-21 18:42:08+00:00
4e5c68e6d3f365c65c1d7cb84028267b,2025-11-10T06:53:55Z,'flooding residents',www.thejournal.ie,en,0.1,At least two dead and a million displaced after typhoon in Philippines,The “super-typhoon” hit the country Sunday evening.,https://www.thejournal.ie/typhoon-philippines-displaced-6869730-Nov2025/,https://img2.thejournal.ie/article/6869730/river/?height=400&version=6869736,,"A WEAKENING TYPHOON Fung-wong departed the Philippines over the South China Sea on Monday morning, after its driving winds and heavy rain killed at least two people and forced more than a million to … [+2497 chars]",,Mindestens zwei Tote und eine Million Vertriebene nach Taifun auf den Philippinen. Der „Super-Taifun“ traf am Sonntagabend das Land.,At least two dead and a million displaced after typhoon in Philippines. The “super-typhoon” hit the country Sunday evening.,"Saltem duo mortui et decies centena millia post typhonium in Philippinis emoti sunt. ""Super-typhon"" regionem vespertinis Solis attingit.",2025-10-21 18:42:08+00:00
c657a84e3b8ce798e3d93e59d169700c,2025-11-10T07:06:00Z,'flooding mudslide',www.thestar.com.my,en,0.1,Typhoon Fung-wong weakens in the Philippines as deaths rise to four,"ISABELA, Philippines (Reuters) -One of the year's most powerful storms in the Philippines, Super Typhoon Fung-wong has killed four people, authorities said on Monday, as they began assessing damage after its fury abated, though no reports of major destruction…",https://www.thestar.com.my/news/world/2025/11/10/typhoon-fung-wong-weakens-in-the-philippines-as-deaths-rise-to-four,https://apicms.thestar.com.my/uploads/images/2025/11/10/3614711.jpg,,"ISABELA, Philippines (Reuters) -One of the year's most powerful storms in the Philippines, Super Typhoon Fung-wong has killed four people, authorities said on Monday, as they began assessing damage a… [+1962 chars]",,"Der Taifun Fung-wong schwächt sich auf den Philippinen ab und die Zahl der Todesopfer steigt auf vier. ISABELA, Philippinen (Reuters) – Einer der stärksten Stürme des Jahres auf den Philippinen, der Supertaifun Fung-wong, hat vier Menschen getötet, teilten die Behörden am Montag mit, als sie mit der Schadensbeurteilung begannen, nachdem seine Heftigkeit nachgelassen hatte, es gab jedoch keine Berichte über größere Zerstörungen …","Typhoon Fung-wong weakens in the Philippines as deaths rise to four. ISABELA, Philippines (Reuters) -One of the year's most powerful storms in the Philippines, Super Typhoon Fung-wong has killed four people, authorities said on Monday, as they began assessing damage after its fury abated, though no reports of major destruction…","Typhoon Fung-wong in Philippinis debilitat ut mortes ad quattuor oriuntur. ISABELA, Philippines (Reuters) - Una anni tempestates potentissimae in Philippinis, Super Typhoon Fung-wong quattuor homines occiderunt, auctoritates die Lunae dixerunt, cum damna aestimare coeperunt postquam furorem eius defecerunt, quamquam nullae relationes maioris exitii…",2025-10-21 18:42:08+00:00
c9ac18c0a018e63f64776a63a7f63870,2025-11-10T09:45:00Z,'flooding residents',grist.org,en,0.1,Are we all living in Florida now? The rise of ‘don’t say climate’ politics.,"Talking about climate change may be politically radioactive, but adjusting to its effects is no longer optional.",https://grist.org/language/florida-adaptation-dont-say-climate-politics-bill-gates/,https://grist.org/wp-content/uploads/2025/11/Miami-Beach-shoreline-construction.jpg?quality=75&strip=all,,"Last May, as blistering-hot weather broke records across South Florida and smoke from distant wildfires in Mexico turned the sky hazy, Ron DeSantis, Floridas Republican governor, signed legislation e… [+7608 chars]",,"Leben wir jetzt alle in Florida? Der Aufstieg der „Sagen Sie nicht Klima“-Politik. Über den Klimawandel zu sprechen mag politisch radioaktiv sein, aber die Anpassung an seine Auswirkungen ist nicht länger optional.","Are we all living in Florida now? The rise of ‘don’t say climate’ politics.. Talking about climate change may be politically radioactive, but adjusting to its effects is no longer optional.","Omnesne nunc in Florida vivi sumus? Ortum 'non dicunt politicam climate'. Loquentes de mutatione climatis potest esse politice radioactiva, sed eius effectibus aptans iam non est libitum.",2025-10-21 18:42:08+00:00
c1d6733421ee0b91ccb3337c72b16550,2025-11-10T11:00:00Z,'flooding residents',www.theatlantic.com,en,0.1,What Climate Change Will Do to America by Mid-Century,Many places may become uninhabitable. Many people may be on their own.,https://www.theatlantic.com/magazine/2025/12/trump-climate-change-acceleration/684632/,https://cdn.theatlantic.com/thumbor/yt4e9yqEb7aNRftQlyCxqUOaPkk=/210x1089:4269x3203/1200x625/media/img/2025/10/20250109NAT_LA_WINDSTORM0269/original.jpg,http://web.archive.org/web/20251110193752/https://www.theatlantic.com/magazine/2025/12/trump-climate-change-acceleration/684632/,"Earlier this year, in the foothills of the San Gabriel Mountains, a graveyard was spared by the fire that sent thousands of Los Angeles residents fleeing into the coal-black night. Here, in Mountain … [+43687 chars]",,Was der Klimawandel bis Mitte des Jahrhunderts für Amerika bedeuten wird. Viele Orte könnten unbewohnbar werden. Viele Menschen sind möglicherweise auf sich allein gestellt.,What Climate Change Will Do to America by Mid-Century. Many places may become uninhabitable. Many people may be on their own.,What Climate Change will Do to America by Mid-Century. Multa loca inhabitabilia fient. Multi homines in sua possunt.,2025-10-21 18:42:08+00:00
94a866e3e4e944ef3026b034570ef7f7,2025-11-10T11:04:49Z,'flooding residents',ahouseinthehills.com,en,0.1,The Ultimate Handyman Price List: What Every Homeowner Should Know Before Hiring a Handyman Near Me,"Every South African homeowner has felt that sinking feeling when something breaks around the house. The leaking tap won’t stop dripping. The door refuses to close properly, or the wall desperately needs patching. The question that immediately follows is alway…",https://ahouseinthehills.com/the-ultimate-handyman-price-list-what-every-homeowner-should-know-before-hiring-a-handyman-near-me/,https://ahouseinthehills.com/wp-content/uploads/2025/11/handyman-near-me.jpeg,,"Every South African homeowner has felt that sinking feeling when something breaks around the house. The leaking tap won’t stop dripping. The door refuses to close properly, or the wall desperately ne… [+27118 chars]",,"Die ultimative Preisliste für Handwerker: Was jeder Hausbesitzer wissen sollte, bevor er einen Handwerker in meiner Nähe engagiert. Jeder südafrikanische Hausbesitzer hat schon einmal dieses frustrierende Gefühl gespürt, wenn rund um das Haus etwas kaputt geht. Der tropfende Wasserhahn hört nicht auf zu tropfen. Die Tür lässt sich nicht richtig schließen oder die Wand muss dringend ausgebessert werden. Die unmittelbar folgende Frage ist immer…","The Ultimate Handyman Price List: What Every Homeowner Should Know Before Hiring a Handyman Near Me. Every South African homeowner has felt that sinking feeling when something breaks around the house. The leaking tap won’t stop dripping. The door refuses to close properly, or the wall desperately needs patching. The question that immediately follows is alway…","Ultimum Handyman Price List: Quid Omnis Homeowner Sciat Ante Hiring a Handyman Circa Me. Omnis homo Africae Australis sensit se mergere affectum cum aliquid domum circumrumpit. Portasse sonum stillare non desinet. Ostium proprie claudere recusat, aut murus inaequalem perdite indiget. Quaestio quae statim sequitur semper est.",2025-10-21 18:42:08+00:00
38de9d0ff5e2da6ecbdb67b58e11cb78,2025-11-10T12:00:00Z,'flooding residents',www.bay12games.com,en,0.1,11/10/2025,"(Toady One) Here are some more fixes for the Siege Update.


<ul>
<li>Fixed crash when loading certain historical figures from the disk.</li>


<li>Fixed an occasional crash when doing multi-stage construction.</li>


<li>Fixed issue where battering ram opera…",http://www.bay12games.com/dwarves/index.html#2025-11-10,,http://web.archive.org/web/20251011113112/http://www.bay12games.com/dwarves/index.html,"<li>11/10/2025 Here are some more fixes for the Siege Update.
<ul><li>Fixed crash when loading certain historical figures from the disk.</li><li>Fixed an occasional crash when doing multi-stage cons… [+192539 chars]",,"10.11.2025. (Toady One) Hier sind einige weitere Korrekturen für das Siege-Update.


<ul>
<li>Absturz beim Laden bestimmter historischer Figuren von der Festplatte behoben.</li>


<li>Ein gelegentlicher Absturz beim mehrstufigen Bauen wurde behoben.</li>


<li>Problem behoben, bei dem Rammbockoper…","11/10/2025. (Toady One) Here are some more fixes for the Siege Update.


<ul>
<li>Fixed crash when loading certain historical figures from the disk.</li>


<li>Fixed an occasional crash when doing multi-stage construction.</li>


<li>Fixed issue where battering ram opera…","11/10/2025. (Toady One) Hic sunt quaedam plura destinata pro Update obsidione.


<ul>
<li>Fixus fragor cum quaedam historicas figuras ab orbe levant.</li>


<li>Fixa occasionaliter fragorem cum multi scaenae constructionem faciens.</li>


<li>Fixa caussa qua arietem opera ...",2025-10-21 18:42:08+00:00
705003ac05e07854fc3585f7e6018cb8,2025-11-10T12:00:00Z,'flooding residents',www.bay12games.com,en,0.1,2025-11-10: DF 53.03 Released,DF Version 53.03 has been released.,http://www.bay12games.com/dwarves/index.html#R2025-11-10,,http://web.archive.org/web/20251011113112/http://www.bay12games.com/dwarves/index.html,"<li>11/10/2025 Here are some more fixes for the Siege Update.
<ul><li>Fixed crash when loading certain historical figures from the disk.</li><li>Fixed an occasional crash when doing multi-stage cons… [+192539 chars]",,10.11.2025: DF 53.03 veröffentlicht. DF-Version 53.03 wurde veröffentlicht.,2025-11-10: DF 53.03 Released. DF Version 53.03 has been released.,2025-11-10: DF 53.03 Privatus. DF Version 53.03 dimissum est.,2025-10-21 18:42:08+00:00
26286e8539d4588f8f005b6ec587f419,2025-11-10T13:00:00Z,'tidal surge',www.dailysignal.com,en,0.1,Mamdani’s Far-Left Playbook Will Be Replicated Across the Country,"Is America about to be hit with a Mamdani-style socialist tidal wave? That’s what more than a few Americans are thinking as the dust settles... Read More
The post Mamdani’s Far-Left Playbook Will Be Replicated Across the Country appeared first on The Daily Si…",https://www.dailysignal.com/2025/11/10/mamdanis-far-left-playbook-will-replicated-across-country/,https://www.dailysignal.com/wp-content/uploads/2025/11/251106_Zo.jpg,http://web.archive.org/web/20251110133255/https://www.dailysignal.com/2025/11/10/mamdanis-far-left-playbook-will-replicated-across-country/,"Is America about to be hit with a Mamdani-style socialist tidal wave?
Thats what more than a few Americans are thinking as the dust settles on the unnerving election of socialist Democrat Zohran Mam… [+6664 chars]",,"Mamdanis linksextremes Playbook wird im ganzen Land nachgeahmt. Steht Amerika vor einer sozialistischen Flutwelle im Mamdani-Stil? Das ist es, was nicht wenige Amerikaner denken, während sich der Staub legt ... Lesen Sie mehr
Der Beitrag „Mamdanis rechtsextremes Playbook wird im ganzen Land nachgeahmt“ erschien zuerst auf The Daily Si…","Mamdani’s Far-Left Playbook Will Be Replicated Across the Country. Is America about to be hit with a Mamdani-style socialist tidal wave? That’s what more than a few Americans are thinking as the dust settles... Read More
The post Mamdani’s Far-Left Playbook Will Be Replicated Across the Country appeared first on The Daily Si…","Mamdani's Far-Left Playbook replicata erit Trans Patriam. Estne America ferienda cum unda Mamdani-styli socialistarum Thadal? Id est quod plus quam pauci Americani sicut pulvis insedit... Read More
Post Mamdanis Absolute Playbook Replicabitur Trans Patriam apparuit primum in Cotidie Si…",2025-10-21 18:42:08+00:00
5230a243a19f4f593c14b1849e04cadd,2025-11-10T16:42:52Z,'deluge',www.popsci.com,en,0.1,3I/Atlas isn’t deep space aliens and didn’t ‘change color’,Don't believe the comet conspiracy theories.,https://www.popsci.com/science/3i-atlas-alien-comet/,https://s.yimg.com/ny/api/res/1.2/jAMm7RmcoN5YY40AJb8d6g--/YXBwaWQ9aGlnaGxhbmRlcjt3PTEyMDA7aD02NzU7Y2Y9d2VicA--/https://media.zenfs.com/en/popular_science_109/212773e065094a71229a1ec69330370f,,"3I/ATLAS has quickly earned celestial celebrity status since its discovery in early July. Its only the third known object to visit our solar system from deep space, and at around 130,000 mph, its als… [+3062 chars]",,3I/Atlas ist kein Weltraum-Alien und hat seine Farbe nicht geändert. Glauben Sie nicht den Kometen-Verschwörungstheorien.,3I/Atlas isn’t deep space aliens and didn’t ‘change color’. Don't believe the comet conspiracy theories.,3I/Atlas non est altum spatium alienigenarum et non 'colorem mutatum'. Cometae coniurationis theoremata non credunt.,2025-10-21 18:42:08+00:00
14ca8c8a3686f45c5144d7099969df07,2025-11-10T23:07:07Z,'flooding mudslide',www.abc.net.au,en,0.1,"Typhoon Fung-wong leaves at least eight dead, displaces 1.4 million","The aftermath of a 1,800-kilometre-wide super typhoon has left more than a million people displaced from their homes in the Philippines.",https://www.abc.net.au/news/2025-11-11/typhoon-fung-wong-philippines/105994804,https://live-production.wcms.abc-cdn.net.au/cc21c4ee30f89e9cf865aeae5209d513?impolicy=wcms_watermark_news&cropH=2813&cropW=5000&xPos=0&yPos=0&width=862&height=485&imformat=generic,,"Typhoon Fung-wong blew out of the north-western Philippines on Monday, killing at least eight people and displacing more than 1.4 million others.
The typhoon, which was forecast to head toward Taiwa… [+3088 chars]",,"Der Taifun Fung-wong fordert mindestens acht Todesopfer und vertreibt 1,4 Millionen Menschen. Die Folgen eines 1.800 Kilometer breiten Supertaifuns haben mehr als eine Million Menschen auf den Philippinen aus ihrer Heimat vertrieben.","Typhoon Fung-wong leaves at least eight dead, displaces 1.4 million. The aftermath of a 1,800-kilometre-wide super typhoon has left more than a million people displaced from their homes in the Philippines.","Typhoon Fung-wong relinquit saltem octo mortuos, 1.4 miliones. Post mathematum chiliometrorum super typhonium 1.800-wide plus quam decies centena millia hominum e sedibus suis in Philippinis reliquit.",2025-10-21 18:42:08+00:00
446c7a6dae3ea0a8cded296fb5583125,2025-11-11T03:35:52Z,'flooding brigade',balloon-juice.com,en,0.1,"War for Ukraine Day 1,355: We Are Holding Our Own",“We are holding our own” was the last transmission from Captain McSorley of the SS Edmund Fitzgerald to the SS Arthur Anderson at 7;10 PM EST fifty years ago on 10 NOV 1975. McSorley had slowed his own transit of the storm to buddy up with the smaller and slo…,https://balloon-juice.com/2025/11/10/war-for-ukraine-day-1355-we-are-holding-our-own/,https://balloon-juice.com/wp-content/uploads/2020/01/Silverman_On_Security.jpg,,“We are holding our own” was the last transmission from Captain McSorley of the SS Edmund Fitzgerald to the SS Arthur Anderson at 7;10 PM EST fifty years ago on 10 NOV 1975. McSorley had slowed his o… [+24789 chars],,"Tag 1.355 des Krieges um die Ukraine: Wir halten uns. „Wir behaupten uns“ war die letzte Übertragung von Kapitän McSorley von der SS Edmund Fitzgerald an die SS Arthur Anderson um 19:10 Uhr EST vor fünfzig Jahren, am 10. November 1975. McSorley hatte seine eigene Durchquerung des Sturms verlangsamt, um mit den kleineren und langsameren mitzuhalten…","War for Ukraine Day 1,355: We Are Holding Our Own. “We are holding our own” was the last transmission from Captain McSorley of the SS Edmund Fitzgerald to the SS Arthur Anderson at 7;10 PM EST fifty years ago on 10 NOV 1975. McSorley had slowed his own transit of the storm to buddy up with the smaller and slo…","Bellum pro Ucraina diei 1,355: Nostram tenemus. ""Nostra tenemus"" fuit ultima transmissio a capitaneo McSorley de SS Edmund Fitzgerald ad SS Arthur Anderson die 7;10 PM EST quinquaginta abhinc annis die 10 NOV 1975. McSorley suum transitum tempestatis tardaverat cum minoribus ac slo…",2025-10-21 18:42:08+00:00
abba8f3253166a7c2a3c09489e3d6269,2025-11-11T09:00:00Z,'flooding military',www.cbc.ca,en,0.1,What does remembrance mean when war is livestreamed?,"Remembrance Day is about looking back. It’s about a collective memory of war, sacrifice and reflection. But today, conflict isn’t confined to the past; it streams live to our phones 24/7.",https://www.cbc.ca/news/world/remembrance-when-war-is-livestreamed-9.6974088,"https://i.cbc.ca/ais/6136c738-b221-44fd-b9b0-f88517834621,1762815169859/full/max/0/default.jpg?im=Crop%2Crect%3D%280%2C270%2C5184%2C2916%29%3BResize%3D620",,"Remembrance Day is about looking back. Its about a collective memory of war, sacrifice and reflection. But today, conflict isnt confined to the past; it streams live to our phones 24/7. 
Whether its… [+4902 chars]",,"Was bedeutet Erinnerung, wenn Krieg live übertragen wird? Beim Gedenktag geht es darum, zurückzublicken. Es geht um eine kollektive Erinnerung an Krieg, Opfer und Besinnung. Doch heute beschränken sich Konflikte nicht nur auf die Vergangenheit; Es wird rund um die Uhr live auf unsere Telefone übertragen.","What does remembrance mean when war is livestreamed?. Remembrance Day is about looking back. It’s about a collective memory of war, sacrifice and reflection. But today, conflict isn’t confined to the past; it streams live to our phones 24/7.","Quid sibi vult recordatio, cum bello victus est? Dies mei memoria est circa respiciens. Memoria collectiva belli, sacrificii et cogitationis est. Sed hodie conflictus praeterito tempore non finitur; rivulos nostros vivos telephona 24/7.",2025-10-21 18:42:08+00:00
7d6aa99ffb3dbf7322245bb48146c4ce,2025-11-11T13:05:32Z,'deluge',hbr.org,en,0.1,How to Make a Seemingly Impossible Leadership Decision,"Four guidelines for taking principled, decisive action—even when it seems like there are no good options.",https://hbr.org/2025/11/how-to-make-a-seemingly-impossible-leadership-decision,https://hbr.org/resources/images/article_assets/2025/11/Nov25_11_NathanStJohn.jpg,,"Todays leaders arent just navigating choppy waters. Theyre facing a deluge of seemingly impossible decisions. Should we restructure now or wait? How do we approach diversity, equity, and inclusion wi… [+281 chars]",,"Wie man eine scheinbar unmögliche Führungsentscheidung trifft. Vier Richtlinien für prinzipielles und entschlossenes Handeln – auch wenn es den Anschein hat, als gäbe es keine guten Optionen.","How to Make a Seemingly Impossible Leadership Decision. Four guidelines for taking principled, decisive action—even when it seems like there are no good options.","Facere Quam Impossibile Ductu Decision. Quattuor lineamenta ad principiatum, decisivam actionem accipiendam – etiam cum bonae optiones nullae esse videntur.",2025-10-21 18:42:08+00:00
789c01a793cae38d8350b26ab8d415a1,2025-11-11T14:51:13Z,'deluge',constitutionofinnovation.eu,en,0.1,Europe converged rapidly on the United States before stagnating,An academic paper examining Europe's innovation challenges and proposing a constitutional framework for economic renaissance.,https://constitutionofinnovation.eu/,https://constitutionofinnovation.eu/og-image.png,http://web.archive.org/web/20251111214148/https://constitutionofinnovation.eu/,"Introduction
In 1945, Europe was ruined. Average incomes were 22 percent lower than the United States at the start of the war; by the end that gap had grown to 75 percent. These economies were diffe… [+49585 chars]",,"Europa näherte sich schnell den Vereinigten Staaten an, bevor es stagnierte. Eine wissenschaftliche Arbeit, die die Innovationsherausforderungen Europas untersucht und einen Verfassungsrahmen für die wirtschaftliche Renaissance vorschlägt.",Europe converged rapidly on the United States before stagnating. An academic paper examining Europe's innovation challenges and proposing a constitutional framework for economic renaissance.,Europa celeriter in Civitatibus Foederatis Americae ante stagnantibus confluxit. Charta academica examinans provocationes innovationis Europae et proponit compagem constitutionis ad renascentiae oeconomicae.,2025-10-21 18:42:08+00:00
d015363be2da9a1e5ac52cfee739788a,2025-11-12T16:00:17Z,'deluge',www.makeuseof.com,en,0.1,5 more 90s movie series that need to make a comeback,"Now that The Mummy is returning, why not bring these iconic 90s movie series back, too?",https://www.makeuseof.com/more-90s-movie-series-that-need-to-make-a-comeback/,https://static0.makeuseofimages.com/wordpress/wp-content/uploads/2025/11/the-mummy.jpg?w=1200&h=675&fit=crop,,"November 2025 came with some wonderful news: Brendan Fraser and Rachel Weisz are in talks to star in a new Mummy movie, over 25 years after the first action-adventure film came out in 1999. Normally,… [+6107 chars]",,"5 weitere 90er-Jahre-Filmreihen, die ein Comeback brauchen. Jetzt, wo „Die Mumie“ zurückkehrt, warum nicht auch diese legendären Filmreihen aus den 90ern zurückbringen?","5 more 90s movie series that need to make a comeback. Now that The Mummy is returning, why not bring these iconic 90s movie series back, too?","5 plus 90s series pellicularum quae opus faciunt ut caveas. Nunc Mummy revertitur, cur non istas 90s series pelliculas iconicas etiam reducit?",2025-10-21 18:42:08+00:00
6bb7a60b80442664196cad0fc73cc844,2025-11-04T14:40:36Z,'flooding disaster',www.cbc.ca,en,0.6,At least 26 dead after Typhoon Kalmaegi barrels through Philippines,"Typhoon Kalmaegi has left at least 26 people dead in the Philippines, mostly in flooding set off by the storm, which barrelled across the central part of the country on Tuesday, disaster response officials said.",https://www.cbc.ca/news/world/typhoon-philippines-9.6965876,"https://i.cbc.ca/ais/e328b39d-ad96-4748-a294-faa8ae8f2560,1762264725583/full/max/0/default.jpg?im=Crop%2Crect%3D%280%2C0%2C1600%2C900%29%3BResize%3D620",,"Typhoon Kalmaegi has left at least 26 people dead in the Philippines, mostly in flooding set off by the storm, which barrelled across the central part of the country on Tuesday, disaster response off… [+3524 chars]",,"Mindestens 26 Tote, nachdem Taifun Kalmaegi über die Philippinen fegte. Der Taifun Kalmaegi hat auf den Philippinen mindestens 26 Menschen das Leben gekostet, die meisten davon infolge der Überschwemmungen, die durch den Sturm ausgelöst wurden, der am Dienstag über den zentralen Teil des Landes fegte, sagten Katastrophenschutzbeamte.","At least 26 dead after Typhoon Kalmaegi barrels through Philippines. Typhoon Kalmaegi has left at least 26 people dead in the Philippines, mostly in flooding set off by the storm, which barrelled across the central part of the country on Tuesday, disaster response officials said.","Saltem 26 post Typhonis Kalmaegi dolia per Philippinas mortua est. Typhoon Kalmaegi reliquit saltem 26 homines in Philippinis mortuos, maxime in inundatione, tempestate disiecta, quae transversam partem patriae dolioli die Martis, responsum calamitatis ministri dixerunt.",2025-10-21 18:42:08+00:00
7e02226b17d8411918ff23c507770465,2025-11-05T02:07:20Z,'flooding',www.digitaljournal.com,en,0.6,Typhoon death toll climbs to 66 in the Philippines,The death toll from Typhoon Kalmaegi in the Philippines climbed to 66 on Wednesday as residents of hardest-hit Cebu province began picking through homes and businesses devastated by the worst flooding in recent memory. Floodwaters described as unprecedented h…,https://www.digitaljournal.com/world/typhoon-death-toll-climbs-to-66-in-the-philippines/article,https://www.digitaljournal.com/wp-content/uploads/2025/11/eac90e658ca68f3b541c6d7bdc0b047aa9a387fc.jpg,,"Rescuers carry a resident past cars washed away by floods at the height of Typhoon Kalmaegi in the Philippines' Cebu City - Copyright AFP Alan TANGCAWAN
The death toll from Typhoon Kalmaegi in the P… [+3444 chars]",,"Die Zahl der Taifun-Todesopfer auf den Philippinen steigt auf 66. Die Zahl der Todesopfer durch den Taifun Kalmaegi auf den Philippinen stieg am Mittwoch auf 66, als Bewohner der am stärksten betroffenen Provinz Cebu damit begannen, Häuser und Geschäfte zu durchsuchen, die von der schlimmsten Überschwemmung der letzten Zeit zerstört worden waren. Überschwemmungen werden als beispielloses Ausmaß beschrieben …",Typhoon death toll climbs to 66 in the Philippines. The death toll from Typhoon Kalmaegi in the Philippines climbed to 66 on Wednesday as residents of hardest-hit Cebu province began picking through homes and businesses devastated by the worst flooding in recent memory. Floodwaters described as unprecedented h…,Typhonis vectigal ascendit 66 in Philippinis. Mortuus vectigal a Typhoon Kalmaegi in Philippinis ascendit ad 66 die Mercurii ut incolas provinciae Cebu-caeli durissimae per domos et negotiationes pessimas recentis memoriae inundatione vastatas legere coepit. Inauditum h... descripsit aquae diluvii.,2025-10-21 18:42:08+00:00
a169fe19cf7965ae70f8a99dcdd26232,2025-11-05T06:05:22Z,'flooding',abcnews.go.com,en,0.6,"Typhoon Kalmaegi leaves 66 dead, mainly in Philippine province still recovering from deadly quake","Typhoon Kalmaegi has left at least 66 people dead with 26 others missing in the central Philippines, many in widespread flooding that trapped people on their roofs and swept away scores of cars in a hard-hit province still recovering from a recent dead...",https://abcnews.go.com/International/wireStory/typhoon-kalmaegi-leaves-66-dead-philippine-province-recovering-127194748,https://i.abcnewsfe.com/a/b64af81e-7999-4b6a-825c-de980b87b529/wirestory_d6a0d865bfdb6e6ea57d927fce0da7b7_16x9.jpg?w=1600,,"MANILA, Philippines -- MANILA, Philippines (AP) Typhoon Kalmaegi has left at least 66 people dead with 26 others missing in the central Philippines, many in widespread flooding that trapped people on… [+5186 chars]",,"Der Taifun Kalmaegi fordert 66 Todesopfer, vor allem in der philippinischen Provinz, die sich noch immer von dem tödlichen Beben erholt. Der Taifun Kalmaegi hat in den Zentralphilippinen mindestens 66 Todesopfer gefordert, 26 weitere werden vermisst, viele von ihnen infolge großflächiger Überschwemmungen, bei denen Menschen auf ihren Dächern eingeschlossen und zahlreiche Autos weggeschwemmt wurden.","Typhoon Kalmaegi leaves 66 dead, mainly in Philippine province still recovering from deadly quake. Typhoon Kalmaegi has left at least 66 people dead with 26 others missing in the central Philippines, many in widespread flooding that trapped people on their roofs and swept away scores of cars in a hard-hit province still recovering from a recent dead...","Typhoon Kalmaegi relinquit 66 mortuus, praesertim in provincia Philippina adhuc ex motu lethali convalescens. Typhoon Kalmaegi saltem 66 homines mortuos cum 26 aliis in Philippinis centralibus desideratis reliquit, multos in inundatione late diffusa, qui homines in tectis capti sunt et pereuntia carrosa in provincia duro adhuc a recenti mortuo recuperata recesserunt.",2025-10-21 18:42:08+00:00
38ebd15c80d6328b43c165fcdfa98a1f,2025-11-05T11:00:54Z,'floods',www.cbc.ca,en,0.6,"At least 66 dead after Typhoon Kalmaegi floods Philippines, engulfing entire communities","Typhoon Kalmaegi has left at least 66 people dead with 26 others missing in the central Philippines, many in widespread flooding that trapped people on their roofs and swept away cars in a hard-hit province still recovering from a deadly earthquake, officials…",https://www.cbc.ca/news/world/typhoon-kalmaegi-philippines-9.6967346,"https://i.cbc.ca/ais/b4f3d0cb-4bfc-48d9-9d2d-94806fd065ce,1762337742753/full/max/0/default.jpg?im=Crop%2Crect%3D%280%2C60%2C1153%2C648%29%3BResize%3D620",http://web.archive.org/web/20251108205940/https://www.cbc.ca/news/world/typhoon-kalmaegi-philippines-9.6967346,"Typhoon Kalmaegi has left at least 66 people dead with 26 others missing in the central Philippines, many in widespread flooding that trapped people on their roofs and swept away cars in a hard-hit p… [+4804 chars]",,"Mindestens 66 Tote, nachdem der Taifun Kalmaegi die Philippinen überschwemmt und ganze Gemeinden erfasst hat. Der Taifun Kalmaegi hat in den Zentralphilippinen mindestens 66 Menschen getötet und 26 weitere vermisst. Viele von ihnen wurden bei großflächigen Überschwemmungen getötet, bei denen Menschen auf ihren Dächern eingeschlossen und Autos weggeschwemmt wurden.","At least 66 dead after Typhoon Kalmaegi floods Philippines, engulfing entire communities. Typhoon Kalmaegi has left at least 66 people dead with 26 others missing in the central Philippines, many in widespread flooding that trapped people on their roofs and swept away cars in a hard-hit province still recovering from a deadly earthquake, officials…","Saltem 66 mortuus est post Typhonam Kalmaegi inundationes Philippinarum, totam communitatem inundans. Typhoon Kalmaegi reliquit homines saltem 66 mortuos cum 26 aliis in Philippinis centralibus absentis, multos in inundatione late diffusa, qui homines in tectis capti sunt et cars in duro impetu provinciae adhuc ex funesto terrae motu ministri recuperantes recesserunt.",2025-10-21 18:42:08+00:00
c5c0d6be59541de391f31e855d6d1f77,2025-11-05T16:24:50Z,'flooding evacuation',www.bostonherald.com,en,0.6,"Typhoon Kalmaegi leaves 85 dead, mainly in Philippine province still recovering from deadly quake",Many were trapped on roofs or swept away by floods in Cebu.,https://www.bostonherald.com/2025/11/05/typhoon-kalmaegi-death-toll/,https://www.bostonherald.com/wp-content/uploads/2025/11/APTOPIX_Philippines_Extreme_Weather_Asia_Typhoon_73589-1.jpg?w=1024&h=683,,"By JIM GOMEZ, Associated Press
MANILA, Philippines (AP) Typhoon Kalmaegi has left at least 85 people dead with 75 others missing in the central Philippines, many in widespread flooding that trapped … [+4887 chars]",,"Der Taifun Kalmaegi fordert 85 Todesopfer, vor allem in der philippinischen Provinz, die sich noch immer von dem tödlichen Beben erholt. Viele wurden auf Dächern eingeschlossen oder von den Überschwemmungen in Cebu weggeschwemmt.","Typhoon Kalmaegi leaves 85 dead, mainly in Philippine province still recovering from deadly quake. Many were trapped on roofs or swept away by floods in Cebu.","Typhoon Kalmaegi relinquit 85 mortuus, praesertim in provincia Philippina, adhuc ex motu lethali convalescens. Multi in tectis comprehensi sunt aut inundationibus in Cebu rapti.",2025-10-21 18:42:08+00:00
4e5fa241fb7b312ec004249988c6996f,2025-11-05T17:31:43Z,'floods',www.aljazeera.com,en,0.6,Philippines begins cleanup as Typhoon Kalmaegi death toll hits 85,"Residents say powerful storm brought 'raging' flash floods that destroyed homes, overturned cars and blocked streets.",https://www.aljazeera.com/news/2025/11/5/philippines-begins-cleanup-as-typhoon-kalmaegi-death-toll-hits-85,https://www.aljazeera.com/wp-content/uploads/2025/11/afp_690b76d3b699-1762358995.jpg?resize=1920%2C1440,,"Residents of the central Philippines have slowly begun cleanup efforts after powerful Typhoon Kalmaegi swept through the region, killing at least 85 people and leaving dozens missing.
Scenes of wide… [+2552 chars]",,"Die Philippinen beginnen mit den Aufräumarbeiten, da die Zahl der Todesopfer durch den Taifun Kalmaegi 85 erreicht. Anwohner sagen, dass ein heftiger Sturm „tobende“ Sturzfluten verursacht habe, die Häuser zerstört, Autos umgeworfen und Straßen blockiert haben.","Philippines begins cleanup as Typhoon Kalmaegi death toll hits 85. Residents say powerful storm brought 'raging' flash floods that destroyed homes, overturned cars and blocked streets.","Philippinae tersus incipit ut Typhoon Kalmaegi mortis vectigal percusserit 85. Incolae dicunt tempestatem validam intulisse 'irae' diluvia quae domos diruerunt, carros everterunt et vias obstruxerunt.",2025-10-21 18:42:08+00:00
306e2560f334fbb852d9cf5b69efef6a,2025-11-06T02:12:58Z,'floods',indianexpress.com,en,0.6,"Typhoon Kalmaegi leaves 114 dead, 127 missing in Philippines, many in province recovering from quake","Most of the deaths were reported in the central province of Cebu, which was pummeled by Kalmaegi on Tuesday, setting off flash floods and causing a river and other waterways to overflow, said Bernardo Rafaelito Alejandro IV, deputy administrator of the Office…",https://indianexpress.com/article/world/typhoon-kalmaegi-leaves-over-100-dead-127-missing-in-philippines-10348754/,https://images.indianexpress.com/2025/11/typhoon_7dc445.jpg,,Philippine officials said Thursday the death toll from widespread flooding and devastation caused by Typhoon Kalmaegi in the countrys central region has risen to at least 114 with 127 people reported… [+4047 chars],,"Taifun Kalmaegi fordert auf den Philippinen 114 Tote, 127 Vermisste, viele in der Provinz erholen sich vom Erdbeben. Die meisten Todesfälle wurden in der Zentralprovinz Cebu gemeldet, die am Dienstag von Kalmaegi heimgesucht wurde, was Sturzfluten auslöste und einen Fluss und andere Wasserstraßen zum Überlaufen brachte, sagte Bernardo Rafaelito Alejandro IV, stellvertretender Administrator des Büros …","Typhoon Kalmaegi leaves 114 dead, 127 missing in Philippines, many in province recovering from quake. Most of the deaths were reported in the central province of Cebu, which was pummeled by Kalmaegi on Tuesday, setting off flash floods and causing a river and other waterways to overflow, said Bernardo Rafaelito Alejandro IV, deputy administrator of the Office…","Typhoon Kalmaegi folia 114, mortua, 127, in Philippinis desunt, multae in provincia commoti recepi. Pleraque funera nuntiata sunt in media provincia Cebu, quae die Martis Kalmaegi turbata est, inundationes micare et flumen et alias aquas exundare causans, dixit Bernardo Rafaelito Alejandro IV, administratorem Officii vicarium.",2025-10-21 18:42:08+00:00
45aaca10ebbfc7c7417057c4a2142149,2025-11-04T03:27:17Z,'flooding storm',www.yahoo.com,en,0.7,Floods strand people on roofs as typhoon pounds Philippines,"Residents sought refuge on rooftops and cars floated through flooded streets on Tuesday as Typhoon Kalmaegi battered the central Philippines, leaving at...",https://www.yahoo.com/news/articles/floods-strand-people-roofs-typhoon-032717383.html,https://media.zenfs.com/en/afp.com/b8ccff144ad43a94462e2f8fac8a91cb,http://web.archive.org/web/20251108205620/https://www.yahoo.com/news/articles/floods-strand-people-roofs-typhoon-032717383.html,"Residents sought refuge on rooftops and cars floated through flooded streets on Tuesday as Typhoon Kalmaegi battered the central Philippines, leaving at least two people dead.
Hundreds of thousands … [+3121 chars]",,"Überschwemmungen stranden Menschen auf Dächern, während der Taifun über die Philippinen fegt. Anwohner suchten Zuflucht auf Dächern und Autos schwebten am Dienstag durch überflutete Straßen, als der Taifun Kalmaegi die Zentralphilippinen verwüstete und ...","Floods strand people on roofs as typhoon pounds Philippines. Residents sought refuge on rooftops and cars floated through flooded streets on Tuesday as Typhoon Kalmaegi battered the central Philippines, leaving at...","Flumina acia populo in tectis habent, ut typhon librae Philippinae. Residentes perfugium tectorum et carrorum per vias inundatas die Martis nataverunt ut Typhoon Kalmaegi medias Philippinas quassavit, relinquens apud ...",2025-10-21 18:42:08+00:00
b82278e63d9168b0c4c03a10c5e14079,2025-11-04T06:07:42Z,'floods',www.bbc.com,en,0.7,Wildfires and floods cost emergency services £11m,Calls are being made by London Fire Brigade for more investment in climate change resilience.,https://www.bbc.com/news/articles/cdrzzjmy73eo,https://ichef.bbci.co.uk/news/1024/branded_news/bb2e/live/de10e480-b685-11f0-b027-61021c9d4006.jpg,,"Kumail JafferLocal Democracy Reporting Service, City Hall
Firefighters are having to tackle large fires like this at Beam Park, Dagenham 
London's emergency services have spent more than £11m respo… [+2422 chars]",,Waldbrände und Überschwemmungen kosten Rettungsdienste 11 Millionen Pfund. Die Londoner Feuerwehr fordert mehr Investitionen in die Widerstandsfähigkeit gegen den Klimawandel.,Wildfires and floods cost emergency services £11m. Calls are being made by London Fire Brigade for more investment in climate change resilience.,Wildfires et flumina periculosa officia £11m constant. Vocatus ab Fire Brigade Londinii factus est ut plus obsideretur in mollitie climatis mutatione.,2025-10-21 18:42:08+00:00
b946f39de3e2a4211822ae0e05d25f95,2025-11-04T06:23:37Z,'flooding',www.aljazeera.com,en,0.7,Two dead as Typhoon Kalmaegi brings massive flooding in central Philippines,"Residents seek refuge on rooftops, and cars float through flooded streets on the island of Cebu.",https://www.aljazeera.com/news/2025/11/4/two-dead-as-typhoon-kalmaegi-brings-massive-flooding-in-central,https://www.aljazeera.com/wp-content/uploads/2025/11/AFP__20251104__82WQ2YJ__v2__MidRes__PhilippinesWeatherTyphoon-1762230819.jpg?resize=1200%2C630,,"Rain-soaked residents sought refuge on rooftops, and cars floated through flooded streets as Typhoon Kalmaegi battered central Philippines, killing at least two people, according to the national disa… [+3038 chars]",,"Zwei Tote, als Taifun Kalmaegi im Zentrum der Philippinen zu massiven Überschwemmungen führt. Auf der Insel Cebu suchen Anwohner Zuflucht auf Dächern und Autos treiben durch überflutete Straßen.","Two dead as Typhoon Kalmaegi brings massive flooding in central Philippines. Residents seek refuge on rooftops, and cars float through flooded streets on the island of Cebu.","Duo Typhoon Kalmaegi mortui tamquam ingentes in centralibus Philippinis inundationem inducunt. Residentes refugerunt tectorum, et carri per vias inundatas in insula Cebu natant.",2025-10-21 18:42:08+00:00
a97f3678147cb07cf9dc79a99986af10,2025-11-04T06:57:55Z,'deluge',www.channelnewsasia.com,en,0.7,Vietnam flood death toll hits 40 as Typhoon Kalmaegi looms,"HANOI: The death toll from a week of flooding and record rains in central Vietnam rose to 40 on Tuesday (Nov 4), authorities said, as another powerful storm bore down on the battered region.Vietnam's central belt has been deluged by torrential rains, turning …",https://www.channelnewsasia.com/asia/typhoon-kalmaegi-loom-vietnam-flood-death-toll-5444126,"https://dam.mediacorp.sg/image/upload/s--J-DjDfMb--/c_crop,h_1840,w_3272,x_0,y_72/c_fill,g_auto,h_676,w_1200/fl_relative,g_south_east,l_one-cms:core:watermark:ap_data-1,w_0.1/f_auto,q_auto/v1/mediacorp/cna/image/2025/11/04/ap25303282741204.jpg?itok=A1FBi0NL",,"HANOI: The death toll from a week of flooding and record rains in central Vietnam rose to 40 on Tuesday (Nov 4), authorities said, as another powerful storm bore down on the battered region.
Vietnam… [+959 chars]",,"Die Zahl der Todesopfer bei Überschwemmungen in Vietnam steigt auf 40, während der Taifun Kalmaegi droht. HANOI: Die Zahl der Todesopfer nach einer Woche Überschwemmungen und Rekordregenfällen in Zentralvietnam ist am Dienstag (4. November) auf 40 gestiegen, teilten die Behörden mit, als ein weiterer starker Sturm über die gebeutelte Region hinwegfegte. Der zentrale Gürtel Vietnams wurde von sintflutartigen Regenfällen überschwemmt, die …","Vietnam flood death toll hits 40 as Typhoon Kalmaegi looms. HANOI: The death toll from a week of flooding and record rains in central Vietnam rose to 40 on Tuesday (Nov 4), authorities said, as another powerful storm bore down on the battered region.Vietnam's central belt has been deluged by torrential rains, turning …","Vietnam inundatio mortuorum 40 as Typhon Kalmaegi imminet. HANOI: Mortis vectigal ex hebdomade inundationis et pluviae recordationis in Vietnamia media resurrexit ad 40 die Martis (Nov. 4), auctores dixerunt, sicut alia tempestas validissima in regione quassata detulit. Vietnam balteum centrale aquis torrentibus imbribus devolutum est...",2025-10-21 18:42:08+00:00
cc9fe4c109ebfea3f74b63d406afd2b9,2025-11-04T10:39:00Z,'floods',news.sky.com,en,0.7,At least 46 killed after typhoon unleashes heavy rains and floods in Philippines,"At least 46 people have died after Typhoon Kalmaegi unleashed heavy rains and floods across the central Philippines, trapping people on their roofs and submerging cars, officials say.",https://news.sky.com/story/typhoon-kalmaegi-at-least-46-killed-after-storm-unleashes-heavy-rains-and-floods-in-philippines-13463701,https://e3.365dm.com/25/11/1600x900/skynews-philippines-kalmaegi_7071433.jpg?20251104095326,,"At least 46 people have died after Typhoon Kalmaegi unleashed heavy rains and floods across the central Philippines, trapping people on their roofs and submerging cars, officials say.
The dead inclu… [+3065 chars]",,"Mindestens 46 Tote, nachdem Taifun auf den Philippinen schwere Regenfälle und Überschwemmungen auslöste. Mindestens 46 Menschen starben, nachdem der Taifun Kalmaegi im Zentrum der Philippinen schwere Regenfälle und Überschwemmungen auslöste, Menschen auf ihren Dächern festhielt und Autos unter Wasser setzte, sagen Beamte.","At least 46 killed after typhoon unleashes heavy rains and floods in Philippines. At least 46 people have died after Typhoon Kalmaegi unleashed heavy rains and floods across the central Philippines, trapping people on their roofs and submerging cars, officials say.","Saltem 46 post typhonem occisus est imbribus et diluviis in Philippinis concitat. Saltem XLVI homines postquam Typhonis Kalmaegi mortuus est, imbribus et inundationibus per medias Philippinas invehitur, homines in tectis suis captare et currus submergendos magistratus dicunt.",2025-10-21 18:42:08+00:00
8462c50f32596dae2a3bed13251a2f23,2025-11-04T11:04:53Z,'flooding',www.insurancejournal.com,en,0.7,Typhoon Kalmaegi Kills 21 as It Pummels Central Philippines,"Typhoon Kalmaegi killed 21 people and displaced nearly 400,000 more as it dumped heavy rains and caused widespread flooding in central Philippines, according to officials and local media. Many of the fatalities were in Cebu province where residents were trapp…",https://www.insurancejournal.com/news/international/2025/11/04/846340.htm,https://www.insurancejournal.com/app/uploads/2025/11/people-evacuate-before-typhoon-kalmaegi-in-philippines-getty-scaled.jpg,http://web.archive.org/web/20251106070454/https://www.insurancejournal.com/news/international/2025/11/04/846340.htm,"Typhoon Kalmaegi killed 21 people and displaced nearly 400,000 more as it dumped heavy rains and caused widespread flooding in central Philippines, according to officials and local media.
Many of th… [+1828 chars]",,"Der Taifun Kalmaegi tötet 21 Menschen, während er über Zentral-Philippinen hinwegfegt. Nach Angaben von Behörden und lokalen Medien tötete der Taifun Kalmaegi 21 Menschen und vertrieb fast 400.000 weitere, da er heftige Regenfälle verursachte und großflächige Überschwemmungen im Zentrum der Philippinen verursachte. Viele der Todesopfer ereigneten sich in der Provinz Cebu, wo Bewohner gefangen waren …","Typhoon Kalmaegi Kills 21 as It Pummels Central Philippines. Typhoon Kalmaegi killed 21 people and displaced nearly 400,000 more as it dumped heavy rains and caused widespread flooding in central Philippines, according to officials and local media. Many of the fatalities were in Cebu province where residents were trapp…","Typhon Kalmaegi occidit 21 sicut Pummels Central Philippines. Typhoon Kalmaegi XXI homines interfecit et plus quam 400.000 imbribus proiecit, et inundationem late diffusa in centralibus Philippinis, secundum magistratus et instrumentorum localium, effecit. Multae calamitates in provincia Cebu ubi habitant capp... erant.",2025-10-21 18:42:08+00:00
41c58029e11ded4af3fddf5d0862ffd9,2025-11-04T12:34:24Z,'flooding victims',www.bostonherald.com,en,0.7,"Typhoon Kalmaegi leaves 26 dead in Philippines, people trapped on roofs and cars submerged",Officials said Tuesday that most of the victims were killed in flooding.,https://www.bostonherald.com/2025/11/04/typhoon-kalmaegi-philippines-aftermath/,https://www.bostonherald.com/wp-content/uploads/2025/11/Philippines_Extreme_Weather_Asia_Typhoon_42076-1-1.jpg?w=1024&h=576,http://web.archive.org/web/20251106070412/https://www.bostonherald.com/2025/11/04/typhoon-kalmaegi-philippines-aftermath/,"By JIM GOMEZ, Associated Press
MANILA, Philippines (AP) Typhoon Kalmaegi has left at least 26 people dead in the Philippines, mostly in flooding set off by the storm, which barreled across the centr… [+4180 chars]",,"Der Taifun Kalmaegi fordert auf den Philippinen 26 Tote, Menschen sind auf Dächern eingeschlossen und Autos stehen unter Wasser. Beamte sagten am Dienstag, dass die meisten Opfer bei Überschwemmungen ums Leben kamen.","Typhoon Kalmaegi leaves 26 dead in Philippines, people trapped on roofs and cars submerged. Officials said Tuesday that most of the victims were killed in flooding.","Typhoon Kalmaegi relinquit 26 in Philippinis mortuus, homines in tectis capti et carros demerguntur. Magistratus dixerunt Martis maximam partem victimarum in inundatione occisae.",2025-10-21 18:42:08+00:00
fcb5194ec582925323c5424bb531b60c,2025-11-04T13:31:52Z,'flooding',www.rte.ie,en,0.7,Typhoon flooding kills 26 in central Philippines,At least 26 people have been killed and hundreds of thousands displaced as rains driven by Typhoon Kalmaegi flooded swathes of the central Philippines.,https://www.rte.ie/news/world/2025/1104/1542119-typhoon-kalmaegi-philippines/,https://www.rte.ie/images/00236ca3-1600.jpg,,"The death toll from Typhoon Kalmaegi that hit the central Philippines has risen to 39 on the island of Cebu, a local government official has said.
The deaths were as a result of drowning and people … [+3367 chars]",,"Bei einer Taifun-Überschwemmung kommen im Zentrum der Philippinen 26 Menschen ums Leben. Mindestens 26 Menschen wurden getötet und Hunderttausende vertrieben, als vom Taifun Kalmaegi verursachte Regenfälle weite Teile der zentralen Philippinen überschwemmten.",Typhoon flooding kills 26 in central Philippines. At least 26 people have been killed and hundreds of thousands displaced as rains driven by Typhoon Kalmaegi flooded swathes of the central Philippines.,Typhon inundatio 26 in media Philippinis necat. Saltem XXVI homines interfecti sunt et centena milia luxatis sicut pluviae a Typhoon Kalmaegi inundatae fasciculis centralium Philippinarum acti sunt.,2025-10-21 18:42:08+00:00
9cb68d2f343e828172741d0812d05b79,2025-11-04T19:26:14Z,'flooding disaster',nypost.com,en,0.7,Typhoon Kalmaegi leaves at least 26 dead in Philippines after floods ravage central region,"Typhoon Kalmaegi has left at least 26 people dead in the Philippines, mostly in flooding set off by the storm, which barreled across the central part of the country, disaster response officials said.",https://nypost.com/2025/11/04/world-news/typhoon-kalmaegi-leaves-at-least-26-dead-in-the-philippines/,https://nypost.com/wp-content/uploads/sites/2/2025/11/newspress-collage-augbw06is-1762283239244.jpg?quality=75&strip=all&1762265349&w=1200,http://web.archive.org/web/20251106070054/https://nypost.com/2025/11/04/world-news/typhoon-kalmaegi-leaves-at-least-26-dead-in-the-philippines/,"MANILA, Philippines Typhoon Kalmaegi has left at least 26 people dead in the Philippines, mostly in flooding set off by the storm, which barreled across the central part of the country on Tuesday, di… [+4663 chars]",,"Taifun Kalmaegi fordert auf den Philippinen mindestens 26 Tote, nachdem Überschwemmungen die zentrale Region verwüstet haben. Der Taifun Kalmaegi hat auf den Philippinen mindestens 26 Menschen das Leben gekostet, vor allem bei den Überschwemmungen, die durch den Sturm ausgelöst wurden, der über den zentralen Teil des Landes fegte, sagten Katastrophenschutzbeamte.","Typhoon Kalmaegi leaves at least 26 dead in Philippines after floods ravage central region. Typhoon Kalmaegi has left at least 26 people dead in the Philippines, mostly in flooding set off by the storm, which barreled across the central part of the country, disaster response officials said.","Typhoon Kalmaegi relinquit saltem 26 mortuus in Philippinis postquam inundationes regionem centralem devastant. Typhoon Kalmaegi reliquit saltem XXVI homines in Philippinis mortuos, maxime in inundatione, tempestate profecti, quae per mediam partem patriae dolioli, responsum calamitatis ministri dixerunt.",2025-10-21 18:42:08+00:00
e53d0aaf0b3b38c5923d4d2a8a7916ff,2025-11-04T19:54:53Z,'flooding rain',www.abc.net.au,en,0.7,Typhoon Kalamaegi leaves dozens dead in flooding rain in Philippines,"More than 40 people are dead and hundreds of thousands displaced after rains from Typhoon Kalmaegi flooded the central Philippines, sweeping away trucks and shipping containers.",https://www.abc.net.au/news/2025-11-05/typhoon-kalamaegi-leaves-dozens-dead-in-floods-and-winds/105972498,https://live-production.wcms.abc-cdn.net.au/bc2b75df788db35b59ba50449e4207aa?impolicy=wcms_watermark_news&cropH=900&cropW=1600&xPos=0&yPos=0&width=862&height=485&imformat=generic,,"More than 40 people have died and hundreds of thousands are displaced after rains driven by Typhoon Kalmaegi flooded swathes of the central Philippines.
Entire towns on the island of Cebu were inund… [+4896 chars]",,"Taifun Kalamaegi fordert bei überschwemmtem Regen auf den Philippinen Dutzende Tote. Mehr als 40 Menschen sind ums Leben gekommen und Hunderttausende wurden vertrieben, nachdem Regenfälle des Taifuns Kalmaegi die Zentralphilippinen überschwemmt und Lastwagen und Schiffscontainer hinweggefegt haben.","Typhoon Kalamaegi leaves dozens dead in flooding rain in Philippines. More than 40 people are dead and hundreds of thousands displaced after rains from Typhoon Kalmaegi flooded the central Philippines, sweeping away trucks and shipping containers.","Typhoon Kalamaegi relinquit justo mortuos in pluvia inundatione in Philippines. Plus quam quadraginta homines mortui sunt et centena milia ex imbribus ex Typhoone Kalmaegi luxatis centralibus Philippinis inundaverunt, aliquet et vasis naviculariis rapientes.",2025-10-21 18:42:08+00:00
4d7e3572de306b0eb590278daaa18ae0,2025-11-02T02:38:49Z,'flooding',www.aljazeera.com,en,0.8,"Landslides in Kenya’s Rift Valley leave 21 dead, 30 others missing",Aerial footage from Elgeyo-Marakwet County shows massive mudslides and flash flooding stretching over vast distances.,https://www.aljazeera.com/news/2025/11/2/landslides-in-kenyas-rift-valley-leave-21-dead-30-others-missing,https://www.aljazeera.com/wp-content/uploads/2025/11/2025-11-01T110505Z_2107970014_RC2MNHA8C37L_RTRMADP_3_KENYA-LANDSLIDE-1762049827.jpg?resize=1200%2C675,,"Heavy rains have triggered landslides in Kenyas western Rift Valley region, killing at least 21 people and destroying more than 1,000 homes, according to officials.
Kenyan Cabinet Secretary for the … [+1818 chars]",,"Bei Erdrutschen im Rift Valley in Kenia sind 21 Menschen ums Leben gekommen, 30 weitere werden vermisst. Luftaufnahmen aus dem Landkreis Elgeyo-Marakwet zeigen massive Schlammlawinen und Sturzfluten, die sich über weite Strecken erstrecken.","Landslides in Kenya’s Rift Valley leave 21 dead, 30 others missing. Aerial footage from Elgeyo-Marakwet County shows massive mudslides and flash flooding stretching over vast distances.","Landslides in Kenya Rift Valley decedunt 21 mortui, 30 alii desunt. Aeria footage ab Elgeyo-Marakwet Comitatus ostendit turbationes ingentes et inundationes per immensas distantias tendens.",2025-10-21 18:42:08+00:00
be2ce04dcb8088f64805883ae4cc182e,2025-11-02T17:25:00Z,'flooding mudslide',news.sky.com,en,0.8,At least 26 people dead after Kenya landslide,"Heavy rains are continuing across the country, with floods reported in several counties, and thousands of people displaced.",https://news.sky.com/story/at-least-26-people-dead-after-kenya-landslide-13462792,https://e3.365dm.com/25/11/1600x900/skynews-kenya-landslides_7069982.jpg?20251102173450,,"At least 26 people have died and 25 others are still missing after a landslide in western Kenya during heavy rains. 
The government has stepped up the search mission, with four military planes deplo… [+1863 chars]",,"Mindestens 26 Menschen sind nach Erdrutsch in Kenia gestorben. Im ganzen Land kommt es weiterhin zu heftigen Regenfällen, in mehreren Landkreisen wurden Überschwemmungen gemeldet und Tausende Menschen wurden vertrieben.","At least 26 people dead after Kenya landslide. Heavy rains are continuing across the country, with floods reported in several counties, and thousands of people displaced.","Saltem XXVI homines mortui post Keniam LAPSUS. Imbres graves per patriam continuant, cum inundationes in compluribus comitatibus relata sunt et milia hominum luxata.",2025-10-21 18:42:08+00:00
f376661ff56b5f1c513907ec82e3e3e1,2025-11-04T03:32:20Z,'floods',www.digitaljournal.com,en,0.8,Floods strand people on roofs as typhoon pounds Philippines,"Residents sought refuge on rooftops and cars floated through flooded streets on Tuesday as Typhoon Kalmaegi battered the central Philippines, leaving at least two people dead. Hundreds of thousands have been displaced by the powerful storm, which made landfal…",https://www.digitaljournal.com/world/floods-strand-people-on-roofs-as-typhoon-pounds-philippines/article,https://www.digitaljournal.com/wp-content/uploads/2025/11/d40c4b5ced3363c7ac44338bd42be021ea32a49f.jpg,,"A motorist drives past a fallen electric post and trees on a highway in the aftermath of Typhoon Kalmaegi in Mayorga, Leyte province - Copyright AFP -
Residents sought refuge on rooftops and cars fl… [+3259 chars]",,"Überschwemmungen stranden Menschen auf Dächern, während der Taifun über die Philippinen fegt. Anwohner suchten am Dienstag Zuflucht auf Dächern und Autos schwebten durch überflutete Straßen, als der Taifun Kalmaegi die Zentralphilippinen verwüstete und mindestens zwei Menschen das Leben kostete. Hunderttausende wurden durch den starken Sturm vertrieben, der das Festland zerstörte …","Floods strand people on roofs as typhoon pounds Philippines. Residents sought refuge on rooftops and cars floated through flooded streets on Tuesday as Typhoon Kalmaegi battered the central Philippines, leaving at least two people dead. Hundreds of thousands have been displaced by the powerful storm, which made landfal…","Flumina acia populo in tectis habent, ut typhon librae Philippinae. Residentes perfugium tectorum et carros per vias inundatas die Martis nataverunt ut Typhoon Kalmaegi medias Philippinas quassavit, relinquens saltem duos homines mortuos. Centum milium valida tempestate commota est, quae facta est landfal.",2025-10-21 18:42:08+00:00
1f24b0aa016730e51e03505669035593,2025-11-04T04:36:59Z,'flooding',www.yahoo.com,en,0.8,"Typhoon Kalmaegi leaves at least 26 dead in Philippines, with survivors trapped on roofs and in cars","Typhoon Kalmaegi has left at least 26 people dead in the Philippines, mostly in flooding set off by the storm, which barreled across the central part of the ...",https://www.yahoo.com/news/articles/typhoon-kalmaegi-leaves-26-dead-043659818.html,https://s.yimg.com/ny/api/res/1.2/oFVeg3x2ULg3UYwNOR2wyA--/YXBwaWQ9aGlnaGxhbmRlcjt3PTEyMDA7aD04MDA7Y2Y9d2VicA--/https://media.zenfs.com/en/ap_finance_articles_694/ef31038ce5287f2cc501d17774f5ff8e,,"MANILA, Philippines (AP) Typhoon Kalmaegi has left at least 26 people dead in the Philippines, mostly in flooding set off by the storm, which barreled across the central part of the country on Tuesda… [+4010 chars]",,"Der Taifun Kalmaegi fordert auf den Philippinen mindestens 26 Todesopfer, Überlebende sind auf Dächern und in Autos gefangen. Der Taifun Kalmaegi hat auf den Philippinen mindestens 26 Menschen das Leben gekostet, vor allem bei Überschwemmungen, die durch den Sturm ausgelöst wurden, der über den zentralen Teil der Philippinen fegte ...","Typhoon Kalmaegi leaves at least 26 dead in Philippines, with survivors trapped on roofs and in cars. Typhoon Kalmaegi has left at least 26 people dead in the Philippines, mostly in flooding set off by the storm, which barreled across the central part of the ...","Typhoon Kalmaegi folia saltem 26 mortua in Philippinis, cum superstitibus in tectis et in carro capti. Typhoon Kalmaegi saltem 26 homines mortuos in Philippinis reliquit, maxime in inundatione tempestatis, quae trans mediam partem cadi .. .",2025-10-21 18:42:08+00:00
fc48cb1ac1ad244ddfe88f14014d8a69,2025-11-04T10:03:37Z,'flooding death',timesofindia.indiatimes.com,en,0.8,Vietnam flood death toll hits 40 as Typhoon Kalmaegi looms,"The death toll from a week of flooding and record rains in central Vietnam rose to 40 on Tuesday, authorities said, as another powerful storm threatened the battered region. On Tuesday, the region was reeling from the past week's extreme weather, with some re…",https://timesofindia.indiatimes.com/world/rest-of-world/vietnam-flood-death-toll-hits-40-as-typhoon-kalmaegi-looms/articleshow/125083853.cms,"https://static.toiimg.com/thumb/msid-125084212,width-1070,height-580,imgsize-1962875,resizemode-75,overlay-toi_sw,pt-32,y_pad-40/photo.jpg",,"The death toll from a week of flooding and record rains in central Vietnam rose to 40 on Tuesday, authorities said, as another powerful storm threatened the battered region. On Tuesday, the region wa… [+2089 chars]",,"Die Zahl der Todesopfer bei Überschwemmungen in Vietnam steigt auf 40, während der Taifun Kalmaegi droht. Die Zahl der Todesopfer nach einer Woche Überschwemmungen und Rekordregenfällen in Zentralvietnam stieg am Dienstag nach Angaben der Behörden auf 40, da ein weiterer starker Sturm die gebeutelte Region bedrohte. Am Dienstag litt die Region unter den extremen Wetterbedingungen der vergangenen Woche, und es gab einige …","Vietnam flood death toll hits 40 as Typhoon Kalmaegi looms. The death toll from a week of flooding and record rains in central Vietnam rose to 40 on Tuesday, authorities said, as another powerful storm threatened the battered region. On Tuesday, the region was reeling from the past week's extreme weather, with some re…","Vietnam inundatio mortuorum 40 as Typhon Kalmaegi imminet. Mortuum vectigal ex hebdomade inundationis et pluviae recordationis in Vietnamia media ad XL die Martis surrexit, auctores dixerunt, ut alia tempestas valida regioni quassatae immineret. Die Martis, regio fluctuabat ex hebdomade extrema, cum aliqua re...",2025-10-21 18:42:08+00:00
26506e952d05118ac6e74242a0819588,2025-11-04T14:36:26Z,'flooding storm',www.cbc.ca,en,0.8,"Risk of coastal flooding, big waves as storm heads for parts of N.L.",CBC meteorologist Ashley Brauweiler is warning of a storm surge between St. Mary’s Bay and Placentia Bay that could bring waves as high as 12 metres breaking along the shore.,https://www.cbc.ca/news/canada/newfoundland-labrador/nl-storm-surge-9.6965836,"https://i.cbc.ca/ais/faa2ce34-7944-46e4-a210-f3df11643b24,1762263544423/full/max/0/default.jpg?im=Crop%2Crect%3D%280%2C96%2C1024%2C576%29%3BResize%3D620",,"A fierce storm is headed toward Newfoundland and Labrador on Tuesday, bringing with it rain, strong winds and the risk of coastal flooding along the eastern Burin Peninsula to the southern Avalon Pen… [+1907 chars]",,"Es besteht die Gefahr von Küstenüberschwemmungen und großen Wellen, da der Sturm Teile von N.L. erreicht. CBC-Meteorologe Ashley Brauweiler warnt vor einer Sturmflut zwischen St. Mary’s Bay und Placentia Bay, die Wellen von bis zu 12 Metern Höhe entlang der Küste brechen könnte.","Risk of coastal flooding, big waves as storm heads for parts of N.L.. CBC meteorologist Ashley Brauweiler is warning of a storm surge between St. Mary’s Bay and Placentia Bay that could bring waves as high as 12 metres breaking along the shore.","Periculum inundationis maritimae, magnae fluctuum sicut procellae capita partium N.L.. CBC astrologus asley Brauweiler monet de fluctu tempestatis inter S. Mariae Bay et Placentiam Bay qui fluctus tam altos quam 12 metra per litus frangere potuit.",2025-10-21 18:42:08+00:00
9907bc7e87be73abce6ec6b7465df58a,2025-11-06T09:33:42Z,'flooding',en.antaranews.com,en,0.8,Jakarta prepares disaster response for potential coastal flooding,"The Jakarta Regional Disaster Mitigation Agency (BPBD) has prepared anticipatory measures to face potential tidal flooding in the city.

&ldquo;BPBD Jakarta ...",https://en.antaranews.com/news/390261/jakarta-prepares-disaster-response-for-potential-coastal-flooding,https://cdn.antaranews.com/cache/1200x800/2025/11/01/IMG-20251101-WA0019.jpg,,Jakarta (ANTARA) - The Jakarta Regional Disaster Mitigation Agency (BPBD) has prepared anticipatory measures to face potential tidal flooding in the city.“BPBD Jakarta has activated the standard disa… [+1871 chars],,"Jakarta bereitet Katastrophenhilfe für mögliche Überschwemmungen an der Küste vor. Die Jakarta Regional Disaster Mitigation Agency (BPBD) hat vorbeugende Maßnahmen vorbereitet, um potenziellen Flutüberschwemmungen in der Stadt zu begegnen.

„BPBD Jakarta ...","Jakarta prepares disaster response for potential coastal flooding. The Jakarta Regional Disaster Mitigation Agency (BPBD) has prepared anticipatory measures to face potential tidal flooding in the city.

&ldquo;BPBD Jakarta ...","Batavia calamitatem responsionem praeparat ad inundationem maritimam potentialem. Calamitas Regionalis Batavia Mitigationis Agency (BPBD) mensuras anticipatorias paravit ad inundationem potentialis in urbe.

&ldquo;BPBD Batavia ...",2025-10-21 18:42:08+00:00
bdabb2756cf986a84ed011584ab0b78c,2025-11-07T09:00:00Z,'flooding storm',www.yahoo.com,en,0.8,Scientists issue dire warning as iconic American city sinks into the sea: 'Human intervention has made it worse',New Orleans was already vulnerable to flooding and storm surges.,https://www.yahoo.com/news/scientists-issue-dire-warning-iconic-121531478.html,https://s.yimg.com/ny/api/res/1.2/UU2lvFRErej9JJSK1jDERg--/YXBwaWQ9aGlnaGxhbmRlcjt3PTEyMDA7aD02NzY7Y2Y9d2VicA--/https://media.zenfs.com/en/the_cool_down_737/a9f2221df445661ee54ab50171bd62cf,,"One of the country's most unique cities, known for its cuisine and colorful culture, is not only sinking, but it is also being engulfed by rising seas.
What's happening?
New Orleans rightfully boas… [+3128 chars]",,"Wissenschaftler warnen eindringlich, als die berühmte amerikanische Stadt im Meer versinkt: „Menschliches Eingreifen hat es noch schlimmer gemacht.“ New Orleans war bereits anfällig für Überschwemmungen und Sturmfluten.",Scientists issue dire warning as iconic American city sinks into the sea: 'Human intervention has made it worse'. New Orleans was already vulnerable to flooding and storm surges.,Scientistae diram admonitionem procedunt sicut urbs Iconica Americana in mare demittit: 'Humanus interventus peius fecit'. Nova Orleans iam vulnerari erat ad inundationes et procellas.,2025-10-21 18:42:08+00:00
752c0a5b2680b395d8731fd1f6bd48b3,2025-11-03T19:34:15Z,'flooding atmospheric river',www.registerguard.com,en,0.9,"Atmospheric river headed to Oregon, wind, flooding possible","Monday, Nov. 3 to Saturday, Nov. 8, wind is in forecast.",https://www.registerguard.com/story/weather/severe/2025/11/03/downed-trees-flooding-oregon-coast-forecast/87066122007/,https://s.yimg.com/ny/api/res/1.2/FgrVjN.q_d5Ve9m8aWE91g--/YXBwaWQ9aGlnaGxhbmRlcjt3PTEyMDA7aD04NDA7Y2Y9d2VicA--/https://media.zenfs.com/en/the-register-guard/518686dcd3d74ee2f47abd8c0db3319e,,"Another atmospheric river could hit northwest Oregon this week, bringing ""moderate to heavy rainfall,"" along with wind, the National Weather Service predicted.
NWS said northwest Oregon will see win… [+2496 chars]",,"Atmosphärischer Fluss in Richtung Oregon, Wind, Überschwemmung möglich. Von Montag, 3. November bis Samstag, 8. November ist Wind vorhergesagt.","Atmospheric river headed to Oregon, wind, flooding possible. Monday, Nov. 3 to Saturday, Nov. 8, wind is in forecast.","Flumen atmosphaericum ad Oregon petiere, vento inundatione fieri. Lunae, 3 novembris usque ad diem Sabbati, 8 novembris, ventus est in praesagio.",2025-10-21 18:42:08+00:00
053e099d21500fde126d89928ef2e5f0,2025-11-05T01:48:25Z,'flooding',www.tmonews.com,en,0.9,T-Mobile Waives All Philippines Charges for Customers Following Deadly Typhoon Kalmaegi,"T-Mobile is stepping up to help customers stay in touch with family and friends in the Philippines after Typhoon Kalmaegi, locally called Typhoon Tino, made landfall with catastrophic results. The storm has caused widespread flooding, power outages, and displ…",https://www.tmonews.com/2025/11/t-mobile-waives-all-philippines-charges-for-customers-following-deadly-typhoon-kalmaegi/,https://www.tmonews.com/wp-content/uploads/2021/08/t-mobile-for-business-affected-by-hack-too-210x131.png,,"T-Mobile is stepping up to help customers stay in touch with family and friends in the Philippines after Typhoon Kalmaegi, locally called Typhoon Tino, made landfall with catastrophic results. The st… [+934 chars]",,"T-Mobile erlässt Kunden auf den Philippinen nach dem tödlichen Taifun Kalmaegi alle Gebühren. T-Mobile unterstützt Kunden dabei, mit Familie und Freunden auf den Philippinen in Kontakt zu bleiben, nachdem der Taifun Kalmaegi, vor Ort Taifun Tino genannt, mit katastrophalen Folgen auf Land traf. Der Sturm hat zu großflächigen Überschwemmungen, Stromausfällen und Wasserverschmutzung geführt.","T-Mobile Waives All Philippines Charges for Customers Following Deadly Typhoon Kalmaegi. T-Mobile is stepping up to help customers stay in touch with family and friends in the Philippines after Typhoon Kalmaegi, locally called Typhoon Tino, made landfall with catastrophic results. The storm has caused widespread flooding, power outages, and displ…","T-Mobile Waives Omnes Philippines felis ac pro Customers Mortuus Typhoon Kalmaegi. T-Mobile ingrediens auxilium clientium manere in tactu cum familiaribus et amicis in Philippinis post Typhoon Kalmaegi, loco Typhonis Tino vocato, cum eventibus calamitosis lapsus factus est. Tempestas late inundationem, potestatem outages ac displ…",2025-10-21 18:42:08+00:00
f5d18c025c50f3c81b138bed91ffd3c0,2025-11-05T05:34:59Z,'flooding death',www.rte.ie,en,0.9,Typhoon death toll climbs to 66 in the Philippines,The death toll from Typhoon Kalmaegi in the Philippines climbed to 66 as residents of hardest-hit Cebu province began picking through homes and businesses devastated by the worst flooding in recent memory.,https://www.rte.ie/news/world/2025/1105/1542229-typhoon-kalmaegi-philippines/,https://www.rte.ie/images/00236d84-1600.jpg,,The death toll from Typhoon Kalmaegi in the Philippines climbed to 66 as residents of hardest-hit Cebu province began picking through homes and businesses devastated by the worst flooding in recent m… [+3379 chars],,"Die Zahl der Taifun-Todesopfer auf den Philippinen steigt auf 66. Die Zahl der Todesopfer durch den Taifun Kalmaegi auf den Philippinen stieg auf 66, als Bewohner der am stärksten betroffenen Provinz Cebu damit begannen, Häuser und Geschäfte zu durchsuchen, die von der schlimmsten Überschwemmung der letzten Zeit zerstört worden waren.",Typhoon death toll climbs to 66 in the Philippines. The death toll from Typhoon Kalmaegi in the Philippines climbed to 66 as residents of hardest-hit Cebu province began picking through homes and businesses devastated by the worst flooding in recent memory.,Typhonis vectigal ascendit 66 in Philippinis. Mortuus vectigal a Typhoon Kalmaegi in Philippinis ascendit ad 66 sicut incolas provinciae Cebu durissimae legere coepit per domos et negotiationes pessima inundatione recentis memoriae vastatae.,2025-10-21 18:42:08+00:00
577011f34e0de18c049ba40900da56ae,2025-11-05T11:00:07Z,'flooding',www.ibtimes.com,en,0.9,Early New Typhoon Heading Toward Philippines After Kalmaegi Devastates the Nation,"At least 40 people have died and hundreds of thousands have been displaced as Typhoon Kalmaegi devastates the Philippines, flooding Cebu and surrounding islands, while a new tropical system threatens to follow.",https://www.ibtimes.com/early-new-typhoon-heading-toward-philippines-after-kalmaegi-devastates-nation-3789659,https://d.ibtimes.com/en/full/4633070/typhoon-kalmaegi-ravages-philippines.png,,"When dawn broke over the central Philippines, communities woke to scenes of heartache and ruin.
Typhoon Kalmaegi, one of the strongest storms to strike the region this year, has unleashed devastatio… [+4003 chars]",,"Früher neuer Taifun auf dem Weg zu den Philippinen, nachdem Kalmaegi die Nation verwüstet hat. Mindestens 40 Menschen starben und Hunderttausende wurden vertrieben, als der Taifun Kalmaegi die Philippinen verwüstete und Cebu und die umliegenden Inseln überschwemmte, während ein neues tropisches System droht.","Early New Typhoon Heading Toward Philippines After Kalmaegi Devastates the Nation. At least 40 people have died and hundreds of thousands have been displaced as Typhoon Kalmaegi devastates the Philippines, flooding Cebu and surrounding islands, while a new tropical system threatens to follow.","Early New Typhoon Heading Toward Post Philippines Post Kalmaegi Nationem vastat. Saltem XL homines mortui sunt et centena milia ita proiecta sunt, ut Typhon Kalmaegi Philippinas vastat, Cebu inundationem et insulas circumiacentes, cum nova ratio tropica sequi minatur.",2025-10-21 18:42:08+00:00
627116b3b5f3317e8aa18cb0fedf46a7,2025-11-06T01:39:00Z,'floods',www.channelnewsasia.com,en,0.9,Typhoon Kalmaegi death toll tops 140 with over 100 missing in the Philippines,"Most of the deaths were reported in the central province of Cebu, which was pummelled by Kalmaegi on Tuesday, setting off flash floods and causing a river and other waterways to overflow.",https://www.channelnewsasia.com/asia/philippines-typhoon-kalmaegi-cebu-province-death-toll-missing-5449306,"https://dam.mediacorp.sg/image/upload/s--gEygY6vK--/c_crop,h_449,w_799,x_1,y_53/c_fill,g_auto,h_676,w_1200/fl_relative,g_south_east,l_mediacorp:cna:watermark:2024-04:reuters_1,w_0.1/f_auto,q_auto/v1/one-cms/core/2025-11-05T063624Z_1_LYNXMPELA409G_RTROPTP_3_ASIA-WEATHER-PHILIPPINES.JPG?itok=D-kqnnNd",,"Provincial officials said Kalmaegi set off flash floods and caused a river and other waterways to swell. The resulting flooding engulfed residential communities, forcing residents to climb on their r… [+1123 chars]",,"Die Zahl der Todesopfer durch den Taifun Kalmaegi liegt bei über 140, über 100 werden auf den Philippinen vermisst. Die meisten Todesfälle wurden in der Zentralprovinz Cebu gemeldet, die am Dienstag von Kalmaegi heimgesucht wurde, was Sturzfluten auslöste und zum Überlaufen eines Flusses und anderer Wasserstraßen führte.","Typhoon Kalmaegi death toll tops 140 with over 100 missing in the Philippines. Most of the deaths were reported in the central province of Cebu, which was pummelled by Kalmaegi on Tuesday, setting off flash floods and causing a river and other waterways to overflow.","Typhoon Kalmaegi mortuorum capita 140 cum supra 100 desunt in Philippinis. Plurimae mortes nuntiatae sunt in provincia Cebu media, quae die Martis Kalmaegi iactata est, inundationes micare occasus et flumen et alias rivos inundationem causans.",2025-10-21 18:42:08+00:00
b777856e848dfe70617687033944fb60,2025-11-06T02:32:20Z,'flooding',www.digitaljournal.com,en,0.9,Philippine death toll tops 140 as typhoon heads towards Vietnam,"Typhoon Kalmaegi killed at least 140 people and left another 127 missing after unleashing devastating flooding across the central Philippines, official figures showed Thursday, as the storm headed towards Vietnam. Floodwaters described as unprecedented rushed…",https://www.digitaljournal.com/world/philippine-death-toll-tops-140-as-typhoon-heads-towards-vietnam/article,https://www.digitaljournal.com/wp-content/uploads/2025/11/ea888fe96ec587a6bbc9bfcc08634b729a9d0bb3.jpg,,"Piles of cars are seen in the aftermath of Typhoon Kalmaegi in Liloan, where at least 35 people died in flooding - Copyright AFP Jam STA ROSA
Typhoon Kalmaegi killed at least 140 people and left ano… [+4192 chars]",,"Die Zahl der Todesopfer auf den Philippinen liegt bei über 140, als der Taifun auf Vietnam zusteuert. Der Taifun Kalmaegi tötete mindestens 140 Menschen und hinterließ weitere 127 Vermisste, nachdem er im Zentrum der Philippinen verheerende Überschwemmungen ausgelöst hatte, wie offizielle Zahlen am Donnerstag zeigten, als der Sturm auf Vietnam zusteuerte. Überschwemmungen werden als beispielloses Hochwasser beschrieben …","Philippine death toll tops 140 as typhoon heads towards Vietnam. Typhoon Kalmaegi killed at least 140 people and left another 127 missing after unleashing devastating flooding across the central Philippines, official figures showed Thursday, as the storm headed towards Vietnam. Floodwaters described as unprecedented rushed…","Philippina mors toll capita 140 ut typhon capita versus Vietnam. Typhoon Kalmaegi saltem 140 homines necavit et alterum 127 defuit postquam inundationem per medias Philippinas inundationem vastavit, figuras officiales Iovis ostendit sicut tempestas versus Vietnam petivit. Fluminum aquarumque inauditum ruere descriptum…",2025-10-21 18:42:08+00:00
6567b4aa0183c3ab423366ec14e58b31,2025-11-06T06:27:18Z,'flooding storm',www.hurriyetdailynews.com,en,0.9,Philippine death toll tops 140 as typhoon heads towards Vietnam,"Typhoon Kalmaegi has killed at least 140 people and left another 127 missing after unleashing devastating flooding across the central Philippines, official figures showed Thursday, as the storm headed towards Vietnam.",https://www.hurriyetdailynews.com/philippine-death-toll-tops-140-as-typhoon-heads-towards-vietnam-215424,https://image.hurimg.com/i/hurriyet/75/200x200/690c3fc3d30ab035b5261e17.jpg,,"CEBU, the Philippines
Typhoon Kalmaegi has killed at least 140 people and left another 127 missing after unleashing devastating flooding across the central Philippines, official figures showed Thurs… [+4460 chars]",,"Die Zahl der Todesopfer auf den Philippinen liegt bei über 140, als der Taifun auf Vietnam zusteuert. Der Taifun Kalmaegi hat mindestens 140 Menschen getötet und weitere 127 vermisst, nachdem er im Zentrum der Philippinen verheerende Überschwemmungen ausgelöst hatte, wie offizielle Zahlen am Donnerstag zeigten, als der Sturm auf Vietnam zusteuerte.","Philippine death toll tops 140 as typhoon heads towards Vietnam. Typhoon Kalmaegi has killed at least 140 people and left another 127 missing after unleashing devastating flooding across the central Philippines, official figures showed Thursday, as the storm headed towards Vietnam.","Philippina mors toll capita 140 ut typhon capita versus Vietnam. Typhoon Kalmaegi saltem 140 homines necavit et alterum 127 defuit postquam inundationem per medias Philippinas inundationem vastavit, figuras officiales Iovis ostendit sicut tempestas versus Vietnam petivit.",2025-10-21 18:42:08+00:00
3a01d84bc0c75cb69abb96682534ead3,2025-11-07T04:27:20Z,'flooding',www.digitaljournal.com,en,0.9,"Deadly Typhoon Kalmaegi ravages Vietnam, Philippines","Typhoon Kalmaegi churned across Vietnam early Friday, claiming five more lives after its devastating passage through the Philippines where the death toll rose to 188. Kalmaegi had unleashed record rains and flooding in central Philippines this week, sweeping …",https://www.digitaljournal.com/world/deadly-typhoon-kalmaegi-ravages-vietnam-philippines/article,https://www.digitaljournal.com/wp-content/uploads/2025/11/3945f9b4bd726e496f6794a487394afbf9d09361.jpg,,"Typhoon Kalmaegi claims five lives in Vietnam - Copyright AFP Nhac NGUYEN
Typhoon Kalmaegi churned across Vietnam early Friday, claiming five more lives after its devastating passage through the Phi… [+3252 chars]",,"Der tödliche Taifun Kalmaegi verwüstet Vietnam und die Philippinen. Der Taifun Kalmaegi wütete am frühen Freitag über Vietnam und forderte fünf weitere Todesopfer, nachdem er die Philippinen verheerend durchquert hatte und die Zahl der Todesopfer auf 188 stieg. Kalmaegi hatte diese Woche in Zentral-Philippinen rekordverdächtige Regenfälle und Überschwemmungen ausgelöst und …","Deadly Typhoon Kalmaegi ravages Vietnam, Philippines. Typhoon Kalmaegi churned across Vietnam early Friday, claiming five more lives after its devastating passage through the Philippines where the death toll rose to 188. Kalmaegi had unleashed record rains and flooding in central Philippines this week, sweeping …","Typhon Kalmaegi mortiferum populatur Vietnam, Philippines. Typhoon Kalmaegi trans Vietnam mane Veneris exturbavit, dicens quinque plures animas post vastationem suam iter per Philippenses ubi mortuorum vectigal surrexit 188. Kalmaegi recordum imbres invehitur et inundationem in centralibus Philippinis hac hebdomade verrens ...",2025-10-21 18:42:08+00:00
a9126e237fb605b637a694cb0e3ef9c1,2025-11-07T16:04:09Z,'flooding',www.androidauthority.com,en,0.9,"After devastating typhoon, one phone survived flooding and three days in the mud","After being lucky to escape, one user in the Philippines found their phone had also survived Typhoon Kalmaegi’s devastating impact.",https://www.androidauthority.com/phone-survived-typhoon-3613975/,https://www.androidauthority.com/wp-content/uploads/2025/11/iPhone-17-Pro-Max-After-Flood-Feature-scaled.jpg,,<ul><li>A Philippines resident says their phone survived floodwaters and three days buried in mud after Typhoon Kalmaegi destroyed their home.</li><li>The iPhone 17 Pro Max worked fine after charging… [+2410 chars],,"Nach dem verheerenden Taifun überlebte ein Telefon die Überschwemmung und drei Tage im Schlamm. Nachdem er glücklicherweise entkommen konnte, stellte ein Benutzer auf den Philippinen fest, dass sein Telefon auch die verheerenden Auswirkungen des Taifuns Kalmaegi überstanden hatte.","After devastating typhoon, one phone survived flooding and three days in the mud. After being lucky to escape, one user in the Philippines found their phone had also survived Typhoon Kalmaegi’s devastating impact.","Post typhonum devastatum, unum telephonum supervixit inundationem et tres dies in luto. Postquam felix evadere, unus usor in Philippinis suum telephonum invenit etiam Typhon Kalmaegi vastantem ictum superfuisse.",2025-10-21 18:42:08+00:00
40fca3c778eade090e1fb1dc1592098b,2025-11-07T17:15:20Z,'flooding',www.vox.com,en,0.9,Why women are embracing testosterone,"If you are a woman of a certain age, there’s a new wonder drug that is flooding your feeds: testosterone. The hormone — which both men and women naturally have, but produce less of as they grow older — is being touted as a cure to low libido, low energy, and …",https://www.vox.com/podcasts/467001/testosterone-women-aging-menopause-libido-muscle-health-energy,https://platform.vox.com/wp-content/uploads/sites/2/2025/11/Testosterone-02.png?quality=90&strip=all&crop=0%2C10.732984293194%2C100%2C78.534031413613&w=1200,http://web.archive.org/web/20251110204912/https://www.vox.com/podcasts/467001/testosterone-women-aging-menopause-libido-muscle-health-energy,"If you are a woman of a certain age, there’s a new wonder drug that is flooding your feeds: testosterone. The hormone — which both men and women naturally have, but produce less of as they grow older… [+8144 chars]",,"Warum Frauen Testosteron lieben. Wenn Sie eine Frau in einem bestimmten Alter sind, gibt es eine neue Wunderdroge, die Ihren Feed überschwemmt: Testosteron. Das Hormon – das sowohl Männer als auch Frauen von Natur aus haben, aber mit zunehmendem Alter weniger produzieren – wird als Heilmittel gegen geringe Libido, niedrige Energie und … angepriesen.","Why women are embracing testosterone. If you are a woman of a certain age, there’s a new wonder drug that is flooding your feeds: testosterone. The hormone — which both men and women naturally have, but produce less of as they grow older — is being touted as a cure to low libido, low energy, and …","Cur feminae testosterone amplexantur. Si femina cuiusdam aetatis es, novum miraculum est medicamento quod inundat tua feeds: testosterone. Hormona - quod naturaliter viri et feminae habent, sed minus senescentem faciunt -, remedium humilitatis libidinis, demissi roboris, et…",2025-10-21 18:42:08+00:00
aed50c1cea099e2560f7dfcd6b06e927,2025-11-08T13:23:38Z,'flooding damage',ca.news.yahoo.com,en,0.9,"Punjab floods: Amid inaction from Indian government, Canadian Sikhs raise millions to help rebuild","Lawyer and journalist Jaskaran Sandhu says ""this is a natural disaster that the government has an immense role in manufacturing"" as historic flood exposes...",https://ca.news.yahoo.com/punjab-floods-amid-inaction-from-indian-government-canadian-sikhs-raise-millions-to-help-rebuild-132338565.html,https://s.yimg.com/ny/api/res/1.2/ko08wJC8umsJAINz33I_Bw--/YXBwaWQ9aGlnaGxhbmRlcjt3PTEyMDA7aD04MDA7Y2Y9d2VicA--/https://s.yimg.com/os/creatr-uploaded-images/2025-11/9d0876a0-bcb7-11f0-97f5-77901f94ebfa,,"This past August, Punjab, India experienced the worst flooding from monsoon rains in the area in over four decades precipitating a statewide crisis that submerged 1,400 villages in 13 districts. At l… [+9585 chars]",,"Überschwemmungen im Punjab: Angesichts der Untätigkeit der indischen Regierung sammeln kanadische Sikhs Millionen, um beim Wiederaufbau zu helfen. Der Anwalt und Journalist Jaskaran Sandhu sagt: „Dies ist eine Naturkatastrophe, bei deren Herstellung die Regierung eine immense Rolle spielt“, während die historische Überschwemmung ...","Punjab floods: Amid inaction from Indian government, Canadian Sikhs raise millions to help rebuild. Lawyer and journalist Jaskaran Sandhu says ""this is a natural disaster that the government has an immense role in manufacturing"" as historic flood exposes...","Inundationes Punjab: Inter desidiam ab imperio Indico, Canadian Sikhs decies centena millia ad aedificandum adiuvandum excitant. Advocatus et diurnarius Jaskaran Sandhu dicit ""haec clades naturalis est quam imperium in fabricandis partibus immensum habet"", sicut diluvium historicum exponit...",2025-10-21 18:42:08+00:00
d6cdced397a45a0fa81f615cefeca966,2025-11-09T15:30:00Z,'floods',www.independent.ie,en,0.9,Super typhoon Fung-wong slams into Philippines as one million evacuated,"Super Typhoon Fung-wong has slammed ashore in the north-eastern coast of the Philippines, where the massive storm has already left at least two people dead and forced more than a million to evacuate from areas at risk of flash floods, landslide and tidal surg…",https://www.independent.ie/world-news/asia-pacific/super-typhoon-fung-wong-slams-into-philippines-as-one-million-evacuated/a213959973.html,https://focus.independent.ie/thumbor/rhsAXihX8jsrgall6Gt7taSmllU=/270x0:3247x1985/629x0/prod-mh-ireland/609dc74e-afd8-4bc8-bd19-709aae2691b2/0253aa17-5308-46ef-8a0d-defdc8d7bc0a/609dc74e-afd8-4bc8-bd19-709aae2691b2.jpg,,"It comes as the nation continues to deal with devastation wrought by Typhoon Kalmaegi earlier this week
Super Typhoon Fung-wong has slammed ashore in the north-eastern coast of the Philippines, wher… [+3565 chars]",,"Der Supertaifun Fung-wong trifft auf die Philippinen und sorgt für eine Million Menschen, die evakuiert werden. Der Supertaifun Fung-wong ist an der Nordostküste der Philippinen auf Land gegangen, wo der gewaltige Sturm bereits mindestens zwei Menschen das Leben gekostet und mehr als eine Million Menschen zur Evakuierung aus Gebieten gezwungen hat, die von Sturzfluten, Erdrutschen und Flutwellen bedroht sind.","Super typhoon Fung-wong slams into Philippines as one million evacuated. Super Typhoon Fung-wong has slammed ashore in the north-eastern coast of the Philippines, where the massive storm has already left at least two people dead and forced more than a million to evacuate from areas at risk of flash floods, landslide and tidal surg…","Super typhoon Fung-wong slams in Philippinas ut unum miliones evacuatum est. Super Typhoon Fung-wong littus in oram septentrionali-orientali Philippinarum impulit, ubi ingens tempestas duos saltem homines mortuos iam reliquit et plus quam decies centena millia ex locis in periculo diluvii, lapsus et aestuosa chirurgica.",2025-10-21 18:42:08+00:00
720b92a6fd442d40a4364b0b54e09788,2025-11-09T22:06:51Z,'flooding rain',www.sfgate.com,en,0.9,"Atmospheric river closes in on Bay Area, delivering rain and 'rough' wind gusts","An atmospheric river is making its way to the Bay Area, leading to intense gusts of wind, chances of thunderstorms and nuisance flooding across the region.",https://www.sfgate.com/weather/article/atmospheric-river-bay-area-weather-21150223.php,https://s.hdnux.com/photos/01/55/05/50/28596778/3/rawImage.jpg,,"FILE - A man with an umbrella crosses the street next to a cable car on California Street during rainy weather in San Francisco.
Anadolu/Anadolu via Getty Images
Now is the time to clear out your g… [+3068 chars]",,"Atmosphärischer Fluss nähert sich der Bay Area und sorgt für Regen und „raue“ Windböen. Ein atmosphärischer Fluss bahnt sich seinen Weg in die Bay Area und führt zu heftigen Windböen, der Gefahr von Gewittern und störenden Überschwemmungen in der gesamten Region.","Atmospheric river closes in on Bay Area, delivering rain and 'rough' wind gusts. An atmospheric river is making its way to the Bay Area, leading to intense gusts of wind, chances of thunderstorms and nuisance flooding across the region.","Fluvius atmosphaericus clauditur in Area Bay, pluviam et ventos asperas ferens. Fluvius atmosphaericus ad Sinus Area penetrat, ducens vehementiam ventorum procellam, casus tonitruum et nocumentum inundationis per regionem.",2025-10-21 18:42:08+00:00
3d82430e01163ca698a3762a35242a29,2025-11-10T08:26:14Z,'flooding',www.thejournal.ie,en,0.9,Status Yellow rain warning extended to six counties for tomorrow,Spells of heavy rain and localised flooding are possible impacts.,https://www.thejournal.ie/weather-warning-tuesday-2-6869788-Nov2025/,https://img2.thejournal.ie/article/6869788/river/?height=400&version=6869796,,"A RAIN WARNING for tomorrow has been extended to six counties according to Met Éireann.
The Status Yellow conditions will impact Cork, Carlow, Kilkenny, Waterford, Wexford, Wicklow and Kerry.

It wi… [+541 chars]",,Status Gelbe Regenwarnung für morgen auf sechs Landkreise ausgeweitet. Starke Regenfälle und örtliche Überschwemmungen sind mögliche Auswirkungen.,Status Yellow rain warning extended to six counties for tomorrow. Spells of heavy rain and localised flooding are possible impacts.,Status pluviae Flavi monitus ad sex comitatus in crastinum extenditur. Cantus pluviae gravis et inundationes locales sunt impulsus possibilis.,2025-10-21 18:42:08+00:00
88022b56d58dfb1cf0384df05edbef28,2025-11-10T11:02:27Z,'flooding rain',www.bbc.com,en,0.9,Weather warning issued for heavy rain and flooding,Ronaldsway Met Office issues a 15-hour yellow weather warning for heavy rain and surface flooding.,https://www.bbc.com/news/articles/cjr0pp2x8pvo?xtor=AL-72-%5Bpartner%5D-%5Byahoo.north.america%5D-%5Bheadline%5D-%5Bnews%5D-%5Bbizdev%5D-%5Bisapi%5D,https://s.yimg.com/ny/api/res/1.2/sz6ZzbfhgLN2fybNmwbJgA--/YXBwaWQ9aGlnaGxhbmRlcjt3PTEyMDA7aD02NzU7Y2Y9d2VicA--/https://media.zenfs.com/en/bbc_us_articles_995/366072caa3d632540e4de928344abec3,,"A severe weather warning of heavy rain is to come into force on the Isle of Man as forecasters warn of surface water flooding.
The yellow weather warning will be in place from 06:00 GMT until 21:00 … [+741 chars]",,Unwetterwarnung wegen starkem Regen und Überschwemmungen. Das Ronaldsway Met Office gibt eine 15-stündige gelbe Wetterwarnung für starken Regen und Oberflächenüberschwemmungen heraus.,Weather warning issued for heavy rain and flooding. Ronaldsway Met Office issues a 15-hour yellow weather warning for heavy rain and surface flooding.,Tempestas admonitio pro pluvia et inundatione edita. Ronaldsway Met Office emittit 15-horam tempestatem flavi admonitionem de pluvia et superficie inundationis.,2025-10-21 18:42:08+00:00
402e3cbc2c3f9df3e43d6d7ebeeb85fc,2025-11-10T11:02:28Z,'flooding storm',www.insurancejournal.com,en,0.9,Typhoon Set to Swing Toward Taiwan After Ripping Philippines,"Typhoon Fung-Wong is forecast to swing toward Taiwan after the powerful storm struck the Philippines’ northeast late on Sunday, causing widespread flooding and the suspension of government operations. The cyclone — known locally as Uwan — has now moved over …",https://www.insurancejournal.com/news/international/2025/11/10/847008.htm,https://www.insurancejournal.com/app/uploads/2025/11/damage-from-typhoon-fung-wong-in-manila-getty-scaled.jpg,,"Typhoon Fung-Wong is forecast to swing toward Taiwan after the powerful storm struck the Philippines’ northeast late on Sunday, causing widespread flooding and the suspension of government operations… [+3031 chars]",,"Taifun wird auf Taiwan zuschwenken, nachdem er die Philippinen verwüstet hat. Es wird erwartet, dass der Taifun Fung-Wong auf Taiwan zusteuert, nachdem der starke Sturm am späten Sonntag den Nordosten der Philippinen heimgesucht hatte und weitreichende Überschwemmungen und die Einstellung der Regierungsoperationen verursachte. Der Zyklon – vor Ort als Uwan bekannt – ist inzwischen über … gezogen.","Typhoon Set to Swing Toward Taiwan After Ripping Philippines. Typhoon Fung-Wong is forecast to swing toward Taiwan after the powerful storm struck the Philippines’ northeast late on Sunday, causing widespread flooding and the suspension of government operations. The cyclone — known locally as Uwan — has now moved over …","Typhoon pone ad Taiwan Toward Post Ripping Philippines. Typhoon Fung-Wong praevidetur se ad Taiwan iactare post tempestatem validam septentrionalem occidentalem die Dominico nuper percussit, quod late diffunditur inundatio et regimen operationum suspensio. Cyclone - notum localiter sicut Uwan - iam ferebatur super ...",2025-10-21 18:42:08+00:00
3f5acc5d1245dc3562e3e5120aea2f47,2025-11-11T01:03:36Z,'flooding death',www.npr.org,en,0.9,Families accuse Camp Mystic of ignoring risks in Texas lawsuit over flood deaths,The families of some of the 25 girls and two teenage counselors who died in catastrophic flooding in Texas on July 4 are suing Camp Mystic and its owners.,https://www.npr.org/2025/11/10/g-s1-97313/camp-mystic-2025-texas-floods-lawsuit,https://npr.brightspotcdn.com/dims3/default/strip/false/crop/3622x2037+0+153/resize/1400/quality/100/format/jpeg/?url=http%3A%2F%2Fnpr-brightspot.s3.amazonaws.com%2F02%2Fa8%2Feccd234b45b798f8bef0f7ffc22c%2Fap25314841041214.jpg,,"The operators of Camp Mystic in Texas, where 25 girls and two teenage counselors died in catastrophic flooding on July 4, failed to take necessary steps to protect the campers as life-threatening flo… [+2992 chars]",,"Familien werfen Camp Mystic vor, die Risiken in der Klage wegen Überschwemmungstoten in Texas ignoriert zu haben. Die Familien einiger der 25 Mädchen und zwei jugendlicher Berater, die am 4. Juli bei der katastrophalen Überschwemmung in Texas ums Leben kamen, verklagen Camp Mystic und seine Besitzer.",Families accuse Camp Mystic of ignoring risks in Texas lawsuit over flood deaths. The families of some of the 25 girls and two teenage counselors who died in catastrophic flooding in Texas on July 4 are suing Camp Mystic and its owners.,"Familiae castra Mystica accusant ignorandi periculum in Texas litem super diluvium mortes. Familiae nonnullorum 25 puellarum et duorum consiliariorum teenage qui in catastrophica inundatione Texas in quarto die mensis Iulii mortui sunt, castra Mystica et dominis suis impetrant.",2025-10-21 18:42:08+00:00
8185aeea27bb6060e95ea76af6dd9ae5,2025-11-11T08:27:08Z,'flooding atmospheric river',rollingout.com,en,0.9,Families file lawsuits after tragic Texas camp flooding,The families of children and counselors who died during a catastrophic flooding event at a Texas summer camp have filed lawsuits seeking justice for their loved ones. The legal actions allege that Camp Mystic’s owners failed to implement basic safety measures…,https://rollingout.com/2025/11/11/families-lawsuits-texas-camp-flooding/,https://rollingout.com/wp-content/uploads/2025/11/shutterstock_2554556969-scaled.jpg,,The families of children and counselors who died during a catastrophic flooding event at a Texas summer camp have filed lawsuits seeking justice for their loved ones. The legal actions allege that Ca… [+4424 chars],,"Familien reichen Klagen nach tragischer Überschwemmung in einem Lager in Texas ein. Die Familien von Kindern und Beratern, die bei einer katastrophalen Überschwemmung in einem Sommercamp in Texas ums Leben kamen, haben Klagen eingereicht, um Gerechtigkeit für ihre Angehörigen zu fordern. In den Klagen wird behauptet, dass die Eigentümer von Camp Mystic es versäumt hätten, grundlegende Sicherheitsmaßnahmen umzusetzen …",Families file lawsuits after tragic Texas camp flooding. The families of children and counselors who died during a catastrophic flooding event at a Texas summer camp have filed lawsuits seeking justice for their loved ones. The legal actions allege that Camp Mystic’s owners failed to implement basic safety measures…,"Familiae file lites post tragicas Texas castra inundant. Familiae puerorum et consiliorum, qui in inundatione calamitosi eventus in castris aestivis Texas mortui sunt, lites pro caris quaerentes iustitiam fecerunt. Actiones legales allegant quod dominis castra Mystici non curaverunt mensuras praecipuas securitatis...",2025-10-21 18:42:08+00:00
ef7fd97fbe9ec330c49ae1f54e97ed77,2025-11-11T11:08:40Z,'flooding rain',www.bbc.com,en,0.9,Met Office yellow warnings for rain and wind amid flood threat,Weather warnings are in force across parts of the UK as heavy rain could lead to localised flooding as Simon King explains.,https://www.bbc.com/weather/articles/cpwvezdjyxyo,https://ichef.bbci.co.uk/ace/branded_weather/1200/cpsprodpb/6bb9/live/78b65230-bee8-11f0-be99-cdec06ec7ca9.jpg,,"During Tuesday, an area of rain will stall across central and southern Scotland and Northern Ireland.
Some of this will be heavy and a Met Office yellow warning is in force for south-west Scotland -… [+1389 chars]",,"Met Office gelbe Warnungen vor Regen und Wind inmitten der Hochwassergefahr. In Teilen des Vereinigten Königreichs gelten Wetterwarnungen, da starker Regen zu lokalen Überschwemmungen führen könnte, wie Simon King erklärt.",Met Office yellow warnings for rain and wind amid flood threat. Weather warnings are in force across parts of the UK as heavy rain could lead to localised flooding as Simon King explains.,"Occurrit officio monitis flavis ad imbres, Et ventos in gurgite minatur. Tempestas monita in partibus UK vigentis tam graves pluviae locales inundationem ducere potuerunt quam Simon Rex interpretatur.",2025-10-21 18:42:08+00:00
7f703363b1eec3f5af838e6124010bd8,2025-11-11T19:38:37Z,'flooding atmospheric river',economictimes.indiatimes.com,en,0.9,"Freeze warning in Florida as record-low temperatures shock Southeast U.S, flash flooding alert in California","U.S. weather alert: On the West Coast, an atmospheric river taking aim at California was expected to bring heavy rains and mountain snow later this week.",https://economictimes.indiatimes.com/news/international/us/freeze-warning-in-florida-as-record-low-temperatures-shock-southeast-u-s-flash-flooding-alert-in-california/articleshow/125258318.cms,"https://img.etimg.com/thumb/msid-125258323,width-1200,height-630,imgsize-188918,overlay-economictimes/articleshow.jpg",,"First major cold spell of the season plunged parts of the southeastern U.S. into record-low temperatures Tuesday, delivering a shock for 18 million people under a freeze warning across Alabama, Flori… [+2087 chars]",,"Frostwarnung in Florida, da rekordtiefe Temperaturen den Südosten der USA erschüttern, Sturzflutwarnung in Kalifornien. US-Wetterwarnung: An der Westküste wurde erwartet, dass ein atmosphärischer Fluss, der auf Kalifornien zusteuert, im Laufe dieser Woche heftige Regenfälle und Bergschnee mit sich bringen würde.","Freeze warning in Florida as record-low temperatures shock Southeast U.S, flash flooding alert in California. U.S. weather alert: On the West Coast, an atmospheric river taking aim at California was expected to bring heavy rains and mountain snow later this week.","Congelo monitionem in Florida, ut recordum temperaturas low-orientales US concutiant, in California inundationem excitant. Americae tempestates intenti: In Occidente Coast, flumen atmosphaericum Californiae propositum expectatur ut graves pluvias et nives montanae hac septimana posthac afferant.",2025-10-21 18:42:08+00:00
8598c08106965c9c1284fff5022ae3ee,2025-11-11T20:53:21Z,'flooding rain',www.cbc.ca,en,0.9,"Heavy rain, windy conditions expected to continue across N.L. Tuesday night","Newfoundland and Labrador is in for another night of wet and windy conditions, with some parts of the island expected to see winds gust north of 100 km/h and the potential for localized flooding.",https://www.cbc.ca/news/canada/newfoundland-labrador/nl-weather-nov-11-25-9.6975179,"https://i.cbc.ca/ais/1.5208675,1729781769000/full/max/0/default.jpg?im=Crop%2Crect%3D%280%2C198%2C3839%2C2159%29%3BResize%3D620",,"Newfoundland and Labrador is in for another night of wet and windy conditions, with some parts of the island expected to see winds gust north of 100 km/h and the potential for localized flooding.
As… [+1943 chars]",,"Starker Regen und windige Bedingungen werden in ganz N.L. voraussichtlich anhalten. Dienstagabend. Neufundland und Labrador steht eine weitere Nacht mit nassen und windigen Bedingungen bevor, wobei in einigen Teilen der Insel mit Windböen über 100 km/h und der Gefahr örtlicher Überschwemmungen gerechnet wird.","Heavy rain, windy conditions expected to continue across N.L. Tuesday night. Newfoundland and Labrador is in for another night of wet and windy conditions, with some parts of the island expected to see winds gust north of 100 km/h and the potential for localized flooding.","Imbribus gravis, condiciones ventosae exspectantur per N.L. Nocte Martis. Terra Nova et Labrador in alia nocte condiciones humidae et ventosae sunt, cum nonnullis insulae partibus expectatur ventos ad septentriones et 100 km/h ventitare et potentia in inundatione locali posita.",2025-10-21 18:42:08+00:00
bc075e3bac3d7ac3a764c95f046befc0,2025-11-12T11:34:05Z,'deluge',finance.yahoo.com,en,0.9,Morning Bid: Tech turbulence and data deluge due,"and global markets today , Editor-At-Large, Finance and Markets Markets have already effectively priced in the U. government's reopening on Monday, with...",https://finance.yahoo.com/news/morning-bid-tech-turbulence-data-113405832.html,https://media.zenfs.com/en/reuters.com/644040d0d4b98bb9c6f15518929570bc,,"By Mike Dolan
-What matters in U.S. and global markets today
By Mike Dolan, Editor-At-Large, Finance and Markets
Markets have already effectively priced in the U.S. government's reopening on Monda… [+6818 chars]",,"Morgengebot: Tech-Turbulenzen und Datenflut stehen an. und globale Märkte heute , Chefredakteur, Finanzen und Märkte Die Märkte haben die Wiedereröffnung der US-Regierung am Montag bereits effektiv eingepreist, mit...","Morning Bid: Tech turbulence and data deluge due. and global markets today , Editor-At-Large, Finance and Markets Markets have already effectively priced in the U. government's reopening on Monday, with...","Mane iube: tech turbidum et data diluvio debita. et mercatus globalis hodie , Editor-At-Large, mercatus mercatus et mercatus efficaciter precii iam sunt in retractatione imperii U. Lunae, cum...",2025-10-21 18:42:08+00:00
7cbb9551a378a6305ba239d5b163fdad,2025-11-12T13:07:31Z,'flooding rain',www.ibtimes.com,en,0.9,"Typhoon Fung-Wong Forces Mass Evacuations in Taiwan — Flights Cancelled, Power Lines Down","Typhoon Fung-wong forces mass evacuations in Taiwan as torrential rains and fierce winds cause blackouts, flight cancellations, and severe flooding across southern and eastern regions.",https://www.ibtimes.com/typhoon-fung-wong-forces-mass-evacuations-taiwan-flights-cancelled-power-lines-down-3790160,https://d.ibtimes.com/en/full/4633838/typhoon-fung-wong-taiwan.jpg,,"Taiwan is reeling from the impact of Typhoon Fung-wong, which tore through the island with violent winds and relentless rain, forcing thousands to evacuate and crippling transport and power networks.… [+4772 chars]",,"Taifun Fung-Wong erzwingt Massenevakuierungen in Taiwan – Flüge gestrichen, Stromleitungen ausgefallen. Taifun Fung-wong erzwingt Massenevakuierungen in Taiwan, da sintflutartige Regenfälle und heftige Winde in den südlichen und östlichen Regionen zu Stromausfällen, Flugausfällen und schweren Überschwemmungen führen.","Typhoon Fung-Wong Forces Mass Evacuations in Taiwan — Flights Cancelled, Power Lines Down. Typhoon Fung-wong forces mass evacuations in Taiwan as torrential rains and fierce winds cause blackouts, flight cancellations, and severe flooding across southern and eastern regions.","Typhoon Fung-Wong Forces Missam evacuationes in Taiwan — volatus receptae, potentiae lineae Down. Typhoon Fung-wong copiae evacuationes in Taiwan glomerantur sicut pluviae torrentes et venti feroces causant blackouts, fuga cancellationes, et graves inundationes per regiones meridianas et orientales.",2025-10-21 18:42:08+00:00
5fa4cfaa92c6e9c2047ce1c4598c9dbd,2025-11-12T17:51:29Z,'floods',biztoc.com,en,0.9,Los Angeles To See Entire Month of Rain From One Storm,"Los Angeles could receive an entire month's worth of rain over a span of three days as a ""significant"" atmospheric river floods Southern California later this week.
The National Weather Service (NWS) warned that flash flooding could occur with the storm, and …",https://biztoc.com/x/a456810a1889908e,https://biztoc.com/cdn/a456810a1889908e_s.webp,,"Los Angeles could receive an entire month's worth of rain over a span of three days as a ""significant"" atmospheric river floods Southern California later this week.The National Weather Service (NWS) … [+146 chars]",,"In Los Angeles wird es einen ganzen Monat lang von einem Sturm regnen. In Los Angeles könnte es innerhalb von drei Tagen zu Regenfällen eines ganzen Monats kommen, da später in dieser Woche ein „erheblicher“ atmosphärischer Fluss Südkalifornien überschwemmt.
Der Nationale Wetterdienst (NWS) warnte, dass es mit dem Sturm zu Sturzfluten kommen könnte, und …","Los Angeles To See Entire Month of Rain From One Storm. Los Angeles could receive an entire month's worth of rain over a span of three days as a ""significant"" atmospheric river floods Southern California later this week.
The National Weather Service (NWS) warned that flash flooding could occur with the storm, and …","Los Angeles To See Tota Mensis Pluviae Ex One Procella. Los Angeles pretium totius mensis pluviae super spatium trium dierum recipere potuit ut ""significat"" atmosphaericum flumen in California meridionali postea hac septimana.
Tempestatis Nationalis Service (NWS) monuit ut inundationes fulgurationes cum tempestate fieri possent, et …",2025-10-21 18:42:08+00:00
9953527c82d35877d086645166d29362,2025-11-12T18:30:31Z,'floods',www.thecut.com,en,0.9,Camp Mystic Families Are Suing for Negligence,"After 27 campers and counselors died in Texas flash floods in July, their families claim in four new lawsuits that Camp Mystic failed to keep them safe.",http://www.thecut.com/article/camp-mystic-lawsuit-flood-texas.html,https://pyxis.nymag.com/v1/imgs/f43/fe0/ab9d8278365eac2067a1b8440b94b52ae0-camp-mystic.1x.rsocial.w1200.jpg,,"In July, flash floods ripped through central Texas, killing more than 130 people. Among them were 25 campers and two teenage counselors at the all-girls Camp Mystic, where raging floodwaters overtook… [+3217 chars]",,"Camp Mystic-Familien klagen wegen Fahrlässigkeit. Nachdem im Juli 27 Camper und Betreuer bei Sturzfluten in Texas ums Leben kamen, behaupten ihre Familien in vier neuen Klagen, dass Camp Mystic es versäumt habe, für ihre Sicherheit zu sorgen.","Camp Mystic Families Are Suing for Negligence. After 27 campers and counselors died in Texas flash floods in July, their families claim in four new lawsuits that Camp Mystic failed to keep them safe.","Castra Mystica Familiae Negligentia petuntur. Post XXVII campers et consiliarii in Texas diluvia in mense Iulio mortui sunt, familiae suae affirmant in quattuor causis novis, quae Castra Mystica conservare neglexerunt.",2025-10-21 18:42:08+00:00
97376ab09e4f9812afbf53492ec54f9c,2025-11-12T19:10:34Z,'floods',theconversation.com,en,0.9,"You might think frogs never get enough water. Turns out, they can fare worse in floods than bushfires","Floods can be more damaging to frogs than bushfires, new research shows. Floods wash away eggs and habitat, and could spread devastating fungal pathogens.",https://theconversation.com/you-might-think-frogs-never-get-enough-water-turns-out-they-can-fare-worse-in-floods-than-bushfires-268215,https://images.theconversation.com/files/701800/original/file-20251112-62-72jyty.JPG?ixlib=rb-4.1.0&rect=0%2C634%2C3968%2C1984&q=45&auto=format&w=1356&h=668&fit=crop,,"Jodi Rowley, CC BY-ND
Frogs need water. Almost all of the world’s 7,900 known frog species breed in fresh water. And when it rains, these amphibians erupt into a chorus of calls – croaks, trills, ch… [+5576 chars]",,"Man könnte meinen, Frösche bekommen nie genug Wasser. Es stellt sich heraus, dass es ihnen bei Überschwemmungen schlimmer ergehen kann als bei Buschbränden. Neue Forschungsergebnisse zeigen, dass Überschwemmungen für Frösche schädlicher sein können als Buschfeuer. Überschwemmungen spülen Eier und Lebensraum weg und könnten verheerende Pilzerreger verbreiten.","You might think frogs never get enough water. Turns out, they can fare worse in floods than bushfires. Floods can be more damaging to frogs than bushfires, new research shows. Floods wash away eggs and habitat, and could spread devastating fungal pathogens.","Putares ranas nunquam satis aquam haurire. Evenit, in inundationibus plus quam frutices valere possunt. Flumina ranis graviora esse quam frutices possunt, novas investigationes ostendit. Inundationes ova abluunt et habitat, et strangulat pathogens fungalis devastans.",2025-10-21 18:42:08+00:00
4fd5b1eff79fd55dcd57f8f45d084dbf,2025-11-12T20:40:29Z,'floods',www.abc.net.au,en,0.9,"Record rain and floods as Taiwan evacuates 8,300, shuts schools","Soldiers rescue people in neck-deep floodwaters as heavy rains lash Taiwan, where thousands have been evacuated ahead of tropical storm Fung-wong.",https://www.abc.net.au/news/2025-11-13/taiwan-evacuates-8300-shuts-schools-tropical-storm-fung-wong/106003596,https://live-production.wcms.abc-cdn.net.au/e59347ffc735844496b81684bb69a632?impolicy=wcms_watermark_news&cropH=1640&cropW=2916&xPos=0&yPos=232&width=862&height=485&imformat=generic,,"Taiwan evacuated more than 8,300 people ahead of the arrival of a much-weakened Typhoon Fung-wong that brought record downpours and unleashed floods that rose neck-high in places.
Businesses and sch… [+2389 chars]",,"Rekordregen und Überschwemmungen, Taiwan evakuiert 8.300 Menschen und schließt Schulen. Soldaten retten Menschen aus halshohen Überschwemmungen, während heftige Regenfälle Taiwan heimsuchen, wo Tausende vor dem Tropensturm Fung-wong evakuiert wurden.","Record rain and floods as Taiwan evacuates 8,300, shuts schools. Soldiers rescue people in neck-deep floodwaters as heavy rains lash Taiwan, where thousands have been evacuated ahead of tropical storm Fung-wong.","Record pluviae et inundationes sicut Taiwan 8300 evacuat, scholas claudit. Milites homines in aquae diluvii colli-altae sicut pluviae graves Taiwan verberant eripiunt, ubi mille ante tropicam tempestatem Fung-wong evacuata sunt.",2025-10-21 18:42:08+00:00
f1d19ebd80e603ddee911866adf5589c,2025-11-12T22:22:04Z,'flooding health',phys.org,en,0.9,Climate change and rising sea levels to worsen urban health risks in Mumbai,"Rainfall and flooding frequently disrupt the lives of urban residents worldwide, posing significant public health risks. Mumbai, India—renowned for the ferocity of its monsoon season—stands as a stark example of the human toll that extreme urban flooding can …",https://phys.org/news/2025-11-climate-sea-worsen-urban-health.html,https://scx2.b-cdn.net/gfx/news/hires/2025/climate-change-and-ris.jpg,http://web.archive.org/web/20251112223316/https://phys.org/news/2025-11-climate-sea-worsen-urban-health.html,"Temporal and spatial variation of rainfall and deaths in Mumbai, India. a, Positive correlation between June to December annual deaths per 100,000 people and total annual rainfall. Each point represe… [+7242 chars]",,"Klimawandel und steigender Meeresspiegel verschärfen die städtischen Gesundheitsrisiken in Mumbai. Regenfälle und Überschwemmungen beeinträchtigen häufig das Leben von Stadtbewohnern auf der ganzen Welt und stellen erhebliche Risiken für die öffentliche Gesundheit dar. Mumbai, Indien – bekannt für die Heftigkeit seiner Monsunzeit – ist ein deutliches Beispiel für den menschlichen Tribut, den extreme städtische Überschwemmungen verursachen können …","Climate change and rising sea levels to worsen urban health risks in Mumbai. Rainfall and flooding frequently disrupt the lives of urban residents worldwide, posing significant public health risks. Mumbai, India—renowned for the ferocity of its monsoon season—stands as a stark example of the human toll that extreme urban flooding can …","Mutatio climatis et gradus maris orientem ad periculum valetudinis urbanae peiorandum in Mumbai. Imbribus et inundationibus saepe vitam urbanam incolarum terrarum perturbant, ponentes pericula salutis publicae significantes. Mumbai, India, propter feritatem temporis sui monsoonis celebrata — est quasi summae exempli humani vectigal, quod extrema inundatio urbana potest...",2025-10-21 18:42:08+00:00
c6c2c5570edffa4ffc8c174a55462581,2025-11-13T03:42:21Z,'flooding',abcnews.go.com,en,0.9,More rain falls in Taiwan after tropical depression causes flooding,More heavy rain was falling in parts of Taiwan from a tropical depression that caused flooding and brought a continued risk of landslides,https://abcnews.go.com/International/wireStory/rain-falls-taiwan-after-tropical-depression-causes-flooding-127475546,https://i.abcnewsfe.com/a/0c1ef9ec-1369-4b9f-b59c-f79595671666/wirestory_a71f6705ef5f2a5489be6a2ea3c7c74b_16x9.jpg?w=1600,,"TAIPEI, Taiwan -- More heavy rain fell in parts of Taiwan on Thursday from a tropical depression that caused flooding and brought a continued risk of landslides.
A total of 95 people were injured ar… [+1187 chars]",,"In Taiwan fällt mehr Regen, nachdem ein tropisches Tiefdruckgebiet Überschwemmungen verursacht hat. In Teilen Taiwans fielen aufgrund eines tropischen Tiefdruckgebiets erneut heftige Regenfälle, die zu Überschwemmungen führten und eine anhaltende Gefahr von Erdrutschen mit sich brachten",More rain falls in Taiwan after tropical depression causes flooding. More heavy rain was falling in parts of Taiwan from a tropical depression that caused flooding and brought a continued risk of landslides,Plures pluviae in Taiwan post depressionem tropicam inundationem causant. Gravior pluvia in partibus Taiwan cecidit ex depressione tropica quae inundationem effecit et periculum proruit continuatum attulit,2025-10-21 18:42:08+00:00
400be86ae94e303a3220aed6ecff55dc,2025-11-13T09:00:26Z,'flooding victims',www.insurancejournal.com,en,0.9,Families of Camp Mystic Flood Victims Allege Negligence in Lawsuit,"The operators of Camp Mystic in Texas, where 25 girls and two teenage counselors died in catastrophic flooding on July 4, failed to take necessary steps to protect the campers as life-threatening floodwaters approached, families of the victims allege in …",https://www.insurancejournal.com/news/southcentral/2025/11/13/847297.htm,https://www.insurancejournal.com/app/uploads/2025/11/Camp-Mystic-Lawsuit-scaled.jpg,,"The operators of Camp Mystic in Texas, where 25 girls and two teenage counselors died in catastrophic flooding on July 4, failed to take necessary steps to protect the campers as life-threatening flo… [+3497 chars]",,"Familien von Opfern der Flutkatastrophe in Camp Mystic werfen in der Klage Fahrlässigkeit vor. Die Betreiber des Camp Mystic in Texas, wo am 4. Juli 25 Mädchen und zwei jugendliche Betreuer bei einer katastrophalen Überschwemmung ums Leben kamen, haben es versäumt, die notwendigen Maßnahmen zum Schutz der Camper zu ergreifen, als lebensbedrohliche Überschwemmungen nahten, behaupten Familien der Opfer in …","Families of Camp Mystic Flood Victims Allege Negligence in Lawsuit. The operators of Camp Mystic in Texas, where 25 girls and two teenage counselors died in catastrophic flooding on July 4, failed to take necessary steps to protect the campers as life-threatening floodwaters approached, families of the victims allege in …","Familiae Campi Mystici Diluvii Victims Negligentiam in lite. Operatores Campi Mystici in Texas, ubi 25 puellae et duo consiliarii teenage in catastrophica inundatione die 4 mensis Iulii mortui sunt, necessariis gradibus ad tuendos camperos tamquam aquae diluvii minaces accesserunt, familiae victimarum in ...",2025-10-21 18:42:08+00:00
f1f9dbfeee9ecbc7be5f50e40aa5a003,2025-11-13T10:00:37Z,'flooding weather',www.insurancejournal.com,en,0.9,London’s Rich Come to Grips With Flood Risk on Their Doorstep,"As London struggles to adapt to the reality of more frequent and powerful floods, its wealthier corners are emerging as some of the most at risk. Last month in the affluent London neighborhood of South Hampstead, homeowners packed a community …",https://www.insurancejournal.com/news/international/2025/11/13/847353.htm,https://www.insurancejournal.com/app/uploads/2025/11/flooded-properties-near-thames-river-in-london-getty-scaled.jpg,,"As London struggles to adapt to the reality of more frequent and powerful floods, its wealthier corners are emerging as some of the most at risk.
Last month in the affluent London neighborhood of So… [+6404 chars]",,"Londons Reiche müssen sich mit dem Hochwasserrisiko vor ihrer Haustür auseinandersetzen. Während London Schwierigkeiten hat, sich an die Realität häufigerer und heftigerer Überschwemmungen anzupassen, erweisen sich seine wohlhabenderen Ecken als die am stärksten gefährdeten. Letzten Monat drängten Hausbesitzer im wohlhabenden Londoner Stadtteil South Hampstead eine ganze Gemeinde …","London’s Rich Come to Grips With Flood Risk on Their Doorstep. As London struggles to adapt to the reality of more frequent and powerful floods, its wealthier corners are emerging as some of the most at risk. Last month in the affluent London neighborhood of South Hampstead, homeowners packed a community …","Lovanii's Riche veni ad Grips Cum Diluvio Risk on Their doorstep. Cum Londinii satagunt ad res inundationes frequentiores ac validiores accommodare, eius anguli ditiores oriuntur sicut quidam periculosissimus. Ultimus mensis in affluentia Londinii viciniae Meridionalis Hampstead, homeowners conventum faciunt.",2025-10-21 18:42:08+00:00
0680217ee7be33f7bd907c534a752ff5,2025-11-13T10:16:31Z,'floods',theconversation.com,en,0.9,COP30 report reveals how climate change is spreading infectious diseases to new regions,Climate-caused heat and floods help disease-carrying insects spread to new places.,https://theconversation.com/cop30-report-reveals-how-climate-change-is-spreading-infectious-diseases-to-new-regions-269439,https://images.theconversation.com/files/702008/original/file-20251112-56-blaf80.jpg?ixlib=rb-4.1.0&rect=0%2C333%2C4000%2C2000&q=45&auto=format&w=1356&h=668&fit=crop,,"Rising temperatures, changing rainfall patterns and extreme weather events create ideal conditions for pathogens and their vectors – such as mosquitoes, midges and ticks – to thrive.

This is confirm… [+6473 chars]",,"Der COP30-Bericht zeigt, wie der Klimawandel Infektionskrankheiten in neue Regionen verbreitet. Klimabedingte Hitze und Überschwemmungen tragen dazu bei, dass sich krankheitsübertragende Insekten an neue Orte ausbreiten.",COP30 report reveals how climate change is spreading infectious diseases to new regions. Climate-caused heat and floods help disease-carrying insects spread to new places.,COP30 Renuntiatio ostendit quomodo climatis mutatio morbos contagiones in regiones novas disseminat. Aestus et inundationes climatis causati adiuvant morbos-portantes insecta in nova loca diffusa.,2025-10-21 18:42:08+00:00
19b38f0abddd431543384e081c0a2eca,2025-11-13T10:32:32Z,'flooding residents',slashdot.org,en,0.9,"Atmospheric River Targets L.A.; Evacuation Warnings Issued For Residents Near Palisades, Eaton, Hurst & Sunset Fire Burn Scars - Deadline","Atmospheric River Targets L.A.; Evacuation Warnings Issued For Residents Near Palisades, Eaton, Hurst & Sunset Fire Burn ScarsDeadline SoCal storm forecast worsens: Periods of heavy rain, possible flooding — maybe even a tornadoLos Angeles Times Get ready for…",https://slashdot.org/firehose.pl?op=view&amp;id=180062504,,http://web.archive.org/web/20160119174443/http://slashdot.org/firehose.pl?op=view,The Fine Print: The following comments are owned by whoever posted them. We are not responsible for them in any way.,,"Atmospheric River zielt auf L.A.; Evakuierungswarnungen für Bewohner in der Nähe von Palisades, Eaton, Hurst und Sunset Fire Burn Scars – Frist. Atmospheric River zielt auf L.A.; Evakuierungswarnungen für Anwohner in der Nähe von Palisades, Eaton, Hurst und Sunset, Brandnarben, Deadline für SoCal-Sturmprognosen verschlimmern sich: Perioden mit starkem Regen, mögliche Überschwemmungen – vielleicht sogar ein TornadoLos Angeles Times Machen Sie sich bereit für…","Atmospheric River Targets L.A.; Evacuation Warnings Issued For Residents Near Palisades, Eaton, Hurst & Sunset Fire Burn Scars - Deadline. Atmospheric River Targets L.A.; Evacuation Warnings Issued For Residents Near Palisades, Eaton, Hurst & Sunset Fire Burn ScarsDeadline SoCal storm forecast worsens: Periods of heavy rain, possible flooding — maybe even a tornadoLos Angeles Times Get ready for…","Flumen atmosphaericum Targets L.A.; Evacuatio Monitiones edita habitantibus circa Palisades, Eaton, Hurst & Solis incendium cicatrices - deadline. Flumen atmosphaericum Targets L.A.; Evacuatio Monitiones Pro Residentibus circa Palisades, Eaton, Hurst & Occasus Ignis Combustio ScarsDeadline SoCal tempestas praecognoscet gravescit: Tempora pluviae, possibilis inundatio - forsitan etiam tornadoLos Angeles Times Para ...",2025-10-21 18:42:08+00:00
fe59596ad1cdf66d7caee17e365c594e,2025-11-13T10:48:00Z,'flooding rain',www.irishtimes.com,en,0.9,"Met Éireann issues orange weather warnings for Dublin, Wexford and Wicklow for Friday","Forecaster, which has issued three other yellow warnings, says heavy rain will create possibility of ‘significant flooding’",https://www.irishtimes.com/ireland/2025/11/13/met-eireann-issues-orange-weather-warnings-for-dublin-wexford-and-wicklow-for-friday/,https://www.irishtimes.com/resizer/v2/WFRKV5S4EGIFQVBE67NFEBCZGU.JPG?smart=true&auth=2a7c87f95d4fc5da851dd2e333970ea23efb3af4ad11d9ac6c5cdeb101bf6b31&width=1200&height=630,,"Met Éireann has issued a status orange weather warning for counties Dublin, Wicklow and Wexford for Friday, with heavy rain expected to create the possibility of significant flooding. 
The warning f… [+1928 chars]",,"Met Éireann gibt für Freitag orangefarbene Wetterwarnungen für Dublin, Wexford und Wicklow heraus. Forecaster, der drei weitere gelbe Warnungen ausgegeben hat, sagt, dass starker Regen die Möglichkeit einer „erheblichen Überschwemmung“ mit sich bringt.","Met Éireann issues orange weather warnings for Dublin, Wexford and Wicklow for Friday. Forecaster, which has issued three other yellow warnings, says heavy rain will create possibility of ‘significant flooding’","Convenerunt Éireann monita tempestatum aurantiorum de Dublin, Wexford et Wicklow pro Veneris die. Vatem, qui tres alias flava admonitiones prodidit, dicit pluvia gravis possibilitatem 'inundationis significans' creabit.",2025-10-21 18:42:08+00:00
7fd33ccf6375436a506f0f03060fcfc8,2025-11-13T10:50:00Z,'flooding',news.sky.com,en,0.9,Flood and 'do not travel' warnings issued as Storm Claudia prepares to batter parts of UK,"An amber weather warning has been issued for parts of England and Wales today, as Storm Claudia prepares to bring heavy downpours and potential flooding.",https://news.sky.com/story/uk-weather-flood-and-do-not-travel-warnings-issued-as-storm-claudia-arrives-13469515,https://e3.365dm.com/25/11/1600x900/skynews-rain-uk-weather_7080994.jpg?20251113122551,,"An amber weather warning has been issued for parts of England and Wales today, as Storm Claudia prepares to bring heavy downpours and potential flooding.
Flooding is likely, with some areas facing u… [+3791 chars]",,"Überschwemmungs- und Reiseverbotswarnungen werden ausgegeben, während Sturm Claudia sich darauf vorbereitet, Teile des Vereinigten Königreichs zu verwüsten. Für Teile von England und Wales wurde heute eine bernsteinfarbene Wetterwarnung herausgegeben, da Sturm Claudia sich auf heftige Regenfälle und mögliche Überschwemmungen vorbereitet.","Flood and 'do not travel' warnings issued as Storm Claudia prepares to batter parts of UK. An amber weather warning has been issued for parts of England and Wales today, as Storm Claudia prepares to bring heavy downpours and potential flooding.","Diluvium et 'noli iter' monita ut Storm Claudia quatere partes UK parat. Tempestas electra monitum pro partibus Angliae et Walliae hodie denuntiatum est, sicut Storm Claudia parat graves imbres et inundationes potentiales afferre.",2025-10-21 18:42:08+00:00
63c83a68719fbaa8f52013073c43783b,2025-11-13T11:49:09Z,'flooding',www.bbc.com,en,0.9,Amber warnings issued ahead of heavy rain from Storm Claudia,Storm Claudia is set to bring heavy and persistent rain to parts of the UK with amber warnings issued with risk of flooding and disruption.,https://www.bbc.com/weather/articles/cj0e3y6yy99o,https://ichef.bbci.co.uk/ace/branded_weather/1200/cpsprodpb/4158/live/3a0c79b0-c078-11f0-b95f-c7c5e73ea311.png,http://web.archive.org/web/20251113140744/https://www.bbc.com/weather/articles/cj0e3y6yy99o,"Storm Claudia - named by the Spanish Meteorological Agency (AEMET) - has already brought heavy rain and strong winds to Spain and Portugal.
But rain associated with this storm will spread quickly no… [+1212 chars]",,"Gelbe Warnungen vor starkem Regen durch Sturm Claudia. Sturm Claudia wird voraussichtlich starken und anhaltenden Regen in Teile des Vereinigten Königreichs bringen, wobei gelbe Warnungen mit der Gefahr von Überschwemmungen und Störungen ausgegeben werden.",Amber warnings issued ahead of heavy rain from Storm Claudia. Storm Claudia is set to bring heavy and persistent rain to parts of the UK with amber warnings issued with risk of flooding and disruption.,Amber monita pluviae a Claudia Storm edita praecedit. Claudia tempestas instituitur ut pluviam gravem et pertinacem ad partes UK permoveat cum monitis electri editis cum periculo inundationis et distractionis.,2025-10-21 18:42:08+00:00
1e4b119dadb6748398a75376272dbdc2,2025-11-13T11:52:54Z,'flooding storm',slashdot.org,en,0.9,"SoCal storm forecast worsens: Periods of heavy rain, possible flooding — maybe even a tornado - Los Angeles Times","SoCal storm forecast worsens: Periods of heavy rain, possible flooding — maybe even a tornadoLos Angeles Times Get ready for flooding and mudslides. Here's the latest on the unpredictable storm headed for SoCalLAist ‘A Lot of Uncertainty’ Suddenly Surrounds a…",https://slashdot.org/firehose.pl?op=view&amp;id=180062832,,http://web.archive.org/web/20160119174443/http://slashdot.org/firehose.pl?op=view,The Fine Print: The following comments are owned by whoever posted them. We are not responsible for them in any way.,,"Die Sturmvorhersage für Südkalifornien verschlechtert sich: Perioden mit starkem Regen, mögliche Überschwemmungen – vielleicht sogar ein Tornado – Los Angeles Times. Die Sturmvorhersage für Südkalifornien verschlechtert sich: Perioden mit starkem Regen, mögliche Überschwemmungen – vielleicht sogar ein TornadoLos Angeles Times Machen Sie sich auf Überschwemmungen und Schlammlawinen gefasst. Hier ist das Neueste über den unvorhersehbaren Sturm, der auf SoCalLA zusteuert. „A Lot of Uncertainty“ umgibt plötzlich ein…","SoCal storm forecast worsens: Periods of heavy rain, possible flooding — maybe even a tornado - Los Angeles Times. SoCal storm forecast worsens: Periods of heavy rain, possible flooding — maybe even a tornadoLos Angeles Times Get ready for flooding and mudslides. Here's the latest on the unpredictable storm headed for SoCalLAist ‘A Lot of Uncertainty’ Suddenly Surrounds a…","SoCal tempestas praecognoscet gravescit: Tempora pluviae, inundatio possibilis — fortasse etiam turbo - Los Angeles Times. Tempestas SoCal praecognoscet gravescit: Tempora pluviae, inundatio possibilis — fortasse etiam tornadoLos Angeles Tempora para inundationem et mudslides. Hic est tardus in inopinata tempestate petitus ad SoCalLAist 'A Lot of Incertae' subito circumscribit a…",2025-10-21 18:42:08+00:00
23fafc49dd46062c845a7d3f00c295bb,2025-11-13T20:35:03Z,'floods',gizmodo.com,en,0.9,Evacuation Warnings Issued as Atmospheric River Threatens to Drench Burn-Scarred Los Angeles,"The storm could trigger dangerous flash floods and mudslides, but it may also extinguish California’s wildfire season.",https://gizmodo.com/evacuation-warnings-issued-as-atmospheric-river-threatens-to-drench-burn-scarred-los-angeles-2000685632,https://gizmodo.com/app/uploads/2025/11/atmospheric-river-alifornia-1200x675.jpg,,"Californias historic wildfire season may come to an early end this week as an atmospheric river drenches the state, but the much-needed rain is bringing new hazards.
The storm arrived in California … [+3607 chars]",,"Evakuierungswarnungen werden ausgegeben, da der atmosphärische Fluss das von Verbrennungen gezeichnete Los Angeles zu durchnässen droht. Der Sturm könnte gefährliche Sturzfluten und Schlammlawinen auslösen, könnte aber auch die Waldbrandsaison in Kalifornien auslöschen.","Evacuation Warnings Issued as Atmospheric River Threatens to Drench Burn-Scarred Los Angeles. The storm could trigger dangerous flash floods and mudslides, but it may also extinguish California’s wildfire season.","Monitiones Evacuationis Atmosphaericae Flumen denuntiatum minatur ut perfundat Burn-Scarred Los Angeles. Tempestas potest felis periculosa inundationes et mudslides micare, sed etiam tempus ignis ferum Californiae extinguere potest.",2025-10-21 18:42:08+00:00
ed2d9190e1283318b57ed2579c3fe541,2025-11-14T00:05:39Z,'flooding',www.thejournal.ie,en,0.9,'Significant flooding' could hit any part of the country today - here's what you need to know,"A Status Orange warning for rain will be in place across Dublin, Wexford and Wicklow but all areas are at risk of flooding.",https://www.thejournal.ie/status-orange-rain-alert-met-eireann-flood-risk-6873757-Nov2025/,https://img2.thejournal.ie/article/6873757/river/?height=400&version=6873854,,"FROM 2PM THIS afternoon, a Status Orange warning for rain will be in place across Dublin, Wexford and Wicklow.
This alert is in place from 2pm until 11am tomorrow and Met Éireann is warning that sig… [+5545 chars]",,"„Erhebliche Überschwemmungen“ könnten heute jeden Teil des Landes treffen – hier ist, was Sie wissen müssen. In Dublin, Wexford und Wicklow wird es eine Regenwarnung mit Status Orange geben, aber in allen Gebieten besteht Überschwemmungsgefahr.","'Significant flooding' could hit any part of the country today - here's what you need to know. A Status Orange warning for rain will be in place across Dublin, Wexford and Wicklow but all areas are at risk of flooding.","""Inundationem significans"" nullam partem regionis hodie attingere potuit - hic quod scire debes. Status Orange monitus pluviae in loco trans Dublin, Wexford et Wicklow erunt, sed omnes areae inundationis periculo sunt.",2025-10-21 18:42:08+00:00
725209059903e98ad920e9bfd7d3bcb2,2025-11-14T05:30:00Z,'flooding',www.independent.ie,en,0.9,Country braced for threat of ‘significant’ flooding as Status Orange alert issued for three counties,Half the country will be subjected to heavy rain and potential flooding today and tomorrow as a result of Storm Claudia.,https://www.independent.ie/weather/country-braced-for-threat-of-significant-flooding-as-status-orange-alert-issued-for-three-counties/a432837382.html,https://focus.independent.ie/thumbor/3PPZ6wJT-Rf7GN83t-2TeiibqeE=/0x26:3160x2132/629x0/prod-mh-ireland/acddfa84-df45-43e4-8162-652330db8c81/b46242b9-41d7-454a-b281-7e47727085ec/acddfa84-df45-43e4-8162-652330db8c81.jpg,,"Half the country will be subjected to heavy rain and potential flooding today and tomorrow as a result of Storm Claudia.Met Éireann said a massive band of rain will hit many counties in the east, all… [+2823 chars]",,"Das Land bereitete sich auf die Gefahr „erheblicher“ Überschwemmungen vor, da für drei Landkreise die Status-Orange-Warnung ausgegeben wurde. Das halbe Land wird heute und morgen aufgrund des Sturms Claudia starken Regenfällen und möglichen Überschwemmungen ausgesetzt sein.",Country braced for threat of ‘significant’ flooding as Status Orange alert issued for three counties. Half the country will be subjected to heavy rain and potential flooding today and tomorrow as a result of Storm Claudia.,Patria aptata pro comminatione de inundatione significans sicut Status Orange erectus pro tribus comitatibus emanavit. Media regio pluviae et potentiae inundationis hodiernae et crastinae ob Claudiam Stormorum subiecta erit.,2025-10-21 18:42:08+00:00
10a4e4f06a15afb7bf5af963adefa78f,2025-11-14T11:10:47Z,'flooding rain',www.thejournal.ie,en,0.9,Country braces for potential flooding as Storm Claudia brings heavy rain and wind,Disruptions and delays for drivers and public transport users are likely.,https://www.thejournal.ie/weather-warnings-storm-claudia-live-updates-6874497-Nov2025/,https://img2.thejournal.ie/article/6874497/river/?height=400&version=6874515,,"ITS RAINING BUCKETS in much of the country today.
Met Éireann has issued weather warnings for much of the east and south, cautioning of potential significant flooding and difficult travel conditions… [+2047 chars]",,"Das Land bereitet sich auf mögliche Überschwemmungen vor, da Sturm Claudia starken Regen und Wind mit sich bringt. Störungen und Verzögerungen für Fahrer und Nutzer öffentlicher Verkehrsmittel sind wahrscheinlich.",Country braces for potential flooding as Storm Claudia brings heavy rain and wind. Disruptions and delays for drivers and public transport users are likely.,Patriae adstringit potentialis inundationem sicut Storm Claudia pluviam et ventum affert. Disruptiones et moras pro rectoribus et utentes onerariis publicis verisimile sunt.,2025-10-21 18:42:08+00:00
a0dc024752eda887d8b74980a7ed878f,2025-11-14T14:34:33Z,'flooding',www.haaretz.com,en,0.9,"As rain hits Gaza, experts warn flooding could lead to disease as nearly all tents become uninhabitable",Humanitarian aid organizations say hundreds of tents have been flooded. Some displaced persons have been forced to seek new shelter. Rains mixing with sewage in areas where infrastructure was destroyed,https://www.haaretz.com/gaza/2025-11-14/ty-article/.premium/rain-in-gaza-experts-say-flooding-could-lead-to-disease-as-nearly-all-tents-uninhabitable/0000019a-829a-dc34-afbf-fa9fb4800000,"https://img.haarets.co.il/bs/0000019a-829a-dc34-afbf-fa9fb4800000/7e/b0/a4833e424127ad8686bb2653a234/789680.jpg?precrop=2400,1395,x0,y195&width=1200&height=630&cmsprod",,Humanitarian aid organizations say hundreds of tents have been flooded. Some displaced persons have been forced to seek new shelter. Rains mixing with sewage in areas where infrastructure was destroy… [+1 chars],,"Wenn der Regen Gaza erreicht, warnen Experten, dass Überschwemmungen zu Krankheiten führen könnten, da fast alle Zelte unbewohnbar werden. Nach Angaben humanitärer Hilfsorganisationen seien Hunderte Zelte überflutet worden. Einige Vertriebene waren gezwungen, eine neue Unterkunft zu suchen. Regen vermischt sich mit Abwasser in Gebieten, in denen die Infrastruktur zerstört wurde","As rain hits Gaza, experts warn flooding could lead to disease as nearly all tents become uninhabitable. Humanitarian aid organizations say hundreds of tents have been flooded. Some displaced persons have been forced to seek new shelter. Rains mixing with sewage in areas where infrastructure was destroyed","Sicut Gaza pluvia pervenit, periti monent inundationem morbum ducere posse ut omnia fere tabernacula inhabitabilia fiant. Institutiones auxilium humanitarium dicunt centena tabernacula inundata esse. Nonnulli moti sunt homines ad novas receptacula quaerere. Pluviis miscentes purgamentorum in locis ubi infrastructura destructa est",2025-10-21 18:42:08+00:00
8a7771c34b1b3cc7023c52b9b854b4f1,2025-11-14T17:17:24Z,'flooding evacuation',biztoc.com,en,0.9,"California Evacuation Map as Millions Face Heavy Rain, Flooding","A strong atmospheric river is pummeling Southern California, bringing a widespread risk of floods and prompting evacuations.",https://biztoc.com/x/d73ff692a69468a8,https://biztoc.com/cdn/954/og.png,,"A strong atmospheric river is pummeling Southern California, bringing a widespread risk of floods and prompting evacuations.
This story appeared on newsweek.com, 2025-11-14 17:06:12.",,"Evakuierungskarte für Kalifornien, da Millionen von Menschen mit starkem Regen und Überschwemmungen konfrontiert sind. Ein starker atmosphärischer Fluss schüttet Südkalifornien aus, was zu einer weit verbreiteten Überschwemmungsgefahr führt und Evakuierungen nach sich zieht.","California Evacuation Map as Millions Face Heavy Rain, Flooding. A strong atmospheric river is pummeling Southern California, bringing a widespread risk of floods and prompting evacuations.","California Evacuation Map as Millions Face Gravis Pluviae, Inundatio. Fluvius atmosphaericus validus in California meridionalem labefacit, latissime periculum inundationum et evacuationes excitat.",2025-10-21 18:42:08+00:00
93e0c2be51b7a19bf0428a02e687d3c0,2025-11-14T18:36:28Z,'flooding area',www.bbc.com,en,0.9,Weather warnings in force as Storm Claudia brings heavy rain to UK,"The storm has brought flooding and downpours, with some areas expecting up to a month's worth of rain in a day.",https://www.bbc.com/news/articles/c4gw5xxej04o,https://ichef.bbci.co.uk/news/1024/branded_news/a7c5/live/c48b8af0-c171-11f0-8669-5560f5c90fbe.jpg,http://web.archive.org/web/20251115010607/https://www.bbc.com/news/articles/c4gw5xxej04o,"Ruth Comerford and BBC Weather
Amber warnings from the Met Office for ""persistent and heavy"" rain are in force as Storm Claudia continues to move across the United Kingdom.
A wider yellow severe we… [+4410 chars]",,"Es gelten Wetterwarnungen, da Sturm Claudia heftigen Regen nach Großbritannien bringt. Der Sturm hat Überschwemmungen und Regenfälle mit sich gebracht, wobei in manchen Gebieten mit bis zu einem Monat Regen an einem Tag gerechnet wird.","Weather warnings in force as Storm Claudia brings heavy rain to UK. The storm has brought flooding and downpours, with some areas expecting up to a month's worth of rain in a day.","Tempestas admonitiones in vi sicut Storm Claudia pluviam UK adfert. Tempestas inundationes et imbres attulit, nonnullis locis usque ad mensem pluviam in diem exspectantibus.",2025-10-21 18:42:08+00:00
c1377cb6419c899771c8c0b028faf248,2025-11-14T20:53:14Z,'flooding area',www.yahoo.com,en,0.9,"California hit by flooding, snow, landslides, winds, wildfires, and an earthquake, all in one day",Nearly a dozen weather phenomena occurred in California Thursday as the state lived up to its reputation.,https://www.yahoo.com/news/articles/california-hit-flooding-snow-landslides-205314489.html,https://media.zenfs.com/en/accuweather_articles_339/b59fa6b39e40edd7079b30c5ebee0993,,"California hit by flooding, snow, landslides, winds, wildfires, and an earthquake, all in one day
In a state known for both ""boring"" and ""scary"" weather- as well as frequent natural disasters - Cali… [+3645 chars]",,"Kalifornien wurde an einem Tag von Überschwemmungen, Schnee, Erdrutschen, Winden, Waldbränden und einem Erdbeben heimgesucht. Fast ein Dutzend Wetterphänomene ereigneten sich am Donnerstag in Kalifornien, womit der Staat seinem Ruf alle Ehre machte.","California hit by flooding, snow, landslides, winds, wildfires, and an earthquake, all in one day. Nearly a dozen weather phenomena occurred in California Thursday as the state lived up to its reputation.","Cali- hit per inundationem, nix, ruinas, ventos, incendia et terrae motus omnes in una die. Fere duodecim phaenomena tempestatum in California Iovis facta sunt sicut res publica usque ad famam suam vixit.",2025-10-21 18:42:08+00:00
af45ecbd882c0fe6e648e7748ddae2a3,2025-11-15T01:48:23Z,'flooding',www.rte.ie,en,0.9,"Wexford premises flooded as storm impacts power for 3,000","Eighteen properties were flooded across Co Wexford overnight and the county remains on alert for the possibility of flooding in Enniscorthy later today, following heavy rains associated with Storm Claudia overnight.",https://www.rte.ie/news/2025/1115/1544115-weather-flooding/,https://www.rte.ie/images/00237c3c-1600.jpg,,"Eighteen properties were flooded across Co Wexford overnight and the county remains on alert for the possibility of flooding in Enniscorthy later today, following heavy rains associated with Storm Cl… [+4523 chars]",,"Das Gelände in Wexford wurde überschwemmt, da der Sturm den Strom für 3.000 Menschen beeinträchtigte. Über Nacht wurden im gesamten Landkreis Wexford 18 Grundstücke überschwemmt, und der Landkreis ist weiterhin in Alarmbereitschaft, da in Enniscorthy im weiteren Verlauf des heutigen Tages nach heftigen Regenfällen im Zusammenhang mit dem Sturm Claudia über Nacht Überschwemmungen möglich sein könnten.","Wexford premises flooded as storm impacts power for 3,000. Eighteen properties were flooded across Co Wexford overnight and the county remains on alert for the possibility of flooding in Enniscorthy later today, following heavy rains associated with Storm Claudia overnight.","Wexford praemissa inundata sicut impetus tempestatis pro 3,000 potestate. Duodeviginti possessiones trans Co Wexford pernoctare inundatae sunt et comitatus intenti ad possibilitatem inundationis in Enniscorthy postea hodie sequentes pluviae cum Claudia Storm pernoctare coniunguntur.",2025-10-21 18:42:08+00:00
cf6896454e4f540ea5ea98ebfb70076d,2025-11-15T05:30:00Z,'flooding weather',www.independent.ie,en,0.9,Storm Claudia leaves flooding and power outages in its wake – but conditions set to stabilise today,Storm Claudia left its mark on the country yesterday as several counties reported significant flooding and power outages after conditions lived up to earlier Status Orange and ­Yellow rain and wind warnings.,https://www.independent.ie/weather/storm-claudia-leaves-flooding-and-power-outages-in-its-wake-but-conditions-set-to-stabilise-today/a1583188140.html,https://focus.independent.ie/thumbor/FywqsCvRymsIYM1PTuIZ6BFhiaM=/629x460/smart/prod-mh-ireland/289de995-11e6-46d3-8d4b-7154a725db3f/e3bc1378-3a9a-4129-9dbe-4148108af232/er%20alert%20_%20dublin%206.jpg,,Storm Claudia left its mark on the country yesterday as several counties reported significant flooding and power outages after conditions lived up to earlier Status Orange and ­Yellow rain and wind w… [+4262 chars],,"Sturm Claudia hinterlässt Überschwemmungen und Stromausfälle – doch heute dürfte sich die Lage stabilisieren. Sturm Claudia hinterließ gestern seine Spuren im Land, da mehrere Landkreise erhebliche Überschwemmungen und Stromausfälle meldeten, nachdem die Bedingungen den früheren Regen- und Windwarnungen in Status Orange und Gelb entsprachen.",Storm Claudia leaves flooding and power outages in its wake – but conditions set to stabilise today. Storm Claudia left its mark on the country yesterday as several counties reported significant flooding and power outages after conditions lived up to earlier Status Orange and ­Yellow rain and wind warnings.,Tempestas Claudia inundationem et vim outages in suo motu relinquit – sed condiciones hodie ad stabiliendum positae sunt. Tempestas Claudia hesterno die signum suum reliquit ut aliquot comitatus significantes inundationes et potentias outages nuntiaverunt post condiciones usque ad maturitatem Status Aurei et Flavii pluviae et venti monita vixerunt.,2025-10-21 18:42:08+00:00
34d0cd11eae5fd6bc71679bbaefb008c,2025-11-15T07:34:27Z,'flooding',www.thejournal.ie,en,0.9,Storm Claudia: Warnings still in place amid power outages and flooding - but it may ease off later,A rain warning will remain in place across 13 counties until 9am.,https://www.thejournal.ie/storm-claudia-weather-warnings-wind-rain-6875632-Nov2025/,https://img2.thejournal.ie/article/6875632/river/?height=400&version=6875633,,"STORM CLAUDIA HAS begun to move away from Ireland this morning, but weather warnings remain in effect and thousands of homes and businesses are still without power following a day of severe rain, flo… [+3661 chars]",,Sturm Claudia: Bei Stromausfällen und Überschwemmungen gelten weiterhin Warnungen – es könnte aber später nachlassen. Bis 9 Uhr morgens gilt in 13 Landkreisen weiterhin eine Regenwarnung.,Storm Claudia: Warnings still in place amid power outages and flooding - but it may ease off later. A rain warning will remain in place across 13 counties until 9am.,Tempestas Claudia: Admonitiones adhuc in loco inter vim outages et inundationem - sed postea potest relevare. Monitio pluviae loco per 13 comitatus usque ad 9am manebit.,2025-10-21 18:42:08+00:00
18ee6b873b4cb6e10fef1353766a3bc6,2025-11-15T08:30:00Z,'flooding weather',www.independent.ie,en,0.9,"Storm Claudia leaves flooding and 5,000 without power in its wake – but conditions set to stabilise today","{
 ""themeId"": ""lct_64772ae4d1d7dec0c5b716ac"",
 ""clientId"": ""64772ae4d1d7dec0c5b716af"",
 ""liveblogId"": ""69183ea87ae32051200a079a""
}",https://www.independent.ie/weather/storm-claudia-leaves-flooding-and-5000-without-power-in-its-wake-but-conditions-set-to-stabilise-today/a1583188140.html,https://focus.independent.ie/thumbor/AvQZL9z1lGytU9yRrtjLbO6j8n0=/629x460/smart/prod-mh-ireland/289de995-11e6-46d3-8d4b-7154a725db3f/d1933385-c44b-4e10-aeb2-b73ca340ed4e/er%20alert%20_%20dublin%206.jpg,,Storm Claudia left its mark on the country yesterday as several counties reported significant flooding and power outages after conditions lived up to earlier Status Orange and ­Yellow rain and wind w… [+4110 chars],,"Sturm Claudia hinterlässt Überschwemmungen und 5.000 Menschen ohne Strom – doch die Bedingungen dürften sich heute stabilisieren. {
 „themeId“: „lct_64772ae4d1d7dec0c5b716ac“,
 „clientId“: „64772ae4d1d7dec0c5b716af“,
 „liveblogId“: „69183ea87ae32051200a079a“
}","Storm Claudia leaves flooding and 5,000 without power in its wake – but conditions set to stabilise today. {
 ""themeId"": ""lct_64772ae4d1d7dec0c5b716ac"",
 ""clientId"": ""64772ae4d1d7dec0c5b716af"",
 ""liveblogId"": ""69183ea87ae32051200a079a""
}","Tempestas Claudia inundationem et 5,000 sine vi in ​​ortu relinquit — condiciones autem hodie ad stabiliendum positae sunt. {
 ""themeId"": ""lct_64772ae4d1d7dec0c5b716ac"",
 ""clientId"": ""64772ae4d1d7dec0c5b716af"",
 ""liveblogId"": ""69183ea87ae32051200a079a""
}",2025-10-21 18:42:08+00:00
fbbe32b03044ac17f104b78c0bf48dd2,2025-11-15T08:30:00Z,'flooding weather',www.independent.ie,en,0.9,Rivers in Dublin remain under ‘close observation’ as severe flooding hits parts of Wexford after Storm Claudia,"{
 ""themeId"": ""lct_64772ae4d1d7dec0c5b716ac"",
 ""clientId"": ""64772ae4d1d7dec0c5b716af"",
 ""liveblogId"": ""69183ea87ae32051200a079a""
}",https://www.independent.ie/weather/rivers-in-dublin-remain-under-close-observation-as-severe-flooding-hits-parts-of-wexford-after-storm-claudia/a1583188140.html,https://focus.independent.ie/thumbor/eCEj4xt4OLW5CADwrQRyIDigzqQ=/629x460/smart/prod-mh-ireland/289de995-11e6-46d3-8d4b-7154a725db3f/763c9da8-29b5-4cc4-a1e9-16657df944fd/er%20alert%20_%20dublin%206.jpg,,Storm Claudia left its mark on the country yesterday as several counties reported significant flooding and power outages after conditions lived up to earlier Status Orange and ­Yellow rain and wind w… [+4106 chars],,"Die Flüsse in Dublin bleiben unter „genauer Beobachtung“, da Teile von Wexford nach dem Sturm Claudia von schweren Überschwemmungen heimgesucht werden. {
 „themeId“: „lct_64772ae4d1d7dec0c5b716ac“,
 „clientId“: „64772ae4d1d7dec0c5b716af“,
 „liveblogId“: „69183ea87ae32051200a079a“
}","Rivers in Dublin remain under ‘close observation’ as severe flooding hits parts of Wexford after Storm Claudia. {
 ""themeId"": ""lct_64772ae4d1d7dec0c5b716ac"",
 ""clientId"": ""64772ae4d1d7dec0c5b716af"",
 ""liveblogId"": ""69183ea87ae32051200a079a""
}","Flumina in Dublin manent sub stricta observatione tamquam graves hits inundationes partium Wexforde post Storm Claudia. {
 ""themeId"": ""lct_64772ae4d1d7dec0c5b716ac"",
 ""clientId"": ""64772ae4d1d7dec0c5b716af"",
 ""liveblogId"": ""69183ea87ae32051200a079a""
}",2025-10-21 18:42:08+00:00
e0ce89d4f95dff951c93c5f05fbde85e,2025-11-15T09:09:51Z,'flooding',www.irishtimes.com,en,0.9,Storm Claudia: Thousands without power around Ireland as some weather warnings lift,Met Éireann warns people to be alert for ‘significant’ flooding and hazardous travelling conditions,https://www.irishtimes.com/ireland/2025/11/15/thousands-of-homes-and-businesses-without-power-as-some-weather-warnings-lift/,https://www.irishtimes.com/resizer/v2/2PKPF65C2NBZJEUOULPIGHCRHQ.JPG?smart=true&auth=d4f1256937e6eda82f871a78443ff01dbea282e1c84213c2a12477d704c83c84&width=1200&height=630,http://web.archive.org/web/20251115135820/https://www.irishtimes.com/ireland/2025/11/15/thousands-of-homes-and-businesses-without-power-as-some-weather-warnings-lift/,"Power outages have been reported nationwide and floods have hit some areas after Storm Claudia moved over the island of Ireland.
Thousands of homes and businesses were without power on Saturday morn… [+1953 chars]",,"Sturm Claudia: Tausende in ganz Irland ohne Strom, da einige Wetterwarnungen aufgehoben werden. Met Éireann warnt die Menschen, vor „erheblichen“ Überschwemmungen und gefährlichen Reisebedingungen wachsam zu sein",Storm Claudia: Thousands without power around Ireland as some weather warnings lift. Met Éireann warns people to be alert for ‘significant’ flooding and hazardous travelling conditions,Tempestas Claudia: Milia sine viribus circa Hiberniam quasi quaedam tempestate monita tollunt. Met Éireann homines monet ut sint solliciti pro 'inundationes et ancipites condiciones significantes',2025-10-21 18:42:08+00:00
f8cf2820f5118efd4417e46dcef2596b,2025-11-15T13:39:31Z,'flooding',www.bbc.com,en,0.9,Watch: Aerial footage shows devastating scenes caused by flooding in Wales,Aerial footage shows devastating scenes caused by floods.,https://www.bbc.com/news/videos/cn7e4pzpy31o,https://ichef.bbci.co.uk/news/1024/branded_news/9dc9/live/2b0b3300-c228-11f0-ae46-bd64331f0fd4.jpg,,"Aerial footage shows the devastating scenes caused by flooding in Monmouth.
Family have told BBC Wales how they were rescued from their homes in the darkness by boat, while business owners say they'… [+325 chars]",,"Anschauen: Luftaufnahmen zeigen verheerende Szenen, die durch Überschwemmungen in Wales verursacht wurden. Luftaufnahmen zeigen verheerende Szenen, die durch Überschwemmungen verursacht wurden.",Watch: Aerial footage shows devastating scenes caused by flooding in Wales. Aerial footage shows devastating scenes caused by floods.,Vide: Aeria footage spectacula vastationis scaenae causata in Wallia inundatione. Aeria footage ostendit vastare scaenae ex inundationibus.,2025-10-21 18:42:08+00:00
bddbd6b3f2010d84e11f6dc6da739591,2025-11-15T15:23:40Z,'flooding rain',abcnews.go.com,en,0.9,"California storm latest: Heavy rain expected and mudslides, flash flooding possible",A storm is dropping rounds of heavy rain on more than 22 million people across Southern California on Saturday.,https://abcnews.go.com/US/california-storm-latest-la-braces-heavy-rain-mudslides/story?id=127549605,https://i.abcnewsfe.com/a/ee519ef7-eb7b-4826-a727-405930d5ea49/california-rain-ap-jt-251115_1763216603834_hpMain_16x9.jpg?w=1600,http://web.archive.org/web/20251116215036/https://abcnews.go.com/US/california-storm-latest-la-braces-heavy-rain-mudslides/story?id=127549605,"A storm is dropping rounds of heavy rain on more than 22 million people across Southern California on Saturday, and the rainfall could spark dangerous flash flooding, mudslides and debris flows.
Her… [+1490 chars]",,"Neuester Sturm in Kalifornien: Starker Regen und Schlammlawinen erwartet, Sturzfluten möglich. Ein Sturm hat am Samstag in ganz Südkalifornien mehr als 22 Millionen Menschen heftigen Regen ausgesetzt.","California storm latest: Heavy rain expected and mudslides, flash flooding possible. A storm is dropping rounds of heavy rain on more than 22 million people across Southern California on Saturday.","Tempestas Californiae tardus: Imber gravis expectatus et mudslides, inundatio mico fieri potest. Tempestas in circuitu pluviae gravis plus quam viginti milia hominum per Californiam Australem die Saturni iacit.",2025-10-21 18:42:08+00:00
13ff35672131951d49e35cfd9829b5cf,2025-11-15T15:38:10Z,'flooding',www.rte.ie,en,0.9,Major incident declared after flooding in Wales,"A major incident was declared in South Wales after ""severe and widespread flooding"" was brought on by the ""devastating"" impact of Storm Claudia.",https://www.rte.ie/news/uk/2025/1115/1544173-storm-claudia-uk/,https://www.rte.ie/images/00237c5b-1600.jpg,,"A major incident was declared in South Wales after ""severe and widespread flooding"" was brought on by the ""devastating"" impact of Storm Claudia.
It comes as properties were flooded across Co Wexford… [+2514 chars]",,"Schwerer Vorfall nach Überschwemmung in Wales gemeldet. In Südwales wurde ein schwerer Vorfall gemeldet, nachdem die „verheerenden“ Auswirkungen des Sturms Claudia zu „schweren und großflächigen Überschwemmungen“ geführt hatten.","Major incident declared after flooding in Wales. A major incident was declared in South Wales after ""severe and widespread flooding"" was brought on by the ""devastating"" impact of Storm Claudia.","Maior res declarata post inundationem in Wallia. Maior res in South Wales declarata est postquam ""gravis et diffusa inundatio"" per ""vastationem"" ictum Claudiae Stormiae allatum est.",2025-10-21 18:42:08+00:00
e2b5f2fe4b7514c6d29b63c63fada805,2025-11-15T15:52:24Z,'flooding Gaza',www.pbs.org,en,0.9,"Heavy winter rains batter Gaza, destroying makeshift shelters","Residents attempted to dig trenches to keep the water from flooding their tents, as rain dripped through tears in tarpaulins and makeshift shelters. The intermittent bursts soaked families' scant belongings. Strong winds can also topple tents and hamper attem…",https://www.pbs.org/newshour/world/heavy-winter-rains-batter-gaza-destroying-makeshift-shelters,https://d3i6fh83elv35t.cloudfront.net/static/2025/11/2025-11-14T153909Z_1629869419_RC2DWHAGP0F3_RTRMADP_3_ISRAEL-PALESTINIANS-GAZA-1024x683.jpg,http://web.archive.org/web/20251116003215/https://www.pbs.org/newshour/world/heavy-winter-rains-batter-gaza-destroying-makeshift-shelters,"DEIR AL-BALAH, Gaza Strip (AP) Winter’s first heavy rainfall sent water cascading through Gaza’s sprawling Muwasi tent camp on Saturday, as the territory struggles to cope with flooding and devastate… [+3464 chars]",,"Heftige Winterregen verwüsten Gaza und zerstören provisorische Unterkünfte. Die Bewohner versuchten, Gräben auszuheben, um zu verhindern, dass das Wasser ihre Zelte überflutete, während der Regen durch Risse in Planen und provisorischen Unterkünften tropfte. Die zeitweiligen Explosionen durchnässten das spärliche Hab und Gut der Familien. Auch starker Wind kann Zelte umwerfen und die Arbeit behindern.","Heavy winter rains batter Gaza, destroying makeshift shelters. Residents attempted to dig trenches to keep the water from flooding their tents, as rain dripped through tears in tarpaulins and makeshift shelters. The intermittent bursts soaked families' scant belongings. Strong winds can also topple tents and hamper attem…","Hiemes graves imbribus quatiunt Gazas, casas destruens exstirpat. Incolae fossas fodere ad tentoria aquam ab inundatione arcendam conabantur, ut pluviis per lachrymas in tarpaulinis stillantibus ac tabernaculis emigrantibus. Intermissa familiae parua rumpit imbuta supellectile. Venti validi possunt etiam prosternere tentoria et attem impediunt…",2025-10-21 18:42:08+00:00
a789620dea08af606c15d14bf0ae3f03,2025-11-15T16:00:37Z,'flooding residents',biztoc.com,en,0.9,"Heavy winter rains batter Gaza, destroying makeshift shelters","Residents attempted to dig trenches to keep the water from flooding their tents, as rain dripped through tears in tarpaulins and makeshift shelters. The intermittent bursts soaked families' scant belongings. Strong winds can also topple tents and hamper attem…",https://biztoc.com/x/a14c4c107429ed77,https://biztoc.com/cdn/a14c4c107429ed77_s.webp,,"Residents attempted to dig trenches to keep the water from flooding their tents, as rain dripped through tears in tarpaulins and makeshift shelters. The intermittent bursts soaked families' scant bel… [+142 chars]",,"Heftige Winterregen verwüsten Gaza und zerstören provisorische Unterkünfte. Die Bewohner versuchten, Gräben auszuheben, um zu verhindern, dass das Wasser ihre Zelte überflutete, während der Regen durch Risse in Planen und provisorischen Unterkünften tropfte. Die zeitweiligen Explosionen durchnässten das spärliche Hab und Gut der Familien. Auch starker Wind kann Zelte umwerfen und die Arbeit behindern.","Heavy winter rains batter Gaza, destroying makeshift shelters. Residents attempted to dig trenches to keep the water from flooding their tents, as rain dripped through tears in tarpaulins and makeshift shelters. The intermittent bursts soaked families' scant belongings. Strong winds can also topple tents and hamper attem…","Hiemes graves imbribus quatiunt Gazas, casas destruens exstirpat. Incolae fossas fodere ad tentoria aquam ab inundatione arcendam conabantur, ut pluviis per lachrymas in tarpaulinis stillantibus ac tabernaculis emigrantibus. Intermissa familiae parua rumpit imbuta supellectile. Venti validi possunt etiam prosternere tentoria et attem impediunt…",2025-10-21 18:42:08+00:00
ae8e72c6daf6af47445cde0c46ae7774,2025-11-15T16:02:09Z,'flooding',uk.news.yahoo.com,en,0.9,"Storm Claudia kills three in Portugal, causes flooding in Britain","LISBON (Reuters) -Violent weather brought on by Storm Claudia killed three people and injured dozens in Portugal, authorities there said on Saturday, while...",https://uk.news.yahoo.com/storm-claudia-kills-three-portugal-160209262.html,https://media.zenfs.com/en/reuters.com/43fb62fe797da48a0579ee32de5c424e,,"LISBON (Reuters) -Violent weather brought on by Storm Claudia killed three people and injured dozens in Portugal, authorities there said on Saturday, while in Britain rescue workers were organising e… [+2227 chars]",,"Sturm Claudia tötet drei Menschen in Portugal und verursacht Überschwemmungen in Großbritannien. LISSABON (Reuters) – Heftiges Wetter, verursacht durch Sturm Claudia, hat in Portugal drei Menschen getötet und Dutzende verletzt, teilten die dortigen Behörden am Samstag mit, während...","Storm Claudia kills three in Portugal, causes flooding in Britain. LISBON (Reuters) -Violent weather brought on by Storm Claudia killed three people and injured dozens in Portugal, authorities there said on Saturday, while...","Claudia tempestas tres in Portugallia occidit, inundationem in Britannia causat. LISBON (Reuters) - Tempestas violenta a Storm Claudia inducta tres homines occidit et justos in Portugallia vulneravit, auctores ibi die Sabbati dixerunt, dum...",2025-10-21 18:42:08+00:00
812e239e2dbf94fea0aea5c953521b3f,2025-11-15T16:41:20Z,'floods',economictimes.indiatimes.com,en,0.9,"Flash flood warning in South California following rainfall - traffic impacts, mudslides and all details","Flash flood warning: Southern California is bracing for a weekend of intense rainfall and potential dangers. Forecasters warn of flash floods, mudslides, and significant traffic disruptions as a powerful storm sweeps through. Southwestern Los Angeles County i…",https://economictimes.indiatimes.com/news/international/us/flash-flood-warning-in-south-california-following-rainfall-traffic-impacts-mudslides-and-all-details/articleshow/125350767.cms,"https://img.etimg.com/thumb/msid-125350792,width-1200,height-630,imgsize-365034,overlay-economictimes/articleshow.jpg",,"Flash flood warning: Southern California is facing a wet and potentially dangerous weekend as a strong storm moves across the region, bringing heavy rainfall that could lead to flash flooding, mudsli… [+3059 chars]",,"Sturzflutwarnung in Südkalifornien nach Regenfällen – Verkehrsbeeinträchtigungen, Schlammlawinen und alle Details. Sturzflutwarnung: Südkalifornien bereitet sich auf ein Wochenende mit starken Regenfällen und potenziellen Gefahren vor. Meteorologen warnen vor Sturzfluten, Schlammlawinen und erheblichen Verkehrsbehinderungen, wenn ein heftiger Sturm vorbeizieht. Südwestliches Los Angeles County i…","Flash flood warning in South California following rainfall - traffic impacts, mudslides and all details. Flash flood warning: Southern California is bracing for a weekend of intense rainfall and potential dangers. Forecasters warn of flash floods, mudslides, and significant traffic disruptions as a powerful storm sweeps through. Southwestern Los Angeles County i…","Monitum diluvium in South California post pluviam - commercii impactus, mudslides et singula omnia. Flash inundatio praemonitio: California Australis comprehendit volutpat pluviae intensae et pericula potentiale. Vates monent flumina micare, turbare, et perturbationes commercii significantes sicut tempestas valida pervadit. Southwestern Los Angeles County i…",2025-10-21 18:42:08+00:00
b522bc6f23bb7e75edb2e94d5476220b,2025-11-15T17:12:25Z,'floods',www.nbcnews.com,en,0.9,Search ongoing for missing 5-year-old as Southern California braces for devastating rain,The desperate search for a 5-year-old girl who was swept into the Pacific Ocean Friday as her father drowned attempting to save her continues while southern California braces for more heavy rainfall that could bring life-threatening floods to the region,https://www.nbcnews.com/weather/storms/california-flooding-rain-storm-rcna244092,"https://media-cldnry.s-nbcnews.com/image/upload/t_nbcnews-fp-1200-630,f_auto,q_auto:best/rockcms/2025-11/251115-storm-ch-1116-3bc803.jpg",http://web.archive.org/web/20251115204020/https://www.nbcnews.com/weather/storms/california-flooding-rain-storm-rcna244092,The desperate search for a 5-year-old girl who was swept into the Pacific Ocean Friday as her father drowned attempting to save her continues while southern California braces for more heavy rainfall … [+3757 chars],,"Die Suche nach einem vermissten Fünfjährigen läuft, während Südkalifornien sich auf verheerenden Regen vorbereitet. Die verzweifelte Suche nach einem fünfjährigen Mädchen, das am Freitag in den Pazifischen Ozean gespült wurde, als ihr Vater bei dem Versuch, sie zu retten, ertrank, geht weiter, während Südkalifornien sich auf weitere heftige Regenfälle vorbereitet, die lebensgefährliche Überschwemmungen in die Region bringen könnten",Search ongoing for missing 5-year-old as Southern California braces for devastating rain. The desperate search for a 5-year-old girl who was swept into the Pacific Ocean Friday as her father drowned attempting to save her continues while southern California braces for more heavy rainfall that could bring life-threatening floods to the region,"Quaero perennem absentis V annos ad California meridionalem adstringit ad pluviam vastandam. Desperata quaesitio puellae V annorum quae in Oceanum Pacificum Veneris tamquam pater submersus est, eam servare conanti pergit dum California meridionali adstringit gravioribus imbribus quae inundationes vitae minaces ad regionem deducere possent.",2025-10-21 18:42:08+00:00
6e0a8149d8f8f8f4876e7b17674028dd,2025-11-15T17:18:37Z,'flooding area',biztoc.com,en,0.9,Millions Told to Avoid Driving Amid Flood Warning,Weather and county officials warn of dangerous flooding due to recent burn scars in the area.,https://biztoc.com/x/faa5849cf6f7b701,https://biztoc.com/cdn/954/og.png,,"Weather and county officials warn of dangerous flooding due to recent burn scars in the area.
This story appeared on newsweek.com, 2025-11-15 17:14:03.",,"Millionen Menschen wurden aufgefordert, während der Hochwasserwarnung das Autofahren zu meiden. Wetter- und Bezirksbeamte warnen vor gefährlichen Überschwemmungen aufgrund der jüngsten Brandnarben in der Gegend.",Millions Told to Avoid Driving Amid Flood Warning. Weather and county officials warn of dangerous flooding due to recent burn scars in the area.,Milia nuntiata sunt inter Diluvium Cavere Admonitio. Tempestas et ministri comitatus monent inundationem periculosam ob recentes cicatrices in area urere.,2025-10-21 18:42:08+00:00
96fd8e1a26becc82201ba36ed30440dd,2025-11-15T19:40:16Z,'flooding',fox5sandiego.com,en,0.9,LIST: Road closures across San Diego County amid Pacific storm,"Heavy rain and flooding due to a Pacific storm has caused road closures in San Diego County, and drivers are advised to use caution and avoid flooded roads.",https://fox5sandiego.com/traffic/list-road-closures-across-san-diego-county-amid-pacific-storm/,https://media.zenfs.com/en/kswb_articles_601/c2ebb53e84b6559a4bcb516810add728,,SAN DIEGO (FOX 5/KUSI) Some roadways are closed across San Diego County as a Pacific storm brings heavy rain and flooding in certain areas. This comes as a flood watch remains in effect for the regio… [+1655 chars],,"LISTE: Straßensperrungen im gesamten San Diego County aufgrund eines Pazifiksturms. Starker Regen und Überschwemmungen aufgrund eines Sturms im Pazifik haben zu Straßensperrungen im San Diego County geführt. Autofahrern wird empfohlen, Vorsicht walten zu lassen und überflutete Straßen zu meiden.","LIST: Road closures across San Diego County amid Pacific storm. Heavy rain and flooding due to a Pacific storm has caused road closures in San Diego County, and drivers are advised to use caution and avoid flooded roads.","LIST: Via commissuras trans San Diego comitatum inter tempestatem Pacificam. Imbribus gravis et inundatio ob tempestatem Pacificam viam clausuras in San Diego comitatu effecit, et rectores monent ut caute et viae inundationes vitentur.",2025-10-21 18:42:08+00:00
340addcaa1f2825332435849ec6a788c,2025-11-15T21:29:54Z,'flooding residents',japantoday.com,en,0.9,First major winter rains pummel Gaza and destroy makeshift shelters,"Winter's first heavy rainfall sent water cascading through Gaza's sprawling Muwasi tent camp on Saturday, as the territory struggles to cope with flooding and devastated infrastructure after two years of war. Residents attempted to dig trenches to keep the wa…",https://japantoday.com/category/world/first-major-winter-rains-pummel-gaza-destroying-makeshift-shelters,,,"Winter's first heavy rainfall sent water cascading through Gaza's sprawling Muwasi tent camp on Saturday, as the territory struggles to cope with flooding and devastated infrastructure after two year… [+3509 chars]",,"Die ersten großen Winterregen verwüsten Gaza und zerstören provisorische Unterkünfte. Die ersten heftigen Regenfälle des Winters ließen am Samstag Wasser in Kaskaden durch das weitläufige Zeltlager Muwasi im Gazastreifen strömen, während das Gebiet nach zwei Jahren Krieg mit Überschwemmungen und zerstörter Infrastruktur zu kämpfen hat. Anwohner versuchten, Gräben auszuheben, um das Wasser aufrechtzuerhalten.","First major winter rains pummel Gaza and destroy makeshift shelters. Winter's first heavy rainfall sent water cascading through Gaza's sprawling Muwasi tent camp on Saturday, as the territory struggles to cope with flooding and devastated infrastructure after two years of war. Residents attempted to dig trenches to keep the wa…","Maior hiemalis primum Pelidae Gazam pluit et casas exstaret destruet. Primae pluviae hiemalis pluviae aquae lapsae per Gazam castra Muwasi castra Saturni die discurrente misit, ut territorium inundationem tolerare certat et infrastructuram post duos annos belli vastavit. Residentibus fossas fodere conabantur custodire wa ...",2025-10-21 18:42:08+00:00
3641ebdbf33b1a62d4f0a12b151170c8,2025-11-15T21:36:21Z,'flooding storm',www.pbs.org,en,0.9,Strong storm system moves into California with warnings of flash floods,The National Weather Service in Los Angles and Oxnard reported heavy rainfall Saturday at rates as heavy as an inch (2.5 centimeters) per hour in coastal areas that are prone to flash flooding.,https://www.pbs.org/newshour/nation/strong-storm-system-moves-into-california-with-warnings-of-flash-floods,https://d3i6fh83elv35t.cloudfront.net/static/2025/11/2025-11-14T223708Z_172974938_RC2KWHANTGW5_RTRMADP_3_CALIFORNIA-STORM-1024x683.jpg,http://web.archive.org/web/20251116133616/https://www.pbs.org/newshour/nation/strong-storm-system-moves-into-california-with-warnings-of-flash-floods,"LOS ANGELES (AP) An unusually strong storm system called an atmospheric river was dousing Southern California on Saturday, prompting flood warnings in areas of coastal Los Angeles County that recentl… [+1521 chars]",,"Ein starkes Sturmsystem zieht nach Kalifornien und warnt vor Sturzfluten. Der Nationale Wetterdienst in Los Angeles und Oxnard meldete am Samstag heftige Regenfälle mit einer Stärke von bis zu 2,5 Zentimetern pro Stunde in Küstengebieten, die anfällig für Sturzfluten sind.",Strong storm system moves into California with warnings of flash floods. The National Weather Service in Los Angles and Oxnard reported heavy rainfall Saturday at rates as heavy as an inch (2.5 centimeters) per hour in coastal areas that are prone to flash flooding.,Valida tempestas systema in Californiam cum monitis diluviorum fulgurum movet. Ministerium Tempestatis Nationalis in Los Angles et Oxnard nuntiavit pluvias Saturni graves in rates tam graves quam pollicis (2.5 centimetri) per horam in locis maritimis ad inundationem proclivis ad fulgendum.,2025-10-21 18:42:08+00:00
bc72eba3c05e6a815d17b7a36d2c2d09,2025-11-15T21:46:33Z,'floods',biztoc.com,en,0.9,Strong storm system moves into California with warnings of flash floods,The National Weather Service in Los Angles and Oxnard reported heavy rainfall Saturday at rates as heavy as an inch (2.5 centimeters) per hour in coastal areas that are prone to flash flooding.,https://biztoc.com/x/18c8578a62aee428,https://biztoc.com/cdn/18c8578a62aee428_s.webp,,"The National Weather Service in Los Angles and Oxnard reported heavy rainfall Saturday at rates as heavy as an inch (2.5 centimeters) per hour in coastal areas that are prone to flash flooding.
This… [+47 chars]",,"Ein starkes Sturmsystem zieht nach Kalifornien und warnt vor Sturzfluten. Der Nationale Wetterdienst in Los Angeles und Oxnard meldete am Samstag heftige Regenfälle mit einer Stärke von bis zu 2,5 Zentimetern pro Stunde in Küstengebieten, die anfällig für Sturzfluten sind.",Strong storm system moves into California with warnings of flash floods. The National Weather Service in Los Angles and Oxnard reported heavy rainfall Saturday at rates as heavy as an inch (2.5 centimeters) per hour in coastal areas that are prone to flash flooding.,Valida tempestas systema in Californiam cum monitis diluviorum fulgurum movet. Ministerium Tempestatis Nationalis in Los Angles et Oxnard nuntiavit pluvias Saturni graves in rates tam graves quam pollicis (2.5 centimetri) per horam in locis maritimis ad inundationem proclivis ad fulgendum.,2025-10-21 18:42:08+00:00
b1e0b69b0e7765af9dcd434b640551ad,2025-11-15T22:57:33Z,'flooding weather',www.abc.net.au,en,0.9,"Storm Claudia causes floods across the UK, after killing three in Portugal","Storm Claudia moves to Wales, swamping the town of Monmouth, where dozens of people are rescued or evacuated from their homes.",https://www.abc.net.au/news/2025-11-16/storm-claudia-floods-in-wales-portugal/106014746,https://live-production.wcms.abc-cdn.net.au/4c974d4fd7f0364502256ce43b64453d?impolicy=wcms_watermark_news&cropH=936&cropW=1664&xPos=0&yPos=88&width=862&height=485&imformat=generic,,"Storm Claudia has flooded a town in Wales, after killing three people in Portugal. 
Nearly 12 centimetres of rain fell in south-east Wales overnight, causing the River Monnow to rise to a record lev… [+2369 chars]",,"Sturm Claudia verursacht Überschwemmungen in ganz Großbritannien, nachdem in Portugal drei Menschen ums Leben gekommen sind. Sturm Claudia zieht nach Wales und überschwemmt die Stadt Monmouth, wo Dutzende Menschen gerettet oder aus ihren Häusern evakuiert werden.","Storm Claudia causes floods across the UK, after killing three in Portugal. Storm Claudia moves to Wales, swamping the town of Monmouth, where dozens of people are rescued or evacuated from their homes.","Tempestas Claudia inundationes trans UK facit, tribus interfectis in Portugallia. Tempestas Claudia in Walliam movet, oppidum Monumethensis inundans, ubi justo hominum liberati vel e sedibus emittuntur.",2025-10-21 18:42:08+00:00
2e29275c6522f9168c8927f3bb0ca6f8,2025-11-16T22:26:27Z,'flooding Gaza',www.aljazeera.com,en,0.9,"Israel kills at least three in Gaza, as thousands endure heavy flooding","As Gaza’s misery deepens, Israel’s Netanyahu reveals to cabinet that he is uncertain how long truce will hold.",https://www.aljazeera.com/news/2025/11/16/israel-kills-at-least-three-in-gaza-as-thousands-endure-heavy-flooding,https://www.aljazeera.com/wp-content/uploads/2025/11/AA-20251116-39722711-39722692-DISPLACED_FAMILIES_IN_DEIR_ALBALAH_STRUGGLE_WITH_SEVERE_SHELTER_SHORTAGES-1763299115.jpg?resize=1920%2C1440,http://web.archive.org/web/20251116231647/https://www.aljazeera.com/news/2025/11/16/israel-kills-at-least-three-in-gaza-as-thousands-endure-heavy-flooding,"The Israeli military has killed at least three Palestinians in Gaza, as the coastal enclave reeled from heavy rains flooding shoddy makeshift tents housing thousands who have been denied adequate she… [+4809 chars]",,"Israel tötet mindestens drei Menschen in Gaza, während Tausende schwere Überschwemmungen erleiden. Während sich das Elend in Gaza verschärft, offenbart Israels Ministerpräsident Netanyahu vor dem Kabinett, dass er unsicher ist, wie lange der Waffenstillstand halten wird.","Israel kills at least three in Gaza, as thousands endure heavy flooding. As Gaza’s misery deepens, Israel’s Netanyahu reveals to cabinet that he is uncertain how long truce will hold.","Israel saltem tres in Gaza occidit, sicut mille inundationem gravem sustinent. Cum Gaza profunditur miseria, Israel Netanyahu arcae indicat se esse incertum quam longas induciae tenebunt.",2025-10-21 18:42:08+00:00
8d864991a4a14474b8969ac2db3a8093,2025-11-16T22:29:50Z,'flooding',abcnews.go.com,en,0.9,Lingering thunderstorms bring flooding risk after atmospheric river drenches much of California,"A powerful atmospheric river had mostly moved through California after causing at least six deaths and dousing much of the state, but lingering thunderstorms brought the risk of mudslides in areas of Los Angeles County that were recently ravaged by wil...",https://abcnews.go.com/US/wireStory/lingering-thunderstorms-bring-flooding-risk-after-atmospheric-river-127577288,https://i.abcnewsfe.com/a/587213f0-49b9-4f82-b9a6-11a474687e3e/wirestory_933aaee50fb37ca84ea14a309dee65d9_16x9.jpg?w=1600,,"LOS ANGELES -- A powerful atmospheric river had mostly moved through California after causing at least six deaths and dousing much of the state, but lingering thunderstorms brought the risk of mudsli… [+1717 chars]",,"Anhaltende Gewitter bergen Überschwemmungsgefahr, nachdem der atmosphärische Fluss weite Teile Kaliforniens überschwemmt hat. Ein mächtiger atmosphärischer Fluss war größtenteils durch Kalifornien geflossen, nachdem er mindestens sechs Todesopfer gefordert und weite Teile des Staates überschwemmt hatte, aber anhaltende Gewitter bergen die Gefahr von Schlammlawinen in Gebieten des Los Angeles County, die kürzlich von Wild verwüstet wurden...","Lingering thunderstorms bring flooding risk after atmospheric river drenches much of California. A powerful atmospheric river had mostly moved through California after causing at least six deaths and dousing much of the state, but lingering thunderstorms brought the risk of mudslides in areas of Los Angeles County that were recently ravaged by wil...","Tonitruum morae periculum inundantem adferunt postquam flumen atmosphaericum Californiae multum rigat. Flumen atmosphaericum potentissimum per Californiam maxime moverat cum sex saltem mortes et multam rem publicam moverat, sed procellae diuturnae periculum turbationis in regionibus Los Angeles comitatus, quae nuper a voluntate depopulatae sunt, periculum attulit.",2025-10-21 18:42:08+00:00
abf887704f0e36320abcd043e1f3615f,2025-11-16T23:57:07Z,'flooding atmospheric river',biztoc.com,en,0.9,Six Dead As Atmospheric River Soaks California,Several people died in California over the weekend excessive rainfall and flooding.,https://biztoc.com/x/4410ffb670c329c7,https://biztoc.com/cdn/954/og.png,,"Several people died in California over the weekend excessive rainfall and flooding.
This story appeared on newsweek.com, 2025-11-16 23:53:08.",,"Sechs Tote, während atmosphärischer Fluss Kalifornien durchnässt. Mehrere Menschen starben am Wochenende in Kalifornien durch übermäßige Regenfälle und Überschwemmungen.",Six Dead As Atmospheric River Soaks California. Several people died in California over the weekend excessive rainfall and flooding.,Sex Mortuus As Atmosphaericus River Soaks California. Plures homines in California mortui sunt super volutpat nimiam pluviam et inundationem.,2025-10-21 18:42:08+00:00
b9012c24267aa44d65e055d5b20eaff8,2025-11-17T00:28:00Z,'flooding rain',www.cbsnews.com,en,0.9,2 deaths in California blamed on heavy rain that sparked flooding,"Parts of California saw a month's worth of rain in one day, and two deaths are being blamed on the heavy rainfall and the flooding it triggered. Andrew Kozak has more.",https://www.cbsnews.com/video/2-killed-in-california-after-heavy-rain-floods/,https://assets2.cbsnewsstatic.com/hub/i/r/2025/11/17/ba0531e6-2284-4130-acaa-512625b301a1/thumbnail/1200x630/20b09e6a809c6c3ee73a1dc65c46be52/cbsn-fusion-2-killed-in-california-after-heavy-rain-floods-thumbnail.jpg,,Copyright ©2025 CBS Interactive Inc. All rights reserved.,,"Zwei Todesfälle in Kalifornien werden auf starken Regen zurückgeführt, der Überschwemmungen auslöste. In Teilen Kaliforniens regnete es an einem Tag einen ganzen Monat lang, und zwei Todesfälle werden auf die starken Regenfälle und die dadurch ausgelösten Überschwemmungen zurückgeführt. Andrew Kozak hat mehr.","2 deaths in California blamed on heavy rain that sparked flooding. Parts of California saw a month's worth of rain in one day, and two deaths are being blamed on the heavy rainfall and the flooding it triggered. Andrew Kozak has more.",2 Mortes in California culpatae sunt de pluvia inundatione commotae. Partes Californiae pretium mensis pluviae in uno die viderunt et duae mortes in pluvia gravi et inundatione urguebantur. Andreas Kozak plus habet.,2025-10-21 18:42:08+00:00
96133ab562d3efa03221eef483da882a,2025-11-17T11:32:26Z,'floods',www.hurriyetdailynews.com,en,0.9,"Gaza floods, cold worsen humanitarian conditions for displaced Palestinians","Cold weather and steady downpours on Nov. 17 further deepened the already grim conditions for displaced Palestinian families in Gaza, with Israel still preventing tents and other essential shelter materials from entering the enclave.",https://www.hurriyetdailynews.com/gaza-floods-cold-worsen-humanitarian-conditions-for-displaced-palestinians-215826,https://image.hurimg.com/i/hurriyet/75/200x200/691b07c50234c1c0dd8057ea.jpg,,"GAZA CITY
A Palestinian woman walks through a rainstorm past buildings destroyed in Israeli strikes in the Sheikh Radwan neighborhood of Gaza City, Friday, Nov. 14, 2025. (AP Photo/Jehad Alshrafi)
… [+2319 chars]",,"Überschwemmungen und Kälte im Gazastreifen verschlechtern die humanitären Bedingungen für vertriebene Palästinenser. Kaltes Wetter und anhaltende Regenfälle am 17. November verschärften die ohnehin schon düsteren Bedingungen für vertriebene palästinensische Familien in Gaza noch weiter, da Israel weiterhin verhindert, dass Zelte und andere wichtige Unterkunftsmaterialien in die Enklave gelangen.","Gaza floods, cold worsen humanitarian conditions for displaced Palestinians. Cold weather and steady downpours on Nov. 17 further deepened the already grim conditions for displaced Palestinian families in Gaza, with Israel still preventing tents and other essential shelter materials from entering the enclave.","Inundationes Gazae, frigus graviores condiciones humanitarias pro Palaestinis motae sunt. Tempestas frigoris et stabilis pluviae die 17 mensis Novembris adhuc graviores condiciones iam graviores pervasit ut familiae Palaestinae Gazae, cum Israelis tentoria adhuc prohibentibus aliisque materiis ab ingressu essentialibus tegimenta e clausurae intraret.",2025-10-21 18:42:08+00:00
0c927f62ca22e64f319115804469b0e4,2025-11-17T13:13:08Z,'flooding house',theconversation.com,en,0.9,How adding plants to your driveway could reduce winter flood risks,Leaving more green space at the front of the house reduces flooding risk.,https://theconversation.com/how-adding-plants-to-your-driveway-could-reduce-winter-flood-risks-268805,https://images.theconversation.com/files/700615/original/file-20251105-66-shxg1k.jpg?ixlib=rb-4.1.0&rect=0%2C284%2C7663%2C3831&q=45&auto=format&w=1356&h=668&fit=crop,,"Around 54% of UK gardens are concreted over. Shutterstock
When it comes to adapting cities to a rapidly and dramatically changing climate, the garden is on the frontline of the fight. Gardens act as… [+4793 chars]",,"Wie das Hinzufügen von Pflanzen zu Ihrer Einfahrt das Risiko von Überschwemmungen im Winter verringern kann. Wenn Sie vor dem Haus mehr Grünfläche lassen, verringert sich das Überschwemmungsrisiko.",How adding plants to your driveway could reduce winter flood risks. Leaving more green space at the front of the house reduces flooding risk.,Quomodo plantas addendo tuo gestationi ad periculum inundationis hiemalis reducere possem. Plus viridi spatio relicto in fronte domus periculum inundationis reducit.,2025-10-21 18:42:08+00:00
694e2850d5fbd977dc794828e9241c77,2025-11-17T15:06:37Z,'floods',www.insurancejournal.com,en,0.9,Los Angeles Showers Wane After Record Southern California Rain,"Showers will be winding down across Los Angeles and Southern California after record rains brought raised the risks of floods and mudslides, especially in areas scorched by recent wildfires. Downtown Los Angeles received 1.65 inches Saturday, a record for the…",https://www.insurancejournal.com/news/west/2025/11/17/847943.htm,https://www.insurancejournal.com/img/social/opengraph/ij-social-default-1200x630.png,,"Showers will be winding down across Los Angeles and Southern California after record rains brought raised the risks of floods and mudslides, especially in areas scorched by recent wildfires.
Downtow… [+961 chars]",,"Die Regenschauer in Los Angeles lassen nach Rekordregen in Südkalifornien nach. In ganz Los Angeles und Südkalifornien werden die Regenschauer nachlassen, nachdem Rekordregen das Risiko von Überschwemmungen und Schlammlawinen erhöht haben, insbesondere in Gebieten, die von den jüngsten Waldbränden verwüstet wurden. Downtown Los Angeles erhielt am Samstag 1,65 Zoll, ein Rekord für die…","Los Angeles Showers Wane After Record Southern California Rain. Showers will be winding down across Los Angeles and Southern California after record rains brought raised the risks of floods and mudslides, especially in areas scorched by recent wildfires. Downtown Los Angeles received 1.65 inches Saturday, a record for the…","Los Angeles Showers Wane After Record Southern California Rain. Imbres curvabuntur per Los Angeles et Californiae Australes postquam recordum pluviae in periculum inundationum et mudslides allatae sunt, praesertim in locis recentibus incendiis ustis. Downtown Los Angeles accepit 1.65 pollices Saturni, recordum pro…",2025-10-21 18:42:08+00:00
b78ae47d49e8229fb2609b8e33e715ad,2025-11-17T21:19:08Z,'flooding mudslide',www.pbs.org,en,0.9,Lingering thunderstorms bring flooding risk after atmospheric river drenches much of California,"A powerful atmospheric river had mostly moved through California after causing at least six deaths and dousing much of the state, but lingering thunderstorms brought the risk of mudslides in areas of Los Angeles County that were recently ravaged by wildfire.",https://www.pbs.org/newshour/nation/lingering-thunderstorms-bring-flooding-risk-after-atmospheric-river-drenches-much-of-california,https://d3i6fh83elv35t.cloudfront.net/static/2025/11/AP25319676156855-1024x683.jpg,,"LOS ANGELES (AP) A powerful atmospheric river had mostly moved through California after causing at least six deaths and dousing much of the state, but lingering thunderstorms brought the risk of muds… [+1775 chars]",,"Anhaltende Gewitter bergen Überschwemmungsgefahr, nachdem der atmosphärische Fluss weite Teile Kaliforniens überschwemmt hat. Ein mächtiger atmosphärischer Fluss war größtenteils durch Kalifornien geflossen, nachdem er mindestens sechs Todesopfer gefordert und weite Teile des Staates überschwemmt hatte, aber anhaltende Gewitter bergen die Gefahr von Schlammlawinen in Gebieten des Los Angeles County, die kürzlich von Waldbränden heimgesucht wurden.","Lingering thunderstorms bring flooding risk after atmospheric river drenches much of California. A powerful atmospheric river had mostly moved through California after causing at least six deaths and dousing much of the state, but lingering thunderstorms brought the risk of mudslides in areas of Los Angeles County that were recently ravaged by wildfire.","Tonitruum morae periculum inundantem adferunt postquam flumen atmosphaericum Californiae multum rigat. Flumen atmosphaericum plurimum per Californiam moverat cum causatis saltem sex mortes et multam rem publicam ingessit, sed procellae diuturnae periculum turbationis in regionibus Los Angeles comitatus nuper ab igne ferali populati sunt.",2025-10-21 18:42:08+00:00
b32adac48da0d803fd133d31dc88b3a2,2025-11-17T22:46:37Z,'flooding',www.bbc.com,en,0.9,Ruined furniture dumped as town calls for better flood defences,Businesses and residents in Monmouthshire are picking up the pieces following severe flooding.,https://www.bbc.com/news/articles/cg51jlzgd69o,https://ichef.bbci.co.uk/news/1024/branded_news/24a2/live/94c608d0-c3a2-11f0-a624-43243f904594.jpg,,"A month's worth of rain hit Monmouth and surrounding areas in a single day
A major clean-up operation is under way after a south Wales town was devastated by flooding during storm Claudia, with a fu… [+4198 chars]",,"Zerstörte Möbel werden entsorgt, da die Stadt einen besseren Hochwasserschutz fordert. Unternehmen und Anwohner in Monmouthshire sind nach den schweren Überschwemmungen mit dem Wiederaufbau beschäftigt.",Ruined furniture dumped as town calls for better flood defences. Businesses and residents in Monmouthshire are picking up the pieces following severe flooding.,Vasta rasurae oppidum melius diluvii defensiones vocat. Negotia et incolas in comitatu Monemutensi excerpunt fragmenta quae sequuntur graves inundationes.,2025-10-21 18:42:08+00:00
8ee1d58f6ec74d1891444a540c6ae713,2025-11-17T23:51:14Z,'flooding',www.nzherald.co.nz,en,0.9,Bay of Plenty weather: MetService warns of flooding risk as 200mm of rain forecast,Forecasters warn Bay of Plenty could see up to 200mm of rain in 24 hours.,https://www.nzherald.co.nz/rotorua-daily-post/news/bay-of-plenty-weather-metservice-warns-of-flooding-risk-as-200mm-of-rain-forecast/GAQ65CRBSZHQ5ODHVSNK5EEAJI/,https://www.nzherald.co.nz/resizer/v2/TQVXD3JH5VCJ3JHMTGFXCIGVBE.png?auth=b1dc9496603e9fac1f11297d4137369d6861031c42fce1bebd7756ba3a69323c&width=1200&height=675&quality=70&focal=440%2C244&smart=false,,Earth Sciences New Zealand (formerly Niwa) forecaster Chester Lampkin told the Herald this morning that an area of low pressure in the Tasman Sea and a cold front coming in from the southwest would b… [+994 chars],,"Wetter in der Bay of Plenty: MetService warnt vor Überschwemmungsgefahr, da 200 mm Regen vorhergesagt werden. Prognostiker warnen, dass es in Bay of Plenty innerhalb von 24 Stunden bis zu 200 mm Regen geben könnte.",Bay of Plenty weather: MetService warns of flooding risk as 200mm of rain forecast. Forecasters warn Bay of Plenty could see up to 200mm of rain in 24 hours.,Sinus tempestatis Copiae: MetService monet periculum inundationis ut 200mm pluviae praenuntientur. Vates monent Sinus Copiae ad 200mm pluviae in 24 horis perspicere potuisse.,2025-10-21 18:42:08+00:00
f67fef43c2b9bc3007f543866b40b30d,2025-11-18T06:00:00Z,'flooding',www.naturalnews.com,en,0.9,"Trump’s covert QE, Zionist loyalty, and dollar collapse: The hidden war behind America’s financial demise","Hidden QE Scheme: Trump’s proposed “health insurance refund” plan is covert quantitative easing, flooding the economy with printed dollars while ignoring systemic corruption, accelerating hyperinflation and dollar collapse. Zionist Influence: NYC Mayor Eric A…",https://www.naturalnews.com/2025-11-18-trumps-covert-qe-zionist-loyalty-and-dollar-collapse.html,https://www.naturalnews.com/wp-content/uploads/sites/91/2025/11/2025-11-18-BBN-DETONATION.jpg,http://web.archive.org/web/20251118222442/https://www.naturalnews.com/2025-11-18-trumps-covert-qe-zionist-loyalty-and-dollar-collapse.html,"<ul><li>Hidden QE Scheme: Trumps proposed ""health insurance refund"" plan is covert quantitative easing, flooding the economy with printed dollars while ignoring systemic corruption, accelerating hype… [+6464 chars]",,"Trumps verdeckte quantitative Lockerung, zionistische Loyalität und der Zusammenbruch des Dollars: Der versteckte Krieg hinter Amerikas finanziellem Niedergang. Verstecktes QE-Programm: Trumps vorgeschlagener Plan zur „Rückerstattung der Krankenversicherung“ ist eine verdeckte quantitative Lockerung, die die Wirtschaft mit gedruckten Dollars überschwemmt und gleichzeitig systemische Korruption ignoriert, die Hyperinflation und den Dollar-Kollaps beschleunigt. Zionistischer Einfluss: NYC-Bürgermeister Eric A…","Trump’s covert QE, Zionist loyalty, and dollar collapse: The hidden war behind America’s financial demise. Hidden QE Scheme: Trump’s proposed “health insurance refund” plan is covert quantitative easing, flooding the economy with printed dollars while ignoring systemic corruption, accelerating hyperinflation and dollar collapse. Zionist Influence: NYC Mayor Eric A…","Trump's latibulum QE, Sionistis fides et ruina dollar: Bellum occultum post obitum oeconomici Americae. Occulta QE Scheme: Trump propositum ""salutis refugium assecurationis"" consilium est occulta quantitatis levatio, inundatio oeconomiae cum dollariis impressis neglectis corruptionem systemicam, accelerans hyperinflationem et ruinam pupa. Sionist Influence: NYC Major Eric A…",2025-10-21 18:42:08+00:00
27178b454978090bc1f4dfb1f39830eb,2025-11-01T07:53:18Z,'floods',en.antaranews.com,en,1.0,"Jakarta told to brace for floods, landslides amid heavy rains",A regional lawmaker has urged the Jakarta government to take early measures against potential floods and landslides as the capital faces extreme ...,https://en.antaranews.com/news/389397/jakarta-told-to-brace-for-floods-landslides-amid-heavy-rains,https://cdn.antaranews.com/cache/1200x800/2025/11/01/IMG-20251101-WA0019.jpg,,Jakarta (ANTARA) - A regional lawmaker has urged the Jakarta government to take early measures against potential floods and landslides as the capital faces extreme weather.In a statement received on … [+1911 chars],,"Jakarta wurde aufgefordert, sich auf Überschwemmungen, Erdrutsche und starke Regenfälle vorzubereiten. Ein regionaler Gesetzgeber hat die Regierung von Jakarta aufgefordert, frühzeitig Maßnahmen gegen mögliche Überschwemmungen und Erdrutsche zu ergreifen, da die Hauptstadt extremen ...","Jakarta told to brace for floods, landslides amid heavy rains. A regional lawmaker has urged the Jakarta government to take early measures against potential floods and landslides as the capital faces extreme ...","Batavia dixit ad inundationes aptare, inter imbribus proruit. Legislator regionalis regimen hortatus est Batavia ut mane consilium caperet contra potentias inundationes et ruinas ut facies capitalis extremae ...",2025-10-21 18:42:08+00:00
f9960c51d7c6b70656e4cadab4a7be28,2025-11-03T09:05:00Z,'floods',www.dw.com,en,1.0,Spain regional chief resigns over Valencia flood response,The regional president of Spain's Valencia region has stepped down amid public outrage over his handling of the 2024 disaster. The floods killed more than 200 people and caused billions of euros in damage.,https://www.dw.com/en/spain-regional-chief-resigns-over-valencia-flood-response/a-74593791,https://static.dw.com/image/70684155_6.jpg,,"Valencia's regional leader, Carlos Mazon, on Monday announced his resignation after intense criticism of his administration's response to the catastrophic floods that struck a year ago.
The torrenti… [+1360 chars]",,Spaniens Regionalchef tritt wegen Flutkatastrophe in Valencia zurück. Der Regionalpräsident der spanischen Region Valencia ist aufgrund der öffentlichen Empörung über seinen Umgang mit der Katastrophe von 2024 zurückgetreten. Die Überschwemmungen forderten mehr als 200 Todesopfer und verursachten Schäden in Milliardenhöhe.,Spain regional chief resigns over Valencia flood response. The regional president of Spain's Valencia region has stepped down amid public outrage over his handling of the 2024 disaster. The floods killed more than 200 people and caused billions of euros in damage.,Hispaniae principales regionales super Valentiam inundatione recedunt responsio. Praesidens regionalis Hispaniae regionis Valentiae inter iniurias publicas in tractatu suo de 2024 calamitate descendit. Inundationes plus quam CC hominum occiderunt et billions euronum in damno effecit.,2025-10-21 18:42:08+00:00
b563a68d6c4af53a886ff2d60d0310d2,2025-11-03T13:36:36Z,'flooding area',www.euractiv.com,en,1.0,"Spain regional leader resigns, a year after deadly floods","""I know I made mistakes. I acknowledge them and I will live with them all my life,"" the leader said",https://www.euractiv.com/news/spain-regional-leader-resigns-a-year-after-deadly-floods/,https://www.euractiv.com/content/uploads/sites/2/2025/11/GettyImages-2244748865-1.jpg,,"The heavily criticised leader of Spain’s Valencia region said on Monday he was stepping down, a year after the area was hit by floods that were the country’s deadliest natural disaster in a generatio… [+2482 chars]",,"Ein Jahr nach tödlichen Überschwemmungen tritt Spaniens Regionalleiter zurück. „Ich weiß, dass ich Fehler gemacht habe. Ich erkenne sie an und werde mein ganzes Leben damit leben“, sagte der Anführer","Spain regional leader resigns, a year after deadly floods. ""I know I made mistakes. I acknowledge them and I will live with them all my life,"" the leader said","Dux Hispaniae regionalis anno post funestos inundationes recedit. ""Scio me errasse. Ego illos agnosco et cum illis tota vita mea habito""",2025-10-21 18:42:08+00:00
961ea6a62e37b9069e461f1fa66273c2,2025-11-05T06:00:50Z,'flooding',www.insurancejournal.com,en,1.0,New York State Report Calls Weather Consequences ‘Dire and Growing’,"Severe weather events are increasing in New York and certain types of events, including thunderstorm-related damaging wind and flash flooding, are also increasing, according to a new report from State Comptroller Thomas P. DiNapoli. Since 1998, New York State…",https://www.insurancejournal.com/news/east/2025/11/05/846434.htm,https://www.insurancejournal.com/img/social/opengraph/ij-social-default-1200x630.png,,"Severe weather events are increasing in New York and certain types of events, including thunderstorm-related damaging wind and flash flooding, are also increasing, according to a new report from Stat… [+2017 chars]",,"New York State Report bezeichnet die Wetterfolgen als „katastrophal und zunehmend“. Laut einem neuen Bericht des staatlichen Rechnungsprüfers Thomas P. DiNapoli nehmen in New York Unwetterereignisse zu und bestimmte Arten von Ereignissen, darunter gewitterbedingte schädliche Winde und Sturzfluten, nehmen ebenfalls zu. Seit 1998 ist der Staat New York…","New York State Report Calls Weather Consequences ‘Dire and Growing’. Severe weather events are increasing in New York and certain types of events, including thunderstorm-related damaging wind and flash flooding, are also increasing, according to a new report from State Comptroller Thomas P. DiNapoli. Since 1998, New York State…","Relatio Civitatis Novi Eboraci Vocat Tempestas Consequentia 'Dire et Growing'. Eventus tempestatis in Novi Eboraci augentur et quaedam genera eventuum, inclusa tonitribus actis perniciosi venti et inundationis fulgurum, augentur, secundum novam relationem e Civitatis Aulæ Thomas P. DiNapoli. Cum 1998, Civitas New York…",2025-10-21 18:42:08+00:00
5a4bdcd0a9580ad2277b0422921987be,2025-11-05T09:21:50Z,'flooding',www.bbc.com,en,1.0,More than 30 dogs trapped in loft as floods hit Wales,"Thirty seven dogs are trapped in a Carmarthenshire dog sanctuary, after intense rain led to flooding.",https://www.bbc.com/news/articles/c07mxkpyv97o,https://ichef.bbci.co.uk/news/1024/branded_news/0864/live/304121a0-ba20-11f0-a978-9bab54dc22de.jpg,,"Paul Pigott,BBC Wales and 
Louie had only just arrived at the sanctuary and was ""very shutdown"" when he arrived
Thirty seven dogs are trapped in the loft of a dog sanctuary, after a band of intense… [+5790 chars]",,"Mehr als 30 Hunde sind bei Überschwemmungen in Wales auf dem Dachboden gefangen. Siebenunddreißig Hunde sind in einem Hundeschutzgebiet in Carmarthenshire gefangen, nachdem starker Regen zu Überschwemmungen geführt hatte.","More than 30 dogs trapped in loft as floods hit Wales. Thirty seven dogs are trapped in a Carmarthenshire dog sanctuary, after intense rain led to flooding.","Canes plusquam XXX capti in tabulato ut inundationes Walliae feriunt. Capti sunt triginta septem canes in sanctuario Carmarthenshire, postquam vehementes imbres in inundationem duxerunt.",2025-10-21 18:42:08+00:00
6294dbdc0b62429949d707b5d1772ff2,2025-11-06T06:00:00Z,'floods',wattsupwiththat.com,en,1.0,"Pakistan’s Deadly Floods Are Not Worsened by Climate Change, BBC","The BBC turned the piece that could have been a rational criticism of corruption that leads to major infrastructure issues and human deaths into a propaganda piece that pushes the idea that degrowth and de-industrialization is what will save Pakistan, when th…",https://wattsupwiththat.com/2025/11/05/pakistans-deadly-floods-are-not-worsened-by-climate-change-bbc/,https://i0.wp.com/wattsupwiththat.com/wp-content/uploads/2025/11/flood-7411908_1920.webp?fit=1024%2C512&quality=75&ssl=1,,"From ClimateREALISM
By Linnea Lueken
The BBC posted an article, Devastation on repeat: How climate change is worsening Pakistans deadly floods, which, as the title suggests, claims that recent mons… [+6518 chars]",,"Pakistans tödliche Überschwemmungen werden durch den Klimawandel nicht verschlimmert, BBC. Die BBC verwandelte den Artikel, der eine rationale Kritik an Korruption hätte sein können, die zu großen Infrastrukturproblemen und Menschentoten führt, in einen Propagandaartikel, der die Idee propagiert, dass Degrowth und Deindustrialisierung Pakistan retten werden, wenn …","Pakistan’s Deadly Floods Are Not Worsened by Climate Change, BBC. The BBC turned the piece that could have been a rational criticism of corruption that leads to major infrastructure issues and human deaths into a propaganda piece that pushes the idea that degrowth and de-industrialization is what will save Pakistan, when th…","Pakistani flumina mortiferorum a Clima Mutatione, BBC non graviora sunt. BBC partem convertit, quae rationalis esse potuit corruptionis reprehensio, quae ad maiores infrastructuras quaestiones et mortes humanas inducit in partem augue, quae incrementum et industrialem opinionem impellit quod salvabit Pakistan, cum th…",2025-10-21 18:42:08+00:00
cc32e281023cd3cc5fbfac5532a27f62,2025-11-06T15:00:00Z,'deluge',www.st.ryukoku.ac.jp,en,1.0,"(ョ, 11/7)蚊⒢ 膠潟帥2024綛眼綛顔紕俄蕭1蚊160 ...","(ョ, 11/7)蚊⒢ 膠潟帥2024綛眼綛顔紕俄蕭1蚊160膣500鐚罨冴プ莢❾２胼②❼筝③綺パ羝 d罩ｅ膣.5蚊篋罔礬 ゃパ⒢⒢ e㏍＜─罕 Meta is earning a fortune on a deluge of fraudulent ads, documents show (Reuters, 11/6)トeepL 荐 筝③茵コ＜ソ腓障茘激ケｃ違腴❼茵若ア」潟ーぞ源罩≪⒤激ケ源罨冴茵с絨パ95鐚札筝篋羝紮礙禪⒢ c ス",http://www.st.ryukoku.ac.jp/~kjm/security/memo/2025/11.html#20251107__meta,,,"Last modified: Fri Nov 7 12:35:15 2025
 +0900 (JST)
Security Watch 
Security Watch 
 UNIXWindowsMac OS (priority ) 
1 
 1 
[ ]
:
2024 |
2023 |
2022 |
2021 |
2020 |
2019 |
2018 |
2017 … [+2860 chars]",,"(ョ, 11/7)蚊⒢ 膠潟帥2024綛眼綛顔紕俄蕭1蚊160 .... (ョ, 11/7)蚊⒢膠潟帥2024綛眼綛顔紕俄蕭1蚊160膣500鐚罨冴プ莢❾２胼②❼筝③綺パ羝 d罩ｅ膣.5蚊篋罔礬Laut Dokumenten verdient Meta ein Vermögen mit einer Flut betrügerischer Anzeigen (Reuters, 06.11.)筝③茵コ＜ソ腓障茘激ケｃ違腴❼茵若ア」潟ーぞ源罩≪⒤激ケ源罨冴茵с絨パ95鐚札筝篋羝紮礙禪⒢ c ス","(ョ, 11/7)蚊⒢ 膠潟帥2024綛眼綛顔紕俄蕭1蚊160 .... (ョ, 11/7)蚊⒢ 膠潟帥2024綛眼綛顔紕俄蕭1蚊160膣500鐚罨冴プ莢❾２胼②❼筝③綺パ羝 d罩ｅ膣.5蚊篋罔礬 ゃパ⒢⒢ e㏍＜─罕 Meta is earning a fortune on a deluge of fraudulent ads, documents show (Reuters, 11/6)トeepL 荐 筝③茵コ＜ソ腓障茘激ケｃ違腴❼茵若ア」潟ーぞ源罩≪⒤激ケ源罨冴茵с絨パ95鐚札筝篋羝紮礙禪⒢ c ス","(ョ, 11/7)蚊⒢ 2024綛眼綛顔紕俄蕭1蚊160 .... (ョ, 11/7)蚊⒢ 膠潟帥2024綛眼綛顔紕俄蕭1蚊160膣500鐚罨冴プ莢❾２胼②❼筝③綺パ羝 d罩ｅ膣.5蚊篋罔礬 ゃパ⒢⒢ e㏍＜─罕 Meta fortunam in diluvio fraudulentae tabulae, documenta monstrant (Reuters, 11/6) トeepL с絨パ95鐚札筝篋羝紮礙禪⒢ c",2025-10-21 18:42:08+00:00
82bdc41dd501bda2a0f6367aa61c9e8f,2025-11-06T16:11:20Z,'flooding',www.aljazeera.com,en,1.0,Philippines reeling from deadly floods triggered by Typhoon Kalmaegi,"Heavy flooding in Talisay City, Cebu has destroyed homes after Typhoon Kalmaegi dumped a month’s worth of rain.",https://www.aljazeera.com/video/newsfeed/2025/11/6/philippines-reeling-from-deadly-floods-triggered-by-typhoon-kalmaegi,https://www.aljazeera.com/wp-content/uploads/2025/11/image-1762445467.jpg?resize=1620%2C1080&quality=80,,"NewsFeed
Heavy flooding in Talisay City, Cebu has destroyed homes after Typhoon Kalmaegi dumped a months worth of rain. One person died in a low-income area that evacuated early, while dozens may be… [+95 chars]",,"Die Philippinen leiden unter tödlichen Überschwemmungen, die durch den Taifun Kalmaegi ausgelöst wurden. Schwere Überschwemmungen in Talisay City, Cebu, haben Häuser zerstört, nachdem der Taifun Kalmaegi einen Monat Regen niedergeworfen hatte.","Philippines reeling from deadly floods triggered by Typhoon Kalmaegi. Heavy flooding in Talisay City, Cebu has destroyed homes after Typhoon Kalmaegi dumped a month’s worth of rain.","Philippinae a Typhono Kalmaegi fluctuatio lethalibus inundationibus Urguet. Gravis inundatio in urbe Talisay, Cebu domos delevit postquam Typhoon Kalmaegi in mense pluviae valet.",2025-10-21 18:42:08+00:00
9438b36fb018aedc4fcaab569e83a473,2025-11-07T05:41:35Z,'flooding',abcnews.go.com,en,1.0,Crews are working to fix Alaska Native villages devastated by flooding. But will residents return?,Crews are working to repair remote Alaska Native villages that were devastated by the remnants of a typhoon last month,https://abcnews.go.com/US/wireStory/crews-working-fix-alaska-native-villages-devastated-flooding-127284637,https://i.abcnewsfe.com/a/05cc47fa-a117-43b8-a4fc-564048857ee8/wirestory_b741508b131c3a4944a814b0ca45ac6e_16x9.jpg?w=1600,,"KWIGILLINGOK, Alaska -- Darrel John watched the final evacuees depart his village on the western coast of Alaska in helicopters and small planes and walked home, avoiding the debris piled on the boar… [+7545 chars]",,"Einsatzkräfte arbeiten daran, die durch Überschwemmungen zerstörten Dörfer der Alaska-Ureinwohner zu reparieren. Aber werden die Bewohner zurückkehren? Die Teams arbeiten daran, abgelegene Dörfer der Ureinwohner Alaskas zu reparieren, die letzten Monat durch die Überreste eines Taifuns verwüstet wurden",Crews are working to fix Alaska Native villages devastated by flooding. But will residents return?. Crews are working to repair remote Alaska Native villages that were devastated by the remnants of a typhoon last month,Nautae laborantes incolas Alaska figere in inundatione villae vastatae sunt. Sed nascetur habitant. Nautae remiges longinquos Alaska renovare laborant incolas villas quae reliquiis typhonii mensis proximi vastati sunt,2025-10-21 18:42:08+00:00
7c3561ff1ca1dd9624104aebdb16d19e,2025-11-07T11:52:26Z,'flooding insurance',www.ibtimes.com,en,1.0,A$AP Rocky Sued for $1M After Leak From His New York Condo Causes Major Damage,A$AP Rocky is being sued for $1 million after a leak from his Manhattan condo allegedly caused major flooding and forced his downstairs neighbor out of their home.,https://www.ibtimes.com/ap-rocky-sued-1m-after-leak-his-new-york-condo-causes-major-damage-3789866,https://d.ibtimes.com/en/full/4633385/ap-rockys-friend-testifies-that-hollywood-shooting-involved-fake-gun.jpg,,"A$AP Rocky is facing a $1 million lawsuit from his downstairs neighbor, who claims a massive water leak from the rapper's Manhattan condo caused ""catastrophic"" damage and forced them out of their hom… [+2402 chars]",,"A$AP Rocky wurde auf 1 Mio. US-Dollar verklagt, nachdem ein Leck in seiner New Yorker Eigentumswohnung großen Schaden angerichtet hatte. A$AP Rocky wird auf 1 Million US-Dollar verklagt, nachdem ein Leck in seiner Eigentumswohnung in Manhattan angeblich schwere Überschwemmungen verursacht und seinen Nachbarn im Erdgeschoss aus dem Haus gezwungen hat.",A$AP Rocky Sued for $1M After Leak From His New York Condo Causes Major Damage. A$AP Rocky is being sued for $1 million after a leak from his Manhattan condo allegedly caused major flooding and forced his downstairs neighbor out of their home.,A$ AP Rocky Petebatur $ 1M Post Leak ex suo New York Condo Causae majoris damni. A$AP Rocky pro $1 decies centenario postulatur postquam effluo ex Manhattan condo assertum maiorem inundationem effecit et proximum suum e domo sua coegit.,2025-10-21 18:42:08+00:00
1053d831d18e9c34bb9f007b997e8e24,2025-11-07T18:37:27Z,'flooding',www.bostonherald.com,en,1.0,Crews are working to fix Alaska Native villages devastated by flooding. But will residents return?,A few communities imperiled by human-caused global warming have taken steps to relocate.,https://www.bostonherald.com/2025/11/07/alaska-typhoon-aftermath/,https://www.bostonherald.com/wp-content/uploads/2025/11/Alaska_Typhoon_Aftermath_88273-1.jpg?w=1024&h=682,,"By MARK THIESSEN, GENE JOHNSON and BECKY BOHRER
KWIGILLINGOK, Alaska (AP) Darrel John watched the final evacuees depart his village on the western coast of Alaska in helicopters and small planes and… [+8711 chars]",,"Einsatzkräfte arbeiten daran, die durch Überschwemmungen zerstörten Dörfer der Alaska-Ureinwohner zu reparieren. Aber werden die Bewohner zurückkehren? Einige Gemeinden, die durch die vom Menschen verursachte globale Erwärmung gefährdet sind, haben Schritte zur Umsiedlung unternommen.",Crews are working to fix Alaska Native villages devastated by flooding. But will residents return?. A few communities imperiled by human-caused global warming have taken steps to relocate.,Nautae laborantes incolas Alaska figere in inundatione villae vastatae sunt. Sed nascetur habitant. Paucae communitates ab homine calefactione globali factae periclitati sunt gradus ad transvolare.,2025-10-21 18:42:08+00:00
8c26699fafe31b59b54dc19c61618aad,2025-11-07T21:58:22Z,'deluge',www.psychologytoday.com,en,1.0,A Way to Mutually Learn What Is Between Us,"The deluge of wanting to share feelings needs forums and encouragement to actualize our interdependence without competition, projections, defensiveness, or assumptions.",https://www.psychologytoday.com/us/blog/a-wider-lens/202511/a-way-to-mutually-learn-what-is-between-us,https://cdn2.psychologytoday.com/assets/styles/manual_crop_1_91_1_1528x800/public/field_blog_entry_images/2025-11/pexels-ketut-subiyanto-4746779%20%281%29.jpg?itok=x9HJXLL1,,"I am interested in a kind of mutually alert care and attention to the wellbeing of all people and ecological systems. This kind of leadership cannot be found in individuals; rather, it is found betwe… [+5818 chars]",,"Eine Möglichkeit, gemeinsam zu erfahren, was zwischen uns ist. Die Flut des Wunsches, Gefühle auszutauschen, braucht Foren und Ermutigung, um unsere gegenseitige Abhängigkeit ohne Konkurrenz, Projektionen, Abwehrhaltung oder Annahmen zu verwirklichen.","A Way to Mutually Learn What Is Between Us. The deluge of wanting to share feelings needs forums and encouragement to actualize our interdependence without competition, projections, defensiveness, or assumptions.","Viam mutuam discere quid inter nos est. Diluvium volendi communicandi affectus eget fora et adhortatione ad nostram mutuam independentiam perficiendam sine contentione, proiectionibus, defensionibus, suppositionibus.",2025-10-21 18:42:08+00:00
3e16f4e3674a21e984ab092467aeea4c,2025-11-09T09:58:00Z,'tidal surge',news.sky.com,en,1.0,Three dead and 15 injured in Tenerife tidal surge,"Authorities had warned people of a tidal surge and strong winds at the popular Spanish holiday island, advising them not to walk along coastal paths.",https://news.sky.com/story/three-dead-and-15-injured-in-tenerife-tidal-surge-13467146,https://e3.365dm.com/25/11/1600x900/skynews-tenerife-generic_7076675.jpg?20251109100636,,"Three people have died after they were swept into the sea off the coast of Tenerife during treacherous weather, officials said on Sunday.
Strong waves pulled them into the Atlantic Ocean during a ti… [+2135 chars]",,"Drei Tote und 15 Verletzte bei Flutwelle auf Teneriffa. Die Behörden hatten die Menschen vor einer Flutwelle und starken Winden auf der beliebten spanischen Ferieninsel gewarnt und ihnen geraten, nicht auf Küstenwegen zu wandern.","Three dead and 15 injured in Tenerife tidal surge. Authorities had warned people of a tidal surge and strong winds at the popular Spanish holiday island, advising them not to walk along coastal paths.","Ter emortuos aestuum 15 Laesus in Tenerife aestu. Auctoritates monuerunt homines aestuum aestuum et ventos validos in insula feriarum popularium Hispanorum, monentes eos ne per vias maritimas ambulent.",2025-10-21 18:42:08+00:00
16f6ed209e27eb0dcf6196c250c95a47,2025-11-09T10:01:56Z,'tidal surge',abcnews.go.com,en,1.0,"At least 3 dead, over a dozen injured in tidal surge on Spain's Canary Islands",Strong waves have killed three people on Spain's Canary Islands by pulling them into the Atlantic Ocean during a tidal surge,https://abcnews.go.com/International/wireStory/3-dead-15-injured-tidal-surge-spains-canary-127349308,https://s.abcnews.com/images/US/abc_news_default_2000x2000_update_16x9_992.jpg,,"BARCELONA, Spain -- Strong waves killed three people on Spains Canary Islands by pulling them into the Atlantic Ocean during a tidal surge, officials said Sunday. 
Another 15 were injured in four di… [+589 chars]",,"Mindestens drei Tote und über ein Dutzend Verletzte bei Flutwelle auf den Kanarischen Inseln in Spanien. Starke Wellen haben auf den Kanarischen Inseln in Spanien drei Menschen getötet, indem sie während einer Flutwelle in den Atlantischen Ozean gezogen wurden","At least 3 dead, over a dozen injured in tidal surge on Spain's Canary Islands. Strong waves have killed three people on Spain's Canary Islands by pulling them into the Atlantic Ocean during a tidal surge","Saltem 3 mortuus, plus duodecim in aestu aestuoso in insulis Canariis Hispaniae vulneratus est. Fluctus fortes tres homines in insulis Canariis Hispaniae occiderunt eos trahendo in Oceanum Atlanticum in aestu aestuoso.",2025-10-21 18:42:08+00:00
1e404de1f629da5ec8af92b714beb3bf,2025-11-09T10:45:43Z,'tidal surge',www.thejournal.ie,en,1.0,Three dead as strong waves sweep people into Atlantic on Tenerife,Authorities have warned of tidal surges and rough seas after multiple incidents on Tenerife.,https://www.thejournal.ie/tenerife-tidal-waves-three-dead-canary-islands-6869269-Nov2025/,https://img2.thejournal.ie/article/6869269/river/?height=400&version=6869270,,"STRONG WAVES HAVE killed three people on Spains Canary Islands by pulling them into the Atlantic Ocean during a tidal surge, officials have said.
Another 15 were injured in four incidents along the … [+570 chars]",,"Drei Tote, als starke Wellen Menschen auf Teneriffa in den Atlantik spülen. Nach mehreren Vorfällen auf Teneriffa haben die Behörden vor Flutwellen und rauer See gewarnt.",Three dead as strong waves sweep people into Atlantic on Tenerife. Authorities have warned of tidal surges and rough seas after multiple incidents on Tenerife.,Tres fluctus validi mortui homines in Atlanticum in Tenerife rapiunt. Auctores aestuum aestuum et aspera maria post multiplices casus in Nivaria monuerunt.,2025-10-21 18:42:08+00:00
bdabd69d6fb878babc2a23a7ef1c02fb,2025-11-09T17:40:04Z,'tidal surge',www.bbc.com,en,1.0,Three dead and 15 injured in Tenerife tidal surge,Emergency services have warned tourists and locals to keep away from coastal paths due to rough sea conditions.,https://www.bbc.com/news/articles/cpd2pzxe59go,https://ichef.bbci.co.uk/news/1024/branded_news/8418/live/fabce8b0-bd90-11f0-b429-db99eb1e9512.jpg,http://web.archive.org/web/20251110012617/https://www.bbc.com/news/articles/cpd2pzxe59go,"Three people died and 15 more were injured after powerful waves battered popular Spanish holiday island Tenerife. 
A woman died after being pulled into the ocean near the the Puerto de la Cruz resor… [+1580 chars]",,"Drei Tote und 15 Verletzte bei Flutwelle auf Teneriffa. Rettungsdienste haben Touristen und Einheimische gewarnt, sich wegen der rauen Seebedingungen von Küstenwegen fernzuhalten.",Three dead and 15 injured in Tenerife tidal surge. Emergency services have warned tourists and locals to keep away from coastal paths due to rough sea conditions.,Ter emortuos aestuum 15 Laesus in Tenerife aestu. Subitis operas peregrinatores et incolis monuerunt ut a semitis maritimis ob asperas condiciones maris abstinerent.,2025-10-21 18:42:08+00:00
044a343f7f3a911625991d4dfdce71dd,2025-11-10T06:37:14Z,'floods',www.aljazeera.com,en,1.0,Philippines assesses damage after deadly Typhoon Fung-wong,"Powerful storm set off floods and landslides, killing at least two and displacing 1.4 million .",https://www.aljazeera.com/news/2025/11/10/philippines-assesses-damage-after-deadly-typhoon-fung-wong,https://www.aljazeera.com/wp-content/uploads/2025/11/2025-11-10T014612Z_1094060000_RC2ATHAHZDLR_RTRMADP_3_ASIA-WEATHER-PHILIPPINES-1762750144.jpg?resize=1920%2C1440,,"A weakening Typhoon Fung-wong has departed the Philippines after killing at least two people, displacing 1.4 million, and destroying homes and roads across the countrys most populous island.


Rescue … [+4234 chars]",,"Philippinen begutachten Schaden nach tödlichem Taifun Fung-wong. Ein heftiger Sturm löste Überschwemmungen und Erdrutsche aus, bei denen mindestens zwei Menschen starben und 1,4 Millionen Menschen vertrieben wurden.","Philippines assesses damage after deadly Typhoon Fung-wong. Powerful storm set off floods and landslides, killing at least two and displacing 1.4 million .","Philippinae damnum pensat post perniciem Typhonis Fung-wong. Tempestas valida inundationes et proruit, occidit ad minimum duo et 1.4 decies centena milia disponens.",2025-10-21 18:42:08+00:00
63acbbebb911c199f8d33e61f7f769db,2025-11-10T11:35:47Z,'flooding evacuation',www.cbsnews.com,en,1.0,"Typhoon Fung-wong kills at least 6 in Philippines, heads for Taiwan","Slamming into the Philippines as a super typhoon, Fung-wong brought floods, landslides, power outages, killed at least six people and displaced more than 1.4 million.",https://www.cbsnews.com/news/typhoon-fung-wong-philippines-deaths-maps-forecast-path-taiwan/,https://assets3.cbsnewsstatic.com/hub/i/r/2025/11/10/183dd158-8293-4c76-ad0c-db3c5d37eb88/thumbnail/1200x630/1497d9bdbbe5113ad920887fd6460524/typhoon-fung-wong-2245452884.jpg,,"Manila, Philippines — Typhoon Fung-wong blew out of the northwestern Philippines on Monday after setting off floods and landslides, knocking out power to entire provinces, killing at least six people… [+4250 chars]",,"Der Taifun Fung-wong tötet auf den Philippinen mindestens sechs Menschen und steuert auf Taiwan zu. Als ein Super-Taifun über die Philippinen hinwegfegte, verursachte Fung-wong Überschwemmungen, Erdrutsche und Stromausfälle, tötete mindestens sechs Menschen und vertrieb mehr als 1,4 Millionen Menschen.","Typhoon Fung-wong kills at least 6 in Philippines, heads for Taiwan. Slamming into the Philippines as a super typhoon, Fung-wong brought floods, landslides, power outages, killed at least six people and displaced more than 1.4 million.","Typhoon Fung-wong sex saltem in Philippinis, capita Taiwan. Slamming in Philippenses ut super typhonium, Fung-wong inundationes, ruinas, outages potentiae intulit, saltem sex homines occidit et plus quam 1.4 decies centena milia movit.",2025-10-21 18:42:08+00:00
83df7448b62464fe33e2fd86f5705327,2025-11-10T16:28:56Z,'floods',www.insurancejournal.com,en,1.0,Crews Are Working to Fix Alaska Native Villages Devastated by Floods. But Will Residents Return?,"Darrel John watched the final evacuees depart his village on the western coast of Alaska in helicopters and small planes and walked home, avoiding the debris piled on the boardwalks over the swampy land. He is one of seven residents …",https://www.insurancejournal.com/news/west/2025/11/10/847059.htm,https://www.insurancejournal.com/img/social/opengraph/ij-social-flood-1200x630.png,,"Darrel John watched the final evacuees depart his village on the western coast of Alaska in helicopters and small planes and walked home, avoiding the debris piled on the boardwalks over the swampy l… [+7603 chars]",,"Teams arbeiten daran, durch Überschwemmungen zerstörte Dörfer der Ureinwohner Alaskas zu reparieren. Aber werden die Bewohner zurückkehren? Darrel John beobachtete, wie die letzten Evakuierten sein Dorf an der Westküste Alaskas in Hubschraubern und Kleinflugzeugen verließen und nach Hause gingen, wobei er den auf den Holzstegen über dem sumpfigen Land aufgetürmten Trümmern aus dem Weg ging. Er ist einer von sieben Bewohnern …","Crews Are Working to Fix Alaska Native Villages Devastated by Floods. But Will Residents Return?. Darrel John watched the final evacuees depart his village on the western coast of Alaska in helicopters and small planes and walked home, avoiding the debris piled on the boardwalks over the swampy land. He is one of seven residents …",Socios navales laborantes figere Alaska Nativum Villages depopulatum per diluvia. Sed Residentibus Revertere?. Darrel Ioannes speculavit ultimas evacuationes villam suam in plaga occidentali Alaska in helicopteris et aeroplanis helicopteris et domum ambulavit vitans strages in tabulatis super terram palustri congesta. Is unus ex septem habitant...,2025-10-21 18:42:08+00:00
e434b36c3fc407048505270ed1802a5a,2025-11-16T10:39:23Z,'flooding',nypost.com,en,0.9,Canadian dad dies trying to rescue 5-year-old daughter who was swept into ocean by large California waves,A courageous Canadian father drowned attempting to save his 5-year-old daughter who was swept out to sea during California's catastrophic flash flooding.,https://nypost.com/2025/11/16/us-news/canadian-dad-yuji-hu-killed-trying-to-rescue-daughter-swept-out-to-sea-by-big-wave-at-california-beach/,https://nypost.com/wp-content/uploads/sites/2/2025/11/newspress-collage-3kfr1qtta-1763288943114.jpg?quality=75&strip=all&1763270979&w=1200,,"A courageous Canadian father died attempting to save his 5-year-old daughter who was swept out to sea during California’s catastrophic flash flooding.
Yuji Hu, from Calgary, Alberta, was with his wi… [+4294 chars]",,"Kanadischer Vater stirbt bei dem Versuch, seine fünfjährige Tochter zu retten, die von großen kalifornischen Wellen ins Meer gespült wurde. Ein mutiger kanadischer Vater ertrank beim Versuch, seine fünfjährige Tochter zu retten, die während der katastrophalen Sturzflut in Kalifornien ins Meer geschwemmt wurde.",Canadian dad dies trying to rescue 5-year-old daughter who was swept into ocean by large California waves. A courageous Canadian father drowned attempting to save his 5-year-old daughter who was swept out to sea during California's catastrophic flash flooding.,"Pater Canadian moritur, filiam V annorum eripere conatur quae magnis California undis in oceanum rapitur. Audax pater Canadian demersus est conanti suam servare filiam V annorum, quae inundationis calamitosae Californiae in mare evectus est.",2025-11-20 18:42:08+00:00
f2cbc8493de0685190847fb2fe243430,2025-11-12T00:00:00Z,'flooding',www.nature.com,en,0.9,Official statistics are vastly undercounting deaths from extreme weather,Research reveals that many more people lose their lives because of the effects of rainfall and flooding than are routinely accounted for.,https://www.nature.com/articles/d41586-025-03669-2,https://media.nature.com/lw1200/magazine-assets/d41586-025-03669-2/d41586-025-03669-2_51696804.jpg,,"People wade through Mumbais flooded streets during monsoon rains in August.Credit: Indranil Aditya/NurPhoto/Getty
The monsoon season lasts from June to September in southern Asia. During this period… [+5273 chars]",,"Offizielle Statistiken zählen die Zahl der durch extreme Wetterereignisse verursachten Todesfälle deutlich zu niedrig. Untersuchungen zeigen, dass viel mehr Menschen durch die Auswirkungen von Regenfällen und Überschwemmungen ihr Leben verlieren, als normalerweise angenommen wird.",Official statistics are vastly undercounting deaths from extreme weather. Research reveals that many more people lose their lives because of the effects of rainfall and flooding than are routinely accounted for.,Officialis statisticae mortes ab extrema tempestate valde subeundas sunt. Investigatio indicat multos plures homines vitam amittere propter effectus pluviae et inundationis quam consuevit aestimari.,2025-11-21 02:46:51+00:00
9030cd0216d2e52e898d4dbb37e1cd30,2025-11-12T00:00:00Z,'flooding rain',www.nature.com,en,0.9,Mortality impacts of rainfall and sea-level rise in a developing megacity,"High-resolution rainfall, tide and mortaility data are used to quantify the impact of rainfall and flooding on urban health in Mumbai, India, revealing an order-of-magnitude discrepency between observed and officially reported mortality impacts, with slum res…",https://www.nature.com/articles/s41586-025-09730-4,https://media.springernature.com/m685/springer-static/image/art%3A10.1038%2Fs41586-025-09730-4/MediaObjects/41586_2025_9730_Fig1_HTML.png,,"<li>Jha, A. K., Bloch, R. &amp; Lamond, J. Cities and Flooding: A Guide to Integrated Urban Flood Risk Management for the 21st Century (World Bank Publications, 2012).
</li><li>He, C. et al. Rainfal… [+13059 chars]",,"Auswirkungen von Niederschlägen und Meeresspiegelanstieg auf die Sterblichkeit in einer sich entwickelnden Megastadt. Hochaufgelöste Niederschlags-, Gezeiten- und Sterblichkeitsdaten werden verwendet, um die Auswirkungen von Regenfällen und Überschwemmungen auf die städtische Gesundheit in Mumbai, Indien, zu quantifizieren. Dabei wird eine Diskrepanz zwischen beobachteten und offiziell gemeldeten Auswirkungen auf die Sterblichkeit in der Größenordnung deutlich, wobei Slumres…","Mortality impacts of rainfall and sea-level rise in a developing megacity. High-resolution rainfall, tide and mortaility data are used to quantify the impact of rainfall and flooding on urban health in Mumbai, India, revealing an order-of-magnitude discrepency between observed and officially reported mortality impacts, with slum res…","Impulsus mortalitas pluviarum et graduum maris oritur in megalitate progrediente. Summus resolutio pluviorum, aestus et notitiae mortalitatis adhibentur ad quantitatem ictum pluviae et inundationem sanitatis urbanae in Mumbai, India, ordinem magnitudinum discrepantiae inter observatas et publicas impressiones mortalitatis relatas revelans, cum pergula res ...",2025-11-21 02:46:51+00:00
c074bb3894dc61760461b60d15d53c22,2025-11-12T00:00:00Z,'flooding death',www.nature.com,en,0.9,Extreme rainfall poses the biggest risk to Mumbai’s most vulnerable people,"An assessment of death rates in India’s coastal megacity of Mumbai reveals the impact of rain, high tides and flooding. Climate change will probably exacerbate the effects.",https://www.nature.com/articles/d41586-025-03453-2,https://media.nature.com/lw1200/magazine-assets/d41586-025-03453-2/d41586-025-03453-2_51628114.jpg,,"<li>Bearpark, T., Rode, A. &amp; Patankar, A. Nature https://doi.org/10.1038/s41586-025-09730-4 (2025).
Article 
Google Scholar 
</li><li>He, C. et al.BMJ387, e080944 (2024).
Article 
 PubMed 
… [+1129 chars]",,"Extreme Regenfälle stellen die größte Gefahr für die am stärksten gefährdeten Menschen Mumbais dar. Eine Bewertung der Sterblichkeitsraten in der indischen Küstenmetropole Mumbai zeigt die Auswirkungen von Regen, Flut und Überschwemmungen. Der Klimawandel wird die Auswirkungen voraussichtlich noch verstärken.","Extreme rainfall poses the biggest risk to Mumbai’s most vulnerable people. An assessment of death rates in India’s coastal megacity of Mumbai reveals the impact of rain, high tides and flooding. Climate change will probably exacerbate the effects.","Extremae pluviae maximum periculum in Mumbai populo vulnerabili prae se ponunt. Taxatio mortis rates in megacity maritima Indiae Mumbai impulsum pluviae, aestus maximi et inundationis indicat. Mutatio climatis effecta verisimiliter exacerbabit.",2025-11-21 02:46:51+00:00
7db9e27ae9180c1bc57902c4facfb0ac,2025-11-19T10:00:00Z,'flooding solidarity',theintercept.com,en,0.9,How California Spent Natural Disaster Funds to Quell Student Protests for Palestine,"California’s Law Enforcement Mutual Aid fund has been used to fight fires, floods, earthquakes — and Gaza demonstrations.
The post How California Spent Natural Disaster Funds to Quell Student Protests for Palestine appeared first on The Intercept.",https://theintercept.com/2025/11/19/cal-poly-humboldt-university-palestine-wildfire-funds/,https://theintercept.com/wp-content/uploads/2025/11/Student-surveillance_LEMA.jpg?fit=2000%2C1000&w=1200&h=800,http://web.archive.org/web/20251119121327/https://theintercept.com/2025/11/19/cal-poly-humboldt-university-palestine-wildfire-funds/,Cal Poly Humboldt students had been occupying a campus building in solidarity with Palestine for three days when then-university President Tom Jackson decided to bring the demonstration to an end. Bu… [+9168 chars],,"Wie Kalifornien Mittel aus Naturkatastrophen ausgab, um Studentenproteste für Palästina zu unterdrücken. Der kalifornische Law Enforcement Mutual Aid Fund wurde zur Bekämpfung von Bränden, Überschwemmungen, Erdbeben und Demonstrationen im Gazastreifen eingesetzt.
Der Beitrag Wie Kalifornien Gelder für Naturkatastrophen ausgab, um Studentenproteste für Palästina zu unterdrücken, erschien zuerst auf The Intercept.","How California Spent Natural Disaster Funds to Quell Student Protests for Palestine. California’s Law Enforcement Mutual Aid fund has been used to fight fires, floods, earthquakes — and Gaza demonstrations.
The post How California Spent Natural Disaster Funds to Quell Student Protests for Palestine appeared first on The Intercept.","Quomodo California Consumpta est Naturalis clades pecunia ad comprimendum Studentes Palaestinae reclamationes. Mutuum auxilium institutum adhibitum est ad pugnandum incendia, inundationes, terrae motus, et demonstrationes Gazae in California.
Postes Quomodo California Consumpta Naturalis Disaster pecunia ad Quell Discipulus protestationes Palaestinae primum apparuit in Intercept.",2025-11-21 06:44:38+00:00
9707ca83ae389fb55a13bb7a3d4adae9,2025-11-18T16:10:32Z,'flooding rain',www.globalresearch.ca,en,0.9,The Gaza Massacre – A New Dimension,"Are the heavy rains in Gaza geoengineered?
In November 2025, Gaza has experienced heavier than usual rainstorms leading to widespread tent flooding in camps housing displaced families. 
Civil defense officials in Gaza have issued distress calls, highlighting …",https://www.globalresearch.ca/gaza-massacre-new-dimension/5906106,https://www.globalresearch.ca/wp-content/uploads/2025/01/gaza-palestine.jpeg,,"Are the heavy rains in Gaza geoengineered?
In November 2025, Gaza has experienced heavier than usual rainstorms leading to widespread tent flooding in camps housing displaced families. 
Civil defen… [+4691 chars]",,"Das Gaza-Massaker – eine neue Dimension. Sind die heftigen Regenfälle in Gaza geotechnisch beeinflusst?
Im November 2025 kam es in Gaza zu heftigeren Regenfällen als üblich, die zu großflächigen Zeltüberschwemmungen in Lagern für vertriebene Familien führten. 
Beamte des Zivilschutzes in Gaza haben Notrufe abgesetzt und darauf hingewiesen …","The Gaza Massacre – A New Dimension. Are the heavy rains in Gaza geoengineered?
In November 2025, Gaza has experienced heavier than usual rainstorms leading to widespread tent flooding in camps housing displaced families. 
Civil defense officials in Gaza have issued distress calls, highlighting …","Gaza Massacre - Nova Dimensio. Suntne pluviae Gazae geoengineered?
Mense Novembri 2025, Gaza pluvias solito graviores expertus est ducens ad tentorium inundationem in campis familiarum habitationum motarum. 
Defensionem civilem magistratus Gazam ediderunt tribulationem vocat, quatenus …",2025-11-21 12:57:37+00:00
7f85c7c9be0d6c93e38096153b2491e0,2025-11-19T13:20:58Z,'flooding',biztoc.com,en,0.9,"Gaza storms bring flooding, sewage and misery in tent camps",,https://biztoc.com/x/82c7ad43829ace39,https://biztoc.com/cdn/82c7ad43829ace39_s.webp,,"{ window.open(this.href, '_blank'); }, 200); return false;""&gt;What caused the Cloudflare global outage? { window.open(this.href, '_blank'); }, 200); return false;""&gt;Why did Netherlands suspend Nex… [+707 chars]",,"Stürme im Gazastreifen bringen Überschwemmungen, Abwasser und Elend in Zeltlagern.","Gaza storms bring flooding, sewage and misery in tent camps. ","Gaza procellae inundationem, purgationem et miseriam in castris tentoriis afferunt.",2025-11-21 12:57:37+00:00
feb35b28e00feaa81241666b384d967a,2025-11-20T05:30:00Z,'floods',www.independent.ie,en,0.9,Misery in Gaza as rain and floods test system stretched to breaking,"Crammed into flimsy tent camps hard up against the seashore, Gazans have been flooded by heavy rain and storm surges in recent days, destroying shelters, soaking mattresses and blankets, and bringing new misery to the Gaza Strip, even after a ceasefire.",https://www.independent.ie/world-news/middle-east/misery-in-gaza-as-rain-and-floods-test-system-stretched-to-breaking/a1148680386.html,https://focus.independent.ie/thumbor/w7zg17W22QahtQHfoNUQnN5ERiY=/629x460/smart/prod-mh-ireland/3303082b-99f2-4726-8cd8-4bb37ca13bc8/6ae5c849-637a-4c55-bcee-2061a7e15552/IANS-GAZA%20%2853%29.jpg,,"Recent stormy conditions are compounding many of the challenges already facing Palestinians in the enclave
Crammed into flimsy tent camps hard up against the seashore, Gazans have been flooded by he… [+3107 chars]",,"Elend in Gaza, als das Regen- und Überschwemmungstestsystem bis zum Zusammenbruch beansprucht wurde. Die in dürftigen Zeltlagern dicht an der Küste zusammengepferchten Gaza-Bewohner wurden in den letzten Tagen von heftigen Regenfällen und Sturmfluten überschwemmt, die Unterkünfte zerstörten, Matratzen und Decken durchnässten und dem Gazastreifen neues Elend bescherten, selbst nach einem Waffenstillstand.","Misery in Gaza as rain and floods test system stretched to breaking. Crammed into flimsy tent camps hard up against the seashore, Gazans have been flooded by heavy rain and storm surges in recent days, destroying shelters, soaking mattresses and blankets, and bringing new misery to the Gaza Strip, even after a ceasefire.","Misericordia in Gaza sicut pluvia et inundationes examinis ratio protenta est ad fractionem. Tentoria levia castra contra litus maris inculcata, Gazani imbribus et tempestatibus inundationibus recentibus inundatae sunt, tabernacula vastantes, strata et stragula madefacientia, et novam miseriam Gazam exuentes, etiam post ignem cessantem.",2025-11-21 12:57:37+00:00
a2f98649fcb040ff146871e877eb80b4,2025-11-20T18:43:11Z,'flooding',www.aljazeera.com,en,0.9,"At least 41 dead as heavy rain, flooding and landslides hit central Vietnam","Forecasters warn more flooding, landslides expected as tens of thousands of people are evacuated from their homes.",https://www.aljazeera.com/news/2025/11/20/at-least-41-dead-as-heavy-rain-flooding-and-landslides-hit-central-vietnam,https://www.aljazeera.com/wp-content/uploads/2025/11/afp_691f46610e68-1763657313.jpg?resize=1920%2C1440,,"Authorities in Vietnam say at least 41 people have been killed in a barrage of torrential rain, flooding and landslides, as rescue crews worked to save stranded people from the rooftops of submerged … [+2619 chars]",,"Mindestens 41 Tote bei schweren Regenfällen, Überschwemmungen und Erdrutschen in Zentralvietnam. Meteorologen warnen vor weiteren Überschwemmungen und Erdrutschen, da Zehntausende Menschen aus ihren Häusern evakuiert werden müssen.","At least 41 dead as heavy rain, flooding and landslides hit central Vietnam. Forecasters warn more flooding, landslides expected as tens of thousands of people are evacuated from their homes.","Saltem 41 mortuus est sicut pluvia gravis, inundatio et proruit centralis Vietnam ledo. Vates amplius inundationem monent, proruit expectatur ut decem milia hominum e sedibus suis emittantur.",2025-11-22 02:40:30+00:00
bce64509280ce0c832135ca5c1ba69aa,2025-11-15T20:52:53Z,'flooding',slashdot.org,en,0.9,"California storm latest: LA braces for heavy rain and possible mudslides, flash flooding - abcnews.go.com","California storm latest: LA braces for heavy rain and possible mudslides, flash floodingabcnews.go.com Worst of storm slams into SoCal, with heavy rain bringing flood, mudslide risksLos Angeles Times ‘Seek higher ground:’ Officials issue flash flood warnings …",https://slashdot.org/firehose.pl?op=view&amp;id=180089239,,http://web.archive.org/web/20160119174443/http://slashdot.org/firehose.pl?op=view,"Economists can certainly disappoint you. One said that the economy would
turn up by the last quarter. Well, I'm down to mine and it hasn't.
-- Robert Orben",,"Neuester Sturm in Kalifornien: LA bereitet sich auf starken Regen und mögliche Schlammlawinen sowie Sturzfluten vor – abcnews.go.com. Neuester Sturm in Kalifornien: LA bereitet sich auf starken Regen und mögliche Schlammlawinen vor, es kommt zu Sturzflutenabcnews.go.com Der schlimmste Sturm wütet in Südkalifornien, wobei starker Regen Überschwemmungen und Schlammlawinen mit sich bringtLos Angeles Times „Suchen Sie höher gelegenes Gelände:“ Beamte geben Warnungen vor Sturzfluten heraus …","California storm latest: LA braces for heavy rain and possible mudslides, flash flooding - abcnews.go.com. California storm latest: LA braces for heavy rain and possible mudslides, flash floodingabcnews.go.com Worst of storm slams into SoCal, with heavy rain bringing flood, mudslide risksLos Angeles Times ‘Seek higher ground:’ Officials issue flash flood warnings …","Tempestas California tardus: LA adstringit ad imbres graves et possibilis mudslides, inundatio mico - abcnews.go.com. Tempestas California tardus: LA capreolis pluviae et possibilis mudslides, inundationes inundationes abcnews.go.com Pessimum tempestatis in SoCal, cum pluvia inundatio, mudslide periculaLos Angeles Times ""Quaerite locum superiorem:' Officiales admonitiones inundationem edunt.",2025-11-22 06:38:40+00:00
c5e0fd85c4fad82ebd8e68bd028b9ca1,2025-11-15T22:52:46Z,'floods',slashdot.org,en,0.9,"Atmospheric river hits Southern California with risks of flash floods in fire-ravaged areas, ccoast - AP News","Atmospheric river hits Southern California with risks of flash floods in fire-ravaged areas, ccoastAP News Worst of storm slams into SoCal, with heavy rain bringing flood, mudslide risksLos Angeles Times Treacherous travel, toppled trees in Southern Californi…",https://slashdot.org/firehose.pl?op=view&amp;id=180089857,,http://web.archive.org/web/20160119174443/http://slashdot.org/firehose.pl?op=view,The Fine Print: The following comments are owned by whoever posted them. We are not responsible for them in any way.,,"Atmosphärischer Fluss trifft Südkalifornien und birgt die Gefahr von Sturzfluten in von Feuer heimgesuchten Gebieten und an der Küste – AP News. Atmosphärischer Fluss trifft Südkalifornien und birgt die Gefahr von Sturzfluten in von Bränden heimgesuchten Gebieten, ccoastAP News Der schlimmste Sturm wütet in Südkalifornien, heftiger Regen bringt Überschwemmungen und Schlammlawinen mit sich. Los Angeles Times Heimtückische Reise, umgestürzte Bäume in Südkalifornien …","Atmospheric river hits Southern California with risks of flash floods in fire-ravaged areas, ccoast - AP News. Atmospheric river hits Southern California with risks of flash floods in fire-ravaged areas, ccoastAP News Worst of storm slams into SoCal, with heavy rain bringing flood, mudslide risksLos Angeles Times Treacherous travel, toppled trees in Southern Californi…","Fluvius atmosphaericus Southern Californiae periculum admittit in diluvios fulgurum in locis ignitis populatis, ccoast - AP News. Fluvius atmosphaericus Southern Californiam pervenit cum periculis diluvii in locis ignitis populatis, ccoastAP News pessimum tempestatis in SoCal, cum pluvia inundationem afferens, pericula Los Angeles Times perfidiae peregrinationis, arbores in Californi Australi dilapsae.",2025-11-22 06:38:40+00:00
188a440e37f683a525d214804d1d3554,2025-11-15T00:32:51Z,'flooding evacuation',slashdot.org,en,0.9,"Worst of SoCal storm expected Saturday, raising risk of mudslides and flash flooding - Los Angeles Times","Worst of SoCal storm expected Saturday, raising risk of mudslides and flash floodingLos Angeles Times Southern California Storm Forecast to Bring Heavy Rain and Flood RiskThe New York Times Dangerous flash flood threat in California prompts evacuation warning…",https://slashdot.org/firehose.pl?op=view&amp;id=180077834,,http://web.archive.org/web/20160119174443/http://slashdot.org/firehose.pl?op=view,The Fine Print: The following comments are owned by whoever posted them. We are not responsible for them in any way.,,Der schlimmste Sturm in Südkalifornien wird für Samstag erwartet und erhöht die Gefahr von Schlammlawinen und Sturzfluten – Los Angeles Times. Der schlimmste Sturm in Südkalifornien wird für Samstag erwartet und erhöht die Gefahr von Schlammlawinen und Sturzfluten. Los Angeles Times: Sturmprognose für Südkalifornien bringt starke Regenfälle und Überschwemmungsrisiko mit sich. Die New York Times: Gefährliche Sturzflutgefahr in Kalifornien löst Evakuierungswarnung aus …,"Worst of SoCal storm expected Saturday, raising risk of mudslides and flash flooding - Los Angeles Times. Worst of SoCal storm expected Saturday, raising risk of mudslides and flash floodingLos Angeles Times Southern California Storm Forecast to Bring Heavy Rain and Flood RiskThe New York Times Dangerous flash flood threat in California prompts evacuation warning…","Pessima tempestas SoCal Saturni exspectata est, periculum turbarum et inundationis mico - Los Angeles Times suscitans. Pessima tempestas SoCal expectata Saturni, periculum mudslides suscitans et inundationes Los Angeles Times Southern California Tempestas Praedictio ad inferendas pluvias graves et Diluvium RiskThe New York Times Periculosus mico inundatio comminatio in California suggerit evacuationem admonitionem…",2025-11-22 12:51:43+00:00
f87dbf9eddc6277d83880500fe1f2a38,2025-11-21T12:23:14Z,'flooding disruption',biztoc.com,en,0.9,Southern California Storm Prompts Flood Warnings Amid Heavy Rain,"Southern California is experiencing its fourth significant storm in a week, prompting widespread weather warnings across major centers.
Why It Matters
The downpour brings risks of flash flooding, debris flows—especially in regions scarred by recent wildfires—…",https://biztoc.com/x/97b53cdfe1aef44d,https://biztoc.com/cdn/97b53cdfe1aef44d_s.webp,,"Southern California is experiencing its fourth significant storm in a week, prompting widespread weather warnings across major centers.Why It MattersThe downpour brings risks of flash flooding, debri… [+143 chars]",,"Sturm in Südkalifornien löst Überschwemmungswarnungen bei starkem Regen aus. Südkalifornien erlebt seinen vierten schweren Sturm innerhalb einer Woche, was in den großen Zentren zu weit verbreiteten Wetterwarnungen führt.
Warum es wichtig ist
Der Regenguss birgt die Gefahr von Sturzfluten und Murgängen – insbesondere in Regionen, die von den jüngsten Waldbränden verwüstet wurden – …","Southern California Storm Prompts Flood Warnings Amid Heavy Rain. Southern California is experiencing its fourth significant storm in a week, prompting widespread weather warnings across major centers.
Why It Matters
The downpour brings risks of flash flooding, debris flows—especially in regions scarred by recent wildfires—…","Southern California Storm Prompts Diluvium Admonitiones Inter Gravis Pluviae. Southern California experitur suam quartam significantem tempestatem in hebdomada, et monita tempestatum late divulgata per maiora centra impellit.
Quid refert
Effusio pericula mico inundationis affert, obruta fluit — praesertim in regionibus cicatricibus recentibus incultis — ...",2025-11-23 03:02:41+00:00
c91bfe514588bfe56172607e0114b88c,2025-11-03T11:31:43Z,'floods',nep123.com,en,0.9,Aajapa Demands Flood Relief,Political Party Demands Relief for Flood Victims and Farmers The Aam Janata Party (AJP) has urged the government to provide relief funds and compensation to flood-affected farmers and citizens. This comes after recent devastating floods caused significant dam…,https://nep123.com/aajapa-demands-flood-relief/,https://nep123.com/wp-content/uploads/2025/09/basantapur_featured.jpg,,"Political Party Demands Relief for Flood Victims and Farmers
The Aam Janata Party (AJP) has urged the government to provide relief funds and compensation to flood-affected farmers and citizens. This… [+1163 chars]",,"Aajapa fordert Fluthilfe. Politische Partei fordert Hilfe für Flutopfer und Bauern Die Aam Janata Party (AJP) hat die Regierung aufgefordert, Hilfsgelder und Entschädigungen für von der Flut betroffene Bauern und Bürger bereitzustellen. Dies geschah, nachdem die jüngsten verheerenden Überschwemmungen erhebliche Schäden verursacht hatten.",Aajapa Demands Flood Relief. Political Party Demands Relief for Flood Victims and Farmers The Aam Janata Party (AJP) has urged the government to provide relief funds and compensation to flood-affected farmers and citizens. This comes after recent devastating floods caused significant dam…,Aajapa postulat Diluvium Solamen. Factio politica postulata Relevamen pro Diluvio Victimae et agricolae The Aam Janata Factio (AJP) suasit imperium ad subsidia subsidia et mercedis agricolas et cives inundationes praebere. Hoc venit post recentes vastationes inundationes significantes dam effecit.,2025-11-23 06:40:08+00:00
b0e73f174750468ffd644bfcfc621ba3,2025-11-03T11:57:20Z,'floods',www.digitaljournal.com,en,0.9,"Spain regional leader resigns, a year after deadly floods","The heavily criticised leader of Spain’s Valencia region said on Monday he was stepping down, a year after the area was hit by floods that were the country’s deadliest natural disaster in a generation. “The reality is that today I am the focus of criticism, n…",https://www.digitaljournal.com/world/spain-regional-leader-resigns-a-year-after-deadly-floods/article,https://www.digitaljournal.com/wp-content/uploads/2025/11/251002c47381404ecc2cdf3e4059af7d70e3caa6.jpg,,"Mazon resigned a year after the Valencia floods, Spain's deadliest natural disaster in a generation - Copyright AFP Atif ARYAN
The heavily criticised leader of Spain’s Valencia region said on Monday… [+3860 chars]",,"Ein Jahr nach tödlichen Überschwemmungen tritt Spaniens Regionalleiter zurück. Der stark kritisierte Führer der spanischen Region Valencia sagte am Montag, er werde zurücktreten, ein Jahr nachdem die Region von Überschwemmungen heimgesucht wurde, die die tödlichste Naturkatastrophe des Landes seit einer Generation darstellten. „Die Realität ist, dass ich heute im Mittelpunkt der Kritik stehe, n…","Spain regional leader resigns, a year after deadly floods. The heavily criticised leader of Spain’s Valencia region said on Monday he was stepping down, a year after the area was hit by floods that were the country’s deadliest natural disaster in a generation. “The reality is that today I am the focus of criticism, n…","Dux Hispaniae regionalis anno post funestos inundationes recedit. Graviter reprehendit ducem regionis Hispaniae Valentiae dixit die Lunae ingressu suo, anno postquam regio inundationibus percussa est, quae perniciosissima natura patriae in generatione fuerunt. ""Res est quod hodie ego sum focus criticae, n…",2025-11-23 06:40:08+00:00
70c02f28a27d814d013a54e1260c82cb,2025-11-03T16:45:01Z,'flooding',www.irishtimes.com,en,0.9,‘I made mistakes’: Valencia regional president resigns over management of fatal flooding,Carlos Mazón did not attend related emergency meetings on day more than 200 died following torrential rain,https://www.irishtimes.com/world/europe/2025/11/03/i-made-mistakes-valencia-regional-president-resigns-over-management-of-fatal-flooding/,https://www.irishtimes.com/resizer/v2/YIZCUVHTYB6YEYH3GNMH6IPJAQ.jpg?smart=true&auth=e2779712fb8e6024b7fc793a933d995cb4a2fe84f28b2c98f2732f0f9cfe7eda&width=1200&height=630,,"The president of the Spanish region of Valencia, Carlos Mazón, has announced his resignation after months of criticism for his management of the flash floods that killed more than 200 people a year a… [+3571 chars]",,"„Ich habe Fehler gemacht“: Regionalpräsident von Valencia tritt wegen der Bewältigung tödlicher Überschwemmungen zurück. Carlos Mazón nahm an den entsprechenden Notfallsitzungen an dem Tag nicht teil, an dem mehr als 200 Menschen infolge sintflutartiger Regenfälle starben",‘I made mistakes’: Valencia regional president resigns over management of fatal flooding. Carlos Mazón did not attend related emergency meetings on day more than 200 died following torrential rain,'I erravimus': Valentinus praeses regionalis remittit administrationi inundationis fatalis. Carlos Mazón non interfuit conventibus subitis actis in die plus quam CC mortuus est post imbrem torrentem,2025-11-23 06:40:08+00:00
575a2ebe025b684e6918d9aa6b1db74f,2025-11-04T04:37:00Z,'flooding',apnews.com,en,0.9,"Typhoon Kalmaegi leaves 26 dead in Philippines, people trapped on roofs and cars submerged",Philippine disaster response officials say that Typhoon Kalmaegi has left at least 26 people dead. The officials said Tuesday that most of the victims were killed in flooding. Kalmaegi barreled across the central Philippines where floodwaters trapped scores o…,https://apnews.com/article/typhoon-kalmaegi-tino-central-philippines-floods-948f51c72e9f9087b3c6389e7b014fe6,https://dims.apnews.com/dims4/default/0711498/2147483647/strip/true/crop/1600x900+0+83/resize/1440x810!/quality/90/?url=https%3A%2F%2Fassets.apnews.com%2F0d%2F57%2F76de79a13b0fc7b82cb7179b17fd%2Fc2b7644f6ad94fe5ac5b160a4846a4ba,,"MANILA, Philippines (AP) Typhoon Kalmaegi has left at least 26 people dead in the Philippines, mostly in flooding set off by the storm, which barreled across the central part of the country on Tuesda… [+4119 chars]",,"Der Taifun Kalmaegi fordert auf den Philippinen 26 Tote, Menschen sind auf Dächern eingeschlossen und Autos stehen unter Wasser. Laut philippinischen Katastrophenschutzbeamten sind durch den Taifun Kalmaegi mindestens 26 Menschen ums Leben gekommen. Die Beamten sagten am Dienstag, dass die meisten Opfer bei Überschwemmungen ums Leben kamen. Kalmaegi raste über die zentralen Philippinen, wo das Hochwasser Dutzende von Menschen gefangen hielt.","Typhoon Kalmaegi leaves 26 dead in Philippines, people trapped on roofs and cars submerged. Philippine disaster response officials say that Typhoon Kalmaegi has left at least 26 people dead. The officials said Tuesday that most of the victims were killed in flooding. Kalmaegi barreled across the central Philippines where floodwaters trapped scores o…","Typhoon Kalmaegi relinquit 26 in Philippinis mortuus, homines in tectis capti et carros demerguntur. Responsum calamitatis Philippinarum ministri dicunt Typhon Kalmaegi minimum 26 homines mortuos reliquisse. Magistratus dixerunt Martis maximam victimarum in inundatione occisam esse. Kalmaegi doliolum per medias Philippinas ubi aquae diluvii capti scores o ...",2025-11-23 06:40:08+00:00
7863ab9283256fe2dad16b153d66f482,2025-11-06T06:40:06Z,'flooding victims',www.rte.ie,en,0.9,At least 140 dead in Philippines after Typhoon Kalmaegi,"Typhoon Kalmaegi has killed at least 140 people and left another 127 missing after unleashing devastating flooding across the central Philippines, according to official figures.",https://www.rte.ie/news/world/2025/1106/1542447-philippines-typhoon/,https://www.rte.ie/images/00236fb7-1600.jpg,,"Typhoon Kalmaegi has killed at least 140 people and left another 127 missing after unleashing devastating flooding across the central Philippines, according to official figures.
The typhoon is so fa… [+4506 chars]",,"Mindestens 140 Tote auf den Philippinen nach Taifun Kalmaegi. Nach offiziellen Angaben hat der Taifun Kalmaegi mindestens 140 Menschen getötet und weitere 127 vermisst, nachdem er verheerende Überschwemmungen im Zentrum der Philippinen ausgelöst hatte.","At least 140 dead in Philippines after Typhoon Kalmaegi. Typhoon Kalmaegi has killed at least 140 people and left another 127 missing after unleashing devastating flooding across the central Philippines, according to official figures.","Saltem 140 mortuus est in Philippinis post Typhonem Kalmaegi. Typhoon Kalmaegi saltem 140 homines interfecit et alterum 127 defuit postquam inundationem per medias Philippinas inundationem vastavit, secundum figuras officiales.",2025-11-23 06:40:08+00:00
20cff8d34782b981fd99ddc2a7f6209e,2025-11-21T14:10:23Z,'flooding',www.foxnews.com,en,0.0,Fake ChatGPT apps are hijacking your phone without you knowing,Fake AI apps disguised as 'ChatGPT' and 'DALL·E' are flooding app stores with dangerous malware that steals data and monitors users without detection.,https://www.foxnews.com/tech/fake-chatgpt-apps-hijacking-your-phone-without-you-knowing,https://static.foxnews.com/foxnews.com/content/uploads/2025/11/2-fake-chatgpt-apps-are-hijacking-your-phone-without-you-knowing-copy.jpg,,"App stores are supposed to be reliable and free of malware or fake apps, but that's far from the truth. For every legitimate application that solves a real problem, there are dozens of knockoffs wait… [+10384 chars]",,"Gefälschte ChatGPT-Apps kapern Ihr Telefon, ohne dass Sie es merken. Gefälschte KI-Apps, die als „ChatGPT“ und „DALL·E“ getarnt sind, überschwemmen App-Stores mit gefährlicher Malware, die Daten stiehlt und Benutzer unbemerkt überwacht.",Fake ChatGPT apps are hijacking your phone without you knowing. Fake AI apps disguised as 'ChatGPT' and 'DALL·E' are flooding app stores with dangerous malware that steals data and monitors users without detection.,"Fake ChatGPT apps sunt raptio phone sine te sciente. Fake AI apps simulati ""ChatGPT"" et ""Dall·E"" inundant thesauros cum periculosis malware quae notitia et monitores utentes sine detectione furantur.",2025-11-24 02:58:26+00:00
319e9766670fb1ca3d3163a99401cce3,2025-11-22T21:15:44Z,'flooding protection',www.abc.net.au,en,0.8,Climate change is coming for Andrew's home. He thinks he can save it,"Andrew Lovitt is part of a community group that has spent 15 years investigating a large-scale infrastructure proposal to prevent flooding in Launceston, in northern Tasmania.",https://www.abc.net.au/news/2025-11-23/climate-change-flood-risk-launceston-tamar-estuary-floodgates/106004394,https://live-production.wcms.abc-cdn.net.au/c40d397426b110103559d4aeee8c4cb0?impolicy=wcms_watermark_news&cropH=3375&cropW=6000&xPos=0&yPos=328&width=862&height=485&imformat=generic,,"Andrew Lovitt knows climate change is coming for his home.
For 35 years, he has lived in Launceston, in northern Tasmania a flood-prone city at the centre of two rivers and an estuary.
""The clock i… [+6386 chars]",,"Der Klimawandel kommt auf Andrews Zuhause zu. Er glaubt, dass er es retten kann. Andrew Lovitt ist Teil einer Gemeindegruppe, die 15 Jahre lang einen groß angelegten Infrastrukturvorschlag zur Verhinderung von Überschwemmungen in Launceston im Norden Tasmaniens untersucht hat.","Climate change is coming for Andrew's home. He thinks he can save it. Andrew Lovitt is part of a community group that has spent 15 years investigating a large-scale infrastructure proposal to prevent flooding in Launceston, in northern Tasmania.","Climatis mutatio ad domum Andreae venit. Cogitat se posse salvam facere. Andrew Lovitt est pars coetus communitatis quae XV annos egit pervestigandi magnam infrastructuram rogationem ne inundationem in Launceston, in Tasmania septentrionali.",2025-11-24 02:58:26+00:00
7b3db1890848bb9922ac1d0099fe7a84,2025-11-20T11:42:09Z,'flooding area',rollingout.com,en,0.9,Flash floods devastate Phoenix area with 1-inch hail,"Dangerous weather strikes Phoenix metro area The Phoenix metropolitan area faced life-threatening flash flooding on Nov. 19 as severe thunderstorms dumped heavy rainfall across Maricopa County, prompting emergency officials to extend flood warnings through 12…",https://rollingout.com/2025/11/20/phoenix-floods-mall-collapse-airport/,https://rollingout.com/wp-content/uploads/2025/11/shutterstock_2617499759-scaled.jpg,,"Dangerous weather strikes Phoenix metro area
The Phoenix metropolitan area faced life-threatening flash flooding on Nov. 19 as severe thunderstorms dumped heavy rainfall across Maricopa County, prom… [+5660 chars]",,"Sturzfluten verwüsten das Gebiet von Phoenix mit 1-Zoll-Hagel. Gefährliches Wetter heimgesucht Metropolregion Phoenix Die Metropolregion Phoenix war am 19. November mit lebensbedrohlichen Sturzfluten konfrontiert, als schwere Gewitter schwere Regenfälle über Maricopa County verursachten, was die Rettungskräfte dazu veranlasste, die Hochwasserwarnungen bis 12 Jahre zu verlängern.","Flash floods devastate Phoenix area with 1-inch hail. Dangerous weather strikes Phoenix metro area The Phoenix metropolitan area faced life-threatening flash flooding on Nov. 19 as severe thunderstorms dumped heavy rainfall across Maricopa County, prompting emergency officials to extend flood warnings through 12…","Fulgura flumina vastant Phoenicis aream cum grandine 1-inch. Periculosam tempestatem ferit Phoenix Metro Area Phoenicis area metropolitana ante lucem inundationem vitae imminens die 19 mensis Novembris, ut graves tonitribus pluuiae graves trans Maricopam Comitatus proiecerunt, monentes subitis ministris ut monita diluvii per 12…",2025-11-24 02:58:26+00:00
f6509a6ee2ac7d1cbd1aff7a1eb8c5a5,2025-11-20T13:50:00Z,'flooding',www.malwarebytes.com,en,0.9,Holiday scams 2025: These common shopping habits make you the easiest target,"Holiday deals are flooding your phone, and scammers are too. Watch for fake listings, phishing texts, and offers that seem just a little too good to be true.",https://www.malwarebytes.com/blog/news/2025/11/holiday-scams-2025-these-common-shopping-habits-make-you-the-easiest-target,https://www.malwarebytes.com/wp-content/uploads/sites/2/2025/11/Holiday-Threat-Report-2026.png,,"Every year, shoppers get faster, savvier, and more mobile. We compare prices on the go, download apps for coupons, and jump on deals before they disappear. But during deal-heavy periods like Black Fr… [+10176 chars]",,"Feiertagsbetrug 2025: Diese gängigen Einkaufsgewohnheiten machen Sie zum leichtesten Ziel. Urlaubsangebote überschwemmen Ihr Telefon, und Betrüger tun es auch. Halten Sie Ausschau nach gefälschten Einträgen, Phishing-SMS und Angeboten, die ein wenig zu schön sind, um wahr zu sein.","Holiday scams 2025: These common shopping habits make you the easiest target. Holiday deals are flooding your phone, and scammers are too. Watch for fake listings, phishing texts, and offers that seem just a little too good to be true.","Feriae scams 2025: Communes shopping habitus haec te facillimum efficit scopum. Feriae agit inundantes telephonicum tuum, et scammers nimis sunt. Vigilate pro commenticiis fictis, textibus hamatis, et offert quae videntur parum nimium bona esse vera.",2025-11-24 02:58:26+00:00
783068e24c47b146e5f23c9d884c987f,2025-11-21T13:05:42Z,'flooding rain',electronicintifada.net,en,0.9,No let-up in Israeli massacres of Palestinian children,Winter rains and flooding have exacerbated the humanitarian and health crises across Gaza.,https://electronicintifada.net/blogs/nora-barrows-friedman/no-let-israeli-massacres-palestinian-children,https://electronicintifada.net/sites/default/files/styles/medium/public/pictures/picture-32-1327942070.jpg?itok=MCIOX4jq,,"Nora Barrows-FriedmanRights and Accountability21 November 2025
Relatives mourn their loved ones killed in Israeli attacks on Khan Younis on 19 November. (Mohammed Salama / APA Images) 
The followin… [+13378 chars]",,Kein Nachlassen der israelischen Massaker an palästinensischen Kindern. Winterregen und Überschwemmungen haben die humanitäre und gesundheitliche Krise im gesamten Gazastreifen verschärft.,No let-up in Israeli massacres of Palestinian children. Winter rains and flooding have exacerbated the humanitarian and health crises across Gaza.,Nequaquam in Israelis caedes Palaestinae relinquatur. Hiemales imbres et inundationes exasperentur humanitaria et salutis discrimina per Gazam.,2025-11-24 02:58:26+00:00
85fb9fbf14a22e314f434e0c8458a110,2025-11-22T00:06:53Z,'flooding protection',punchng.com,en,0.9,"Drowning in splendour: Ajah residents lose property, livelihood to unending floods","Residents of Ajah, Lagos, share their daily struggle against unending floods that destroy property, businesses, and hope due to poor infrastructure.

Read More: https://punchng.com/drowning-in-splendour-ajah-residents-lose-property-livelihood-to-unending-floo…",https://punchng.com/drowning-in-splendour-ajah-residents-lose-property-livelihood-to-unending-floods/,https://cdn.punchng.com/wp-content/uploads/2025/11/22004101/drowning.jpg,,"In Ajah, where luxury estates stand alongside informal settlements, residents face a relentless daily struggle against rising waters that engulf homes, decaying infrastructure that provides little pr… [+18789 chars]",,"Ertrinken in Pracht: Ajah-Bewohner verlieren Eigentum und Lebensunterhalt durch endlose Überschwemmungen. Einwohner von Ajah, Lagos, berichten von ihrem täglichen Kampf gegen endlose Überschwemmungen, die aufgrund schlechter Infrastruktur Eigentum, Unternehmen und Hoffnungen zerstören.

Weiterlesen: https://punchng.com/drowning-in-splendour-ajah-residents-lose-property-livelihood-to-unending-floo…","Drowning in splendour: Ajah residents lose property, livelihood to unending floods. Residents of Ajah, Lagos, share their daily struggle against unending floods that destroy property, businesses, and hope due to poor infrastructure.

Read More: https://punchng.com/drowning-in-splendour-ajah-residents-lose-property-livelihood-to-unending-floo…","Demergens in splendore: Ajah incolas Perdunt patrimonium, Ad flumina perennis victus. Residentes Ajah, Lagos, cottidianam dimicationem contra inmensas inundationes communicant quae bona, negotia et spem destruunt infrastructuram pauperum.

Lege More: https://punchng.com/drowning-in-splendour-ajah-residents-lose-property-livelihood-to-unending-floo...",2025-11-24 02:58:26+00:00
c2e2337433a403a3389b72042259f026,2025-11-22T15:23:26Z,'flooding',www.yahoo.com,en,0.9,One dead after days of torrential rain brings flooding across large swaths of Albania,"At least one person has died after days of torrential rain brought heavy flooding across Albania, police said Saturday.  The rainfall caused the Vjosa and...",https://www.yahoo.com/news/articles/one-dead-days-torrential-rain-152326864.html,https://s.yimg.com/ny/api/res/1.2/ix9nsYzBUbUik15wF8ymiw--/YXBwaWQ9aGlnaGxhbmRlcjt3PTEyMDA7aD04MDA7Y2Y9d2VicA--/https://media.zenfs.com/en/ap.org/1816d0d02d7283e3f28d770b4ca4ebef,,"PRISTINA, Kosovo (AP) At least one person has died after days of torrential rain brought heavy flooding across Albania, police said Saturday.
Conditions remain difficult in rural regions, including … [+1175 chars]",,"Ein Toter nach tagelangen sintflutartigen Regenfällen führt zu Überschwemmungen in weiten Teilen Albaniens. Mindestens eine Person ist gestorben, nachdem tagelanger sintflutartiger Regen in ganz Albanien zu schweren Überschwemmungen geführt hatte, teilte die Polizei am Samstag mit.  Die Regenfälle verursachten die Vjosa und...","One dead after days of torrential rain brings flooding across large swaths of Albania. At least one person has died after days of torrential rain brought heavy flooding across Albania, police said Saturday.  The rainfall caused the Vjosa and...","Unus mortuus post dies pluviae torrentis inundationem per magnas Albaniae fasciculas producit. Saltem unus homo mortuus est postquam dies pluviae torrentialis per Albaniam gravem inundationem intulerunt, vigiles Saturni dixerunt.  Pluuia Vjosa ac...",2025-11-24 02:58:26+00:00
d0d59d13f94c6d46a804e9737b61c174,2025-11-17T21:31:15Z,'flooding atmospheric river',biztoc.com,en,0.9,Lingering thunderstorms bring flooding risk after atmospheric river drenches much of California,"A powerful atmospheric river had mostly moved through California after causing at least six deaths and dousing much of the state, but lingering thunderstorms brought the risk of mudslides in areas of Los Angeles County that were recently ravaged by wildfire.",https://biztoc.com/x/cd544ff568753521,https://biztoc.com/cdn/cd544ff568753521_s.webp,,"A powerful atmospheric river had mostly moved through California after causing at least six deaths and dousing much of the state, but lingering thunderstorms brought the risk of mudslides in areas of… [+112 chars]",,"Anhaltende Gewitter bergen Überschwemmungsgefahr, nachdem der atmosphärische Fluss weite Teile Kaliforniens überschwemmt hat. Ein mächtiger atmosphärischer Fluss war größtenteils durch Kalifornien geflossen, nachdem er mindestens sechs Todesopfer gefordert und einen Großteil des Staates überschwemmt hatte, aber anhaltende Gewitter bergen die Gefahr von Schlammlawinen in Gebieten des Los Angeles County, die kürzlich von Waldbränden heimgesucht wurden.","Lingering thunderstorms bring flooding risk after atmospheric river drenches much of California. A powerful atmospheric river had mostly moved through California after causing at least six deaths and dousing much of the state, but lingering thunderstorms brought the risk of mudslides in areas of Los Angeles County that were recently ravaged by wildfire.","Tonitruum morae periculum inundantem adferunt postquam flumen atmosphaericum Californiae multum rigat. Flumen atmosphaericum plurimum per Californiam moverat cum causatis saltem sex mortes et multam rem publicam ingessit, sed procellae diuturnae periculum turbationis in regionibus Los Angeles comitatus nuper ab igne ferali populati sunt.",2025-11-24 06:44:50+00:00
bb471aa98539840cd4c5647bb611c84a,2025-11-18T18:01:35Z,'flooding',www.nzherald.co.nz,en,0.9,MetService warns of heavy rain and flooding risk across North Island after wild night,Auckland faces an early morning soaking as the downpour moves east.,https://www.nzherald.co.nz/nz/metservice-warns-of-heavy-rain-and-flooding-risk-across-north-island-after-wild-night/WJPAQ2YGVJDU3JKB7Q6IKH7YZY/,https://www.nzherald.co.nz/resizer/v2/GPZV5XXQLVH2NET5LIGHI4WUAQ.png?auth=f8d4e43ccaa41040f7cc98a90e8b8e8f405ba8a84a080f9a4cd72ed6cc1f6d62&width=1200&height=675&quality=70&smart=true,,"SH25 KAIMARAMA, BAY OF PLENTY - FLOODING- 6:30AM, WED 19 NOV 
Flooding has been reported on SH25 between Wade Rd and The 309 Rd. Consider delaying travel or be prepared to detour. ^KF pic.twitter.co… [+2423 chars]",,"MetService warnt vor starkem Regen und Überschwemmungsgefahr auf der Nordinsel nach einer wilden Nacht. Auckland droht am frühen Morgen eine Durchnässung, während der Regen nach Osten zieht.",MetService warns of heavy rain and flooding risk across North Island after wild night. Auckland faces an early morning soaking as the downpour moves east.,MetService monet gravis pluviae et inundationis periculum trans Islandiam septentrionalem post noctem feram. Auckland spectat primo mane bibula sicut imber orientem movet.,2025-11-24 06:44:50+00:00
b1899698f1196247a0c8eb3c0a21be64,2025-11-21T16:06:59Z,'flooding',www.huffpost.com,en,0.9,"Torrential Rains Drench Southern California, Renewing Flash Flood Fears","Before dawn Friday, residents were warned of flash flooding of streets, creeks and streams and possible mudslides in several parts of Los Angeles.",https://www.huffpost.com/entry/torrential-rains-drench-southern-california-renewing-flash-flood-fears_n_69208a10e4b06c13afa49584,https://img.huffingtonpost.com/asset/69208b891700009c9a9c66f2.jpeg?ops=500_281%2Cscalefit_1200_630,,"LOS ANGELES (AP) Torrential rains drenched parts of Southern California on Friday, leading to new flash flood warnings in parts of Los Angeles County. The unusually heavy downpours follow earlier sto… [+2126 chars]",,"Sintflutartige Regenfälle durchnässen Südkalifornien und erneuern die Angst vor Sturzfluten. Vor Tagesanbruch am Freitag wurden die Anwohner vor Sturzfluten von Straßen, Bächen und Bächen sowie möglichen Schlammlawinen in mehreren Teilen von Los Angeles gewarnt.","Torrential Rains Drench Southern California, Renewing Flash Flood Fears. Before dawn Friday, residents were warned of flash flooding of streets, creeks and streams and possible mudslides in several parts of Los Angeles.","Torrentia pluviae perfundunt Southern California, renovantes Flash Diluvium Fears. Ante lucem Veneris habitant admoniti sunt de inundatione platearum, aestuaria et rivi et turbationes in pluribus Los Angeles fieri.",2025-11-24 06:44:50+00:00
db7451a1ab71c16a9ba8597c96a0a2bd,2025-11-22T15:00:00Z,'flooding atmospheric river',www.cbc.ca,en,0.9,"Four years after catastrophic floods, Abbotsford, B.C., is nearing end of recovery work","After a historic flood devastated the city, Abbotsford's mayor says the the recovery work is almost complete. But, he says it's still not ready for the next big flood.",https://www.cbc.ca/news/canada/british-columbia/abbotsford-bc-flood-recovery-update-9.6988683,"https://i.cbc.ca/ais/1.6451561,1652395102000/full/max/0/default.jpg?im=Crop%2Crect%3D%280%2C338%2C6556%2C3687%29%3BResize%3D620",,"Four years after a historic flood devastated Abbotsford, B.C., the citys mayor says the bulk of the flood recovery work is complete.
In 2021, extremely heavy rain an atmospheric river led to the Noo… [+4067 chars]",,"Vier Jahre nach den katastrophalen Überschwemmungen nähern sich die Wiederherstellungsarbeiten in Abbotsford, B.C., dem Ende. Nachdem eine historische Überschwemmung die Stadt verwüstet hatte, sagt der Bürgermeister von Abbotsford, dass die Wiederherstellungsarbeiten fast abgeschlossen seien. Aber er sagt, es sei immer noch nicht bereit für die nächste große Überschwemmung.","Four years after catastrophic floods, Abbotsford, B.C., is nearing end of recovery work. After a historic flood devastated the city, Abbotsford's mayor says the the recovery work is almost complete. But, he says it's still not ready for the next big flood.","Quattuor annis post calamitates inundationes, Abbotsford, B.C., appropinquat finis operis recuperationis. Postquam inundatio historica urbem vastavit, maior abbatibus de recuperatione operis paene completum est. Sed, inquit, usque ad magnum diluvium non est paratum.",2025-11-24 06:44:50+00:00
1f27f281b485ee57bf1ed0672e3633e5,2025-11-05T03:57:41Z,'floods',abcnews.go.com,en,0.9,Vietnam rethinks its flood strategy as climate change drives storms and devastation,Vietnam is rethinking how it copes with floods after a year of relentless storms has collapsed hillsides and turned streets into rivers,https://abcnews.go.com/Business/wireStory/vietnam-rethinks-flood-strategy-climate-change-drives-storms-127200731,https://i.abcnewsfe.com/a/ec425acb-3b3d-4a8b-91ef-ebb9483e7894/wirestory_bc9a27d709c17db2d02be30e689f4b98_16x9.jpg?w=1600,,"HANOI, Vietnam -- Vietnam is rethinking how it copes with floods after a year of relentless storms collapsed hillsides and left vast parts of cities under water. 
From mapping high-risk areas to rei… [+5601 chars]",,"Vietnam überdenkt seine Hochwasserstrategie, da der Klimawandel zu Stürmen und Verwüstungen führt. Vietnam überdenkt seinen Umgang mit Überschwemmungen, nachdem ein Jahr lang unerbittliche Stürme Berghänge zum Einsturz gebracht und Straßen in Flüsse verwandelt haben",Vietnam rethinks its flood strategy as climate change drives storms and devastation. Vietnam is rethinking how it copes with floods after a year of relentless storms has collapsed hillsides and turned streets into rivers,Vietnam recogitat suum diluvium militarium sicut mutatio climatis tempestates et vastitatem agit. Vietnam cogitat quomodo inundationes capat post annum inclementiae procellae clivos concidit et vias in flumina convertit.,2025-11-25 02:50:35+00:00
986453335f19eba5d8f9b20688fdb7f2,2025-11-11T07:52:41Z,'flooding',www.independent.ie,en,0.9,Status Yellow rain warnings in place for eight counties; Met Éireann warns of localised flooding,Status Yellow rain warnings are in place for eight counties across Ireland today.,https://www.independent.ie/weather/status-yellow-rain-warnings-in-place-for-eight-counties-met-eireann-warns-of-localised-flooding/a2018365173.html,https://focus.independent.ie/thumbor/QBeDmASdgxq1NDnpr7ECzAVnmK4=/60x0:735x450/629x0/prod-mh-ireland/9e0abc34-8712-405f-9943-7f922a5b91af/03019d47-65a5-48e2-80b7-d338a310ec76/video/video.jpg,,"Status Yellow rain warnings are in place for eight counties across Ireland today.A rain warning for Cork and Kerry will be in effect until 2pm, while a separate rain warning for Carlow, Kilkenny, Wex… [+2069 chars]",,Status Gelbe Regenwarnungen für acht Landkreise; Met Éireann warnt vor örtlich begrenzten Überschwemmungen. Status Gelbe Regenwarnungen gelten heute für acht Landkreise in ganz Irland.,Status Yellow rain warnings in place for eight counties; Met Éireann warns of localised flooding. Status Yellow rain warnings are in place for eight counties across Ireland today.,Status Flavus pluviae monitus in locis octo comitatuum; Met- Éireann monet de inundatione locali. Status Flavus pluviae monitus in locis octo comitatuum trans Hiberniam hodie est.,2025-11-25 02:50:35+00:00
99f60f71dc69ba56c07b1ac4de925efe,2025-11-22T03:35:00Z,'flooding',www.thestar.com.my,en,0.9,Relief centre opened in Bachok following heavy rain,"BACHOK: A temporary relief centre was opened in Bachok last night following flooding caused by continuous heavy rain, with an alert-level warning issued since Friday (Nov 21) Read full story",https://www.thestar.com.my/news/nation/2025/11/22/relief-centre-opened-in-bachok-following-heavy-rain,https://apicms.thestar.com.my/uploads/images/2025/11/22/3634703.jpg,,"BACHOK: A temporary relief centre was opened in Bachok last night following flooding caused by continuous heavy rain, with an alert-level warning issued since Friday (Nov 21).
According to the Depar… [+744 chars]",,"Nach starkem Regen wurde in Bachok ein Hilfszentrum eröffnet. BACHOK: Gestern Abend wurde in Bachok ein provisorisches Hilfszentrum eröffnet, nachdem es durch anhaltenden starken Regen zu Überschwemmungen gekommen war. Seit Freitag (21. November) gilt die Alarmstufe. Lesen Sie den vollständigen Artikel","Relief centre opened in Bachok following heavy rain. BACHOK: A temporary relief centre was opened in Bachok last night following flooding caused by continuous heavy rain, with an alert-level warning issued since Friday (Nov 21) Read full story","Relevium centrum aperuit in Bachok sequenti pluvia magna. BACHOK: Medium tempus subsidio in Bachok aperiebatur proxima nocte sequenti inundatio per continuas pluvias factas, cum monitio erecto gradu emissa post Veneris (Nov. 21) plenam fabulam Read",2025-11-25 13:00:49+00:00
0a9c869c349070b71ca09c44bc93e206,2025-11-25T05:35:00Z,'flooding',www.yahoo.com,en,0.9,Deadly flooding leaves thousands stranded and nearly 100 confirmed dead as heavy rain slams communities: 'We've never experienced that',"""One of the world’s most hazard-prone countries.""",https://www.yahoo.com/news/articles/deadly-flooding-leaves-thousands-stranded-053500420.html,https://s.yimg.com/ny/api/res/1.2/Kq4dSOxRnjQmMScBGWP1RQ--/YXBwaWQ9aGlnaGxhbmRlcjt3PTEyMDA7aD02NzU7Y2Y9d2VicA--/https://media.zenfs.com/en/the_cool_down_737/e7d44189df074c7e3522d3fc94c52a86,,Torrential rain soaked Southeast Asia over the weekend. The death toll has climbed after heavy rainfall led to flash flooding and landslides along a nearly 500-mile stretch through the central portio… [+3233 chars],,"Bei tödlichen Überschwemmungen bleiben Tausende gestrandet und fast 100 Menschen sind nachweislich ums Leben gekommen, während heftige Regenfälle Gemeinden verwüsten: „Das haben wir noch nie erlebt.“ „Eines der risikoreichsten Länder der Welt.“","Deadly flooding leaves thousands stranded and nearly 100 confirmed dead as heavy rain slams communities: 'We've never experienced that'. ""One of the world’s most hazard-prone countries.""","Inundatio mortiferalis foliis mille subductis ac fere 100 mortuis confirmatae sunt sicut pluviae slams communitatum: ""Numquam id experti sumus"". ""Unus mundi maxime aleae proclives nationes.""",2025-11-26 18:38:22+00:00
2fe7c7db731d99e699a965b62608f6bb,2025-11-09T23:45:00Z,'deluge',www.memeorandum.com,en,0.0,"One photo, a deluge of threats: Inside the Arizona high school turned upside down by right-wing activists (Tyler Kingkade/NBC News)","Tyler Kingkade / NBC News:
One photo, a deluge of threats: Inside the Arizona high school turned upside down by right-wing activists  —  A group of math teachers — some of whom were fans of Charlie Kirk — had their lives turned upside down this week over fals…",https://www.memeorandum.com/251109/p95,"https://media-cldnry.s-nbcnews.com/image/upload/t_nbcnews-fp-1200-630,f_auto,q_auto:best/rockcms/2025-11/251103-az-teacher-doxxing-gk-ae66b1.jpg",,"memeorandum is an auto-generated summary of the stories that US political commentators are discussing online right now.
Unlike sister sites Techmeme and Mediagazer, it is not a human-edited news out… [+72 chars]",,"Ein Foto, eine Flut von Drohungen: In der Highschool in Arizona, die von rechten Aktivisten auf den Kopf gestellt wurde (Tyler Kingkade/NBC News). Tyler Kingkade / NBC-Nachrichten:
Ein Foto, eine Flut von Drohungen: In der Highschool in Arizona, die von rechten Aktivisten auf den Kopf gestellt wurde – Das Leben einer Gruppe von Mathematiklehrern – einige von ihnen waren Fans von Charlie Kirk – wurde diese Woche wegen Falschmeldungen auf den Kopf gestellt …","One photo, a deluge of threats: Inside the Arizona high school turned upside down by right-wing activists (Tyler Kingkade/NBC News). Tyler Kingkade / NBC News:
One photo, a deluge of threats: Inside the Arizona high school turned upside down by right-wing activists  —  A group of math teachers — some of whom were fans of Charlie Kirk — had their lives turned upside down this week over fals…","Una photographica, minarum inundatio: Intra Arizona alta schola inversus est activists dextro cornu (Tyler Kingkade/NBC News). Tyler Kingkade / NBC News:
Una photographica, minarum inundatio: Intra Arizona alta schola inversus est activists dextro cornu -  Coetus magistrorum math - quorum nonnulli fans erat Kirk Charlie - hac septimana vita sua inversa super fals.",2025-11-27 06:45:42+00:00
cf0d331c30f17e2a08334131f41246b9,2025-11-16T21:30:19Z,'deluge',japantoday.com,en,0.0,"Many House Republicans will back bill to release Epstein files, leaders of the effort say",Lawmakers seeking to force the release of files related to the sex trafficking investigation into Jeffrey Epstein are predicting a big win in the House this week with a “deluge of Republicans” voting for their bill and bucking the GOP leadership and President…,https://japantoday.com/category/world/many-house-republicans-will-back-a-bill-to-release-epstein-files-leaders-of-the-effort-say,,,Lawmakers seeking to force the release of files related to the sex trafficking investigation into Jeffrey Epstein are predicting a big win in the House this week with a deluge of Republicans voting f… [+4998 chars],,"Viele Republikaner im Repräsentantenhaus werden den Gesetzentwurf zur Veröffentlichung von Epstein-Akten unterstützen, sagen die Anführer der Initiative. Gesetzgeber, die die Veröffentlichung von Akten im Zusammenhang mit der Untersuchung des Sexhandels gegen Jeffrey Epstein erzwingen wollen, prognostizieren diese Woche einen großen Sieg im Repräsentantenhaus, da eine „Flut von Republikanern“ für ihren Gesetzentwurf stimmen und sich gegen die GOP-Führung und den Präsidenten wehren wird …","Many House Republicans will back bill to release Epstein files, leaders of the effort say. Lawmakers seeking to force the release of files related to the sex trafficking investigation into Jeffrey Epstein are predicting a big win in the House this week with a “deluge of Republicans” voting for their bill and bucking the GOP leadership and President…","Multi Republicani Domus libellum remissurum ad tabulas Epstein dimittendas, duces conatus dicunt. Legumlatorum quaerentes cogere emissionem imaginum pertinentium ad inquisitionem commercii sexualis in Jeffrey Epstein praedicunt magnum in Domo vincere hac septimana cum ""diluvio Republicanorum"" suffragium pro sua rogatione et GOP ducibus et Praesidis...",2025-11-27 06:45:42+00:00
4f50744782c544e801545d4eb6868b3c,2025-11-17T00:18:02Z,'deluge',www.bostonherald.com,en,0.0,Epstein vote looms over House,"Lawmakers seeking to force the release of files related to the sex trafficking investigation into Jeffrey Epstein are predicting a big win in the House this week with a ""deluge of Republicans"" voting for their bill and bucking the GOP leadership and President…",https://www.bostonherald.com/2025/11/16/epstein-vote-looms-over-house/,https://www.bostonherald.com/wp-content/uploads/2025/10/US-NEWS-MAXWELL-ZUM.jpg?w=1024&h=1125,,WASHINGTON Lawmakers seeking to force the release of files related to the sex trafficking investigation into Jeffrey Epstein are predicting a big win in the House this week with a “deluge of Republic… [+3895 chars],,"Epstein-Abstimmung steht im Repräsentantenhaus bevor. Gesetzgeber, die die Veröffentlichung von Akten im Zusammenhang mit der Untersuchung des Sexhandels gegen Jeffrey Epstein erzwingen wollen, prognostizieren diese Woche einen großen Sieg im Repräsentantenhaus, da eine „Flut von Republikanern“ für ihren Gesetzentwurf stimmen und sich gegen die GOP-Führung und den Präsidenten wehren wird.","Epstein vote looms over House. Lawmakers seeking to force the release of files related to the sex trafficking investigation into Jeffrey Epstein are predicting a big win in the House this week with a ""deluge of Republicans"" voting for their bill and bucking the GOP leadership and President…","Voto Epifanio imminet Domus. Legumlatorum quaerentes cogere emissionem imaginum relatarum ad inquisitionem mercaturam sexualem in Jeffrey Epstein praedicunt magnum in Domo vincere hac septimana cum ""diluvium Republicanorum"" suffragium pro sua rogatione et GOP ducibus et Praesidis...",2025-11-27 06:45:42+00:00
c8549adadc8c4abaa02f5bb70c475bc8,2025-11-18T19:12:31Z,'deluge',www.roadtovr.com,en,0.0,Steam Frame ‘Ergonomic Kit’ and Modular Design Enables a Wide Range of Comfort Options,"Last week Valve revealed Steam Frame, the company’s new VR headset. Somewhat lost in the deluge of information is the existence of an ‘ergonomic kit’ which will improve comfort with the addition of a top strap and knuckles-style controller straps. Additionall…",https://www.roadtovr.com/steam-frame-ergonomic-kit-and-modular-design-enables-a-wide-range-of-comfort-options/,https://roadtovrlive-5ea0.kxcdn.com/wp-content/uploads/2025/11/steam-frame-hands-on-7.jpg,,"Last week Valve revealed Steam Frame, the company’s new VR headset. Somewhat lost in the deluge of information is the existence of an ‘ergonomic kit’ which will improve comfort with the addition of a… [+4862 chars]",,"Das „ergonomische Kit“ und das modulare Design des Steam Frame ermöglichen eine breite Palette an Komfortoptionen. Letzte Woche stellte Valve Steam Frame vor, das neue VR-Headset des Unternehmens. In der Flut an Informationen geht etwas verloren, dass es ein „ergonomisches Kit“ gibt, das den Komfort durch die Hinzufügung eines oberen Riemens und Controller-Riemen im Knöchelstil verbessert. Zusätzlich…","Steam Frame ‘Ergonomic Kit’ and Modular Design Enables a Wide Range of Comfort Options. Last week Valve revealed Steam Frame, the company’s new VR headset. Somewhat lost in the deluge of information is the existence of an ‘ergonomic kit’ which will improve comfort with the addition of a top strap and knuckles-style controller straps. Additionall…","Steam Frame 'Ergonomie Kit' et Modular Design Enables amplitudinem Optionum consolationis. Ultima septimana Valve Steam Frame revelavit, societatis VR headset novi. Aliquantum in diluvio notitiarum amissa est exsistentia 'ornamentorum eronomicorum' quae solacium emendabunt cum additione lorum topiorum et iunci lorum moderatoris. Additionall…",2025-11-27 06:45:42+00:00
3014a67aef7b5fc3f36850a2f503382b,2025-11-20T16:37:32Z,'deluge',metalinjection.net,en,0.0,ACID BATH To Headline Milwaukee Metal Festival 2026,"This is turning into a deluge, isn't it?
The post ACID BATH To Headline Milwaukee Metal Festival 2026 appeared first on Metal Injection.",https://metalinjection.net/tour-dates/acid-bath-to-headline-milwaukee-metal-festival-2026,https://cdn-p.smehost.net/sites/7f9737f2506941499994d771a29ad47a/wp-content/uploads/2025/08/Acid-Bath_02849-copy.jpg,,"Milwaukee Metal Festival 2026 just got a whole lot heavier thanks to the inclusion of the recently-reunited Acid Bath! Milwaukee Metal Festival 2026 will now take place June 5 through 7, 2026, with t… [+1789 chars]",,"ACID BATH werden Headliner beim Milwaukee Metal Festival 2026. Das wird bald zu einer Sintflut, nicht wahr?
Der Beitrag ACID BATH als Headliner beim Milwaukee Metal Festival 2026 erschien zuerst auf Metal Injection.","ACID BATH To Headline Milwaukee Metal Festival 2026. This is turning into a deluge, isn't it?
The post ACID BATH To Headline Milwaukee Metal Festival 2026 appeared first on Metal Injection.","ACID BATH Ad Headline Milwaukee Metal Festivitas 2026. Hoc in diluvium versatur, annon?
Post ACID BATH Ad Headline Milwaukee Metal Festivitas 2026 apparuit primum in Injectione Metalli.",2025-11-27 06:45:42+00:00
b0aae4dbf617a2f6060ca142dee4c85c,2025-11-26T00:50:02Z,'deluge',www.memeorandum.com,en,0.0,Texas adds to redistricting war deluge at Supreme Court (Zach Schonfeld/The Hill),"Zach Schonfeld / The Hill:
Texas adds to redistricting war deluge at Supreme Court  —  Redistricting wars are inundating the Supreme Court.  —  A decision could come as soon as this week on Texas's bid to revive its GOP-friendly congressional map that set off…",https://www.memeorandum.com/251125/p126,https://thehill.com/wp-content/uploads/sites/2/2025/11/SCOTUS_Schonfeld_Getty-Bloomberg_EliHartman.jpg?w=1280,,"memeorandum is an auto-generated summary of the stories that US political commentators are discussing online right now.
Unlike sister sites Techmeme and Mediagazer, it is not a human-edited news out… [+72 chars]",,"Texas trägt zur Neuverteilung der Kriegsflut am Obersten Gerichtshof bei (Zach Schonfeld/The Hill). Zach Schonfeld / The Hill:
Texas trägt zur Neuverteilung der Kriegsflut am Obersten Gerichtshof bei – Der Oberste Gerichtshof wird von Neuverteilungskriegen überschwemmt.  —  Eine Entscheidung über den Versuch von Texas, seine GOP-freundliche Kongresskarte wiederzubeleben, könnte bereits in dieser Woche fallen, was den Anfang machte …","Texas adds to redistricting war deluge at Supreme Court (Zach Schonfeld/The Hill). Zach Schonfeld / The Hill:
Texas adds to redistricting war deluge at Supreme Court  —  Redistricting wars are inundating the Supreme Court.  —  A decision could come as soon as this week on Texas's bid to revive its GOP-friendly congressional map that set off…","Texas addit ad diluvium belli redistrictum apud Summum Curiam (Zach Schonfeld/The Hill). Zach Schonfeld / Collis:
Texas addit ad diluvium belli in suprema Curia  redistrictum –  bella redistricta Supremam Curiam inundant.  —  Consultatio quam primum venire potuit hac septimana in Texas iussu suo GOP-amicae Concilii tabulam renovandam, quae proficiscebatur...",2025-11-27 06:45:42+00:00
eccc1293a2ee287b2ee019db42663259,2025-11-25T10:28:29Z,'floods',www.technologyreview.com,en,0.0,Aligning VMware migration with business continuity,"For decades, business continuity planning meant preparing for anomalous events like hurricanes, floods, tornadoes, or regional power outages. In anticipation of these rare disasters, IT teams built playbooks, ran annual tests, crossed their fingers, and hoped…",https://www.technologyreview.com/2025/11/25/1128173/aligning-vmware-migration-with-business-continuity/,"https://wp.technologyreview.com/wp-content/uploads/2025/11/Presidio-Landing-Page-Card.png?resize=1200,600",,"Mark Vaughn, senior director of the virtualization practice at Presidio, has witnessed the trend firsthand. When I speak at conferences, Ill ask the room, How many people have been impacted? For disa… [+663 chars]",,"Ausrichtung der VMware-Migration an der Geschäftskontinuität. Jahrzehntelang bedeutete die Planung der Geschäftskontinuität, sich auf ungewöhnliche Ereignisse wie Hurrikane, Überschwemmungen, Tornados oder regionale Stromausfälle vorzubereiten. Im Vorgriff auf diese seltenen Katastrophen erstellten IT-Teams Spielbücher, führten jährliche Tests durch, drückten die Daumen und hofften …","Aligning VMware migration with business continuity. For decades, business continuity planning meant preparing for anomalous events like hurricanes, floods, tornadoes, or regional power outages. In anticipation of these rare disasters, IT teams built playbooks, ran annual tests, crossed their fingers, and hoped…","Migratio VMware cum continuatione negotii. Decenniis, negotium continuitatis consilium significabat praeparare eventus anomalos sicut procellae, inundationes, tornadoes, vel regionales potentiae outages. In antecessum harum rararum calamitatum, IT teams playbooks fabricata, annuos probationes cucurrit, digitos traiecit, speravit…",2025-11-27 13:00:39+00:00
e7da0ff679512792a7c2b3f14a97711f,2025-11-25T12:00:28Z,'flooding',www.gov.uk,en,0.8,Essential Somerset reservoirs upgraded to prevent flooding,The Environment Agency has made major maintenance upgrades to three flood storage reservoirs across the Somerset Levels and Moors.,https://www.gov.uk/government/news/essential-somerset-reservoirs-upgraded-to-prevent-flooding,https://www.gov.uk/assets/frontend/govuk-opengraph-image-4196a4d6333cf92aaf720047f56cfd91b3532d7635fc21ebcf0d5897df6b5f77.png,http://web.archive.org/web/20251125152559/https://www.gov.uk/government/news/essential-somerset-reservoirs-upgraded-to-prevent-flooding,"The Environment Agency has announced the completion of major maintenance investments to essential flood storage areas across the Somerset Levels and Moors, as part of a £90 million capital investment… [+6689 chars]",,"Wichtige Stauseen in Somerset wurden modernisiert, um Überschwemmungen zu verhindern. Die Umweltbehörde hat umfangreiche Wartungsarbeiten an drei Hochwasserspeichern in den Somerset Levels und Moors durchgeführt.",Essential Somerset reservoirs upgraded to prevent flooding. The Environment Agency has made major maintenance upgrades to three flood storage reservoirs across the Somerset Levels and Moors.,Essentiales Somersetti piscinae upgraded ad inundationem praeveniendam. Procuratio environment maioris sustentationem upgrades ad tres inundationes receptacularum per gradus Somersetti et Mauri fecit.,2025-11-27 13:00:39+00:00
042a50fd37729003f06b5380319cf625,2025-11-25T08:18:00Z,'floods',www.thestar.com.my,en,0.9,Flash flood forces over 160 SPM candidates in Kedah to be moved to another exam centre,PETALING JAYA: The Kedah Education Department transferred more than 160 students taking their Sijil Pelajaran Malaysia (SPM) exams to two alternative centres after sudden flash floods hit SMK Jitra. Read full story,https://www.thestar.com.my/news/nation/2025/11/25/flash-flood-forces-over-160-spm-candidates-in-kedah-to-be-moved-to-another-exam-centre,https://apicms.thestar.com.my/uploads/images/2025/11/25/3639522.JPG,,"PETALING JAYA: The Kedah Education Department transferred more than 160 students taking their Sijil Pelajaran Malaysia (SPM) exams to two alternative centres after sudden flash floods hit SMK Jitra.
… [+1408 chars]",,"Sturzflut zwingt über 160 SPM-Kandidaten in Kedah zur Verlegung in ein anderes Prüfungszentrum. PETALING JAYA: Die Bildungsabteilung von Kedah verlegte mehr als 160 Schüler, die ihre Sijil Pelajaran Malaysia (SPM)-Prüfungen ablegten, in zwei alternative Zentren, nachdem SMK Jitra von plötzlichen Sturzfluten heimgesucht wurde. Lesen Sie die ganze Geschichte",Flash flood forces over 160 SPM candidates in Kedah to be moved to another exam centre. PETALING JAYA: The Kedah Education Department transferred more than 160 students taking their Sijil Pelajaran Malaysia (SPM) exams to two alternative centres after sudden flash floods hit SMK Jitra. Read full story,"Copiae diluvii Flash super 160 SPM candidati in Kedah movendi sunt ad aliud centrum exem. PETALING JAYA: In Department Kedah Educationis plus quam 160 discipuli transtulerunt suas Sijil Pelajaran Malaysia (SPM) probationes ad duo centra, postquam subitae diluvii inundationes SMK Jitra percusserunt. Read full story",2025-11-27 13:00:39+00:00
bbb6808e9b2474690a1279298f7f0751,2025-11-25T08:30:00Z,'floods',www.thestar.com.my,en,0.9,"Floods: Number of evacuees in Perak rises to 3,121","IPOH: The number of victims affected by floods in Perak continues to increase, now with 3,121 people relocated to temporary relief centres. Read full story",https://www.thestar.com.my/news/nation/2025/11/25/floods-number-of-evacuees-in-perak-rises-to-3121,https://apicms.thestar.com.my/uploads/images/2025/11/25/3639544.JPG,,"IPOH: The number of victims affected by floods in Perak continues to increase, now with 3,121 people relocated to temporary relief centres.
A state disaster management committee spokesman said 991 f… [+96 chars]",,"Überschwemmungen: Zahl der Evakuierten in Perak steigt auf 3.121. IPOH: Die Zahl der Opfer der Überschwemmungen in Perak nimmt weiter zu, mittlerweile wurden 3.121 Menschen in provisorische Hilfszentren umgesiedelt. Lesen Sie die ganze Geschichte","Floods: Number of evacuees in Perak rises to 3,121. IPOH: The number of victims affected by floods in Perak continues to increase, now with 3,121 people relocated to temporary relief centres. Read full story","Inundationes: Numerus evacuorum in Perak oritur ad 3,121. IPOH: Numerus victimarum inundationibus in Perak affectis crescere pergit, nunc cum 3,121 homines ad centra subsidia temporalia collocaverunt. Read full story",2025-11-27 13:00:39+00:00
281df37a951afb745b67297e0036eedf,2025-11-25T08:53:48Z,'flooding',www.jpost.com,en,0.9,Floods sweep Israel: Dozens rescued across country as torrents collapse section of security fence,"The water was over a meter high in places, according to the Israel Fire and Rescue Authority. Amid reports of severe nationwide flooding due to heavy...",https://www.jpost.com/israel-news/article-875104,https://media.zenfs.com/en/jerusalem_post_articles_818/6770e616f17e7eba2741afdccdd23aec,,"The water was over a meter high in places, according to the Israel Fire and Rescue Authority.
Amid reports of severe nationwide flooding due to heavy rainfall overnight into Tuesday morning, first r… [+1371 chars]",,"Überschwemmungen erschüttern Israel: Dutzende werden im ganzen Land gerettet, als Sturzbäche einen Teil des Sicherheitszauns zum Einsturz bringen. Nach Angaben der israelischen Feuer- und Rettungsbehörde stand das Wasser stellenweise über einen Meter hoch. Inmitten von Berichten über schwere landesweite Überschwemmungen aufgrund schwerer ...","Floods sweep Israel: Dozens rescued across country as torrents collapse section of security fence. The water was over a meter high in places, according to the Israel Fire and Rescue Authority. Amid reports of severe nationwide flooding due to heavy...","Flumina Israel everrunt: Dozens per patriam servatus est sicut torrentes sectionem securitatis saepe cadunt. Aqua super metris alta in locis, secundum Ignis Israel, et erue auctoritati. Inter rumores nationum inundationes graves ex gravibus ...",2025-11-27 13:00:39+00:00
61a5c4821e2f4dd974a165a0f38d9803,2025-11-25T09:58:58Z,'flooding house',www.insurancejournal.com,en,0.9,Deadly Floods Hit Southeast Asia as More Rain Forecast,"Heavy rainfall has unleashed deadly floods across Southeast Asia, damaging crops and stranding tourists, with more downpours expected into early next week. Flooding in southern Thailand has killed at least 13 people and swamped around 800,000 households and r…",https://www.insurancejournal.com/news/international/2025/11/25/848994.htm,https://www.insurancejournal.com/app/uploads/2025/11/flood-waters-in-thailand-getty-scaled.jpg,,"Heavy rainfall has unleashed deadly floods across Southeast Asia, damaging crops and stranding tourists, with more downpours expected into early next week.
Flooding in southern Thailand has killed a… [+2566 chars]",,"Tödliche Überschwemmungen treffen Südostasien, da mehr Regen vorhergesagt wird. Heftige Regenfälle haben in ganz Südostasien tödliche Überschwemmungen ausgelöst, Ernten beschädigt und Touristen gestrandet. Anfang nächster Woche werden weitere Regenfälle erwartet. Bei Überschwemmungen im Süden Thailands sind mindestens 13 Menschen ums Leben gekommen und rund 800.000 Haushalte und Siedlungen wurden überschwemmt.","Deadly Floods Hit Southeast Asia as More Rain Forecast. Heavy rainfall has unleashed deadly floods across Southeast Asia, damaging crops and stranding tourists, with more downpours expected into early next week. Flooding in southern Thailand has killed at least 13 people and swamped around 800,000 households and r…","Inundationes Letiferae Hit Southeast Asia ut Serena Magis. Imbribus gravibus inundationes funestae trans Asiam Australem invehitur, segetes laedentes et peregrinatores destituentes, cum magis imbres in mane proxima septimana exspectantur. Inundatio meridionali Thailandia occidit saltem XIII populus et circum 800.000 familiarum et r... reflatus.",2025-11-27 13:00:39+00:00
d2db3f15fd907ae3f4192380e30cac72,2025-11-25T10:07:00Z,'floods',www.thestar.com.my,en,0.9,SPM written exams proceed nationwide despite flood disruptions,"KUALA LUMPUR: The 2025 Sijil Pelajaran Malaysia (SPM) written examination commenced nationwide on Tuesday (Nov 25) as scheduled, even in eight states currently affected by floods, following preparedness measures implemented by the Education Ministry, includin…",https://www.thestar.com.my/news/nation/2025/11/25/spm-written-exams-proceed-nationwide-despite-flood-disruptions,https://apicms.thestar.com.my/uploads/images/2025/11/25/3639767.JPG,,"KUALA LUMPUR: The 2025 Sijil Pelajaran Malaysia (SPM) written examination commenced nationwide on Tuesday (Nov 25) as scheduled, even in eight states currently affected by floods, following preparedn… [+3468 chars]",,"Die schriftlichen SPM-Prüfungen finden trotz Überschwemmungen landesweit statt. KUALA LUMPUR: Die schriftliche Prüfung für Sijil Pelajaran Malaysia (SPM) 2025 begann landesweit wie geplant am Dienstag (25. November), selbst in acht derzeit von Überschwemmungen betroffenen Bundesstaaten, nachdem vom Bildungsministerium Maßnahmen zur Vorbereitung ergriffen wurden, darunter…","SPM written exams proceed nationwide despite flood disruptions. KUALA LUMPUR: The 2025 Sijil Pelajaran Malaysia (SPM) written examination commenced nationwide on Tuesday (Nov 25) as scheduled, even in eight states currently affected by floods, following preparedness measures implemented by the Education Ministry, includin…","SPM scriptae probationes procedunt nationes obstante distractiones diluvii. KUALA LUMPUR: De 2025 Sijil Pelajaran Malaysia (SPM) Examen scriptum nationale die Martis (25 Nov.) sicut horarium est, etiam in octo statibus inundationibus nunc affectis, sequentes mensuras praeparationis ab Ministerio Educationis includin effectas…",2025-11-27 13:00:39+00:00
8f8e1cfdbacf8dd02c40f4cefbc5fa61,2025-11-25T11:12:00Z,'floods',www.thestar.com.my,en,0.9,Hatyai flood: 310 Malaysians rescued by Sg Petani volunteer fire team in 'lightning trip',ALOR SETAR: The SOS mission resembled a lightning raid as 310 Malaysians stranded by floods in Hatyai were evacuated from the half-submerged town with the help of a Malaysian volunteer fire and rescue team on Tuesday (Nov 25) afternoon. Read full story,https://www.thestar.com.my/news/nation/2025/11/25/hatyai-flood-310-malaysians-rescued-by-sg-petani-volunteer-fire-team-in-039lightning-trip039,https://apicms.thestar.com.my/uploads/images/2025/11/25/3639878.jpg,,ALOR SETAR: The SOS mission resembled a lightning raid as 310 Malaysians stranded by floods in Hatyai were evacuated from the half-submerged town with the help of a Malaysian volunteer fire and rescu… [+1442 chars],,"Überschwemmung in Hatyai: 310 Malaysier wurden von der freiwilligen Feuerwehr Sg. Petani bei einem „Blitzausflug“ gerettet. ALOR SETAR: Die SOS-Mission glich einem Blitzangriff, als am Dienstagnachmittag (25. November) 310 durch Überschwemmungen in Hatyai gestrandete Malaysier mit Hilfe eines freiwilligen malaysischen Feuerwehr- und Rettungsteams aus der halb überfluteten Stadt evakuiert wurden. Lesen Sie die ganze Geschichte",Hatyai flood: 310 Malaysians rescued by Sg Petani volunteer fire team in 'lightning trip'. ALOR SETAR: The SOS mission resembled a lightning raid as 310 Malaysians stranded by floods in Hatyai were evacuated from the half-submerged town with the help of a Malaysian volunteer fire and rescue team on Tuesday (Nov 25) afternoon. Read full story,Hatyai diluvium: 310 Malaysians ereptus Sg Petani voluntarius ignis quadrigis in 'iter fulgur'. ALOR SETAR: Missio SOS in similitudinem fulguris diffusa cum 310 Malaysians diluviis in Hatyai demersa e media urbe demersa ope Malaysian ignis voluntarii adiuvante et quadrigae post meridiem die Martis (Nov. 25) liberandae sunt. Read full story,2025-11-27 13:00:39+00:00
718127a5a0cf4b1d6627a9ffddf792d3,2025-11-25T14:27:07Z,'flooding',www.haaretz.com,en,0.9,'Gaza is drowning in blood and rainwater': Heavy rain risks Palestinians with disease,"Gaza is seeing widespread flooding for the third consecutive winter, as rains exacerbate the plight of displaced residents. Floods have ravaged refugee camps, destroying belongings and rendering medical facilities inoperable. 'The cold is killing the children…",https://www.haaretz.com/gaza/2025-11-25/ty-article/.premium/gaza-is-drowning-in-blood-and-rainwater-heavy-rain-risks-palestinians-with-disease/0000019a-bb20-db2f-afdf-bf38e0e40000,"https://img.haarets.co.il/bs/0000019a-bb20-db2f-afdf-bf38e0e40000/92/a4/8b8cac094efba542abc893af24c0/910434.jpg?precrop=2400,1395,x0,y16&width=1200&height=630&cmsprod",,"Gaza is seeing widespread flooding for the third consecutive winter, as rains exacerbate the plight of displaced residents. Floods have ravaged refugee camps, destroying belongings and rendering medi… [+79 chars]",,"„Gaza ertrinkt in Blut und Regenwasser“: Starker Regen gefährdet Palästinenser mit Krankheiten. Im dritten Winter in Folge kommt es in Gaza zu großflächigen Überschwemmungen, da Regenfälle die Notlage der vertriebenen Bewohner verschärfen. Überschwemmungen haben Flüchtlingslager verwüstet, Habseligkeiten zerstört und medizinische Einrichtungen außer Betrieb gesetzt. „Die Kälte bringt die Kinder um …“","'Gaza is drowning in blood and rainwater': Heavy rain risks Palestinians with disease. Gaza is seeing widespread flooding for the third consecutive winter, as rains exacerbate the plight of displaced residents. Floods have ravaged refugee camps, destroying belongings and rendering medical facilities inoperable. 'The cold is killing the children…","'Gaza in sanguine et aqua pluviali submergitur': Imber gravis morbo Palaestinorum periclitatur. Gaza tertiam hiemem consecutivam inundationem latissime vidit, ut pluviae condicionem incolarum luxatorum exacerbarent. Inundationes castra profugos depopulati sunt, res destruentes et facultates medicas inexsolubiles reddendo. 'Frigus filios necat.",2025-11-27 13:00:39+00:00
d2cf05aa5c721c7f1abb766b223526c9,2025-11-25T14:27:40Z,'flooding',www.channelnewsasia.com,en,0.9,Floods swamp homeless Palestinians' tents in Gaza as winter looms,"GAZA: Heavy rain caused flooding in the Gaza Strip on Tuesday (Nov 25), swamping the tents of thousands of homeless Palestinians facing the prospect of harsh winter storms without sturdy shelter",https://www.channelnewsasia.com/world/gaza-floods-swamp-homeless-palestinians-tents-winter-looms-rain-5489576,"https://dam.mediacorp.sg/image/upload/s--zScIje6O--/c_crop,h_449,w_799,x_1,y_1/c_fill,g_auto,h_676,w_1200/fl_relative,g_south_east,l_mediacorp:cna:watermark:2024-04:reuters_1,w_0.1/f_auto,q_auto/v1/one-cms/core/2025-11-25T141231Z_1_LYNXMPELAO0R9_RTROPTP_3_ISRAEL-PALESTINIANS-GAZA.JPG?itok=gWuDARFg",,"GAZA: Heavy rain caused flooding in the Gaza Strip on Tuesday (Nov 25), swamping the tents of thousands of homeless Palestinians facing the prospect of harsh winter storms without sturdy shelter.
Th… [+2016 chars]",,"Überschwemmungen überschwemmen die Zelte obdachloser Palästinenser in Gaza, während der Winter naht. GAZA: Heftige Regenfälle verursachten am Dienstag (25. November) Überschwemmungen im Gazastreifen und überschwemmten die Zelte Tausender obdachloser Palästinenser, denen schwere Winterstürme ohne stabile Unterkünfte drohten","Floods swamp homeless Palestinians' tents in Gaza as winter looms. GAZA: Heavy rain caused flooding in the Gaza Strip on Tuesday (Nov 25), swamping the tents of thousands of homeless Palestinians facing the prospect of harsh winter storms without sturdy shelter","Flumina in Gaza palude profugos Palaestinorum tentoria hiemant. GAZA: Imbrem gravem inundationem in Gazam spoliavit die Martis (25 Nov.), in tentoria mille Palaestinorum profugo natans, contra prospectum hiemis asperis tempestatibus sine valido receptaculo.",2025-11-27 13:00:39+00:00
91b939b44f8b9fe58ab6b901c495f8ad,2025-11-25T15:39:00Z,'floods',www.channelnewsasia.com,en,0.9,'A hero': Singaporean thanks Thai man who rescued missing father from Hat Yai floods,"CNA spoke to the family members of some Singaporeans stranded in Hat Yai, some of whom have not eaten for nearly two days.",https://www.channelnewsasia.com/singapore/thailand-hat-yai-flood-singaporeans-stranded-5489356,"https://dam.mediacorp.sg/image/upload/s--B2XFNjKA--/c_crop,h_1687,w_3000,x_0,y_313/c_fill,g_auto,h_676,w_1200/fl_relative,g_south_east,l_mediacorp:cna:watermark:2024-04:reuters_1,w_0.1/f_auto,q_auto/v1/mediacorp/cna/image/2025/11/25/hat_yai_flood_2.jpg?itok=GPF8mPQF",http://web.archive.org/web/20251126030255/https://www.channelnewsasia.com/singapore/thailand-hat-yai-flood-singaporeans-stranded-5489356,"The elder Toh later told his family that he had been rescued by a Thai man named Viriya, who let him stay with his family that night.
As a family, they welcomed my dad, making sure he had food and a… [+2283 chars]",,"„Ein Held“: Singapurer dankt Thailänder, der seinen vermissten Vater aus den Überschwemmungen in Hat Yai gerettet hat. CNA sprach mit den Familienangehörigen einiger in Hat Yai gestrandeter Singapurer, von denen einige seit fast zwei Tagen nichts gegessen haben.","'A hero': Singaporean thanks Thai man who rescued missing father from Hat Yai floods. CNA spoke to the family members of some Singaporeans stranded in Hat Yai, some of whom have not eaten for nearly two days.","'Hero': Singaporean gratias Thai homini qui patrem absentis ab Hat Yai inundationibus eripuit. CNA locutus est ad familiares nonnullorum Singaporeorum in Hat Yai destitutus, quorum aliqui per duos fere dies non comederunt.",2025-11-27 13:00:39+00:00
82ed7c5aecc320696f3599e935863659,2025-11-16T18:33:10Z,'deluge',biztoc.com,en,0.0,Republican who’s been trying to get his party to release Epstein files predicts ‘deluge’ of votes from his party this week,Lawmakers seeking to force the release of files related to the sex trafficking investigation into Jeffrey Epstein are predicting a big win in the House this week with a “deluge of Republicans” voting for their bill and bucking the GOP leadership and President…,https://biztoc.com/x/9cd7fd81c76c551c,https://biztoc.com/cdn/9cd7fd81c76c551c_s.webp,,Lawmakers seeking to force the release of files related to the sex trafficking investigation into Jeffrey Epstein are predicting a big win in the House this week with a deluge of Republicans voting f… [+144 chars],,"Der Republikaner, der versucht hat, seine Partei zur Veröffentlichung der Epstein-Akten zu bewegen, prognostiziert für diese Woche eine „Stimmenflut“ seiner Partei. Gesetzgeber, die die Veröffentlichung von Akten im Zusammenhang mit der Untersuchung des Sexhandels gegen Jeffrey Epstein erzwingen wollen, prognostizieren diese Woche einen großen Sieg im Repräsentantenhaus, da eine „Flut von Republikanern“ für ihren Gesetzentwurf stimmen und sich gegen die GOP-Führung und den Präsidenten wehren wird …",Republican who’s been trying to get his party to release Epstein files predicts ‘deluge’ of votes from his party this week. Lawmakers seeking to force the release of files related to the sex trafficking investigation into Jeffrey Epstein are predicting a big win in the House this week with a “deluge of Republicans” voting for their bill and bucking the GOP leadership and President…,"Republican qui factioni suae studebat ut Epstein files dimittere praediceret ""diluvium suffragiorum e factione sua hac septimana"". Legumlatorum quaerentes cogere emissionem imaginum pertinentium ad inquisitionem commercii sexualis in Jeffrey Epstein praedicunt magnum in Domo vincere hac septimana cum ""diluvio Republicanorum"" suffragium pro sua rogatione et GOP ducibus et Praesidis...",2025-11-27 18:39:28+00:00
ae0426859acd44b98f385aa168c43697,2025-11-22T01:07:20Z,'deluge',www.bbc.com,en,0.0,How can you tell if your new favourite artist is a real person?,"As AI-generated music floods streaming platforms, questions bubble over whether listeners are owed more transparency.",https://www.bbc.com/news/articles/c5ylzjj5wzwo,https://ichef.bbci.co.uk/news/1024/branded_news/05d8/live/7d040560-c6d3-11f0-a892-01d657345866.jpg,,"Mark Savage,Music correspondent
There's a new song doing the rounds, and in the immortal words of Kylie Minogue, you just can't get it out of your head.
But what if it was created by a robot, or th… [+9398 chars]",,"Wie können Sie feststellen, ob Ihr neuer Lieblingskünstler eine echte Person ist? Während KI-generierte Musik Streaming-Plattformen überschwemmt, brodelt die Frage, ob den Hörern mehr Transparenz zusteht.","How can you tell if your new favourite artist is a real person?. As AI-generated music floods streaming platforms, questions bubble over whether listeners are owed more transparency.","Quomodo dicere potes si artifex novus ventus tuus verus homo est? Sicut AI-generatae musicae inundationes rostra profusas, quaestiones emittunt an auditores magis perspicuitati debiti sint.",2025-11-27 18:39:28+00:00
066f6a367a9b94eb6951f257edc079e1,2025-11-20T15:20:11Z,'flooding',www.aljazeera.com,en,0.9,Video shows the moment a bridge is swept away by floodwaters in Vietnam,"A surge of flooding is overwhelming parts of south-central Vietnam, with a bridge connecting two villages falling apart.",https://www.aljazeera.com/video/newsfeed/2025/11/20/video-shows-the-moment-a-bridge-is-swept-away-by-floodwaters-in-vietnam,https://www.aljazeera.com/wp-content/uploads/2025/11/image-1763651998.jpg?resize=1920%2C1080&quality=80,,"NewsFeed
A surge of flooding is overwhelming parts of south-central Vietnam, with a bridge connecting two villages falling apart from the pressure of the deluge. Officials say at least 16 people hav… [+65 chars]",,"Das Video zeigt den Moment, in dem eine Brücke in Vietnam vom Hochwasser weggeschwemmt wird. Eine Flutwelle überschwemmt Teile Süd-Zentral-Vietnams, eine Brücke, die zwei Dörfer verbindet, stürzt auseinander.","Video shows the moment a bridge is swept away by floodwaters in Vietnam. A surge of flooding is overwhelming parts of south-central Vietnam, with a bridge connecting two villages falling apart.","Video ostendit momentum pontis diluviis in Vietnam rapitur. Saltus inundationis partes Vietnam mediae meridionalis opprimit, cum ponte duobus villis discedentibus coniungitur.",2025-11-27 18:39:28+00:00
dc48df1a440c9b053624dd699ca6228c,2025-11-25T14:50:00Z,'flooding',www.dw.com,en,0.1,Is Africa's solar power revolution finally happening?,"Chinese solar equipment has been flooding African markets, partly as a ripple effect of the US-China trade war. It's one of several factors helping the continent gain traction with electrification.",https://www.dw.com/en/is-africas-solar-power-revolution-finally-happening/a-74795571,https://static.dw.com/image/71850791_6.jpg,,"An abundance of sunlight, economies craving reliable power supplies, and a technology becoming massively cheap: Solar energy is widely recognized as an excellent solution for Africa.
According to 20… [+7356 chars]",,"Findet Afrikas Solarenergierevolution endlich statt? Chinesische Solaranlagen überschwemmen afrikanische Märkte, teilweise als Folge des Handelskrieges zwischen den USA und China. Dies ist einer von mehreren Faktoren, die dazu beitragen, dass der Kontinent bei der Elektrifizierung an Fahrt gewinnt.","Is Africa's solar power revolution finally happening?. Chinese solar equipment has been flooding African markets, partly as a ripple effect of the US-China trade war. It's one of several factors helping the continent gain traction with electrification.","Estne Africae potentiae solaris tandem revolutionis factae? Sinenses solaris instrumenti mercatus Africae inundantes fuerunt, partim ut laniatus effectus belli commercii US-Sinae. Unus ex pluribus causis continentem tractionem cum electrificatione adiuvat.",2025-11-28 12:58:49+00:00
dc9cd9af5bdd0b5d8e66aaf0b1b4218a,2025-11-04T10:20:51Z,'floods',www.project-syndicate.org,en,0.4,Can the Developing World Weather the Next Financial Crisis?,"As asset prices soar and speculative money floods into risky markets, the global financial system is slipping back into perilous territory. When the inevitable correction arrives, the fallout will spread far beyond the United States and Europe, hitting develo…",https://www.project-syndicate.org/commentary/developing-countries-could-be-hit-hardest-by-future-financial-crisis-by-jayati-ghosh-2025-11,https://webapi.project-syndicate.org/library/ea613280c1cde9b414bb0da620c484c7.2-1-super.1.jpg,,"As asset prices soar and speculative money floods into risky markets, the global financial system is slipping back into perilous territory. When the inevitable correction arrives, the fallout will sp… [+5636 chars]",,"Können die Entwicklungsländer die nächste Finanzkrise überstehen? Während die Preise für Vermögenswerte in die Höhe schießen und spekulatives Geld in riskante Märkte strömt, rutscht das globale Finanzsystem wieder in gefährliches Terrain. Wenn die unvermeidliche Korrektur eintritt, werden sich die Folgen weit über die Vereinigten Staaten und Europa hinaus ausbreiten und die Entwicklung treffen.","Can the Developing World Weather the Next Financial Crisis?. As asset prices soar and speculative money floods into risky markets, the global financial system is slipping back into perilous territory. When the inevitable correction arrives, the fallout will spread far beyond the United States and Europe, hitting develo…","Tempestas Mundi progressivus potestne Proximum Crisis Financial?. Cum res pretia evolare et pecunias speculativas in mercatus periculosos influere, ratio nummaria globalis in periculosos fines relabitur. Cum inevitabilis correctio pervenerit, fallout multo ultra Civitates Foederatas et Europam diffundet, feriendo evolvere.",2025-11-28 12:58:49+00:00
d319b0f8252075549d45d630a962be65,2025-11-23T00:00:00Z,'floods',www.nature.com,en,0.4,“Vulnerabilities and compound risks of escalating climate disasters in the Brazilian Amazon”,"This study shows how escalating floods, droughts, heatwaves, fires, and landslides in the Amazon create unequal risks for Indigenous and traditional communities, urging climate justice in the world’s largest tropical forest.",https://www.nature.com/articles/s41467-025-66603-0,,,"<li>Malhi, Y. et al. Climate Change, Deforestation, and the Fate of the Amazon. Science (1979)319, 169172 (2008).
Google Scholar 
</li><li>Myers, N., Mittermeler, R. A., Mittermeler, C. G., Da Fons… [+10322 chars]",,"„Schwachstellen und erhöhte Risiken eskalierender Klimakatastrophen im brasilianischen Amazonasgebiet“. Diese Studie zeigt, wie eskalierende Überschwemmungen, Dürren, Hitzewellen, Brände und Erdrutsche im Amazonas ungleiche Risiken für indigene und traditionelle Gemeinschaften mit sich bringen und Klimagerechtigkeit im größten Tropenwald der Welt fordern.","“Vulnerabilities and compound risks of escalating climate disasters in the Brazilian Amazon”. This study shows how escalating floods, droughts, heatwaves, fires, and landslides in the Amazon create unequal risks for Indigenous and traditional communities, urging climate justice in the world’s largest tropical forest.","""Vulnerabilitates et pericula mixta calamitatum climatis in Amazon Brasiliensi evadendi"". Hoc studium ostendit quomodo escalating inundationes, siccitates, aestus, incendia, aestus, incendia et ruinas in Amazonibus inaequalia pericula pro Indigenas et traditionalibus communitatibus creant, hortans iustitiam climatis in silva tropica maxima mundi.",2025-11-29 06:40:45+00:00
0f0d5b5e47b3497b7bfb70b750facf9e,2025-11-26T14:00:00Z,'floods',journals.plos.org,en,0.4,Health SDGs are at risk from climate change: Evidence from India,"Climate change poses significant risks to human health in India, with 80% of the population located in areas highly vulnerable to extreme events, such as cyclones, floods and heatwaves. While India has made progress on several Sustainable Development Goals (S…",https://journals.plos.org/plosone/article?id=10.1371/journal.pone.0335529,https://journals.plos.org/plosone/article/figure/image?id=10.1371/journal.pone.0335529.g003&size=inline,,"Abstract

Climate change poses significant risks to human health in India, with 80% of the population located in areas highly vulnerable to extreme events, such as cyclones, floods and heatwaves. Whi… [+58381 chars]",,"Gesundheitliche SDGs sind durch den Klimawandel gefährdet: Erkenntnisse aus Indien. Der Klimawandel birgt erhebliche Risiken für die menschliche Gesundheit in Indien, da 80 % der Bevölkerung in Gebieten leben, die besonders anfällig für Extremereignisse wie Wirbelstürme, Überschwemmungen und Hitzewellen sind. Während Indien bei mehreren Zielen für nachhaltige Entwicklung Fortschritte gemacht hat (S…","Health SDGs are at risk from climate change: Evidence from India. Climate change poses significant risks to human health in India, with 80% of the population located in areas highly vulnerable to extreme events, such as cyclones, floods and heatwaves. While India has made progress on several Sustainable Development Goals (S…","Salutem SDGs periclitantur ex mutatione climatis: Testimonium ex India. Mutatio climatis significat periculum salutis humanae in India, cum 80% incolarum in locis ad extremos eventus sitos valde vulnerabiles, sicut cyclones, inundationes et aestus. Dum India aliquot progressus fecit in Metas Development Sustainable (S ...",2025-11-29 06:40:45+00:00
e975ca42290670a9f9d5c5a5d8295a47,2025-11-16T04:42:17Z,'flooding',www.sciencedaily.com,en,0.9,Extreme floods are slashing global rice yields faster than expected,"Scientists discovered that a week of full submergence is enough to kill most rice plants, making flooding a far greater threat than previously understood. Intensifying extreme rainfall events may amplify these losses unless vulnerable regions adopt more resil…",https://www.sciencedaily.com/releases/2025/11/251115095918.htm,https://www.sciencedaily.com/images/1920/farmers-harvesting-rice-in-flooded-field.webp,,"Intense flooding has significantly reduced rice harvests around the world in recent decades, putting at risk the food supply of billions of people who rely on the grain as a dietary staple. Between 1… [+4819 chars]",,"Extreme Überschwemmungen lassen die weltweiten Reiserträge schneller sinken als erwartet. Wissenschaftler haben herausgefunden, dass eine Woche völliger Überschwemmung ausreicht, um die meisten Reispflanzen zu töten, was Überschwemmungen zu einer weitaus größeren Bedrohung macht als bisher angenommen. Die Intensivierung extremer Regenfälle kann diese Verluste verstärken, sofern gefährdete Regionen nicht widerstandsfähiger werden.","Extreme floods are slashing global rice yields faster than expected. Scientists discovered that a week of full submergence is enough to kill most rice plants, making flooding a far greater threat than previously understood. Intensifying extreme rainfall events may amplify these losses unless vulnerable regions adopt more resil…","Inundationes extremae caesim globalem oryzae celerius reddit quam expectatur. Scientes invenerunt septimanam submersionis plenae satis esse ad plurimas oryzas plantas necandas, inundationem multo maiorem comminationem quam ante intellexerunt. Auget extremae pluviae eventus haec damna amplificare possunt, nisi regiones vulnerabiles plus resil... capiunt.",2025-11-29 12:55:03+00:00
4885fb3ca87f3b8f76bf3428f4b603c6,2025-11-23T06:27:33Z,'floods',www.bbc.com,en,0.9,Vietnam floods leave at least 90 dead and 12 missing,Days of torrential rain leaves vast swathes of the country inundated and facing landslides.,https://www.bbc.com/news/articles/cwywl8g31g7o,https://ichef.bbci.co.uk/news/1024/branded_news/5b5c/live/f3149780-c82a-11f0-a892-01d657345866.jpg,,"At least 90 people have died and another 12 are missing after days of heavy rain in Vietnam led to flooding and landslides.
The Vietnamese government says 186,000 homes have been damaged across the … [+1491 chars]",,"Bei den Überschwemmungen in Vietnam sind mindestens 90 Menschen ums Leben gekommen und 12 werden vermisst. Tagelang sintflutartige Regenfälle führen dazu, dass weite Teile des Landes überschwemmt werden und von Erdrutschen bedroht sind.",Vietnam floods leave at least 90 dead and 12 missing. Days of torrential rain leaves vast swathes of the country inundated and facing landslides.,Inundationes Vietnamiensis exeunt saltem 90 mortua et 12 desunt. Dies pluviae torrentis inundati vastis swaths rusticorum et proruit e regione.,2025-11-29 12:55:03+00:00
4d31848a95cc8d96528979829f6eda63,2025-11-14T18:22:47Z,'flooding',www.theregister.com,en,0.9,Crims poison 150K+ npm packages with token-farming malware,"Amazon spilled the TEA
Yet another supply chain attack has hit the npm registry in what Amazon describes as ""one of the largest package flooding incidents in open source registry history"" - but with a twist. Instead of injecting credential-stealing code or ra…",https://www.theregister.com/2025/11/14/selfreplicating_supplychain_attack_poisons_150k/,https://regmedia.co.uk/2025/11/14/shutterstock_2141075675.jpg,,"Yet another supply chain attack has hit the npm registry in what Amazon describes as ""one of the largest package flooding incidents in open source registry history"" - but with a twist. Instead of inj… [+3022 chars]",,"Kriminelle vergiften über 150.000 NPM-Pakete mit Token-Farming-Malware. Amazon hat den TEE verschüttet
Ein weiterer Supply-Chain-Angriff hat die NPM-Registrierung getroffen, was Amazon als „einen der größten Paketüberflutungsvorfälle in der Geschichte der Open-Source-Registrierung“ bezeichnet – allerdings mit einer Wendung. Anstatt Zugangsdaten stehlenden Code oder Ra… einzuschleusen","Crims poison 150K+ npm packages with token-farming malware. Amazon spilled the TEA
Yet another supply chain attack has hit the npm registry in what Amazon describes as ""one of the largest package flooding incidents in open source registry history"" - but with a twist. Instead of injecting credential-stealing code or ra…","Crimina venenum 150K+ npm fasciculorum cum signo malware. Amazon effuderit THEA
Sed alia copia catenae oppugnationis in registro npm percussit in quo Amazon describitur ut ""una maximarum sarcinarum inundationum incidentium in aperto fonte subcriptio historico"" - sed torquent. Instead of injiciunt credential-furari code vel ra ...",2025-11-30 03:01:40+00:00
704f6b615d2f7ffec8ba6a44ee3b42c1,2025-11-24T12:25:22Z,'flooding rain',www.aljazeera.com,en,0.9,Severe flooding in Thailand as recovery begins in Vietnam,"Heavy rain has caused severe flooding across southern Thailand, where evacuations have begun in high-risk areas.",https://www.aljazeera.com/video/newsfeed/2025/11/24/severe-flooding-in-thailand-as-recovery-begins-in-vietnam,https://www.aljazeera.com/wp-content/uploads/2025/11/image-1763987029.jpg?resize=1920%2C1080&quality=80,,"NewsFeed
Heavy rain has caused severe flooding across southern Thailand, where parts of the city of Hat Yai are under floodwater and evacuations have begun in high-risk areas. Vietnam has begun clea… [+70 chars]",,"Schwere Überschwemmungen in Thailand, während in Vietnam der Aufschwung beginnt. Heftige Regenfälle haben im Süden Thailands schwere Überschwemmungen verursacht, wo in Hochrisikogebieten mit Evakuierungen begonnen wurde.","Severe flooding in Thailand as recovery begins in Vietnam. Heavy rain has caused severe flooding across southern Thailand, where evacuations have begun in high-risk areas.","Gravis inundatio in Thailandia ut recuperatio incipit in Vietnam. Imber gravis inundationem trans Thailand meridionalem intulit, ubi evacuationes in locis periculosis inceperunt.",2025-11-30 03:01:40+00:00
3852d9ab24def66696715eafe51971a6,2025-11-15T07:24:01Z,'flooding area',www.bbc.com,en,0.9,Floods prompts 'danger to life' warnings and evacuation,"South Wales Fire and Rescue Service has declared a major incident in Monmouth following ""widespread flooding"".",https://www.bbc.com/news/articles/c74jevlv19go,https://ichef.bbci.co.uk/news/1024/branded_news/947b/live/93b26b50-c1f4-11f0-8669-5560f5c90fbe.png,,"South Wales Fire and Rescue Service has declared a major incident in Monmouth following ""widespread flooding"" due to Storm Claudia.
Natural Resources Wales has imposed four severe flood warnings in … [+653 chars]",,Überschwemmungen führen zu Warnungen vor Lebensgefahr und Evakuierung. Der Feuerwehr- und Rettungsdienst von Südwales hat nach „großflächigen Überschwemmungen“ einen schweren Zwischenfall in Monmouth gemeldet.,"Floods prompts 'danger to life' warnings and evacuation. South Wales Fire and Rescue Service has declared a major incident in Monmouth following ""widespread flooding"".","flumina suggerit periculum vitae monita et euacuationem. South Wales Fire and Rescue Service declaravit maiorem incidentiam in Monemutensi sequenti ""diversam inundationem"".",2025-11-30 06:42:35+00:00
25ed23ea8ee0c26572ec7e4ae5801e05,2025-11-16T14:00:00Z,'flooding health',19thnews.org,en,0.9,The birth of the climate doula,"In Florida, a new pilot program teaches doulas how to prepare pregnant people for hurricanes, flooding, and extreme heat — addressing a growing climate and maternal health crisis.",https://19thnews.org/2025/10/doulas-climate-disaster-education-pregnant-people/,https://grist.org/wp-content/uploads/2025/11/Motherandbaby.jpg?quality=75&strip=all,,"This story was originally reported by Jessica Kutz of The 19th.
In the days leading up to Hurricane Irmas landfall in September 2017, Esther Louis made preparations to flee Florida with her husband … [+9660 chars]",,"Die Geburt der Klimadoula. In Florida lernen Doulas in einem neuen Pilotprogramm, wie sie schwangere Menschen auf Hurrikane, Überschwemmungen und extreme Hitze vorbereiten können – und so einer wachsenden Klima- und Müttergesundheitskrise begegnen.","The birth of the climate doula. In Florida, a new pilot program teaches doulas how to prepare pregnant people for hurricanes, flooding, and extreme heat — addressing a growing climate and maternal health crisis.","Nativitas climatis doula. In Florida, novus gubernator programma doulas docet quomodo homines gravidas ad procellas, inundationes, et ad calorem maximum praeparandum praeparent, alloquens clima crescens et discriminum valetudinis maternae.",2025-11-30 06:42:35+00:00
ea6c4b351b6bef019a4719fea2d713ff,2025-11-24T04:26:42Z,'flooding area',paultan.org,en,0.9,"Flooding around PLUS Shah Alam toll, avoid the area","Click to enlarge NKVE users and Shah Alam folks, take note. The area around the Shah Alam interchange and Shah Alam toll plaza is experiencing floods, causing lanes to be unusable and backing up traffic. […]
The post Flooding around PLUS Shah Alam toll, avoid…",https://paultan.org/2025/11/24/flooding-around-plus-shah-alam-toll-avoid-the-area/,https://paultan.org/image/2025/11/Shah-Alam-Toll-Flood-Nov24-FB.jpg,,"Click to enlarge
NKVE users and Shah Alam folks, take note. The area around the Shah Alam interchange and Shah Alam toll plaza is experiencing floods, causing lanes to be unusable and backing up tra… [+744 chars]",,"Überschwemmungen rund um PLUS Shah Alam Mautstelle, meiden Sie das Gebiet. Zum Vergrößern anklicken NKVE-Benutzer und Shah-Alam-Leute aufgepasst. In der Gegend um das Autobahnkreuz Shah Alam und die Mautstelle Shah Alam kommt es zu Überschwemmungen, die dazu führen, dass die Fahrspuren unbenutzbar sind und sich der Verkehr staut. […]
Der Beitrag Überschwemmungen rund um Shah Alam, Mautgebühr, vermeiden…","Flooding around PLUS Shah Alam toll, avoid the area. Click to enlarge NKVE users and Shah Alam folks, take note. The area around the Shah Alam interchange and Shah Alam toll plaza is experiencing floods, causing lanes to be unusable and backing up traffic. […]
The post Flooding around PLUS Shah Alam toll, avoid…","Inundatio circa PLUS Shah Alam vectigal, area devita. Click amplificare NKVE utentes et Shah Alam populo, nota. Area circa Shah Alam vicissitudinem et Shah Alam thelonei plaza experitur inundationes, causando vicos inutiles esse et mercaturae patrocinium. […]
Post inundatio circa PLUS Shah Alam toll, devita…",2025-11-30 06:42:35+00:00
471271aa3a8159aa3660664dd757e03a,2025-11-26T07:20:22Z,'floods',www.aljazeera.com,en,0.9,"At least 10 people killed in Indonesia floods, landslides",Rescuers in Sumatra are racing to find survivors after floods and landslides killed at least 10 people.,https://www.aljazeera.com/news/2025/11/26/indonesia-floods-and-landslides-leave-dozens-dead-and-missing,https://www.aljazeera.com/wp-content/uploads/2025/11/000_867U8JJ-1764139474.jpg?resize=1200%2C675,,"Torrential monsoon rains have set off destructive floods and landslides across Indonesias Sumatra island, killing at least 10 people and leaving dozens of others missing, according to local authoriti… [+2399 chars]",,"Mindestens 10 Menschen kamen bei Überschwemmungen und Erdrutschen in Indonesien ums Leben. Retter auf Sumatra sind auf der Suche nach Überlebenden, nachdem bei Überschwemmungen und Erdrutschen mindestens zehn Menschen ums Leben gekommen sind.","At least 10 people killed in Indonesia floods, landslides. Rescuers in Sumatra are racing to find survivors after floods and landslides killed at least 10 people.",Saltem X homines in Indonesia inundationibus proruit. Reservatores in Sumatra currebant ut superstites post diluvia et ruinas invenirent saltem 10 homines occisos.,2025-11-30 06:42:35+00:00
d57c313f1060fc3700aef9eb70ca8ed1,2025-11-26T03:31:59Z,'floods',www.bbc.com,en,0.9,'Once in 300 years' rain hits Thai city as floods ravage Southeast Asia,"The deadly floods have affected 2 million people, the majority of whom are still cut off from help.",https://www.bbc.com/news/articles/ckg97wx144jo,https://ichef.bbci.co.uk/news/1024/branded_news/002a/live/de4fd8f0-ca73-11f0-8dce-cdba4388e3a7.jpg,http://web.archive.org/web/20251126091810/https://www.bbc.com/news/articles/ckg97wx144jo,"Deadly floods in Thailand have affected 2 million people, the majority of whom are cut off and not able to get help
Parts of Thailand are battling record floods, which have killed at least 18 people… [+2904 chars]",,"„Einmal in 300 Jahren“ regnet es in einer thailändischen Stadt, während Überschwemmungen Südostasien verwüsten. Die tödlichen Überschwemmungen haben 2 Millionen Menschen getroffen, von denen die meisten noch immer von Hilfe abgeschnitten sind.","'Once in 300 years' rain hits Thai city as floods ravage Southeast Asia. The deadly floods have affected 2 million people, the majority of whom are still cut off from help.","'Olim in CCC annis' pluviam Thai civitatem inundationes Asiae Southeast populatur. Inundationes mortiferae 2 miliones hominum afficiebant, quorum maior pars ab auxilio adhuc interclusa est.",2025-12-01 06:48:36+00:00
f74851cfac673c3181b2d7f41715b030,2025-11-27T07:15:15Z,'floods',www.ndtvprofit.com,en,0.9,Rainfall Hits Thai City As Southeast Asia Battles Deadly Floods,"Parts of Thailand are battling record floods, which have killed at least 33 people and prompted authorities to deploy military ships and helicopters to support relief efforts.",https://www.ndtvprofit.com/world/rainfall-hits-thai-city-as-southeast-asia-battles-deadly-floods,https://media.assettype.com/bloombergquint%2F2025-09-04%2F8ncm0ply%2FPTI09032025000235A.jpg?w=1200&auto=format%2Ccompress&ogImage=true,,"Parts of Thailand are battling record floods, which have killed at least 33 people and prompted authorities to deploy military ships and helicopters to support relief efforts.
The deluge has hit 10 … [+1337 chars]",,"Regenfälle treffen thailändische Stadt, während Südostasien mit tödlichen Überschwemmungen zu kämpfen hat. Teile Thailands kämpfen mit Rekordüberschwemmungen, die mindestens 33 Menschen das Leben kosteten und die Behörden dazu veranlassten, Militärschiffe und Hubschrauber zur Unterstützung der Hilfsmaßnahmen einzusetzen.","Rainfall Hits Thai City As Southeast Asia Battles Deadly Floods. Parts of Thailand are battling record floods, which have killed at least 33 people and prompted authorities to deploy military ships and helicopters to support relief efforts.","Pluvia Hits Thai City As Southeast Asia Proeliis Funesti Fluminum. Partes Thailandiae certant recordationes inundationes, quae saltem XXXIII homines occiderunt et auctoritates suaserunt ad explicandas naves militares et helicopteras ad conatus subsidii sustinendos.",2025-12-01 06:48:36+00:00
18a23f632e129174fe20e6a15c4739c1,2025-11-27T09:09:53Z,'floods',abcnews.go.com,en,0.9,Indonesia intensifies search for victims after floods and landslides kill 49 people,Rescuers are searching in rivers and the rubble of devastated villages for bodies and possible survivors after floods and landslides on Indonesia’s Sumatra island,https://abcnews.go.com/International/wireStory/indonesia-intensifies-search-victims-after-floods-landslides-kill-127922944,https://i.abcnewsfe.com/a/4191403d-7f8d-4add-b25a-c356098a5086/wirestory_597ff97a28340f5df52036fedf1aea7e_16x9.jpg?w=1600,,"MEDAN, Indonesia -- Rescuers searched Thursday in rivers and the rubble of villages for bodies, and when possible survivors, after flash floods and landslides on Indonesias Sumatra island left 49 peo… [+3661 chars]",,"Indonesien intensiviert die Suche nach Opfern, nachdem bei Überschwemmungen und Erdrutschen 49 Menschen ums Leben kamen. Nach Überschwemmungen und Erdrutschen auf der indonesischen Insel Sumatra suchen Retter in Flüssen und den Trümmern zerstörter Dörfer nach Leichen und möglichen Überlebenden",Indonesia intensifies search for victims after floods and landslides kill 49 people. Rescuers are searching in rivers and the rubble of devastated villages for bodies and possible survivors after floods and landslides on Indonesia’s Sumatra island,Indonesia auget victimas quaerendas postquam inundationes et proruit homines 49 necant. Rescuers in fluminibus et ruderibus villas vastatorum corporum quaerunt et superstites fieri possunt post diluvia et prostratores in insula Sumatra Indonesia,2025-12-01 06:48:36+00:00
6cf7117682a4c2f0504e98149549aa19,2025-11-28T06:46:45Z,'floods',www.yahoo.com,en,0.9,Damage and more rain hamper search for flood and landslide victims in Indonesia,Rescuers were hampered by damaged bridges and roads and a lack of heavy equipment Friday after flash floods and landslides on Indonesia’s Sumatra island left...,https://www.yahoo.com/news/articles/damage-more-rain-hamper-search-064645358.html,https://s.yimg.com/ny/api/res/1.2/3aKecTj8ng4IcsZJLiziQw--/YXBwaWQ9aGlnaGxhbmRlcjt3PTEyMDA7aD04MDA7Y2Y9d2VicA--/https://media.zenfs.com/en/ap.org/04273a93e926ad6e084a516814e61253,,"PADANG, Indonesia (AP) Rescuers were hampered by damaged bridges and roads and a lack of heavy equipment Friday after flash floods and landslides on Indonesias Sumatra island left 79 people dead and … [+2674 chars]",,"Schäden und weitere Regenfälle erschweren die Suche nach Opfern von Überschwemmungen und Erdrutschen in Indonesien. Rettungskräfte wurden am Freitag durch beschädigte Brücken und Straßen und einen Mangel an schwerer Ausrüstung behindert, nachdem Sturzfluten und Erdrutsche auf der indonesischen Insel Sumatra ...",Damage and more rain hamper search for flood and landslide victims in Indonesia. Rescuers were hampered by damaged bridges and roads and a lack of heavy equipment Friday after flash floods and landslides on Indonesia’s Sumatra island left...,Damnum et plus pluviae impediunt quaerunt inundationes et victimas in Indonesia labuntur. Rescuers impediti sunt pontis et viae laesis et defectus armorum gravium Veneris post diluvia et procidentes in Sumatra insula relicta Indonesia.,2025-12-01 06:48:36+00:00
49f2abf78ed793f53b780d04f1ce153c,2025-11-28T06:54:16Z,'deluge rain',abcnews.go.com,en,0.9,Damage and more rain hamper search for flood and landslide victims in Indonesia,Rescuers are hampered by damaged bridges and roads and a lack of heavy equipment after flash floods and landslides on Indonesia’s Sumatra island that killed at least 74 people,https://abcnews.go.com/International/wireStory/damage-rain-hamper-search-flood-landslide-victims-indonesia-127939232,https://i.abcnewsfe.com/a/5e8c74e5-e184-48e2-b420-f54ce111704e/wirestory_63a2c98e991c036a78f47cee095e812f_16x9.jpg?w=1600,,"PADANG, Indonesia -- Rescuers were hampered by damaged bridges and roads and a lack of heavy equipment Friday after flash floods and landslides on Indonesias Sumatra island left 74 people dead and do… [+2675 chars]",,"Schäden und weitere Regenfälle erschweren die Suche nach Opfern von Überschwemmungen und Erdrutschen in Indonesien. Nach Sturzfluten und Erdrutschen auf der indonesischen Insel Sumatra, bei denen mindestens 74 Menschen ums Leben kamen, werden Rettungskräfte durch beschädigte Brücken und Straßen sowie einen Mangel an schwerer Ausrüstung behindert",Damage and more rain hamper search for flood and landslide victims in Indonesia. Rescuers are hampered by damaged bridges and roads and a lack of heavy equipment after flash floods and landslides on Indonesia’s Sumatra island that killed at least 74 people,Damnum et plus pluviae impediunt quaerunt inundationes et victimas in Indonesia labuntur. Restores impediti sunt laesis pontibus et viis et defectus armorum gravium post diluvia et ruinas in Sumatra insula in Indonesia quae saltem 74 homines occiderunt.,2025-12-01 06:48:36+00:00
747e148dccad07d96bf335503ad76070,2025-11-29T06:37:45Z,'floods',abcnews.go.com,en,0.9,"Death toll from floods and landslides on Indonesia's Sumatra island rises to 248, authorities say","Rescue workers in Indonesia are struggling to reach victims in several devastated areas that were hit by an earthquake and floods, and authorities fear the confirmed death toll of 248 will rise further",https://abcnews.go.com/International/wireStory/death-toll-floods-landslides-indonesias-sumatra-island-rises-127957136,https://i.abcnewsfe.com/a/9cded3f5-962d-41d6-ac6e-ccd4063828c3/wirestory_cc00799f15b4a6630bc9eec46e4534ee_16x9.jpg?w=1600,http://web.archive.org/web/20251130103254/https://abcnews.go.com/International/wireStory/death-toll-floods-landslides-indonesias-sumatra-island-rises-127957136,"AGAM, Indonesia -- Rescue workers in Indonesia struggled on Saturday to reach victims in several devastated areas that were hit by an earthquake and floods, and authorities feared the confirmed death… [+3039 chars]",,"Nach Angaben der Behörden ist die Zahl der Todesopfer durch Überschwemmungen und Erdrutsche auf der indonesischen Insel Sumatra auf 248 gestiegen. Rettungskräfte in Indonesien haben Mühe, die Opfer in mehreren zerstörten Gebieten zu erreichen, die von einem Erdbeben und Überschwemmungen heimgesucht wurden, und die Behörden befürchten, dass die bestätigte Zahl der Todesopfer von 248 noch weiter steigen wird","Death toll from floods and landslides on Indonesia's Sumatra island rises to 248, authorities say. Rescue workers in Indonesia are struggling to reach victims in several devastated areas that were hit by an earthquake and floods, and authorities fear the confirmed death toll of 248 will rise further","Mortuum vectigal ex inundationibus et ruinas in Sumatra insula in Indonesia oritur 248, auctores dicunt. Opifices in Indonesia liberare nituntur ad victimas in pluribus locis devastatis, quae terrae motu et inundationibus feriuntur, et auctoritates metuunt confirmatum mortis 248 portorium ulterius resurgere.",2025-12-01 06:48:36+00:00
e22e95c3aac0430279d1d8acac662c02,2025-11-29T07:00:27Z,'deluge rain',www.aljazeera.com,en,0.9,Indonesia death toll rises to 248 after catastrophic flooding in Sumatra,"Indonesia, Malaysia and Thailand have been inundated with cyclone-driven rain for a week, killing about 400 people.",https://www.aljazeera.com/news/2025/11/29/indonesia-death-toll-rises-to-248-after-catastrophic-flooding-in-sumatra,https://www.aljazeera.com/wp-content/uploads/2025/11/download-1764393087.webp?resize=1200%2C630,,"Rescue workers in Indonesia are continuing to battle to reach victims in several devastated areas submerged by cyclone-driven torrential rain over the past week, as authorities said the death toll ha… [+2431 chars]",,"Nach der katastrophalen Überschwemmung auf Sumatra steigt die Zahl der Todesopfer in Indonesien auf 248. Indonesien, Malaysia und Thailand wurden eine Woche lang von zyklonartigen Regenfällen überschwemmt, bei denen etwa 400 Menschen ums Leben kamen.","Indonesia death toll rises to 248 after catastrophic flooding in Sumatra. Indonesia, Malaysia and Thailand have been inundated with cyclone-driven rain for a week, killing about 400 people.","Indonesia mortuorum vectigal surgit 248 post inundationem calamitosas in Sumatra. Indonesia, Malaysia et Thailandia pluviae cyclo-actae septimanatim inundatae sunt, circiter 400 homines occisi.",2025-12-01 06:48:36+00:00
84e1a9dbb524341e404d99d6cf98b12a,2025-11-29T07:01:00Z,'deluge rain',news.sky.com,en,0.9,Nearly 250 people dead and others missing after floods and landslides in Indonesia,"Rescue workers have been struggling to reach some areas cut off by damaged roads, and where communications lines have come down. Authorities fear the number of dead will increase further.",https://news.sky.com/story/indonesia-at-least-248-people-dead-and-others-missing-after-floods-and-landslides-13476839,https://e3.365dm.com/25/11/1600x900/skynews-indonesia-north-sumatra_7095064.jpg?20251129071548,,"At least 248 people have now died and more than 100 people are missing following floods and landslides in Indonesia, which has also been hit by an earthquake.
Monsoon rains over the past week caused… [+1886 chars]",,"Fast 250 Menschen starben und weitere wurden nach Überschwemmungen und Erdrutschen in Indonesien vermisst. Rettungskräfte hatten Mühe, einige Gebiete zu erreichen, die durch beschädigte Straßen abgeschnitten waren und in denen Kommunikationsleitungen unterbrochen waren. Die Behörden befürchten, dass die Zahl der Toten weiter steigen wird.","Nearly 250 people dead and others missing after floods and landslides in Indonesia. Rescue workers have been struggling to reach some areas cut off by damaged roads, and where communications lines have come down. Authorities fear the number of dead will increase further.",Fere 250 homines mortui et alii desunt post diluvia et proruit in Indonesia. Opifices eripe luctati sunt ut aliquas areas viae saucias intercludant et ubi lineae communicationis descenderint. Auctoritates timent numerum mortuorum ulterius augebunt.,2025-12-01 06:48:36+00:00
a55a48eb6463bff504b2ed66bbdd5ea8,2025-11-29T22:31:25Z,'floods',www.abc.net.au,en,0.9,Rescue efforts underway after flash floods kill hundreds in Indonesia,"Torrential rain causes flash floods and landslides in Indonesia, where the toll rises as authorities mount rescue operations.",https://www.abc.net.au/news/2025-11-30/indonesia-flood-death-toll-climbs-amid-cyclone-devastation/106083102,https://live-production.wcms.abc-cdn.net.au/68d087358eb1cdd856af25a108cf508d?impolicy=wcms_watermark_news&cropH=1778&cropW=3161&xPos=0&yPos=156&width=862&height=485&imformat=generic,http://web.archive.org/web/20251130103402/https://www.abc.net.au/news/2025-11-30/indonesia-flood-death-toll-climbs-amid-cyclone-devastation/106083102,"The death toll from floods and landslides following cyclonic rains in the Indonesian island of Sumatra has risen to 303.
Large parts of Indonesia, Malaysia and Thailand have been stricken by cyclone… [+3786 chars]",,"Rettungsmaßnahmen laufen, nachdem Sturzfluten in Indonesien Hunderte Menschen getötet haben. Sintflutartige Regenfälle verursachen Sturzfluten und Erdrutsche in Indonesien, wo die Zahl der Opfer steigt, da die Behörden Rettungsaktionen durchführen.","Rescue efforts underway after flash floods kill hundreds in Indonesia. Torrential rain causes flash floods and landslides in Indonesia, where the toll rises as authorities mount rescue operations.","Eripe nisus comparatis postquam diluvia inundationes centum in Indonesia occidunt. Imbres imbres torrentes inundationes emicant et proruit in Indonesia, ubi theloneum oritur, ut auctoritates conscendant operationes liberandae.",2025-12-01 06:48:36+00:00
60df573e2ab14973c6fed320494598b4,2025-11-26T21:32:00Z,'floods',www.dw.com,en,0.9,Thailand scrambles to help flood-hit Hai Yat,"Thailand's southern city of Hat Yai was particularly hard hit by floods, as officials said 33 people had died across nine provinces. Neighboring northern Malaysia was also forced to relocate thousands.",https://www.dw.com/en/thailand-scrambles-to-help-flood-hit-hai-yat/a-74912404,https://static.dw.com/image/74907895_6.jpg,,"Thailand airlifted patients out of Hat Yai in the southern Songkhla province on Wednesday, while flying in emergency equipment like oxygen tanks to treat the wounded, after major floods hit the city.… [+3337 chars]",,"Thailand bemüht sich, dem von der Überschwemmung betroffenen Hai Yat zu helfen. Thailands südliche Stadt Hat Yai wurde besonders stark von den Überschwemmungen getroffen, da nach Angaben von Beamten in neun Provinzen 33 Menschen ums Leben kamen. Auch das benachbarte Nordmalaysia war gezwungen, Tausende umzusiedeln.","Thailand scrambles to help flood-hit Hai Yat. Thailand's southern city of Hat Yai was particularly hard hit by floods, as officials said 33 people had died across nine provinces. Neighboring northern Malaysia was also forced to relocate thousands.","Thailand scrambles ad auxilium cataractae Hai Yat. Thailandia meridionalis urbs Hat Yai diluviis praecipue dura percussa fuit, ut magistratus dixerunt 33 homines trans novem provincias periisse. Malaysia vicini septentrionalis etiam milia relocare coactus est.",2025-12-01 13:03:22+00:00
5ece7225b9d0ed27571a4f05313e47c2,2025-11-23T06:45:05Z,'flooding residents',www.aljazeera.com,en,0.9,"Death toll from Vietnam floods rises to 90, several still missing",Vietnamese government estimates economic losses of $343m across five provinces due to the floods.,https://www.aljazeera.com/news/2025/11/23/death-toll-from-vietnam-floods-rises-to-90-several-still-missing,https://www.aljazeera.com/wp-content/uploads/2025/11/AFP__20251122__84TJ3KE__v2__HighRes__TopshotVietnamWeatherEnvironmentFlood-1763874494.jpg?resize=1920%2C1440,,"The death toll from severe floods in south and central Vietnam has risen to 90, authorities said, as the Southeast Asian country continues to assess the damage after days of relentless rain.
In a st… [+3318 chars]",,"Zahl der Todesopfer durch Überschwemmungen in Vietnam steigt auf 90, mehrere werden noch vermisst. Die vietnamesische Regierung schätzt die wirtschaftlichen Verluste aufgrund der Überschwemmungen in fünf Provinzen auf 343 Millionen US-Dollar.","Death toll from Vietnam floods rises to 90, several still missing. Vietnamese government estimates economic losses of $343m across five provinces due to the floods.","Mortuus vectigal de Vietnam inundationes oritur ad 90, plures adhuc desunt. Imperium Vietnamense aestimat damna oeconomica e $343m trans quinque provincias ob inundationes.",2025-12-01 18:49:07+00:00
908791e9fe8f66e2f65142704db6480b,2025-11-27T19:50:14Z,'flooding residents',www.aljazeera.com,en,0.9,More than 40 people killed as heavy rains trigger floods in Sri Lanka,Traffic and trains disrupted as Sri Lanka battles severe weather and rising floodwaters across multiple regions.,https://www.aljazeera.com/news/2025/11/27/more-than-40-killed-as-heavy-rains-trigger-floods-in-sri-lanka,https://www.aljazeera.com/wp-content/uploads/2025/11/AFP__20251127__86BQ933__v2__HighRes__SriLankaWeatherFlood-1764271270_ed5747-1764271771.jpg?resize=1200%2C630&quality=80,,"Landslides and floods triggered by heavy rains have caused more than 40 deaths in Sri Lanka, where the authorities have stopped passenger trains and closed roads in some parts of the country, officia… [+1784 chars]",,"Mehr als 40 Menschen kamen ums Leben, als heftige Regenfälle in Sri Lanka Überschwemmungen auslösten. Verkehr und Züge wurden unterbrochen, da Sri Lanka in mehreren Regionen mit Unwettern und steigenden Überschwemmungen zu kämpfen hat.",More than 40 people killed as heavy rains trigger floods in Sri Lanka. Traffic and trains disrupted as Sri Lanka battles severe weather and rising floodwaters across multiple regions.,Plus quam quadraginta homines interfecerunt sicut pluviae felis inundationes in Sri Lanka. Negotiatio et impedimenta sicut Sri Lanka turbata sunt proeliis gravibus tempestatibus et aquae diluvii ortu per multas regiones.,2025-12-01 18:49:07+00:00
5120a979fa8467df3af684ec571d3b95,2025-11-04T21:24:34Z,'floods',www.aljazeera.com,en,0.8,"Hunger crisis deepens in South Sudan amid conflict, floods, monitor says","Renewed fighting, floods and challenges to aid access are worsening the humanitarian crisis, hunger monitor says.",https://www.aljazeera.com/news/2025/11/4/hunger-crisis-deepens-in-south-sudan-amid-conflict-floods-monitor-says,https://www.aljazeera.com/wp-content/uploads/2025/05/AP25062380877077-1746511076.jpg?resize=1920%2C1440,,"More than 7.55 million people in South Sudan will face malnutrition during next years April-to-July lean season, when food supplies are usually lower, according to a global hunger monitor.
The Integ… [+2975 chars]",,"Laut Monitor verschärft sich die Hungerkrise im Südsudan inmitten von Konflikten und Überschwemmungen. Erneute Kämpfe, Überschwemmungen und Schwierigkeiten beim Zugang zu Hilfsgütern verschlimmern die humanitäre Krise, sagt der Hungermonitor.","Hunger crisis deepens in South Sudan amid conflict, floods, monitor says. Renewed fighting, floods and challenges to aid access are worsening the humanitarian crisis, hunger monitor says.","Discrimen fames profundit in Sudania Australi inter conflictum, diluvia, monitor dicit. Renovavit pugnam, inundationes et provocationes ad accessum adiuvandum, quae discriminum humanitarium augent, famem monitor dicit.",2025-12-02 18:49:14+00:00
58b7a882d0d87d19923dc498c97426c0,2025-11-20T09:42:38Z,'flooding residents',www.aljazeera.com,en,0.9,"Kenyan lake flood displaces thousands, ruins homes and schools","Displaced residents face waist-high water, overflowing toilets, and health risks in the wake of Lake Naivasha flooding.",https://www.aljazeera.com/gallery/2025/11/20/kenyan-lake-flood-displaces-thousands-ruins-homes-and-schools,https://www.aljazeera.com/wp-content/uploads/2025/11/AFP__20251118__84CV94Q__v1__HighRes__KenyaEnvironmentFloods-1763620974.jpg?resize=1920%2C1440,,"The tourist boats that typically navigate Kenyas renowned Lake Naivasha have recently taken on a new role: rescuing hundreds from inundated homes.
Though the lakes water level has been increasing fo… [+2410 chars]",,"Überschwemmung in einem kenianischen See macht Tausende obdachlos und zerstört Häuser und Schulen. Vertriebene Bewohner sind nach der Überschwemmung des Naivasha-Sees mit hüfthohem Wasser, überfüllten Toiletten und Gesundheitsrisiken konfrontiert.","Kenyan lake flood displaces thousands, ruins homes and schools. Displaced residents face waist-high water, overflowing toilets, and health risks in the wake of Lake Naivasha flooding.","Kenyan lacum inundatio mille supplantat, ruinas domos et scholas. Commoti habitant faciem lumbos altum aqua, urinae exundantes, et pericula salutis in ortu lacus Naivasha inundantis.",2025-12-02 18:49:14+00:00
7deb901c8184f48a44bedb3b59c6a4a7,2025-11-29T10:33:23Z,'floods',www.yahoo.com,en,0.7,Sri Lanka declares emergency as cyclone toll hits 132,Sri Lanka declared a state of emergency on Saturday and appealed for international assistance as the death toll from heavy rains and floods triggered by...,https://www.yahoo.com/news/articles/sri-lanka-seeks-foreign-help-065226596.html,https://media.zenfs.com/en/afp.com/4fc0a386c5e242e1bc84dbbcae38c84f,,"Sri Lanka declared a state of emergency on Saturday and appealed for international assistance as the death toll from heavy rains and floods triggered by Cyclone Ditwah rose to 132, with another 176 r… [+3869 chars]",,"Sri Lanka erklärt den Ausnahmezustand, da die Zahl der Zyklone 132 erreicht. Sri Lanka hat am Samstag den Ausnahmezustand ausgerufen und um internationale Hilfe gebeten, da die Zahl der Todesopfer durch heftige Regenfälle und Überschwemmungen, die durch ... ausgelöst wurden, gestiegen ist.",Sri Lanka declares emergency as cyclone toll hits 132. Sri Lanka declared a state of emergency on Saturday and appealed for international assistance as the death toll from heavy rains and floods triggered by...,Sri Lanka subitum declarat sicut cyclonum teloneum 132. Sri Lanka statum necessitatis die Saturni declaravit et auxilium internationale imploravit sicut mortuorum vectigal ex imbribus et inundationibus Urguet...,2025-12-03 02:52:17+00:00
8e77c16d86c1ced0e553a48e5cf52a99,2025-11-29T16:42:32Z,'floods',www.bbc.com,en,0.9,Flooding in southern Asia leaves hundreds dead,"The region is hit by some of the worst floods in years, with millions affected in Indonesia, Malaysia and Thailand.",https://www.bbc.com/news/articles/c5y9ejley9do,https://ichef.bbci.co.uk/news/1024/branded_news/0e51/live/b9daa970-cd23-11f0-8283-5d59e9f176b9.jpg,,"Search and rescue operations are ongoing across Indonesia, Thailand and Malaysia with hundreds still missing
Torrential rains have triggered floods and landslides across parts of southern Asia, kill… [+4077 chars]",,"Überschwemmungen in Südasien fordern Hunderte Todesopfer. Die Region wird von einigen der schlimmsten Überschwemmungen seit Jahren heimgesucht, Millionen davon sind in Indonesien, Malaysia und Thailand betroffen.","Flooding in southern Asia leaves hundreds dead. The region is hit by some of the worst floods in years, with millions affected in Indonesia, Malaysia and Thailand.","Inundatio Asiae meridionalis centum relinquit mortuos. Regio ab aliquibus inundationibus pessimis annis pulsatur, cum decies centena milia afficiuntur in Indonesia, Malaysia et Thailandia.",2025-12-03 02:52:17+00:00
b249152f6e8ba5f83af5ea8875a99892,2025-11-02T21:01:16Z,'floods',economictimes.indiatimes.com,en,0.6,"Khabarovsk submarine and Poseidon drone can trigger massive radioactive tsunamis, floods, wipe out entire coastal cities? Russia’s new nuclear submarine and unmanned underwater weapon explained","Khabarovsk submarine and Poseidon drone can trigger massive radioactive tsunamis, floods and wipe out entire coastal cities? Russia has launched its new Khabarovsk nuclear submarine designed to carry Poseidon underwater drones. This report explains its launch…",https://economictimes.indiatimes.com/news/international/us/khabarovsk-submarine-and-poseidon-drone-can-trigger-massive-radioactive-tsunamis-floods-wipe-out-entire-coastal-cities-russias-new-nuclear-submarine-and-unmanned-underwater-weapon-explained-launch-nuclear-deterrence-strategy-undersea-warfare-sevmash-shipyard-in-severodvinsk/articleshow/125041809.cms,"https://img.etimg.com/thumb/msid-125041826,width-1200,height-630,imgsize-59078,overlay-economictimes/articleshow.jpg",,"Khabarovsk submarine and Poseidon drone can trigger massive radioactive tsunamis, floods and wipe out entire coastal cities according to reports following Russias latest nuclear submarine launch. The… [+5193 chars]",,Das Chabarowsk-U-Boot und die Poseidon-Drohne können massive radioaktive Tsunamis und Überschwemmungen auslösen und ganze Küstenstädte auslöschen? Russlands neues Atom-U-Boot und unbemannte Unterwasserwaffe erklärt. Das U-Boot Chabarowsk und die Drohne Poseidon können massive radioaktive Tsunamis und Überschwemmungen auslösen und ganze Küstenstädte auslöschen? Russland hat sein neues Atom-U-Boot Chabarowsk zum Transport von Poseidon-Unterwasserdrohnen vom Stapel gelassen. Dieser Bericht erklärt seine Einführung…,"Khabarovsk submarine and Poseidon drone can trigger massive radioactive tsunamis, floods, wipe out entire coastal cities? Russia’s new nuclear submarine and unmanned underwater weapon explained. Khabarovsk submarine and Poseidon drone can trigger massive radioactive tsunamis, floods and wipe out entire coastal cities? Russia has launched its new Khabarovsk nuclear submarine designed to carry Poseidon underwater drones. This report explains its launch…","Khabarovsk subaquaneus et Neptunus fucus possunt felis ingens tsunamis radioactivae, inundationes, totas urbes maritimas delere? Russia novum nuclei submarinum et inanibus telum aquaticum expositum est. Khabarovsk subaquaneus et Neptunus fucus possunt felis ingens tsunamis radioactivae, inundationes et omnes urbes maritimas delere? Russia novum Khabarovsk nuclei subaquaneum suum excogitavit ut Neptunum fuci subaquaneam portaret. Haec fama explicat Lorem…",2025-12-03 10:55:19+00:00
5955228d785ac4ba8dbac95f5e5c6b30,2025-11-20T18:20:01Z,'flooding',www.memeorandum.com,en,0.8,Sea level rise and flooding of hazardous sites in marginalized communities across the United States (Nature),"Nature:
Sea level rise and flooding of hazardous sites in marginalized communities across the United States  — Lara J. Cushing orcid.org/0000-0003-0640-6450 1, - Yang Ju orcid.org/0000-0002-1947-7533 2, - Seigi Karasaki orcid.org/0000-0003-4009-3865 3, - Scot…",https://www.memeorandum.com/251120/p76,https://media.springernature.com/m685/springer-static/image/art%3A10.1038%2Fs41467-025-65168-2/MediaObjects/41467_2025_65168_Fig1_HTML.png,,"memeorandum is an auto-generated summary of the stories that US political commentators are discussing online right now.

Unlike sister sites Techmeme and Mediagazer, it is not a human-edited news out… [+72 chars]",,"Anstieg des Meeresspiegels und Überschwemmung gefährlicher Standorte in marginalisierten Gemeinden in den Vereinigten Staaten (Nature). Natur:
Anstieg des Meeresspiegels und Überschwemmung gefährlicher Standorte in marginalisierten Gemeinden in den Vereinigten Staaten – Lara J. Cushing orcid.org/0000-0003-0640-6450 1, - Yang Ju orcid.org/0000-0002-1947-7533 2, - Seigi Karasaki orcid.org/0000-0003-4009-3865 3, - Schottisch…","Sea level rise and flooding of hazardous sites in marginalized communities across the United States (Nature). Nature:
Sea level rise and flooding of hazardous sites in marginalized communities across the United States  — Lara J. Cushing orcid.org/0000-0003-0640-6450 1, - Yang Ju orcid.org/0000-0002-1947-7533 2, - Seigi Karasaki orcid.org/0000-0003-4009-3865 3, - Scot…","Gradus maris ortus et inundatio situum ancipitium in communitatibus marginesatis per Civitates Foederatas (Naturam). Naturae:
Gradus maris ortus et inundatio ancipitium situum in communitatibus marginalibus transmarinis Civitatum Foederatarum - Lara J. Cushing orcid.org/0000-0003-0640-6450 1, - Yang Ju orcid.org/0000-0002-1947-7533 2, - Seigi Karasaki orcid.org/0000-0003-4009-3865 3, - Scot...",2025-12-03 10:55:19+00:00
c003b64d0d8d1e8dac2b8447ca38f2d7,2025-11-19T06:35:28Z,'flooding',www.aljazeera.com,en,0.9,Philippines ministers resign as flood scandal reaches presidential palace,Ministers implicated in scandal involving misused and stolen funds earmarked for anti-flooding infrastructure.,https://www.aljazeera.com/news/2025/11/19/philippines-ministers-resign-as-flood-scandal-reaches-presidential-palace,https://www.aljazeera.com/wp-content/uploads/2025/11/2025-10-31T074624Z_422262082_RC2QMHAX14W6_RTRMADP_3_PHILIPPINES-PROTEST-1763532435.jpg?resize=1920%2C1440,,Two ministers in Philippine President Ferdinand Marcos Jrs cabinet resigned on Tuesday after being implicated in an ongoing investigation into ghost infrastructure and billions of dollars of missing … [+2524 chars],,"Philippinische Minister treten zurück, als der Flutskandal den Präsidentenpalast erreicht. Minister in Skandal verwickelt, in dem es um die missbräuchliche Verwendung und den Diebstahl von Geldern für die Infrastruktur zur Überschwemmungsbekämpfung geht.",Philippines ministers resign as flood scandal reaches presidential palace. Ministers implicated in scandal involving misused and stolen funds earmarked for anti-flooding infrastructure.,Ministri Philippinae recedunt scandalum in diluvio usque ad palatium praesidentiale. Ministri in scandalo implicati abusus et furtiva pecunia deputati pro infrastructura anti-inundationis.,2025-12-03 10:55:19+00:00
f7dc03fc82747f3ff2dc18db60e0c959,2025-11-19T21:03:30Z,'flooding',www.breitbart.com,en,0.9,Iran Suffers Flash Flooding After Cloud-Seeding to Combat Drought,"Iran made an all-out effort last week to combat a severe drought by seeding the clouds with chemicals to produce rain. The technique appears to have worked all too well, as heavy rainfall caused flooding in portions of western Iran on Monday.
The post Iran Su…",https://www.breitbart.com/middle-east/2025/11/19/iran-suffers-flash-flooding-after-cloud-seeding-to-combat-drought/,https://media.breitbart.com/media/2025/11/AP22209515061255-640x335.png,http://web.archive.org/web/20251125132703/https://www.breitbart.com/middle-east/2025/11/19/iran-suffers-flash-flooding-after-cloud-seeding-to-combat-drought/,"Iran made an all-out effort last week to combat a severe drought by seeding the clouds with chemicals to produce rain. The technique appears to have worked all too well, as heavy rainfall caused floo… [+4176 chars]",,"Iran erleidet Sturzfluten nach Wolkensaat zur Bekämpfung der Dürre. Der Iran hat letzte Woche alle Anstrengungen unternommen, um eine schwere Dürre zu bekämpfen, indem er die Wolken mit Chemikalien besprühte, um Regen zu erzeugen. Die Technik scheint nur allzu gut funktioniert zu haben, da heftige Regenfälle am Montag in Teilen des westlichen Iran zu Überschwemmungen führten.
Der Beitrag Iran Su…","Iran Suffers Flash Flooding After Cloud-Seeding to Combat Drought. Iran made an all-out effort last week to combat a severe drought by seeding the clouds with chemicals to produce rain. The technique appears to have worked all too well, as heavy rainfall caused flooding in portions of western Iran on Monday.
The post Iran Su…","Irania Flash inundationem patitur post Cloud-Seminis ad siccitatem Certamina. Irania ultima septimana totum conatum fecit ut gravem siccitatem seminaret nubes cum oeconomia ad pluviam producendam. Ars nimis bene laborasse videtur, sicut pluviae graves inundationem in partibus Irania occidentalis die Lunae attulerunt.
Post Iran ...",2025-12-03 10:55:19+00:00
739831d71b9cec09089e063c890d8855,2025-11-20T00:00:53Z,'flooding house',www.abc.net.au,en,0.9,This riverside block floods so its owners built a hose-out house,Only someone whose family has long lived next to a river famous for catastrophic flooding would dare to build on this block. Here's what we can all learn from Richard and Janette's new home.,https://www.abc.net.au/news/2025-11-20/grand-designs-australia-sherwood-flood-house-design/105862434,https://live-production.wcms.abc-cdn.net.au/a5c2a07f0db28fdd33c8336bc05b8ee2?impolicy=wcms_watermark_news&cropH=1577&cropW=2804&xPos=1397&yPos=1041&width=862&height=485&imformat=generic,http://web.archive.org/web/20251202123124/https://www.abc.net.au/news/2025-11-20/grand-designs-australia-sherwood-flood-house-design/105862434,"Richard Rowles sees the Brisbane River as a living thing that ""breathes in and out two times a day"".
""It's got its own character and it changes all the time. When it gets angry, you don't want to be… [+8396 chars]",,"Da dieser Flussuferblock überschwemmt wurde, bauten seine Besitzer ein Abflusshaus. Nur jemand, dessen Familie seit langem an einem Fluss lebt, der für seine Überschwemmungskatastrophen bekannt ist, würde es wagen, auf diesem Block zu bauen. Das können wir alle aus dem neuen Zuhause von Richard und Janette lernen.",This riverside block floods so its owners built a hose-out house. Only someone whose family has long lived next to a river famous for catastrophic flooding would dare to build on this block. Here's what we can all learn from Richard and Janette's new home.,"Hic inundationes fluvii scandali sic dominis suis domum hospitem aedificaverunt. Solus aliquis cuius familia iuxta flumen celebrem inundationem calamitosas diu vixit, in hoc scandalo aedificare auderet. Hic est quod omnes ex Ricardi et Janette nova domo discere possumus.",2025-12-03 10:55:19+00:00
32a0a314226b42b81b0b487e8c91abc6,2025-11-10T16:33:25Z,'flooding disruption',www.insurancejournal.com,en,0.9,"Japan Firms Win Big Benefits From Spending on Climate Resilience, CDP Says","Companies in Japan are likely to win greater benefits than global peers from spending on climate resilience, according to CDP, an environmental disclosure nonprofit. Businesses in the nation face disruption risks from issues including earthquakes and flooding…",https://www.insurancejournal.com/news/international/2025/11/10/847056.htm,https://www.insurancejournal.com/app/uploads/2025/11/pedestrians-shelter-from-sun-during-tokyo-heat-wave-bloomberg-scaled.jpg,,"Companies in Japan are likely to win greater benefits than global peers from spending on climate resilience, according to CDP, an environmental disclosure nonprofit.
Businesses in the nation face di… [+1365 chars]",,"Laut CDP profitieren japanische Unternehmen stark von Ausgaben für Klimaresilienz. Laut CDP, einer gemeinnützigen Organisation für Umweltoffenlegung, werden Unternehmen in Japan wahrscheinlich größere Vorteile aus Ausgaben für Klimaresilienz ziehen als ihre Konkurrenten auf der ganzen Welt. Unternehmen im Land sind mit Störungen durch Probleme wie Erdbeben und Überschwemmungen konfrontiert.","Japan Firms Win Big Benefits From Spending on Climate Resilience, CDP Says. Companies in Japan are likely to win greater benefits than global peers from spending on climate resilience, according to CDP, an environmental disclosure nonprofit. Businesses in the nation face disruption risks from issues including earthquakes and flooding…","Iaponia Firms Big Beneficia Consumptis in Climate mollitiam, CDP dicit. Societates in Iaponia maiora beneficia vincere quam pares global pares sint ne in mollitiam climatis expendatur, secundum CDP, ambitus detectio non prodest. Negotiis in natione faciei discidium pericula ab exitibus inter terrae motus et inundationes...",2025-12-03 13:03:48+00:00
5ebca3e52ce8c80a0593a86d689bf300,2025-11-19T09:22:44Z,'flooding',landezine.com,en,0.9,4-6 December / TCLF: Soak it Up,"The Cultural Landscape Foundation (TCLF) has announced that the upcoming conference on urban flooding and water management in Los Angeles will be dedicated to the memory of the late Kongjian Yu, recipient of the 2023 Cornelia Hahn Oberlander International Lan…",https://landezine.com/4-6-december-tclf-soak-it-up/,https://landezine.com/wp-content/uploads/2025/11/Soak-It-Up_Headshots-_hero_BlackWhite2_0-1270x445.jpg,,"The Cultural Landscape Foundation (TCLF) has announced that the upcoming conference on urban flooding and water management in Los Angeles will be dedicated to the memory of the late Kongjian Yu, reci… [+13838 chars]",,"4.–6. Dezember / TCLF: Soak it Up. Die Cultural Landscape Foundation (TCLF) hat angekündigt, dass die bevorstehende Konferenz über städtische Überschwemmungen und Wassermanagement in Los Angeles dem Gedenken an den verstorbenen Kongjian Yu gewidmet sein wird, der den Cornelia Hahn Oberlander International Lan…","4-6 December / TCLF: Soak it Up. The Cultural Landscape Foundation (TCLF) has announced that the upcoming conference on urban flooding and water management in Los Angeles will be dedicated to the memory of the late Kongjian Yu, recipient of the 2023 Cornelia Hahn Oberlander International Lan…","4-6 December / TCLF: Excita. Landscape Cultural Fundationis (TCLF) denuntiavit Venturum colloquium de administratione urbana inundationis et aquae in Los Angeles memoriae nuper Kongjian Yu, recipienti 2023 Cornelia Hahn Oberlander Internationalis Lan…",2025-12-03 13:03:48+00:00
fd2228a610dd136f52e8e977e0e51e5c,2025-11-27T21:41:41Z,'flooding disruption',www.lifesciencesworld.com,en,0.9,What is the Worst Flood in History?,"What is the Worst Flood in History? The Unmatched Devastation of the 1931 China Floods The worst flood in history was arguably the 1931 China floods, impacting an estimated 51 million people and causing between 1 and 4 million deaths, a scale of human sufferi…",https://www.lifesciencesworld.com/what-is-the-worst-flood-in-history/,,,"The worst flood in history was arguably the 1931 China floods, impacting an estimated 51 million people and causing between 1 and 4 million deaths, a scale of human suffering unparalleled by any othe… [+7405 chars]",,"Was ist die schlimmste Flut in der Geschichte? Was ist die schlimmste Flut in der Geschichte? Die beispiellose Verwüstung der Überschwemmungen in China im Jahr 1931 Die schlimmste Überschwemmung in der Geschichte war wohl die Überschwemmung in China im Jahr 1931, von der schätzungsweise 51 Millionen Menschen betroffen waren und zwischen 1 und 4 Millionen Todesfälle verursacht wurden, ein Ausmaß an menschlichem Leid …","What is the Worst Flood in History?. What is the Worst Flood in History? The Unmatched Devastation of the 1931 China Floods The worst flood in history was arguably the 1931 China floods, impacting an estimated 51 million people and causing between 1 and 4 million deaths, a scale of human sufferi…","Quid est diluvium gravissimum in historia ?. Quid est pessimum diluvium in historia? Vastatio singularis Sinarum 1931 Fluminum Sinarum Pessima in historia diluvium arguably inundationes Sinarum 1931 facta est, impactio extimationis 51 miliones hominum et causa inter 1 et 4 decies centena mortibus, scala passibilis humanorum…",2025-12-03 13:03:48+00:00
ad02f91c5187c6b99ef31843b8e9fa96,2025-11-28T17:31:06Z,'floods',www.bostonherald.com,en,0.9,Death toll from floods in Thailand reaches 145 as receding water reveals widespread damage,"The disaster has caused severe disruption, leaving thousands stranded and streets impassable.",https://www.bostonherald.com/2025/11/28/thailand-floodwaters-receding/,https://www.bostonherald.com/wp-content/uploads/2025/11/Thailand_Extreme_Weather_Flooding_80636.jpg?w=1024&h=682,,"BANGKOK (AP) The death toll from flooding in southern Thailand has reached at least 145, officials said Friday, as receding waters started to reveal devastating damage across the region.
More than 1… [+1543 chars]",,"Die Zahl der Todesopfer durch Überschwemmungen in Thailand erreicht 145, da das zurückgehende Wasser weitreichende Schäden offenbart. Die Katastrophe hat zu erheblichen Störungen geführt, Tausende sind gestrandet und die Straßen sind unpassierbar.","Death toll from floods in Thailand reaches 145 as receding water reveals widespread damage. The disaster has caused severe disruption, leaving thousands stranded and streets impassable.","Mortuus vectigal ex diluviis in Thailandia pervenit 145 ut aqua decedens damnum latissime patefacit. Clades magna discidium intulit, mille destitutum et plateas invias relinquens.",2025-12-03 13:03:48+00:00
9d531069ab6a50c8150980a9f22928dd,2025-11-30T09:30:00Z,'floods',www.thestar.com.my,en,0.9,Vehicles damaged in Hat Yai floods to undergo inspection upon return to Malaysia,"KUALA LUMPUR: Vehicles belonging to Malaysians that were damaged during the recent floods in Hat Yai, Thailand, will undergo a special inspection by the Malaysian Border Control and Protection Agency (AKPS) when they are brought back through the Bukit Kayu Hi…",https://www.thestar.com.my/news/nation/2025/11/30/vehicles-damaged-in-hat-yai-floods-to-undergo-inspection-upon-return-to-malaysia,https://apicms.thestar.com.my/uploads/images/2025/11/30/3648084.jpg,,"KUALA LUMPUR: Vehicles belonging to Malaysians that were damaged during the recent floods in Hat Yai, Thailand, will undergo a special inspection by the Malaysian Border Control and Protection Agency… [+2160 chars]",,"Bei Überschwemmungen in Hat Yai beschädigte Fahrzeuge müssen bei der Rückkehr nach Malaysia einer Inspektion unterzogen werden. KUALA LUMPUR: Fahrzeuge von Malaysiern, die bei den jüngsten Überschwemmungen in Hat Yai, Thailand, beschädigt wurden, werden einer Sonderinspektion durch die malaysische Grenzkontroll- und Schutzbehörde (AKPS) unterzogen, wenn sie über den Bukit Kayu Hi zurückgebracht werden…","Vehicles damaged in Hat Yai floods to undergo inspection upon return to Malaysia. KUALA LUMPUR: Vehicles belonging to Malaysians that were damaged during the recent floods in Hat Yai, Thailand, will undergo a special inspection by the Malaysian Border Control and Protection Agency (AKPS) when they are brought back through the Bukit Kayu Hi…","Vehicula in Hat Yai vexata inundationes ad inspectionem reditus in elit. KUALA LUMPUR: Vehicula Malaysianorum pertinentia quae recentibus inundationibus in Hat Yai, Thailandia laesa sunt, specialem inspectionem per limitem Malaysianam Imperium et tutelam Agency (AKPS) subeunt cum per Bukit Kayu Hi…",2025-12-03 18:46:35+00:00
ed2f765d1302b5866085af8516398978,2025-11-20T03:53:00Z,'flooding',www.thestar.com.my,en,0.9,"Flooding worsens in central Vietnam, death toll rises to 16","HANOI (Reuters) -The death toll from a new round of torrential rain, flooding and landslides in central Vietnam since the weekend has risen to 16, a government report said on Thursday, with water levels rising further in already inundated towns and villages. …",https://www.thestar.com.my/news/world/2025/11/20/flooding-worsens-in-central-vietnam-death-toll-rises-to-16,https://cdn.thestar.com.my/Themes/img/newTsol_logo_socmedia.png,,"HANOI (Reuters) -The death toll from a new round of torrential rain, flooding and landslides in central Vietnam since the weekend has risen to 16, a government report said on Thursday, with water lev… [+2390 chars]",,"In Zentralvietnam verschlimmern sich die Überschwemmungen, die Zahl der Todesopfer steigt auf 16. HANOI (Reuters) – Die Zahl der Todesopfer durch eine neue Runde sintflutartiger Regenfälle, Überschwemmungen und Erdrutsche in Zentralvietnam seit dem Wochenende ist auf 16 gestiegen, heißt es in einem Regierungsbericht am Donnerstag, wobei der Wasserstand in bereits überschwemmten Städten und Dörfern weiter ansteigt. …","Flooding worsens in central Vietnam, death toll rises to 16. HANOI (Reuters) -The death toll from a new round of torrential rain, flooding and landslides in central Vietnam since the weekend has risen to 16, a government report said on Thursday, with water levels rising further in already inundated towns and villages. …","Inundatio in Vietnam media ingravescit, portorium mortis ad 16. HANOI (Reuters) - Mortis vectigal ex novo circuitu pluviae torrentis, inundationis et ruinae in Vietnam centrali ex quo volutpat in XVI orta est, regimen relationis die Iovis dixit, cum aquae gradus longius in oppidis et vicis iam inundatis. ...",2025-12-04 06:46:48+00:00
f80f267462a552af047de7fbe0e89a97,2025-11-21T12:02:36Z,'flooding',www.insurancejournal.com,en,0.9,Vietnam Flood Deaths Climb as Heavy Rain Drenches Coffee Region,"The death toll in Vietnam from days of severe flooding has climbed to 43 as heavy rain drenches coffee-producing regions in the central highlands and waters remain high in some tourism areas. Around 61,000 people have been evacuated and half …",https://www.insurancejournal.com/news/international/2025/11/21/848609.htm,https://www.insurancejournal.com/app/uploads/2025/11/floodwaters-in-khanh-hoa-province-in-vietnam-getty-scaled.jpg,,"The death toll in Vietnam from days of severe flooding has climbed to 43 as heavy rain drenches coffee-producing regions in the central highlands and waters remain high in some tourism areas.
Around… [+2169 chars]",,"Die Zahl der Überschwemmungstoten in Vietnam steigt, da heftiger Regen die Kaffeeregion durchnässt. Die Zahl der Todesopfer in Vietnam durch tagelange schwere Überschwemmungen ist auf 43 gestiegen, da starke Regenfälle die Kaffeeanbaugebiete im zentralen Hochland überschwemmt haben und die Wasserstände in einigen Tourismusgebieten weiterhin hoch sind. Rund 61.000 Menschen wurden evakuiert und die Hälfte …","Vietnam Flood Deaths Climb as Heavy Rain Drenches Coffee Region. The death toll in Vietnam from days of severe flooding has climbed to 43 as heavy rain drenches coffee-producing regions in the central highlands and waters remain high in some tourism areas. Around 61,000 people have been evacuated and half …","Vietnam Diluvium Mortui Ascende sicut Gravis Pluviae rigat Capulus Regio. Theloneum mortis in Vietnam a diebus gravis inundationis ascendit ad 43 sicut pluviae pluviae perfundens regiones capulus productivae in mediis montanis et aquae in quibusdam locis voluptuaria similesve manent. Circa 61,000 homines decedere et dimidium ...",2025-12-04 06:46:48+00:00
41d0ccb27f2c7233af502bb905d527e6,2025-11-22T01:55:46Z,'floods',www.abc.net.au,en,0.9,"Death toll rises to 41 in central Vietnam flooding, more heavy rain forecast",More than 1.5 metres of rain has fallen in parts of Vietnam and authorities have warned of further floods with heavy rains set to continue.,https://www.abc.net.au/news/2025-11-22/vietnam-floods-death-toll-rises-to-41-more-rain-forecast/106040388,https://live-production.wcms.abc-cdn.net.au/d35a5e4e5e0b0a52cd0f8ae0d97b689e?impolicy=wcms_watermark_news&cropH=1906&cropW=3389&xPos=0&yPos=176&width=862&height=485&imformat=generic,,"The death toll from a new barrage of torrential rain, flooding and landslides in central Vietnam since the weekend has risen to 41, state media reported on Thursday.
Rainfall has exceeded 1,500 mm i… [+2269 chars]",,"Bei Überschwemmungen in Zentralvietnam steigt die Zahl der Todesopfer auf 41, es werden weitere starke Regenfälle vorhergesagt. In Teilen Vietnams sind mehr als 1,5 Meter Regen gefallen, und die Behörden warnen vor weiteren Überschwemmungen und anhaltenden heftigen Regenfällen.","Death toll rises to 41 in central Vietnam flooding, more heavy rain forecast. More than 1.5 metres of rain has fallen in parts of Vietnam and authorities have warned of further floods with heavy rains set to continue.","Mors vectigal ascendit ad 41 in media Vietnam inundationem, pluviae praenuntiationem graviorem. Plus quam 1.5 metra pluviae in partibus Vietnamiae et auctoritates decidisse monuerunt ulteriores inundationes cum imbribus positis pergere.",2025-12-04 06:46:48+00:00
544b40dc93bb063c69f0465295dc71aa,2025-11-23T07:22:00Z,'flooding landslide',news.sky.com,en,0.9,55 dead in Vietnam after torrential rain triggers flooding and landslides,"The number of people killed following torrential rain, flooding and landslides in Vietnam has risen to 55, according to the country's disaster agency.",https://news.sky.com/story/55-dead-in-vietnam-after-torrential-rain-triggers-flooding-and-landslides-13474371,https://e3.365dm.com/25/11/1600x900/skynews-flooding-vietnam-quy-nhon_7089435.jpg?20251123090346,,"The number of people killed following torrential rain, flooding and landslides in Vietnam has risen to 55, according to the country's disaster agency.
Another 13 people have also been reported missi… [+2436 chars]",,"55 Tote in Vietnam, nachdem sintflutartige Regenfälle Überschwemmungen und Erdrutsche auslösten. Nach Angaben der Katastrophenschutzbehörde des Landes ist die Zahl der Todesopfer durch sintflutartige Regenfälle, Überschwemmungen und Erdrutsche in Vietnam auf 55 gestiegen.","55 dead in Vietnam after torrential rain triggers flooding and landslides. The number of people killed following torrential rain, flooding and landslides in Vietnam has risen to 55, according to the country's disaster agency.","55 mortuus in Vietnam post imbrem torrentium triggers inundationem et proruit. Numerus hominum occisorum sequentes imbrem torrentem, inundationem et proruit in Vietnam 55 secundum calamitatem agentis patriae orta est.",2025-12-04 06:46:48+00:00
1347026d02c0950904fc8a058198327d,2025-11-24T02:56:03Z,'floods',economictimes.indiatimes.com,en,0.9,"Malaysian floods affect 11,000 people across seven states","Torrential rain has caused widespread flooding across seven Malaysian states, affecting over 11,000 people. The northeastern state of Kelantan is the hardest hit, with thousands displaced and housed in temporary shelters. Separately, a landslide in Perlis str…",https://economictimes.indiatimes.com/news/international/world-news/malaysian-floods-affect-11000-people-across-seven-states/articleshow/125530370.cms,"https://img.etimg.com/thumb/msid-125530489,width-1200,height-630,imgsize-185548,overlay-economictimes/articleshow.jpg",,"Torrential rain has caused widespread flooding across seven Malaysian states, affecting over 11,000 people. The northeastern state of Kelantan is the hardest hit, with thousands displaced and housed … [+112 chars]",,"Von den Überschwemmungen in Malaysia sind 11.000 Menschen in sieben Bundesstaaten betroffen. Sintflutartige Regenfälle haben in sieben malaysischen Bundesstaaten großflächige Überschwemmungen verursacht, von denen über 11.000 Menschen betroffen waren. Der nordöstliche Bundesstaat Kelantan ist am stärksten betroffen. Tausende wurden vertrieben und in Notunterkünften untergebracht. Unabhängig davon kam es zu einem Erdrutsch in der Perlis-Straße…","Malaysian floods affect 11,000 people across seven states. Torrential rain has caused widespread flooding across seven Malaysian states, affecting over 11,000 people. The northeastern state of Kelantan is the hardest hit, with thousands displaced and housed in temporary shelters. Separately, a landslide in Perlis str…","Inundationes Malaysianae 11.000 homines per septem civitates afficiunt. Imber torrens latissime inundationem per septem civitates Malaysianas inundationem effecit, quae super 11000 homines afficit. Septentrionalis status Kelantan ictus est durissimus, cum mille motis et in tabernaculis temporalibus habitant. Seorsim LAPSUS in Perlis str…",2025-12-04 06:46:48+00:00
ed192eb332d4327409f0aced9967ea55,2025-11-24T04:03:38Z,'flooding landslide',www.channelnewsasia.com,en,0.9,"Malaysian floods affect 11,000 people across 7 states","KUALA LUMPUR: More than 11,000 people in seven Malaysian states have been affected by flooding caused by torrential rain, the national disaster agency said on Monday (Nov 24).Floods are common on the eastern coast of Malaysia during the annual monsoon season …",https://www.channelnewsasia.com/asia/malaysia-floods-states-affected-kelantan-5486476,"https://dam.mediacorp.sg/image/upload/s--iV-tgd6L--/c_crop,h_2394,w_4257,x_1,y_463/c_fill,g_auto,h_676,w_1200/fl_relative,g_south_east,l_mediacorp:cna:watermark:2024-04:reuters_1,w_0.1/f_auto,q_auto/v1/mediacorp/cna/image/2025/11/24/2025-11-24t024833z_34885666_rc2o2iapbmb8_rtrmadp_3_asia-weather-malaysia.jpg?itok=5mXdrv9b",,"KUALA LUMPUR: More than 11,000 people in seven Malaysian states have been affected by flooding caused by torrential rain, the national disaster agency said on Monday (Nov 24).
Floods are common on t… [+997 chars]",,"Von den Überschwemmungen in Malaysia sind 11.000 Menschen in sieben Bundesstaaten betroffen. KUALA LUMPUR: Mehr als 11.000 Menschen in sieben malaysischen Bundesstaaten sind von Überschwemmungen durch sintflutartige Regenfälle betroffen, teilte die nationale Katastrophenschutzbehörde am Montag (24. November) mit. Während der jährlichen Monsunzeit kommt es an der Ostküste Malaysias häufig zu Überschwemmungen …","Malaysian floods affect 11,000 people across 7 states. KUALA LUMPUR: More than 11,000 people in seven Malaysian states have been affected by flooding caused by torrential rain, the national disaster agency said on Monday (Nov 24).Floods are common on the eastern coast of Malaysia during the annual monsoon season …","Inundationes Malaysianae 11.000 hominum per septem civitates afficiunt. KUALA LUMPUR: Plus quam 11.000 homines in septem civitatibus Malaysianis per inundationem pluviae torrentiali affecti sunt, calamitatis nationalis procurationis die Lunae (Nov. 24) communia sunt. Diluvia communia sunt in ora Malaysia orientali tempore anniversarii monsoon ...",2025-12-04 06:46:48+00:00
41904cfd3200df71810d809d312542aa,2025-11-24T16:00:00Z,'flooding disruption',www.thestar.com.my,en,0.9,"Landslides, floods and fallen trees","PETALING JAYA: It was scare after scare for the residents of Jalan Klang Lama as continuous rain wreaked havoc across the Klang Valley, with landslides, flooding, fallen trees and even disruptions in LRT and bus services. Read full story",https://www.thestar.com.my/news/nation/2025/11/25/landslides-floods-and-fallen-trees,https://apicms.thestar.com.my/uploads/images/2025/11/25/3638400.JPG,,"PETALING JAYA: It was scare after scare for the residents of Jalan Klang Lama as continuous rain wreaked havoc across the Klang Valley, with landslides, flooding, fallen trees and even disruptions in… [+3594 chars]",,"Erdrutsche, Überschwemmungen und umgestürzte Bäume. PETALING JAYA: Es war ein Schrecken nach dem anderen für die Bewohner der Jalan Klang Lama, als anhaltender Regen im Klang-Tal verheerende Schäden anrichtete, mit Erdrutschen, Überschwemmungen, umgestürzten Bäumen und sogar Störungen im LRT- und Busverkehr. Lesen Sie die ganze Geschichte","Landslides, floods and fallen trees. PETALING JAYA: It was scare after scare for the residents of Jalan Klang Lama as continuous rain wreaked havoc across the Klang Valley, with landslides, flooding, fallen trees and even disruptions in LRT and bus services. Read full story","Proruit, flumina, arbores. PETALING JAYA: Terrent post incolas Jalan Klang Lama sicut pluvia continua per vallem Klang stragem intulit, cum proruit, inundationes, arbores lapsae et etiam disruptiones in LRT et bus servitiis. Read full story",2025-12-04 06:46:48+00:00
178f670d4c599fb3271173657e3e1b5e,2025-11-26T07:21:00Z,'floods',www.thestar.com.my,en,0.9,"Govt mobilises 9,800 personnel, 7,000 assets to tackle floods","TAWAU: A total of 9,800 personnel from various government agencies and 7,000 operational assets have been mobilised nationwide as part of preparations to tackle flood disasters, said Datuk Seri Dr Ahmad Zahid Hamidi. Read full story",https://www.thestar.com.my/news/nation/2025/11/26/govt-mobilises-9800-personnel-7000-assets-to-tackle-floods,https://apicms.thestar.com.my/uploads/images/2025/11/26/3641236.JPG,,"TAWAU: A total of 9,800 personnel from various government agencies and 7,000 operational assets have been mobilised nationwide as part of preparations to tackle flood disasters, said Datuk Seri Dr Ah… [+1915 chars]",,"Die Regierung mobilisiert 9.800 Mitarbeiter und 7.000 Einsatzkräfte zur Bekämpfung von Überschwemmungen. TAWAU: Im Rahmen der Vorbereitungen zur Bewältigung von Überschwemmungskatastrophen wurden landesweit insgesamt 9.800 Mitarbeiter verschiedener Regierungsbehörden und 7.000 Betriebsmittel mobilisiert, sagte Datuk Seri Dr. Ahmad Zahid Hamidi. Lesen Sie die ganze Geschichte","Govt mobilises 9,800 personnel, 7,000 assets to tackle floods. TAWAU: A total of 9,800 personnel from various government agencies and 7,000 operational assets have been mobilised nationwide as part of preparations to tackle flood disasters, said Datuk Seri Dr Ahmad Zahid Hamidi. Read full story","Sumptibus 9,800 personas convocat, 7,000 bona ad inundationes occupandas. TAWAU: Summa 9,800 curatores e variis regiminis institutionibus et 7000 bonorum operationalium nationum adparatorum partem inundationis calamitatum occupare, dixit Datuk Seri Dr Ahmad Zahid Hamidi. Read full story",2025-12-04 06:46:48+00:00
6395ca283859e02d40f9da0c70e62ce9,2025-11-26T20:46:52Z,'flooding',en.protothema.gr,en,0.9,Storm “Adel” batters Western Greece — Emergency alerts in Corfu and Aetolia-Acarnania – Residents urged to limit travel,"Severe weather caused by storm Adel is striking western Greece, triggering widespread flooding, landslides, road closures, and disruptions across Corfu and Aetolia-Acarnania
The post Storm “Adel” batters Western Greece — Emergency alerts in Corfu and Aetolia-…",https://en.protothema.gr/2025/11/26/storm-adel-batters-western-greece-emergency-alerts-in-corfu-and-aetolia-acarnania-residents-urged-to-limit-travel/,https://en.protothema.gr/wp-content/uploads/2025/11/Screenshot-2025-11-26-at-10.44.09-PM.png,,"The national emergency service (112) issued urgent alerts on Wednesday evening, calling on residents to avoid all non-essential travel due to heavy rainfall and dangerous conditions.
Due to intense … [+3518 chars]",,"Sturm „Adel“ verwüstet Westgriechenland – Notfallwarnungen in Korfu und Ätolien-Akarnanien – Anwohner aufgefordert, Reisen einzuschränken. Unwetter, verursacht durch den Sturm Adel, treffen Westgriechenland und lösen großflächige Überschwemmungen, Erdrutsche, Straßensperrungen und Störungen auf Korfu und Ätolien-Akarnanien aus
Der Post-Sturm „Adel“ verwüstet Westgriechenland – Notfallwarnungen in Korfu und Ätolien –…","Storm “Adel” batters Western Greece — Emergency alerts in Corfu and Aetolia-Acarnania – Residents urged to limit travel. Severe weather caused by storm Adel is striking western Greece, triggering widespread flooding, landslides, road closures, and disruptions across Corfu and Aetolia-Acarnania
The post Storm “Adel” batters Western Greece — Emergency alerts in Corfu and Aetolia-…","Tempestas ""Adel"" conturbat Graeciam occidentalem - Subitis summis in Corcyra et Aetolia-Acarnania - Residentes suaserunt ad limitandam peregrinationem. Tempestas gravis tempestatis Adele in occidente Graeciam incutit, late inundationem, proruit, viam clausuras, et discidium trans Corcyram et Aetoliam-Acarnaniam.
Post Storm ""Adel"" arietat Graeciam occidentalem — Summis tumultus in Corcyra et Aetolia...",2025-12-04 06:46:48+00:00
6fa83b43cf6bc92070394571d001021f,2025-11-27T04:21:07Z,'floods',en.antaranews.com,en,0.9,Sumatra reels as deadly floods and landslides devastate communities,"Indonesia awoke this week to scenes of devastation across Sumatra, where days of relentless rain triggered floods and landslides that killed residents, ...",https://en.antaranews.com/news/393965/sumatra-reels-as-deadly-floods-and-landslides-devastate-communities,https://cdn.antaranews.com/cache/1200x800/2025/11/26/Dampak-banjir-bandang-di-Pauh-Padang-261125-Ief-2.jpg,,"Bogor, W Java (ANTARA) - Indonesia awoke this week to scenes of devastation across Sumatra, where days of relentless rain triggered floods and landslides that killed residents, displaced tens of thou… [+5488 chars]",,"Sumatra gerät ins Wanken, als tödliche Überschwemmungen und Erdrutsche Gemeinden verwüsten. Indonesien erwachte diese Woche zu Szenen der Verwüstung in ganz Sumatra, wo tagelanger, unerbittlicher Regen Überschwemmungen und Erdrutsche auslöste, die Bewohner töteten, ...","Sumatra reels as deadly floods and landslides devastate communities. Indonesia awoke this week to scenes of devastation across Sumatra, where days of relentless rain triggered floods and landslides that killed residents, ...","Sumatra inundationes mortiferae nutat et communitates vastat proruit. Indonesia hac septimana ad scaenas devastationis trans Sumatra evigilavit, ubi dies pluviae immitis inundationes Urguebant et proruit qui incolas occiderunt, ...",2025-12-04 06:46:48+00:00
524880d05058fd07e7309164c48b120a,2025-11-27T12:28:09Z,'flooding landslide',en.antaranews.com,en,0.9,"Army deploys hundreds to assist flood, landslide handling in Sumatra",The Indonesian Military&#39;s Army (TNI AD) has deployed hundreds of soldiers to assist in handling floods and landslides across several areas on Sumatra ...,https://en.antaranews.com/news/394029/army-deploys-hundreds-to-assist-flood-landslide-handling-in-sumatra,https://cdn.antaranews.com/cache/1200x800/2025/11/27/tempImageN2GSkG.jpg,,Jakarta (ANTARA) - The Indonesian Military's Army (TNI AD) has deployed hundreds of soldiers to assist in handling floods and landslides across several areas on Sumatra Island.Head of TNI AD Informat… [+2181 chars],,"Die Armee entsendet Hunderte, um bei der Bewältigung von Überschwemmungen und Erdrutschen auf Sumatra zu helfen. Die indonesische Militärarmee (TNI AD) hat Hunderte von Soldaten entsandt, um bei der Bewältigung von Überschwemmungen und Erdrutschen in mehreren Gebieten auf Sumatra zu helfen ...","Army deploys hundreds to assist flood, landslide handling in Sumatra. The Indonesian Military&#39;s Army (TNI AD) has deployed hundreds of soldiers to assist in handling floods and landslides across several areas on Sumatra ...","Exercitus centenos disponit ad auxilium diluvium, in Sumatra pertractans ruina. Exercitus Militaris Indonesianus &#39; Exercitus (TNI AD) centum milites in inundationibus tractandis et proruit per plures regiones in Sumatra pertractando direxit...",2025-12-04 06:46:48+00:00
768efb92608a8bacbc3d29050109c5cb,2025-11-24T11:26:30Z,'floods',www.aljazeera.com,en,0.9,Deadly floods and landslides continue to plague Southeast Asia,More rainfall is expected in the region over the coming days as thousands lose homes and crops.,https://www.aljazeera.com/news/2025/11/24/deadly-floods-and-landslides-continue-to-plague-southeast-asia,https://www.aljazeera.com/wp-content/uploads/2025/11/afp_69242d906bba-1763978640.jpg?resize=1920%2C1440,,"Heavy rains continue to cause widespread flooding and landslides across Southeast Asia and have claimed several more lives as authorities mobilise to try to help.
One person was confirmed to have be… [+2743 chars]",,"Südostasien wird weiterhin von tödlichen Überschwemmungen und Erdrutschen heimgesucht. In den kommenden Tagen wird in der Region mit weiteren Niederschlägen gerechnet, da Tausende Häuser und Ernten verlieren.",Deadly floods and landslides continue to plague Southeast Asia. More rainfall is expected in the region over the coming days as thousands lose homes and crops.,Inundationes mortiferae et ruinae Southeast Asia pestem pergunt. Plures pluviae in regione super venturos dies exspectantur quam mille domos et fruges amittunt.,2025-12-05 02:54:24+00:00
78a95237d803cf0b9c7c3ee8ca3b8325,2025-11-29T08:50:11Z,'flooding relief',www.aljazeera.com,en,0.9,Sri Lanka seeks foreign help as Cyclone Ditwah death toll reaches 123,"Some 44,000 people displaced by flooding across the country as relief operations intensify amid widespread destruction.",https://www.aljazeera.com/news/2025/11/29/sri-lanka-seeks-foreign-help-as-cyclone-ditwah-death-toll-reaches-123,https://www.aljazeera.com/wp-content/uploads/2025/11/afp_692a9f1431a8-1764400916.jpg?resize=1920%2C1440,,"Sri Lanka has made an appeal for international assistance as the death toll from heavy rains and floods triggered by Cyclone Ditwah rose to 123, with another 130 reported missing.
The extreme weathe… [+2658 chars]",,"Sri Lanka bittet um ausländische Hilfe, da die Zahl der Todesopfer durch den Zyklon Ditwah 123 erreicht. Rund 44.000 Menschen wurden durch Überschwemmungen im ganzen Land vertrieben, während die Hilfseinsätze angesichts der weit verbreiteten Zerstörung intensiviert werden.","Sri Lanka seeks foreign help as Cyclone Ditwah death toll reaches 123. Some 44,000 people displaced by flooding across the country as relief operations intensify amid widespread destruction.","Sri Lanka auxilium alienum quaerit ut Cyclone Ditwah toll ad mortem 123. Nonnulli 44,000 hominum per inundationem per regionem moti sunt ut operationes subsidiariae in magnam perniciem augeant.",2025-12-05 02:54:24+00:00
8798472867072e1cd9f8776d9912f83a,2025-11-27T15:04:26Z,'floods',www.pbs.org,en,0.9,Indonesia intensifies search for victims after floods and landslides kill 69 people,Rescuers are searching in rivers and the rubble of devastated villages for bodies and possible survivors after floods and landslides on Indonesia’s Sumatra island.,https://www.pbs.org/newshour/world/indonesia-intensifies-search-for-victims-after-floods-and-landslides-kill-69-people,https://d3i6fh83elv35t.cloudfront.net/static/2025/11/AP25330144297873-1024x683.jpg,,"MEDAN, Indonesia (AP) Rescuers searched Thursday in rivers and the rubble of villages for bodies and possible survivors after flash floods and landslides on Indonesias Sumatra island left 69 people d… [+4908 chars]",,"Indonesien intensiviert die Suche nach Opfern, nachdem bei Überschwemmungen und Erdrutschen 69 Menschen ums Leben kamen. Nach Überschwemmungen und Erdrutschen auf der indonesischen Insel Sumatra suchen Retter in Flüssen und den Trümmern zerstörter Dörfer nach Leichen und möglichen Überlebenden.",Indonesia intensifies search for victims after floods and landslides kill 69 people. Rescuers are searching in rivers and the rubble of devastated villages for bodies and possible survivors after floods and landslides on Indonesia’s Sumatra island.,Indonesia auget victimas quaerendas post diluvia et ruinas 69 homines necant. Rescuers in fluminibus et ruderibus villas vastatorum corporum quaerunt et superstites fieri possunt post diluvia et prostrationes in Sumatra insula Indonesia.,2025-12-05 13:00:36+00:00
22a3a2a69bdac5d0b12d6f4ad9308924,2025-11-30T09:50:00Z,'floods',en.antaranews.com,en,0.9,ANTARA chief leads prayer for victims of Sumatra widespread flooding,President Director of ANTARA News Agency Akhmad Munir led a moment of silence and collective prayer for residents affected by flash floods and landslides that ...,https://en.antaranews.com/news/394373/antara-chief-leads-prayer-for-victims-of-sumatra-widespread-flooding,https://cdn.antaranews.com/cache/1200x800/2025/11/30/Munir-dan-Listyo.jpeg,,Jakarta (ANTARA) - President Director of ANTARA News Agency Akhmad Munir led a moment of silence and collective prayer for residents affected by flash floods and landslides that hit several regions a… [+2317 chars],,"ANTARA-Chef leitet das Gebet für die Opfer der großflächigen Überschwemmung auf Sumatra. Der Präsident und Direktor der Nachrichtenagentur ANTARA, Akhmad Munir, leitete eine Schweigeminute und ein gemeinsames Gebet für die Bewohner, die von Sturzfluten und Erdrutschen betroffen waren, die ...",ANTARA chief leads prayer for victims of Sumatra widespread flooding. President Director of ANTARA News Agency Akhmad Munir led a moment of silence and collective prayer for residents affected by flash floods and landslides that ...,Princeps Antara ducit orationem pro victimis Sumatrae divulgatae inundationis. Praeses Director of Antarae Nuntii Akhmad Munir Agency momento duxit silentium et orationem collectivam pro habitantibus inundationibus et proruit mico affectis.,2025-12-05 13:00:36+00:00
6d7b29d503c8c5e211caa0624f1c9476,2025-11-15T00:13:00Z,'flooding rain',www.cbsnews.com,en,0.9,Residents brace for possible mudslides in burn scars of Los Angeles fires,"A slow-moving storm is expected to bring heavy rain to Southern California, and that could mean flooding and mudslides. Carter Evans has the latest and Lonnie Quinn has the forecast.",https://www.cbsnews.com/video/residents-brace-for-possible-mudslides-in-burn-scars-of-los-angeles-fires/,https://assets2.cbsnewsstatic.com/hub/i/r/2025/11/15/d7a0a19f-fff3-4603-bf5a-40a3a6ed0321/thumbnail/1200x630/9c376bf8a519493482057778ec20ad0f/cbsn-fusion-residents-brace-for-possible-mudslides-in-burn-scars-of-los-angeles-fires-thumbnail.jpg,,Copyright ©2025 CBS Interactive Inc. All rights reserved.,,"Anwohner bereiten sich auf mögliche Schlammlawinen in den Brandnarben der Brände in Los Angeles vor. Es wird erwartet, dass ein sich langsam bewegender Sturm heftigen Regen nach Südkalifornien bringt, was zu Überschwemmungen und Schlammlawinen führen könnte. Carter Evans hat das Neueste und Lonnie Quinn hat die Prognose.","Residents brace for possible mudslides in burn scars of Los Angeles fires. A slow-moving storm is expected to bring heavy rain to Southern California, and that could mean flooding and mudslides. Carter Evans has the latest and Lonnie Quinn has the forecast.",Residentibus stringet pro posse mudslides in incendiis cicatrices Los Angeles. Tempestas tarda movens expectatur pluviam gravem in California Australi et inundationem et mudslides significare posse. Carter Evans novissimam habet et Lonnie Quinn praesagium habet.,2025-12-06 02:45:00+00:00
879ffe06653a4186afd7476088daee1a,2025-11-16T09:37:56Z,'floods',www.bbc.com,en,0.9,Monmouth pulls together after unprecedented floods,"People are rallying together to help householders and businesses hit by devastating floods, MP says.",https://www.bbc.com/news/articles/cwyprxyw8rlo,https://ichef.bbci.co.uk/news/1024/branded_news/1781/live/647e0f80-c2ce-11f0-9d55-433111332088.png,,"Monmouth's River Monnow reached record levels, flooding parts of the town and surrounding areas
People are rallying together to help householders and businesses hit by unprecedented flooding in Monm… [+3020 chars]",,"Monmouth zieht nach beispiellosen Überschwemmungen zusammen. Menschen schließen sich zusammen, um Haushalten und Unternehmen zu helfen, die von den verheerenden Überschwemmungen betroffen sind, sagt MP.","Monmouth pulls together after unprecedented floods. People are rallying together to help householders and businesses hit by devastating floods, MP says.","Monumethensis post diluvia inaudita colligit. Populus conglobatur ad auxilium familias et negotia per inundationes vastandas, MP dicit.",2025-12-06 02:45:00+00:00
8914179948b2ce18cf14a42e214d8f3c,2025-11-25T20:55:30Z,'flooding residents',www.rt.com,en,0.9,"Floods kill at least 13, displace millions in Southern Thailand (VIDEOS)",Heavy flooding in southern Thailand has killed at least 13 people and displaced nearly 2 million across multiple provinces Read Full Article at RT.com,https://www.rt.com/news/628403-thailand-flooding-rains-death-toll/,https://mf.b37mrtl.ru/files/2025.11/article/692617a585f54035a5538b6b.jpg,,"Days of heavy monsoon rains in southern Thailand have killed at least 13 people and displaced nearly 2 million, local media reported on Tuesday, citing official estimates.
According to the Departmen… [+2420 chars]",,Überschwemmungen töten mindestens 13 Menschen und vertreiben Millionen in Südthailand (VIDEOS). Schwere Überschwemmungen in Südthailand haben in mehreren Provinzen mindestens 13 Menschen getötet und fast 2 Millionen vertrieben. Den vollständigen Artikel finden Sie auf RT.com,"Floods kill at least 13, displace millions in Southern Thailand (VIDEOS). Heavy flooding in southern Thailand has killed at least 13 people and displaced nearly 2 million across multiple provinces Read Full Article at RT.com","Inundationes saltem XIII occidunt, decies centena milia in Thailandia australi depellunt (VIDEOS). Gravis inundatio in Thailandia meridionali saltem quattuordecim homines occidit et emoti prope 2 miliones per plures provincias Read Full Article at RT.com",2025-12-06 02:45:00+00:00
8faaccce67f802e7d19d668245e40d1a,2025-11-28T04:50:25Z,'floods',indianexpress.com,en,0.9,"Sri Lanka shuts govt offices, schools as death toll from landslides and floods rises to 56",More than 200 mm of rainfall is expected in some central and northern parts of the island on Friday.,https://indianexpress.com/article/world/sri-lanka-shut-offices-schools-death-toll-landslides-floods-rises-10390567/,https://images.indianexpress.com/2025/11/Sri_Lanka_Weather_11632-eb3a6.jpg,,"Sri Lanka on Friday shut all government offices and schools as the death toll from floods and landslides across the country rose to 56, news agency AP reported quoting officials.Weather in Sri Lanka … [+2420 chars]",,"Sri Lanka schließt Regierungsbüros und Schulen, da die Zahl der Todesopfer durch Erdrutsche und Überschwemmungen auf 56 steigt. In einigen zentralen und nördlichen Teilen der Insel werden am Freitag mehr als 200 mm Niederschlag erwartet.","Sri Lanka shuts govt offices, schools as death toll from landslides and floods rises to 56. More than 200 mm of rainfall is expected in some central and northern parts of the island on Friday.","Sri Lanka officia praesidia claudit, scholae mortis vectigal ex prolapsionibus et inundationibus oriuntur 56. Plures quam 200 mm pluviarum exspectantur in quibusdam centralibus et septentrionalibus insulae die Veneris.",2025-12-06 02:45:00+00:00
2d636593dedea040a4d00fb7f0a60045,2025-11-30T22:24:52Z,'floods',www.abc.net.au,en,0.9,Death toll tops 800 as intense storms hammer Asian countries,"At least 212 people are dead and 218 are missing in Sri Lanka as floods, cyclones and torrential rain continue to affect millions of people across Asia.",https://www.abc.net.au/news/2025-12-01/death-toll-tops-800-as-intense-storms-hammer-asia/106085210,https://live-production.wcms.abc-cdn.net.au/57841a00a41bfe62f9f11c571c1e7d3a?impolicy=wcms_watermark_news&cropH=2813&cropW=5000&xPos=0&yPos=265&width=862&height=485&imformat=generic,,"Extreme weather across Asia has killed more than 800 people, with floods, cyclones and torrential rain continuing to affect millions of people.
The death toll in Sri Lanka from Cyclone Ditwah climbe… [+5272 chars]",,"Die Zahl der Todesopfer übersteigt 800, während heftige Stürme asiatische Länder heimsuchen. Mindestens 212 Menschen sind in Sri Lanka gestorben und 218 werden vermisst, da Millionen von Menschen in ganz Asien weiterhin von Überschwemmungen, Wirbelstürmen und sintflutartigen Regenfällen betroffen sind.","Death toll tops 800 as intense storms hammer Asian countries. At least 212 people are dead and 218 are missing in Sri Lanka as floods, cyclones and torrential rain continue to affect millions of people across Asia.","Mors toll cacumina 800, quantas tempestates Asiae regionibus concutiunt. Saltem 212 homines mortui sunt et 218 desunt in Sri Lanka sicut inundationes, cyclones et imbres torrentes pergunt ad decies centena milia hominum per Asiam.",2025-12-06 12:55:22+00:00
e9ec5e5fd0d19b9c962fe0f3bb5ed575,2025-11-10T06:42:31Z,'floods',english.shannews.org,en,0.9,Unseasonal Floods Destroy Rice Harvests Across Northern Shan State,"Farmers in northern Shan State are facing an unprecedented crisis as unseasonal, continuous heavy rainfall has triggered devastating floods, destroying much of the annual rice harvest and threatening long-term livelihoods. The disaster adds to ongoing instabi…",https://english.shannews.org/archives/28818,https://english.shannews.org/wp-content/uploads/2025/11/Flood-affected-Namphakkha-village-in-northern-Shan-State.jpg,,"Farmers in northern Shan State are facing an unprecedented crisis as unseasonal, continuous heavy rainfall has triggered devastating floods, destroying much of the annual rice harvest and threatening… [+1854 chars]",,"Ungewöhnliche Überschwemmungen zerstören Reisernten im nördlichen Shan-Staat. Landwirte im nördlichen Shan-Staat stehen vor einer beispiellosen Krise, da ungewöhnliche, anhaltende starke Regenfälle verheerende Überschwemmungen ausgelöst haben, die einen Großteil der jährlichen Reisernte zerstören und ihre langfristige Lebensgrundlage gefährden. Die Katastrophe trägt zur anhaltenden Instabilität bei …","Unseasonal Floods Destroy Rice Harvests Across Northern Shan State. Farmers in northern Shan State are facing an unprecedented crisis as unseasonal, continuous heavy rainfall has triggered devastating floods, destroying much of the annual rice harvest and threatening long-term livelihoods. The disaster adds to ongoing instabi…","Flumina intempestivos: Solvite Rice Harvests Trans septemtrionis Shan rei publicae. Agricolae in republica septentrionali Shan contra discrimen inauditum sicut intempestivum, continuae pluviae graves inundationes vastantes urguebant, multum annonae messis oryzae vastantes et diuturnum victum minantes. Clades addit instabi permanenti…",2025-12-08 13:02:28+00:00
cb12b0cd8bfef81193f63638116346b3,2025-11-30T12:11:41Z,'floods',www.aljazeera.com,en,0.9,Sri Lanka declares emergency as floods wreak havoc across Colombo,"More than 25,000 homes destroyed, 147,000 displaced, in Sri Lanka's deadliest flood since 2017, affecting Colombo.",https://www.aljazeera.com/gallery/2025/11/30/sri-lanka-declares-emergency-as-floods-wreak-havoc-across-colombo,https://www.aljazeera.com/wp-content/uploads/2025/11/2025-11-30T091855Z_1581888624_RC2U6IAEJV4V_RTRMADP_3_ASIA-WEATHER-SRI-LANKA-1764498529.jpg?resize=1920%2C1440,,"Devastating floods have swept through parts of capital Colombo as Sri Lanka reels from the aftermath of Cyclone Ditwah, with the death toll reaching 193 and 228 people still missing, according to the… [+2192 chars]",,"Sri Lanka erklärt den Notstand, da Überschwemmungen in ganz Colombo verheerende Schäden anrichten. Mehr als 25.000 Häuser wurden zerstört, 147.000 wurden vertrieben bei der tödlichsten Überschwemmung Sri Lankas seit 2017, die Colombo heimsuchte.","Sri Lanka declares emergency as floods wreak havoc across Colombo. More than 25,000 homes destroyed, 147,000 displaced, in Sri Lanka's deadliest flood since 2017, affecting Colombo.","Sri Lanka subitis declarat sicut inundationes per Columbum perdat. Plus quam 25,000 domos deleverunt, 147,000 emoti sunt, in diluvio maximo Sri Lanka ab anno 2017 afficientes Columbum.",2025-12-08 18:45:39+00:00
dca18315bec94d484fa8d8ec945cca2e,2025-11-27T12:27:22Z,'flooding',abcnews.go.com,en,0.9,Flooding death toll in southern Thailand rises to more than 80 as water levels fall,The death toll from severe flooding in southern Thailand has climbed to more than 80 people,https://abcnews.go.com/International/wireStory/flooding-death-toll-southern-thailand-rises-80-water-127924382,https://i.abcnewsfe.com/a/6e049ba5-e25a-46f6-8fa3-8e8f4906cc30/wirestory_1c5674116b3ea24b1343c90ccb1823e8_16x9.jpg?w=1600,,"BANGKOK -- The death toll from severe flooding in southern Thailand climbed to more than 80 people as floodwaters began to subside Thursday, officials said.
About 1 million households and more than … [+1706 chars]",,"Die Zahl der Todesopfer durch Überschwemmungen im Süden Thailands steigt auf über 80, da der Wasserstand sinkt. Die Zahl der Todesopfer durch schwere Überschwemmungen im Süden Thailands ist auf über 80 Menschen gestiegen",Flooding death toll in southern Thailand rises to more than 80 as water levels fall. The death toll from severe flooding in southern Thailand has climbed to more than 80 people,Inundatio mortis vectigal in Thailandia meridiana surgit ad plus quam 80 sicut gradus aquarum cadunt. Thelonei mortis ex gravibus inundationibus in Thailandia meridionali ad plus quam 80 homines ascendit,2025-12-09 06:47:23+00:00
7eded0747d725e228b4c8fbe2651ef8a,2025-11-28T09:37:52Z,'floods',abcnews.go.com,en,0.9,Death toll from floods in Thailand reaches 145,"The death toll from flooding in southern Thailand has reached at least 145, according to officials",https://abcnews.go.com/International/wireStory/death-toll-floods-thailand-reach-145-receding-water-127939897,https://i.abcnewsfe.com/a/dc9f098a-8280-4cfb-87f6-f3051fe28ae3/wirestory_aa127ba2af6a845dc309cfc2fe99d035_16x9.jpg?w=1600,,"BANGKOK -- The death toll from flooding in southern Thailand has reached at least 145, officials said Friday, as receding waters started to reveal devastating damage across the region.
More than 1.2… [+1501 chars]",,Die Zahl der Todesopfer durch Überschwemmungen in Thailand erreicht 145. Nach Angaben von Beamten hat die Zahl der Todesopfer durch Überschwemmungen in Südthailand mindestens 145 erreicht,"Death toll from floods in Thailand reaches 145. The death toll from flooding in southern Thailand has reached at least 145, according to officials","Mortuus vectigal ex inundationibus in Thailandia pervenit 145. Mortuus vectigal ex inundatione in Thailandia meridionali saltem 145 pervenit, secundum magistratus.",2025-12-09 06:47:23+00:00
2530eb6ee3d7994c52c06e20c68e95ce,2025-11-28T19:48:40Z,'floods',apnews.com,en,0.9,Death toll from floods in Thailand reaches 145 as receding water reveals widespread damage,Floods in southern Thailand leave 145 dead and millions affected as waters recede.,https://apnews.com/article/thailand-south-flood-damage-aa127ba2af6a845dc309cfc2fe99d035,https://nypost.com/wp-content/uploads/sites/2/2025/11/2025-shows-flood-waters-submerging-116343088.jpg?quality=75&strip=all&w=1200,,"BANGKOK The death toll from flooding in southern Thailand has reached at least 145, officials said Friday, as receding waters started to reveal devastating damage across the region.
More than 1.2 mi… [+2108 chars]",,"Die Zahl der Todesopfer durch Überschwemmungen in Thailand erreicht 145, da das zurückgehende Wasser weitreichende Schäden offenbart. Überschwemmungen im Süden Thailands fordern 145 Todesopfer und Millionen sind betroffen, da das Wasser zurückgeht.",Death toll from floods in Thailand reaches 145 as receding water reveals widespread damage. Floods in southern Thailand leave 145 dead and millions affected as waters recede.,Mortuus vectigal ex diluviis in Thailandia pervenit 145 ut aqua decedens damnum latissime patefacit. Inundationes in Thailandia meridionali exeunt CXLV mortuus et decies centena milia affecta sicut aquae recedunt.,2025-12-09 06:47:23+00:00
774226b04265b913a55b7ed74cb029c7,2025-11-29T08:45:24Z,'flooding',www.thejournal.ie,en,0.9,The 9 at 9: Saturday,"Dart extension delayed, extreme flooding in Asia, and new measures to protect Molly Malone.",https://www.thejournal.ie/the-9-at-9-saturday-160-6889071-Nov2025/,https://img2.thejournal.ie/article/6889071/river/?height=400&version=6889074,,"GOOD MORNING.
Heres all the news that you need to know as you start your day.
Dart improvements delayed
1. A major extension to the Dart network for West Dublin and Kildare has been delayed for at… [+2027 chars]",,"Die 9 um 9: Samstag. Verzögerung der Dart-Erweiterung, extreme Überschwemmungen in Asien und neue Maßnahmen zum Schutz von Molly Malone.","The 9 at 9: Saturday. Dart extension delayed, extreme flooding in Asia, and new measures to protect Molly Malone.","9 In 9 : Sabbato. Tela extensio morata est, extrema inundatio Asiae, et Molly Malone novae mensurae praesidio.",2025-12-09 06:47:23+00:00
13eea58c2680d943cfea5ec9b8e87ce4,2025-11-26T10:06:33Z,'floods',www.aljazeera.com,en,0.9,"Powerful storms, floods bring new challenges to Palestinians in Gaza","Aid organisations say that at least 300,000 mobile homes and tents are needed to house displaced people.",https://www.aljazeera.com/news/2025/11/26/powerful-storms-floods-bring-new-challenges-to-palestinians-in-gaza,https://www.aljazeera.com/wp-content/uploads/2025/11/ap_6926cd5f19ccc-1764150623.jpg?resize=1920%2C1440,,"Israels more than two-year genocidal war has forced nearly all of Gazas two million people from their homes to live in makeshift tents in displacement camps.
Added to their suffering is the prospect… [+3426 chars]",,"Heftige Stürme und Überschwemmungen stellen die Palästinenser in Gaza vor neue Herausforderungen. Hilfsorganisationen sagen, dass mindestens 300.000 Mobilheime und Zelte benötigt werden, um Vertriebene unterzubringen.","Powerful storms, floods bring new challenges to Palestinians in Gaza. Aid organisations say that at least 300,000 mobile homes and tents are needed to house displaced people.","Tempestates potentes, inundationes novas provocationes Palaestinis adducunt Gazam. Consociationes adiuvantes dicunt saltem 300.000 domicilia mobilia et tentoria necessaria esse ad domum hominum luxatorum.",2025-12-09 13:04:06+00:00
6f10685d6a09695e8508412198aaff55,2025-11-30T07:30:33Z,'floods',www.aljazeera.com,en,0.9,‘Neighbourhoods buried under mud’: Sri Lanka floods death toll rises to 159,President Anura Kumara Dissanayake declares a state of emergency to deal with the aftermath of Cyclone Ditwah.,https://www.aljazeera.com/news/2025/11/30/neighbourhoods-buried-under-mud-sri-lanka-floods-death-toll-rises-to-159,https://www.aljazeera.com/wp-content/uploads/2025/11/AFP__20251129__86JR4T4__v1__MidRes__SriLankaWeatherFlood-1764483898.jpg?resize=1200%2C630,,"At least 159 people have been confirmed dead across Sri Lanka as authorities continue to battle rising floodwaters in parts of the capital after a powerful cyclone left a trail of destruction.
More … [+2813 chars]",,"„Viertel unter Schlamm begraben“: Die Zahl der Todesopfer bei Überschwemmungen in Sri Lanka steigt auf 159. Präsident Anura Kumara Dissanayake ruft den Ausnahmezustand aus, um die Folgen des Zyklons Ditwah zu bewältigen.",‘Neighbourhoods buried under mud’: Sri Lanka floods death toll rises to 159. President Anura Kumara Dissanayake declares a state of emergency to deal with the aftermath of Cyclone Ditwah.,'Vincinia sub luto sepulta': Sri Lanka portorium mortis inundationes surgit 159. Praeses Anura Kumara Dissanayake declarat statum necessitatis agere cum Cyclone Ditwah reparata.,2025-12-09 13:04:06+00:00
dfc951d8f9f6a8d74f6a6fd389071c37,2025-11-11T03:34:22Z,'flooding disaster',www.nbcnews.com,en,0.9,Families of girls and counselors who died in Texas floods allege negligence by Camp Mystic,"The families of six children and two counselors killed in a flooding disaster that struck a Texas summer camp for girls in July filed two separate lawsuits Monday against the camp’s owners and others, alleging negligence",https://www.nbcnews.com/news/us-news/families-girls-counselors-died-texas-floods-camp-mystic-negligent-rcna243134,"https://media-cldnry.s-nbcnews.com/image/upload/t_nbcnews-fp-1200-630,f_auto,q_auto:best/rockcms/2025-07/250707-camp-mystic-vl-1214p-9abe2d.jpg",,"The families of six children and two counselors killed in a flooding disaster that struck a Texas summer camp for girls in July filed two separatelawsuits Monday against the camps owners and others, … [+4544 chars]",,"Familien von Mädchen und Beratern, die bei Überschwemmungen in Texas ums Leben kamen, werfen Camp Mystic Fahrlässigkeit vor. Die Familien von sechs Kindern und zwei Betreuern, die bei einer Überschwemmungskatastrophe in einem Sommercamp für Mädchen in Texas im Juli ums Leben kamen, reichten am Montag zwei separate Klagen gegen die Besitzer des Camps und andere wegen Fahrlässigkeit ein","Families of girls and counselors who died in Texas floods allege negligence by Camp Mystic. The families of six children and two counselors killed in a flooding disaster that struck a Texas summer camp for girls in July filed two separate lawsuits Monday against the camp’s owners and others, alleging negligence","Familiae puellarum et consiliariorum, qui in Texas inundationibus mortui sunt, negligentiam per Castra Mystica allegant. Familiae sex puerorum et duorum consiliariorum in calamitate inundatione occisae quae in castris aestivis Texas pro puellis in Iulio mense Iulio interpositae sunt duae causae separatae contra dominos castrorum et alios, neglegentiam allegantes.",2025-12-09 18:40:20+00:00
098cc3736fd7120d6ef1197d80105a57,2025-11-27T06:50:19Z,'floods',en.protothema.gr,en,0.9,Severe Weather “Adel”: Problems in Corfu and Aitoloakarnania – Where it will strike in the coming hours (videos-photos),"Overflowing streams, floods, landslides and emergency alerts from 112 – The rainfall event is classified in Category 5
The post Severe Weather “Adel”: Problems in Corfu and Aitoloakarnania – Where it will strike in the coming hours (videos-photos) appeared fi…",https://en.protothema.gr/2025/11/27/severe-weather-adel-problems-in-corfu-and-aitoloakarnania-where-it-will-strike-in-the-coming-hours-videos-photos/,https://en.protothema.gr/wp-content/uploads/2025/11/kerkyra-vroxi-mak.webp,,"Many areas in western Greece experienced a difficult night, as severe weather system Adel is causing floods, stream overflows, landslides and operational disruptions, while emergency alerts via 112 h… [+11694 chars]",,"Unwetter „Adel“: Probleme auf Korfu und Aitolo-Akarnanien – Wo es in den kommenden Stunden zuschlagen wird (Videos-Fotos). Überlaufende Bäche, Überschwemmungen, Erdrutsche und Notfallwarnungen ab 112 – Das Regenereignis wird in Kategorie 5 eingestuft
Der Beitrag Unwetter „Adel“: Probleme auf Korfu und Aitolo-Akarnanien – Wo es in den kommenden Stunden zuschlagen wird (Videos-Fotos) erschien erst…","Severe Weather “Adel”: Problems in Corfu and Aitoloakarnania – Where it will strike in the coming hours (videos-photos). Overflowing streams, floods, landslides and emergency alerts from 112 – The rainfall event is classified in Category 5
The post Severe Weather “Adel”: Problems in Corfu and Aitoloakarnania – Where it will strike in the coming hours (videos-photos) appeared fi…","Tempestas gravis ""Adel"": Problemata in Corcyra et Aitoloakarnania - Ubi in adventus horas percutiet (videos-photos). Inundantia flumina, inundationes, proruit et subitis summis ex 112 - Pluviis eventus in Categoria 5 numeretur.
Post Serenum Tempestas “Adel”: Problemata in Corcyra et Aitoloakarnania – Ubi in adventus horas percutiet (videos-photos) fi…",2025-12-11 06:49:12+00:00
72d1554926f3fe9149eeb981edba46a5,2025-11-26T08:35:46Z,'flooding',www.abc.net.au,en,0.9,Patients evacuated by helicopter from Thai hospital as flooding continues,"Floods across nine Thai provinces have killed 33 people and affected more than 2.7 million, with more rain forecast.",https://www.abc.net.au/news/2025-11-26/thailand-floods-death-toll-33-military-rescues/106056780,https://live-production.wcms.abc-cdn.net.au/e4d16819b0ffc7e7ac1b64e4be7180db?impolicy=wcms_watermark_news&cropH=2813&cropW=5000&xPos=0&yPos=257&width=862&height=485&imformat=generic,,"Authorities in Thailand are sending helicopters to evacuate critically ill patients from a southern hospital marooned by some of the region's worst floods in years.
The death toll has risen to 33 an… [+2842 chars]",,"Patienten werden wegen anhaltender Überschwemmungen mit einem Hubschrauber aus einem thailändischen Krankenhaus evakuiert. Überschwemmungen in neun thailändischen Provinzen haben 33 Menschen das Leben gekostet und mehr als 2,7 Millionen Menschen betroffen, wobei weitere Regenfälle vorhergesagt werden.","Patients evacuated by helicopter from Thai hospital as flooding continues. Floods across nine Thai provinces have killed 33 people and affected more than 2.7 million, with more rain forecast.","Aegroti helicopter ab nosocomio Thai quod in inundatione evacuatum pergit. Inundationes ultra novem provincias Thaies 33 homines occiderunt et plus quam 2.7 miliones affectaverunt, cum pluvia plus prospicere.",2025-12-11 13:05:29+00:00
cde4419f97901a144846fd20c07fb617,2025-11-26T07:01:24Z,'floods',www.aljazeera.com,en,0.9,"Southern Thailand floods kill 13, leave thousands stranded",Floods have left thousands of people stranded and large areas under water in southern Thailand and northern Malaysia.,https://www.aljazeera.com/news/2025/11/26/southern-thailand-floods-kill-13-leave-thousands-stranded,https://www.aljazeera.com/wp-content/uploads/2025/11/reuters_69267af2-1764129522.jpg?resize=1200%2C675,,"Thailand has declared its southern Songkhla province a disaster zone, after heavy rainfall left thousands stranded and at least 13 people dead, according to Thai officials and media reports.
Floodwa… [+3420 chars]",,"Bei Überschwemmungen im Süden Thailands kommen 13 Menschen ums Leben, Tausende stranden. Überschwemmungen haben dazu geführt, dass Tausende Menschen in Südthailand und Nordmalaysia gestrandet sind und große Gebiete unter Wasser stehen.","Southern Thailand floods kill 13, leave thousands stranded. Floods have left thousands of people stranded and large areas under water in southern Thailand and northern Malaysia.",Inundationes Thailandia meridionalis interficient XIII milia destitutus relinquet. Diluvia milia hominum destituta et magnas areas sub aquis reliquerunt in Thailandia meridionali et in Malaysia septentrionali.,2025-12-13 02:49:37+00:00
72632407f59c97855fbf4ce4aee275ff,2025-11-27T19:42:10Z,'floods',www.aljazeera.com,en,0.9,Tens of thousands displaced as floods sweep across South Asia,Heavy rains have unleashed devastating floods and landslides across South Asia.,https://www.aljazeera.com/video/newsfeed/2025/11/27/tens-of-thousands-displaced-as-floods-sweep-across-south-asia,https://www.aljazeera.com/wp-content/uploads/2025/11/image-1764272468.jpg?resize=1920%2C1080&quality=80,,"NewsFeed
Heavy rains have unleashed devastating floods and landslides across South Asia. Sri Lanka, Thailand, Indonesia and Malaysia have all been hit, with rising death tolls and mass evacuations.",,Zehntausende wurden aufgrund der Überschwemmungen in Südasien vertrieben. Heftige Regenfälle haben in ganz Südasien verheerende Überschwemmungen und Erdrutsche ausgelöst.,Tens of thousands displaced as floods sweep across South Asia. Heavy rains have unleashed devastating floods and landslides across South Asia.,Decem milia luxatis sicut inundationes in Asiam Australem verrunt. Imbres graves inundationes vastantes inundationes et proruit per Asiam Meridionalem.,2025-12-13 02:49:37+00:00
b2156d96143978d6b0d8b00fc572bf82,2025-11-16T14:05:35Z,'flooding',www.irishtimes.com,en,0.9,Storm Claudia: People urged to check on vulnerable neighbours as flooding still possible,Areas in Wexford and Laois are among the worst affected by flooding since Friday,https://www.irishtimes.com/ireland/2025/11/16/storm-claudia-people-urged-to-check-on-vulnerable-neighbours-as-flooding-still-possible/,https://www.irishtimes.com/resizer/v2/TRK5QECG22ZU4A4PONHOV4KLII.jpg?smart=true&auth=ff8efe61563ed90a1a7e3292a8664c37cb7c16c877bee0160c14c37712cc50d6&width=1200&height=630,,"Flooding is still possible across parts of Leinster and Munster after the heavy rain brought by Storm Claudia, the State emergency response body has said.
Areas of counties Wexford and Laois were am… [+3355 chars]",,"Sturm Claudia: Die Menschen werden aufgefordert, nach gefährdeten Nachbarn zu sehen, da weiterhin Überschwemmungen möglich sind. Gebiete in Wexford und Laois gehören zu den am stärksten von Überschwemmungen seit Freitag betroffenen Gebieten",Storm Claudia: People urged to check on vulnerable neighbours as flooding still possible. Areas in Wexford and Laois are among the worst affected by flooding since Friday,Tempestas Claudia: Homines suaserunt ut vicinos vulnerabiles inundationem adhuc fieri inspiciant. Areae in Wexford et Laois inter pessimos inundationes cum Veneris affectae sunt,2025-12-13 18:38:36+00:00
5f25f3547d5fb698a3a5da41307e1c8e,2025-11-26T19:31:34Z,'flooding',www.aljazeera.com,en,0.9,Deadly floods swamp homes in Thailand as residents wait for aid,Heavy rainfall in southern Thailand has caused flooding that left thousands stranded and at least 33 people dead.,https://www.aljazeera.com/video/newsfeed/2025/11/26/deadly-floods-swamp-homes-in-thailand-as-residents-wait-for-aid,https://www.aljazeera.com/wp-content/uploads/2025/11/image-1764185476.jpg?resize=1920%2C1080&quality=80,,"NewsFeed
Heavy rainfall in southern Thailand has caused flooding that left thousands stranded and at least 33 people dead, according to Thai officials. Al Jazeeras Tony Cheng joined local volunteers… [+61 chars]",,"Tödliche Überschwemmungen überschwemmen Häuser in Thailand, während die Bewohner auf Hilfe warten. Heftige Regenfälle haben im Süden Thailands zu Überschwemmungen geführt, bei denen Tausende festsaßen und mindestens 33 Menschen starben.",Deadly floods swamp homes in Thailand as residents wait for aid. Heavy rainfall in southern Thailand has caused flooding that left thousands stranded and at least 33 people dead.,Inundat mortiferum paludis domos in Thailandia ut incolas auxilium exspectant. Imbres graves in Thailandia meridionali inundationem effecit quae supersunt milia destitutus et saltem 33 homines mortui.,2025-12-14 06:43:11+00:00
802fb1868dce302c53631f92f079b384,2025-11-30T16:06:28Z,'floods',www.bbc.com,en,0.9,Indonesia searches for hundreds missing in deadly floods,"The death toll on the island of Sumatra has risen to more than 440, the government says.",https://www.bbc.com/news/articles/clyz82z7p8zo,https://ichef.bbci.co.uk/news/1024/branded_news/63c8/live/ec2e8510-ce07-11f0-8c06-f5d460985095.jpg,,"Astudestra Ajengrastri,Jakartaand
Residents look at flood damage in Padang on Sunday
Rescuers in Indonesia are searching for at least 400 people who have been reported missing, many believed to be … [+2687 chars]",,Indonesien sucht nach Hunderten Vermissten bei tödlichen Überschwemmungen. Die Zahl der Todesopfer auf der Insel Sumatra ist nach Angaben der Regierung auf über 440 gestiegen.,"Indonesia searches for hundreds missing in deadly floods. The death toll on the island of Sumatra has risen to more than 440, the government says.","Indonesia centenas inquisitiones in inundationibus mortiferis desunt. Mortuus vectigal in insula Sumatra plus quam 440 orta est, imperium dicit.",2025-12-14 06:43:11+00:00
35de7a8e8e9f068a21152e61dd2fa623,2025-11-17T18:56:49Z,'flooding disaster',newrepublic.com,en,0.9,FEMA Head Abruptly Resigns After Going MIA,"Acting Federal Emergency Management Agency (FEMA) Administrator David Richardson abruptly resigned from his post on Monday, according to sources familiar with the situation. His resignation comes after months of being AWOL, particularly during deadly flooding…",https://newrepublic.com/post/203305/fema-head-david-richardson-resigns,https://images.newrepublic.com/139a0eed9a804b0a2d48c9dbb155f54fe1d189d7.jpeg?w=1200&h=630&crop=faces&fit=crop&fm=jpg,,"The United States, of course, is a nation of immigrants. Thats not a lie. No American citizen, with the exception of Native Americans, has a family history that does not involve some form of immigrat… [+906 chars]",,"FEMA-Chef tritt abrupt zurück, nachdem er vermisst wurde. Der amtierende Administrator der Federal Emergency Management Agency (FEMA), David Richardson, ist laut Quellen, die mit der Situation vertraut sind, am Montag abrupt von seinem Amt zurückgetreten. Sein Rücktritt erfolgt nach Monaten der Abwesenheit, insbesondere während tödlicher Überschwemmungen …","FEMA Head Abruptly Resigns After Going MIA. Acting Federal Emergency Management Agency (FEMA) Administrator David Richardson abruptly resigned from his post on Monday, according to sources familiar with the situation. His resignation comes after months of being AWOL, particularly during deadly flooding…","FEMA caput Abrupte renunciet euntes MIA. Agens Foederatum Emergency Management Agency (FEMA) Administrator David Richardson repente e statione sua die Lunae renuntiavit secundum fontes rei familiaris. Renuntiatio eius venit post menses AWOL, praesertim in inundatione letali.",2025-12-14 12:56:14+00:00
6e5189c9dc83a10fea418f8401e3a68c,2025-11-30T13:51:13Z,'floods',www.aljazeera.com,en,0.9,Indonesia floods death toll rises to 442 as people hunt for food and water,"At least two areas of the worst-affected Sumatra island still unreachable, as authorities struggle to deliver aid.",https://www.aljazeera.com/news/2025/11/30/indonesia-floods-death-toll-rises-to-442-as-people-hunt-for-food-and-water,https://www.aljazeera.com/wp-content/uploads/2025/11/afp_692c3bd9d7bf-1764506585.jpg?resize=1920%2C1440,,"The death toll from devastating floods and landslides in Indonesia has risen to 442, according to a tally published by the national disaster agency, as desperate people hunt for food and water.
The … [+2030 chars]",,"Die Zahl der Todesopfer bei Überschwemmungen in Indonesien steigt auf 442, da Menschen auf der Suche nach Nahrung und Wasser sind. Mindestens zwei Gebiete der am stärksten betroffenen Insel Sumatra sind immer noch nicht erreichbar, da die Behörden Schwierigkeiten haben, Hilfe zu leisten.","Indonesia floods death toll rises to 442 as people hunt for food and water. At least two areas of the worst-affected Sumatra island still unreachable, as authorities struggle to deliver aid.","Indonesia inundationes mortuorum resurgit 442 ut homines cibum et aquam venantur. Saltem duobus locis pessime affecti Sumatra insula adhuc inaccessibilis est, ut auctores auxilium auxilium ferre contendant.",2025-12-14 12:56:14+00:00
d8897ca612083e96a4d720788cdb0bf9,2025-11-28T08:44:15Z,'floods',www.bbc.com,en,0.9,Scores killed as floods sweep several Asian nations,At least 80 people have died in Indonesia with another 56 dead in Sri Lanka in a week of extreme weather.,https://www.bbc.com/news/videos/cp9kxxy123do,https://ichef.bbci.co.uk/news/1024/branded_news/2084/live/511c5670-cc35-11f0-8c06-f5d460985095.jpg,,"Parts of Asia are suffering some of the worst floods the region has seen in years, with millions affected across Indonesia, Malaysia, Sri Lanka and Thailand.
At least 80 people have died and dozens … [+131 chars]",,"Zahlreiche Tote bei Überschwemmungen in mehreren asiatischen Ländern. In einer Woche extremen Wetters sind in Indonesien mindestens 80 Menschen gestorben, weitere 56 in Sri Lanka.",Scores killed as floods sweep several Asian nations. At least 80 people have died in Indonesia with another 56 dead in Sri Lanka in a week of extreme weather.,Scores occisus est sicut inundationes plurimas Asiae gentes trahunt. Saltem 80 homines in Indonesia cum aliis 56 mortui in Sri Lanka mortui sunt in hebdomada extremae tempestatis.,2025-12-15 03:04:14+00:00
73317744cb4d1ac0db162dca4fa60135,2025-11-20T16:17:47Z,'flooding',www.yahoo.com,en,0.9,"Last storm to close out California's wet stretch with flooding rain, mountain snow","Widespread rain and flooding risks will threaten parts of Southern California through late week, the last in a long line of storms to drench the state.",https://www.yahoo.com/news/articles/last-storm-close-californias-wet-161747988.html,https://media.zenfs.com/en/accuweather_articles_339/13b32bbecb8381c09a03df441fe0b2d7,,"A high-impact storm will close out a week-long stretch of active weather in California, bringing widespread rain and accumulating mountain snow into the weekend. The storm will raise the risk of floo… [+2164 chars]",,"Letzter Sturm, der den nassen Abschnitt Kaliforniens mit überschwemmendem Regen und Bergschnee lahmlegte. Weit verbreitete Regen- und Überschwemmungsrisiken werden bis Ende der Woche Teile Südkaliforniens bedrohen, der letzte in einer langen Reihe von Stürmen, die den Staat durchnässt haben.","Last storm to close out California's wet stretch with flooding rain, mountain snow. Widespread rain and flooding risks will threaten parts of Southern California through late week, the last in a long line of storms to drench the state.","Ultima tempestas claudere Californiam umida tractus pluviae inundantis, montis nivis. Imbres divulgatae et inundationes periculorum partes Californiae meridionales per multam hebdomadam imminebunt, quae ultima in longa linea tempestatum ad rem publicam perfundenda est.",2025-12-15 13:06:27+00:00
e5899bd50b45a63eab5e6673369a7148,2025-11-27T18:28:01Z,'flooding',www.yahoo.com,en,0.9,At Least 17 Dead After Landslides and Flash Floods Inundate Popular Tourist Destination,"At least 17 people are dead and several others are missing after landslides and flooding ravaged Indonesia’s Sumatra island, a popular tourist destination...",https://www.yahoo.com/entertainment/videos/least-17-dead-landslides-flash-182801771.html,https://media.zenfs.com/en/video.people.time.com/345a30dcf4e08bded8eb03ee9299fb47,,"At least 17 people are dead and several others are missing after landslides and flooding ravaged Indonesias Sumatra island, a popular tourist destination. Monsoon rains have been hammering the area f… [+398 chars]",,"Mindestens 17 Tote nach Erdrutschen und Überschwemmungen in beliebtem Touristenziel. Mindestens 17 Menschen sind tot und mehrere weitere werden vermisst, nachdem Erdrutsche und Überschwemmungen die indonesische Insel Sumatra, ein beliebtes Touristenziel, verwüstet haben.","At Least 17 Dead After Landslides and Flash Floods Inundate Popular Tourist Destination. At least 17 people are dead and several others are missing after landslides and flooding ravaged Indonesia’s Sumatra island, a popular tourist destination...","Saltem 17 Mortuus Post Landslides et Flash flumina inundat Popular VIATOR destinatio. Saltem XVII homines mortui sunt et plures alii desunt postquam propulsiones et inundationes sumatrae insulae Indonesiae populatae sunt, destinatio popularis urbis...",2025-12-15 18:47:37+00:00
c311836b07880bfdd57536fa009428e0,2025-11-28T12:45:54Z,'floods',www.npr.org,en,0.9,Death toll from floods and landslides on Indonesia's Sumatra rises to 174,"The death toll from flash floods and landslides on Indonesia's Sumatra island Friday rose to 174 on Friday with 79 people missing, authorities said.",https://www.npr.org/2025/11/28/nx-s1-5623878/death-toll-floods-landslides-indonesias-sumatra-rises-to-174,https://npr.brightspotcdn.com/dims3/default/strip/false/crop/3647x2051+0+151/resize/1400/quality/100/format/jpeg/?url=http%3A%2F%2Fnpr-brightspot.s3.amazonaws.com%2F87%2Ff3%2F6c4ccaff458e9a35fc35471cb50e%2Fap25332235096303.jpg,,"PADANG, Indonesia The death toll from flash floods and landslides on Indonesia's Sumatra island Friday rose to 174 on Friday with 79 people missing, authorities said.
Rescuers were hampered by damag… [+2494 chars]",,"Die Zahl der Todesopfer durch Überschwemmungen und Erdrutsche auf der indonesischen Insel Sumatra steigt auf 174. Die Zahl der Todesopfer durch Sturzfluten und Erdrutsche auf der indonesischen Insel Sumatra am Freitag stieg am Freitag auf 174, wobei 79 Menschen vermisst wurden, teilten die Behörden mit.","Death toll from floods and landslides on Indonesia's Sumatra rises to 174. The death toll from flash floods and landslides on Indonesia's Sumatra island Friday rose to 174 on Friday with 79 people missing, authorities said.","Mortuus vectigal ab inundationibus et landslides in Sumatra in Indonesia oritur 174. Thelonei mortem a mico inundationibus et proruit in Sumatra insula Veneris in Indonesia 174 die Veneris cum 79 hominibus absentis, auctores dixerunt.",2025-12-15 18:47:37+00:00
04aff701c9f789c327ab4cb1622d255b,2025-11-28T11:42:00Z,'floods',www.aljazeera.com,en,0.9,More than 50 killed in deadly Sri Lanka floods: What we know so far,Cyclone Ditwah caused landslides in the central mountainous tea-growing regions of Badulla and Nuwara Eliya.,https://www.aljazeera.com/economy/2025/11/28/more-than-50-killed-in-deadly-sri-lanka-floods-what-we-know-so-far,https://www.aljazeera.com/wp-content/uploads/2025/11/afp_69296f6d1b21-1764323181.jpg?resize=1920%2C1440,,"Floods and landslides in Sri Lanka have killed at least 56 people as Cyclone Ditwah, a deadly tropical storm, swept across the South Asian country on Friday.
Here is what we know.
What has happened… [+4109 chars]",,Mehr als 50 Tote bei tödlichen Überschwemmungen in Sri Lanka: Was wir bisher wissen. Zyklon Ditwah verursachte Erdrutsche in den zentralgebirgigen Teeanbaugebieten Badulla und Nuwara Eliya.,More than 50 killed in deadly Sri Lanka floods: What we know so far. Cyclone Ditwah caused landslides in the central mountainous tea-growing regions of Badulla and Nuwara Eliya.,Plus quam 50 occidit in inundationibus funestibus Sri Lanka: Quod scimus tam longe. Cyclone Ditwah in media regiones montanas tea-crescentis Badullae et Nuwara Eliya prolapsas effecit.,2025-12-16 13:04:45+00:00
e688e63b6ccbc4518b2a674894566ddf,2025-11-27T06:45:53Z,'floods',www.yahoo.com,en,0.9,More than 30 dead and 14 missing as heavy rains trigger landslides and floods in Sri Lanka,Sri Lanka stopped passenger trains and closed roads in some parts of the country where landslides and floods triggered by heavy rains have caused more than...,https://www.yahoo.com/news/articles/more-20-dead-14-missing-064553768.html,https://s.yimg.com/cv/apiv2/social/images/yahoo_default_logo-1200x1200.png,,"COLOMBO, Sri Lanka (AP) Sri Lanka stopped passenger trains and closed roads in some parts of the country where landslides and floods triggered by heavy rains have caused more than 30 deaths, official… [+1190 chars]",,"Mehr als 30 Tote und 14 Vermisste, da heftige Regenfälle in Sri Lanka Erdrutsche und Überschwemmungen auslösen. Sri Lanka stoppte Personenzüge und sperrte Straßen in einigen Teilen des Landes, wo Erdrutsche und Überschwemmungen durch heftige Regenfälle mehr als... verursacht haben.",More than 30 dead and 14 missing as heavy rains trigger landslides and floods in Sri Lanka. Sri Lanka stopped passenger trains and closed roads in some parts of the country where landslides and floods triggered by heavy rains have caused more than...,Plus quam 30 mortui et 14 desunt sicut pluviae felis proruit et inundationes in Sri Lanka. Sri Lanka impedimenta viatorum cessaverunt et itinera clausa in nonnullis partibus terrae ubi proruit et inundationes imbribus urguebant plus quam ... fecerunt.,2025-12-17 18:47:44+00:00
5221cdf3e1c9d3ee83e2afbafc32077a,2025-11-02T05:27:05Z,'flooding',dailycaller.com,en,0.7,"Southeast Could Get Blasted With Coastal Storm To Bring Heavy Rain, Flooding","The Southeastern United States could potentially be getting hit with another coastal storm, only days following a different system that brought rain and wind.",https://dailycaller.com/2025/11/02/southeast-coastal-storm-rain-flooding-low-pressure-weather/,"https://images.dailycaller.com/image/width=1280,height=549,fit=cover,format=webp,f=auto/https://cdn01.dailycaller.com/wp-content/uploads/2025/11/GettyImages-2174061614-scaled-e1762059777326.jpg",,"The Southeastern United States could potentially be getting hit with another coastal storm, only days following a different system that brought heavy rain, powerful winds and coastal flooding to a lo… [+1438 chars]",,"Der Südosten könnte von einem Küstensturm heimgesucht werden, der starken Regen und Überschwemmungen mit sich bringt. Der Südosten der Vereinigten Staaten könnte möglicherweise von einem weiteren Küstensturm heimgesucht werden, der nur wenige Tage nach einem anderen System Regen und Wind mit sich brachte.","Southeast Could Get Blasted With Coastal Storm To Bring Heavy Rain, Flooding. The Southeastern United States could potentially be getting hit with another coastal storm, only days following a different system that brought rain and wind.","Imbribus oram tempestatis ad inferendam gravem, inundatio, urere potuit Southeast. Civitates Americae australes potentia cum alia tempestate maritima possent ferire, solum dies sequentes alium systema pluviam et ventum intulerunt.",2025-12-18 02:55:19+00:00
16e79913ff3a3bd450f069e33fd665a8,2025-11-02T21:54:57Z,'flooding',dailycaller.com,en,0.7,"Forecasts Show Atmospheric River Storms Slamming Pacific Northwest With Heavy Rain, Flooding","When it comes to November, it's the Pacific Northwest's wettest month of the season, and like clockwork, atmospheric river-style storms are in the forecast.",https://dailycaller.com/2025/11/02/atmospheric-river-storms-pacific-northwest-rain-flooding-weather/,"https://images.dailycaller.com/image/width=1280,height=549,fit=cover,format=webp,f=auto/https://cdn01.dailycaller.com/wp-content/uploads/2025/11/GettyImages-1986521421-scaled-e1762118714437.jpg",,"When it comes to November, it’s usually the Pacific Northwest’s wettest month of the season, and like clockwork, multiple atmospheric river-style storms are in the forecast to begin the first full we… [+2657 chars]",,"Vorhersagen zeigen, dass atmosphärische Flussstürme den pazifischen Nordwesten mit heftigen Regenfällen und Überschwemmungen treffen. Der November ist der feuchteste Monat der Saison im pazifischen Nordwesten und wie am Schnürchen sind atmosphärische Flussstürme vorhergesagt.","Forecasts Show Atmospheric River Storms Slamming Pacific Northwest With Heavy Rain, Flooding. When it comes to November, it's the Pacific Northwest's wettest month of the season, and like clockwork, atmospheric river-style storms are in the forecast.","Praedictiones Monstrare Procellae Fluminis Atmosphaerici Slamming Pacifici Northwest Cum Gravi Pluvia, Inundatio. Cum ad Novembrem advenit, suus Pacificus Northwest, humidissimus mensis temporis, et sicut horologium, tempestates atmosphaericas fluminis stili in praesagio sunt.",2025-12-18 02:55:19+00:00
7915224a99cd0892ac52ba1704146953,2025-11-06T05:24:44Z,'floods',www.bbc.com,en,0.7,Watch: Cars pile up on Philippines streets after typhoon,"Floods have swept through towns, killing at least 85 people and leaving 75 others missing.",https://www.bbc.com/news/videos/cr5el2jm1e9o,https://ichef.bbci.co.uk/news/1024/branded_news/4ed2/live/f5a75630-baca-11f0-aa13-0b0479f6f42a.jpg,,"Aerial footage from the Philippines shows the destruction wrought on homes and streets by Typhoon Kalmaegi. 
It was one of the strongest typhoons in the Philippines this year. 
At least 85 people h… [+147 chars]",,"Beobachten Sie: Nach dem Taifun stauen sich Autos auf den Straßen der Philippinen. Überschwemmungen haben Städte heimgesucht, mindestens 85 Menschen getötet und 75 weitere vermisst.","Watch: Cars pile up on Philippines streets after typhoon. Floods have swept through towns, killing at least 85 people and leaving 75 others missing.","Vigilate: Cars in Philippinis plateas post typhonium struunt. Flumina per oppida rapuerunt, 85 saltem caesis populis, desunt 75 cetera.",2025-12-18 02:55:19+00:00
9578303ac5f12ca0f49c4b30ac1f3f80,2025-11-17T08:01:53Z,'tidal surge',www.ghanaweb.com,en,0.7,"Tidal Rave 2025: Big moments, long delay and a ‘full house’ at La Palm","The beach at La Palm Royal Beach Hotel came alive on November 15, 2025, as Tidal Rave Festival wrapped up its second and final day with a surge of music, colour and youthful energy.",https://www.ghanaweb.com/GhanaHomePage/entertainment/Tidal-Rave-2025-Big-moments-long-delay-and-a-full-house-at-La-Palm-2009763,https://cdn.ghanaweb.com/imagelib/pics/793/79361808.jpg,,"The beach at La Palm Royal Beach Hotel came alive on November 15, 2025, as Tidal Rave Festival wrapped up its second and final day with a surge of music, colour and youthful energy. 
Thousands of re… [+5013 chars]",,"Tidal Rave 2025: Große Momente, lange Verzögerung und ein „volles Haus“ im La Palm. Der Strand am La Palm Royal Beach Hotel erwachte am 15. November 2025 zum Leben, als das Tidal Rave Festival seinen zweiten und letzten Tag mit einer Flut von Musik, Farbe und jugendlicher Energie abschloss.","Tidal Rave 2025: Big moments, long delay and a ‘full house’ at La Palm. The beach at La Palm Royal Beach Hotel came alive on November 15, 2025, as Tidal Rave Festival wrapped up its second and final day with a surge of music, colour and youthful energy.","Tidal Rave 2025: Big momenta, longae morae et 'plena domus' apud La Palm. Litore in La Palm Royal Beach Hotel vivit die 15 mensis Novembris anno 2025, ut Tidal Rave Festival secundo et ultimo die cum aestu musicorum, colore et iuvenili industria involutus est.",2025-12-18 02:55:19+00:00
47c148652f590e6e186e3b04e1e89530,2025-11-22T13:00:00Z,veryUnusualAndNeverUsedKeyword,www.dailysignal.com,en,0.7,"Poll: Americans Fed Up With Illegal Chinese Vapes Flooding the Country, Many Funneled Through Florida","Why are dangerous illegal vape products from China still making their way onto American retail shelves, especially when they’re not even legal in the country... Read More
The post Poll: Americans Fed Up With Illegal Chinese Vapes Flooding the Country, Many Fu…",https://www.dailysignal.com/2025/11/22/poll-americans-fed-up-with-illegal-chinese-vapes-flooding-the-country-many-funneled-through-florida/,https://www.dailysignal.com/wp-content/uploads/2025/11/251117_Vaping_Young_People.jpg,,"Why are dangerous illegal vape products from China still making their way onto American retail shelves, especially when theyre not even legal in the country where theyre made? 
Thats the question Fl… [+2976 chars]",,"Umfrage: Die Amerikaner haben es satt, dass illegale chinesische E-Zigaretten das Land überschwemmen, viele schleusen sie über Florida. Warum gelangen gefährliche illegale E-Zigaretten-Produkte aus China immer noch in die amerikanischen Einzelhandelsregale, insbesondere wenn sie im Land noch nicht einmal legal sind ... Lesen Sie mehr
Die Post-Umfrage: Amerikaner haben es satt, dass illegale chinesische E-Zigaretten das Land überschwemmen, viele Fu…","Poll: Americans Fed Up With Illegal Chinese Vapes Flooding the Country, Many Funneled Through Florida. Why are dangerous illegal vape products from China still making their way onto American retail shelves, especially when they’re not even legal in the country... Read More
The post Poll: Americans Fed Up With Illegal Chinese Vapes Flooding the Country, Many Fu…","Poll: Americani pascebant Illegales Sinenses Vapes inundantes regionem, Multi per Florida funneled. Cur periculosae sunt res vape illicitae ex Sinis adhuc iter facientibus in Americanis crustae grossae, praesertim cum ne legales quidem sunt in terra... Read More
Post Poll: Americani pavit Cum Illegal Chinese Vapes inundantes patriam, Multi Fu ...",2025-12-18 02:55:19+00:00
340c8477e51094936dfc36316fd5850d,2025-11-28T05:23:00Z,'floods',www.thestar.com.my,en,0.7,"Floods: Over 30,000 victims housed in 228 relief centres across nine states as of noon","PETALING JAYA: More than 30,000 flood victims are taking shelter at 228 temporary relief centres (PPS) across nine states as of noon on Friday (Nov 28), according to the National Disaster Control Centre (NDCC). Read full story",https://www.thestar.com.my/news/nation/2025/11/28/floods-over-30000-victims-housed-in-228-relief-centres-across-nine-states-as-of-noon,https://apicms.thestar.com.my/uploads/images/2025/11/28/3644658.JPG,,"PETALING JAYA: More than 30,000 flood victims are taking shelter at 228 temporary relief centres (PPS) across nine states as of noon on Friday (Nov 28), according to the National Disaster Control Cen… [+1734 chars]",,Überschwemmungen: Bis Mittag waren über 30.000 Opfer in 228 Hilfszentren in neun Bundesstaaten untergebracht. PETALING JAYA: Nach Angaben des National Disaster Control Center (NDCC) suchen seit Freitagmittag (28. November) mehr als 30.000 Flutopfer in 228 temporären Hilfszentren (PPS) in neun Bundesstaaten. Lesen Sie die ganze Geschichte,"Floods: Over 30,000 victims housed in 228 relief centres across nine states as of noon. PETALING JAYA: More than 30,000 flood victims are taking shelter at 228 temporary relief centres (PPS) across nine states as of noon on Friday (Nov 28), according to the National Disaster Control Centre (NDCC). Read full story","Inundationes: Plus 30,000 victimarum quae in 228 habitant centris subsidio per novem civitates sicut meridianae. PELAGING JAYA: Plus quam 30,000 victimae inundationis tutantur ad 228 subsidia temporalia centra (PPS) trans novem civitates sicut meridianae die Veneris (28 Nov.), secundum Centrum Imperium Nationalis Disaster (NDCC). Read full story",2025-12-18 13:02:59+00:00
395a5e4a082c1a3cbc9c927534cc4c8a,2025-11-28T05:18:50Z,'flooding rain',www.abc.net.au,en,0.9,'Rare' tropical cyclone thrashes South-East Asia as death toll hits 115,"The death toll is expected to continue rising after a week of record-breaking rain, flash flooding and a ""rare"" tropical cyclone.",https://www.abc.net.au/news/2025-11-28/rare-cyclone-south-east-asia-floods-disaster/106076572,https://live-production.wcms.abc-cdn.net.au/253e99496470937b43e410aa3cacd137?impolicy=wcms_watermark_news&cropH=2813&cropW=5000&xPos=0&yPos=260&width=862&height=485&imformat=generic,,"At least 115 people have been killed across South-East Asia after a week of record-breaking rain, flash flooding and landslides which metrologists say stemmed partly from a ""rare"" tropical cyclone. … [+5961 chars]",,"„Seltener“ tropischer Wirbelsturm verwüstet Südostasien und die Zahl der Todesopfer liegt bei 115. Nach einer Woche mit rekordverdächtigen Regenfällen, Sturzfluten und einem „seltenen“ tropischen Wirbelsturm wird die Zahl der Todesopfer voraussichtlich weiter steigen.","'Rare' tropical cyclone thrashes South-East Asia as death toll hits 115. The death toll is expected to continue rising after a week of record-breaking rain, flash flooding and a ""rare"" tropical cyclone.","""Rare"" cyclus tropicus Asiam Australem-East quasi tollentem mortem pulsat 115. Theloneum mortis expectatur ut post hebdomadam recordationis pluviae fractionis orientem continuos, inundatio et cyclus ""rara"" tropicus expectatur.",2025-12-18 13:02:59+00:00
1b828f26926faa823bbaa122acd4f017,2025-11-28T10:26:00Z,'flooding rain',www.dw.com,en,0.9,Southeast Asia floods: More than 250 deaths reported,"Thailand, Malaysia and Indonesia have been hit by flooding and landslides after days of torrential rainfall. The death toll rose sharply in southern Thailand, with at least 145 now reported dead.",https://www.dw.com/en/southeast-asia-floods-more-than-250-deaths-reported/a-74935799,https://static.dw.com/image/74936431_6.jpg,,"The number of deaths caused by flooding in Southeast Asia has risen to more than 250, with more deaths reported in Thailand, Malaysia and Indonesia.
Days of torrential rain led to flooding in nine T… [+2306 chars]",,"Überschwemmungen in Südostasien: Mehr als 250 Tote gemeldet. Thailand, Malaysia und Indonesien wurden nach tagelangen sintflutartigen Regenfällen von Überschwemmungen und Erdrutschen heimgesucht. In Südthailand stieg die Zahl der Todesopfer stark an, inzwischen wurden mindestens 145 Tote gemeldet.","Southeast Asia floods: More than 250 deaths reported. Thailand, Malaysia and Indonesia have been hit by flooding and landslides after days of torrential rainfall. The death toll rose sharply in southern Thailand, with at least 145 now reported dead.","Inundationes Asiae orientales: Plus quam CCL funera ferunt. Thailandia, Malaysia et Indonesia inundatione et proruit post dies pluviae torrentis percussae sunt. Theloneum mortis in Thailandia meridionali acriter surrexit, cum saltem 145 nunc mortuum relatum est.",2025-12-18 13:02:59+00:00
39d13112c531e9fd1ee65e46fbff3a1a,2025-11-29T04:37:24Z,'flooding rain',www.channelnewsasia.com,en,0.9,Thailand begins cleanup after worst flooding in decade,"Heavy monsoon rain overwhelmed parts of Thailand, Malaysia and Indonesia this week, killing more than 300 people and leaving thousands stranded, many on rooftops awaiting rescue.",https://www.channelnewsasia.com/asia/thailand-indonesia-malaysia-flood-death-toll-5496851,"https://dam.mediacorp.sg/image/upload/s--28th_OPN--/c_fill,g_auto,h_676,w_1200/f_auto,q_auto/v1/mediacorp/cna/image/2025/11/29/000_86bm463.jpg?itok=tpSv9Az5",,"BANGKOK: Massive cleanup efforts began in southern Thailand on Saturday (Nov 29), after the prime minister apologised for widespread devastation caused by the worst flooding in years.
Heavy monsoon … [+2566 chars]",,"Thailand beginnt mit den Aufräumarbeiten nach den schlimmsten Überschwemmungen seit einem Jahrzehnt. Heftiger Monsunregen überschwemmte diese Woche Teile von Thailand, Malaysia und Indonesien, tötete mehr als 300 Menschen und ließ Tausende festsitzen, viele auf Dächern und warteten auf Rettung.","Thailand begins cleanup after worst flooding in decade. Heavy monsoon rain overwhelmed parts of Thailand, Malaysia and Indonesia this week, killing more than 300 people and leaving thousands stranded, many on rooftops awaiting rescue.","Thailandia tersus incipit post pessimum inundationem in decade. Gravis monsoon pluvia partes Thailandiae, Malaysia et Indonesiae hac septimana obruta est, occisis plus quam 300 hominibus et mille relictis destitutus, multa in tectoriis subsidia exspectans.",2025-12-18 13:02:59+00:00
5b75d22ac136ab2821a42438d95676b5,2025-11-29T20:04:00Z,'floods',www.dw.com,en,0.9,Sri Lanka declares emergency as floods kill more than 150,"In Sri Lanka, rescue teams are racing to reach cut-off villages as floods and landslides caused by Cyclone Ditwah force tens of thousands of people into shelters, submerge homes, and block roads.",https://www.dw.com/en/sri-lanka-declares-emergency-as-floods-kill-more-than-150/a-74952338,https://static.dw.com/image/74952554_6.jpg,,"Sri Lanka declared a state of emergency on Saturday after 153 people were confirmed dead in floods and landslides triggered by Cyclone Ditwah.
At least 200 others are still missing, as rescue teams … [+2319 chars]",,"Sri Lanka erklärt den Notstand, da bei Überschwemmungen mehr als 150 Menschen ums Leben kommen. In Sri Lanka rennen Rettungsteams darum, abgeschnittene Dörfer zu erreichen, während Überschwemmungen und Erdrutsche, die durch den Zyklon Ditwah verursacht wurden, Zehntausende Menschen in Notunterkünfte zwingen, Häuser unter Wasser setzen und Straßen blockieren.","Sri Lanka declares emergency as floods kill more than 150. In Sri Lanka, rescue teams are racing to reach cut-off villages as floods and landslides caused by Cyclone Ditwah force tens of thousands of people into shelters, submerge homes, and block roads.","Sri Lanka subitis declarat sicut inundationes plus quam 150 occidunt. In Sri Lanka, iugis liberae currendi sunt ad villas abscindendas sicut inundationes et procursus a Cyclone Ditwah vis decem milia hominum in tabernacula, domos submerge, et vias angustas.",2025-12-18 13:02:59+00:00
3d65b32189a544fdb41515842c71d2e4,2025-11-30T10:08:49Z,'floods',www.rte.ie,en,0.9,Tropical storm deaths cross 500 in Southeast Asia,"The death toll mounted to over 500 from floods and landslides caused by torrential rains across three countries in Southeast Asia, officials said, as relief efforts for tens of thousands of displaced people continued over the weekend.",https://www.rte.ie/news/asia/2025/1130/1546567-southeast-asia-floods/,https://www.rte.ie/images/00238dec-1600.jpg,,"The death toll mounted to over 500 from floods and landslides caused by torrential rains across three countries in Southeast Asia, officials said, as relief efforts for tens of thousands of displaced… [+2601 chars]",,"In Südostasien gibt es mehr als 500 Todesopfer durch Tropenstürme. Die Zahl der Todesopfer stieg durch Überschwemmungen und Erdrutsche, die durch sintflutartige Regenfälle in drei Ländern Südostasiens verursacht wurden, auf über 500, sagten Beamte, während die Hilfsmaßnahmen für Zehntausende Vertriebene am Wochenende fortgesetzt wurden.","Tropical storm deaths cross 500 in Southeast Asia. The death toll mounted to over 500 from floods and landslides caused by torrential rains across three countries in Southeast Asia, officials said, as relief efforts for tens of thousands of displaced people continued over the weekend.","Tropical deaths storm 500 in Southeast Asia. Theloneum mortis ascenderunt ut plus 500 ex inundationibus et prolapsionibus imbrium torrentium per tres regiones in Asia Meridiana causata, magistratus dixerunt, ut subsidia conatibus per decem milia hominum luxatis super weekend continuarentur.",2025-12-18 13:02:59+00:00
dc7c0ffddc722dd897a45f0a31643c95,2025-11-20T10:00:00Z,'flooding donation',www.propublica.org,en,0.3,New York Moves Forward With a Brooklyn Flood Protection Plan That Falls Short of Other City Projects,The city is on track to install barriers and elevate roads and sidewalks in the port neighborhood of Red Hook. Experts say it will provide insufficient protection from storms.,http://www.propublica.org/article/new-york-city-brooklyn-flood-storm-protection,"https://www.propublica.org/wp-content/uploads/2025/11/REDHOOK-WATER-ILLUSTRATION-AMANDA-ULLOA-3x2-1.jpg?resize=2000,1333",,"After a decade of planning, New York City broke ground in September on a $218 million plan to prevent flooding in the portside neighborhood of Red Hook in Brooklyn, even though experts say it will pr… [+11942 chars]",,"New York schreitet mit einem Hochwasserschutzplan für Brooklyn voran, der hinter anderen Stadtprojekten zurückbleibt. Die Stadt ist auf dem besten Weg, im Hafenviertel Red Hook Barrieren zu errichten und Straßen und Gehwege zu erhöhen. Experten gehen davon aus, dass es keinen ausreichenden Schutz vor Unwettern bieten wird.",New York Moves Forward With a Brooklyn Flood Protection Plan That Falls Short of Other City Projects. The city is on track to install barriers and elevate roads and sidewalks in the port neighborhood of Red Hook. Experts say it will provide insufficient protection from storms.,Novum Eboracum promovet Donec Diluvium cum Brooklyn Plan quod deficit ab urbe alia Projects. Urbs in semita est claustra instituere et vias elevare et in portu viciniae Hookius Red Hookius lateralia. Periti dicunt satis praesidii a tempestatibus praestaturum esse.,2025-12-18 18:46:48+00:00
9389c0f32065804edd499feb691c349b,2025-11-24T14:06:53Z,'flooding precipitation',news.climate.columbia.edu,en,0.7,The July 4 Floods in Texas Weren’t a One-Off. They Were a Warning.,"We cannot afford to focus solely on short-term fixes, while ignoring the long-term drivers of disaster risk.",https://news.climate.columbia.edu/2025/11/24/the-july-4-floods-in-texas-werent-a-one-off-they-were-a-warning/,https://media.news.climate.columbia.edu/wp-content/uploads/2025/11/Kerrville-Texas-floods.jpg,,"The flooded Guadalupe River near Kerrville, Texas, on July 5, 2025. Photo: US Coast Guard
On July 14 this past summer, I pulled up to the Kerrville Kroc Corps Community Center, dodging puddles and s… [+7106 chars]",,"Die Überschwemmungen vom 4. Juli in Texas waren kein Einzelfall. Sie waren eine Warnung. Wir können es uns nicht leisten, uns ausschließlich auf kurzfristige Lösungen zu konzentrieren und gleichzeitig die langfristigen Treiber des Katastrophenrisikos zu ignorieren.","The July 4 Floods in Texas Weren’t a One-Off. They Were a Warning.. We cannot afford to focus solely on short-term fixes, while ignoring the long-term drivers of disaster risk.","4 Iulii Flumina in Texas One-Off non erant. Monitum erant.. Solo breve tempus figendi versari non possumus, longum tempus rectores calamitatis neglectis periculo.",2025-12-19 18:44:04+00:00
3a81a14a743905165f6b98ab89a584d5,2025-11-21T21:24:49Z,'flooding area',www.kpbs.org,en,0.9,San Diego County expects warmer weather by the end of the weekend,"Due to ongoing rainfall, a flood advisory was in effect early Friday morning for the county. Between 0.75 to 1.25 inches of rain have fallen and an additional 0.5 inches was expected. Minor flooding in poor drainage areas such as some urban zones could occur,…",https://www.kpbs.org/news/living/2025/11/21/san-diego-county-expects-warmer-weather-by-end-of-weekend,https://cdn.kpbs.org/dims4/default/f762352/2147483647/strip/true/crop/4416x2318+0+497/resize/1200x630!/quality/90/?url=http%3A%2F%2Fkpbs-brightspot.s3.us-west-2.amazonaws.com%2Fimg%2Fphotos%2F2010%2F12%2F21%2Frain.jpg,,"Another round of scattered showers were expected across San Diego County Friday, possibly leading into tomorrow, with signs of warmer weather slowly moving in by the end of the weekend, forecasters s… [+1545 chars]",,"San Diego County erwartet bis zum Ende des Wochenendes wärmeres Wetter. Aufgrund anhaltender Regenfälle galt für den Landkreis am frühen Freitagmorgen eine Hochwasserwarnung. Es fielen zwischen 0,75 und 1,25 Zoll Regen, weitere 0,5 Zoll wurden erwartet. Es könnte zu geringfügigen Überschwemmungen in schlecht entwässerten Gebieten wie einigen Stadtgebieten kommen.","San Diego County expects warmer weather by the end of the weekend. Due to ongoing rainfall, a flood advisory was in effect early Friday morning for the county. Between 0.75 to 1.25 inches of rain have fallen and an additional 0.5 inches was expected. Minor flooding in poor drainage areas such as some urban zones could occur,…","San Diego Comitatus a fine volutpat vestibulum tepidiores exspectat. Ob pluviam permanentem, inundatio consultoria mane Veneris mane pro comitatu in effectum fuit. Inter 0,75 ad 1.25 pollices pluviae deciderunt et additamentum 0,5 digitorum exspectabatur. Minor inundatio in locis pauperum INCILE arearum urbanarum zonae quaedam occurrere potuerunt,…",2025-12-19 18:44:04+00:00
8fb618dc4becac358612ae4112781cde,2025-11-29T16:31:02Z,'flooding precipitation',www.pbs.org,en,0.9,Indonesian rescuers search for survivors as death toll from floods and landslides tops 300,Improved weather on Saturday helped rescuers on Indonesia's Sumatra island recover more bodies as they struggled to reach several areas that were hit by landslides and flash floods that left more than 300 dead and scores missing.,https://www.pbs.org/newshour/world/indonesian-rescuers-search-for-survivors-as-death-toll-from-floods-and-landslides-tops-300,https://d3i6fh83elv35t.cloudfront.net/static/2025/11/2025-11-29T094629Z_2046805305_RC276IAPZ7UE_RTRMADP_3_ASIA-WEATHER-INDONESIA-1024x683.jpg,,"AGAM, Indonesia (AP) Improved weather on Saturday helped rescuers on Indonesia’s Sumatra island recover more bodies as they struggled to reach several areas that were hit by landslides and flash floo… [+3242 chars]",,"Indonesische Retter suchen nach Überlebenden, da die Zahl der Todesopfer durch Überschwemmungen und Erdrutsche 300 übersteigt. Besseres Wetter am Samstag half Rettern auf der indonesischen Insel Sumatra, mehr Leichen zu bergen, während sie Schwierigkeiten hatten, mehrere Gebiete zu erreichen, die von Erdrutschen und Sturzfluten heimgesucht wurden, bei denen mehr als 300 Menschen ums Leben kamen und zahlreiche vermisst wurden.",Indonesian rescuers search for survivors as death toll from floods and landslides tops 300. Improved weather on Saturday helped rescuers on Indonesia's Sumatra island recover more bodies as they struggled to reach several areas that were hit by landslides and flash floods that left more than 300 dead and scores missing.,"Servatores Indonesiani quaerentes reliquias quasi portorium mortis ex inundationibus et ruinarum cacumina 300. Tempestas melior die Sabbati adiuvabat salvatores in Sumatra insula in Indonesia plura corpora recuperare, cum pluribus locis attingere contendebant quae ab ruinas et inundationes micare, quae plus quam trecentas mortuas et pereuntis desiderabantur relinquebant.",2025-12-19 18:44:04+00:00
59484b5e7780bc592e2fcbf02f503314,2025-11-24T19:41:40Z,'flooding',biztoc.com,en,0.9,"Dry Conditions in Brazil Support Arabica Coffee Prices March arabica coffee (KCH26) on Monday closed up +7.10 (+1.92%), and January ICE robusta coffee (RMF26) closed down -53 (-1.18%). Coffee prices settled mixed on Monday. Arabica coffee moved sharply higher on Monday due to dryness concerns in Brazil after Somar Meteorologia reported that Brazil's largest arabica coffee-growing area, Minas Gerais, received 26.4 mm of rain during the week ended November 21, or 49% of the historical average. Robusta coffee was under pressure on Monday amid forecasts of drier weather in Vietnam's coffee-growing areas. Recent heavy rain has delayed harvesting in Vietnam's biggest coffee-growing province, Dak Lak, and drier weather will allow the resumption of the coffee harvest. Also, heavy rains that caused flooding along Vietnam's coast spared the country's coffee-producing regions. Last Friday, arabica coffee tumbled to a 7-week low after President Trump signed an executive order late Thursday exempting Brazilian food products from tariffs, including the 40% tariff on Brazilian coffee. Shrinking ICE coffee inventories are also supportive of prices. The US tariffs imposed on US coffee imports from Brazil have led to a sharp drawdown in ICE coffee inventories. ICE-monitored arabica inventories fell to a 1.75-year low of 398,645 bags last Thursday, and ICE robusta coffee inventories fell to a 4.5-month low of 5,370 lots on Monday. American buyers voided new contracts for Brazilian coffee purchases due to the tariffs on US imports from Brazil, thereby tightening US supplies, as about a third of America's unroasted coffee comes from Brazil. US purchases of Brazilian coffee from August through October, during which President Trump's tariffs took effect, dropped by 52% from the same period last year to 983,970 bags. In a bearish factor, StoneX forecast last Wednesday that Brazil will produce 70.7 million bags of coffee in the new 2026/27 marketing year, including 47.2 million bags of ara…",,https://biztoc.com/x/41771e7411f4ee97,https://biztoc.com/cdn/955/og.png,,"{ window.open(this.href, '_blank'); }, 200); return false;""&gt;Why did BHP abandon Anglo American bid? { window.open(this.href, '_blank'); }, 200); return false;""&gt;How is Amazon's $50B AI investmen… [+1630 chars]",,"Trockene Bedingungen in Brasilien stützen die Arabica-Kaffeepreise. Der März-Arabica-Kaffee (KCH26) schloss am Montag mit einem Plus von +7,10 (+1,92 %), und der Januar-ICE-Robusta-Kaffee (RMF26) schloss mit einem Minus von -53 (-1,18 %). Die Kaffeepreise entwickelten sich am Montag gemischt. Arabica-Kaffee stieg am Montag aufgrund von Trockenheitssorgen in Brasilien deutlich an, nachdem Somar Meteorologia berichtete, dass in Brasiliens größtem Arabica-Anbaugebiet, Minas Gerais, in der Woche bis zum 21. November 26,4 mm Regen gefallen sind, was 49 % des historischen Durchschnitts entspricht. Robusta-Kaffee stand am Montag unter Druck, da in den Kaffeeanbaugebieten Vietnams trockeneres Wetter vorhergesagt wurde. Der jüngste starke Regen hat die Ernte in Dak Lak, der größten Kaffeeanbauprovinz Vietnams, verzögert, und trockeneres Wetter wird die Wiederaufnahme der Kaffeeernte ermöglichen. Auch die Kaffeeanbaugebiete des Landes blieben von heftigen Regenfällen verschont, die an der Küste Vietnams zu Überschwemmungen führten. Letzten Freitag fiel der Arabica-Kaffee auf ein 7-Wochen-Tief, nachdem Präsident Trump am späten Donnerstag eine Durchführungsverordnung unterzeichnet hatte, mit der brasilianische Lebensmittel von Zöllen befreit wurden, einschließlich des 40-prozentigen Zolls auf brasilianischen Kaffee. Auch die schrumpfenden Lagerbestände an ICE-Kaffee wirken preisstützend. Die US-Zölle auf US-Kaffeeimporte aus Brasilien haben zu einem starken Rückgang der ICE-Kaffeebestände geführt. Die von der ICE überwachten Arabica-Bestände fielen am vergangenen Donnerstag mit 398.645 Säcken auf ein 1,75-Jahres-Tief, und die ICE-Robusta-Kaffeebestände fielen am Montag auf ein 4,5-Monats-Tief von 5.370 Partien. Amerikanische Käufer kündigten neue Verträge für brasilianische Kaffeekäufe aufgrund der Zölle auf US-Importe aus Brasilien und führten dadurch zu einer Verknappung des US-Angebots, da etwa ein Drittel des amerikanischen ungerösteten Kaffees aus Brasilien stammt. Die US-Käufe von brasilianischem Kaffee gingen von August bis Oktober, als die Zölle von Präsident Trump in Kraft traten, im Vergleich zum Vorjahreszeitraum um 52 % auf 983.970 Säcke zurück. Als pessimistischer Faktor prognostizierte StoneX am vergangenen Mittwoch, dass Brasilien im neuen Wirtschaftsjahr 2026/27 70,7 Millionen Säcke Kaffee produzieren wird, darunter 47,2 Millionen Säcke Ara….","Dry Conditions in Brazil Support Arabica Coffee Prices March arabica coffee (KCH26) on Monday closed up +7.10 (+1.92%), and January ICE robusta coffee (RMF26) closed down -53 (-1.18%). Coffee prices settled mixed on Monday. Arabica coffee moved sharply higher on Monday due to dryness concerns in Brazil after Somar Meteorologia reported that Brazil's largest arabica coffee-growing area, Minas Gerais, received 26.4 mm of rain during the week ended November 21, or 49% of the historical average. Robusta coffee was under pressure on Monday amid forecasts of drier weather in Vietnam's coffee-growing areas. Recent heavy rain has delayed harvesting in Vietnam's biggest coffee-growing province, Dak Lak, and drier weather will allow the resumption of the coffee harvest. Also, heavy rains that caused flooding along Vietnam's coast spared the country's coffee-producing regions. Last Friday, arabica coffee tumbled to a 7-week low after President Trump signed an executive order late Thursday exempting Brazilian food products from tariffs, including the 40% tariff on Brazilian coffee. Shrinking ICE coffee inventories are also supportive of prices. The US tariffs imposed on US coffee imports from Brazil have led to a sharp drawdown in ICE coffee inventories. ICE-monitored arabica inventories fell to a 1.75-year low of 398,645 bags last Thursday, and ICE robusta coffee inventories fell to a 4.5-month low of 5,370 lots on Monday. American buyers voided new contracts for Brazilian coffee purchases due to the tariffs on US imports from Brazil, thereby tightening US supplies, as about a third of America's unroasted coffee comes from Brazil. US purchases of Brazilian coffee from August through October, during which President Trump's tariffs took effect, dropped by 52% from the same period last year to 983,970 bags. In a bearish factor, StoneX forecast last Wednesday that Brazil will produce 70.7 million bags of coffee in the new 2026/27 marketing year, including 47.2 million bags of ara…. ","Conditiones siccae in Brasilia Support Arabica Coffee Prices Capulus Arabicus Martius (KCH26) die Lunae occlusus est +7.10 (+1.92%), et Ianuario ICE robusta capulus (RMF26) occlusum -53 (-1.18%). Pretium capulus die Lunae mixtum habitavit. Arabica capulus altius die Lunae propter siccitatem sollicitudinum in Brasilia mota propter siccitatem in Brasilia post Meteorologia nuntiavit maximam Brasiliae aream Arabicam coffee-crescentis, Minas Gerais 26.4 mm pluviae accepisse per hebdomadam 21 Novembris vel 49% mediocris historicae finitae. Robusta capulus die Lunae inter praenuntiationes siccioris tempestatis in Vietnam's areis capulus crescentis cogente erat. Recentes pluviae graves distulerunt messem in provincia Vietnam maximus capulus crescens, Dak Lak, et tempestas sicciores in messis capulus resumptionem patietur. Etiam imbribus gravibus quae inundationem per litus Vietnamensis effecit regionum capulus patriae pepercerunt. Postrema Veneris, Arabica capulus in 7 septimanam incidit postquam Praeses Trump ordine exsecutivo signavit nuper Iovis, eximens cibaria Brasiliensium a portoriis, incluso 40% tariff in capulus Brasiliensium. Detrectatio ICE inventaria capulus etiam pretia adminicula sunt. Portoriis US capulus US importat importat e Brasilia imposita ad acrem ductam in ICE capulus inventaria. Inventaria arabica monitorata glacie 1.75-anno demissa ex anno 398,645 saccis Iovis proximis ceciderunt, et inventaria capulus ICE robusta decidit ad 4.5-mensis humilis ex 5,370 sortes die Lunae. Americani emptores novas pactiones pro capulus Brasiliae emptionibus e Brasilia invectionibus in US importat, inde US commeatus constringentes, quasi tertia circiter tertia ex Brasilia Americani capulus emissa. US emptionem Arabicam Arabicam ab Augusto per Octobrem, in quibus portoriis Praeses Trump effectum sumpsit, ab eodem tempore elapso 52% ab anno praeterito usque ad 983,970 saccos emisit. In factor incondito, StoneX Mercurii proximam praenuntiant quod Brasilia 70,7 decies centena millia sacculorum capulus in novo 2026/27 anno venalicium producet, inter 47.2 miliones saccorum aranarum….",2025-12-20 06:43:17+00:00
c3d23686f4b53442dc3616d087bcaa14,2025-11-24T17:20:29Z,'flooding insurance',theconversation.com,en,0.3,"Why hosting the UN climate summit in the Amazon was so important, despite the disappointing outcome",The realities of climate and land use change are jarringly obvious in Amazonia.,https://theconversation.com/why-hosting-the-un-climate-summit-in-the-amazon-was-so-important-despite-the-disappointing-outcome-269841,https://images.theconversation.com/files/703663/original/file-20251120-56-mh0trb.jpg?ixlib=rb-4.1.0&rect=0%2C146%2C4624%2C2312&q=45&auto=format&w=1356&h=668&fit=crop,http://web.archive.org/web/20251124215335/https://theconversation.com/why-hosting-the-un-climate-summit-in-the-amazon-was-so-important-despite-the-disappointing-outcome-269841,"Storm clouds build over the Cop30 host city of Belém. Alexander Lees, CC BY-NC-ND
Extreme heat, fires and flooding – all hallmark consequences of climate change – directly influenced this year’s UN … [+7301 chars]",,Warum die Ausrichtung des UN-Klimagipfels im Amazonas trotz des enttäuschenden Ergebnisses so wichtig war. Die Realität des Klimawandels und der Landnutzungsveränderungen ist in Amazonien erschreckend offensichtlich.,"Why hosting the UN climate summit in the Amazon was so important, despite the disappointing outcome. The realities of climate and land use change are jarringly obvious in Amazonia.","Quare in Amazonio culmine climatis IR obnoxius tam gravis erat, quamquam eventus frustretur. Rerum usus climatis et terrae mutationis in Amazonia tumultuose obviae sunt.",2025-12-20 12:56:00+00:00
