index,published,keyword,domain,language,valid,title,description,url,image,archive,content,quote,de,en,la,added
7f3d4ce9b4c36967279c7fe2641350ff,2025-01-05T14:20:10Z,'flooding climate change',punchng.com,en,0.0,"Onion farmers blame flooding, climate change for price hike","The Onion Producers, Processors, and Marketers Association of Nigeria has attributed the surge in onion prices and scarcity across the country to flooding and climate change. In an interview with the News Agency of Nigeria on Sunday in Lagos, the National Pre…",https://punchng.com/onion-farmers-blame-flooding-climate-change-for-price-hike/,https://cdn.punchng.com/wp-content/uploads/2021/09/03083545/Onions.jpeg,https://web.archive.org/web/20250105213548/https://punchng.com/onion-farmers-blame-flooding-climate-change-for-price-hike/,"The Onion Producers, Processors, and Marketers Association of Nigeria has attributed the surge in onion prices and scarcity across the country to flooding and climate change.
In an interview with th… [+3342 chars]",,"Zwiebelbauern machen Überschwemmungen und Klimawandel für den Preisanstieg verantwortlich. Der Verband der Zwiebelproduzenten, -verarbeiter und -vermarkter Nigerias führt den Anstieg der Zwiebelpreise und die Knappheit im ganzen Land auf Überschwemmungen und den Klimawandel zurück. In einem Interview mit der News Agency of Nigeria am Sonntag in Lagos sagte die National Pre…","Onion farmers blame flooding, climate change for price hike. The Onion Producers, Processors, and Marketers Association of Nigeria has attributed the surge in onion prices and scarcity across the country to flooding and climate change. In an interview with the News Agency of Nigeria on Sunday in Lagos, the National Pre…","Cepa agricolae inundationem culpant, mutationem climatis pro pretio hike. Onion Procuratores, Processores et Marketers Consociationis Nigeriae aestum in pretia cepae et inopiae per regionem ad inundationem et mutationem climatis attribuit. In colloquio cum Nuntio Agency Nigeriae die Dominico in Lacupolis, in National Pre…",2026-01-09 04:06:59+00:00
4b8ab59018b07da223bdad68bd493b70,2025-01-05T19:00:00Z,'flooding',www.planetizen.com,en,0.0,How US Communities Are Building Resilience Against Flooding,"How US Communities Are Building Resilience Against Flooding
Diana Ionescu
Sun, 01/05/2025 - 11:00


 
 Primary Image

 




 


 Flooding is becoming increasingly deadly and costly for American communities. In recent years, the cost of flooding has reached …",https://www.planetizen.com/news/2025/01/133593-how-us-communities-are-building-resilience-against-flooding,https://www.planetizen.com/files/images/AdobeStock_1062494548.jpeg,https://web.archive.org/web/20250121085330/https://www.planetizen.com/news/2025/01/133593-how-us-communities-are-building-resilience-against-flooding,"Flooding is becoming increasingly deadly and costly for American communities. In recent years, the cost of flooding has reached almost $496 billion annually.
In an article in Governing, Carl Smith e… [+934 chars]",,"Wie US-Gemeinden Widerstandsfähigkeit gegen Überschwemmungen aufbauen. Wie US-Gemeinden Widerstandsfähigkeit gegen Überschwemmungen aufbauen
Diana Ionescu
So, 01.05.2025 – 11:00 Uhr


 
 Primäres Bild

 




 


 Überschwemmungen werden für amerikanische Gemeinden immer tödlicher und kostspieliger. In den letzten Jahren haben die Kosten von Überschwemmungen … erreicht.","How US Communities Are Building Resilience Against Flooding. How US Communities Are Building Resilience Against Flooding
Diana Ionescu
Sun, 01/05/2025 - 11:00


 
 Primary Image

 




 


 Flooding is becoming increasingly deadly and costly for American communities. In recent years, the cost of flooding has reached …","Quomodo Communitates US mollitiam contra inundationem aedificant. Quam US Communitates aedificant mollitiam contra inundationem
Diana Ionescu
Sol, 01/05/2025 - 11:00


 
 Prima imago

 




 


 Inundatio magis magisque funesta et pretiosa communitatibus Americanis fit. Nuper inundatio sumptus ad ... pervenit.",2026-01-09 04:06:59+00:00
867162c914159c992299733e50d65b62,2025-01-06T18:32:25Z,'floods',www.sciencedaily.com,en,0.0,Floods linked to rise in US deaths from several major causes,"Over the last 20 years, large floods were associated with up to 24.9 percent higher death rates from major mortality causes in the U.S. compared to normal conditions. A new study demonstrates the sweeping and hidden effects of floods --including floods unrela…",https://www.sciencedaily.com/releases/2025/01/250106133225.htm,https://www.sciencedaily.com/images/scidaily-icon.png,,"Over the last 20 years, large floods were associated with up to 24.9 percent higher death rates from major mortality causes in the U.S. compared to normal conditions. A new study in the journal Natur… [+4742 chars]",,"Überschwemmungen führten zu einem Anstieg der Todesfälle in den USA aus mehreren Hauptursachen. In den letzten 20 Jahren waren große Überschwemmungen in den USA im Vergleich zu normalen Bedingungen mit bis zu 24,9 Prozent höheren Todesraten aufgrund wichtiger Todesursachen verbunden. Eine neue Studie zeigt die weitreichenden und verborgenen Auswirkungen von Überschwemmungen auf – einschließlich Überschwemmungen, die nichts damit zu tun haben …","Floods linked to rise in US deaths from several major causes. Over the last 20 years, large floods were associated with up to 24.9 percent higher death rates from major mortality causes in the U.S. compared to normal conditions. A new study demonstrates the sweeping and hidden effects of floods --including floods unrela…",Flumina in US mortes ex pluribus causis maioribus oriuntur. Extremis XX annis magnae inundationes associatae sunt usque ad 24.9 centesimas rates mortis superiores ex causis mortalitatis majoribus in US condiciones normales comparatas. Novum studium monstrat effectus inundationum rapidorum et abditarum - inundationes unrela includens inundationes...,2026-01-09 04:06:59+00:00
3879ea873f1a922168c25f43cb0f0da6,2025-01-06T18:34:58Z,'flooding weather',www.sciencedaily.com,en,0.0,Climate extremes in 2024 'wreaking havoc' on the global water cycle,"2024 was another year of record-breaking temperatures, driving the global water cycle to new climate extremes and contributing to ferocious floods and crippling droughts, a new report shows. The report found rising temperatures are changing the way water move…",https://www.sciencedaily.com/releases/2025/01/250106133458.htm,https://www.sciencedaily.com/images/scidaily-icon.png,https://web.archive.org/web/20250106211636/https://www.sciencedaily.com/releases/2025/01/250106133458.htm,"2024 was another year of record-breaking temperatures, driving the global water cycle to new climate extremes and contributing to ferocious floods and crippling droughts, a new report led by The Aust… [+4246 chars]",,"Klimaextreme im Jahr 2024 werden den globalen Wasserkreislauf „verwüsten“. 2024 war ein weiteres Jahr mit rekordverdächtigen Temperaturen, die den globalen Wasserkreislauf in neue Klimaextreme trieben und zu heftigen Überschwemmungen und lähmenden Dürren beitrugen, wie ein neuer Bericht zeigt. Der Bericht stellte fest, dass steigende Temperaturen die Art und Weise verändern, wie sich Wasser bewegt …","Climate extremes in 2024 'wreaking havoc' on the global water cycle. 2024 was another year of record-breaking temperatures, driving the global water cycle to new climate extremes and contributing to ferocious floods and crippling droughts, a new report shows. The report found rising temperatures are changing the way water move…","Clima extrema anno 2024 'perdat' in cyclo aquae globalis. 2024 Alter annus fuit temperaturarum record-fractionis, cyclum aquae globalis impellens ad extrema climata nova et ad inundationes feroces et siccitates debilitas conferens, novam famam ostendit. Renuntiatio ortu inventa est temperaturas quae mutantur in viis aquae moventes…",2026-01-09 04:06:59+00:00
0354a9906b714f6f73f1dd65b729f3bf,2025-01-07T11:50:06Z,'flooding area',financialpost.com,en,0.0,Severe flood warning issued as the UK faces more weather disruptions,LONDON (AP) — Serious flooding swamped parts of England on Tuesday and snow forced three airports to close temporarily as wet and icy weather combined to extend travel chaos that has plagued the U.K. since the start of the year. Areas of the Midlands in Engla…,https://financialpost.com/pmn/severe-flood-warning-issued-as-the-uk-faces-more-weather-disruptions,,,"Areas of the Midlands in England remained under water and more than 200 flood warnings were issued as waters that overtopped riverbanks continued to inundate villages and drown farmland.
A severe fl… [+2236 chars]",,"Es wird eine schwere Überschwemmungswarnung ausgegeben, da das Vereinigte Königreich mit weiteren Wetterstörungen konfrontiert ist. LONDON (AP) – Schwere Überschwemmungen überschwemmten am Dienstag Teile Englands und Schnee zwang drei Flughäfen zur vorübergehenden Schließung, da nasses und eisiges Wetter zusammen das Reisechaos verstärkten, das Großbritannien seit Jahresbeginn heimsucht. Gebiete der Midlands in England…",Severe flood warning issued as the UK faces more weather disruptions. LONDON (AP) — Serious flooding swamped parts of England on Tuesday and snow forced three airports to close temporarily as wet and icy weather combined to extend travel chaos that has plagued the U.K. since the start of the year. Areas of the Midlands in Engla…,"Monitum inundatio gravis edita est ut perturbatio tempestatum magis in UK facies. LONDON (AP) — Gravis inundatio partium Angliae die Martis et nivis cogebat tria nisl claudere ad tempus ut tempestas humida et glacialis coniuncta ad chaos iter extendendum, quod ab initio anni U.K. vexavit. Areas Mediterraneorum in Engla…",2026-01-09 04:06:59+00:00
55fa3ce5e048101cc280ad22b8bb6856,2025-01-07T12:06:18Z,'flooding',abcnews.go.com,en,0.0,Severe flood warning issued as the UK faces more weather disruptions,Serious flooding swamped parts of England and snow forced three airports to close temporarily as wet and icy weather combined to extend travel chaos that has plagued the U.K. since the start of the year,https://abcnews.go.com/Business/wireStory/severe-flood-warning-issued-uk-faces-weather-disruptions-117410977,https://i.abcnewsfe.com/a/4e22f90a-4a5b-4c4c-87bc-165162bd2f03/wirestory_945b4daea79f71914041f806e7b12b27_16x9.jpg?w=1600,https://web.archive.org/web/20250109004256/https://abcnews.go.com/Business/wireStory/severe-flood-warning-issued-uk-faces-weather-disruptions-117410977,LONDON -- Serious flooding swamped parts of England on Tuesday and snow forced three airports to close temporarily as wet and icy weather combined to extend travel chaos that has plagued the U.K. sin… [+2470 chars],,"Es wird eine schwere Überschwemmungswarnung ausgegeben, da das Vereinigte Königreich mit weiteren Wetterstörungen konfrontiert ist. Schwere Überschwemmungen überschwemmten Teile Englands und Schnee zwangen drei Flughäfen zur vorübergehenden Schließung, da nasses und eisiges Wetter zusammen das Reisechaos verstärkten, das Großbritannien seit Jahresbeginn heimsucht",Severe flood warning issued as the UK faces more weather disruptions. Serious flooding swamped parts of England and snow forced three airports to close temporarily as wet and icy weather combined to extend travel chaos that has plagued the U.K. since the start of the year,"Monitum inundatio gravis edita est ut perturbatio tempestatum magis in UK facies. Gravis inundatio partium Angliae et nivis inundatio coactus tres nisl claudere ad tempus ut tempestas humida et glacialis coniuncta est ad chaos peregrinationes extendendum, quae ab ineunte anno U.K.",2026-01-09 04:06:59+00:00
0d5c9080d80319a3ef0347e80f7ec1c1,2025-01-07T21:47:25Z,'floods',www.breitbart.com,en,0.0,Mecca Floods After Extreme Downpour,"The city of Mecca in Saudi Arabia, the holiest city in the Muslim religion, experienced heavy flooding on Monday after torrential downpours. 
The post Mecca Floods After Extreme Downpour appeared first on Breitbart.",https://www.breitbart.com/middle-east/2025/01/07/mecca-floods-after-extreme-downpour/,https://media.breitbart.com/media/2025/01/GettyImages-2192130562-640x335.jpg,https://web.archive.org/web/20250107233215/https://www.breitbart.com/middle-east/2025/01/07/mecca-floods-after-extreme-downpour/,"The city of Mecca in Saudi Arabia, the holiest city in the Muslim religion, experienced heavy flooding on Monday after torrential downpours. 
Videos posted by Saudi citizens and media showed entire … [+2194 chars]",,"Überschwemmungen in Mekka nach extremem Regenguss. Die Stadt Mekka in Saudi-Arabien, die heiligste Stadt der muslimischen Religion, kam es am Montag nach heftigen Regenfällen zu schweren Überschwemmungen. 
Der Beitrag Überschwemmungen in Mekka nach extremem Regenguss erschien zuerst auf Breitbart.","Mecca Floods After Extreme Downpour. The city of Mecca in Saudi Arabia, the holiest city in the Muslim religion, experienced heavy flooding on Monday after torrential downpours. 
The post Mecca Floods After Extreme Downpour appeared first on Breitbart.","Mecca Floods Post Extreme Downpour. Mecca urbs in Arabia Saudiana, urbs sanctissima in religione musulmanorum, magnae inundationis die Lunae post imbres torrentium experta est. 
Post Mecca Floods Post Extremum Downpour primum apparuit in Breitbart.",2026-01-09 04:06:59+00:00
8bda63220d8ad897ce497569e2f27efa,2025-01-08T21:30:00Z,'flooding health',subscriber.politicopro.com,en,0.0,Flooding’s Hidden Killers Include Heart Attacks and Infections,A new study found that flood deaths can rise by 25 percent three months after a disaster,https://subscriber.politicopro.com/article/eenews/2025/01/08/hidden-killers-from-floods-include-heart-attacks-infections-00196913,https://static.scientificamerican.com/dam/m/754cf2ea8cb30956/original/flood_damage_ashville_north_carolina_hurricane_helene.jpg?m=1736371116.21&w=1200,,"CLIMATEWIRE | Floods could be deadlier than previously thought — and from more than just drowning.
A study published Tuesday in Nature found that the number of U.S. deaths in flooded areas continued… [+1879 chars]",,"Zu den versteckten Todesursachen von Überschwemmungen zählen Herzinfarkte und Infektionen. Eine neue Studie ergab, dass die Zahl der Todesfälle durch Überschwemmungen drei Monate nach einer Katastrophe um 25 Prozent ansteigen kann",Flooding’s Hidden Killers Include Heart Attacks and Infections. A new study found that flood deaths can rise by 25 percent three months after a disaster,Diluvium occultum Killers Include Cordis Oppugnationes et Infectiones. Novum studium invenit quod mortes diluvii per 25 cento tres menses post calamitatem oriri possunt,2026-01-09 04:06:59+00:00
796ea2d83d253b3a38214d7ad2ccec1e,2025-01-09T16:54:06Z,'flooding house',www.bbc.com,en,0.0,'Flooding trapped me in my house' - Monty Don,The Gardeners' World presenter says he has seen flooding get worse and worse over the past 30 years.,https://www.bbc.com/news/articles/cx2v2zz1g59o,https://ichef.bbci.co.uk/news/1024/branded_news/46d6/live/9af85140-cea7-11ef-8003-5563c395c8f2.png,https://web.archive.org/web/20250110065911/https://www.bbc.com/news/articles/cx2v2zz1g59o,"Celebrity gardener Monty Don has revealed he and his wife were stuck inside their house earlier this week as they became flooded in.
The horticulturist and broadcaster, 69, said the increasing frequ… [+1578 chars]",,"„Die Überschwemmung hat mich in meinem Haus gefangen“ – Monty Don. Der Moderator von Gardeners' World sagt, er habe gesehen, wie die Überschwemmungen in den letzten 30 Jahren immer schlimmer wurden.",'Flooding trapped me in my house' - Monty Don. The Gardeners' World presenter says he has seen flooding get worse and worse over the past 30 years.,'Inundatio capti me in domo mea' - Monty Don. Relatoris Mundi relator dicit se vidisse inundationem plus et peius per annos XXX.,2026-01-09 04:06:59+00:00
011725509d0204da075fda047191b18d,2025-01-09T17:56:37Z,'flooding climate change',www.sciencedaily.com,en,0.0,"Floods, droughts, then fires: Hydroclimate whiplash is speeding up globally","Hydroclimate whiplash -- rapid swings between intensely wet and dangerously dry weather -- has already increased globally due to climate change, with further large increases expected as warming continues, according to a team of researchers.",https://www.sciencedaily.com/releases/2025/01/250109125637.htm,https://www.sciencedaily.com/images/scidaily-icon.png,https://web.archive.org/web/20250109201703/https://www.sciencedaily.com/releases/2025/01/250109125637.htm,"Los Angeles is burning, and accelerating hydroclimate whiplash is the key climate connection.After years of severe drought, dozens of atmospheric rivers deluged California with record-breaking precip… [+7260 chars]",,"Überschwemmungen, Dürren, dann Brände: Das Hydroklima-Schleudertrauma nimmt weltweit zu. Laut einem Forscherteam hat das Hydroklima-Schleudertrauma – schnelle Schwankungen zwischen extrem nassem und gefährlich trockenem Wetter – aufgrund des Klimawandels weltweit bereits zugenommen, wobei bei anhaltender Erwärmung ein weiterer starker Anstieg zu erwarten ist.","Floods, droughts, then fires: Hydroclimate whiplash is speeding up globally. Hydroclimate whiplash -- rapid swings between intensely wet and dangerously dry weather -- has already increased globally due to climate change, with further large increases expected as warming continues, according to a team of researchers.","Flumina, siccitates, deinde ignes: Hydroclimate whiplash velociter globally. Hydroclimata whiplash - avertit celeriores inter tempestatum valde humidum et periculosissime siccitatem - globally iam auctum propter mutationem climatis, cum magnis incrementis expectatur ut calefactio continuatur, secundum iunctos inquisitores.",2026-01-09 04:06:59+00:00
599a3cac6e0eb0f04fe1145ab54008d3,2025-01-11T02:30:00Z,'flooding disruption',www.independent.ie,en,0.0,"Met Éireann signals end to cold snap, but warns of risk of ‘localised flooding’ due to snow melt","Met Éireann has signalled the end to the cold snap and sub-zero mercury readings, with gradually milder temperatures set to take hold this weekend.",https://www.independent.ie/weather/met-eireann-signals-end-to-cold-snap-but-warns-of-risk-of-localised-flooding-due-to-snow-melt/a1424755031.html,https://focus.independent.ie/thumbor/ELF7wi_FS5agKRrDvpdsU1GOTcE=/60x0:735x450/629x0/prod-mh-ireland/69fa27ab-c248-4d58-b7d8-b572db894469/5b370102-ed9e-4998-a1d3-9d31155f5b47/video/video.jpg,https://web.archive.org/web/20250111103617/https://www.independent.ie/weather/met-eireann-signals-end-to-cold-snap-but-warns-of-risk-of-localised-flooding-due-to-snow-melt/a1424755031.html,"Met Éireann has signalled the end to the cold snap and sub-zero mercury readings, with gradually milder temperatures set to take hold this weekend.However, the national forecaster has warned that the… [+2782 chars]",,"Met Éireann signalisiert ein Ende des Kälteeinbruchs, warnt jedoch vor der Gefahr einer „lokalen Überschwemmung“ aufgrund der Schneeschmelze. Met Éireann hat das Ende des Kälteeinbruchs und der Quecksilberwerte unter Null signalisiert, und an diesem Wochenende dürften allmählich mildere Temperaturen Einzug halten.","Met Éireann signals end to cold snap, but warns of risk of ‘localised flooding’ due to snow melt. Met Éireann has signalled the end to the cold snap and sub-zero mercury readings, with gradually milder temperatures set to take hold this weekend.","Met Éireann annuit finire frigori disrumptionis, sed admonet de periculo 'localis inundationis propter nivis liquefactionem'. Met Éireann finem dedit disrumpens frigoris et sub-nullae lectionis hydrargyri, cum temperaturas sensim leniores positas ut hanc volutpat caperet.",2026-01-09 04:06:59+00:00
deb6d604bd246e84c3a985cee159d39e,2025-01-11T04:36:00Z,'flooding victims',www.thestar.com.my,en,0.0,Flood situation worsens in Johor as more districts affected,"JOHOR BARU: The number of flood victims in Johor continues to rise, with three more districts affected by flooding due to ongoing heavy rain. Read full story",https://www.thestar.com.my/news/nation/2025/01/11/flood-situation-worsens-in-johor-as-more-districts-affected,https://apicms.thestar.com.my/uploads/images/2025/01/11/3112372.jpg,https://web.archive.org/web/20250114212029/https://www.thestar.com.my/news/nation/2025/01/11/flood-situation-worsens-in-johor-as-more-districts-affected,"JOHOR BARU: The number of flood victims in Johor continues to rise, with three more districts affected by flooding due to ongoing heavy rain.
According to the Johor disaster management committee, as… [+554 chars]",,"Die Überschwemmungssituation in Johor verschlechtert sich, da weitere Bezirke betroffen sind. JOHOR BARU: Die Zahl der Überschwemmungsopfer in Johor steigt weiter, drei weitere Bezirke sind aufgrund anhaltender Starkregenfälle von Überschwemmungen betroffen. Lesen Sie die ganze Geschichte","Flood situation worsens in Johor as more districts affected. JOHOR BARU: The number of flood victims in Johor continues to rise, with three more districts affected by flooding due to ongoing heavy rain. Read full story","Diluvium condicio in Johor augetur ut plures regiones afficiuntur. JOHOR BARU: Numerus victimarum diluvii in Johor oriri pergit, cum tres plures regiones ob inundationem pluviae permanentis affectae sunt. Read full story",2026-01-09 04:06:59+00:00
f6c273e2f56f4ec2303ad9fafd6df954,2025-01-11T16:00:00Z,'floods',www.thestar.com.my,en,0.0,‘Free market’ to aid flood victims held in Terengganu,"KUALA NERUS: As a result of the severe floods that hit Terengganu late last year, a group of volunteers organised the ‘Pasor Percu­ma Ganu Kite!’ free market at SK Mengabang Telipot here, to donate essential items to flood victims. Read full story",https://www.thestar.com.my/news/nation/2025/01/12/free-market-to-aid-flood-victims-held-in-terengganu,https://apicms.thestar.com.my/uploads/images/2025/01/12/3113018.JPG,https://web.archive.org/web/20250112010543/https://www.thestar.com.my/news/nation/2025/01/12/free-market-to-aid-flood-victims-held-in-terengganu,"KUALA NERUS: As a result of the severe floods that hit Terengganu late last year, a group of volunteers organised the Pasor Percuma Ganu Kite! free market at SK Mengabang Telipot here, to donate esse… [+1586 chars]",,"„Freier Markt“ zur Unterstützung der in Terengganu festgehaltenen Flutopfer. KUALA NERUS: Als Folge der schweren Überschwemmungen, die Terengganu Ende letzten Jahres heimsuchten, organisierte eine Gruppe von Freiwilligen hier den kostenlosen Markt „Pasor Percuma Ganu Kite!“ im SK Mengabang Telipot, um lebenswichtige Gegenstände an die Flutopfer zu spenden. Lesen Sie die ganze Geschichte","‘Free market’ to aid flood victims held in Terengganu. KUALA NERUS: As a result of the severe floods that hit Terengganu late last year, a group of volunteers organised the ‘Pasor Percu­ma Ganu Kite!’ free market at SK Mengabang Telipot here, to donate essential items to flood victims. Read full story","Item forum liberum adiuvet victimas inundationes in Terengganu habitas. KUALA NERUS: Ex gravibus inundationibus quae nuper priore anno Terengganu feriunt, voluntariorum coetus constituerunt 'Pasor Percuma Ganu Kite!' mercatum liberum apud SK Mengabang Telipot hic, donare necessarias res ad inundationes victimas. Read full story",2026-01-09 04:06:59+00:00
cdcdd36fa9188165c2c409b2ae2a6677,2025-01-12T01:52:00Z,'flooding',www.channelnewsasia.com,en,0.0,Flooding at Jalan Seaview on Jan 10 due to 'heavy rain coinciding with high tide': PUB,"Changi also recorded the highest total amount of rainfall from Jan 10 to Jan 11, more than Singapore's average monthly rainfall in January, says PUB.",https://www.channelnewsasia.com/singapore/monsoon-surge-flooding-jalan-seaview-heavy-rain-high-tide-pub-4852436,"https://dam.mediacorp.sg/image/upload/s--j_TrXfT1--/f_auto,q_auto/c_fill,g_auto,h_676,w_1200/v1/mediacorp/cna/image/2025/01/12/pub_flood_singapore_0.jpg?itok=CE25c3yi",https://web.archive.org/web/20250112034556/https://www.channelnewsasia.com/singapore/monsoon-surge-flooding-jalan-seaview-heavy-rain-high-tide-pub-4852436,"SINGAPORE: The flooding that occurred along a stretch of Jalan Seaview on Friday (Jan 10) evening was due to ""heavy rain coinciding with high tide"", national water agency PUB said on Sunday.
The rai… [+676 chars]",,"Überschwemmung am Jalan Seaview am 10. Januar aufgrund von „starkem Regen, der mit Flut zusammenfällt“: PUB. Laut PUB verzeichnete Changi vom 10. bis 11. Januar auch die höchste Gesamtniederschlagsmenge, mehr als Singapurs durchschnittlicher monatlicher Niederschlag im Januar.","Flooding at Jalan Seaview on Jan 10 due to 'heavy rain coinciding with high tide': PUB. Changi also recorded the highest total amount of rainfall from Jan 10 to Jan 11, more than Singapore's average monthly rainfall in January, says PUB.","Inundatio apud Jalan Seaview die 10 Ian. ob ""pluviam gravem cum aestu maximo"": PUB. Changi etiam exposita est summa summa pluviarum ab Ian 10 ad 11 Ian, plus quam Singaporis mediocris menstrua pluviae mense Ianuario, dicit PUB.",2026-01-09 04:06:59+00:00
276a73727e6e544b95319dad1e58579d,2025-01-12T21:08:18Z,'flooding storm',www.digitaljournal.com,en,0.0,‘Fragile’ Mayotte still on high alert as storm moves away,"A tropical storm still presented a threat to the French territory of Mayotte, officials said Sunday, even though it was moving away after bringing torrential rains and flooding, and after killing three people in Madagascar. The storm came as France’s poorest …",https://www.digitaljournal.com/world/fragile-mayotte-still-on-high-alert-as-storm-moves-away-2/article,https://www.digitaljournal.com/wp-content/uploads/2025/01/c9ee09bbac44d68407aae237d28883fe1eac0739-2.jpg,https://web.archive.org/web/20250112212856/https://www.digitaljournal.com/world/fragile-mayotte-still-on-high-alert-as-storm-moves-away-2/article,"The storm came as France's poorest territory was still reeling from a deadly cyclone from mid-December
 - Copyright AFP Niharika KULKARNI
A tropical storm still presented a threat to the French ter… [+4173 chars]",,"Das „zerbrechliche“ Mayotte ist immer noch in höchster Alarmbereitschaft, da der Sturm abzieht. Ein tropischer Sturm stelle immer noch eine Bedrohung für das französische Territorium Mayotte dar, sagten Beamte am Sonntag, auch wenn er sich nach sintflutartigen Regenfällen und Überschwemmungen und nach dem Tod von drei Menschen in Madagaskar abziehe. Der Sturm kam als Frankreichs ärmster …","‘Fragile’ Mayotte still on high alert as storm moves away. A tropical storm still presented a threat to the French territory of Mayotte, officials said Sunday, even though it was moving away after bringing torrential rains and flooding, and after killing three people in Madagascar. The storm came as France’s poorest …","'Fragile' Mayotte adhuc in alto vigilat sicut tempestas recedit. Tempestas tropica minas adhuc Gallico territorio Mayotte praesentavit, officiales dominici dixerunt, quamvis post imbres torrentes et inundationem emigraret, et post tres homines Madagascar interfecto. Tempestas facta est ut pauperrimus Gallia …",2026-01-09 04:06:59+00:00
8f973d4e0bb6c062f7cf3181080a1db5,2025-01-13T21:29:06Z,'flooding',www.ibtimes.com,en,0.0,Families of Factory Workers Killed by Hurricane Helene After Being Ordered to Stay Get Fast Food Gift Cards As Condolence,"Managers at a Tennessee plastic factory allegedly told workers to remain at work during Hurricane Helene, resulting in the death of six workers after flooding from the hurricane hit the factory. The company then sent their families fast food gift cards as con…",https://www.ibtimes.com/families-factory-workers-killed-hurricane-helene-after-being-ordered-stay-get-fast-food-gift-3759050,https://d.ibtimes.com/en/full/4574983/impact-plastics-factory.jpg,https://web.archive.org/web/20250114094239/https://www.ibtimes.com/families-factory-workers-killed-hurricane-helene-after-being-ordered-stay-get-fast-food-gift-3759050,"Managers at a Tennessee plastic factory allegedly refused to allow employees to leave work during Hurricane Helene, resulting in the death of six workers after flooding from the hurricane hit the fac… [+2088 chars]",,"Familien von Fabrikarbeitern, die durch Hurrikan Helene getötet wurden, nachdem sie zum Bleiben aufgefordert wurden, erhalten als Kondolenzgutscheine Fast-Food-Geschenkkarten. Manager einer Kunststofffabrik in Tennessee forderten angeblich die Arbeiter auf, während des Hurrikans Helene bei der Arbeit zu bleiben, was zum Tod von sechs Arbeitern führte, nachdem die Fabrik von Überschwemmungen durch den Hurrikan heimgesucht wurde. Anschließend schickte das Unternehmen seinen Familien Fast-Food-Geschenkkarten als Geschenk …","Families of Factory Workers Killed by Hurricane Helene After Being Ordered to Stay Get Fast Food Gift Cards As Condolence. Managers at a Tennessee plastic factory allegedly told workers to remain at work during Hurricane Helene, resulting in the death of six workers after flooding from the hurricane hit the factory. The company then sent their families fast food gift cards as con…","Familiae of Factory Operariorum Procellae Helene occiditur Iussa manere Get Fast Food Card sicut Condolence. Managers apud officinam plasticam Tennessee dicebatur, opifices ad opus manere in Hurricane Helene, consequens est mortem sex operariorum post inundationem e procellae officinas percussisse. Societas deinde familias suas cibum festinanter donum pecto ut con…",2026-01-09 04:06:59+00:00
8a43d091aa5949a44ef246f02fbdbd47,2025-01-14T12:00:00Z,'flooding house',bitrebels.com,en,0.0,How Do You Identify The Different Types Of Water Damage In Your House?,"Water damage can occur in New York due to various reasons, such as flooding, broken pipes, defective sewage systems, storm damage, and more. However, experts advise people to take immediate steps; otherwise, it can compromise structural integrity or the house…",https://bitrebels.com/lifestyle/identify-different-types-water-damage-house/,https://bitrebels.com/wp-content/uploads/2025/01/identify-different-types-water-damage-house-header-image.jpg,,"Water damage can occur in New York due to various reasons, such as flooding, broken pipes, defective sewage systems, storm damage, and more. However, experts advise people to take immediate steps; ot… [+3473 chars]",,"Wie erkennen Sie die verschiedenen Arten von Wasserschäden in Ihrem Haus? Wasserschäden können in New York aus verschiedenen Gründen auftreten, z. B. Überschwemmungen, Rohrbrüche, defekte Abwassersysteme, Sturmschäden und mehr. Experten raten jedoch zu sofortigen Maßnahmen; andernfalls kann es die strukturelle Integrität oder das Haus gefährden …","How Do You Identify The Different Types Of Water Damage In Your House?. Water damage can occur in New York due to various reasons, such as flooding, broken pipes, defective sewage systems, storm damage, and more. However, experts advise people to take immediate steps; otherwise, it can compromise structural integrity or the house…","Quomodo recognoscis differentias aquae Damni in domo tua?. Damnum aquae in New York ob varias causas fieri potest, ut inundationes, tibiae ruptae, systemata purgamentorum defectiva, damnum tempestatum et plura. Sed periti homines suadent ut statim gressus capiant; secus, integritatem structuram vel domum... componi potest.",2026-01-09 04:06:59+00:00
67580e69b8b62245a0e16a7526e3f70d,2025-01-14T16:31:56Z,'floods',www.bbc.com,en,0.0,"Flood-hit towns must get new defences, says MP",A plea for new protection is made as the floods minister visits towns hit by the New Year's Day floods.,https://www.bbc.com/news/articles/cdxnvz5ndzgo,https://ichef.bbci.co.uk/news/1024/branded_news/f5d7/live/767e4f00-d284-11ef-85b4-cfd5b07d0a4a.jpg,https://web.archive.org/web/20250114230302/https://www.bbc.com/news/articles/cdxnvz5ndzgo,"Makerfield MP Josh Simons (right) visited Platt Bridge with floods minister Emma Hardy (left)
Towns in Greater Manchester left deluged by the devastating New Year's Day floods must see new flood def… [+2843 chars]",,"Von Überschwemmungen betroffene Städte müssen neue Verteidigungsanlagen erhalten, sagt MP. Während der Hochwasserminister Städte besucht, die von den Überschwemmungen am Neujahrstag betroffen sind, wird ein Plädoyer für neuen Schutz erhoben.","Flood-hit towns must get new defences, says MP. A plea for new protection is made as the floods minister visits towns hit by the New Year's Day floods.","Diluvium hit oppida novas munitiones obtinere debet, dicit MP. Placitum pro novis praesidiis fit ut inundationes minister visitationes oppidorum ab Novi Anni inundationibus percussus sit.",2026-01-09 04:06:59+00:00
08147447d22f3af6ccae4808416f0dd3,2025-01-14T17:54:40Z,'flooding',www.sciencedaily.com,en,0.0,Hiroshima flooding: A case study of well usage and adaptive governance,"A researcher conducted a survey on the use of private wells during the 2018 Western Japan floods in Kure City, Hiroshima Prefecture, which was affected by water supply disruptions.",https://www.sciencedaily.com/releases/2025/01/250114125440.htm,https://www.sciencedaily.com/images/scidaily-icon.png,,"Society is often vulnerable to disasters, but how humans manage during and after can turn devastation into opportunities for improved resilience.For instance, private wells are attracting attention a… [+1527 chars]",,"Überschwemmung in Hiroshima: Eine Fallstudie zur Brunnennutzung und adaptiven Governance. Ein Forscher führte eine Umfrage zur Nutzung privater Brunnen während der Überschwemmungen im Westen Japans 2018 in der Stadt Kure in der Präfektur Hiroshima durch, die von Störungen der Wasserversorgung betroffen war.","Hiroshima flooding: A case study of well usage and adaptive governance. A researcher conducted a survey on the use of private wells during the 2018 Western Japan floods in Kure City, Hiroshima Prefecture, which was affected by water supply disruptions.","Hiroshima inundatio: Casus studii bene usus et gubernationis adaptivae. Investigator perlustravit usum puteorum privatorum 2018 Inundationes Iaponiae occidentales in Kure urbe, Hiroshima Praefectura, quae distractis aquarum copia affectus est.",2026-01-09 04:06:59+00:00
670167f0a25a5498f0a9baa2dba6dd6d,2025-01-14T22:33:21Z,'deluge',www.forbes.com,en,0.0,Mental Health Crisis Looms As College Athletes Chase NIL Fame In “Attention Economy”,"An overwhelming majority of college athletes want to become a part of the attention economy, defined as those trying to break through the deluge of social media content.",https://www.forbes.com/sites/karenweaver/2025/01/14/mental-health-crisis-looms-as-college-athletes-chase-nil-fame-in-attention-economy/,https://imageio.forbes.com/specials-images/imageserve/66f60357ec32c9a0ee55d2e3/0x0.jpg?format=jpg&height=900&width=1600&fit=bounds,https://web.archive.org/web/20250115013334/https://www.forbes.com/sites/karenweaver/2025/01/14/mental-health-crisis-looms-as-college-athletes-chase-nil-fame-in-attention-economy/,"UNLV quarterback Matthew Sluka (3) runs with the ball during the college football game against Utah ... [+] Tech at Allegiant Stadium, Saturday, Sept. 7, 2024, in Las Vegas. (Daniel Jacobi II/Las Veg… [+5783 chars]",,"Die Krise der psychischen Gesundheit droht, während College-Athleten in der „Aufmerksamkeitsökonomie“ nach Null-Ruhm jagen. Eine überwältigende Mehrheit der Hochschulsportler möchte Teil der Aufmerksamkeitsökonomie werden, d. h. diejenigen, die versuchen, die Flut an Social-Media-Inhalten zu durchbrechen.","Mental Health Crisis Looms As College Athletes Chase NIL Fame In “Attention Economy”. An overwhelming majority of college athletes want to become a part of the attention economy, defined as those trying to break through the deluge of social media content.","Salutem mentis Crisis Looms As College Athletae Chase NIL Fame In ""Attention Economy"". Maxima pars athletarum collegii maximam partem oeconomiae attentionis fieri volunt, definire eos qui per diluvium instrumentorum socialium contentorum erumpere conantur.",2026-01-09 04:06:59+00:00
a2b654cefdc3ff95ed92d4b672bfcb0d,2025-01-16T11:38:50Z,'deluge',www.eurogamer.net,en,0.0,"Nintendo ""very, very, upset"" by Switch 2 leaks, former staff suggest","The recent deluge of Switch 2 details will have left Nintendo ""really mad"" and prompted time-consuming investigations into where information has leaked from.
 Read more",https://www.eurogamer.net/nintendo-very-very-upset-by-switch-2-leaks-former-staff-suggest,https://assetsio.gnwcdn.com/Untitled-1_ETFuG4P.jpg?width=1200&height=630&fit=crop&enable=upscale&auto=webp,https://web.archive.org/web/20250116115343/https://www.eurogamer.net/nintendo-very-very-upset-by-switch-2-leaks-former-staff-suggest,"The recent deluge of Switch 2 details will have left Nintendo ""really mad"" and prompted time-consuming investigations into where information has leaked from.
That's according to former Nintendo empl… [+2723 chars]",,"Nintendo sei „sehr, sehr verärgert“ über Leaks zu Switch 2, vermuten ehemalige Mitarbeiter. Die jüngste Flut von Details zur Switch 2 wird Nintendo „wirklich wütend“ gemacht und zeitaufwändige Untersuchungen darüber ausgelöst haben, woher die Informationen durchgesickert sind.
 Mehr lesen","Nintendo ""very, very, upset"" by Switch 2 leaks, former staff suggest. The recent deluge of Switch 2 details will have left Nintendo ""really mad"" and prompted time-consuming investigations into where information has leaked from.
 Read more","Nintendo ""ipsum, valde, commotus"" per Cie 2 effluo, antiqui virgam suggerunt. Recens diluvium switch 2 singularia Nintendo ""realiter demens"" reliquerunt et inquisitiones temporis consumpturae in quibus notitia emanavit.
 Read more",2026-01-09 04:06:59+00:00
532f2d14ce5d92467ed6414785a36f6a,2025-01-17T17:05:03Z,'flooding residents',www.insurancejournal.com,en,0.0,CFPB Finds Properties May be Underinsured in Non-Coastal Flood Zones,"Homeowners with mortgages who are at risk of flooding from rivers and creeks are more likely to be underinsured for floods than coastal residents, according to a new report from the Consumer Financial Protection Bureau. Using a sample of mortgage …",https://www.insurancejournal.com/news/southcentral/2025/01/17/808677.htm,https://www.insurancejournal.com/img/social/opengraph/ij-social-flood-1200x630.png,https://web.archive.org/web/20250118012140/https://www.insurancejournal.com/news/southcentral/2025/01/17/808677.htm,"Homeowners with mortgages who are at risk of flooding from rivers and creeks are more likely to be underinsured for floods than coastal residents, according to a new report from the Consumer Financia… [+3484 chars]",,"CFPB stellt fest, dass Immobilien in Überschwemmungsgebieten außerhalb der Küste möglicherweise unterversichert sind. Laut einem neuen Bericht des Consumer Financial Protection Bureau sind Hausbesitzer mit Hypotheken, die von Überschwemmungen durch Flüsse und Bäche bedroht sind, häufiger gegen Überschwemmungen unterversichert als Küstenbewohner. Anhand einer Musterhypothek …","CFPB Finds Properties May be Underinsured in Non-Coastal Flood Zones. Homeowners with mortgages who are at risk of flooding from rivers and creeks are more likely to be underinsured for floods than coastal residents, according to a new report from the Consumer Financial Protection Bureau. Using a sample of mortgage …","CFPB invenit Properties Sit underinsured in Non-coastal Diluvium Zonas. Homeowners cum impignoratis qui in inundatione rivorum et aestuaria periclitantur, magis verisimile esse in inundationibus quam incolas maritimos subservari, secundum novam relationem e Consumer Protection Financial Bureau. Usura specimen hypothecae ...",2026-01-09 04:06:59+00:00
c32b247dae7e5e2b76af93e81537b40a,2025-01-17T22:12:35Z,'flooding',abcnews.go.com,en,0.0,Alabama community demands accountability for flood damage before Biden's term ends,"After years of flooding and two presidential administrations, homeowners in Shiloh say they are still waiting for state and federal agencies to make them whole.",https://abcnews.go.com/US/alabama-community-demands-accountability-flood-damage-bidens-term/story?id=117711324,https://i.abcnewsfe.com/a/96448576-73d3-4d05-867d-8e97e24328ce/1030155856-williams-bullard-abc-lv-231030_1698698465681_hpEmbed_1_hpMain_2_16x9.jpg?w=1600,,"At a recent church service in Cleveland, a group of visitors from a rural Alabama community nearly 900 miles away, including pastor and business owner Timothy Williams, joined congregants in singing … [+6867 chars]",,"Die Gemeinde in Alabama fordert Verantwortung für die Überschwemmungsschäden, bevor Bidens Amtszeit endet. Nach Jahren der Überschwemmungen und zweier Präsidentschaftswahlen sagen Hausbesitzer in Shiloh, dass sie immer noch auf die Sanierung durch staatliche und bundesstaatliche Behörden warten.","Alabama community demands accountability for flood damage before Biden's term ends. After years of flooding and two presidential administrations, homeowners in Shiloh say they are still waiting for state and federal agencies to make them whole.","Alabama communitas postulat rationem damni inundationis ante terminum termini Biden. Post annos inundationes et duo administrationes praesidentiales, homeowners in Silo dicunt se adhuc exspectantes statum et instituta foederati ut integra fiant.",2026-01-09 04:06:59+00:00
86948ecd55518939f45b2ffedb17c629,2025-01-17T23:00:00Z,'floods',www.thestar.com.my,en,0.0,The fatal allure of floods,"JOHOR BARU: Floods seem to hold a dangerous allure for some people, who take the opportunity to fish or to just play in them, while others brave the raging currents to tie up their fishing nets. Read full story",https://www.thestar.com.my/news/nation/2025/01/18/the-fatal-allure-of-floods,https://apicms.thestar.com.my/uploads/images/2025/01/18/3123860.jpg,https://web.archive.org/web/20250118005531/https://www.thestar.com.my/news/nation/2025/01/18/the-fatal-allure-of-floods,"JOHOR BARU: Floods seem to hold a dangerous allure for some people, who take the opportunity to fish or to just play in them, while others brave the raging currents to tie up their fishing nets.
Unf… [+2280 chars]",,"Der fatale Reiz von Überschwemmungen. JOHOR BARU: Überschwemmungen scheinen für manche Menschen eine gefährliche Anziehungskraft auszuüben, die die Gelegenheit nutzen, um zu fischen oder einfach nur darin zu spielen, während andere den tosenden Strömungen trotzen, um ihre Fischernetze anzubinden. Lesen Sie die ganze Geschichte","The fatal allure of floods. JOHOR BARU: Floods seem to hold a dangerous allure for some people, who take the opportunity to fish or to just play in them, while others brave the raging currents to tie up their fishing nets. Read full story","Fatalis illecebris eluvies. JOHOR BARU: Flumina periculosa allicere videntur nonnullis hominibus, qui occasionem capiunt piscandi vel modo in eis ludendi, alii furentes aestus fortia ad piscandum retia alligant. Read full story",2026-01-09 04:06:59+00:00
dfc10d0bc52e776495d6950fe056165c,2025-01-19T09:00:00Z,'flooding',theintercept.com,en,0.0,Why My Memories of Being Taken From My Mom at the Border Came Flooding Back,"I was separated from my mom at age 10. Donald Trump's reelection has reignited my family's fears.
The post Why My Memories of Being Taken From My Mom at the Border Came Flooding Back appeared first on The Intercept.",https://theintercept.com/2025/01/19/trump-immigration-family-separation-memories/,https://theintercept.com/wp-content/uploads/2025/01/AP20338121259559_df03fb-e1737094143510.jpg?fit=3000%2C1500&w=1200&h=800,http://archive.md/20250120182807/https://theintercept.com/2025/01/19/trump-immigration-family-separation-memories/,"An asylum-seeking boy from Central America runs down a hallway after arriving from an immigration detention center to a shelter in San Diego, on Dec. 11, 2018.
I dont really know what happened to me… [+8950 chars]",,"Warum meine Erinnerungen daran, wie ich meiner Mutter an der Grenze weggenommen wurde, hochkamen. Ich wurde im Alter von 10 Jahren von meiner Mutter getrennt. Die Wiederwahl von Donald Trump hat die Ängste meiner Familie neu entfacht.
Der Beitrag Warum meine Erinnerungen daran, dass ich meiner Mutter an der Grenze genommen wurde, zurückkamen, erschien zuerst auf The Intercept.","Why My Memories of Being Taken From My Mom at the Border Came Flooding Back. I was separated from my mom at age 10. Donald Trump's reelection has reignited my family's fears.
The post Why My Memories of Being Taken From My Mom at the Border Came Flooding Back appeared first on The Intercept.","Quare My Memorias sumpti a Mom in Fimbria inundatio Back venit. Separatus sum a matre mea aetate 10. Donald Trump relectio metum familiae meae suscepit.
Posta quare My Memorias sumptionis a Mom in Border Carne Flooding Back primum apparuit in Intercept.",2026-01-09 04:06:59+00:00
b9b8b20963564ab0df4c8cbd923388f3,2025-01-20T12:36:00Z,'flooding relief',www.thestar.com.my,en,0.0,Sarawak floods: Number of evacuees increase as of 8pm,KUCHING: The number of individuals sheltered at the temporary relief centre due to flooding in Sarawak's Saratok district has risen to 89 people from 21 families as of 8pm on Monday (Jan 20). Read full story,https://www.thestar.com.my/news/nation/2025/01/20/sarawak-floods-number-of-evacuees-increase-as-of-8pm,https://apicms.thestar.com.my/uploads/images/2025/01/20/3127909.jpg,,"KUCHING: The number of individuals sheltered at the temporary relief centre due to flooding in Sarawak's Saratok district has risen to 89 people from 21 families as of 8pm on Monday (Jan 20).
Accord… [+362 chars]",,"Überschwemmungen in Sarawak: Ab 20 Uhr steigt die Zahl der Evakuierten. KUCHING: Die Zahl der Personen, die aufgrund der Überschwemmungen im Bezirk Saratok in Sarawak im provisorischen Hilfszentrum untergebracht waren, ist am Montag (20. Januar) um 20 Uhr auf 89 Menschen aus 21 Familien gestiegen. Lesen Sie die ganze Geschichte",Sarawak floods: Number of evacuees increase as of 8pm. KUCHING: The number of individuals sheltered at the temporary relief centre due to flooding in Sarawak's Saratok district has risen to 89 people from 21 families as of 8pm on Monday (Jan 20). Read full story,Sarawak inundationes: Numerus evacuorum crescentium sicut 8pm. KUCHING: Numerus hominum ad tempus subsidio tutatus est propter inundationem in regione Sarawak Saratok orta est ad 89 homines e 21 familiis sicut 8 post meridiem die Lunae (Ian. 20). Read full story,2026-01-09 04:06:59+00:00
422e384b19a8f9156f4caef5feff4211,2025-01-21T00:01:14Z,'flooding damage',www.abc.net.au,en,0.0,Rain cause for celebration as Tropical Cyclone Sean passes WA's coast,"With only minor damage and flooding reported, rain from Tropical Cyclone Sean has left residents in WA's Pilbara and Gascoyne in a celebratory mood.",https://www.abc.net.au/news/2025-01-21/tropical-cyclone-sean-pilbara-locals-welcome-rain/104838400,https://live-production.wcms.abc-cdn.net.au/6e796c23922df359ec9bcf6101e7712f?impolicy=wcms_watermark_news&cropH=2268&cropW=4032&xPos=0&yPos=105&width=862&height=485&imformat=generic,,"Residents along Western Australia's Pilbara coast are celebrating after the passage of Tropical Cyclone Sean left behind a transformed landscape.
The system peaked at category four late on Monday af… [+3711 chars]",,"Regen ist ein Grund zum Feiern, als der tropische Wirbelsturm Sean die Küste von WA passiert. Da nur geringfügige Schäden und Überschwemmungen gemeldet wurden, hat der Regen des tropischen Wirbelsturms Sean die Bewohner in Pilbara und Gascoyne in Westaustralien in feierliche Stimmung versetzt.","Rain cause for celebration as Tropical Cyclone Sean passes WA's coast. With only minor damage and flooding reported, rain from Tropical Cyclone Sean has left residents in WA's Pilbara and Gascoyne in a celebratory mood.","Causae celebrationis pluviae sicut Cyclone Tropical Sean oram transit WA. Cum minoris tantum damni et inundationis nuntiatae sunt, pluviae e Cyclone tropico Sean incolas in WA Pilbara et Gascoyne in mente celebri reliquit.",2026-01-09 04:06:59+00:00
7442ef1663bc6b01e1f33002bddabdad,2025-01-21T11:55:47Z,'deluge',www.nakedcapitalism.com,en,0.0,Links 1/21/2025,"Our racous daily links: medieval spies, Topol v. red meat, US v. China rare earth clampdown, more France dissing in Africa, Starmer in a panic? Houthis still attacking Israel shipping, Turkiye mixing it up, Trump exec order deluge, AI designing chips, Musk re…",https://www.nakedcapitalism.com/2025/01/links-1-21-2025.html,https://www.nakedcapitalism.com/wp-content/uploads/2025/01/00-armadillo.jpg,https://web.archive.org/web/20250121164709/https://www.nakedcapitalism.com/2025/01/links-1-21-2025.html,"People fail to get along because they fear each other; they fear each other because they dont know each other; they dont know each other because they have not communicated with each other.
— Dr. Mar… [+10432 chars]",,"Links 21.01.2025. Unsere rassistischen täglichen Links: mittelalterliche Spione, Topol vs. rotes Fleisch, Vorgehen der USA vs. China gegen seltene Erden, weitere Dissidenten Frankreichs in Afrika, Starmer in Panik? Houthis greifen immer noch die israelische Schifffahrt an, die Türkei mischt alles durcheinander, Trumps Exekutivdirektor ordnet eine Flutwelle an, KI entwickelt Chips, Musk re...","Links 1/21/2025. Our racous daily links: medieval spies, Topol v. red meat, US v. China rare earth clampdown, more France dissing in Africa, Starmer in a panic? Houthis still attacking Israel shipping, Turkiye mixing it up, Trump exec order deluge, AI designing chips, Musk re…","Vincula 1/21/2025. Nostri cotidiani nexus racous: exploratores medii aevi, Topol v. carnes rubrae, US v. Sina rara terra clampdown, magis Gallia dissing in Africa, Starmer in terrore? Houthis naviculas Israelis adhuc oppugnat, Turkiye miscens, Trump exec ordinem diluvium, AI astulas cogitans, Musk re…",2026-01-09 04:06:59+00:00
31d73a426cb5f6226fa4e7be2c8be2e9,2025-01-21T14:29:35Z,'deluge',www.forbes.com,en,0.0,The Trump Inauguration Overflowed With Memes,Donald Trump's inauguration led to a deluge of memes on social media—but this could actually help heal a fractured country.,https://www.forbes.com/sites/callumbooth/2025/01/21/the-trump-inauguration-overflowed-with-memes/,https://imageio.forbes.com/specials-images/imageserve/678fa287ab551b74e5427548/0x0.jpg?format=jpg&height=900&width=1600&fit=bounds,https://web.archive.org/web/20250121143351/https://www.forbes.com/sites/callumbooth/2025/01/21/the-trump-inauguration-overflowed-with-memes/,"U.S. President Donald Trump. (Photo by Chip Somodevilla/Getty Images)
Getty Images
There will be few bigger moments on social media than Trumps inauguration. The eyes of the world were on the event… [+4047 chars]",,"Die Amtseinführung von Trump war voller Memes. Die Amtseinführung von Donald Trump führte zu einer Flut von Memes in den sozialen Medien – aber dies könnte tatsächlich dazu beitragen, ein zersplittertes Land zu heilen.",The Trump Inauguration Overflowed With Memes. Donald Trump's inauguration led to a deluge of memes on social media—but this could actually help heal a fractured country.,BUCINUM Inauguratio Memes redundavit. Donald Trump inauguratio ad diluvium memorum de instrumentis socialibus duxit-sed hoc revera auxilium fractis patriae sanare potuit.,2026-01-09 04:06:59+00:00
2491ac3ea1fae8f730596814a3f07806,2025-01-21T14:43:12Z,'flooding',www.abc.net.au,en,0.0,Seventeen people dead and eight others missing after landslides and flooding on Indonesia's Java island,Rescuers are continuing to search for those missing in the disaster.,https://www.abc.net.au/news/2025-01-22/indonesian-landslide-kills-17-people-8-others-missing-java/104844262,https://live-production.wcms.abc-cdn.net.au/aad22c8dd03a0655ca743ec290a42e1c?impolicy=wcms_watermark_news&cropH=1688&cropW=3000&xPos=0&yPos=29&width=862&height=485&imformat=generic,https://web.archive.org/web/20250121154202/https://www.abc.net.au/news/2025-01-22/indonesian-landslide-kills-17-people-8-others-missing-java/104844262,Indonesian rescuers have recovered the bodies of at least 17 people who were swept away in flash floods or buried under tons of mud and rocks that hit hilly villages on the country's main island of J… [+2291 chars],,Nach Erdrutschen und Überschwemmungen auf der indonesischen Insel Java sind 17 Menschen ums Leben gekommen und acht weitere vermisst. Retter suchen weiterhin nach den Vermissten der Katastrophe.,Seventeen people dead and eight others missing after landslides and flooding on Indonesia's Java island. Rescuers are continuing to search for those missing in the disaster.,Septemdecim homines mortui et octo alii desunt postquam proruit et inundatio in insula Javae Indonesiae. Salutores pergunt quaerere eos qui in calamitate defuit.,2026-01-09 04:06:59+00:00
f635f69c53086310abc8d55f9aee3dcb,2025-01-21T16:36:15Z,'flooding landslide',www.newsweek.com,en,0.0,Landslides and Flash Floods Leave 17 Dead and Several Missing,Heavy rains caused rivers to overflow across Indonesia's Java island.,https://www.newsweek.com/landslides-flash-floods-indonesia-natural-disaster-2018334,https://d.newsweek.com/en/full/2569638/indonesia-landslides.jpg,https://web.archive.org/web/20250121165018/https://www.newsweek.com/landslides-flash-floods-indonesia-natural-disaster-2018334,"At least 17 people have died, and eight remain missing, after torrential rains triggered flash floods and landslides across Indonesia's Java island.
Why It Matters
Flash floods and landslides durin… [+3586 chars]",,"Erdrutsche und Sturzfluten hinterlassen 17 Tote und mehrere Vermisste. Heftige Regenfälle führten dazu, dass Flüsse auf der indonesischen Insel Java über die Ufer traten.",Landslides and Flash Floods Leave 17 Dead and Several Missing. Heavy rains caused rivers to overflow across Indonesia's Java island.,Landslides and Flash Floods Leave 17 Dead and several Absentis. Imbres graves causa flumina trans Javam insulam Indonesiam inundare fecerunt.,2026-01-09 04:06:59+00:00
47c5167f2e32411260c1d6accf43b9a2,2025-01-22T04:30:00Z,'floods',www.thestar.com.my,en,0.0,"Floods: Keep drains clear especially during rainy season, Sarawakians urged","KUCHING: The public must play its role in keeping drains clean to help prevent flash floods during the rainy season, says Datuk Amar Dr Sim Kui Hian. Read full story",https://www.thestar.com.my/news/nation/2025/01/22/floods-keep-drains-clear-especially-during-rainy-season-sarawakians-urged,https://apicms.thestar.com.my/uploads/images/2025/01/22/3130578.jpg,,"KUCHING: The public must play its role in keeping drains clean to help prevent flash floods during the rainy season, says Datuk Amar Dr Sim Kui Hian.
The Deputy Premier said this was important to co… [+855 chars]",,"Überschwemmungen: Halten Sie die Abflüsse besonders während der Regenzeit frei, forderten die Bewohner Sarawaks. KUCHING: Die Öffentlichkeit muss ihre Rolle dabei spielen, die Abflüsse sauber zu halten, um Sturzfluten während der Regenzeit zu verhindern, sagt Datuk Amar Dr. Sim Kui Hian. Lesen Sie die ganze Geschichte","Floods: Keep drains clear especially during rainy season, Sarawakians urged. KUCHING: The public must play its role in keeping drains clean to help prevent flash floods during the rainy season, says Datuk Amar Dr Sim Kui Hian. Read full story","Inundationes: Serva cloacas purgare praesertim tempore pluvioso, Sarawakii suaserunt. KUCHING: Publicum munus suum agere debet ut exhaurit custodias mundas ad adiuvandum ne diluvia micant tempore pluvioso, dicit Datuk Amar Dr Sim Kui Hian. Read full story",2026-01-09 04:06:59+00:00
76d6aeb61f5a306d100c82edf78f6010,2025-01-22T06:01:31Z,'flooding',www.insurancejournal.com,en,0.0,Growing Concerns About Wildfires in Carolina Thanks to Kindling Left by Helene,"As southern California continues to suffer from wildfires, officials in another part of the country fear their area could be next – thanks to tons of dry wood left over from Hurricane Helene’s wind and flooding. “The number one fire …",https://www.insurancejournal.com/news/southeast/2025/01/22/809035.htm,https://www.insurancejournal.com/app/uploads/2025/01/chimney-rock-fire-scaled.jpeg,https://web.archive.org/web/20250122174644/https://www.insurancejournal.com/news/southeast/2025/01/22/809035.htm,"As southern California continues to suffer from wildfires, officials in another part of the country fear their area could be next thanks to tons of dry wood left over from Hurricane Helene’s wind and… [+3950 chars]",,"Wachsende Besorgnis über Waldbrände in Carolina dank des von Helene hinterlassenen Anzündholzes. Während Südkalifornien weiterhin von Waldbränden heimgesucht wird, befürchten Beamte in einem anderen Teil des Landes, dass ihr Gebiet als nächstes dran sein könnte – dank Tonnen von trockenem Holz, das vom Wind und den Überschwemmungen des Hurrikans Helene übrig geblieben ist. „Das Feuer Nummer eins …","Growing Concerns About Wildfires in Carolina Thanks to Kindling Left by Helene. As southern California continues to suffer from wildfires, officials in another part of the country fear their area could be next – thanks to tons of dry wood left over from Hurricane Helene’s wind and flooding. “The number one fire …","Growing concerns About Wildfires in Carolina Thanks to Kindling Left by Helene. Cum meridionali California pergit pati ab incendiis feris, magistratus in alia regione timent regionem suam proximum esse - gratias tons ligni sicci superfluentis ex vento et inundatione Hurricane Helene. ""Numerus unus ignis ...",2026-01-09 04:06:59+00:00
f54561e9b506eb864c9f7b2d479cd58f,2025-01-22T07:34:25Z,'flooding',abcnews.go.com,en,0.0,Search resumes after deadly flooding and landslides in Indonesia,"Indonesian rescuers have retrieved two more bodies as they resumed their search for people missing after floods and landslides on Indonesia’s main island of Java, bringing the death toll to 19",https://abcnews.go.com/International/wireStory/search-resumes-after-deadly-flooding-landslides-indonesia-117965557,https://i.abcnewsfe.com/a/65a12d9a-df40-4b60-b4cf-6a9dd3782565/wirestory_e3e624c5fc3659b9f9152d47a408b9ad_16x9.jpg?w=1600,https://web.archive.org/web/20250122082745/https://abcnews.go.com/International/wireStory/search-resumes-after-deadly-flooding-landslides-indonesia-117965557,"JAKARTA, Indonesia -- Indonesian rescuers retrieved two more bodies after they resumed their search Wednesday for people missing after floods and landslides on Indonesias main island of Java, bringin… [+2730 chars]",,"Nach tödlichen Überschwemmungen und Erdrutschen in Indonesien wird die Suche wieder aufgenommen. Indonesische Retter haben zwei weitere Leichen geborgen, als sie ihre Suche nach Vermissten nach Überschwemmungen und Erdrutschen auf der indonesischen Hauptinsel Java fortsetzten, was die Zahl der Todesopfer auf 19 erhöhte","Search resumes after deadly flooding and landslides in Indonesia. Indonesian rescuers have retrieved two more bodies as they resumed their search for people missing after floods and landslides on Indonesia’s main island of Java, bringing the death toll to 19","Quaerere repetit post inundationem mortiferam et prolapsam in Indonesia. Servatores Indonesiani duo plura corpora rettulerunt, cum resumerunt investigationem hominum absentium post inundationes et landslides in insula Javae principale in Indonesia, ad mortis portorium ad 19 afferentes.",2026-01-09 04:06:59+00:00
dd508fe7be0d673ac45a2de052a276a1,2025-01-22T13:00:10Z,'deluge',www.creativebloq.com,en,0.0,Designers say AI is making stock image sites unusable,A deluge of AI slop is making it harder to find decent images.,https://www.creativebloq.com/ai/ai-art/designers-say-ai-is-making-stock-image-sites-unusable,https://cdn.mos.cms.futurecdn.net/Qfye5qiXkhZGSzc75RpCu6-1200-80.jpg,https://web.archive.org/web/20250122132758/https://www.creativebloq.com/ai/ai-art/designers-say-ai-is-making-stock-image-sites-unusable,"AI is supposed to make things quicker and easier, right? But while it's true that AI tools can automate or streamline some of the most tedious tasks, it appears that the tech, or its results, are mak… [+2795 chars]",,"Designer sagen, KI mache Stockfoto-Websites unbrauchbar. Eine Flut von KI-Fehlern macht es schwieriger, anständige Bilder zu finden.",Designers say AI is making stock image sites unusable. A deluge of AI slop is making it harder to find decent images.,Designatores dicunt AI stirpem imaginis situs inutilem facit. Diluvium AI slop difficiliorem efficit imagines honestas invenire.,2026-01-09 04:06:59+00:00
5fdd89c1f2783e9f783dc74bb57bb457,2025-01-22T14:00:00Z,'floods',www.kpbs.org,en,0.0,Southcrest awaits stormwater upgrades as Jan. 22 flood victims struggle to recover,"One year after an intense storm caused devastating floods along Chollas Creek, some of the survivors are still homeless.",https://www.kpbs.org/news/quality-of-life/2025/01/22/southcrest-awaits-stormwater-upgrades-as-jan-22-flood-victims-struggle-to-recover,https://cdn.kpbs.org/dims4/default/d1b0c0a/2147483647/strip/true/crop/5712x2999+0+1018/resize/1200x630!/quality/90/?url=http%3A%2F%2Fkpbs-brightspot.s3.us-west-2.amazonaws.com%2F36%2Fe4%2F10d766534558a421d8d619d2f84c%2Fimg-3824.jpg,https://web.archive.org/web/20250122151048/https://www.kpbs.org/news/quality-of-life/2025/01/22/southcrest-awaits-stormwater-upgrades-as-jan-22-flood-victims-struggle-to-recover,"On Jan. 22, 2024, Ashley Manzano woke up to a torrential downpour outside her grandmother's home on Beta Street in Southcrest. When water started coming up through the floorboards, she knew she had t… [+3230 chars]",,"Southcrest wartet auf Regenwasserverbesserungen, während die Flutopfer vom 22. Januar Schwierigkeiten haben, sich zu erholen. Ein Jahr nachdem ein heftiger Sturm verheerende Überschwemmungen entlang des Chollas Creek verursachte, sind einige der Überlebenden immer noch obdachlos.","Southcrest awaits stormwater upgrades as Jan. 22 flood victims struggle to recover. One year after an intense storm caused devastating floods along Chollas Creek, some of the survivors are still homeless.","Australis cinematographica tempestatis exspectat, ut die 22 mensis Ianuarii certamen victimarum inundationis recuperet. Uno anno post intensam tempestatem per Chollas Creek inundationes vastandas effecit, nonnulli superstites adhuc profugos sunt.",2026-01-09 04:06:59+00:00
56e5e55e4a56c849e115b52fdd48d281,2025-01-22T14:17:00Z,'deluge',www.techspot.com,en,0.0,"AI adoption to double storage demands in just 3 years, Seagate survey finds","The data deluge is mainly being handled by the cloud. The survey indicates that 65% of all AI-related data is already being stored in the cloud as of 2024, and that percentage is projected to climb to 69% by 2028 as more workloads shift off-premises.Read Enti…",https://www.techspot.com/news/106444-ai-expected-double-companies-storage-needs-3-years.html,https://www.techspot.com/images2/news/bigimage/2025/01/2025-01-22-image-9.jpg,,"In a nutshell: A new global survey commissioned by storage giant Seagate reveals that businesses anticipate their data storage needs will double within the next three years, driven largely by the ado… [+2013 chars]",,"Laut Seagate-Umfrage verdoppelt die Einführung von KI den Speicherbedarf in nur drei Jahren. Die Datenflut wird hauptsächlich von der Cloud bewältigt. Die Umfrage zeigt, dass im Jahr 2024 bereits 65 % aller KI-bezogenen Daten in der Cloud gespeichert werden und dass dieser Prozentsatz bis 2028 voraussichtlich auf 69 % steigen wird, da immer mehr Arbeitslasten ausgelagert werden.Lesen Sie Enti…","AI adoption to double storage demands in just 3 years, Seagate survey finds. The data deluge is mainly being handled by the cloud. The survey indicates that 65% of all AI-related data is already being stored in the cloud as of 2024, and that percentage is projected to climb to 69% by 2028 as more workloads shift off-premises.Read Enti…","AI adoptio ad duplices exigentias repositionis in 3 annis iustis, circumspectis Seagate invenit. Notitia diluvium maxime per nubem tractatur. Circumspectio indicat 65% omnium AI relatarum notitiarum iam in nube ut 2024 repositum esse, et recipis proiectum ad 69% per 2028 adscendere ut plura incommoda removeant-praemissa.Read Enti...",2026-01-09 04:06:59+00:00
9d24c559a1db1a33457459124a6c7a8e,2025-01-22T16:44:21Z,'flooding death',www.voanews.com,en,0.0,"Death toll in flooding, landslides in Indonesia rises to 21","JAKARTA, INDONESIA — Indonesian rescuers retrieved four more bodies after they resumed their search Wednesday for people missing after floods and landslides on Indonesia's main island of Java, bringing the death toll to 21.


Water from flooded rivers tore th…",https://www.voanews.com/a/death-toll-in-flooding-landslides-in-indonesia-rises-to-21/7946246.html,https://gdb.voanews.com/93412DF6-E018-4B8F-A391-FD94949A9AC9.jpg,https://web.archive.org/web/20250122174242/https://www.voanews.com/a/death-toll-in-flooding-landslides-in-indonesia-rises-to-21/7946246.html,"JAKARTA, INDONESIA  Indonesian rescuers retrieved four more bodies after they resumed their search Wednesday for people missing after floods and landslides on Indonesia's main island of Java, bringin… [+2014 chars]",,"Zahl der Todesopfer bei Überschwemmungen und Erdrutschen in Indonesien steigt auf 21. JAKARTA, INDONESIEN – Indonesische Retter haben vier weitere Leichen geborgen, nachdem sie am Mittwoch ihre Suche nach Vermissten nach Überschwemmungen und Erdrutschen auf Indonesiens Hauptinsel Java wieder aufgenommen hatten, was die Zahl der Todesopfer auf 21 erhöhte.


Wasser aus überschwemmten Flüssen riss die…","Death toll in flooding, landslides in Indonesia rises to 21. JAKARTA, INDONESIA — Indonesian rescuers retrieved four more bodies after they resumed their search Wednesday for people missing after floods and landslides on Indonesia's main island of Java, bringing the death toll to 21.


Water from flooded rivers tore th…","Mortuum vectigal in inundatione, proruit in Indonesia ad 21. JAKARTA, INDONESIA -  servatores Indonesiani quattuor plus corporum reparaverunt postquam inquisitionem Mercurii hominibus absentis post inundationes et ruinas in Indonesiae insulae Javae resumpsit, mortiferum portorium 21 adferens.


Fluviis inundatis aqua deripuit th…",2026-01-09 04:06:59+00:00
3d71859d43acccc76e3cd0f1cd2e8312,2025-01-22T20:24:35Z,'flooding rain',nypost.com,en,0.0,When will the LA fires stop burning? Weekend rains could bring relief — but also new dangers,"Weekend rains could finally help tamp down the still-burning Los Angeles wildfires, but those rains could bring deadly mudslides and flooding to the communities in and around the fire zones. After only 0.6 inches of rain in LA since October, the overall area …",https://nypost.com/2025/01/22/us-news/when-will-the-la-fires-stop-burning-weekend-rains-could-bring-relief-but-also-new-dangers/,https://nypost.com/wp-content/uploads/sites/2/2025/01/97142321.jpg?quality=75&strip=all&w=1024,,"Weekend rains could finally help tamp down the still-burning Los Angeles wildfires, but those rains could bring deadly mudslides and flooding to the communities in and around the fire zones.
After o… [+3420 chars]",,"Wann hören die Brände in LA auf zu brennen? Regenfälle am Wochenende könnten Linderung bringen – aber auch neue Gefahren. Regenfälle am Wochenende könnten endlich dazu beitragen, die immer noch brennenden Waldbrände in Los Angeles einzudämmen, aber diese Regenfälle könnten tödliche Schlammlawinen und Überschwemmungen für die Gemeinden in und um die Brandgebiete mit sich bringen. Nach nur 0,6 Zoll Regen in LA seit Oktober ist die Gesamtfläche …","When will the LA fires stop burning? Weekend rains could bring relief — but also new dangers. Weekend rains could finally help tamp down the still-burning Los Angeles wildfires, but those rains could bring deadly mudslides and flooding to the communities in and around the fire zones. After only 0.6 inches of rain in LA since October, the overall area …","Quando LA ignes prohibere ardere? Imbres volutpat auxilium ferre potuerunt — sed etiam nova pericula. Imbres volutpat vestibulum tandem adiuvare potuerunt flammas ignium adhuc ardentes Los Angeles, sed imbres illae turbae funestae et inundationes communitatum in zonas ignis et circa. Post tantum 0.6 unciae pluviae in LA cum Octobre, area altiore ...",2026-01-09 04:06:59+00:00
b422e40de790904f65b2b964bd3ac0ea,2025-01-23T11:46:16Z,'flooding death',www.aljazeera.com,en,0.0,"Death toll in deadly Indonesia flooding, landslides rises to 21","Rescuers retrieved four more bodies after they resumed their search, bringing the death toll to 21.",https://www.aljazeera.com/gallery/2025/1/23/death-toll-in-deadly-indonesia-flooding-landslides-rises-to-21,https://www.aljazeera.com/wp-content/uploads/2025/01/AP25023116246865-1737626252.jpg?resize=1920%2C1440,https://web.archive.org/web/20250123120500/https://www.aljazeera.com/gallery/2025/1/23/death-toll-in-deadly-indonesia-flooding-landslides-rises-to-21,"Waters from flooded rivers tore through nine villages in Indonesias Central Java province, and landslides tumbled onto mountainside hamlets after torrential rains.
Videos and photos released by Nati… [+1171 chars]",,"Zahl der Todesopfer bei tödlichen Überschwemmungen und Erdrutschen in Indonesien steigt auf 21. Retter haben vier weitere Leichen geborgen, nachdem sie ihre Suche wieder aufgenommen hatten, was die Zahl der Todesopfer auf 21 erhöht.","Death toll in deadly Indonesia flooding, landslides rises to 21. Rescuers retrieved four more bodies after they resumed their search, bringing the death toll to 21.","Mortuus theloneo funestissimo Indonesia inundatione, proruit surgit 21. Rescuers restituit quatuor amplius corpora, postquam resumpsit inquisitionem, mortem ferens portorium 21 .",2026-01-09 04:06:59+00:00
de6e84b7b059a2d72888df7cb23042b4,2025-01-23T13:47:44Z,'flooding area',theconversation.com,en,0.0,"LA gets rain, but also risk of flooding and debris flows from wildfire burn scars – a geologist explains the threat",Rain on land burned by a series of devastating fires in the Los Angeles area has the potential to contribute to flooding and debris flows.,https://theconversation.com/la-gets-rain-but-also-risk-of-flooding-and-debris-flows-from-wildfire-burn-scars-a-geologist-explains-the-threat-247770,https://images.theconversation.com/files/643365/original/file-20250119-17-mppcrt.jpg?ixlib=rb-4.1.0&rect=0%2C215%2C4000%2C2000&q=45&auto=format&w=1356&h=668&fit=crop,https://web.archive.org/web/20250126162856/https://theconversation.com/la-gets-rain-but-also-risk-of-flooding-and-debris-flows-from-wildfire-burn-scars-a-geologist-explains-the-threat-247770,"A debris flow channel in a severely burned watershed in Idaho. Amirhossein Montazeri/Boise State University, CC BY-ND
While firefighters work to extinguish the Los Angeles-area wildfires, city offic… [+6345 chars]",,"In LA gibt es Regen, es besteht aber auch die Gefahr von Überschwemmungen und Murgängen durch Brandnarben von Waldbränden – ein Geologe erklärt die Bedrohung. Regen auf Land, das durch eine Reihe verheerender Brände in der Gegend von Los Angeles verbrannt wurde, kann möglicherweise zu Überschwemmungen und Murgängen beitragen.","LA gets rain, but also risk of flooding and debris flows from wildfire burn scars – a geologist explains the threat. Rain on land burned by a series of devastating fires in the Los Angeles area has the potential to contribute to flooding and debris flows.","LA pluviam accipit, sed etiam periculum inundationis et strages ex incendiis ignitis cicatricibus fluit – periculum geologist exponit. Imber in terra combusta serie incendium vastandi in regione Los Angeles habet, potentia ad inundationem et strages inundationes conferendi.",2026-01-09 04:06:59+00:00
15fcce334c3602f1a797eb225de65e5c,2025-01-23T19:05:35Z,'flooding house',www.vanityfair.com,en,0.0,Donald Trump Is Flooding the Zone on Immigration,The president has wasted no time with a flurry of hardline anti-immigration executive orders—and threats against blue state officials who might not comply with enforcing the new regime’s agenda.,https://www.vanityfair.com/news/story/donald-trump-is-flooding-the-zone-on-immigration,"https://media.vanityfair.com/photos/679274365a90f30f191edb7d/16:9/w_1280,c_limit/2194990747",http://archive.md/20250215122212/https://www.vanityfair.com/news/story/donald-trump-is-flooding-the-zone-on-immigration,"Donald Trump has hit the ground running on his hardline immigration agenda, setting the stage for a massive deportation campaignand turning up the pressure on any officials in his way.
Since taking … [+3770 chars]",,"Donald Trump überschwemmt die Einwanderungszone. Der Präsident hat keine Zeit mit einer Flut harter einwanderungsfeindlicher Verordnungen verschwendet – und Drohungen gegen Beamte des „blauen Staates“, die der Durchsetzung der Agenda des neuen Regimes möglicherweise nicht nachkommen.",Donald Trump Is Flooding the Zone on Immigration. The president has wasted no time with a flurry of hardline anti-immigration executive orders—and threats against blue state officials who might not comply with enforcing the new regime’s agenda.,"Donald BUCINUM Zonam inundat in Nullam. Praeses tumultus anti-immigrationis ordines exsecutivorum et minarum caeruleorum officialium, qui non obtemperare possent, coercitionis novae agendi rationes in re publica cogenda erant.",2026-01-09 04:06:59+00:00
9df6dd3670196cdd5fc3984e97a782c0,2025-01-23T21:55:48Z,'flooding evacuation',www.thewrap.com,en,0.0,"Hughes Fire Reaches 10,000 Acres, ‘Possible Flash Flooding Threat’ Issued for Saturday","Smaller Laguna and Sepulveda fires also popped up Thursday as the Palisades and Eaton blazes continue after two weeks
The post Hughes Fire Reaches 10,000 Acres, ‘Possible Flash Flooding Threat’ Issued for Saturday appeared first on TheWrap.",https://www.thewrap.com/hughes-fire-reaches-10000-acres-los-angeles-wildfires/,https://www.thewrap.com/wp-content/uploads/2025/01/hughes-fire-day-2.jpg,https://web.archive.org/web/20250123230245/https://www.thewrap.com/hughes-fire-reaches-10000-acres-los-angeles-wildfires/,"Its been 16 days since the Palisades and Eaton fires first began raging, and as of Thursday, Southern California firefighters are now battling six wildfires.
After igniting on Wednesday morning, the… [+1862 chars]",,"Hughes-Feuer erreicht 10.000 Acres, „Mögliche Sturzflutgefahr“ für Samstag ausgegeben. Am Donnerstag kam es auch zu kleineren Bränden in Laguna und Sepulveda, während die Brände in Palisades und Eaton nach zwei Wochen anhalten
Der für Samstag herausgegebene Beitrag Hughes Fire erreicht 10.000 Acres, „mögliche Sturzflutgefahr“ erschien zuerst auf TheWrap.","Hughes Fire Reaches 10,000 Acres, ‘Possible Flash Flooding Threat’ Issued for Saturday. Smaller Laguna and Sepulveda fires also popped up Thursday as the Palisades and Eaton blazes continue after two weeks
The post Hughes Fire Reaches 10,000 Acres, ‘Possible Flash Flooding Threat’ Issued for Saturday appeared first on TheWrap.","Hughes Fire Reaches 10000 Acres, 'Possibilis Flash profusus comminatio' Datum per diem Sabbati. Minores Laguna et Sepulveda ignes etiam Iovis papaver sicut Palisades et Eton post duas hebdomades ardet.
Post Hughes Fire Reaches 10,000 Acres, 'Possibilis Flash profusus comminatio' Data est die Sabbati primum in TheWrap.",2026-01-09 04:06:59+00:00
5fcb4f913b24e863a55b015f3489014b,2025-01-24T10:12:03Z,'floods',www.usatoday.com,en,0.0,Trump embarks on first presidential trip for look at unprecedented damage,"President Donald Trump will visit areas devastated by floods in North Carolina and fires in California, as debates rage about recovery and funding.",https://www.usatoday.com/story/news/politics/2025/01/24/donald-trump-visit-california-wildfires-north-carolina-flooding/77883926007/,https://s.yimg.com/ny/api/res/1.2/7s4L_ZFmO5v25i_81vl.pg--/YXBwaWQ9aGlnaGxhbmRlcjt3PTEyMDA7aD04MDA-/https://media.zenfs.com/en/usa_today_news_641/c58de20c0d9c8563ff35e1e4b866c6c1,https://web.archive.org/web/20250124111240/http://www.usatoday.com/story/news/politics/2025/01/24/donald-trump-visit-california-wildfires-north-carolina-flooding/77883926007/,WASHINGTON President Donald Trump will visit two disaster areas on Friday to see the unprecedented damage firsthand in a region of North Carolina that flooded during Hurricane Helene and another rava… [+11933 chars],,"Trump begibt sich zum ersten Mal auf eine Präsidentschaftsreise, um sich mit beispiellosen Schäden zu befassen. Präsident Donald Trump wird Gebiete besuchen, die von Überschwemmungen in North Carolina und Bränden in Kalifornien verwüstet wurden, während die Debatten über Wiederaufbau und Finanzierung toben.","Trump embarks on first presidential trip for look at unprecedented damage. President Donald Trump will visit areas devastated by floods in North Carolina and fires in California, as debates rage about recovery and funding.","BUCINUM aggreditur primum iter praesidentiale ad aspectum damnum inauditum. Praeses Donald Trump areas inundationes in Carolina Septentrionali et incendiis in California vastatas visitabit, ut disceptationes de recuperatione et sumptu saeviant.",2026-01-09 04:06:59+00:00
ccbe8f8e4a1531bd93024b41cd30864f,2025-01-24T17:35:06Z,'flooding',www.dailysignal.com,en,0.0,"New Year, New President Bring New Opportunities as Americans Gather for Annual March for Life","This year, the thousands of Americans flooding Washington, D.C., for the annual March for Life have a lot be excited about. And for good reason:... Read More
The post New Year, New President Bring New Opportunities as Americans Gather for Annual March for Lif…",https://www.dailysignal.com/2025/01/24/new-year-new-president-bring-new-opportunities-as-americans-gather-for-annual-march-for-life/,https://www.dailysignal.com/wp-content/uploads/2025/01/20250124_March4Life-scaled.jpg,https://web.archive.org/web/20250124182508/https://www.dailysignal.com/2025/01/24/new-year-new-president-bring-new-opportunities-as-americans-gather-for-annual-march-for-life/,"This year, the thousands of Americans flooding Washington, D.C., for the annual March for Life have a lot be excited about. And for good reason: the Biden-Harris administration is out, and the Trump-… [+3646 chars]",,"Neues Jahr, neuer Präsident bringen neue Chancen, wenn sich die Amerikaner zum jährlichen Marsch für das Leben versammeln. In diesem Jahr können sich die Tausenden von Amerikanern, die zum alljährlichen „March for Life“ nach Washington D.C. strömen, riesig freuen. Und das aus gutem Grund: ... Weiterlesen
Die Post Neues Jahr, neuer Präsident bringen neue Chancen, während sich die Amerikaner zum jährlichen Marsch für das Leben versammeln …","New Year, New President Bring New Opportunities as Americans Gather for Annual March for Life. This year, the thousands of Americans flooding Washington, D.C., for the annual March for Life have a lot be excited about. And for good reason:... Read More
The post New Year, New President Bring New Opportunities as Americans Gather for Annual March for Lif…","Novus Annus, Novus Praeses Novas Opportunitates adferte Americani Collige pro Annuo Martio pro Vita. Hoc anno, milia Americanorum inundatione Washington, D.C., pro annuo Martio pro Vita multum excitari possunt. Et certa ratione:... Read More
Post Novus Annus, Novus Praeses Novas Opportunitates adferte Americani Congregate pro Annuo Martio pro Lif…",2026-01-09 04:06:59+00:00
bbb3d066940a0fc66902b6c872012508,2025-01-24T19:06:36Z,'floods',www.forbes.com,en,0.0,This Iowa County Is Ready For Anything—Are You?,"Risk from tornadoes, floods, even earthquakes, all with a nearby nuclear power station, caused Scott County, Iowa to build a GIS app with real-time hazard data.",https://www.forbes.com/sites/esri/2025/01/24/this-iowa-county-is-ready-for-anything-are-you/,https://imageio.forbes.com/specials-images/imageserve/6792a3fc9366e24b22852242/0x0.jpg?format=jpg&height=900&width=1600&fit=bounds,https://web.archive.org/web/20250124191002/https://www.forbes.com/sites/esri/2025/01/24/this-iowa-county-is-ready-for-anything-are-you/,"An inundation map in Scott County's Situational Awareness Experience app shows county staff where ... [+] flooding might encroach on properties depending on how high the rivers water level rises.
(S… [+5692 chars]",,"Dieser Iowa County ist zu allem bereit – Sie? Die Gefahr durch Tornados, Überschwemmungen und sogar Erdbeben, alle mit einem nahegelegenen Kernkraftwerk, veranlasste Scott County, Iowa, eine GIS-App mit Echtzeit-Gefahrendaten zu entwickeln.","This Iowa County Is Ready For Anything—Are You?. Risk from tornadoes, floods, even earthquakes, all with a nearby nuclear power station, caused Scott County, Iowa to build a GIS app with real-time hazard data.","Hoc Iowa Comitatus est Promptus ad Quidquid - Tu es?. Periculum a turbines, inundationes, etiam terrae motus, omnes cum statione potentiae nuclei propinquae, Comitatus Scott Iowa effecit ut app GIS app cum aleam reali temporis data aedificaret.",2026-01-09 04:06:59+00:00
d3aa9dfd66c26853a51eba8cd3ae024d,2025-01-24T19:10:00Z,'flooding',www.scientificamerican.com,en,0.0,Los Angeles Fires Force Us to Confront Our Dystopian Present,"Decades of warnings went ignored about the threats from climate change. With homes everywhere now burning, flooding and washing away, it’s time we start listening to scientists’ climate solutions",https://www.scientificamerican.com/article/los-angeles-fires-force-us-to-confront-our-dystopian-present/,https://static.scientificamerican.com/dam/m/2b9971a8578e102b/original/cyclist-views-LA-fires.jpg?m=1737744955.368&w=1200,https://web.archive.org/web/20250125005244/https://www.scientificamerican.com/article/los-angeles-fires-force-us-to-confront-our-dystopian-present/,"Bleak visions of a dystopian future offered up by science-fiction writers, TV shows and Hollywood disaster movies are no longer fiction. Real floods, droughts, wildfires and coastal storms happening … [+5947 chars]",,"Die Brände in Los Angeles zwingen uns, uns unserer dystopischen Gegenwart zu stellen. Jahrzehntelange Warnungen vor den Gefahren des Klimawandels wurden ignoriert. Da jetzt überall Häuser brennen, überschwemmt und weggespült werden, ist es an der Zeit, auf die Klimalösungen der Wissenschaftler zu hören","Los Angeles Fires Force Us to Confront Our Dystopian Present. Decades of warnings went ignored about the threats from climate change. With homes everywhere now burning, flooding and washing away, it’s time we start listening to scientists’ climate solutions","Los Angeles Fires coge nos ut praesentes nostras Dystopian opponamus. Decades admonitionum circa minas a mutatione climatis neglecta perrexit. Cum domos ubique nunc ardente, inundatione et ablutione, tempus est solutiones climatis audire incipimus",2026-01-09 04:06:59+00:00
dfbee7f037210919118109e27944f075,2025-01-24T20:08:48Z,'deluge',biztoc.com,en,0.0,What have we learned from week one of Trump 2.0?,"According to the 47th president of the United States, we are living in a newly dawned ""golden age of America."" The assertion, for many, is as inspiring as it is vague — particularly given the deluge of executive actions and policy changes that have flooded th…",https://biztoc.com/x/166792737af96849,https://biztoc.com/cdn/166792737af96849_s.webp,,"According to the 47th president of the United States, we are living in a newly dawned ""golden age of America."" The assertion, for many, is as inspiring as it is vague particularly given the deluge of… [+138 chars]",,"Was haben wir aus der ersten Woche von Trump 2.0 gelernt? Laut dem 47. Präsidenten der Vereinigten Staaten leben wir in einem neu angebrochenen „goldenen Zeitalter Amerikas“. Die Behauptung ist für viele ebenso inspirierend wie vage – insbesondere angesichts der Flut von Exekutivmaßnahmen und politischen Änderungen, die die Welt überschwemmt haben.","What have we learned from week one of Trump 2.0?. According to the 47th president of the United States, we are living in a newly dawned ""golden age of America."" The assertion, for many, is as inspiring as it is vague — particularly given the deluge of executive actions and policy changes that have flooded th…","Quid ex hebdomade unum BUCINUM 2.0 didicimus?. Secundum XLVII praesidem Civitatum Americae Unitarum, vivimus nuper inluxit ""aetas aurea Americae"". Assertio, apud multos, tam inspirans quam vaga est — in primis datur diluvio actionum exsecutivorum et consiliorum mutationes quae inundaverunt th…",2026-01-09 04:06:59+00:00
2eb34203cf83e60b33e685d26d6fe646,2025-01-25T02:11:00Z,'flooding victims',www.thestar.com.my,en,0.0,Over 120 victims still at evacuation centres due to Sarawak floods,"KUCHING: The number of flood victims in Sarawak remains unchanged at 123 people from 34 families this morning, with two temporary relief centres (PPS) still operating in the Betong and Bintulu divisions. Read full story",https://www.thestar.com.my/news/nation/2025/01/25/over-120-victims-still-at-evacuation-centres-due-to-sarawak-floods,https://apicms.thestar.com.my/uploads/images/2025/01/25/3136661.jpg,https://web.archive.org/web/20250125030308/https://www.thestar.com.my/news/nation/2025/01/25/over-120-victims-still-at-evacuation-centres-due-to-sarawak-floods,"KUCHING: The number of flood victims in Sarawak remains unchanged at 123 people from 34 families this morning, with two temporary relief centres (PPS) still operating in the Betong and Bintulu divisi… [+543 chars]",,"Über 120 Opfer befinden sich aufgrund der Überschwemmungen in Sarawak immer noch in Evakuierungszentren. KUCHING: Die Zahl der Flutopfer in Sarawak liegt heute Morgen unverändert bei 123 Menschen aus 34 Familien, wobei in den Divisionen Betong und Bintulu noch zwei temporäre Hilfszentren (PPS) in Betrieb sind. Lesen Sie die ganze Geschichte","Over 120 victims still at evacuation centres due to Sarawak floods. KUCHING: The number of flood victims in Sarawak remains unchanged at 123 people from 34 families this morning, with two temporary relief centres (PPS) still operating in the Betong and Bintulu divisions. Read full story","Plus 120 victimae adhuc ad centrum evacuationis propter inundationes Sarawak. KUCHING: Numerus victimarum diluvii in Sarawak mutatur apud 123 homines ex 34 familiis hoc mane, duabus centris temporalibus subsidiis (PPS) adhuc operantibus in divisionibus Betong et Bintulu. Read full story",2026-01-09 04:06:59+00:00
dee1e4ea818cb92358345b865bdecb9b,2025-01-25T02:52:27Z,'flooding area',www.nbcnews.com,en,0.0,"From fires to flood watches: Winter storm expected to bring rain, snow to Southern California","California's deadly wildfires could come to an end in the coming days when a weekend storm douses historically dry terrain, but the storm will come with the potential for a different problem: flash floods.",https://www.nbcnews.com/weather/wildfires/fires-flood-watches-winter-storm-expected-bring-rain-snow-southern-cal-rcna189237,"https://media-cldnry.s-nbcnews.com/image/upload/t_nbcnews-fp-1200-630,f_auto,q_auto:best/rockcms/2025-01/250124-Hollywood-sign-snow-covbered-mountains-2023-ac-913p-78966c.jpg",https://web.archive.org/web/20250125051027/https://www.nbcnews.com/weather/wildfires/fires-flood-watches-winter-storm-expected-bring-rain-snow-southern-cal-rcna189237,"California's deadly wildfires could come to an end in the coming days when a weekend storm douses historically dry terrain, but the storm will come with the potential for a different problem: flash f… [+3362 chars]",,"Von Bränden bis zu Überschwemmungswarnungen: Der Wintersturm wird voraussichtlich Regen und Schnee nach Südkalifornien bringen. Die tödlichen Waldbrände in Kalifornien könnten in den kommenden Tagen ein Ende haben, wenn ein Wochenendsturm historisch trockenes Gelände überschwemmt, aber der Sturm wird möglicherweise ein anderes Problem mit sich bringen: Sturzfluten.","From fires to flood watches: Winter storm expected to bring rain, snow to Southern California. California's deadly wildfires could come to an end in the coming days when a weekend storm douses historically dry terrain, but the storm will come with the potential for a different problem: flash floods.","Ab ignibus ad vigilias diluvii: tempestas hiemalis expectatur pluviam, nivem ad Californiam Australem. Ignes funestes Californiae cessare potuerunt in diebus venturis cum tempestas volutpat historice terram aridam excitat, sed tempestas cum potentia diversae quaestionis veniet: micare diluvia.",2026-01-09 04:06:59+00:00
35e91d3be90acd04fc08e222b40e34cf,2025-01-25T03:59:01Z,'flooding disaster',www.usatoday.com,en,0.0,'Getting rid of FEMA': Takeaways from Trump's trip to two disaster zones,Trump visited areas impacted by flooding in North Carolina and fires in California. He suggested abolishing FEMA and putting conditions on fire aid.,https://www.usatoday.com/story/news/politics/2025/01/24/takeaways-from-trumps-trip-to-california-and-north-carolina/77926320007/,https://s.yimg.com/ny/api/res/1.2/doNeVpuDj3E8icThenT6Ng--/YXBwaWQ9aGlnaGxhbmRlcjt3PTEyMDA7aD04MDA-/https://media.zenfs.com/en/usa_today_news_641/4e1068331229ba86dc91da3cab8b003f,https://web.archive.org/web/20250125045050/https://www.usatoday.com/story/news/politics/2025/01/24/takeaways-from-trumps-trip-to-california-and-north-carolina/77926320007/,"Inaugurated on Monday, President Donald Trump spent Friday on a coast-to-coast tour of disaster zones, musing about abolishing the Federal Emergency Management Agency and conditioning California fire… [+7629 chars]",,"„Die FEMA loswerden“: Erkenntnisse aus Trumps Reise in zwei Katastrophengebiete. Trump besuchte Gebiete, die von Überschwemmungen in North Carolina und Bränden in Kalifornien betroffen waren. Er schlug vor, die FEMA abzuschaffen und die Feuerhilfe an Bedingungen zu knüpfen.",'Getting rid of FEMA': Takeaways from Trump's trip to two disaster zones. Trump visited areas impacted by flooding in North Carolina and fires in California. He suggested abolishing FEMA and putting conditions on fire aid.,'Expellere FEMA': Takeaways ex BUCINUM scriptor iter ad duas clades habent. Trump visitavit areas impactas per inundationem in Carolina Septentrionali et incendiis in California. FEMA suggessit tollendas condiciones incensa et auxilium ponens.,2026-01-09 04:06:59+00:00
8b194693ea096c20c3b03d2efefad528,2025-01-25T06:29:00Z,'flooding evacuation',www.thestar.com.my,en,0.0,Floods in Larut Matang and Selama force evacuation of 42 people,"IPOH: The district of Larut Matang and Selama was hit by floods on Saturday (Jan 25) morning, forcing 42 victims from 15 families to seek shelter at the temporary relief centre (PPS) at Dewan Orang Ramai Simpang Halt. Read full story",https://www.thestar.com.my/news/nation/2025/01/25/floods-in-larut-matang-and-selama-force-evacuation-of-42-people,https://apicms.thestar.com.my/uploads/images/2025/01/25/3136769.jpg,https://web.archive.org/web/20250125063832/https://www.thestar.com.my/news/nation/2025/01/25/floods-in-larut-matang-and-selama-force-evacuation-of-42-people,"IPOH: The district of Larut Matang and Selama was hit by floods on Saturday (Jan 25) morning, forcing 42 victims from 15 families to seek shelter at the temporary relief centre (PPS) at Dewan Orang R… [+484 chars]",,"Überschwemmungen in Larut Matang und Selama erzwingen die Evakuierung von 42 Menschen. IPOH: Der Bezirk Larut Matang und Selama wurde am Samstagmorgen (25. Januar) von Überschwemmungen heimgesucht, die 42 Opfer aus 15 Familien dazu zwangen, im temporären Hilfszentrum (PPS) am Dewan Orang Ramai Simpang Halt Schutz zu suchen. Lesen Sie die ganze Geschichte","Floods in Larut Matang and Selama force evacuation of 42 people. IPOH: The district of Larut Matang and Selama was hit by floods on Saturday (Jan 25) morning, forcing 42 victims from 15 families to seek shelter at the temporary relief centre (PPS) at Dewan Orang Ramai Simpang Halt. Read full story","Inundationes in Larut Matang et Selama vi 42 hominum emittuntur. IPOH: Larut Matang et Selama inundationibus die Sabbati (Jan. 25) mane ictus est, cogens 42 victimas ex 15 familiis ad subsidia temporalia in medio (PPS) devia quaerendas apud Dewan Orang Ramai Simpang Halt. Read full story",2026-01-09 04:06:59+00:00
e9582d963e8970f4cf96e7c4452ae92c,2025-01-25T15:59:58Z,'floods',economictimes.indiatimes.com,en,0.0,"After LA Fire, will there be LA Floods? Here’s why rain may bring new risks | List of areas on alert","As Los Angeles braces for rain, residents are urged to remain vigilant, stay informed, and prioritize safety in the face of potential flooding and mudslides.",https://economictimes.indiatimes.com/news/international/us/after-la-fire-will-there-be-la-floods-heres-why-rain-may-bring-new-risks-list-of-areas-on-alert/articleshow/117558943.cms,"https://img.etimg.com/thumb/msid-117558956,width-1200,height-630,imgsize-2578255,overlay-economictimes/articleshow.jpg",https://web.archive.org/web/20250126031643/https://economictimes.indiatimes.com/news/international/us/after-la-fire-will-there-be-la-floods-heres-why-rain-may-bring-new-risks-list-of-areas-on-alert/articleshow/117558943.cms,"A much-anticipated rainstorm is forecast for Los Angeles this weekend, promising relief for firefighters battling multiple active wildfires across the region. However, the rainfall also brings height… [+3833 chars]",,"Wird es nach dem Feuer in Los Angeles Überschwemmungen in Los Angeles geben? Darum kann Regen neue Risiken mit sich bringen | Liste der gefährdeten Gebiete. Während sich Los Angeles auf Regen vorbereitet, werden die Bewohner aufgefordert, angesichts möglicher Überschwemmungen und Schlammlawinen wachsam zu bleiben, sich zu informieren und der Sicherheit Priorität einzuräumen.","After LA Fire, will there be LA Floods? Here’s why rain may bring new risks | List of areas on alert. As Los Angeles braces for rain, residents are urged to remain vigilant, stay informed, and prioritize safety in the face of potential flooding and mudslides.","Post LA ignis, LA inundationes erunt? Hic est cur pluvia nova pericula ferat | Indicem arearum erecti. Sicut Los Angeles adstringit ad pluvias, incolas hortantur ut vigiles maneant, informentur et maneant, et tutus prioritizet in facie potentialis inundationis et mudslides.",2026-01-09 04:06:59+00:00
fc06295bb5fb7a3adb5a58f645a1bc90,2025-01-25T18:52:41Z,'flooding rain',www.thewrap.com,en,0.0,"Los Angeles Wildfires Danger Turns to Flooding, Landslides as Winter Rains Descend on SoCal","Rain on its way to the Los Angeles area will be a welcome relief to firefighters still battling multiple catastrophic wildfires, but officials warned Sunday that flash floods and potential debris flows could be the trade-off.",https://www.thewrap.com/los-angeles-wildfires-flood-landslide-debris-flow-rain/,https://www.thewrap.com/wp-content/uploads/2025/01/law.jpg,https://web.archive.org/web/20250125191401/https://www.thewrap.com/los-angeles-wildfires-flood-landslide-debris-flow-rain/,"Rain on its way to the Los Angeles area will be a welcome relief to firefighters still battling to contain multiple catastrophic wildfires, but officials warned Sunday that flash floods and potential… [+1637 chars]",,"Die Waldbrandgefahr in Los Angeles wandelt sich zu Überschwemmungen und Erdrutschen, während in Südkalifornien Winterregen niedergehen. Regen auf dem Weg in die Gegend von Los Angeles wird eine willkommene Erleichterung für die Feuerwehrleute sein, die immer noch gegen mehrere katastrophale Waldbrände kämpfen, aber Beamte warnten am Sonntag, dass Sturzfluten und mögliche Murgänge die Folge sein könnten.","Los Angeles Wildfires Danger Turns to Flooding, Landslides as Winter Rains Descend on SoCal. Rain on its way to the Los Angeles area will be a welcome relief to firefighters still battling multiple catastrophic wildfires, but officials warned Sunday that flash floods and potential debris flows could be the trade-off.","Los Angeles Wildfires Danger Vertitur inundationem, Landslides sicut imbres hiemales Descende in SoCal. Pluviis in itinere suo ad Los Angeles area grata erit subsidia pugnantibus adhuc multae incendia calamitosas pugnantibus, sed magistratus Solis monuerunt ut inundationes ac strages potentiarum fluitum mercaturam-off micare possent.",2026-01-09 04:06:59+00:00
60ead6bb6352c9e1e9d9062701d4e9e0,2025-01-25T19:04:23Z,'flooding rain',www.newsweek.com,en,0.0,California Faces Flood And Landslide Risk After Wildfire Devastation,Storm system threatens Southern California burn areas with potential flooding and debris flows as first winter rain approaches.,https://www.newsweek.com/california-faces-flood-landslide-risk-wildfire-devastation-2020864,https://d.newsweek.com/en/full/2573540/california-rain.jpg,http://archive.md/20250126032233/https://www.newsweek.com/california-faces-flood-landslide-risk-wildfire-devastation-2020864,"The National Weather Service (NWS) has issued a flood watch for recently burned areas in Southern California from Sunday at 4 p.m. to Monday at 4 p.m.
The watch covers several major burn scars, incl… [+4152 chars]",,"Kalifornien ist nach verheerenden Waldbränden der Gefahr von Überschwemmungen und Erdrutschen ausgesetzt. Sturmsystem bedroht Brandgebiete in Südkalifornien mit potenziellen Überschwemmungen und Murgängen, wenn der erste Winterregen naht.",California Faces Flood And Landslide Risk After Wildfire Devastation. Storm system threatens Southern California burn areas with potential flooding and debris flows as first winter rain approaches.,California Faces Diluvium et Landslide Risk Post INCAENDIUM Devastation. Tempestas systematis meridionalis Californiae areas ardentes cum potentia inundatione et strages fluit ut primum hiems pluviae appropinquat.,2026-01-09 04:06:59+00:00
2303729d032fa2af349e31389b27123b,2025-01-25T19:11:37Z,'flooding area',biztoc.com,en,0.0,California Faces Flood And Landslide Risk After Wildfire Devastation,Storm system threatens Southern California burn areas with potential flooding and debris flows as first winter rain approaches.,https://biztoc.com/x/80d880964c145594,https://biztoc.com/cdn/808/og.png,https://web.archive.org/web/20250126111539/https://biztoc.com/x/80d880964c145594,"Storm system threatens Southern California burn areas with potential flooding and debris flows as first winter rain approaches.
This story appeared on newsweek.com, 2025-01-25 19:04:23.",,"Kalifornien ist nach verheerenden Waldbränden der Gefahr von Überschwemmungen und Erdrutschen ausgesetzt. Sturmsystem bedroht Brandgebiete in Südkalifornien mit potenziellen Überschwemmungen und Murgängen, wenn der erste Winterregen naht.",California Faces Flood And Landslide Risk After Wildfire Devastation. Storm system threatens Southern California burn areas with potential flooding and debris flows as first winter rain approaches.,California Faces Diluvium et Landslide Risk Post INCAENDIUM Devastation. Tempestas systematis meridionalis Californiae areas ardentes cum potentia inundatione et strages fluit ut primum hiems pluviae appropinquat.,2026-01-09 04:06:59+00:00
11a05f39fd0776c45cd8f3b25f5f8e5d,2025-01-26T18:26:20Z,'flooding rain',nypost.com,en,0.0,"Southern California braces for flooding, mudslides as intense rainfall expected among wildfire-ravaged areas","The National Weather Service said there is a 15-25% chance of thunderstorms across the region, which could bring periods of heavy rainfall that could overwhelm the burn-scar areas.",https://nypost.com/2025/01/26/us-news/flood-watches-posted-as-rain-returns-to-southern-california-in-wake-of-wildfires/,https://nypost.com/wp-content/uploads/sites/2/2025/01/97391774.jpg?quality=75&strip=all&w=1024,https://web.archive.org/web/20250126183118/https://nypost.com/2025/01/26/us-news/flood-watches-posted-as-rain-returns-to-southern-california-in-wake-of-wildfires/,"The first significant rainfall in several months will spread across Southern California on Sunday, giving a badly needed sip of water to an area parched by drought and devastated by multiple raging w… [+5653 chars]",,"Südkalifornien bereitet sich auf Überschwemmungen und Schlammlawinen vor, da in den von Waldbränden heimgesuchten Gebieten heftige Regenfälle zu erwarten sind. Der Nationale Wetterdienst gab an, dass die Wahrscheinlichkeit von Gewittern in der gesamten Region bei 15–25 % liegt, was zu heftigen Regenfällen führen könnte, die die Brandnarbengebiete überwältigen könnten.","Southern California braces for flooding, mudslides as intense rainfall expected among wildfire-ravaged areas. The National Weather Service said there is a 15-25% chance of thunderstorms across the region, which could bring periods of heavy rainfall that could overwhelm the burn-scar areas.","California meridionalis adstringit ad inundationem, mudslides quam vehemens imbrium exspectatio inter areas ignium vastatarum. Ministerium Tempestatis Nationalis dixit esse 15-25% casuum tempestatum per regionem, quae periodos gravium imbrium efficere potuit quae arearum incendium cicatrix obruere potuit.",2026-01-09 04:06:59+00:00
cc7b74d6f0d384df927689eebe9baccc,2025-01-26T18:51:52Z,'flooding buildings',www.forbes.com,en,0.0,"California Wildfire Updates: Fires Near Full Containment—As Officials Warn Of Flooding, Mudslides",The flood watch covers multiple areas burned by fires in the last two weeks.,https://www.forbes.com/sites/antoniopequenoiv/2025/01/26/california-wildfire-updates-officials-warn-of-flooding-mudslides-as-fires-near-full-containment/,"https://imageio.forbes.com/specials-images/imageserve/6796803d2c30abed51ef6876/0x0.jpg?format=jpg&crop=2574,1716,x0,y0,safe&height=900&width=1600&fit=bounds",https://web.archive.org/web/20250126190424/https://www.forbes.com/sites/antoniopequenoiv/2025/01/26/california-wildfire-updates-officials-warn-of-flooding-mudslides-as-fires-near-full-containment/,"Three active fires in Los Angeles neared full containment Sunday, as the region receives much-needed rain that has produced flood and mudslide warnings lasting through Monday.Saturday, 4:00 p.m. PSTC… [+27707 chars]",,"Updates zu Waldbränden in Kalifornien: Brände nahezu vollständig eingedämmt – Beamte warnen vor Überschwemmungen und Schlammlawinen. Die Hochwasserwache deckt mehrere Gebiete ab, die in den letzten zwei Wochen durch Brände verbrannt wurden.","California Wildfire Updates: Fires Near Full Containment—As Officials Warn Of Flooding, Mudslides. The flood watch covers multiple areas burned by fires in the last two weeks.","California Wildfire Updates: Fires Near Full Containment—Sicut Officiales Mone De inundatione, Mudslides. Diluvium vigiliarum multiplex areas ignibus in duabus ebdomadibus combusta est.",2026-01-09 04:06:59+00:00
e32c98a82cb942f364dfa16088a70c6c,2025-01-26T20:25:14Z,'flooding area',punchng.com,en,0.0,"Flood submerges rice farms in Kwara, gov orders probe","Unusual flooding has destroyed rice farms worth millions of naira in Shonga, Edu Local Government Area in Kwara State. This is as the state Governor, AbdulRahman AbdulRazaq, has inaugurated a high-level committee to investigate the unusual flooding that subme…",https://punchng.com/flood-submerges-rice-farms-in-kwara-gov-orders-probe/,https://cdn.punchng.com/wp-content/uploads/2025/01/26210728/3238ecef-5073-4e42-a020-5c282454f2af-1080x630.jpeg,,"Unusual flooding has destroyed rice farms worth millions of naira in Shonga, Edu Local Government Area in Kwara State.
This is as the state Governor, AbdulRahman AbdulRazaq, has inaugurated a high-l… [+2648 chars]",,"Überschwemmung überschwemmt Reisplantagen in Kwara, Regierung ordnet Untersuchung an. Ungewöhnliche Überschwemmungen haben Reisfarmen im Wert von Millionen Naira in Shonga, Edu Local Government Area im Bundesstaat Kwara, zerstört. Zu diesem Zeitpunkt hat der Gouverneur des Bundesstaates, AbdulRahman AbdulRazaq, ein hochrangiges Komitee eingesetzt, um die ungewöhnlichen Überschwemmungen zu untersuchen, die …","Flood submerges rice farms in Kwara, gov orders probe. Unusual flooding has destroyed rice farms worth millions of naira in Shonga, Edu Local Government Area in Kwara State. This is as the state Governor, AbdulRahman AbdulRazaq, has inaugurated a high-level committee to investigate the unusual flooding that subme…","Diluvium oryzae praedia in Kwara submergit, gov- jussa probe. Inundatio insolita fundi oryzae pretium decies centena millia naira in Shonga delevit, Area Edu Regimen Localis in re publica Kwara. Hoc est ut praefectus civitatis, AbdulRahman AbdulRazaq, summus gradus consilium inauguravit ad investigandum insolitum inundationem qui subme.",2026-01-09 04:06:59+00:00
196268fa8edfa77a70ba3c53241f393f,2025-01-26T22:59:19Z,'floods',nypost.com,en,0.0,"Floods, landslides threaten Los Angeles along wildfire ‘burn scars’","""High rain over a burn scar may result in debris flows or mudslides. Follow the instructions of local officials!"" the National Weather Service said.",https://nypost.com/2025/01/26/us-news/floods-landslides-threaten-los-angeles-along-wildfire-burn-scars/,https://nypost.com/wp-content/uploads/sites/2/2025/01/blackened-hillside-palisades-fire-pacific-97406407.jpg?quality=75&strip=all&w=1024,https://web.archive.org/web/20250126233327/https://nypost.com/2025/01/26/us-news/floods-landslides-threaten-los-angeles-along-wildfire-burn-scars/,"Rain has finally returned to wildfire-scorched Los Angeles — but now officials are warning flooding and landslides could wreak more chaos on the battered city along its “burn scars.”
The National We… [+2574 chars]",,Überschwemmungen und Erdrutsche bedrohen Los Angeles entlang der „Brandnarben“ von Waldbränden. „Starker Regen über einer Brandnarbe kann zu Murgängen oder Schlammlawinen führen. Befolgen Sie die Anweisungen der örtlichen Behörden!“ sagte der Nationale Wetterdienst.,"Floods, landslides threaten Los Angeles along wildfire ‘burn scars’. ""High rain over a burn scar may result in debris flows or mudslides. Follow the instructions of local officials!"" the National Weather Service said.","flumina, proruit Los Angeles minantur per ignem ferum ' cicatrices urendum'. ""Pluvia super ardentem cicatricem in obstantia fluit aut inmunda proveniat. Praecepta officialium localium sequere!"" National Service Tempestatem dixit.",2026-01-09 04:06:59+00:00
759fe9954c2d9c05c1906a859d79ec21,2025-01-27T00:09:31Z,'flooding area',punchng.com,en,0.0,AbdulRazaq probes Shonga rice farms flooding,"Kwara State Governor, AbdulRahman AbdulRazaq, has set up a committee to investigate the flooding of several rice farmlands in Shonga, Edu Local Government Area of the state. The Shonga unusual flooding occurred in the wee hours of Saturday. Farmers got to the…",https://punchng.com/abdulrazaq-probes-shonga-rice-farms-flooding/,https://cdn.punchng.com/wp-content/uploads/2023/06/20144019/AbdulRahman-AbdulRazaq.jpg,https://web.archive.org/web/20250128183747/https://punchng.com/abdulrazaq-probes-shonga-rice-farms-flooding/,"Kwara State Governor, AbdulRahman AbdulRazaq, has set up a committee to investigate the flooding of several rice farmlands in Shonga, Edu Local Government Area of the state.
The Shonga unusual flood… [+1033 chars]",,"AbdulRazaq untersucht Überschwemmungen auf Reisfarmen in Shonga. Der Gouverneur des Bundesstaates Kwara, AbdulRahman AbdulRazaq, hat ein Komitee eingesetzt, um die Überschwemmung mehrerer Reisfelder in Shonga, Edu Local Government Area des Bundesstaates, zu untersuchen. Die ungewöhnliche Überschwemmung in Shonga ereignete sich in den frühen Morgenstunden des Samstags. Die Bauern kamen zum…","AbdulRazaq probes Shonga rice farms flooding. Kwara State Governor, AbdulRahman AbdulRazaq, has set up a committee to investigate the flooding of several rice farmlands in Shonga, Edu Local Government Area of the state. The Shonga unusual flooding occurred in the wee hours of Saturday. Farmers got to the…","AbdulRazaq Shonga rice rura rimatur inundationem. Kwara Praefectus rei publicae, AbdulRahman AbdulRazaq, consilium statuit explorandi inundationem plurium praediorum oryzae in Shonga, Edu Area publica gubernationis Localis. Inundatio Shonga insolita facta est in nos Saturni horas. Agricolae ad…",2026-01-09 04:06:59+00:00
df6356c4274b3aefe91579ab59624352,2025-01-27T02:10:25Z,'floods',www.forbes.com,en,0.0,UNICEF: Climate Crises Disrupted Schooling For 242M Children In 2024,"A new UNICEF report on how heat waves, cyclones, floods and storms impacted education in 2024.",https://www.forbes.com/sites/unicefusa/2025/01/26/unicef-climate-crises-disrupted-schooling-for-242m-children-in-2024/,https://imageio.forbes.com/specials-images/imageserve/6796c95caaa7097a7bd28608/0x0.jpg?format=jpg&height=900&width=1600&fit=bounds,https://web.archive.org/web/20250127021851/https://www.forbes.com/sites/unicefusa/2025/01/26/unicef-climate-crises-disrupted-schooling-for-242m-children-in-2024/,"A new UNICEF report finds that heat waves, cyclones, floods and storms impacted education most severely in Afghanistan, Bangladesh, Mozambique, Pakistan and the Philippines.
Flooding interrupted sch… [+7900 chars]",,"UNICEF: Klimakrisen beeinträchtigten die Schulbildung von 242 Millionen Kindern im Jahr 2024. Ein neuer UNICEF-Bericht darüber, wie sich Hitzewellen, Wirbelstürme, Überschwemmungen und Stürme auf die Bildung im Jahr 2024 ausgewirkt haben.","UNICEF: Climate Crises Disrupted Schooling For 242M Children In 2024. A new UNICEF report on how heat waves, cyclones, floods and storms impacted education in 2024.","UNICEF: Clima Crises Schooling Disrupted For 242M Pueri In 2024. UNICEF nova relatio in quomodo aestus fluctus, cyclones, inundationes et procellae educationem impingente anno 2024 .",2026-01-09 04:06:59+00:00
a74668d7d58a3d7efc5df1290294023f,2025-01-27T06:49:11Z,'flooding landslide',consent.yahoo.com,en,0.0,"Power outages, flooding, landslide cause chaos for thousands of Oʻahu residents during flash flood warning",,https://consent.yahoo.com/v2/collectConsent?sessionId=1_cc-session_974b207e-a523-4b41-a158-c052c0eaf12d,,,"If you click 'Accept all', we and our partners, including 239 who are part of the IAB Transparency &amp; Consent Framework, will also store and/or access information on a device (in other words, use … [+703 chars]",,"Stromausfälle, Überschwemmungen und Erdrutsche verursachen während der Sturzflutwarnung Chaos für Tausende Einwohner von Oʻahu. Nan","Power outages, flooding, landslide cause chaos for thousands of Oʻahu residents during flash flood warning. nan","Potentia outages, inundatio, LAPSUS causa chaos pro millibus O'ahu habitantium in mico diluvio monentis. nan",2026-01-09 04:06:59+00:00
55394cc0eef02585a79f70fb920c225a,2025-01-27T11:26:03Z,'flooding',www.newsweek.com,en,0.0,'Life Threatening': Flash Flood Warnings in Place in LA,"Burn scars left by the recent fires in Los Angeles are becoming hotbeds for flash flooding, mudslides and debris flows as rainfall drenches the area.",https://www.newsweek.com/flash-flood-warning-la-forces-palisades-fire-burn-scar-road-closures-2021181,https://d.newsweek.com/en/full/2573897/mudslide-netting.jpg,https://web.archive.org/web/20250127124239/https://www.newsweek.com/flash-flood-warning-la-forces-palisades-fire-burn-scar-road-closures-2021181,"A dangerous mix of scorched terrain from recent wildfires in Los Angeles and heavy rainfall is expected to create perilous conditions for flash flooding, mudslides and debris flows through Monday.
A… [+4060 chars]",,"„Lebensbedrohlich“: In LA gelten Sturzflutwarnungen. Brandnarben, die die jüngsten Brände in Los Angeles hinterlassen haben, werden zu Brutstätten für Sturzfluten, Schlammlawinen und Murgänge, wenn Regenfälle das Gebiet durchnässen.","'Life Threatening': Flash Flood Warnings in Place in LA. Burn scars left by the recent fires in Los Angeles are becoming hotbeds for flash flooding, mudslides and debris flows as rainfall drenches the area.","'Vitam minitans': Flash Diluvium Admonitiones in Place in LA. Cicatrices, quae recentibus ignibus in Los Angeles relictae urunt, foveae fiunt ad splendorem inundationis, limosae et obrutae fluunt sicut pluviae aream madefaciunt.",2026-01-09 04:06:59+00:00
6d516a8097a38d688252d4bcf274b2bf,2025-01-27T17:25:52Z,'flooding area',theweek.com,en,0.0,"Rain helps Los Angeles wildfires, risks mudslides","The weather provided relief for crews working to contain wildfires, though rain over a burn area ups the chances of flooding and mudslides",https://theweek.com/environment/rain-helps-los-angeles-wildfires-mudslide-risk,https://cdn.mos.cms.futurecdn.net/Tmx3GxQTYVgLRCFEUYsJnj-1200-80.jpg,https://web.archive.org/web/20250127182249/https://theweek.com/environment/rain-helps-los-angeles-wildfires-mudslide-risk,"What happened
A slow-moving rainstorm moved over Southern California Sunday, providing relief for crews fighting to finish containing wildfires that ravaged parts of Los Angeles County. But forecast… [+1621 chars]",,"Regen löst Waldbrände in Los Angeles aus und birgt die Gefahr von Schlammlawinen. Das Wetter sorgte für Erleichterung für die Teams, die an der Eindämmung von Waldbränden arbeiteten, obwohl Regen über einem Brandgebiet die Gefahr von Überschwemmungen und Schlammlawinen erhöht","Rain helps Los Angeles wildfires, risks mudslides. The weather provided relief for crews working to contain wildfires, though rain over a burn area ups the chances of flooding and mudslides","Pluviis adiuvat Los Angeles wildfires, periculum mudslides. Tempestas subsidia navalibus subsidia praebebat ad incendia facienda, quamquam pluvia super aream ardentem casus inundationis et mudslides variegat.",2026-01-09 04:06:59+00:00
8ae85d13fa979a55c4dad484837d4e79,2025-01-27T18:53:58Z,'flooding',www.forbes.com,en,0.0,"California Wildfire Updates: Palisades, Eaton Fires Over 90% Contained—As Officials Warn Of Flooding, Mudslides",The flood watch covers multiple areas burned by fires in the last two weeks.,https://www.forbes.com/sites/antoniopequenoiv/2025/01/27/california-wildfire-updates-palisades-eaton-fires-near-full-containment-as-officials-warn-of-flooding-mudslides/,"https://imageio.forbes.com/specials-images/imageserve/6796803d2c30abed51ef6876/0x0.jpg?format=jpg&crop=2574,1716,x0,y0,safe&height=900&width=1600&fit=bounds",https://web.archive.org/web/20250128013624/https://www.forbes.com/sites/antoniopequenoiv/2025/01/27/california-wildfire-updates-palisades-eaton-fires-near-full-containment-as-officials-warn-of-flooding-mudslides/,"Three active fires in Los Angeles neared full containment Monday, after the region received much-needed rain that produced flood and mudslide warnings lasting through the afternoon.Monday, 10:30 a.m.… [+27714 chars]",,"Updates zu Waldbränden in Kalifornien: Brände in Palisades und Eaton sind zu über 90 % eingedämmt – Beamte warnen vor Überschwemmungen und Schlammlawinen. Die Hochwasserwache deckt mehrere Gebiete ab, die in den letzten zwei Wochen durch Brände verbrannt wurden.","California Wildfire Updates: Palisades, Eaton Fires Over 90% Contained—As Officials Warn Of Flooding, Mudslides. The flood watch covers multiple areas burned by fires in the last two weeks.","California Wildfire Updates: Palisades, Ignes Eaton Plus 90% Continentur - Ut Officiales Mone inundationis, Mudslides. Diluvium vigiliarum multiplex areas ignibus in duabus ebdomadibus combusta est.",2026-01-09 04:06:59+00:00
b93d2d740f1e98e0922aaa673befde07,2025-01-27T18:58:23Z,'deluge',kottke.org,en,0.0,From Teen Vogue: How Trans Kids Can Protect Themselves Now That Trump...,From Teen Vogue: How Trans Kids Can Protect Themselves Now That Trump Is in Office. “Despite what can seem like a deluge of,https://kottke.org/25/01/0046079-from-teen-vogue-how-trans,,https://web.archive.org/web/20250127230920/https://kottke.org/25/01/0046079-from-teen-vogue-how-trans,"×Hello! In order to comment or fave, you need to be a current kottke.org member. If you'd like to sign up for a
 membership to support the site and join the conversation, you can explore your option… [+404 chars]",,"Aus Teen Vogue: Wie sich Trans-Kinder jetzt schützen können, da Trump im Amt ist.... Aus Teen Vogue: Wie Trans-Kinder sich jetzt schützen können, da Trump im Amt ist. „Trotz einer scheinbaren Flut von",From Teen Vogue: How Trans Kids Can Protect Themselves Now That Trump.... From Teen Vogue: How Trans Kids Can Protect Themselves Now That Trump Is in Office. “Despite what can seem like a deluge of,"A LUCTUS Vogue: Quomodo Trans Kids se tueri potest Nunc Quod Trump.... A Teen Vogue: Quomodo Trans Haedos se tueri potest Nunc Quod Trump est in Officio. ""Quamvis id quod potest videri sicut diluvium""",2026-01-09 04:06:59+00:00
78cd2c30ae7a70f0c0c217622189d6e9,2025-01-28T01:37:15Z,'flooding',www.forbes.com,en,0.0,How Restoring Coral Reefs Can Save Millions In Coastal Flood Damages,"Investing in natural infrastructure by restoring coral reefs in Florida and Puerto Rico can save millions of dollars by avoiding flooding damage, a new study says.",https://www.forbes.com/sites/noelfletcher/2025/01/27/how-restoring-coral-reefs-can-save-millions-in-coastal-flood-damages/,"https://imageio.forbes.com/specials-images/imageserve/679832fc44c408418ab86aaf/0x0.jpg?format=jpg&crop=1346,815,x48,y0,safe&height=900&width=1600&fit=bounds",,"Coral reef restoration in the coral nursery located in the Florida Keys.
getty
Investing in natural infrastructure by restoring coral reefs in Florida and Puerto Rico can save millions of dollars b… [+2853 chars]",,"Wie die Wiederherstellung von Korallenriffen Millionen an Überschwemmungsschäden an der Küste einsparen kann. Laut einer neuen Studie können Investitionen in die natürliche Infrastruktur durch die Wiederherstellung von Korallenriffen in Florida und Puerto Rico Millionen von Dollar einsparen, indem Überschwemmungsschäden vermieden werden.","How Restoring Coral Reefs Can Save Millions In Coastal Flood Damages. Investing in natural infrastructure by restoring coral reefs in Florida and Puerto Rico can save millions of dollars by avoiding flooding damage, a new study says.","Quomodo Coral Reefs restituens damna salvare millions in diluvio maritimo. Circumsedere in infrastructura naturali, per scopulos corallium in Florida et Puerto Rico restituendo decies centena milia dollariorum conservare, inundationem damni vitando, novum studium dicit.",2026-01-09 04:06:59+00:00
9815e06a6c100953b42684471cb1c032,2025-01-28T05:01:00Z,'flooding climate change',news.gallup.com,en,0.0,Climate-Related Water Issues Hit Some Gen Zers Differently,"Six in 10 Gen Zers have recently experienced flooding, drought or unsafe tap water. These experiences may affect their future outlook on climate change.",https://news.gallup.com/poll/655433/climate-related-water-issues-hit-gen-zers-differently.aspx,https://imagekit.gallup.com/fusion/tr:emd_soc_meta_og/POLL/fe1ff578-23c5-42f5-8db2-11bb7f7de501.jpg,,"Story Highlights
<ul><li>61% of Gen Zers say they’ve experienced a climate-related water problem</li><li>Unsafe tap water is more commonly reported in lower-income households</li><li>Two-thirds of G… [+5810 chars]",,"Klimabedingte Wasserprobleme treffen einige Generation Z unterschiedlich. Sechs von 10 Generation Zers haben kürzlich Überschwemmungen, Dürre oder unsicheres Leitungswasser erlebt. Diese Erfahrungen können ihre Zukunftsaussichten zum Klimawandel beeinflussen.","Climate-Related Water Issues Hit Some Gen Zers Differently. Six in 10 Gen Zers have recently experienced flooding, drought or unsafe tap water. These experiences may affect their future outlook on climate change.","Clima-Related Water Exitus Hit Some Gen Zers Aliter. Sex in 10 Gen Zers nuper inundationem experti sunt, siccitatis vel aquae sonum tutum. Hi experientiae possunt suam futuram aspectum in mutatione climatis afficere.",2026-01-09 04:06:59+00:00
8cc0c247a4e45e13bbf462a69f879983,2025-01-28T09:41:03Z,'floods',www.insurancejournal.com,en,0.0,German Watchdog Raises Focus on Physical Risks Stemming From Climate Change,German watchdog BaFin said the country’s financial industry needs a better grasp of physical risks stemming from climate change because of the increasing impact of events such as floods and droughts. Banks often don’t have data on where their clients …,https://www.insurancejournal.com/news/international/2025/01/28/809837.htm,https://www.insurancejournal.com/app/uploads/2025/01/bafin-signage-bloomberg-scaled.jpg,,German watchdog BaFin said the country’s financial industry needs a better grasp of physical risks stemming from climate change because of the increasing impact of events such as floods and droughts.… [+1548 chars],,"Deutscher Wachhund konzentriert sich stärker auf physische Risiken, die sich aus dem Klimawandel ergeben. Die deutsche Aufsichtsbehörde BaFin sagte, die Finanzindustrie des Landes müsse aufgrund der zunehmenden Auswirkungen von Ereignissen wie Überschwemmungen und Dürren ein besseres Verständnis der physischen Risiken des Klimawandels erlangen. Banken haben oft keine Daten darüber, wo ihre Kunden sind …",German Watchdog Raises Focus on Physical Risks Stemming From Climate Change. German watchdog BaFin said the country’s financial industry needs a better grasp of physical risks stemming from climate change because of the increasing impact of events such as floods and droughts. Banks often don’t have data on where their clients …,German Watchdog Focus movet in Physicis Risks Ex Clima Mutatione. German speculator BaFin dixit industriam patriae oeconomicam melius capere periculorum corporis ex mutatione climatis propter incrementum eventuum impulsum sicut inundationes et siccitates. Ripae saepe datas non habent ubi clientes suos …,2026-01-09 04:06:59+00:00
03b92f220ff0de11f2bb197308feff01,2025-01-28T09:53:11Z,'flooding disaster',e360.yale.edu,en,0.0,"In Vermont, a Push to Prevent Flooding or Get Out of the Way","An increase in extreme precipitation events has hit the tiny, mountainous state of Vermont especially hard. As disaster declarations mount, state officials and community groups are collaborating to restore floodplains, reduce runoff from slopes, and buy out v…",https://e360.yale.edu/features/vermont-floods,https://e360.yale.edu/assets/site/Plainfield-Flood_AP-HEADER.jpg,https://web.archive.org/web/20250128162822/https://e360.yale.edu/features/vermont-floods,"After floodwaters surged through the center of Plainfield, Vermont, on July 10, 2023, and into the basement of the apartment building he owned, Arion Thiboumery wasted no time in tackling the mess. H… [+13116 chars]",,"In Vermont ein Vorstoß, um Überschwemmungen zu verhindern oder aus dem Weg zu gehen. Eine Zunahme extremer Niederschlagsereignisse hat den kleinen, bergigen Bundesstaat Vermont besonders hart getroffen. Während die Katastrophenmeldungen zunehmen, arbeiten Staatsbeamte und Gemeindegruppen zusammen, um Überschwemmungsgebiete wiederherzustellen, den Abfluss von Hängen zu reduzieren und Gebiete aufzukaufen.","In Vermont, a Push to Prevent Flooding or Get Out of the Way. An increase in extreme precipitation events has hit the tiny, mountainous state of Vermont especially hard. As disaster declarations mount, state officials and community groups are collaborating to restore floodplains, reduce runoff from slopes, and buy out v…","In Vermont, pulsa ad praeveni inundationem vel de via exi. Augmentum extremae praecipitationis eventus minimam et montanam Vermont maxime duram percussit. Sicut clades declarationes conscendunt, magistratus civitatis et coetus communitatis operam dant ut cataractas restituant, runoff e clivis minuant, et v… emant.",2026-01-09 04:06:59+00:00
cd6835a4d1ec002e04409274abf34ef1,2025-01-28T10:36:55Z,'floods',www.bbc.com,en,0.0,Dozens unable to return home after severe floods,Residents have been urged to take care with further heavy rain expected.,https://www.bbc.com/news/articles/cgkjnpm1yeko,https://ichef.bbci.co.uk/news/1024/branded_news/e0b4/live/8f6b1c40-dd48-11ef-b20c-cf1b3bd7a488.jpg,https://web.archive.org/web/20250128090539/https://www.bbc.com/news/articles/cgkjnpm1yeko,"Jasmine Ketibuah-FoleyBBC News, West of England
Communities across Somerset have been affected by floodwater
Dozens of residents are not yet able to return home after a major incident was declared … [+2562 chars]",,"Dutzende konnten nach schweren Überschwemmungen nicht nach Hause zurückkehren. Die Anwohner wurden aufgefordert, vorsichtig zu sein, da mit weiteren starken Regenfällen zu rechnen sei.",Dozens unable to return home after severe floods. Residents have been urged to take care with further heavy rain expected.,Dozens post graves inundationes domum redire non potuit. Residentibus hortati sunt ut curam pluviae ulterioris postularent.,2026-01-09 04:06:59+00:00
8e0c8594a784490d9ba131f8a3be788c,2025-01-28T18:34:19Z,'flooding',www.msnbc.com,en,0.0,Trump promised to lower grocery costs. But he's too busy flooding the zone.,Jen Pskai calls out Trump for flooding the zone with a flurry of executive action instead of focusing on lowering grocery prices for the American people,https://www.msnbc.com/top-stories/latest/trump-grocery-prices-flood-the-zone-rcna189603,"https://media-cldnry.s-nbcnews.com/image/upload/t_nbcnews-fp-1200-630,f_auto,q_auto:best/rockcms/2024-09/240923-jen-psaki-donald-trump-ew-150p-ea973b.jpg",,"This is an adapted excerpt from the Jan. 27 episode of ""Inside with Jen Psaki.""
Donald Trump believes Americans sent him back to the White House to lower grocery prices. He said as much to NBC News'… [+5489 chars]",,"Trump versprach, die Lebensmittelkosten zu senken. Aber er ist zu sehr damit beschäftigt, die Zone zu überschwemmen. Jen Pskai wirft Trump vor, er habe die Zone mit einer Flut von Exekutivmaßnahmen überschwemmt, anstatt sich darauf zu konzentrieren, die Lebensmittelpreise für das amerikanische Volk zu senken",Trump promised to lower grocery costs. But he's too busy flooding the zone.. Jen Pskai calls out Trump for flooding the zone with a flurry of executive action instead of focusing on lowering grocery prices for the American people,BUCINUM promisit grocery sumptibus inferioribus. Sed zonam inundationem nimis occupatus est.. Jen Pskai Trump ad inundationem zonam evocat cum tumultus actionis exsecutivae loco deprimendo grocery pretium pro populo Americano,2026-01-09 04:06:59+00:00
80194ec2f1e811419554c4d0ffe8a23e,2025-01-28T19:36:40Z,'flooding',www.forbes.com,en,0.0,How AI Agents Are Transforming Healthcare With Efficiency And Security,"The surge of AI solutions flooding the market, including the recent launch of Deepstack, has drawn the attention of organizations worldwide.",https://www.forbes.com/sites/davidchou/2025/01/28/how-ai-agents-are-transforming-healthcare-with-efficiency-and-security/,https://imageio.forbes.com/specials-images/imageserve/679930ec6071e2a942a1157b/0x0.jpg?format=jpg&height=900&width=1600&fit=bounds,,"AI Artificial Intelligence 
getty
The surge of AI solutions flooding the market, including the recent launch of Deepseek, has drawn the attention of organizations worldwide. Healthcare CIOs must fo… [+3566 chars]",,"Wie KI-Agenten das Gesundheitswesen mit Effizienz und Sicherheit verändern. Die Flut an KI-Lösungen, die den Markt überschwemmen, einschließlich der jüngsten Einführung von Deepstack, hat die Aufmerksamkeit von Unternehmen weltweit auf sich gezogen.","How AI Agents Are Transforming Healthcare With Efficiency And Security. The surge of AI solutions flooding the market, including the recent launch of Deepstack, has drawn the attention of organizations worldwide.","Quomodo AI Agentes Transmutantes curis Cum Efficientia Et Securitate. Fluctus AI solutionum mercatus inundans, recens incluso Deepstack launch, operam consociationum per orbem traxit.",2026-01-09 04:06:59+00:00
a209d5949f5184efdf085f04d127f6d0,2025-01-29T01:06:10Z,'flooding solidarity',www.dailysignal.com,en,0.0,Crocodile Tears Over Trump and Deportation Are Falling Flat,"Just one week into President Donald Trump’s second administration, and the crocodile tears and sensational headlines are flooding in.  Whereas in the Biden administration, nuance... Read More
The post Crocodile Tears Over Trump and Deportation Are Falling Fla…",https://www.dailysignal.com/2025/01/28/crocodile-tears-over-trump-and-deportation-are-falling-flat/,https://www.dailysignal.com/wp-content/uploads/2025/01/ice01.jpg,https://web.archive.org/web/20250129043458/https://www.dailysignal.com/2025/01/28/crocodile-tears-over-trump-and-deportation-are-falling-flat/,"Just one week into President Donald Trumps second administration, and the crocodile tears and sensational headlines are flooding in. 
Whereas in the Biden administration, nuance and justification we… [+6945 chars]",,"Die Krokodilstränen über Trump und die Abschiebung versiegen. Nur eine Woche nach Beginn der zweiten Amtszeit von Präsident Donald Trump strömen Krokodilstränen und sensationelle Schlagzeilen herein. Während in der Biden-Regierung Nuancen ... Weiterlesen
Der Beitrag Krokodilstränen wegen Trump und Abschiebung versiegen…","Crocodile Tears Over Trump and Deportation Are Falling Flat. Just one week into President Donald Trump’s second administration, and the crocodile tears and sensational headlines are flooding in.  Whereas in the Biden administration, nuance... Read More
The post Crocodile Tears Over Trump and Deportation Are Falling Fla…","Crocodilus lacrimae super BUCINUM et Deportation cadit Flat. Una septimana in secunda administratione Praeses Donald Trump, et crocodili lacrimae et capita sensationum inundant.  Cum in administratione Biden, nuance… Read More
Post Crocodilus lacrimae super BUCINUM et Deportation cadit Fla ...",2026-01-09 04:06:59+00:00
572c618cd866f69fa04de870bab232f4,2025-01-29T06:17:04Z,'floods',www.insurancejournal.com,en,0.0,US Economic Losses From Natural Disasters Soared in 2024,"Economic losses from hurricanes and other natural disasters soared in the U.S. last year and were above average globally, reflecting another year of costly severe storms, floods and droughts. Damage caused by Hurricanes Helene and Milton helped push total eco…",https://www.insurancejournal.com/news/national/2025/01/29/809924.htm,https://www.insurancejournal.com/app/uploads/2025/01/Hurricane-Milton-damage-Florida-AP-scaled.jpg,,"Economic losses from hurricanes and other natural disasters soared in the U.S. last year and were above average globally, reflecting another year of costly severe storms, floods and droughts.
Damage… [+2638 chars]",,"Die wirtschaftlichen Verluste durch Naturkatastrophen in den USA stiegen im Jahr 2024 sprunghaft an. Die wirtschaftlichen Verluste durch Hurrikane und andere Naturkatastrophen stiegen im vergangenen Jahr in den USA sprunghaft an und lagen weltweit über dem Durchschnitt, was ein weiteres Jahr mit kostspieligen schweren Stürmen, Überschwemmungen und Dürren widerspiegelt. Die durch die Hurrikane Helene und Milton verursachten Schäden trugen dazu bei, das Gesamtökosystem voranzutreiben.","US Economic Losses From Natural Disasters Soared in 2024. Economic losses from hurricanes and other natural disasters soared in the U.S. last year and were above average globally, reflecting another year of costly severe storms, floods and droughts. Damage caused by Hurricanes Helene and Milton helped push total eco…","US Economicae Damna Ex Naturalibus Clades volavit anno 2024. Oeconomica damna procellarum et aliae calamitates naturales in US anno superiore volaverunt et supra globally mediocris fuerunt, alterum annum graves tempestates, inundationes et siccitates reputans. Damnum turbinum Helene et Milton adiuvisti dis totalis Eco ...",2026-01-09 04:06:59+00:00
d93a06c3a8b85a5d0133e412a79faded,2025-01-29T13:52:21Z,'flooding',politicalwire.com,en,0.0,Trump Is Using the Same Playbook,"Donald Trump’s first ten days back in the White House have been nothing short of a whirlwind. He’s once again “flooding the zone,” keeping his base energized while leaving opponents scrambling to keep up. And",https://politicalwire.com/2025/01/29/trump-is-using-the-same-playbook/,https://politicalwire.com/wp-content/uploads/2018/02/PW-podcast-logo.jpg,https://web.archive.org/web/20250129144445/https://politicalwire.com/2025/01/29/trump-is-using-the-same-playbook/,"“There are a lot of blogs and news sites claiming to understand politics, but only a few actually do. Political Wire is one of them.”
 Chuck Todd, host of “Meet the Press”
“Concise. Relevant. To th… [+594 chars]",,"Trump verwendet das gleiche Playbook. Die ersten zehn Tage von Donald Trump im Weißen Haus waren ein echter Wirbelsturm. Er überschwemmt wieder einmal die Zone und hält seine Basis unter Strom, während er seine Gegner darum kämpfen lässt, mitzuhalten. Und","Trump Is Using the Same Playbook. Donald Trump’s first ten days back in the White House have been nothing short of a whirlwind. He’s once again “flooding the zone,” keeping his base energized while leaving opponents scrambling to keep up. And","BUCINUM utitur eodem Playbook. Donald Trump ante decem dies retro in Alba Domo nihil deesse turbine fuit. Iterum ""zonam inundat"" suum basim agit, dum adversarios ruentes custodiunt. And",2026-01-09 04:06:59+00:00
ffc4428be727176c22d3fb5f7ee860f0,2025-01-29T14:05:00Z,'flooding',www.memeorandum.com,en,0.0,Trump's White House Is Flooding the Zone With Legal Tests (Evan McMorris-Santoro/NOTUS),"Evan McMorris-Santoro / NOTUS:
Trump's White House Is Flooding the Zone With Legal Tests … - Copy  —  A sweeping executive action sowing confusion across the nation.  The cry of “Wait, he can't do that!” from constitutional lawyers and the political oppositio…",https://www.memeorandum.com/250129/p24,https://static.notus.org/dims4/default/1324f39/2147483647/strip/true/crop/3476x1955+0+181/resize/1440x810!/quality/90/?url=https%3A%2F%2Fk2-prod-aji.s3.us-east-1.amazonaws.com%2Fbrightspot%2F6b%2F29%2Ffe5f8f524d3081e6e80157dd1bf2%2Ftrump-25022001203534.jpg,https://web.archive.org/web/20250130143228/http://www.memeorandum.com/250129/p24,"memeorandum is an auto-generated summary of the stories that US political commentators are discussing online right now.
Unlike sister sites Techmeme and Mediagazer, it is not a human-edited news out… [+72 chars]",,"Trumps Weißes Haus überschwemmt die Zone mit juristischen Tests (Evan McMorris-Santoro/NOTUS). Evan McMorris-Santoro / NOTUS:
Trumps Weißes Haus überschwemmt die Zone mit juristischen Tests … - Kopie  —  Eine umfassende Aktion der Exekutive, die im ganzen Land Verwirrung stiftet.  Der Schrei „Warte, das kann er nicht!“ von Verfassungsrechtlern und der politischen Opposition…","Trump's White House Is Flooding the Zone With Legal Tests (Evan McMorris-Santoro/NOTUS). Evan McMorris-Santoro / NOTUS:
Trump's White House Is Flooding the Zone With Legal Tests … - Copy  —  A sweeping executive action sowing confusion across the nation.  The cry of “Wait, he can't do that!” from constitutional lawyers and the political oppositio…","BUCINUM Domus Alba inundat Zonam Cum Legal Testi (Evan McMorris-Santoro/Notus). Evan McMorris-Santoro / NOTUS:
Trump's Domus Albae Zona inundat Cum Legal Testimoniis ... - Exemplar  —  actio exsecutiva scopans confusionem per nationem seminans.  Exspecta, inquit, non potest facere clamor. ex iurisperitis constitutionis et oppositio politica…",2026-01-09 04:06:59+00:00
321e9457a25ee275c82000dad8befaf3,2025-01-29T14:40:22Z,'flooding',phys.org,en,0.0,Building resilience in the face of growing hazards: Lessons from the Tule River Indian Reservation,"Like many communities, the Tule River Tribe in the western foothills of California's Sierra Nevada mountain range faces mounting environmental hazards like wildfire, drought, and flooding.",https://phys.org/news/2025-01-resilience-hazards-lessons-tule-river.html,https://scx2.b-cdn.net/gfx/news/hires/2025/building-resilience-in.jpg,,"Like many communities, the Tule River Tribe in the western foothills of California's Sierra Nevada mountain range faces mounting environmental hazards like wildfire, drought, and flooding.
A new stu… [+4199 chars]",,"Aufbau von Widerstandsfähigkeit angesichts wachsender Gefahren: Lehren aus dem Tule River Indianerreservat. Wie viele Gemeinden ist auch der Stamm der Tule River in den westlichen Ausläufern der kalifornischen Sierra Nevada mit zunehmenden Umweltgefahren wie Waldbränden, Dürre und Überschwemmungen konfrontiert.","Building resilience in the face of growing hazards: Lessons from the Tule River Indian Reservation. Like many communities, the Tule River Tribe in the western foothills of California's Sierra Nevada mountain range faces mounting environmental hazards like wildfire, drought, and flooding.","Mollitia aedificans in facie periculorum crescentium: Lectiones de Reservatio Tule Flumen Indicum. Sicut multae communitates, Tule flumen Tribe in radicibus occidentalibus montis Californiae Sierra Nevada facies in periculis environmental sicut ignis, siccitas, et inundatio ascendentes.",2026-01-09 04:06:59+00:00
c5cef0fc5c308f18ef152e23d5d788a4,2025-01-29T16:53:55Z,'flooding weather',www.newsweek.com,en,0.0,Chicago Could See Ice Jam Flooding as Temperatures Warm,"According to the NWS, the jams can occur when long spells of cold weather cause rivers and lakes to freeze.",https://www.newsweek.com/chicago-illinois-weather-temperature-warm-ice-jam-flooding-rivers-lakes-2022952,https://d.newsweek.com/en/full/2576427/chicago-river.jpg,https://web.archive.org/web/20250130171238/https://www.newsweek.com/chicago-illinois-weather-temperature-warm-ice-jam-flooding-rivers-lakes-2022952,"Chicago is experiencing unseasonably mild temperatures, with a 10.7-degree Fahrenheit deviation from the five-year historical average for January 29, 2025. While residents may welcome the warmer weat… [+3577 chars]",,"In Chicago könnte es bei steigenden Temperaturen zu Eisstau-Überschwemmungen kommen. Laut NWS kann es zu Staus kommen, wenn längere Kälteperioden dazu führen, dass Flüsse und Seen zufrieren.","Chicago Could See Ice Jam Flooding as Temperatures Warm. According to the NWS, the jams can occur when long spells of cold weather cause rivers and lakes to freeze.","Chicago videre potuit Ice Jam inundatio ut Temperaturae Calidum. Secundum NWS, stipes fieri possunt, cum longa carmina frigoris et flumina et lacus algent.",2026-01-09 04:06:59+00:00
3248116846f0fedd4c29750675a9a097,2025-01-29T18:05:20Z,'flooding climate change',phys.org,en,0.0,The pioneering science linking climate to weather disasters,"Extreme weather is becoming more destructive as the world warms, but how can we say that climate change intensified the fires in Los Angeles, typhoons in the Philippines, or flooding in Spain?",https://phys.org/news/2025-01-science-linking-climate-weather-disasters.html,https://scx2.b-cdn.net/gfx/news/2025/the-hughes-fire-near-l.jpg,,"Extreme weather is becoming more destructive as the world warms, but how can we say that climate change intensified the fires in Los Angeles, typhoons in the Philippines, or flooding in Spain?
That … [+5396 chars]",,"Die bahnbrechende Wissenschaft, die das Klima mit Wetterkatastrophen in Verbindung bringt. Extreme Wetterereignisse werden mit der Erwärmung der Welt immer zerstörerischer, aber wie können wir sagen, dass der Klimawandel die Brände in Los Angeles, die Taifune auf den Philippinen oder die Überschwemmungen in Spanien verstärkt hat?","The pioneering science linking climate to weather disasters. Extreme weather is becoming more destructive as the world warms, but how can we say that climate change intensified the fires in Los Angeles, typhoons in the Philippines, or flooding in Spain?","Scientiae auctoris nexus climatis ad calamitates tempestatum. Tempestas extrema magis perniciosior fit quam mundus temperat, sed quomodo possumus dicere mutationem climatis augeri ignes in Los Angeles, typhonas in Philippinis, vel inundationes in Hispania?",2026-01-09 04:06:59+00:00
7781ed0ac0a659a372673613576b845a,2025-01-29T19:29:23Z,'flooding',www.ibtimes.com,en,0.0,Flooding In Museum Forces Flood Museum To Close,A museum that commemorates the flooding of a Pennsylvania town was forced to close after it flooded itself.,https://www.ibtimes.com/flooding-museum-pennsylvania-closure-3761476,https://d.ibtimes.com/en/full/4579159/johnstown-flood-museum.jpg,https://web.archive.org/web/20250130222449/https://www.ibtimes.com/flooding-museum-pennsylvania-closure-3761476,"A museum that commemorates the flooding of a Pennsylvania town was forced to close after it flooded itself.
Officials said that Johnstown Flood Museum had suffered an ""interior water leak caused by … [+1304 chars]",,"Überschwemmung im Museum führt zur Schließung des Hochwassermuseums. Ein Museum, das an die Überschwemmung einer Stadt in Pennsylvania erinnert, musste schließen, nachdem diese sich selbst überschwemmt hatte.",Flooding In Museum Forces Flood Museum To Close. A museum that commemorates the flooding of a Pennsylvania town was forced to close after it flooded itself.,"Inundatio In Diluvium Museum Copiae Museum claudere. Museum, quod inundationem oppidi Pennsylvania commemorat, claudere coactus est postquam ipsum inundavit.",2026-01-09 04:06:59+00:00
9db93e0a5a7c6fd6f511b488563798db,2025-01-29T23:44:00Z,'flooding climate change',www.thesunchronicle.com,en,0.0,"North Attleboro preparing for natural hazards, climate change","NORTH ATTLEBORO -- With the devastating flooding of September 2023 still fresh in the minds of residents and officials, the town is diligently working to alleviate future problems.",https://www.thesunchronicle.com/news/local_news/north-attleboro-preparing-for-natural-hazards-climate-change/article_fbd94d72-de9a-11ef-aa1a-6bd163a85e19.html,https://bloximages.chicago2.vip.townnews.com/thesunchronicle.com/content/tncms/assets/v3/editorial/7/3c/73cc96d3-4486-5208-8d06-ccca41181d20/65007e9613dcc.image.jpg?crop=1780%2C935%2C0%2C114&resize=1200%2C630&order=crop%2Cresize,,"NORTH ATTLEBORO -- With the devastating flooding of September 2023 still fresh in the minds of residents and officials, the town is diligently working to alleviate future problems.
An updated Hazard… [+4984 chars]",,"North Attleboro bereitet sich auf Naturgefahren und den Klimawandel vor. NORTH ATTLEBORO – Da die verheerende Überschwemmung vom September 2023 den Bewohnern und Beamten noch in Erinnerung ist, arbeitet die Stadt fleißig daran, künftige Probleme zu lindern.","North Attleboro preparing for natural hazards, climate change. NORTH ATTLEBORO -- With the devastating flooding of September 2023 still fresh in the minds of residents and officials, the town is diligently working to alleviate future problems.","Attleboro septentrionalis ad pericula naturalia mutationem climatis parat. NORTH ATTLEBORO -- Vastatione inundationis Septembris 2023, recenti adhuc in animis incolarum et officialium, oppidum diligenter laborat ad difficultates futuras sublevandas.",2026-01-09 04:06:59+00:00
8ef33a4d81ee9507af507bc438bfb80e,2025-01-30T06:37:24Z,'flooding',kyweathercenter.com,en,0.0,Local High Water Issues Possible,Good Thursday to one and all. We have a big-time rainmaker rolling into the region today and this may bring enough rain to cause local flooding issues. This kicks off a very active pattern that looks to kick into high gear as we get into February. A few thoug…,https://kyweathercenter.com/?p=69608,,,Good Thursday to one and all. We have a big-time rainmaker rolling into the region today and this may bring enough rain to cause local flooding issues. This kicks off a very active pattern that looks… [+1963 chars],,"Lokale Hochwasserprobleme möglich. Schönen Donnerstag euch allen. Heute rollt ein gewaltiger Regenproduzent in die Region, der möglicherweise genug Regen bringt, um lokale Überschwemmungen zu verursachen. Dies setzt ein sehr aktives Muster in Gang, das zu Beginn des Februars auf Hochtouren laufen dürfte. Ein paar allerdings…",Local High Water Issues Possible. Good Thursday to one and all. We have a big-time rainmaker rolling into the region today and this may bring enough rain to cause local flooding issues. This kicks off a very active pattern that looks to kick into high gear as we get into February. A few thoug…,Loci High Water Exitus Possibile. Feria Quinta in Parasceve ad unum et omnia. Imbrem magnum tempus volubilem in regione hodie habemus et hoc satis pluviam facere potest ut quaestiones inundationes locales efficiant. Hoc calcit off activum exemplar quod in altum calces spectat ad stimulum Februarium ingredimur. Paucis...,2026-01-09 04:06:59+00:00
b3b8cd447fd0da5701991395e950290a,2025-01-30T10:44:33Z,'flooding',www.ndtv.com,en,0.0,"Flood Museum Forced To Shut Due To...Er, Flooding",A museum in Pennsylvania that was built to commemorate the victims of a 19th century flood has been temporarily shut due to flooding inside the premises.,https://www.ndtv.com/world-news/johnstown-flood-museum-temporarily-shut-due-to-flooding-in-pennsylvania-7595039,"https://c.ndtvimg.com/2025-01/vgb961d8_pennsylvania-flood-museum_625x300_30_January_25.jpg?im=FitAndFill,algorithm=dnn,width=1200,height=738",,"New Delhi: A museum in Pennsylvania that was built to commemorate the victims of a 19th century flood has been temporarily shut due to flooding inside the premises.
In a statement, Johnstown Flood M… [+1754 chars]",,"Hochwassermuseum musste wegen … ähm, Überschwemmung schließen. Ein Museum in Pennsylvania, das zum Gedenken an die Opfer einer Überschwemmung im 19. Jahrhundert errichtet wurde, wurde wegen Überschwemmungen auf dem Gelände vorübergehend geschlossen.","Flood Museum Forced To Shut Due To...Er, Flooding. A museum in Pennsylvania that was built to commemorate the victims of a 19th century flood has been temporarily shut due to flooding inside the premises.","Diluvium Museum coactus claudere Ob ... Er, Inundatio. Museum in Pennsylvania aedificatum ad commemorandas victimas diluvii saeculi undevicesimo occlusus est propter inundationem intra premissa.",2026-01-09 04:06:59+00:00
e8f78035efb8c844ed9134fe45ad3b0b,2025-01-30T11:44:00Z,'flooding',www.thestar.com.my,en,0.0,Seven roads across five districts in Sabah impassable due to floods,"KOTA KINABALU: Heavy flooding has rendered seven roads across five districts in Sabah impassable, making conditions too unsafe for all vehicles. Read full story",https://www.thestar.com.my/news/nation/2025/01/30/seven-roads-across-five-districts-in-sabah-impassable-due-to-floods,https://apicms.thestar.com.my/uploads/images/2025/01/30/3143714.jpg,,"KOTA KINABALU: Heavy flooding has rendered seven roads across five districts in Sabah impassable, making conditions too unsafe for all vehicles.
Deputy Chief Minister and Works Minister Datuk Shahel… [+686 chars]",,"Sieben Straßen in fünf Bezirken in Sabah sind wegen Überschwemmungen unpassierbar. KOTA KINABALU: Schwere Überschwemmungen haben sieben Straßen in fünf Distrikten in Sabah unpassierbar gemacht, sodass die Bedingungen für alle Fahrzeuge zu unsicher sind. Lesen Sie die ganze Geschichte","Seven roads across five districts in Sabah impassable due to floods. KOTA KINABALU: Heavy flooding has rendered seven roads across five districts in Sabah impassable, making conditions too unsafe for all vehicles. Read full story","Septem viae per quinque pagos in Sabah ob diluvia invia. KOTA KINABALU: Gravis inundatio septem itinera per quinque pagos in Sabah invia reddidit, condiciones omnibus vehiculis nimis tutas faciens. Read full story",2026-01-09 04:06:59+00:00
f250477cc9c96b4e64c3c8debad863f4,2025-01-30T14:47:00Z,'floods',www.thestar.com.my,en,0.0,Bintulu faces worst recorded floods,"KUCHING: The current floods in Bintulu have been described as the worst ever recorded, with more than 1,900 people evacuated to temporary relief centres (PPS) as of 8 pm on Thursday (Jan 30). Read full story",https://www.thestar.com.my/news/nation/2025/01/30/bintulu-faces-worst-recorded-floods,https://apicms.thestar.com.my/uploads/images/2025/01/30/3143963.jpg,,"KUCHING: The current floods in Bintulu have been described as the worst ever recorded, with more than 1,900 people evacuated to temporary relief centres (PPS) as of 8 pm on Thursday (Jan 30).
Severa… [+1730 chars]",,"Bintulu ist mit den schlimmsten Überschwemmungen seit Beginn der Aufzeichnungen konfrontiert. KUCHING: Die aktuellen Überschwemmungen in Bintulu gelten als die schlimmsten, die jemals registriert wurden. Mehr als 1.900 Menschen wurden am Donnerstag (30. Januar) um 20 Uhr in temporäre Hilfszentren (PPS) evakuiert. Lesen Sie die ganze Geschichte","Bintulu faces worst recorded floods. KUCHING: The current floods in Bintulu have been described as the worst ever recorded, with more than 1,900 people evacuated to temporary relief centres (PPS) as of 8 pm on Thursday (Jan 30). Read full story","Bintulu facies pessima memoratur inundationes. KUCHING: Inundationes currentes in Bintulu descriptae sunt pessimae semper memoriae, cum plus quam 1,900 homines ad tempus subsidio centris (PPS) excesserunt ut dies 8 post meridiem die Iovis (Ian. 30). Read full story",2026-01-09 04:06:59+00:00
ec7c4f9ebea7a0694d91908c4d704e16,2025-01-30T18:22:28Z,'flooding military',washingtonmonthly.com,en,0.0,Trump’s Imperial Presidency,"Peggy Noonan and others see vigor in the president’s flooding the zone. 
The post Trump’s Imperial Presidency appeared first on Washington Monthly.",http://washingtonmonthly.com/2025/01/30/trumps-imperial-presidency/,https://washingtonmonthly.com/wp-content/uploads/2024/03/AP49010101518-scaled-e1711290843863.jpg,https://web.archive.org/web/20250130184835/https://washingtonmonthly.com/2025/01/30/trumps-imperial-presidency/,"In the Wall Street Journal last week, Peggy Noonan saw shock and awe in Donald Trumps return to office. She praised his energy, saying he is at the top of his game. The former Ronald Reagan speechwri… [+7394 chars]",,"Trumps imperiale Präsidentschaft. Peggy Noonan und andere sehen die Kraft darin, dass der Präsident die Zone überschwemmt. 
Der Beitrag „Trumps imperiale Präsidentschaft“ erschien zuerst im Washington Monthly.","Trump’s Imperial Presidency. Peggy Noonan and others see vigor in the president’s flooding the zone. 
The post Trump’s Imperial Presidency appeared first on Washington Monthly.","Trump praesidentia imperialis est. Peggy Noonan et alii vigorem in zona inundationis praesidentis vident. 
Post Trump praesidentia Caesarea primum in Washington Monthly apparuit.",2026-01-09 04:06:59+00:00
cebae1436b2a823ddf414604b8aaa571,2025-01-31T05:33:50Z,'flooding storm',financialpost.com,en,0.0,Australia Braces for Life-Threatening Floods as Six Storms Brew,"Six storms around Australia and its territories are expected to strengthen in the coming days, with one system likely to trigger life-threatening flooding in the nation’s north and three others with at least a moderate chance to form into tropical cyclones by…",https://financialpost.com/pmn/business-pmn/australia-braces-for-life-threatening-floods-as-six-storms-brew,https://smartcdn.gprod.postmedia.digital/financialpost/wp-content/uploads/2025/01/775568059.jpg,,"One of the tropical lows while unlikely to develop into a cyclone is expected to bring intense, gale-force winds and potentially life-threatening flooding along parts of Queenslands coast from Friday… [+2014 chars]",,"Australien bereitet sich auf lebensbedrohliche Überschwemmungen vor, da sich sechs Stürme zusammenbrauen. Es wird erwartet, dass sechs Stürme rund um Australien und seine Territorien in den kommenden Tagen stärker werden, wobei ein System im Norden des Landes wahrscheinlich lebensbedrohliche Überschwemmungen auslösen wird und bei drei anderen zumindest eine mäßige Chance besteht, dass sie sich zu tropischen Wirbelstürmen entwickeln.","Australia Braces for Life-Threatening Floods as Six Storms Brew. Six storms around Australia and its territories are expected to strengthen in the coming days, with one system likely to trigger life-threatening flooding in the nation’s north and three others with at least a moderate chance to form into tropical cyclones by…","Australia Braces pro Vita minaces Diluvium ut Sex Tempestates Brew. Sex procellae circa Australiam et eius territoria in adventus dies confirmandae exspectantur, cum una ratio felis vitae minaces inundationis in septentrione nationis et tribus aliis verisimiliter casu modice formandi in cyclos tropicos per…",2026-01-09 04:06:59+00:00
c91b5e0fd75530b6ca22ef7b001ea993,2025-01-31T06:00:00Z,'flooding relief',www.naturalnews.com,en,0.0,Trumpâs cavalry of aid arrives in hurricane-ravaged North Carolina after four months of FEMA failures,"Aid trucks finally arrive in North Carolina, offering hope and much-needed relief to residents who are still struggling in the aftermath of the hurricane and flooding. President Trump visited North Carolina after Hurricane Helene, criticizing FEMA’s lack of s…",https://www.naturalnews.com/2025-01-31-cavalry-aid-hurricane-north-carolina-fema.html,https://www.naturalnews.com/wp-content/uploads/sites/91/2025/01/Storm-Helene-Damage-Commnity-Friends-Hug.jpg,,"<ul><li>Aid trucks finally arrive in North Carolina, offering hope and much-needed relief to residents who are still struggling in the aftermath of the hurricane and flooding.</li><li>President Trump… [+3643 chars]",,"Trumps Hilfskavallerie erreicht das vom Hurrikan verwüstete North Carolina, nachdem die FEMA vier Monate lang gescheitert war. Endlich kommen Hilfslastwagen in North Carolina an und bieten den Bewohnern, die immer noch unter den Folgen des Hurrikans und der Überschwemmungen leiden, Hoffnung und dringend benötigte Hilfe. Präsident Trump besuchte North Carolina nach dem Hurrikan Helene und kritisierte die mangelnde Unterstützung der FEMA …","Trumpâs cavalry of aid arrives in hurricane-ravaged North Carolina after four months of FEMA failures. Aid trucks finally arrive in North Carolina, offering hope and much-needed relief to residents who are still struggling in the aftermath of the hurricane and flooding. President Trump visited North Carolina after Hurricane Helene, criticizing FEMA’s lack of s…","Equites Trumpâ subsidii in Carolina Septentrionali vastatione procellae perveniunt post quattuor menses defectibus FEMA. Auxilia aliquet tandem in Carolinam Septentrionalem perveniunt, spem praebentes et multae necessitatis subsidio habitantibus qui adhuc in reparatione procellae et inundationis laborant. Praeses Trump visitavit Carolinam Septentrionalem post Procellae Helene reprehendens FEMA defectum s…",2026-01-09 04:06:59+00:00
c2ee91fcfb604799d4cc4ca5adc2fd44,2025-01-31T06:52:00Z,'flooding',www.thestar.com.my,en,0.0,"Floods hit four Pan Borneo Highway sections, no need for closures, says Nanta","SERIAN: Four sections of the Pan Borneo Highway in Sarawak have been affected by flooding, Datuk Seri Alexander Nanta Linggi warns. Read full story",https://www.thestar.com.my/news/nation/2025/01/31/floods-hit-four-pan-borneo-highway-sections-no-need-for-closures-says-nanta,https://apicms.thestar.com.my/uploads/images/2025/01/31/3144827.jpg,,"SERIAN: Four sections of the Pan Borneo Highway in Sarawak have been affected by flooding, Datuk Seri Alexander Nanta Linggi warns.
The affected sections are in Serian, Selangau, Bakun, and Pujut, s… [+1051 chars]",,"Vier Abschnitte des Pan Borneo Highway wurden von Überschwemmungen heimgesucht, eine Sperrung sei nicht erforderlich, sagt Nanta. SERIAN: Vier Abschnitte des Pan Borneo Highway in Sarawak sind von Überschwemmungen betroffen, warnt Datuk Seri Alexander Nanta Linggi. Lesen Sie die ganze Geschichte","Floods hit four Pan Borneo Highway sections, no need for closures, says Nanta. SERIAN: Four sections of the Pan Borneo Highway in Sarawak have been affected by flooding, Datuk Seri Alexander Nanta Linggi warns. Read full story","Inundationes quattuor Pan Borneo via sectiones feriunt, nullum opus commissuras, inquit Nanta. SERIAN: Quattuor sectiones Pan Borneo Highway in Sarawak inundatione affectae sunt, Datuk Seri Alexander Nanta Linggi monet. Read full story",2026-01-09 04:06:59+00:00
3a1fef0d219b4c6c50513a602cd9b7cf,2025-01-31T07:54:46Z,'flooding',almostfearless.com,en,0.0,How to Choose the Best Gutter Material for Homes in Clarksville,"Gutters are a crucial part of any Clarksville home, safeguarding it from water damage and protecting the foundation. With the right gutter system, rainwater is directed away from the structure, preventing costly repairs caused by leaks, erosion, or flooding. …",https://almostfearless.com/how-to-choose-the-best-gutter-material-for-homes-in-clarksville/,,,"Gutters are a crucial part of any Clarksville home, safeguarding it from water damage and protecting the foundation. With the right gutter system, rainwater is directed away from the structure, preve… [+3928 chars]",,"So wählen Sie das beste Dachrinnenmaterial für Häuser in Clarksville aus. Dachrinnen sind ein wesentlicher Bestandteil jedes Hauses in Clarksville, da sie es vor Wasserschäden schützen und das Fundament schützen. Mit dem richtigen Dachrinnensystem wird Regenwasser vom Bauwerk weggeleitet und so kostspielige Reparaturen aufgrund von Undichtigkeiten, Erosion oder Überschwemmungen vermieden. …","How to Choose the Best Gutter Material for Homes in Clarksville. Gutters are a crucial part of any Clarksville home, safeguarding it from water damage and protecting the foundation. With the right gutter system, rainwater is directed away from the structure, preventing costly repairs caused by leaks, erosion, or flooding. …","Optimum Gutter Materiam pro Domibus eligere in Clarksville. Gutterae cruciales alicuius domus Clarksville sunt, eam custodientes ab aquae damno et fundamento tuentes. Cum systematis stillicidii recti, aqua pluvialis ab structura dirigitur, ne pretiosas reparationes effluo, exesa, vel inundatione causarentur. ...",2026-01-09 04:06:59+00:00
7dad2d9b581ccf9321801cc6afb7c40e,2025-01-31T09:30:56Z,'flooding',www.insurancejournal.com,en,0.0,Floods in France Force Evacuations and Cut Power to Homes,"Flooding caused by Storm Herminia forced the evacuation of thousands of people in northwest France, while hundreds of homes remain without power. Back-to-back storms — Éowyn followed by Herminia — have triggered the worst flooding in 40 years in parts …",https://www.insurancejournal.com/news/international/2025/01/31/810308.htm,https://www.insurancejournal.com/img/social/opengraph/ij-social-flood-1200x630.png,,"Flooding caused by Storm Herminia forced the evacuation of thousands of people in northwest France, while hundreds of homes remain without power.
Back-to-back storms Éowyn followed by Herminia have … [+1961 chars]",,"Überschwemmungen in Frankreich erzwingen Evakuierungen und unterbrechen die Stromversorgung von Häusern. Durch den Sturm Herminia verursachte Überschwemmungen mussten Tausende Menschen im Nordwesten Frankreichs evakuiert werden, während Hunderte Häuser weiterhin ohne Strom sind. Aufeinanderfolgende Stürme – Éowyn, gefolgt von Herminia – haben in Teilen die schlimmsten Überschwemmungen seit 40 Jahren ausgelöst …","Floods in France Force Evacuations and Cut Power to Homes. Flooding caused by Storm Herminia forced the evacuation of thousands of people in northwest France, while hundreds of homes remain without power. Back-to-back storms — Éowyn followed by Herminia — have triggered the worst flooding in 40 years in parts …","Flumina in Gallia Force Evacuationes et Power ad Homes incide. Inundatio per Storm Herminia evacuationem milia hominum in Gallia chorum coegit, cum centenae domorum sine potestate manent. Retro-ad-retro tempestates — Herminia Éowyn secutae — pessimum inundationem urguebant per XL annos in partibus ...",2026-01-09 04:06:59+00:00
84c076660f2458e9c30e08d47d4fdf04,2025-01-31T12:56:13Z,'flooding atmospheric river',www.newsweek.com,en,0.0,What Is the Pineapple Express Storm Heading Toward California?,"The atmospheric river's effects are expected to last at least through Tuesday, one meteorologist told Newsweek.",https://www.newsweek.com/what-pineapple-express-atmospheric-river-2024062,https://d.newsweek.com/en/full/2578147/ar-map.jpg,,"An atmospheric river, known as a ""Pineapple Express,"" is set to bring significant rainfall to parts of California next week, with meteorologists warning that flooding may be possible.
Why It Matters… [+2936 chars]",,"Was ist der Pineapple-Express-Sturm auf dem Weg nach Kalifornien? Die Auswirkungen des atmosphärischen Flusses werden voraussichtlich mindestens bis Dienstag anhalten, sagte ein Meteorologe gegenüber Newsweek.","What Is the Pineapple Express Storm Heading Toward California?. The atmospheric river's effects are expected to last at least through Tuesday, one meteorologist told Newsweek.",Quid est in facto Express Storm Heading Toward California?. Effectus atmosphaerici fluminis saltem per diem Martis exspectantur unus meteorologus nuntiavit Newsweek.,2026-01-09 04:06:59+00:00
fb4c8aa515b62ee6cbed614bdc64a932,2025-01-31T14:11:31Z,'deluge',biztoc.com,en,0.0,"The Fed Is Sitting on the Sidelines, but for How Long?","The relative calm in the markets may not survive upheaval in the A.I. sector and a deluge of disruptive Trump policies, our columnist says.",https://biztoc.com/x/524a9859cc925c9a,https://biztoc.com/cdn/524a9859cc925c9a_s.webp,https://web.archive.org/web/20250207093946/https://biztoc.com/x/524a9859cc925c9a,"The relative calm in the markets may not survive upheaval in the A.I. sector and a deluge of disruptive Trump policies, our columnist says.
This story appeared on nytimes.com, 2025-01-31 14:00:05.",,"Die Fed sitzt am Rande, aber wie lange? Die relative Ruhe auf den Märkten überdauert den Umbruch in der KI-Branche möglicherweise nicht. Sektor und eine Flut disruptiver Trump-Politik, sagt unser Kolumnist.","The Fed Is Sitting on the Sidelines, but for How Long?. The relative calm in the markets may not survive upheaval in the A.I. sector and a deluge of disruptive Trump policies, our columnist says.","H sedet in Sidelines, sed pro Quousque?. Relativa tranquillitas in fora non potest superesse tumultus in A.I. sector et inundatio turbulentorum Trump tueatur, noster dicit columnista.",2026-01-09 04:06:59+00:00
5e8704d8a03e9efb78608ccd03a82492,2025-01-31T20:17:41Z,'flooding',www.abc.net.au,en,0.0,Emergency alert issued as north Queensland braces for intense rain,"Parts of Queensland's north are being hammered by intense rainfall and flooding, driven by a low pressure system sitting off the coast, with more expected over the weekend.",https://www.abc.net.au/news/2025-02-01/rain-wet-season-weather-north-queensland-flooding-risk/104883964,https://live-production.wcms.abc-cdn.net.au/67f5e8ab845594244fda34970e993ba7?impolicy=wcms_watermark_news&cropH=1152&cropW=2048&xPos=0&yPos=0&width=862&height=485&imformat=generic,,"Queenslanders in the Innisfail region are being urged to leave their homes as parts of the state's north are hammered by intense rainfall and flooding.
On Saturday morning, the Cassowary Local Disas… [+3037 chars]",,"Es wird ein Notfallalarm ausgegeben, da sich Nord-Queensland auf starken Regen vorbereitet. Teile des Nordens von Queensland werden von heftigen Regenfällen und Überschwemmungen heimgesucht, die durch ein Tiefdruckgebiet vor der Küste verursacht werden. Am Wochenende wird mit weiteren Überschwemmungen gerechnet.","Emergency alert issued as north Queensland braces for intense rain. Parts of Queensland's north are being hammered by intense rainfall and flooding, driven by a low pressure system sitting off the coast, with more expected over the weekend.","Subitis erecti ut Reginensis septentrionalis adstringit ad pluviam intensam. Partes septentrionis Reginensis vehementis imbribus et inundationibus impinguntur, humili pressione systematis in litore sedentes, cum magis expectatur in volutpat.",2026-01-09 04:06:59+00:00
bf615021fa9a20638b24d312832e8f54,2025-01-31T23:00:00Z,'flooding residents',www.thestar.com.my,en,0.0,Telupid folk left in dire straits as waters rise swiftly,"TELUPID: Residents described the recent flooding, which inundated six villages in Mukim Nangoh, as overwhelming, with floodwaters rising quickly despite the lack of heavy rainfall. Read full story",https://www.thestar.com.my/news/nation/2025/02/01/telupid-folk-left-in-dire-straits-as-waters-rise-swiftly,https://apicms.thestar.com.my/uploads/images/2025/02/01/3146122.jpg,,"TELUPID: Residents described the recent flooding, which inundated six villages in Mukim Nangoh, as overwhelming, with floodwaters rising quickly despite the lack of heavy rainfall.
The swift onset o… [+1809 chars]",,"Das Volk der Telupiden befindet sich in einer schlimmen Lage, da das Wasser schnell ansteigt. TELUPID: Anwohner beschrieben die jüngste Überschwemmung, die sechs Dörfer in Mukim Nangoh überschwemmte, als überwältigend, da die Überschwemmungen trotz fehlender starker Regenfälle schnell anstiegen. Lesen Sie die ganze Geschichte","Telupid folk left in dire straits as waters rise swiftly. TELUPID: Residents described the recent flooding, which inundated six villages in Mukim Nangoh, as overwhelming, with floodwaters rising quickly despite the lack of heavy rainfall. Read full story","Telupidae gentes diris relinquunt fretis, ut aquae velociter surgant. TELUPID: Residentes recentem inundationem descripsit, quae sex villas in Mukim Nangoh inundavit, ut superante, cum aquae diluvii defectus pluviae gravis celeriter ascendentes. Read full story",2026-01-09 04:06:59+00:00
ff124be28f2a0e73f5b88d741b42a18f,2025-01-31T23:00:10Z,'flooding',www.thegatewaypundit.com,en,0.0,SecDef Hegseth: Deferred Maintenance by Biden Admin Caused Massive Flooding at Walter Reed Military Hospital in January; Vows Trump Will Only Give Troops the Best Care,"Secretary of Defense Pete Hegseth links severe flooding at Walter Reed to maintenance neglect under the Biden administration, asserting that a Trump-led government will ensure superior care for troops. Read the full details.
The post SecDef Hegseth: Deferred …",https://www.thegatewaypundit.com/2025/01/secdef-hegseth-deferred-maintenance-biden-admin-caused-massive/,https://www.thegatewaypundit.com/wp-content/uploads/2025/01/walter-reed-national-military-medical-center-flood-damage-screen-image-buck-sexton-x-twitter-01302025-e1738355679560-1200x630.jpg,https://web.archive.org/web/20250201031351/https://www.thegatewaypundit.com/2025/01/secdef-hegseth-deferred-maintenance-biden-admin-caused-massive/,"Secretary of Defense Pete Hegseth on Friday addressed video of massive flooding at Walter Reed National Military Medical Center in Bethesda, Maryland just outside of Washington, D.C., saying the floo… [+7667 chars]",,"SecDef Hegseth: Aufgeschobene Wartungsarbeiten durch den Biden-Administrator führten im Januar zu massiven Überschwemmungen im Walter-Reed-Militärkrankenhaus; Schwört, dass Trump den Truppen nur die beste Pflege zukommen lassen wird. Verteidigungsminister Pete Hegseth bringt die schweren Überschwemmungen in Walter Reed mit der Vernachlässigung von Wartungsarbeiten unter der Biden-Regierung in Verbindung und behauptet, dass eine von Trump geführte Regierung eine bessere Versorgung der Truppen gewährleisten werde. Lesen Sie die vollständigen Details.
Der Beitrag SecDef Hegseth: Aufgeschoben …","SecDef Hegseth: Deferred Maintenance by Biden Admin Caused Massive Flooding at Walter Reed Military Hospital in January; Vows Trump Will Only Give Troops the Best Care. Secretary of Defense Pete Hegseth links severe flooding at Walter Reed to maintenance neglect under the Biden administration, asserting that a Trump-led government will ensure superior care for troops. Read the full details.
The post SecDef Hegseth: Deferred …","SecDef Hegseth: Sustentacionem Biden Admin causatus inundationem apud Walter Reed Hospitali Militari mense Ianuario; Vota BUCINUM tantum dabit turmas optimus cura. Secretarius defensionis Pete Hegseth coniungit graves inundationes apud Walter Reed ad neglectum conservandum sub administratione Biden, asserens regimen Trump-duci cura militum praestaturum esse. Read the full details.
Post SecDef Hegseth: Dilata ...",2026-01-09 04:06:59+00:00
3085de937d47f0e0960c3a32cbcb8b48,2025-01-25T01:07:29Z,veryUnusualAndNeverUsedKeyword,www.forbes.com,en,0.7,"California Wildfire Updates: Officials Warn Of Flooding, Mudslides After Hughes Fire Reaches 56% Containment",The flood watch covers multiple areas burned by fires in the last two weeks.,https://www.forbes.com/sites/antoniopequenoiv/2025/01/24/california-wildfire-updates-officials-warn-of-flooding-mudslides-after-hughes-fire-reaches-56-containment/,"https://imageio.forbes.com/specials-images/imageserve/679271b6003dd79e93219691/0x0.jpg?format=jpg&crop=2807,1578,x0,y293,safe&height=900&width=1600&fit=bounds",http://web.archive.org/web/20250126001444/https://www.forbes.com/sites/antoniopequenoiv/2025/01/24/california-wildfire-updates-officials-warn-of-flooding-mudslides-after-hughes-fire-reaches-56-containment/,"The 10,396-acre Hughes fire reached 56% containment Friday as first responders made progress controlling multiple blazes burning in Los Angeles County, which is expected to receive rain over the week… [+28413 chars]",,"Updates zu Waldbränden in Kalifornien: Beamte warnen vor Überschwemmungen und Schlammlawinen, nachdem das Feuer in Hughes zu 56 % eingedämmt ist. Die Hochwasserwache deckt mehrere Gebiete ab, die in den letzten zwei Wochen durch Brände verbrannt wurden.","California Wildfire Updates: Officials Warn Of Flooding, Mudslides After Hughes Fire Reaches 56% Containment. The flood watch covers multiple areas burned by fires in the last two weeks.","California Wildfire Updates: Officiales Mone Diluvium, Mudslides Post Hughes Ignis Reaches 56% Containment. Diluvium vigiliarum multiplex areas ignibus in duabus ebdomadibus combusta est.",2026-02-08 04:06:59+00:00
e4bc79029609da56d0de022f70a0b6c9,2025-01-01T19:38:36Z,'flooding',www.pbs.org,en,0.9,United Kingdom sees flooding after heavy rain as wild weather disrupts New Year's events,Parts of the United Kingdom have been swamped by heavy rains and powerful winds that disrupted New Year's celebrations.,https://www.pbs.org/newshour/world/united-kingdom-sees-flooding-after-heavy-rain-as-wild-weather-disrupts-new-years-events,https://d3i6fh83elv35t.cloudfront.net/static/2025/01/2025-01-01T120819Z_1819536967_RC2Y0CA8VVS2_RTRMADP_3_EUROPE-WEATHER-BRITAIN-1024x701.jpg,http://web.archive.org/web/20250101213516/https://www.pbs.org/newshour/world/united-kingdom-sees-flooding-after-heavy-rain-as-wild-weather-disrupts-new-years-events,"LONDON (AP) Parts of the United Kingdom were flooded Wednesday as heavy rains and powerful winds continued to disrupt New Year’s celebrations.
Several communities in the Manchester area were flooded… [+2293 chars]",,"Im Vereinigten Königreich kommt es nach heftigen Regenfällen zu Überschwemmungen, da wildes Wetter die Neujahrsveranstaltungen stört. Teile des Vereinigten Königreichs wurden von heftigen Regenfällen und starken Winden überschwemmt, die die Neujahrsfeierlichkeiten störten.",United Kingdom sees flooding after heavy rain as wild weather disrupts New Year's events. Parts of the United Kingdom have been swamped by heavy rains and powerful winds that disrupted New Year's celebrations.,Regnum Britanniae videt inundationem post pluvias graves sicut tempestates feras Novus Annus eventus dissolvit. Partes Britanniae inclusae sunt gravibus imbribus et ventis validis qui celebrationes Novus Annus perturbarunt.,2026-02-08 04:06:59+00:00
07efbe6f16f5e598361a24e4c6d2fbc5,2025-01-03T19:00:22Z,'flooding',sneakernews.com,en,0.9,The Air Jordan 1 Low EasyOn Gets Banned,"As the Air Jordan 1 “Bred” in February looms, the “Banned” storytelling effort is ramping up again, flooding the sneaker community with memories of uniform...

© Sneaker News, 2025. |
Permalink
|
No comment
|
Add todel.icio.us


The post The Air Jordan 1 Low …",https://sneakernews.com/2025/01/03/air-jordan-1-low-easyon-banned-dm1206-067/,https://sneakernews.com/wp-content/uploads/2025/01/air-jordan-1-low-easyon-banned-dm1206-067-3.jpg,http://web.archive.org/web/20250103190642/https://sneakernews.com/2025/01/03/air-jordan-1-low-easyon-banned-dm1206-067/,"As the Air Jordan 1 “Bred” in February looms, the “Banned” storytelling effort is ramping up again, flooding the sneaker community with memories of uniform fines and Jordan Brand’s splashy genesis. A… [+2077 chars]",,"Der Air Jordan 1 Low EasyOn wird verboten. Während der Air Jordan 1 „Bred“ im Februar bevorsteht, wird die Storytelling-Bemühungen zu „Banned“ wieder intensiviert und überschwemmt die Sneaker-Community mit Erinnerungen an Uniform...

© Sneaker News, 2025. |
Permalink
|
Kein Kommentar
|
Fügen Sie todel.icio.us hinzu


Der Beitrag Der Air Jordan 1 Low …","The Air Jordan 1 Low EasyOn Gets Banned. As the Air Jordan 1 “Bred” in February looms, the “Banned” storytelling effort is ramping up again, flooding the sneaker community with memories of uniform...

© Sneaker News, 2025. |
Permalink
|
No comment
|
Add todel.icio.us


The post The Air Jordan 1 Low …","Air Jordan 1 Low EasyOn Gets Banned. Sicut Aeris Jordan 1 ""Bred"" in Februario imminet, ""exhibitum"" condimentum nisus iterum rapiens, inundans sneaker communitatem cum memoriis uniformis...

© Sneaker News, 2025. |
Permalink
|
No comment
|
Add todel.icio.us


Post Aeris Jordan 1 Low …",2026-02-08 04:06:59+00:00
e1b84d82006a335ea677b2989ff834ef,2025-01-07T05:37:26Z,'floods',www.bbc.com,en,0.9,Snow and ice warnings remain after floods hit UK,The Met Office says wintry weather is expected to bring icy roads and travel delays across the UK.,https://www.bbc.com/news/articles/c30ng7r2997o,https://ichef.bbci.co.uk/news/1024/branded_news/bc17/live/6302ced0-ccb5-11ef-a247-ddcfe71e3c6e.jpg,http://web.archive.org/web/20250108132343/https://www.bbc.com/news/articles/c30ng7r2997o,"Yellow warnings for snow and ice remain in place after severe flooding and snow caused travel disruption and school closures across the UK.
The Met Office said wintry weather is expected to bring ic… [+3046 chars]",,"Schnee- und Eiswarnungen bleiben bestehen, nachdem Großbritannien von Überschwemmungen heimgesucht wurde. Das Met Office geht davon aus, dass das winterliche Wetter in ganz Großbritannien zu vereisten Straßen und Reiseverzögerungen führen wird.",Snow and ice warnings remain after floods hit UK. The Met Office says wintry weather is expected to bring icy roads and travel delays across the UK.,Nix et glacies monita manent postquam inundationes UK ledo. Met Officium dicit tempestatem hiemalem expectat ut gelidas vias afferat et moras trans UK iter faciat.,2026-02-08 04:06:59+00:00
7fd5f8cee55d046b5900144628cfce4f,2025-01-07T15:55:37Z,'flooding',www.themirror.com,en,0.9,Wave of illnesses flooding hospitals with CDC on alert...,"Wave of illnesses flooding hospitals with CDC on alert...

 
 
 
 (Third column, 2nd story, link)

 

 

 
 Related stories:India re-introduces strict Covid rules as mystery Chinese virus spreads...
Overblown fears reflect pandemic scars?",https://www.themirror.com/news/us-news/china-virus-hmpv-mystery-illness-894929,https://i2-prod.themirror.com/incoming/article894943.ece/ALTERNATES/s1200/0_Chinese-virus-epidemic-sees-four-illnesses-take-over-as-people-queue-for-cremation.jpg,http://web.archive.org/web/20250107202921/https://www.themirror.com/news/us-news/china-virus-hmpv-mystery-illness-894929,"Top disease experts have urged Chinese authorities to reveal critical data about a worrying breakout of the respiratory infection hMPV.
Dr Andrew Catchpole, a British virologist, said it was crucial… [+4677 chars]",,"Welle von Krankheiten überschwemmt Krankenhäuser mit CDC in Alarmbereitschaft.... Welle von Krankheiten überschwemmt Krankenhäuser mit CDC in Alarmbereitschaft...

 
 
 
 (Dritte Spalte, 2. Geschichte, Link)

 

 

 
 Verwandte Geschichten: Indien führt wieder strenge Covid-Regeln ein, da sich das mysteriöse chinesische Virus verbreitet …
Übertriebene Ängste spiegeln die Narben einer Pandemie wider?","Wave of illnesses flooding hospitals with CDC on alert.... Wave of illnesses flooding hospitals with CDC on alert...

 
 
 
 (Third column, 2nd story, link)

 

 

 
 Related stories:India re-introduces strict Covid rules as mystery Chinese virus spreads...
Overblown fears reflect pandemic scars?","Unda morborum valetudinaria inundatio cum CDC erecti .... Unda morborum valetudinaria inundatio cum CDC intenti...

 
 
 
 Co- lumna tertia, 2nd story, link)

 

 

 
 Narrationes narratae: India strictas Covid praecepta re-inducit ut mysterium virus Sinensium serpat...
Turbida metus, cicatrices pandemicae reflectunt?",2026-02-08 04:06:59+00:00
47b520afbcd5de91ce646fb59c72be55,2025-01-12T05:10:45Z,veryUnusualAndNeverUsedKeyword,www.abc.net.au,en,0.9,Wild weather hits Melbourne as BOM issues severe thunderstorm warning,"Flash flooding hit parts of Melbourne on Sunday, with the deluge halting play at the Australian Open.",https://www.abc.net.au/news/2025-01-12/wild-weather-rainfall-thunderstorms-melbourne-victoria/104808922,https://live-production.wcms.abc-cdn.net.au/a4e71c2b6f957b0bc3ccf9a8efb0b396?impolicy=wcms_watermark_news&cropH=2813&cropW=5000&xPos=0&yPos=259&width=862&height=485&imformat=generic,http://web.archive.org/web/20250113020553/https://www.abc.net.au/news/2025-01-12/wild-weather-rainfall-thunderstorms-melbourne-victoria/104808922,"Heavy rain, thunderstorms and power outages have spread across parts of Victoria on Sunday, with the Bureau of Meteorology (BOM) issuing a severe thunderstorm warning for eastern parts of the state.… [+2283 chars]",,"Wildes Wetter trifft Melbourne, als BOM eine schwere Gewitterwarnung herausgibt. Am Sonntag wurden Teile von Melbourne von Sturzfluten heimgesucht, die das Spiel bei den Australian Open lahmlegten.","Wild weather hits Melbourne as BOM issues severe thunderstorm warning. Flash flooding hit parts of Melbourne on Sunday, with the deluge halting play at the Australian Open.","Tempestas silvestris Melbourne ut BOM gravia tonitrui admonitio pervenit. Partes Melbourne die Dominico, cum diluvio claudicante fabula in Open Australian.",2026-02-08 04:06:59+00:00
1b30954d1b66ab852475fa426ba71f42,2025-01-13T21:17:05Z,'flooding',nypost.com,en,0.9,Disturbing LA case of homeless man with blowtorch sparks fresh debate over city’s out-of-control vagrant crisis,"Blazes caused by the throngs of homeless flooding Los Angeles’ streets with potentially deadly encampments doubled between 2020 and 2023, soaring to 13,909, according to a report.",https://nypost.com/2025/01/13/us-news/la-case-of-blow-torch-homeless-man-sparks-new-debate-over-vagrant-crisis/,https://nypost.com/wp-content/uploads/sites/2/2025/01/case-blow-torch-wielding-homeless-96647570_33d422.jpg?quality=75&strip=all&w=1024,http://web.archive.org/web/20250113234505/https://nypost.com/2025/01/13/us-news/la-case-of-blow-torch-homeless-man-sparks-new-debate-over-vagrant-crisis/,The troubling case of the blowtorch-wielding homeless man eyed for arson during the Los Angeles wildfires has sparked new debate over the Democratic citys general alleged kid-glove handling of its va… [+4219 chars],,"Der beunruhigende Fall eines Obdachlosen mit einer Lötlampe in Los Angeles löst eine neue Debatte über die außer Kontrolle geratene Landstreicherkrise in der Stadt aus. Einem Bericht zufolge haben sich die Brände, die durch die Scharen von Obdachlosen verursacht wurden, die die Straßen von Los Angeles mit potenziell tödlichen Lagern überschwemmten, zwischen 2020 und 2023 verdoppelt und stiegen auf 13.909.","Disturbing LA case of homeless man with blowtorch sparks fresh debate over city’s out-of-control vagrant crisis. Blazes caused by the throngs of homeless flooding Los Angeles’ streets with potentially deadly encampments doubled between 2020 and 2023, soaring to 13,909, according to a report.","Perturbante LA casu de profugo homine cum scintillis blowtorch nova disceptatio de discrimine vaganti de abstinentia civitatis. Ardet turbae inundationis Los Angeles platearum cum potentia mortiferis castris duplicatis inter 2020 et 2023, ad 13,909 volans, secundum relationem.",2026-02-08 04:06:59+00:00
08546cc57be2f4f48efe7d3c72dc21d2,2025-01-15T20:23:15Z,'floods',skepticalscience.com,en,0.9,Nobody’s insurance rates are safe from climate change,"This is a re-post from Yale Climate Connections
Asheville, North Carolina, was once widely considered a climate haven thanks to its elevated, inland location and cooler temperatures than much of the Southeast. Then came the catastrophic floods of Hurricane He…",https://skepticalscience.com/nobodys-insurance-safe-from-climate.html,https://skepticalscience.com/public/assets/images/og/button_sks_200.jpg,http://web.archive.org/web/20250116154109/https://skepticalscience.com/nobodys-insurance-safe-from-climate.html,"Posted on 15 January 2025 by dana1981
This is a re-post from Yale Climate Connections
Asheville, North Carolina, was once widely considered a climate haven thanks to its elevated, inland location a… [+10794 chars]",,"Niemandes Versicherungstarif ist vor dem Klimawandel sicher. Dies ist ein erneuter Beitrag von Yale Climate Connections
Asheville, North Carolina, galt einst aufgrund seiner erhöhten Lage im Landesinneren und der kühleren Temperaturen als weite Teile des Südostens weithin als Klimaparadies. Dann kamen die katastrophalen Überschwemmungen des Hurrikans He…","Nobody’s insurance rates are safe from climate change. This is a re-post from Yale Climate Connections
Asheville, North Carolina, was once widely considered a climate haven thanks to its elevated, inland location and cooler temperatures than much of the Southeast. Then came the catastrophic floods of Hurricane He…","Nullae rates insurance tutae sunt a mutatione climatis. Hoc est re-post e Connexionibus Yale Clima
Asheville, Carolina Septentrionalis, olim  late censebatur in portu climatis gratia elevatis, locis mediterraneis et frigidioribus temperaturis quam multum Meridionalis. Tum catastrophicae procellae Procellae.",2026-02-08 04:06:59+00:00
e4eddcb715dd45002dac1f1902b2844c,2025-01-15T22:47:41Z,'flooding',www.crikey.com.au,en,0.9,Will China welcome TikTok refugees?,"Thousands of US TikTok users are flooding to the Chinese platform Red. It could prove a double-edged sword for the Chinese government. 
The post Will China welcome TikTok refugees? appeared first on Crikey.",https://www.crikey.com.au/2025/01/16/will-china-welcome-tiktok-refugees/,https://www.crikey.com.au/wp-content/uploads/2025/01/20250116190681734355-original.jpg?quality=70,http://web.archive.org/web/20250116032102/https://www.crikey.com.au/2025/01/16/will-china-welcome-tiktok-refugees/,"TikTok, the worlds fifth most popular social media platform, is running out of time. Its fate in the US will be determined on January 19, when the US Supreme Court will decide whether to accept the a… [+6756 chars]",,"Wird China TikTok-Flüchtlinge willkommen heißen? Tausende US-TikTok-Nutzer strömen auf die chinesische Plattform Red. Es könnte sich für die chinesische Regierung als zweischneidiges Schwert erweisen. 
Der Beitrag Wird China TikTok-Flüchtlinge willkommen heißen? erschien zuerst auf Crikey.","Will China welcome TikTok refugees?. Thousands of US TikTok users are flooding to the Chinese platform Red. It could prove a double-edged sword for the Chinese government. 
The post Will China welcome TikTok refugees? appeared first on Crikey.","Sina TikTok excipiet exules? Millia US TikTok users inundant ad Sinensium tribunal Rubrum. Pro imperio Sinensi gladium ancipitem probare potuit. 
Postes voluntatem Sinarum receperint TikTok profugos? primum apparuit in Crikey.",2026-02-08 04:06:59+00:00
202eec816c8ad001e2f627a181c09cc5,2025-01-16T14:15:00Z,'flooding',variety.com,en,0.9,Peacock Docuseries ‘SNL50: Beyond Saturday Night’ Adds Little to a Long-Established Legacy: TV Review,"To mark the 50th season of “Saturday Night Live,” putting together 90 minutes of live TV in six days — already a herculean feat — is not enough. In addition, the venerable variety show is flooding the zone with shows of its pop cultural might. On the heels of…",https://variety.com/2025/tv/tv-reviews/snl50-review-peacock-docuseries-1236271198/,https://variety.com/wp-content/uploads/2025/01/NUP_203619_00001_3aeab3.jpg?w=1000&h=563&crop=1,http://web.archive.org/web/20250117083653/https://variety.com/2025/tv/tv-reviews/snl50-review-peacock-docuseries-1236271198/,"To mark the 50th season of “Saturday Night Live,” putting together 90 minutes of live TV in six days — already a herculean feat — is not enough. In addition, the venerable variety show is flooding th… [+5393 chars]",,"Peacock Docuseries „SNL50: Beyond Saturday Night“ trägt wenig zu einem seit langem etablierten Erbe bei: TV-Rezension. Anlässlich der 50. Staffel von „Saturday Night Live“ reicht es nicht aus, in sechs Tagen 90 Minuten Live-TV zusammenzustellen – ohnehin schon eine Herkulesleistung. Darüber hinaus überschwemmt die ehrwürdige Varieté-Show die Zone mit Shows ihrer popkulturellen Macht. Auf den Fersen von…","Peacock Docuseries ‘SNL50: Beyond Saturday Night’ Adds Little to a Long-Established Legacy: TV Review. To mark the 50th season of “Saturday Night Live,” putting together 90 minutes of live TV in six days — already a herculean feat — is not enough. In addition, the venerable variety show is flooding the zone with shows of its pop cultural might. On the heels of…","Peacock Docuseries 'SNL50: Nocte Diei Sabbati Vltra' Parva ad Legam Longam-Estatam addit: TV Review. Ad notare tempus 50th noctis ""Saturni Noctis Vive"", collatis XC minutis TV vivae in sex diebus — iam herculeanum facinus — non satis est. Praeterea varietas spectaculorum veneranda zonam inundat cum spectaculis sui culturae pop. In passibus...",2026-02-08 04:06:59+00:00
cae2746da2becb5b1f01bdc170b12d53,2025-01-20T16:49:54Z,'flooding',www.politico.eu,en,0.9,"Viagra-laced ‘erectile honey’ is flooding into France, officials warn","2024 was an ""absolute record"" for seizures of the tainted honey, French customs officials said.",https://www.politico.eu/article/france-warns-of-viagra-laced-erectile-honey-flooding-into-the-country/,"https://www.politico.eu/cdn-cgi/image/width=1200,height=630,fit=crop,quality=80,onerror=redirect/wp-content/uploads/2025/01/20/iStock-1462523513-scaled.jpg",,"France last year seized record quantities of illegally imported erectile honey laced with Viagra and other medications, customs officials said Monday.
The honey, which is mostly shipped to France fr… [+479 chars]",,"Mit Viagra versetzter „Erektionshonig“ strömt nach Frankreich, warnen Beamte. Das Jahr 2024 sei ein „absoluter Rekord“ für die Beschlagnahmung des verdorbenen Honigs gewesen, sagten französische Zollbeamte.","Viagra-laced ‘erectile honey’ is flooding into France, officials warn. 2024 was an ""absolute record"" for seizures of the tainted honey, French customs officials said.","Viagra-lacedo 'mella erectile' in Gallia inundare, magistratus monent. 2024 erat ""absolutus record"" pro caducis mellis vitiosis, magistratibus Galliae consuetudines dixit.",2026-02-08 04:06:59+00:00
8b54bab3e9d0b7529156d92e7ab3ef10,2025-01-20T18:52:28Z,'flooding',slashdot.org,en,0.9,"Viagra-laced ‘erectile honey’ is flooding into France, officials warn - POLITICO Europe","Viagra-laced &lsquo;erectile honey&rsquo; is flooding into France, officials warnPOLITICO Europe View Full Coverage on Google News ...",https://slashdot.org/firehose.pl?op=view&amp;id=175981589,,http://web.archive.org/web/20160119174443/http://slashdot.org/firehose.pl?op=view,The Fine Print: The following comments are owned by whoever posted them. We are not responsible for them in any way.,,"Mit Viagra versetzter „erektiler Honig“ strömt nach Frankreich, warnen Beamte - POLITICO Europe. Mit Viagra angereicherter „Erektionshonig“ Überschwemmungen überschwemmen Frankreich, warnen BeamtePOLITICO Europe Vollständige Berichterstattung auf Google News anzeigen ...","Viagra-laced ‘erectile honey’ is flooding into France, officials warn - POLITICO Europe. Viagra-laced &lsquo;erectile honey&rsquo; is flooding into France, officials warnPOLITICO Europe View Full Coverage on Google News ...","Viagra-laced 'in Gallia mel inundare', magistratus monent - POLITICO Europa. Viagra tetrico & lsquo; erectile mella&rsquo; in Gallia inundat, magistratus Europae warn POLITICO View Full Coverage on Google News ...",2026-02-08 04:06:59+00:00
45f52879a94b091b8d0c0ea22d56a360,2025-01-24T00:13:14Z,'flooding',www.abc.net.au,en,0.9,Once-in-10-years floodwaters turn dry lake beds into oasis of green,"A flooding event has enabled cereal and hay crops to be grown on dry lake beds in far western NSW, presenting a unique opportunity for some pastoralists.",https://www.abc.net.au/news/2025-01-24/crops-grow-on-south-australia-dry-lake-beds-after-floods/104847386,https://live-production.wcms.abc-cdn.net.au/3c2071c938e0deacd6ea0454464067d1?impolicy=wcms_watermark_news&cropH=492&cropW=875&xPos=352&yPos=310&width=862&height=485&imformat=generic,http://web.archive.org/web/20250124003355/https://www.abc.net.au/news/2025-01-24/crops-grow-on-south-australia-dry-lake-beds-after-floods/104847386,"Every 10 years or so, the South Australian outback landscape transforms when northern floodwaters flow into the dry lake beds off the Great Darling Anabranch.
The floodwaters bring a unique farming … [+2565 chars]",,"Alle zehn Jahre verwandeln Überschwemmungen trockene Seeböden in grüne Oasen. Eine Überschwemmung hat den Anbau von Getreide und Heu auf ausgetrockneten Seeböden im äußersten Westen von New South Wales ermöglicht, was für einige Hirten eine einzigartige Gelegenheit darstellt.","Once-in-10-years floodwaters turn dry lake beds into oasis of green. A flooding event has enabled cereal and hay crops to be grown on dry lake beds in far western NSW, presenting a unique opportunity for some pastoralists.","Aliquando in-X annis aquae diluvii in siccum lacum areolas in oasem viridis convertunt. Eventus inundans fruges et fruges in siccis lacubus in areolis longe occidentali NSW auctas effecit, singularem occasionem praebens nonnullis pastoralistis.",2026-02-08 04:06:59+00:00
2ba38a8810ce3bda56b34bf987d63d5b,2025-01-24T13:51:11Z,'floods',abcnews.go.com,en,0.9,Thousands of endangered tortoises rescued in Madagascar after their sanctuary floods,A community in southern Madagascar has pulled together to save thousands of critically endangered tortoises that were swept away from their sanctuary and left swimming for their lives in floods this month caused by a tropical cyclone,https://abcnews.go.com/International/wireStory/thousands-endangered-tortoises-rescued-madagascar-after-sanctuary-flooded-118060414,https://i.abcnewsfe.com/a/ede235c4-6a48-4cbb-ba7e-1170b9e73175/wirestory_e5551525889a1ed5ff44914cfa1a395b_16x9.jpg?w=1600,http://web.archive.org/web/20250124222025/https://abcnews.go.com/International/wireStory/thousands-endangered-tortoises-rescued-madagascar-after-sanctuary-flooded-118060414,"CAPE TOWN, South Africa -- A community in southern Madagascar has pulled together to save thousands of critically endangered tortoises swept away from their sanctuary and left swimming for their live… [+2852 chars]",,"Tausende gefährdete Schildkröten wurden in Madagaskar nach Überschwemmungen in ihrem Schutzgebiet gerettet. Eine Gemeinde im Süden Madagaskars hat sich zusammengetan, um Tausende vom Aussterben bedrohte Schildkröten zu retten, die diesen Monat aus ihrem Schutzgebiet vertrieben wurden und in den Überschwemmungen eines tropischen Wirbelsturms um ihr Leben schwammen",Thousands of endangered tortoises rescued in Madagascar after their sanctuary floods. A community in southern Madagascar has pulled together to save thousands of critically endangered tortoises that were swept away from their sanctuary and left swimming for their lives in floods this month caused by a tropical cyclone,Milia testudinum periclitatorum in Madagascaria servata post diluvia sanctuarii eorum. Communitas Madagascar meridionalis in unum se contulit ut millia testudines criticae periculosas servarent quae e sanctuario evulsae erant et natationes pro animabus suis in inundationibus hoc mense per cyclum tropicum eduxerunt.,2026-02-08 04:06:59+00:00
390e0cdeac869f72f628fba6871c9040,2025-01-24T14:26:00Z,'floods',news.sky.com,en,0.9,Thousands of endangered tortoises rescued after floods,Thousands of critically endangered tortoises in Madagascar have been rescued after they were swept away from their sanctuary and left swimming for their lives in floods.,https://news.sky.com/story/thousands-of-endangered-tortoises-rescued-from-floods-in-madagascar-after-cyclone-dikeledi-13295571,https://e3.365dm.com/25/01/1600x900/skynews-lavavolo-tortoise-madagascar_6809262.jpg?20250124133552,http://web.archive.org/web/20250124170930/https://news.sky.com/story/thousands-of-endangered-tortoises-rescued-from-floods-in-madagascar-after-cyclone-dikeledi-13295571,"Thousands of critically endangered tortoises in Madagascar have been rescued after they were swept away from their sanctuary and left swimming for their lives in floods.
The 12,000 radiated and spid… [+1707 chars]",,"Tausende gefährdete Schildkröten nach Überschwemmungen gerettet. Tausende vom Aussterben bedrohte Schildkröten in Madagaskar wurden gerettet, nachdem sie von Überschwemmungen aus ihrem Schutzgebiet gespült und um ihr Leben geschwommen wurden.",Thousands of endangered tortoises rescued after floods. Thousands of critically endangered tortoises in Madagascar have been rescued after they were swept away from their sanctuary and left swimming for their lives in floods.,Millia testudines periclitari post diluvia erepta. Milia testudinum criticorum in Madagascar liberata sunt postquam e sanctuario suo evulsa sunt et in inundationibus vitae suae natationes reliquerunt.,2026-02-08 04:06:59+00:00
28a435e60a7fec5ce8e194d0e40fa288,2025-01-25T11:00:38Z,'flooding',gizmodo.com,en,0.9,New Evidence Bolsters Theory of Megaflood That Refilled the Mediterranean Millions of Years Ago,Researchers identified geological features that point to a single massive flooding event that refilled the Mediterranean Sea 5.33 million years ago,https://gizmodo.com/new-evidence-bolsters-theory-of-ancient-megaflood-that-refilled-the-mediterranean-millions-of-years-ago-2000553581,https://gizmodo.com/app/uploads/2025/01/ridge-shaped-by-megaflood.jpg,http://web.archive.org/web/20250125212327/https://gizmodo.com/new-evidence-bolsters-theory-of-ancient-megaflood-that-refilled-the-mediterranean-millions-of-years-ago-2000553581,"Millions of years ago, the Mediterranean Sea evaporated. It may have then been refilled by the largest flooding event ever experienced on Earth.
An international team of researchers has uncovered ne… [+4095 chars]",,"Neue Erkenntnisse stützen die Theorie einer Megaflut, die das Mittelmeer vor Millionen von Jahren wieder auffüllte. Forscher identifizierten geologische Merkmale, die auf ein einziges massives Überschwemmungsereignis hinweisen, das das Mittelmeer vor 5,33 Millionen Jahren wieder füllte",New Evidence Bolsters Theory of Megaflood That Refilled the Mediterranean Millions of Years Ago. Researchers identified geological features that point to a single massive flooding event that refilled the Mediterranean Sea 5.33 million years ago,"New Evidence Bolsters Theory of Megaflood That Refilled the Mediterranean Millions of Years Ago. Investigatores notae geologicae notae sunt quae demonstrant ad unum ingens inundationem eventum, qui Mare Mediterraneum 5.33 decies annos implevit.",2026-02-08 04:06:59+00:00
ba659a44a00c21c7b1fa64f8acb5e687,2025-01-27T05:33:42Z,'flooding disruption',uk.news.yahoo.com,en,0.9,Fresh disruption as wind and rain increases flooding threat,A series of yellow weather warnings have been issued by the Met Office across large parts of England and Wales.,https://uk.news.yahoo.com/fresh-disruption-wind-rain-increases-053342946.html,https://s.yimg.com/ny/api/res/1.2/IQTF1YbuqDhaNczTjzQEsA--/YXBwaWQ9aGlnaGxhbmRlcjt3PTEyMDA7aD02NzU-/https://media.zenfs.com/en/pa_viral_news_uk_120/2c22c557537a6a72fdf7e6433866641e,http://web.archive.org/web/20250127082925/https://uk.news.yahoo.com/fresh-disruption-wind-rain-increases-053342946.html,"Stormy weather is bringing the threat of flooding and more disruption to transport across large parts of England and Wales.
A series of yellow warnings for wind and rain have been issued for large p… [+3253 chars]",,"Neue Störungen, da Wind und Regen die Überschwemmungsgefahr erhöhen. Das Met Office hat in weiten Teilen Englands und Wales eine Reihe gelber Wetterwarnungen herausgegeben.",Fresh disruption as wind and rain increases flooding threat. A series of yellow weather warnings have been issued by the Met Office across large parts of England and Wales.,Nova perturbatio sicut ventus et pluvia inundationem auget minas. Series tempestatum flavi monita a Met Office per magnas partes Angliae et Walliae edita sunt.,2026-02-08 04:06:59+00:00
a92e78d5cc1777b7a4882e0eb0adee51,2025-01-28T21:40:00Z,'flooding',www.abc.net.au,en,0.9,'Cane toad' of river systems creeps north toward Gulf of Carpentaria,Researchers are on edge at the discovery of the tilapia in the Mitchell River after post-cyclone flooding spreads the invasive pest further in Far North Queensland.,https://www.abc.net.au/news/rural/2025-01-29/tilapia-found-northern-queensland-close-to-gulf-of-carpentaria/104840916,https://live-production.wcms.abc-cdn.net.au/cd925c7a98ef2d59bf0b3c7e7084ca14?impolicy=wcms_watermark_news&cropH=560&cropW=995&xPos=5&yPos=62&width=862&height=485&imformat=generic,http://web.archive.org/web/20250128215650/https://www.abc.net.au/news/rural/2025-01-29/tilapia-found-northern-queensland-close-to-gulf-of-carpentaria/104840916,"Biosecurity efforts are ramping up in the Gulf of Carpentaria as the invasive pest tilapia weaves its way through Queensland's northern waterways, dodging eradication and putting the aquaculture indu… [+5167 chars]",,"Die „Aga-Kröte“ aus Flusssystemen kriecht nach Norden in Richtung Golf von Carpentaria. Forscher sind angesichts der Entdeckung des Tilapia im Mitchell River in Aufregung, nachdem die Überschwemmung nach dem Zyklon den invasiven Schädling im hohen Norden von Queensland weiter verbreitet hat.",'Cane toad' of river systems creeps north toward Gulf of Carpentaria. Researchers are on edge at the discovery of the tilapia in the Mitchell River after post-cyclone flooding spreads the invasive pest further in Far North Queensland.,Bufo fistulae fluvii ad septentrionem serpit ad sinum Carpentariae. Investigatores in ore sunt ad inventionem tilapia in Mitchell Flumine post cyclum inundationem pestem incursionis longius in Far North Queensland diffundit.,2026-02-08 04:06:59+00:00
b627f4437f9f3561f7c417d741e3c07b,2025-01-31T09:22:42Z,'flooding',www.insurancejournal.com,en,0.9,Australia Braces for Life-Threatening Floods as Six Storms Brew,"Six storms around Australia and its territories are expected to strengthen in the coming days, with one system likely to trigger life-threatening flooding in the nation’s north and three others with at least a moderate chance to form into tropical …",https://www.insurancejournal.com/news/international/2025/01/31/810300.htm,https://www.insurancejournal.com/app/uploads/2025/01/storm-clouds-brew-in-hobart-tasmania-australia-bloomberg-scaled.jpg,,"Six storms around Australia and its territories are expected to strengthen in the coming days, with one system likely to trigger life-threatening flooding in the nation’s north and three others with … [+2926 chars]",,"Australien bereitet sich auf lebensbedrohliche Überschwemmungen vor, da sich sechs Stürme zusammenbrauen. Es wird erwartet, dass sechs Stürme rund um Australien und seine Territorien in den kommenden Tagen stärker werden, wobei ein System wahrscheinlich lebensbedrohliche Überschwemmungen im Norden des Landes auslösen wird und drei weitere mit zumindest mäßiger Wahrscheinlichkeit, sich zu tropischen … zu entwickeln …","Australia Braces for Life-Threatening Floods as Six Storms Brew. Six storms around Australia and its territories are expected to strengthen in the coming days, with one system likely to trigger life-threatening flooding in the nation’s north and three others with at least a moderate chance to form into tropical …","Australia Braces pro Vita minaces Diluvium ut Sex Tempestates Brew. Sex procellae circa Australiam et eius territoria in adventus dies confirmandae exspectantur, cum una systema verisimile felis vitae minas inundationis in septentrione nationis et tribus aliis cum aliqua saltem modica occasione formandi in tropica ...",2026-02-08 04:06:59+00:00
023a56ce22ea90e756786a05c46f0e49,2025-01-31T19:25:58Z,'flooding rain',www.abc.net.au,en,0.9,Heatwave and 'potentially life-threatening flooding' forecast this weekend,"""Baking heat"" is set to spread into Australia's south-east this weekend, while north Queensland can expect intense rainfall.",https://www.abc.net.au/news/2025-02-01/heatwave-flooding-forecast-australia/104876066,https://live-production.wcms.abc-cdn.net.au/51752d862affde075d3c4e785bdf4deb?impolicy=wcms_watermark_news&cropH=540&cropW=960&xPos=0&yPos=107&width=862&height=485&imformat=generic,http://web.archive.org/web/20250131221038/https://www.abc.net.au/news/2025-02-01/heatwave-flooding-forecast-australia/104876066,"""Baking heat"" from Western Australia's north is forecast to spread into south-eastern Australia this weekend, with ""severe"" heatwave warnings in place across several major capitals. 
Meanwhile, nort… [+7658 chars]",,"Für dieses Wochenende werden Hitzewelle und „potenziell lebensbedrohliche Überschwemmungen“ prognostiziert. „Backende Hitze“ wird sich an diesem Wochenende im Südosten Australiens ausbreiten, während Nord-Queensland mit heftigen Regenfällen rechnen muss.","Heatwave and 'potentially life-threatening flooding' forecast this weekend. ""Baking heat"" is set to spread into Australia's south-east this weekend, while north Queensland can expect intense rainfall.","Heatwave et 'potentia minaces inundationis vitae' volutpat vestibulum id praenuntiant. ""Calorem coquere"" positum est ut hoc weekend in meridiem-orientale Australiae divulgetur, cum Reginae septentrionalis pluviam vehementem exspectare potest.",2026-02-08 04:06:59+00:00
b43f86880e29abe151b717f37662923c,2025-01-27T18:26:34Z,veryUnusualAndNeverUsedKeyword,www.voanews.com,en,0.3,Flood victims rescued by boat as Storm Herminia hits northern France,"RENNES, FRANCE — Residents in western France used boats to escape their flooded homes Monday as rivers and waterways broke their banks after successive storms battered Normandy and Brittany.


The national weather service had issued flood and wind warnings as…",https://www.voanews.com/a/flood-victims-rescued-by-boat-as-storm-herminia-hits-northern-france-/7951953.html,https://gdb.voanews.com/2983D0C1-3945-44D3-A537-5631AC380F12.jpg,http://web.archive.org/web/20250127220851/https://www.voanews.com/a/flood-victims-rescued-by-boat-as-storm-herminia-hits-northern-france-/7951953.html,"RENNES, FRANCE  Residents in western France used boats to escape their flooded homes Monday as rivers and waterways broke their banks after successive storms battered Normandy and Brittany.
The nati… [+972 chars]",,"Überschwemmungsopfer wurden per Boot gerettet, als Sturm Herminia Nordfrankreich traf. RENNES, FRANKREICH – Bewohner im Westen Frankreichs nutzten am Montag Boote, um aus ihren überschwemmten Häusern zu fliehen, als Flüsse und Wasserstraßen über die Ufer traten, nachdem aufeinanderfolgende Stürme die Normandie und die Bretagne heimgesucht hatten.


Der nationale Wetterdienst hatte Hochwasser- und Windwarnungen herausgegeben, da…","Flood victims rescued by boat as Storm Herminia hits northern France. RENNES, FRANCE — Residents in western France used boats to escape their flooded homes Monday as rivers and waterways broke their banks after successive storms battered Normandy and Brittany.


The national weather service had issued flood and wind warnings as…","Diluvium victimae navi servatae sicut Tempestas Herminia Galliam septentrionalem pervenit. RENNES, FRANC -  Residentes in Gallia occidentali navigiis inundatis domos suas effugiunt Lunae sicut flumina et fluminum ripas suas ruperunt post continuos tempestates quassatae sunt Normanniam et Britanniam.


Ministerium tempestatum nationalis inundationem et ventum admonitiones sicut…",2026-02-10 13:48:34+00:00
