index,published,keyword,domain,language,valid,title,description,url,image,archive,content,quote,de,en,la,added
dd9549f477be21e19d4432e34b245aac,2025-08-01T01:40:35Z,'flooding',www.abc.net.au,en,0.0,Survey finds confusion over evacuation zones in flood emergency,A report finds one-third of respondents in a north Queensland survey were unprepared for flooding emergencies earlier this year.,https://www.abc.net.au/news/2025-08-01/one-third-townsville-residents-unprepared-for-flood/105586194,https://live-production.wcms.abc-cdn.net.au/c4bf8dbc40f0fc2fca73af5702ccf561?impolicy=wcms_watermark_news&cropH=2809&cropW=4993&xPos=7&yPos=158&width=862&height=485&imformat=generic,,"Research has revealed that about one-third of people were unprepared for north Queensland's most recent flooding disaster.
The data from James Cook University's (JCU) Centre for Disaster Studies als… [+3733 chars]",,Umfrage ergibt Verwirrung über Evakuierungszonen im Hochwassernotfall. Einem Bericht zufolge war ein Drittel der Befragten einer Umfrage im Norden von Queensland Anfang des Jahres nicht auf Überschwemmungskatastrophen vorbereitet.,Survey finds confusion over evacuation zones in flood emergency. A report finds one-third of respondents in a north Queensland survey were unprepared for flooding emergencies earlier this year.,Circumspectio invenit confusionem super zonas evacuationis in subitis diluvii. Renuntiatio conventi tertiam partem in Queensland septentrionali circumspectis praeparavit ante hoc anno ad inundationes casus inparatos.,2026-01-07 21:55:04+00:00
50bc23f356f68b8be7b1ed937fd90bfa,2025-08-01T01:52:49Z,'flooding',nep123.com,en,0.0, Nepal’s Weather WARNING: Heavy Rain & Flooding Threatens! ️ Stay SAFE! ⚠️,"Nepal Weather Update: Heavy Rainfall Alert and Flood Risk! Hello Nepal! Get ready for some significant weather changes across the country. This weather blog brings you the latest weather forecast from the Department of Hydrology and Meteorology, Nepal. Stay i…",https://nep123.com/nepals-weather-warning-heavy-rain-flooding-threatens-stay-safe/,https://nep123.com/wp-content/uploads/2025/07/city_road_ghanta.jpg,,"Hello Nepal! Get ready for some significant weather changes across the country. This weather blog brings you the latest weather forecast from the Department of Hydrology and Meteorology, Nepal. Stay … [+2014 chars]",,"Nepals Wetterwarnung: Starker Regen und Überschwemmungen drohen! ️ Bleiben Sie SICHER! ⚠️. Wetter-Update für Nepal: Starkregenwarnung und Überschwemmungsgefahr! Hallo Nepal! Machen Sie sich auf erhebliche Wetterveränderungen im ganzen Land gefasst. Dieser Wetterblog bietet Ihnen die neuesten Wettervorhersagen des Ministeriums für Hydrologie und Meteorologie, Nepal. Bleib ich..."," Nepal’s Weather WARNING: Heavy Rain & Flooding Threatens! ️ Stay SAFE! ⚠️. Nepal Weather Update: Heavy Rainfall Alert and Flood Risk! Hello Nepal! Get ready for some significant weather changes across the country. This weather blog brings you the latest weather forecast from the Department of Hydrology and Meteorology, Nepal. Stay i…","Tempestas Nepalis MONITUM: Pluviae graves & inundationes minantur! Securus mane! ⚠️. Nepal Tempestas Update: Gravis Pluviae erecti et Diluvii Risk! Salve Nepal! Junge aliquas mutationes tempestatum significantes per patriam. Tempestas haec blog te nuntiat novissimam tempestatem praenuntiationem ex Department of Hydrologiae et Meteorologico, Nepal. Manete i…",2026-01-07 21:55:04+00:00
8486640b75c4f30af75155102c8fc2e2,2025-08-01T05:00:42Z,'floods',www.insurancejournal.com,en,0.0,"As the Floods Hit, Kerrville Officials’ Messages Show Lack of Information About What Was Coming","As the floods hit, Kerrville officials’ messages show lack of information about what was coming” was first published by The Texas Tribune, a nonprofit, nonpartisan media organization that informs Texans — and engages with them — about public policy, politics,…",https://www.insurancejournal.com/news/southcentral/2025/08/01/833986.htm,https://www.insurancejournal.com/app/uploads/2025/07/kerville-flood-texas-july-2025-texas-tribune.jpg,,"As the floods hit, Kerrville officials’ messages show lack of information about what was coming” was first published by The Texas Tribune, a nonprofit, nonpartisan media organization that informs Tex… [+13495 chars]",,"Als die Überschwemmungen ausbrachen, zeigten die Nachrichten der Beamten von Kerrville, dass es an Informationen über die bevorstehenden Ereignisse mangelte. „Als die Überschwemmungen ausbrachen, zeigen die Botschaften der Beamten von Kerrville, dass es an Informationen darüber mangelt, was auf uns zukommt.“","As the Floods Hit, Kerrville Officials’ Messages Show Lack of Information About What Was Coming. As the floods hit, Kerrville officials’ messages show lack of information about what was coming” was first published by The Texas Tribune, a nonprofit, nonpartisan media organization that informs Texans — and engages with them — about public policy, politics,…","Sicut flumina Hit, Kerrville Officiales Messages Show Defectum Information About What was coming. Sicut inundationes hit, Kerrville nuntii nuntiantes defectum informationis de adventu suo monstrant"", primum editum est a Tribuno Texas, instrumentorum communicationis non lucri, qui Texans informat — et cum illis versatur de re publica, de re publica,…",2026-01-07 21:55:04+00:00
ef726d01b36d7912ba6fdd18d1bf4adc,2025-08-01T06:14:41Z,'flooding rain',www.yahoo.com,en,0.0,"Flooding leaves 14 dead, missing in Vietnam's Dien Bien","HANOI (Reuters) -Flooding triggered by heavy rain has left at least 14 people dead or missing in Vietnam's northern province of Dien Bien, state media...",https://www.yahoo.com/news/articles/flooding-leaves-14-dead-missing-061441427.html,https://s.yimg.com/cv/apiv2/social/images/yahoo_default_logo-1200x1200.png,https://web.archive.org/web/20250801063548/https://www.yahoo.com/news/articles/flooding-leaves-14-dead-missing-061441427.html,"HANOI (Reuters) -Flooding triggered by heavy rain has left at least 14 people dead or missing in Vietnam's northern province of Dien Bien, state media reported on Friday.
Floodwater rose quickly on … [+745 chars]",,"Bei Überschwemmungen kommen im vietnamesischen Dien Bien 14 Menschen ums Leben und werden vermisst. HANOI (Reuters) – Durch starke Regenfälle ausgelöste Überschwemmungen haben in der nördlichen Provinz Dien Bien Vietnams mindestens 14 Menschen getötet oder vermisst, berichten staatliche Medien...","Flooding leaves 14 dead, missing in Vietnam's Dien Bien. HANOI (Reuters) -Flooding triggered by heavy rain has left at least 14 people dead or missing in Vietnam's northern province of Dien Bien, state media...","Inundatio folia 14 mortua, deest in Vietnam's Dien Bien. HANOI (Reuters) -Flooding pluvia gravi Urguet saltem quattuordecim homines mortuos vel absentes in provincia septentrionali Vietnamensis Dien Bien, publica media...",2026-01-07 21:55:04+00:00
3d8e794bc0e7d24c3d7a6af22caee409,2025-08-01T06:18:00Z,'flooding rain',www.thestar.com.my,en,0.0,"Flooding leaves 14 dead, missing in Vietnam's Dien Bien","HANOI (Reuters) -Flooding triggered by heavy rain has left at least 14 people dead or missing in Vietnam's northern province of Dien Bien, state media reported on Friday. Read full story",https://www.thestar.com.my/news/world/2025/08/01/flooding-leaves-14-dead-missing-in-vietnam039s-dien-bien,https://cdn.thestar.com.my/Themes/img/newTsol_logo_socmedia.png,,"HANOI (Reuters) -Flooding triggered by heavy rain has left at least 14 people dead or missing in Vietnam's northern province of Dien Bien, state media reported on Friday.
Floodwater rose quickly on … [+749 chars]",,"Bei Überschwemmungen kommen im vietnamesischen Dien Bien 14 Menschen ums Leben und werden vermisst. HANOI (Reuters) – Durch starke Regenfälle ausgelöste Überschwemmungen haben in Vietnams nördlicher Provinz Dien Bien mindestens 14 Menschen getötet oder werden vermisst, berichteten staatliche Medien am Freitag. Lesen Sie die ganze Geschichte","Flooding leaves 14 dead, missing in Vietnam's Dien Bien. HANOI (Reuters) -Flooding triggered by heavy rain has left at least 14 people dead or missing in Vietnam's northern province of Dien Bien, state media reported on Friday. Read full story","Inundatio folia 14 mortua, deest in Vietnam's Dien Bien. HANOI (Reuters) - Flooding gravibus pluvia utitur, saltem quattuordecim homines mortuos vel absentes in provincia Dien Bien septentrionali in Vietnam, publica media die Veneris relata sunt. Read full story",2026-01-07 21:55:04+00:00
ec3c795cf0317831c38eceb2bf015065,2025-08-01T08:15:00Z,'flooding evacuation',grist.org,en,0.0,"Floods, fires and false confidence: America’s disaster problem is personal",A nationwide survey find that your readiness for the next flood or fire depends more on who you are than where you live.,https://grist.org/extreme-weather/floods-fires-and-false-confidence-americas-disaster-problem-is-personal/,https://grist.org/wp-content/uploads/2025/08/disaster-preparedness-survey-age-gender-politics-flood-fire-hurricane.jpeg?quality=75&strip=all,,"Many Americans remain dangerously unprepared for floods, fires, and other natural catastrophes, and their level of readiness is strongly shaped by factors like age, gender, employment status, and pas… [+5300 chars]",,"Überschwemmungen, Brände und falsches Vertrauen: Amerikas Katastrophenproblem ist persönlich. Eine landesweite Umfrage ergab, dass Ihre Bereitschaft für die nächste Überschwemmung oder den nächsten Brand mehr davon abhängt, wer Sie sind, als davon, wo Sie leben.","Floods, fires and false confidence: America’s disaster problem is personal. A nationwide survey find that your readiness for the next flood or fire depends more on who you are than where you live.","Flumina, incendia, falsa fiducia: Difficultas Americae personalis est. Circumspectio nationalis invenio promptum tuum ad diluvium proximumve ignem magis pendere ab eo qui sis quam ubi vivis.",2026-01-07 21:55:04+00:00
a38b55169535a46ca70a596fb4c552c0,2025-08-01T08:30:00Z,'floods',grist.org,en,0.0,Texas lawmakers grill Kerr County officials as flood recovery plods on,Local officials in Texas emphasized the need for river gauges and real-time rainfall monitoring to better predict flash floods.,https://grist.org/extreme-weather/texas-lawmakers-kerr-county-hearing-flood-recovery-fema/,https://grist.org/wp-content/uploads/2025/07/GettyImages-2223267116-e1754003081647.jpg?quality=75&strip=all,,"On Thursday, for the first time since flash floods along the Guadalupe River killed at least 138 people and left thousands of homes and buildings in ruins, Texas lawmakers questioned local emergency … [+6232 chars]",,"Texas-Gesetzgeber stellen die Beamten des Kerr County unter Druck, während die Wiederherstellung nach Überschwemmungen voranschreitet. Lokale Beamte in Texas betonten die Notwendigkeit von Flusspegeln und Echtzeit-Überwachung der Niederschläge, um Sturzfluten besser vorhersagen zu können.",Texas lawmakers grill Kerr County officials as flood recovery plods on. Local officials in Texas emphasized the need for river gauges and real-time rainfall monitoring to better predict flash floods.,Legumlatorum Texas grill Kerr ministri comitatus ut inundatio plostra recuperationis oppressit. Magistratus locales in Texas extulerunt necessitatem gauges fluvii et verus-tempus pluviae magnae ut melius praedicunt flumina micare.,2026-01-07 21:55:04+00:00
67735a19b4c20b37393822bd14f36f94,2025-08-01T08:52:48Z,'flooding rain',www.huffpost.com,en,0.0,Heavy Rain Pummels The East Coast And Sparks Isolated Flash Flooding,"Storms are lashing the East Coast from Virginia to Connecticut, flooding roadways and delaying flights from Boston to Washington, D.C.",https://www.huffpost.com/entry/east-coast-storms_n_688c7edce4b00290061c36bc,https://img.huffingtonpost.com/asset/688c7fa3170000b3212a0d65.jpeg?cache=R4pmQyAbvC&ops=1200_630,,"Strong rain storms lashed the East Coast Thursday, delaying flights throughout the region and prompting emergency rescues of motorists trapped in deep water on busy highways from the Philadelphia are… [+4575 chars]",,"Heftiger Regen erschüttert die Ostküste und löst vereinzelte Sturzfluten aus. Stürme peitschen an der Ostküste von Virginia bis Connecticut, überschwemmen Straßen und verzögern Flüge von Boston nach Washington, D.C.","Heavy Rain Pummels The East Coast And Sparks Isolated Flash Flooding. Storms are lashing the East Coast from Virginia to Connecticut, flooding roadways and delaying flights from Boston to Washington, D.C.","Pluviae Pummels in Orientem oram et scintillae solitaria Flash inundatio. Tempestates verberant oram orientalem a Virginia ad Connecticut, vias inundantes et volatus morantes a Boston usque ad Washington, D.C.",2026-01-07 21:55:04+00:00
0994ae424ecdb2c7346b788a55d36b87,2025-08-01T09:16:20Z,'floods',www.globalsecurity.org,en,0.0,"In Myanmar, conflict and floods collide as UN warns of deepening crisis","As Myanmar reels from deadly floods, renewed fighting and widespread displacement, the United Nations warned on Thursday that urgent humanitarian needs are going unmet due to escalating violence and blocked access.",https://www.globalsecurity.org/wmd/library/news/myanmar/2025/myanmar-250731-unnews01.htm,,,"By Vibhu Mishra31 July 2025 - As Myanmar reels from deadly floods, renewed fighting and widespread displacement, the United Nations warned on Thursday that urgent humanitarian needs are going unmet d… [+4411 chars]",,"In Myanmar kommt es zu Konflikten und Überschwemmungen, während die UN vor einer Verschärfung der Krise warnt. Während Myanmar unter tödlichen Überschwemmungen, erneuten Kämpfen und weit verbreiteten Vertreibungen leidet, warnten die Vereinten Nationen am Donnerstag, dass dringende humanitäre Bedürfnisse aufgrund der eskalierenden Gewalt und blockierten Zugangs nicht gedeckt werden.","In Myanmar, conflict and floods collide as UN warns of deepening crisis. As Myanmar reels from deadly floods, renewed fighting and widespread displacement, the United Nations warned on Thursday that urgent humanitarian needs are going unmet due to escalating violence and blocked access.","In Myanmar, conflictus et inundationes colliduntur ut IR discrimen altioris monet. Cum Myanmar ab inundationibus mortiferis agitatur, pugnam renovatam et obsessionem late divulgatam, Nationes Unitae die Iovis monuerunt necessitates humanitarias urgentes necessitates humanae obvenire propter vim escalatandi et accessum impedientem.",2026-01-07 21:55:04+00:00
1e36216bf3afb042dd78643584dc3218,2025-08-01T09:59:00Z,'flooding',crooksandliars.com,en,0.0,Guess Why Kerr County TX Is Still A Mess After Flash Flooding,"There was a hearing yesterday in Kerr County, Texas as desperate residents demanded to know where the help was after the devastating floods. Via the New York Times:
As soon as the raging waters receded on July 4 in Central Texas, Mike Richards led a group of …",https://crooksandliars.com/2025/07/why-kerry-county-tx-still-mess-after-flash,https://crooksandliars.com/files/embeds/2025/07/66552.jpg,,"There was a hearing yesterday in Kerr County, Texas as desperate residents demanded to know where the help was after the devastating floods. Via the New York Times:
As soon as the raging waters rece… [+2776 chars]",,"Ratet mal, warum Kerr County, Texas, nach Sturzfluten immer noch ein Chaos ist. Gestern gab es in Kerr County, Texas, eine Anhörung, als verzweifelte Bewohner nach den verheerenden Überschwemmungen wissen wollten, wo Hilfe sei. Über die New York Times:
Sobald das tosende Wasser am 4. Juli in Zentral-Texas zurückging, führte Mike Richards eine Gruppe von …","Guess Why Kerr County TX Is Still A Mess After Flash Flooding. There was a hearing yesterday in Kerr County, Texas as desperate residents demanded to know where the help was after the devastating floods. Via the New York Times:
As soon as the raging waters receded on July 4 in Central Texas, Mike Richards led a group of …","Guess Why Kerr County TX is still A Mes After Flash Flooding. Heri auditio fuit in comitatu Kerr, Texas habitantibus desperatis postulavit ut sciret ubi auxilium esset post diluvia vastata. Via Novi Eboraci:
Cum primum aquae saevientes in Texas Centralis IV Kalendas Augusti recesserunt, Mike Richards catervam duxit ...",2026-01-07 21:55:04+00:00
ede8990391cc69b8ef1faf06b67e0948,2025-08-01T11:03:29Z,'flooding',www.mediafax.ro,en,0.0,Former presidential candidate Călin Georgescu engaged with the crowds on Friday in Broșteni,"Mediafax
Former presidential candidate Călin Georgescu engaged with the crowds on Friday in Broșteni, a town in Suceava County, which has been severely impacted by flooding.
Articolul Former presidential candidate Călin Georgescu engaged with the crowds on Fr…",https://www.mediafax.ro/english/former-presidential-candidate-calin-georgescu-engaged-with-the-crowds-on-friday-in-brosteni-23589544,https://www.mediafax.ro//wp-content/uploads/2025/08/calin-georgescu-brosteni-3-scaled.jpg,,"There are hundreds of us here, and our unity demonstrates that we are a strong and courageous people. Thank you all! I am sorry for what has happened here. We stand in solidarity with our brothers an… [+492 chars]",,"Der ehemalige Präsidentschaftskandidat Călin Georgescu engagierte sich am Freitag in Broșteni für die Menschenmenge. Medienfax
Der ehemalige Präsidentschaftskandidat Călin Georgescu engagierte sich am Freitag in Broșteni, einer Stadt im Kreis Suceava, die stark von Überschwemmungen betroffen war, mit den Menschenmengen.
Artikel Der ehemalige Präsidentschaftskandidat Călin Georgescu engagierte sich am Freitag mit der Menge…","Former presidential candidate Călin Georgescu engaged with the crowds on Friday in Broșteni. Mediafax
Former presidential candidate Călin Georgescu engaged with the crowds on Friday in Broșteni, a town in Suceava County, which has been severely impacted by flooding.
Articolul Former presidential candidate Călin Georgescu engaged with the crowds on Fr…","Prior candidatus praesidentialis Calin Georgescu cum turbis die Veneris in Broșteni versatus est. Mediafax
Praeses candidatus praesidentialis Calin Georgescu congressus est cum frequentiis die Veneris in Broșteni, oppido in Comitatu Suceava, quod in inundatione graviter impactus est.
Articolul Former candidatus praesidentialis Calin Georgescu cum turbis congressus est in Fr.",2026-01-07 21:55:04+00:00
d5230f826115df14f6f15169e864c8ab,2025-08-01T11:58:23Z,'floods',en.antaranews.com,en,0.0,"Floods, winds hit 3 provinces amid dry season, BNPB warns of anomaly","The National Disaster Mitigation Agency (BNPB) stated that recent floods and strong winds in the provinces of Bengkulu, South Sumatra, and Central ...",https://en.antaranews.com/news/370525/floods-winds-hit-3-provinces-amid-dry-season-bnpb-warns-of-anomaly,https://cdn.antaranews.com/cache/1200x800/2025/08/01/IMG-20240513-WA0005.jpg,,"Jakarta (ANTARA) - The National Disaster Mitigation Agency (BNPB) stated that recent floods and strong winds in the provinces of Bengkulu, South Sumatra, and Central Java—occurring during the peak of… [+1898 chars]",,"Überschwemmungen und Winde treffen in der Trockenzeit auf drei Provinzen, BNPB warnt vor Anomalie. Die National Disaster Mitigation Agency (BNPB) gab an, dass die jüngsten Überschwemmungen und starken Winde in den Provinzen Bengkulu, Süd-Sumatra und Zentral-Sumatra ...","Floods, winds hit 3 provinces amid dry season, BNPB warns of anomaly. The National Disaster Mitigation Agency (BNPB) stated that recent floods and strong winds in the provinces of Bengkulu, South Sumatra, and Central ...","Flumina, venti, 3 provincias inter siccitatem, BNPB monet anomalia. Procuratio calamitatis nationalis Mitigationis (BNPB) affirmavit recentes diluvia et ventos validos in provinciis Bengkulu, Meridionalis Sumatra et Centralis ...",2026-01-07 21:55:04+00:00
2f1fa8931f64cb83cccb32d524457ee7,2025-08-01T13:15:13Z,'flooding',www.nbcnews.com,en,0.0,Dramatic videos show NYC subways and train stations flooding in torrential downpour,"Storms and torrential rain soaked the tristate area on Thursday, triggering dangerous flash flooding that inundated basements, roads and New York City’s lifeline: the subway",https://www.nbcnews.com/weather/floods/dramatic-videos-show-nyc-subways-train-stations-flooding-torrential-do-rcna222435,"https://media-cldnry.s-nbcnews.com/image/upload/t_nbcnews-fp-1200-630,f_auto,q_auto:best/rockcms/2025-08/250801-new-york-city-subway-flooding-mn-0855-8f116b.jpg",,"Storms and torrential rain soaked the tristate area on Thursday, triggering dangerous flash flooding that inundated basements, roads and New York Citys lifeline: the subway.
The regular commute home… [+2647 chars]",,"Dramatische Videos zeigen, wie New Yorker U-Bahnen und Bahnhöfe bei sintflutartigen Regenfällen überschwemmt werden. Stürme und sintflutartige Regenfälle überschwemmten am Donnerstag das Tristate-Gebiet und lösten gefährliche Sturzfluten aus, die Keller, Straßen und die Lebensader von New York City, die U-Bahn, überschwemmten","Dramatic videos show NYC subways and train stations flooding in torrential downpour. Storms and torrential rain soaked the tristate area on Thursday, triggering dangerous flash flooding that inundated basements, roads and New York City’s lifeline: the subway","Dramatic videos monstrant NYC subways et stationes trains inundantes in torrente imbre. Tempestates et pluviae torrentes aream tristate die Iovis maceraverunt, excitato periculoso mico inundatione basium inundatarum, viarum et in vitali Novi Eboraci: subway",2026-01-07 21:55:04+00:00
09ff35303afe58212a213f75dc2383fd,2025-08-01T13:18:00Z,'floods',www.cbsnews.com,en,0.0,"Dangerous weather, flash floods slam the Northeast",Heavy flooding is being blamed for at least one death in the Northeast after heavy rains slammed the region. CBS News' Nikki Battiste reports.,https://www.cbsnews.com/video/dangerous-weather-flash-floods-slam-the-northeast/,https://assets1.cbsnewsstatic.com/hub/i/r/2025/08/01/57222da6-245d-4d1f-89b2-4ebd0002e50e/thumbnail/1200x630/5780d4b1f56b52a035798e2969e34bb7/cbsn-fusion-dangerous-weather-flash-floods-slam-the-northeast-thumbnail.jpg,,Copyright ©2025 CBS Interactive Inc. All rights reserved.,,"Gefährliches Wetter, Sturzfluten verwüsten den Nordosten. Schwere Überschwemmungen werden für mindestens einen Todesfall im Nordosten verantwortlich gemacht, nachdem heftige Regenfälle die Region heimgesucht hatten. Nikki Battiste von CBS News berichtet.","Dangerous weather, flash floods slam the Northeast. Heavy flooding is being blamed for at least one death in the Northeast after heavy rains slammed the region. CBS News' Nikki Battiste reports.","Tempestas periculosa, micare flumina adflixit Orientem. Gravis inundatio reprehenditur quod saltem una mors in regione septentrionali post graves imbres impulit. CBS News' Nikki Battiste refert.",2026-01-07 21:55:04+00:00
8f2cee55541ff1debc0acdf4c3c34238,2025-08-01T13:32:00Z,'flooding rain',gothamist.com,en,0.0,"3-5 in. of rain fell in parts of NYC area, no major damage; alt side parking suspended","Workers clean up a storm drain on the Cross Island Parkway in Queens on July 31, 2025.
 

Crews were working to clean up some roads Friday morning after largely localized flooding. [ more › ]",https://gothamist.com/news/3-5-inches-of-rain-fell-in-parts-of-nyc-area-but-no-major-damage-reported,https://api-prod.gothamist.com/images/352666/fill-1200x650|format-webp|webpquality-85/,http://archive.md/20250801151652/https://gothamist.com/news/3-5-inches-of-rain-fell-in-parts-of-nyc-area-but-no-major-damage-reported,"Thursdays storm was wet but not quite as wild as forecasters predicted and officials feared.
While states of emergency were declared in New York and New Jersey and residents were urged to stay home,… [+2124 chars]",,"In Teilen des New Yorker Gebiets fielen 3 bis 5 Zoll Regen, keine größeren Schäden; Parken auf der Altseite gesperrt. Arbeiter säubern am 31. Juli 2025 einen Regenwasserabfluss am Cross Island Parkway in Queens.
 

Am Freitagmorgen waren die Einsatzkräfte damit beschäftigt, einige Straßen zu säubern, nachdem es größtenteils lokal zu Überschwemmungen gekommen war. [ mehr > ]","3-5 in. of rain fell in parts of NYC area, no major damage; alt side parking suspended. Workers clean up a storm drain on the Cross Island Parkway in Queens on July 31, 2025.
 

Crews were working to clean up some roads Friday morning after largely localized flooding. [ more › ]","3-5 in pluviis in partibus NYC area, nullum majus damnum; alt, parte raedis suspensis. Operarii tempestatem purgant exhaurire in Cross Island Parkway in Reginis die 31 Iulii 2025 .
 

Nautae nautae quaedam itinera Veneris mane purgare laborabant postquam inundationem late locatam sunt. [ magis ]",2026-01-07 21:55:04+00:00
d08c65838d53ca7dbebc76f52ff25d6e,2025-08-01T13:56:59Z,'flooding',insidethemagic.net,en,0.0,Walt Disney World Parks Deemed ‘Not the Safest’ and Here’s Why,"Walt Disney World guests are scrambling to figure out alternative vacation plans as the weather in Central Florida transforms into a soup of heat exhaustion, flooding, and sickness. Walt Disney World Parks Deemed ‘Not the Safest’ During Intense Weather It sta…",https://insidethemagic.net/2025/08/walt-disney-world-advisory-weather-2025-emd1/,https://insidethemagic.net/wp-content/uploads/2024/08/disney-world-heat-wave.jpg,,"Walt Disney World guests are scrambling to figure out alternative vacation plans as the weather in Central Florida transforms into a soup of heat exhaustion, flooding, and sickness.
Credit: 0soulis0… [+3813 chars]",,"Walt Disney World Parks gelten als „nicht die sichersten“ und hier ist der Grund dafür. Während sich das Wetter in Zentralflorida in eine Suppe aus Hitzeerschöpfung, Überschwemmungen und Krankheit verwandelt, suchen die Gäste von Walt Disney World nach alternativen Urlaubsplänen. Walt Disney World Parks gelten bei starkem Wetter als „nicht die sichersten“ Es bleibt …","Walt Disney World Parks Deemed ‘Not the Safest’ and Here’s Why. Walt Disney World guests are scrambling to figure out alternative vacation plans as the weather in Central Florida transforms into a soup of heat exhaustion, flooding, and sickness. Walt Disney World Parks Deemed ‘Not the Safest’ During Intense Weather It sta…","Walt Disney World Parks Deemed 'Non tutissimi' et hic Cur. Convivae Walt Disney ruentes sunt ad instar vacationum alternativarum rerum, sicut tempestas in Central Florida transformat in pulmentum defatigationis, inundationis, et aegritudinis. Walt Disney Ortus Mundi habetur 'non tutissimus' Per intensam Tempestatem It sta…",2026-01-07 21:55:04+00:00
85eb8592ea4a70a14875b1925a9a89b1,2025-08-01T14:06:55Z,'flooding area',abcnews.go.com,en,0.0,"Boy, 13, dies after getting trapped in a storm drain during East Coast flooding",Officials in Maryland say a 13-year-old boy died after getting trapped in a storm drain during heavy rainfall and flooding on the East Coast,https://abcnews.go.com/US/wireStory/boy-13-dies-after-trapped-storm-drain-east-124277852,https://i.abcnewsfe.com/a/1b40f26c-d8ad-4e80-953d-d06a4bdc603f/wirestory_3e914afbddecc3de1a77335189d28e9c_16x9.jpg?w=1600,,"MOUNT AIRY, Md. -- A 13-year-old boy died after he was trapped in a storm drain in Maryland during heavy rainfall and flooding on the East Coast, officials said.
Kids were playing in the rain Thursd… [+2399 chars]",,"Ein 13-jähriger Junge stirbt, nachdem er während einer Überschwemmung an der Ostküste in einem Abflussrohr gefangen war. Beamte in Maryland sagen, ein 13-jähriger Junge sei gestorben, nachdem er bei starken Regenfällen und Überschwemmungen an der Ostküste in einem Abflussrohr gefangen war","Boy, 13, dies after getting trapped in a storm drain during East Coast flooding. Officials in Maryland say a 13-year-old boy died after getting trapped in a storm drain during heavy rainfall and flooding on the East Coast",Puer XIII decedit postquam deprehensus est in tempestate detrito in Oriente Coast inundatione. Magistratus in Maryland dicunt puer XIII annos natus postquam haesitavit in tempestate exhaurire in gravibus pluviis et inundatione in Orientem oram,2026-01-07 21:55:04+00:00
a408f9ecd55b3e2c959704fa0f3a2578,2025-08-01T14:11:49Z,'flooding rain',economictimes.indiatimes.com,en,0.0,"‘Swimming pool promise fulfilled’: Rain floods basements of Greater Noida West societies, videos go viral","Heavy rainfall on July 30th caused severe waterlogging in Greater Noida West, flooding basements and exposing drainage flaws. Viral videos showed submerged basements in societies like Shri Radha Sky Gardens. The IMD recorded 37mm of rainfall, triggering road …",https://economictimes.indiatimes.com/news/new-updates/swimming-pool-promise-fulfilled-rain-floods-basements-of-greater-noida-west-societies-videos-go-viral/articleshow/123045936.cms,"https://img.etimg.com/thumb/msid-123045970,width-1200,height-630,imgsize-30130,overlay-economictimes/articleshow.jpg",,"Several housing societies in Greater Noida West (Noida Extension) faced severe waterlogging on July 30, as heavy rainfall flooded basements and exposed critical flaws in the regions drainage infrastr… [+1904 chars]",,"„Schwimmbadversprechen erfüllt“: Regen überschwemmt Keller von Gemeinden im Großraum Noida West, Videos gehen viral. Starke Regenfälle am 30. Juli verursachten starke Staunässe im Großraum Noida West, überschwemmten Keller und legten Entwässerungsmängel offen. Virale Videos zeigten überflutete Keller in Gesellschaften wie Shri Radha Sky Gardens. Das IMD verzeichnete 37 mm Niederschlag, was zu Straßenschäden führte …","‘Swimming pool promise fulfilled’: Rain floods basements of Greater Noida West societies, videos go viral. Heavy rainfall on July 30th caused severe waterlogging in Greater Noida West, flooding basements and exposing drainage flaws. Viral videos showed submerged basements in societies like Shri Radha Sky Gardens. The IMD recorded 37mm of rainfall, triggering road …","'Porta promissio impleta': inundationes inundationes bases Maioris Noidarum Occidentalium societatum, videos virales eunt. Gravis pluviae die 30 mensis Iulii anno graves umores in Maiori Noida Occidente effecit, fundamenta inundans et labefactationem vitia patefaciens. Virales videos monstraverunt fundamenta in societatibus demersae sicut Shri Radha Sky Hortus. IMD memoriae 37mm pluviae, CT via ...",2026-01-07 21:55:04+00:00
4e7b29893009c69584146f9e139cd222,2025-08-01T14:42:00Z,'flooding area',www.pbs.org,en,0.0,"Boy, 13, dies after getting trapped in a storm drain during East Coast flooding","Kids were playing in the rain Thursday in a common area between apartment buildings near Baltimore. But then, floodwaters rushed in.",https://www.pbs.org/newshour/nation/boy-13-dies-after-getting-trapped-in-a-storm-drain-during-east-coast-flooding,https://d3i6fh83elv35t.cloudfront.net/static/2025/08/GettyImages-2227217363-1024x683.jpg,,"MOUNT AIRY, Md. (AP) A 13-year-old boy died after he was trapped in a storm drain in Maryland during heavy rainfall and flooding on the East Coast, officials said.
Kids were playing in the rain Thur… [+2481 chars]",,"Ein 13-jähriger Junge stirbt, nachdem er während einer Überschwemmung an der Ostküste in einem Abflussrohr gefangen war. Kinder spielten am Donnerstag im Regen in einem Gemeinschaftsbereich zwischen Wohnhäusern in der Nähe von Baltimore. Doch dann strömten die Fluten herein.","Boy, 13, dies after getting trapped in a storm drain during East Coast flooding. Kids were playing in the rain Thursday in a common area between apartment buildings near Baltimore. But then, floodwaters rushed in.",Puer XIII decedit postquam deprehensus est in tempestate detrito in Oriente Coast inundatione. Haedi in pluvia Iovis in communi area inter aedificia apartment prope Baltimore ludebant. Tum vero aquae diluvii irruerunt.,2026-01-07 21:55:04+00:00
849a8ff7b5f77a5ca81ea2e062cbf521,2025-08-01T14:52:03Z,'flooding rain',biztoc.com,en,0.0,"Boy, 13, dies after getting trapped in a storm drain during East Coast flooding","Kids were playing in the rain Thursday in a common area between apartment buildings near Baltimore. But then, floodwaters rushed in.",https://biztoc.com/x/df236977af37f781,https://biztoc.com/cdn/df236977af37f781_s.webp,,"Kids were playing in the rain Thursday in a common area between apartment buildings near Baltimore. But then, floodwaters rushed in.
This story appeared on pbs.org, 2025-08-01 14:42:00.",,"Ein 13-jähriger Junge stirbt, nachdem er während einer Überschwemmung an der Ostküste in einem Abflussrohr gefangen war. Kinder spielten am Donnerstag im Regen in einem Gemeinschaftsbereich zwischen Wohnhäusern in der Nähe von Baltimore. Doch dann strömten die Fluten herein.","Boy, 13, dies after getting trapped in a storm drain during East Coast flooding. Kids were playing in the rain Thursday in a common area between apartment buildings near Baltimore. But then, floodwaters rushed in.",Puer XIII decedit postquam deprehensus est in tempestate detrito in Oriente Coast inundatione. Haedi in pluvia Iovis in communi area inter aedificia apartment prope Baltimore ludebant. Tum vero aquae diluvii irruerunt.,2026-01-07 21:55:04+00:00
e0d0cc212711f5190dfb21743b3cf003,2025-08-01T14:58:17Z,'deluge',www.eurogamer.net,en,0.0,"Battlefield 6 leads will avoid goofy crossover skins to ""stray true to Battlefield""","Battlefield 6 fans won't have to worry about a deluge of out-of-place cosmetics and crossover skins, according to head of Respawn and Battlefield Studios Vince Zampelli and general manager Byron Beede. Read more",https://www.eurogamer.net/battlefield-6-leads-will-avoid-goofy-crossover-skins-to-stray-true-to-battlefield,https://assetsio.gnwcdn.com/BF6-Screen-%232.png?width=1200&height=630&fit=crop&enable=upscale&auto=webp,,"Battlefield 6 fans won't have to worry about a deluge of out-of-place cosmetics and crossover skins, according to head of Respawn and Battlefield Studios Vince Zampelli and general manager Byron Beed… [+1711 chars]",,"Die Hauptdarsteller von Battlefield 6 vermeiden alberne Crossover-Skins, um „Battlefield treu zu bleiben“. Fans von Battlefield 6 müssen sich laut Vince Zampelli, Leiter von Respawn und Battlefield Studios, und General Manager Byron Beede keine Sorgen über eine Flut fehl am Platz befindlicher Kosmetika und Crossover-Skins machen. Mehr lesen","Battlefield 6 leads will avoid goofy crossover skins to ""stray true to Battlefield"". Battlefield 6 fans won't have to worry about a deluge of out-of-place cosmetics and crossover skins, according to head of Respawn and Battlefield Studios Vince Zampelli and general manager Byron Beede. Read more","Acies 6 ducit et vitabit RETUNSUS crossover pelles ad ""Vera ad Battlefield"". Acies 6 fans non erit sollicitandum de diluvio extra-locum fucis et pellibus crossover, secundum caput Respawn et Studios Vince Zampelli et Procurator generalis Byron Beede. Read more",2026-01-07 21:55:04+00:00
214c9358408b7ef35c31b3f8230971ff,2025-08-01T15:35:47Z,'flooding rain',www.wsbtv.com,en,0.0,Teen dies after being swept into drainage pipe during flooding in Maryland,"A 13-year-old boy died during flooding in Maryland on Thursday after he was swept into a drainage pipe while playing with other children, authorities said.",https://www.wsbtv.com/news/trending/teen-dies-after-being-swept-into-drainage-pipe-during-flooding-maryland/7YWTQUX5UNAT5LT4TEX2GCG2PE/,https://cmg-cmg-tv-10010-prod.cdn.arcpublishing.com/resizer/v2/https%3A%2F%2Fcloudfront-us-east-1.images.arcpublishing.com%2Fcmg%2FRTPFSBUWUFB7BA7RWGIC7VUPBE.jpg?auth=0c85d0e34cbca465590d60fe075710113312bc9d7be6921bb1a9c13cdb753cf7&width=1200&height=630&smart=true,,"MOUNT AIRY, Md. — A 13-year-old boy died during flooding in Maryland on Thursday after he was swept into a drainage pipe while playing with other children, authorities said.
Children were playing in… [+1630 chars]",,"Teenager stirbt, nachdem er bei einer Überschwemmung in Maryland in ein Abflussrohr geschwemmt wurde. Ein 13-jähriger Junge starb am Donnerstag bei einer Überschwemmung in Maryland, nachdem er beim Spielen mit anderen Kindern in ein Abflussrohr geschwemmt worden war, teilten die Behörden mit.","Teen dies after being swept into drainage pipe during flooding in Maryland. A 13-year-old boy died during flooding in Maryland on Thursday after he was swept into a drainage pipe while playing with other children, authorities said.","LUCTUS moritur postquam in fistulam INCILE in inundatione in Maryland trahebatur. Puer XIII annorum mortuus est in inundatione in Maryland die Iovis postquam in fistulam INCILE ductus est dum cum aliis pueris luderet, auctores dixerunt.",2026-01-07 21:55:04+00:00
973029b7c8c212fd0f09d5d0d441f9c5,2025-08-01T16:19:55Z,'flooding',clarkesworldmagazine.com,en,0.0,Sea of Fertility by Bella Han,"My big brother vanished in the virtual city of Laputa, leaving no trace behind. I sit up, sweating, for a moment convinced I’m still dreaming. Feed globes drift in, flooding […]",https://clarkesworldmagazine.com/han_08_25/,https://clarkesworldmagazine.com/covers/cw_227_800.jpg?3,,"My big brother vanished in the virtual city of Laputa, leaving no trace behind. I sit up, sweating, for a moment convinced I’m still dreaming. Feed globes drift in, flooding my vision with news. The … [+97299 chars]",,"Meer der Fruchtbarkeit von Bella Han. Mein großer Bruder verschwand in der virtuellen Stadt Laputa und hinterließ keine Spuren. Ich setze mich schwitzend auf und bin für einen Moment davon überzeugt, dass ich immer noch träume. Futterkugeln treiben ein und überschwemmen […]","Sea of Fertility by Bella Han. My big brother vanished in the virtual city of Laputa, leaving no trace behind. I sit up, sweating, for a moment convinced I’m still dreaming. Feed globes drift in, flooding […]","Mare fertilitatis by Bella Han. Magnus frater meus in Laputa urbe virtuali evanuit, nullo relicto vestigio. Sedeo, sudor, parumper persuasum habeo adhuc me somniare. Pascuntur globi in inundatione […]",2026-01-07 21:55:04+00:00
1c3668ccd0ae27b714e856d79d4246ae,2025-08-01T17:10:33Z,'flooding weather',nypost.com,en,0.0,Flash flooding threat returns to Southeast as powerful front brings on heavy rain,"Another days-long stretch of soggy weather is plaguing the Southeast, raising fears of flash flooding and washing out another precious summer weekend along its popular beaches.",https://nypost.com/2025/08/01/us-news/flash-flooding-threat-returns-to-southeast-as-powerful-front-brings-on-heavy-rain/,https://nypost.com/wp-content/uploads/sites/2/2025/08/flood-waters-french-broad-river-109080146.jpg?quality=75&strip=all&w=1024,,"Another days-long stretch of soggy weather is plaguing the Southeast, raising fears of flash flooding and washing out another precious summer weekend along its popular beaches.
A powerful cold front… [+2588 chars]",,"Die Gefahr von Sturzfluten kehrt nach Südosten zurück, da eine starke Front heftigen Regen auslöst. Ein weiterer tagelanger Abschnitt feuchten Wetters plagt den Südosten, was die Angst vor Sturzfluten aufkommen lässt und ein weiteres wertvolles Sommerwochenende an den beliebten Stränden auswaschen lässt.","Flash flooding threat returns to Southeast as powerful front brings on heavy rain. Another days-long stretch of soggy weather is plaguing the Southeast, raising fears of flash flooding and washing out another precious summer weekend along its popular beaches.","Inundatio minae Flash redit ad Volturnum, quod potentem frontem inducit pluviae pluviae. Aliorum dierum spatium TRACTULUM TRACTULUM TRACTUS Vestrium verberat, metus inundationis fulguris suscitans aliamque pretiosam volutpat aestivam per eius litora popularis abluens.",2026-01-07 21:55:04+00:00
3dbb6901262f6c92061f2915e4558de6,2025-08-01T17:57:00Z,'flooding victims',www.thestar.com.my,en,0.0,Romanian gov't grants emergency aid to flood victims,"BUCHAREST, Aug. 1 (Xinhua) -- Families and individuals whose homes were damaged or destroyed by severe flooding in Romania will receive emergency financial aid, according to Raed Arafat, head of the Department for Emergency Situations of the Ministry of Inter…",https://www.thestar.com.my/news/world/2025/08/02/romanian-gov039t-grants-emergency-aid-to-flood-victims,https://cdn.thestar.com.my/Themes/img/newTsol_logo_socmedia.png,https://web.archive.org/web/20250802201749/https://www.thestar.com.my/news/world/2025/08/02/romanian-gov039t-grants-emergency-aid-to-flood-victims,"BUCHAREST, Aug. 1 (Xinhua) -- Families and individuals whose homes were damaged or destroyed by severe flooding in Romania will receive emergency financial aid, according to Raed Arafat, head of the … [+327 chars]",,"Rumänische Regierung gewährt Flutopfern Soforthilfe. BUKAREST, 1. August (Xinhua) – Familien und Einzelpersonen, deren Häuser durch schwere Überschwemmungen in Rumänien beschädigt oder zerstört wurden, erhalten finanzielle Soforthilfe, so Raed Arafat, Leiter der Abteilung für Notsituationen des Innenministeriums.","Romanian gov't grants emergency aid to flood victims. BUCHAREST, Aug. 1 (Xinhua) -- Families and individuals whose homes were damaged or destroyed by severe flooding in Romania will receive emergency financial aid, according to Raed Arafat, head of the Department for Emergency Situations of the Ministry of Inter…","Romanian gov't dat subitis auxilium ad inundationem victimarum. BUCHAREST, Aug. 1 (Xinhua) -- Familiae et homines quorum domos gravi inundatione in Romania laesa vel destructa subitis subsidia accipient, secundum Raed Arafat, caput Department pro condiciones necessitatis Ministerii Inter…",2026-01-07 21:55:04+00:00
ff70cf7b3c1ba09d65141e42f635eaef,2025-08-01T18:12:50Z,'flooding area',slashdot.org,en,0.0,"NYC and NJ live weather updates: New York City, Tri-State area hit with heavy rain, flash flooding - ABC7 New York - ABC7 New York","NYC and NJ live weather updates: New York City, Tri-State area hit with heavy rain, flash flooding - ABC7 New YorkABC7 New York NYC storms: Cleanup continues after heavy storms flood roads, rails in Tri-State areaABC7 New York The Official Website of Governor…",https://slashdot.org/firehose.pl?op=view&amp;id=178536256,,,The Fine Print: The following comments are owned by whoever posted them. We are not responsible for them in any way.,,"Live-Wetteraktualisierungen für NYC und NJ: New York City, Tri-State-Gebiet von starkem Regen und Sturzfluten heimgesucht – ABC7 New York – ABC7 New York. Live-Wetter-Updates für NYC und NJ: New York City, Tri-State-Gebiet von starkem Regen und Sturzfluten heimgesucht – ABC7 New YorkABC7 New York NYC-Stürme: Aufräumarbeiten werden fortgesetzt, nachdem schwere Stürme Straßen und Schienen im Tri-State-Gebiet überschwemmt habenABC7 New York Die offizielle Website des Gouverneurs…","NYC and NJ live weather updates: New York City, Tri-State area hit with heavy rain, flash flooding - ABC7 New York - ABC7 New York. NYC and NJ live weather updates: New York City, Tri-State area hit with heavy rain, flash flooding - ABC7 New YorkABC7 New York NYC storms: Cleanup continues after heavy storms flood roads, rails in Tri-State areaABC7 New York The Official Website of Governor…","NYC et NJ tempestatum vivunt updates: Urbs Novi Eboraci, Tri- Civitatis area percussa cum pluvia gravi, inundatione mico - ABC7 Novi Eboraci - ABC7 Novi Eboraci. NYC et NJ tempestatum vivunt updates: Urbs New York, area Tri- Civitatis percussa cum pluvia gravi, mico inundatione - ABC7 Novi Eboraci ABC7 Novi Eboraci NYC procellas: Tersus pergit post graves procellas in viis diluvii, in area ABC7 Novi Eboraci cancellos in Tri- Civitatis Gubernatoris...",2026-01-07 21:55:04+00:00
1c92810229724af589695c9a305c46ca,2025-08-01T18:55:42Z,'flooding',www.newsweek.com,en,0.0,Flash Floods: Live Tracker Maps as Warning Issued,"Heavy rain pummeled parts of Virginia, North Carolina and South Carolina on Friday as storms trekked south.",https://www.newsweek.com/virginia-flash-floods-rain-storms-live-tracker-maps-2107766,https://d.newsweek.com/en/full/2695137/flash-floods-live-tracker-maps.jpg,https://web.archive.org/web/20250802201525/https://www.newsweek.com/virginia-flash-floods-rain-storms-live-tracker-maps-2107766,"Nearly 200,000 people in Virginia were under a flash flood warning on Friday as heavy rain moved through the region after flooding the Northeast the day before.
Why It Matters
Communities in southw… [+3790 chars]",,"Sturzfluten: Live-Tracker-Karten als Warnung ausgegeben. Heftiger Regen traf am Freitag Teile von Virginia, North Carolina und South Carolina, während Stürme nach Süden zogen.","Flash Floods: Live Tracker Maps as Warning Issued. Heavy rain pummeled parts of Virginia, North Carolina and South Carolina on Friday as storms trekked south.","Inundationes Flash: Vive Tracker Maps ut Monitum Datum. Imbribus gravibus iactatae partes Virginia, Carolinae Septentrionalis et Carolinae Meridionalis die Veneris tamquam procellae meridionales percussae sunt.",2026-01-07 21:55:04+00:00
7f084f931569652ffec52aa070023960,2025-08-01T18:57:16Z,'floods',biztoc.com,en,0.0,Flash Floods: Live Tracker Maps as Warning Issued,"Voice is AI-generated. Inconsistencies may occur.
Nearly 200,000 people in Virginia were under a flash flood warning on Friday as heavy rain moved through the region after flooding the Northeast the day before.
Why It Matters
Communities in southwestern Bedfo…",https://biztoc.com/x/91093c5491fce2ce,https://biztoc.com/cdn/91093c5491fce2ce_s.webp,,"Voice is AI-generated. Inconsistencies may occur.Nearly 200,000 people in Virginia were under a flash flood warning on Friday as heavy rain moved through the region after flooding the Northeast the d… [+143 chars]",,"Sturzfluten: Live-Tracker-Karten als Warnung ausgegeben. Die Stimme wird KI-generiert. Es kann zu Inkonsistenzen kommen.
Fast 200.000 Menschen in Virginia standen am Freitag unter einer Sturzflutwarnung, da heftige Regenfälle durch die Region fegten, nachdem sie am Vortag den Nordosten überschwemmt hatten.
Warum es wichtig ist
Gemeinden im Südwesten von Bedfor…","Flash Floods: Live Tracker Maps as Warning Issued. Voice is AI-generated. Inconsistencies may occur.
Nearly 200,000 people in Virginia were under a flash flood warning on Friday as heavy rain moved through the region after flooding the Northeast the day before.
Why It Matters
Communities in southwestern Bedfo…","Inundationes Flash: Vive Tracker Maps ut Monitum Datum. Vox est AI-generata. Inconvenientia fieri potest.
Fere viginti milia hominum in Virginia sub mico diluvio die Veneris admoniti sunt ut imber gravis per regionem inundationem pridie aquilonis inundationem moveret.
Quid refert
Communitates in meridiem Bedfo…",2026-01-07 21:55:04+00:00
34acb6d5387846fe7a156a38dc1b6955,2025-08-01T19:15:32Z,'flooding',dailycaller.com,en,0.0,Teen Dies After Getting Caught In Storm Drain Amid Floods,"A 13-year-old boy died Thursday after being swept into a storm drain by flash flooding in Mount Airy, Maryland.",https://dailycaller.com/2025/08/01/teen-dies-storm-drain-floods-maryland-mount-airy/,"https://images.dailycaller.com/image/width=1280,height=549,fit=cover,format=webp,f=auto/https://cdn01.dailycaller.com/wp-content/uploads/2025/07/GettyImages-1238220911-scaled-e1754075153421.jpg",,"A 13-year-old boy died Thursday after being swept into a storm drain by flash flooding in Mount Airy, Maryland, during a powerful storm that battered the East Coast, police said.
Mount Airy police s… [+1460 chars]",,"Teenager stirbt, nachdem er bei Überschwemmungen in den Abflusskanal geraten ist. Ein 13-jähriger Junge starb am Donnerstag, nachdem er bei einer Sturzflut in Mount Airy, Maryland, in einen Abfluss geschwemmt worden war.","Teen Dies After Getting Caught In Storm Drain Amid Floods. A 13-year-old boy died Thursday after being swept into a storm drain by flash flooding in Mount Airy, Maryland.","Teen dies post questus deprehensus est in Storm Exhaurire inter flumina. Puer XIII annorum mortuus est Iovis, postquam in tempestatem defluit mico inundatione in Monte Airy, Maryland.",2026-01-07 21:55:04+00:00
d1af10b9c8e2135a02821153d956ab69,2025-08-01T20:04:00Z,'floods',www.mentalfloss.com,en,0.0,10 Destructive Non-Water Floods Throughout History,"A wave of butter, molasses, or chocolate barreling toward you may sound like a food-lover’s fantasy—but such incidents can actually be deadly.",https://www.mentalfloss.com/history/destructive-non-water-floods,"https://images2.minutemediacdn.com/image/upload/c_crop,x_0,y_0,w_1919,h_1079/c_fill,w_1440,ar_1440:810,f_auto,q_auto,g_auto/images/voltaxMediaLibrary/mmsport/mentalfloss/01k0f5ggztpf08ks4hhs.jpg",https://web.archive.org/web/20250801205408/https://www.mentalfloss.com/history/destructive-non-water-floods,"When people think of destructive floods, they tend to think of water. But there are some rarer cases of other liquid substances causing utter catastrophes. While a mass of melted chocolate rushing to… [+11911 chars]",,"10 zerstörerische Überschwemmungen ohne Wasser im Laufe der Geschichte. Eine Welle von Butter, Melasse oder Schokolade, die auf Sie zuprasselt, mag wie die Fantasie eines Feinschmeckers klingen – aber solche Vorfälle können tatsächlich tödlich sein.","10 Destructive Non-Water Floods Throughout History. A wave of butter, molasses, or chocolate barreling toward you may sound like a food-lover’s fantasy—but such incidents can actually be deadly.","10 Destructive Non-Aquarum Diluvium Per totam Historiam. Fluctus butyri, molasses, aut dolii scelerisque in te sonare potest sicut phantasma amatoris cibi—sed talia etiam letalia esse possunt.",2026-01-07 21:55:04+00:00
feb93305e2f5a64c6b02d4426492f446,2025-08-01T20:12:23Z,'flooding storm',www.bostonherald.com,en,0.0,"Boy, 13, dies after getting trapped in a storm drain during East Coast flooding",Floodwaters rushed into the area and the boy was swept into the pipe.,https://www.bostonherald.com/2025/08/01/east-coast-flooding-death/,https://www.bostonherald.com/wp-content/uploads/2025/08/NYC_Weather_24238-1.jpg?w=1024&h=682,https://web.archive.org/web/20250803010615/https://www.bostonherald.com/2025/08/01/east-coast-flooding-death/,"MOUNT AIRY, Md. (AP) A 13-year-old boy died after he was trapped in a storm drain in Maryland during heavy rainfall and flooding on the East Coast that also led to rescues from cars that were submerg… [+2910 chars]",,"Ein 13-jähriger Junge stirbt, nachdem er während einer Überschwemmung an der Ostküste in einem Abflussrohr gefangen war. Überschwemmungen strömten in das Gebiet und der Junge wurde in das Rohr geschwemmt.","Boy, 13, dies after getting trapped in a storm drain during East Coast flooding. Floodwaters rushed into the area and the boy was swept into the pipe.",Puer XIII decedit postquam deprehensus est in tempestate detrito in Oriente Coast inundatione. Flumina in aream irruerunt et puer in tibiam raptus est.,2026-01-07 21:55:04+00:00
4107b5266822e47427f047e529f099af,2025-08-02T03:30:00Z,'floods',www.thehindubusinessline.com,en,0.0,The silent disaster: How floods are rewriting North-East India’s ecological and agriculture future,"Monsoon rains in Northeast India disrupt lives, agriculture, and biodiversity, highlighting the urgent need for climate-resilient adaptation strategies.",https://www.thehindubusinessline.com/economy/agri-business/the-silent-disaster-how-floods-are-rewriting-north-east-indias-ecological-and-agriculture-future/article69878107.ece,https://bl-i.thgim.com/public/incoming/tcmzsm/article69712634.ece/alternates/LANDSCAPE_1200/2014-09-04T095511Z_493478914_GM1EA941DMT01_RTRMADP_3_KASHMIR-WEATHER.JPG,,"Its that time of the year when we see monsoon rains lashing across different parts of India. While rains play a significant role in Indias economic growth by powering the agricultural sector, each ye… [+5672 chars]",,"Die stille Katastrophe: Wie Überschwemmungen die ökologische und landwirtschaftliche Zukunft Nordostindiens verändern. Monsunregen im Nordosten Indiens stören das Leben, die Landwirtschaft und die Artenvielfalt und verdeutlichen die dringende Notwendigkeit klimaresistenter Anpassungsstrategien.","The silent disaster: How floods are rewriting North-East India’s ecological and agriculture future. Monsoon rains in Northeast India disrupt lives, agriculture, and biodiversity, highlighting the urgent need for climate-resilient adaptation strategies.","De calamitate tacita: Quomodo inundationes rescribant oecologicae et agriculturae Indiae Septentrionalis-orientalis futurae. Monsoon pluviae in India septentrionali vitas, agriculturam et biodiversitatem perturbant, urgente necessitate climatis-molli- tiae accommodationis illustrando.",2026-01-07 21:55:04+00:00
ea0296c1d65f5eab2a211723aa2da13b,2025-08-02T13:00:00Z,'flooding climate change',wattsupwiththat.com,en,0.0,"Attribution Studies Don’t Prove Anything About South Africa’s Floods, Phys.org","Instead of beginning with the assumption that climate change is making flooding worse in places like Durban, scientists should approach the issue more modestly. It is worthwhile to try to improve drainage and install better alarm systems in regions prone to f…",https://wattsupwiththat.com/2025/08/02/attribution-studies-dont-prove-anything-about-south-africas-floods-phys-org/,https://i0.wp.com/wattsupwiththat.com/wp-content/uploads/2025/08/flood-392707_1280.webp?fit=1024%2C512&ssl=1,,"From ClimateREALISM
By Linnea Lueken
A recent post at Phys.org claims that a recent attribution study shows that climate change made April 2022s flooding in South Africa, significantly worse. This … [+6320 chars]",,"Zuordnungsstudien beweisen nichts über die Überschwemmungen in Südafrika, Phys.org. Anstatt davon auszugehen, dass der Klimawandel die Überschwemmungen an Orten wie Durban verschlimmert, sollten Wissenschaftler das Problem bescheidener angehen. Es lohnt sich, zu versuchen, die Entwässerung zu verbessern und bessere Alarmsysteme in Regionen zu installieren, in denen es zu Überschwemmungen kommt.","Attribution Studies Don’t Prove Anything About South Africa’s Floods, Phys.org. Instead of beginning with the assumption that climate change is making flooding worse in places like Durban, scientists should approach the issue more modestly. It is worthwhile to try to improve drainage and install better alarm systems in regions prone to f…","Studiorum Attributiones Non probas Quidquid De Diluviis Africae Meridionalis, Phys.org. Loco incipiendi ab illo posito quod mutatio climatis in locis Durban sicut inundationem deteriorem faceret, docti ad exitum modestius accedere debent. Operae pretium est conari INCILE emendare et systemata terrorem meliorem instituere in regiones prona f…",2026-01-07 21:55:04+00:00
eaee70d85d1db29436c97bf3b0626b74,2025-08-02T19:34:27Z,'floods',www.wbaltv.com,en,0.0,Bystanders tried to save boy swept into storm drain,The Mount Airy Police Department has identified Mason Kearns as the 13-year-old who died after being swept into a storm drain during Thursday's flash floods.,https://www.wbaltv.com/article/teenager-dies-storm-drain-mount-airy-rescue-efforts-1754159176/65581624,"https://kubrick.htvapps.com/htv-prod-media.s3.amazonaws.com/images/mason-kearns-vigil-poster-688e649b447af.jpg?crop=1.00xw:1.00xh;0,0&resize=1200:*",,"MOUNT AIRY, Md. —The Mount Airy Police Department has identified Mason Kearns as the 13-year-old who died after being swept into a storm drain during Thursday's flash floods.
His family is holding a… [+2187 chars]",,"Umstehende versuchten, den Jungen zu retten, der in den Abfluss geschwemmt wurde. Die Polizei von Mount Airy hat Mason Kearns als den 13-Jährigen identifiziert, der starb, nachdem er während der Sturzfluten am Donnerstag in einen Abfluss geschwemmt worden war.",Bystanders tried to save boy swept into storm drain. The Mount Airy Police Department has identified Mason Kearns as the 13-year-old who died after being swept into a storm drain during Thursday's flash floods.,Adstantes puerum servare conati sunt in tempestatem exhaurire. Mons Airy Police Department Mason Kearns identificavit ut XIII annos natus qui mortuus est postquam in tempestatem exhauriebat in diluvia Iovis mico.,2026-01-07 21:55:04+00:00
2bf52e83eb7b5f623e1a42561f66b86f,2025-08-02T21:03:49Z,'floods',www.abc.net.au,en,0.0,"Woman missing, 1,500 emergency call-outs amid NSW floods and snow","A woman is missing in floodwaters as parts of New South Wales prepare for another day of wild weather following heavy rain, wind and heavy snow.",https://www.abc.net.au/news/2025-08-03/snow-rain-cause-chaos-in-new-south-wales/105606394,https://live-production.wcms.abc-cdn.net.au/d4873e4f3a4458d3a06ba9b57f480217?impolicy=wcms_watermark_news&cropH=1087&cropW=1933&xPos=0&yPos=245&width=862&height=485&imformat=generic,,"A woman is missing in floodwaters as parts of New South Wales prepare for another day of wild weather. 
The NSW State Emergency Service (SES) has responded to more than 1,455 incidents due to the sn… [+1865 chars]",,"Frau wird vermisst, 1.500 Noteinsätze inmitten von Überschwemmungen und Schnee in New South Wales. Eine Frau wird im Hochwasser vermisst, während Teile von New South Wales sich auf einen weiteren Tag wilden Wetters nach starkem Regen, Wind und starkem Schneefall vorbereiten.","Woman missing, 1,500 emergency call-outs amid NSW floods and snow. A woman is missing in floodwaters as parts of New South Wales prepare for another day of wild weather following heavy rain, wind and heavy snow.","Mulier defuit, 1,500 vocatus subitis-indicat inter NSW inundationes et nives. Femina in aquis diluviis deest ut partes Novae Meridionalis Walliae parant alium diem tempestatum silvestrem sequentem pluviam, ventum et nivem gravem.",2026-01-07 21:55:04+00:00
560ce0ab324dfaf2eb0960d603012498,2025-08-03T13:18:36Z,'floods',economictimes.indiatimes.com,en,0.0,402 villages affected by floods in Uttar Pradesh; relief measures in progress,Floods in Uttar Pradesh have caused widespread disruption. Many villages and people are affected across several tehsils. Relief operations are underway with NDRF and SDRF teams on the ground. Compensation is being provided to families whose homes are damaged.…,https://economictimes.indiatimes.com/news/india/402-villages-affected-by-floods-in-uttar-pradesh-relief-measures-in-progress/articleshow/123076677.cms,"https://img.etimg.com/thumb/msid-123076699,width-1200,height-630,imgsize-31464,overlay-economictimes/articleshow.jpg",,"Floods in Uttar Pradesh have affected 402 villages in 37 tehsils, impacting 84,392 people, an official statement said on Sunday.Of this, 47,906 people have received assistance, according to Relief Co… [+1256 chars]",,"402 Dörfer in Uttar Pradesh von Überschwemmungen betroffen; Hilfsmaßnahmen im Gange. Überschwemmungen in Uttar Pradesh haben zu weitreichenden Störungen geführt. Viele Dörfer und Menschen in mehreren Tehsils sind betroffen. Derzeit sind Hilfseinsätze mit NDRF- und SDRF-Teams vor Ort im Gange. Familien, deren Häuser beschädigt wurden, erhalten eine Entschädigung.…",402 villages affected by floods in Uttar Pradesh; relief measures in progress. Floods in Uttar Pradesh have caused widespread disruption. Many villages and people are affected across several tehsils. Relief operations are underway with NDRF and SDRF teams on the ground. Compensation is being provided to families whose homes are damaged.…,402 inundationibus affectus in Uttar Pradesh; subsidio mensurae progressus. Flumina in Uttar Pradesh distractionem late straverunt. Multi pagi et homines per varia tehsils afficiuntur. Relevium operationes comparatae sunt cum NDRF et SDRF iunctae in terra. Providetur compensatio familiis quarum domos laeduntur.…,2026-01-07 21:55:04+00:00
9261022863c2c8439f0933719f7520c4,2025-08-03T13:53:00Z,'flooding death',www.thestar.com.my,en,0.0,Vietnam's mountainous north flooding death toll rises to 10,"The death toll from floods in Vietnam's mountainous north has risen to 10, disaster authorities said Sunday. Read full story",https://www.thestar.com.my/aseanplus/aseanplus-news/2025/08/03/vietnam039s-mountainous-north-flooding-death-toll-rises-to-10,https://apicms.thestar.com.my/uploads/images/2025/08/03/3449382.jpg,,"HANOI (AFP): The death toll from floods in Vietnam's mountainous north has risen to 10, disaster authorities said Sunday.
Heavy rain led to flooding in recent days in the provinces of Son La, Phu Th… [+1064 chars]",,"Die Zahl der Todesopfer durch Überschwemmungen im bergigen Norden Vietnams ist auf 10 gestiegen. Die Zahl der Todesopfer durch Überschwemmungen im bergigen Norden Vietnams ist auf 10 gestiegen, teilten Katastrophenbehörden am Sonntag mit. Lesen Sie die ganze Geschichte","Vietnam's mountainous north flooding death toll rises to 10. The death toll from floods in Vietnam's mountainous north has risen to 10, disaster authorities said Sunday. Read full story","Septentrionalis montuosa inundatio mortis vectigal oritur 10. Mortis vectigal e diluviis in septentrione montuosa Vietnam orta ad X, clades auctores dominicae dixit. Read full story",2026-01-07 21:55:04+00:00
f74653357495679ca71ac139bb431dbd,2025-08-03T19:00:00Z,'flooding disruption',www.irishtimes.com,en,0.0,Weather warnings to take effect overnight as Storm Floris hits,"Eight counties on alert amid forecasts of dangerous driving conditions, flooding and structural damage",https://www.irishtimes.com/ireland/2025/08/03/weather-warnings-to-take-effect-overnight-as-storm-floris-hits/,https://www.irishtimes.com/resizer/v2/YPBPFA366ZAP5JKTEKHMMQFLOQ.jpg?smart=true&auth=6da323d9ee04a3704b5a09f373823b014f957505d71ed7d8d53cd1def742adba&width=1200&height=630,http://archive.md/20250804073101/https://www.irishtimes.com/ireland/2025/08/03/weather-warnings-to-take-effect-overnight-as-storm-floris-hits/,"A series of yellow wind and rain warnings of localised floods, lightning damage and power outages are due to come into force in the early hours of Monday as Storm Floris reaches Ireland.
Met Éireann… [+2064 chars]",,"Wetterwarnungen werden über Nacht wirksam, da Sturm Floris zuschlägt. Acht Bezirke sind in Alarmbereitschaft, da gefährliche Fahrbedingungen, Überschwemmungen und Bauschäden vorhergesagt werden","Weather warnings to take effect overnight as Storm Floris hits. Eight counties on alert amid forecasts of dangerous driving conditions, flooding and structural damage","Tempestas admonitiones pernoctare sicut Tempestas Florentis hits effectum est. Octo comitatus inter praenuntiationes periculosae incessus intenti condiciones, inundationes et damna structurae",2026-01-07 21:55:04+00:00
68b09d72556bc0b2cf2e109d7091dc18,2025-08-04T01:51:14Z,'flooding',english.khabarhub.com,en,0.0,Three main roads in Gulmi blocked due to floods and landslides,"GULMI: Three major roads in Gulmi district have been blocked since last night following continuous rainfall. The Kaligandaki Corridor, Ridi-Tamghas, and Ridi-Bamitaksar road sections have been obstructed due to landslides and flooding, according to Ganga Baha…",https://english.khabarhub.com/2025/04/489060/,https://english.khabarhub.com/wp-content/uploads/2025/08/Kaligandaki-Corridor-Landslide-RSS.jpeg,,"GULMI: Three major roads in Gulmi district have been blocked since last night following continuous rainfall.
The Kaligandaki Corridor, Ridi-Tamghas, and Ridi-Bamitaksar road sections have been obstr… [+1217 chars]",,"Drei Hauptstraßen in Gulmi sind aufgrund von Überschwemmungen und Erdrutschen blockiert. GULMI: Drei Hauptstraßen im Bezirk Gulmi sind seit letzter Nacht aufgrund anhaltender Regenfälle gesperrt. Laut Ganga Baha sind die Straßenabschnitte Kaligandaki-Korridor, Ridi-Tamghas und Ridi-Bamitaksar aufgrund von Erdrutschen und Überschwemmungen blockiert.","Three main roads in Gulmi blocked due to floods and landslides. GULMI: Three major roads in Gulmi district have been blocked since last night following continuous rainfall. The Kaligandaki Corridor, Ridi-Tamghas, and Ridi-Bamitaksar road sections have been obstructed due to landslides and flooding, according to Ganga Baha…","Tres vias in Gulmi obstruxit ob inundationes et proruit. GULMI: Tres viae maiores in regione Gulmi obclusae sunt ab nocte proxima post pluviam continuam. Corridor Kaligandaki, Ridi-Tamghas, et Ridi-Bamitaksar sectiones viarum obstructae sunt ob proruit et inundationem secundum Ganga Baha…",2026-01-07 21:55:04+00:00
1e1cb9f4eb69c473c7cd33b64ec1e822,2025-08-04T02:44:00Z,'flooding rain',www.thestar.com.my,en,0.0,"Southern Taiwan lashed by torrential rain, four dead, more than 5,900 evacuated","TAIPEI (Reuters) -Four people died and more than 5,900 have been evacuated in southern Taiwan after the island recorded more than a year's rainfall over the past week which caused widespread landslides and flooding. Read full story",https://www.thestar.com.my/news/world/2025/08/04/southern-taiwan-lashed-by-torrential-rain-four-dead-more-than-5900-evacuated,https://cdn.thestar.com.my/Themes/img/newTsol_logo_socmedia.png,,"TAIPEI (Reuters) -Four people died and more than 5,900 have been evacuated in southern Taiwan after the island recorded more than a year's rainfall over the past week which caused widespread landslid… [+1839 chars]",,"Südtaiwan wurde von sintflutartigen Regenfällen heimgesucht, vier Tote, mehr als 5.900 evakuiert. TAIPEI (Reuters) – Vier Menschen starben und mehr als 5.900 wurden im Süden Taiwans evakuiert, nachdem die Insel in der vergangenen Woche mehr als ein Jahr lang Regenfälle verzeichnete, die weit verbreitete Erdrutsche und Überschwemmungen verursachten. Lesen Sie die ganze Geschichte","Southern Taiwan lashed by torrential rain, four dead, more than 5,900 evacuated. TAIPEI (Reuters) -Four people died and more than 5,900 have been evacuated in southern Taiwan after the island recorded more than a year's rainfall over the past week which caused widespread landslides and flooding. Read full story","Southern Taiwan torrenti pluvia verberata, quattuor mortui, plus quam 5,900 evacuantur. TAIPEI (Reuters) Quattuor homines mortui sunt et plus quam 5.900 in Taiwan meridionali excessi sunt postquam insulae plus quam anni pluviæ in hebdomada praeterita memoraverunt quae late proruit et inundationem effecit. Read full story",2026-01-07 21:55:04+00:00
ff6ad20cf9e8242fe158c3384b6914d8,2025-08-04T02:52:56Z,'flooding storm',post.rlsbb.ru,en,0.0,In The Eye Of The Storm S02E02 1080p DISC WEB-DL H264-RAWR,"Season 2, Episode 02 – “Double Hurricane Disaster”In 2024, hundreds of cameras capture back-to-back hurricanes slamming Florida’s Gulf Coast. Just as Category 4 Hurricane Helene brings record flooding, residents have no chance to recover before Category 3 Hur…",https://post.rlsbb.ru/in-the-eye-of-the-storm-s02e02-1080p-disc-web-dl-h264-rawr/,,,"Season 2, Episode 02 “Double Hurricane Disaster”In 2024, hundreds of cameras capture back-to-back hurricanes slamming Florida’s Gulf Coast. Just as Category 4 Hurricane Helene brings record flooding,… [+515 chars]",,"Im Auge des Sturms S02E02 1080p DISC WEB-DL H264-RAWR. Staffel 2, Folge 02 – „Doppelte Hurrikan-Katastrophe“ Im Jahr 2024 erfassen Hunderte von Kameras aufeinanderfolgende Hurrikane, die Floridas Golfküste treffen. So wie Hurrikan Helene der Kategorie 4 Rekordüberschwemmungen mit sich bringt, haben die Bewohner keine Chance, sich vor Hurrikan der Kategorie 3 zu erholen …","In The Eye Of The Storm S02E02 1080p DISC WEB-DL H264-RAWR. Season 2, Episode 02 – “Double Hurricane Disaster”In 2024, hundreds of cameras capture back-to-back hurricanes slamming Florida’s Gulf Coast. Just as Category 4 Hurricane Helene brings record flooding, residents have no chance to recover before Category 3 Hur…","In Oculo Procella S02E02 1080p DISC VUL-DL H264-RAWR. Temporum II, Episode 02 - ""Dupplex Hurricane Disaster"" In 2024, centena camerarum ceperunt retro-ad-retro turbinibus impulsis sinu Coast Floridae. Sicut Categoria 4 Procellae Helene recordum inundationis affert, incolas nullam occasionem recuperandi ante Categoriam 3 Hur…",2026-01-07 21:55:04+00:00
d7c8f9ae88ffe2542c364f38e670509a,2025-08-04T03:21:29Z,'flooding residents',post.rlsbb.cc,en,0.0,In The Eye Of The Storm S02E02 1080p DISC WEB-DL H264-RAWR,"Season 2, Episode 02 – “Double Hurricane Disaster”In 2024, hundreds of cameras capture back-to-back hurricanes slamming Florida’s Gulf Coast. Just as Category 4 Hurricane Helene brings record flooding, residents have no chance to recover before Category 3 Hur…",https://post.rlsbb.cc/in-the-eye-of-the-storm-s02e02-1080p-disc-web-dl-h264-rawr/,,,"Season 2, Episode 02 “Double Hurricane Disaster”In 2024, hundreds of cameras capture back-to-back hurricanes slamming Florida’s Gulf Coast. Just as Category 4 Hurricane Helene brings record flooding,… [+515 chars]",,"Im Auge des Sturms S02E02 1080p DISC WEB-DL H264-RAWR. Staffel 2, Folge 02 – „Doppelte Hurrikan-Katastrophe“ Im Jahr 2024 erfassen Hunderte von Kameras aufeinanderfolgende Hurrikane, die Floridas Golfküste treffen. So wie Hurrikan Helene der Kategorie 4 Rekordüberschwemmungen mit sich bringt, haben die Bewohner keine Chance, sich vor Hurrikan der Kategorie 3 zu erholen …","In The Eye Of The Storm S02E02 1080p DISC WEB-DL H264-RAWR. Season 2, Episode 02 – “Double Hurricane Disaster”In 2024, hundreds of cameras capture back-to-back hurricanes slamming Florida’s Gulf Coast. Just as Category 4 Hurricane Helene brings record flooding, residents have no chance to recover before Category 3 Hur…","In Oculo Procella S02E02 1080p DISC VUL-DL H264-RAWR. Temporum II, Episode 02 - ""Dupplex Hurricane Disaster"" In 2024, centena camerarum ceperunt retro-ad-retro turbinibus impulsis sinu Coast Floridae. Sicut Categoria 4 Procellae Helene recordum inundationis affert, incolas nullam occasionem recuperandi ante Categoriam 3 Hur…",2026-01-07 21:55:04+00:00
4f97bd9dfe51f64ae89dec240b1cd705,2025-08-04T07:59:18Z,'flooding storm',www.irishtimes.com,en,0.0,Several thousand without power as Storm Floris weather warnings take effect,"Eight counties under alerts amid forecasts of dangerous driving conditions, flooding and structural damage",https://www.irishtimes.com/ireland/2025/08/04/several-thousand-without-power-as-storm-floris-weather-warnings-take-effect/,https://www.irishtimes.com/resizer/v2/YPBPFA366ZAP5JKTEKHMMQFLOQ.jpg?smart=true&auth=6da323d9ee04a3704b5a09f373823b014f957505d71ed7d8d53cd1def742adba&width=1200&height=630,,"Several thousand in the west and northwest of Ireland are without power after Storm Floris brought strong winds overnight.
A series of yellow wind and rain alerts warning of potential localised floo… [+2420 chars]",,"Mehrere Tausend ohne Strom, da die Wetterwarnungen für den Sturm Floris in Kraft treten. Acht Landkreise sind wegen gefährlicher Fahrbedingungen, Überschwemmungen und Bauschäden in Alarmbereitschaft","Several thousand without power as Storm Floris weather warnings take effect. Eight counties under alerts amid forecasts of dangerous driving conditions, flooding and structural damage","Aliquot milia sine viribus monita tempestatis Floris ut Tempestas effectum sortiantur. Octo comitatus sub summis inter praenuntiationes periculosae incessus condiciones, inundationes et damna structurae",2026-01-07 21:55:04+00:00
2ac02cf04740b08b7eb3a956ac2a1131,2025-08-04T09:02:00Z,'flooding storm',www.thestar.com.my,en,0.0,Beijing issues new storm warning after deadly floods,"Beijing issued its highest alert for rainstorms on Monday, days after deadly deluges swept parts of the Chinese capital and triggered a rare apology from under-prepared officials. Read full story",https://www.thestar.com.my/aseanplus/aseanplus-news/2025/08/04/beijing-issues-new-storm-warning-after-deadly-floods,https://apicms.thestar.com.my/uploads/images/2025/08/04/3450799.jpg,,"BEIJING (AFP): Beijing issued its highest alert for rainstorms on Monday, days after deadly deluges swept parts of the Chinese capital and triggered a rare apology from under-prepared officials.
The… [+1804 chars]",,"Nach tödlichen Überschwemmungen gibt Peking eine neue Sturmwarnung heraus. Peking gab am Montag die höchste Regenwarnung aus, Tage nachdem tödliche Überschwemmungen Teile der chinesischen Hauptstadt heimgesucht hatten und eine seltene Entschuldigung von unzureichend vorbereiteten Beamten auslösten. Lesen Sie die ganze Geschichte","Beijing issues new storm warning after deadly floods. Beijing issued its highest alert for rainstorms on Monday, days after deadly deluges swept parts of the Chinese capital and triggered a rare apology from under-prepared officials. Read full story","Pekino novae tempestatis monita post diluvia mortifera exit. Beijing summum suum intentum in pluvias die Lunae, diebus post diluviis capitalibus partes capitis Sinensium traxit et raram excusationem a ministris sub-paratis utitur. Read full story",2026-01-07 21:55:04+00:00
ecbaaba49a6e5669b4c7dd46d505fa4f,2025-08-04T10:00:00Z,'floods',www.catholicnewsagency.com,en,0.0,Recovery continues 1 month after deadly floods in Texas Hill Country,"Camp Mystic alumnae and family sing after a memorial service on July 7, 2025, honoring victims of the flash floods in Central Texas over the Fourth of July weekend. / Credit: Amira Abuzeid/CNA

Houston, Texas, Aug 4, 2025 / 06:00 am (CNA).
One month has passe…",https://www.catholicnewsagency.com/news/265735/recovery-continues-1-month-after-deadly-floods-in-texas-hill-country,https://www.catholicnewsagency.com/images/cmhouston.jpeg?jpg,,"Houston, Texas, Aug 4, 2025 /
 06:00 am
One month has passed since some of the deadliest and most destructive flooding in the states history took at least 136 lives in the Texas Hill Country over t… [+6212 chars]",,"Einen Monat nach den tödlichen Überschwemmungen im Texas Hill Country setzt sich die Erholung fort. Absolventen und Familienangehörige von Camp Mystic singen nach einem Gedenkgottesdienst am 7. Juli 2025 zu Ehren der Opfer der Sturzfluten in Zentral-Texas am Wochenende des 4. Juli. / Bildnachweis: Amira Abuzeid/CNA

Houston, Texas, 4. August 2025 / 06:00 Uhr (CNA).
Ein Monat ist vergangen…","Recovery continues 1 month after deadly floods in Texas Hill Country. Camp Mystic alumnae and family sing after a memorial service on July 7, 2025, honoring victims of the flash floods in Central Texas over the Fourth of July weekend. / Credit: Amira Abuzeid/CNA

Houston, Texas, Aug 4, 2025 / 06:00 am (CNA).
One month has passe…","Recuperatio pergit 1 mensis post funestos inundationes in Texas Hill patriae. Castra Mystica alumnae et familiae post memoriam muneris die 7 iulii 2025 canunt, victimas micosarum diluvium in Central Texas super quarto die mensis Iulii honorantes. / Credit: Amira Abuzeid/CNA

Houston, Texas, Aug 4, 2025/06:00 am (CNA).
Una mensis transitum habet ...",2026-01-07 21:55:04+00:00
c153e44fdc85ad331481c276711052e1,2025-08-04T10:46:08Z,'floods',www.cnn.com,en,0.0,It’s been a month since the deadly Texas floods. Survivors are grappling with trauma,"One month after the Texas floods, some survivors are pleading for help they say still hasn’t arrived. Others are emerging from the nightmare with the support of a community rallying to clean up the devastation on their own.",https://www.cnn.com/2025/08/04/us/texas-flood-survivors,"https://media.cnn.com/api/v1/images/stellar/prod/01-ap25193021044223.jpg?c=16x9&q=w_800,c_fill",http://archive.md/20250804095015/https://www.cnn.com/2025/08/04/us/texas-flood-survivors,"Nine-year-old Cole Morris cowered in between his grandfather and seven of their family members, whispering prayers as rising floodwaters lapped furiously at the stairs of their attic.
Are we going t… [+9852 chars]",,"Seit den tödlichen Überschwemmungen in Texas ist ein Monat vergangen. Überlebende kämpfen mit Traumata. Einen Monat nach den Überschwemmungen in Texas bitten einige Überlebende um Hilfe, von der sie sagen, dass sie immer noch nicht eingetroffen ist. Andere erwachen aus dem Albtraum mit der Unterstützung einer Gemeinde, die sich zusammenschließt, um die Verwüstung selbst zu beseitigen.","It’s been a month since the deadly Texas floods. Survivors are grappling with trauma. One month after the Texas floods, some survivors are pleading for help they say still hasn’t arrived. Others are emerging from the nightmare with the support of a community rallying to clean up the devastation on their own.","Mensis fuit ex quo inundationes funestae Texas. Superstites luctationis trauma. Uno mense post inundationes Texas, aliqui superstites auxilium implorant quod dicunt adhuc non pervenisse. Alii e tantibus emergunt subsidio communitatis ad vastationem suam colligendam.",2026-01-07 21:55:04+00:00
53cfea2a6c7450595bf8c2dec120c2f8,2025-08-04T11:05:00Z,'flooding',www.stltoday.com,en,0.0,"McBride housing development in Maryland Heights made flooding worse, neighbors say",The new subdivision east of Creve Coeur Park has drawn criticism from neighbors and the state before a single foundation has been poured.,https://www.stltoday.com/news/local/metro/article_c461dc2b-d8be-4a23-a31e-9aa60bbafd4a.html,https://bloximages.newyork1.vip.townnews.com/stltoday.com/content/tncms/assets/v3/editorial/c/46/c461dc2b-d8be-4a23-a31e-9aa60bbafd4a/688fc07c7643a.preview.jpg?crop=641%2C337%2C0%2C72,http://archive.md/20250804121316/https://www.stltoday.com/news/local/metro/article_c461dc2b-d8be-4a23-a31e-9aa60bbafd4a.html,MARYLAND HEIGHTS A new subdivision nestled east of Creve Coeur Park has drawn the ire of neighbors and caught the wrong kind of attention from the state of Missouri before a single foundation has eve… [+9342 chars],,"Die Wohnsiedlung McBride in Maryland Heights verschlimmerte die Überschwemmungen, sagen Nachbarn. Die neue Unterteilung östlich des Creve Coeur Parks wurde von Nachbarn und dem Staat kritisiert, bevor ein einziges Fundament gegossen wurde.","McBride housing development in Maryland Heights made flooding worse, neighbors say. The new subdivision east of Creve Coeur Park has drawn criticism from neighbors and the state before a single foundation has been poured.","McBride progressionem habitationum in Marylandia Heights inundationem deteriorem fecit, vicini dicunt. Nova subdivisio orientalis Creve Coeur Park criticam a vicinis et rem publicam ante unum fundamentum emisit.",2026-01-07 21:55:04+00:00
9fc1ebddbab23a018e3e1b7b61f79c8c,2025-08-04T12:13:10Z,'floods',www.sciencedaily.com,en,0.0,"NASA’s most advanced radar ever will track earthquakes, landslides, and ice loss from space","NASA and ISRO have launched NISAR, a groundbreaking radar satellite that will monitor natural disasters and environmental changes across Earth. It can scan land and ice surfaces every 12 days, offering scientists vital data on earthquakes, floods, melting gla…",https://www.sciencedaily.com/releases/2025/08/250804081310.htm,https://www.sciencedaily.com/images/1920/nasa-isro-nisar-satellite.webp,https://web.archive.org/web/20250804150421/https://www.sciencedaily.com/releases/2025/08/250804081310.htm,"Following a successful launch on July 30, the NISAR satellite will orbit Earth for at least three years, using its sophisticated radar systems to scan nearly all the planet's land and ice surfaces tw… [+2608 chars]",,"Das fortschrittlichste Radar der NASA wird Erdbeben, Erdrutsche und Eisverluste aus dem Weltraum verfolgen. NASA und ISRO haben NISAR gestartet, einen bahnbrechenden Radarsatelliten, der Naturkatastrophen und Umweltveränderungen auf der ganzen Erde überwachen wird. Es kann alle 12 Tage Land- und Eisoberflächen scannen und Wissenschaftlern wichtige Daten zu Erdbeben, Überschwemmungen, schmelzendem Glas liefern.","NASA’s most advanced radar ever will track earthquakes, landslides, and ice loss from space. NASA and ISRO have launched NISAR, a groundbreaking radar satellite that will monitor natural disasters and environmental changes across Earth. It can scan land and ice surfaces every 12 days, offering scientists vital data on earthquakes, floods, melting gla…","NASA radar antecedens semper terrae motus, ruinas, et glaciem ex spatio damnum vestiet. NASA et ISRO NISAR iecerunt, satelles fundamenti radar, qui clades naturales et mutationes circum Terram environmental monitor erit. Terrae et glaciei superficies singulis XII diebus potest lustrare, data scientiarum vitalium terrae motuum, inundationum, gla liquescentium…",2026-01-07 21:55:04+00:00
6ad892ba82d946bce4355412b87be281,2025-08-04T16:32:45Z,'flooding',www.insurancejournal.com,en,0.0,Beijing Faces More Torrential Rainfall Days After Deadly Floods,"Beijing is getting drenched by another round of heavy rain, one week after torrential downpours across parts of the Chinese capital unleashed flooding that claimed at least 44 lives. The city’s meteorological service elevated its rainstorm warning signal to r…",https://www.insurancejournal.com/news/international/2025/08/04/834402.htm,https://www.insurancejournal.com/app/uploads/2025/08/damaged-vehicles-after-floods-in-northern-beijing-getty-scaled.jpg,,"Beijing is getting drenched by another round of heavy rain, one week after torrential downpours across parts of the Chinese capital unleashed flooding that claimed at least 44 lives.
The city’s mete… [+1493 chars]",,"Peking sieht sich nach tödlichen Überschwemmungen mit weiteren sintflutartigen Regenfällen konfrontiert. Peking wird von einer weiteren Runde heftiger Regenfälle durchnässt, eine Woche nachdem sintflutartige Regenfälle in Teilen der chinesischen Hauptstadt Überschwemmungen ausgelöst hatten, die mindestens 44 Todesopfer forderten. Der Wetterdienst der Stadt hat sein Regenwarnsignal auf r… erhöht.","Beijing Faces More Torrential Rainfall Days After Deadly Floods. Beijing is getting drenched by another round of heavy rain, one week after torrential downpours across parts of the Chinese capital unleashed flooding that claimed at least 44 lives. The city’s meteorological service elevated its rainstorm warning signal to r…","Beijing Faces Magis Torrentia Pluviae Diebus Post Mortiferum Flumina. Beijing alia circum pluviae magnae madescit, una septimana post torrentes imbres trans partes capitis Sinensium inundationem invehitur quae saltem 44 vitas asseruit. Meteorologicum civitatis munus suum imbrem praemonitum r…",2026-01-07 21:55:04+00:00
6d7a5e5aba32408b849b8575d14bad11,2025-08-04T16:43:19Z,'floods',abcnews.go.com,en,0.0,Rescuers call off search for 11 people presumed dead in Pakistan floods,"Rescuers in northern Pakistan have called off a two-week search for at least 11 people swept away by flash floods last month, saying they are now presumed dead",https://abcnews.go.com/International/wireStory/rescuers-call-off-search-11-people-presumed-dead-124345508,https://i.abcnewsfe.com/a/8140cc42-f433-458e-9355-1d9305a9737d/wirestory_39cc0bb7acb028b9cf41a0b99aa019b3_16x9.jpg?w=1600,,"PESHAWAR, Pakistan -- Rescuers in northern Pakistan on Monday called off a two-week search for at least 11 people swept away by flash floods last month, saying they are now presumed dead, a governmen… [+991 chars]",,"Retter brechen Suche nach elf Menschen ab, die vermutlich bei Überschwemmungen in Pakistan ums Leben gekommen sind. Retter im Norden Pakistans haben eine zweiwöchige Suche nach mindestens elf Menschen, die letzten Monat von Sturzfluten mitgerissen wurden, abgebrochen und erklärt, sie seien nun vermutlich tot","Rescuers call off search for 11 people presumed dead in Pakistan floods. Rescuers in northern Pakistan have called off a two-week search for at least 11 people swept away by flash floods last month, saying they are now presumed dead","Resecutores appellant off inquisitionem 11 homines mortui in diluviis in Pakistania praesumentes. Restores in Pakistan Septentrionali inquisitionem per duas septimanas revocaverunt saltem 11 homines per diluvia mico mense ultimo abreptos, dicentes se nunc mortuos esse praesumptum.",2026-01-07 21:55:04+00:00
80cc1c47abbd37edbb19004480bb6d98,2025-08-04T17:16:40Z,'flooding evacuation',www.wsbtv.com,en,0.0,Responders carry people from flooding apartments in Covington,"Cleanup efforts are underway in Covington after a housing complex in flooded, prompting the evacuation of 25 apartments.",https://www.wsbtv.com/news/local/newton-county/responders-carry-people-flooding-apartments-covington/B2YM6ZXVQVGPHANOC7RC5CUJTA/,https://cmg-cmg-tv-10010-prod.cdn.arcpublishing.com/resizer/v2/https%3A%2F%2Fcloudfront-us-east-1.images.arcpublishing.com%2Fcmg%2FLRWY26XUNVEPBF4SC25E5W3DV4.jpeg?auth=9c85e491870d1155e4a29ab1901ad1871b6c3b8407d074d9a82c8b500eadb6fa&width=1200&height=630&smart=true,,"NEWTON COUNTY, Ga. — Cleanup efforts are underway in Covington after a housing complex in flooded, prompting the evacuation of 25 apartments.
Some of those were able to get out on their own and some… [+1264 chars]",,"Einsatzkräfte tragen Menschen aus überschwemmten Wohnungen in Covington. In Covington laufen Aufräumarbeiten, nachdem ein Wohnkomplex überschwemmt wurde und 25 Wohnungen evakuiert wurden.","Responders carry people from flooding apartments in Covington. Cleanup efforts are underway in Covington after a housing complex in flooded, prompting the evacuation of 25 apartments.","Responders homines ex inundatione mansionum in Covington portant. Tersus conatus in Covington comparatis post habitationem complexus in inundatione, 25 mansionum evacuationem impellens.",2026-01-07 21:55:04+00:00
5554a80e25d857a782fc5b2e06d74ab4,2025-08-05T07:52:19Z,'deluge',slashdot.org,en,0.0,Hong Kong Sees Record Rainstorm Warnings as Deluge Hits City - Bloomberg.com,"Hong Kong Sees Record Rainstorm Warnings as Deluge Hits CityBloomberg.com Hong Kong issues highest weather warning, as rains shut schools, courts and hospital wardsReuters Black rainstorm warning to stay in force in Hong Kong until 3pmSouth China Morning Post…",https://slashdot.org/firehose.pl?op=view&amp;id=178569420,,,The Fine Print: The following comments are owned by whoever posted them. We are not responsible for them in any way.,,"In Hongkong gibt es Rekordregenwarnungen, da die Stadt von einer Überschwemmung heimgesucht wird - Bloomberg.com. Hongkong erlebt Rekordregenwarnungen, da die Überschwemmung CityBloomberg.com heimsucht Hongkong gibt höchste Wetterwarnung heraus, da Regenfälle Schulen, Gerichte und Krankenhausstationen schließen Reuters Die Warnung vor schwarzem Regen bleibt in Hongkong bis 15:00 Uhr in KraftSouth China Morning Post…","Hong Kong Sees Record Rainstorm Warnings as Deluge Hits City - Bloomberg.com. Hong Kong Sees Record Rainstorm Warnings as Deluge Hits CityBloomberg.com Hong Kong issues highest weather warning, as rains shut schools, courts and hospital wardsReuters Black rainstorm warning to stay in force in Hong Kong until 3pmSouth China Morning Post…","Hong Kong Videt Record Rainstorm Admonitiones ut Diluvium Hits City - Bloomberg.com. Hong Kong Vides Record Rainstorm Admonitiones ut Diluvium Hits CityBloomberg.com Hong Kong quaestiones summae tempestatis admonet, ut pluviae scholas claudant, curias et hospitium custodiarum Nigrorum admonitio ut maneat in Hong Kong donec 3pmSouth Sinis Mane Post…",2026-01-07 21:55:04+00:00
33ad86dbf8c9620d3946d817d8a8f635,2025-08-05T09:02:34Z,'deluge',www.insurancejournal.com,en,0.0,Hong Kong Sets Rainfall Record as Deluge Disrupts Flights,"Hong Kong set a rainfall record for August after violent storms lashed the city on Tuesday, leading to flight delays and commuter chaos. About 356 millimeters (14 inches) of precipitation was recorded at the Hong Kong Observatory’s headquarters through to …",https://www.insurancejournal.com/news/international/2025/08/05/834536.htm,https://www.insurancejournal.com/app/uploads/2025/08/heavy-rainfall-in-hong-kong-bloomberg-scaled.jpg,,"Hong Kong set a rainfall record for August after violent storms lashed the city on Tuesday, leading to flight delays and commuter chaos.
About 356 millimeters (14 inches) of precipitation was record… [+3300 chars]",,"Hongkong stellt Niederschlagsrekord auf, da Überschwemmungen den Flugverkehr beeinträchtigen. Hongkong stellte im August einen Niederschlagsrekord auf, nachdem am Dienstag heftige Stürme die Stadt heimgesucht hatten, die zu Flugverspätungen und Pendlerchaos führten. Am Hauptsitz des Hong Kong Observatory wurden bis … etwa 356 Millimeter (14 Zoll) Niederschlag registriert.","Hong Kong Sets Rainfall Record as Deluge Disrupts Flights. Hong Kong set a rainfall record for August after violent storms lashed the city on Tuesday, leading to flight delays and commuter chaos. About 356 millimeters (14 inches) of precipitation was recorded at the Hong Kong Observatory’s headquarters through to …","Hong Kong ponit Pluvia Record pro Diluvio Disrupts Volatus. Hong Kong pro Augusto post tempestates violentas urbem Martis die verberavit, moras fugandas et chaos uectorarium ducens. Circiter 356 millimetra (14 dig) de praecipitatione in Hong Kong Observatorii praetorio ad ... scripta est.",2026-01-07 21:55:04+00:00
563db3e743cc14ba9670f30f9294e06e,2025-08-05T10:56:00Z,'floods',www.dw.com,en,0.0,Uttarakhand floods: India deploys military after mudslide,"Dozens of people people are reportedly missing after flash flooding swept up a Himalayan  village. The state said rescue teams had been deployed ""on a war footing.""",https://www.dw.com/en/uttarakhand-flash-flooding-in-india/a-73532075,https://static.dw.com/image/69105330_6.jpg,,"Indian officials said Tuesday a cloudburst triggered flash flooding in the northern state of Uttarakhand, washing away a Himalayan village.
Indian broadcaster NDTV reported that at least four people… [+522 chars]",,"Überschwemmungen in Uttarakhand: Indien setzt nach Schlammlawine Militär ein. Berichten zufolge werden Dutzende Menschen vermisst, nachdem eine Sturzflut ein Dorf im Himalaya heimgesucht hat. Der Staat sagte, Rettungsteams seien „auf Kriegsbasis“ eingesetzt worden.","Uttarakhand floods: India deploys military after mudslide. Dozens of people people are reportedly missing after flash flooding swept up a Himalayan  village. The state said rescue teams had been deployed ""on a war footing.""","Inundationes Uttarakhand: India militaris post mudslide disponit. Juxta justos hominum inundationes Hi-alayan vicum rapuerunt justo hominum numero. Civitas dixit liberandae iunctae iunctae ""in bello consistere.""",2026-01-07 21:55:04+00:00
7ef25ed12162bf2c4f4f26a96a3cb165,2025-08-05T11:22:20Z,'floods',www.digitaljournal.com,en,0.0,"Flash flood washes out Himalayan town, killing 4","Rescue teams deployed Tuesday to India’s Himalayan region after flash floods tore down a mountain valley, appearing to wipe away much of a town, where at least four people were killed. Videos broadcast on Indian media showed a surge of muddy water sweeping aw…",https://www.digitaljournal.com/world/flash-flood-washes-out-himalayan-town-killing-4/article,https://www.digitaljournal.com/wp-content/uploads/2025/08/6e0cb77ebc9f8be8856529e2ed581001a53943cf.jpg,,"Rescue teams deployed to India's Uttarakhand state where flash flooding washed out a town in the tourist region of Dharali - Copyright Uttarakhand's State Disaster Response Force (SDRF)/AFP -
Rescue… [+2328 chars]",,"Sturzflut überschwemmt Stadt im Himalaya und tötet vier Menschen. Rettungsteams wurden am Dienstag in die Himalaya-Region Indiens entsandt, nachdem Sturzfluten ein Gebirgstal niederrissen und offenbar einen Großteil einer Stadt weggespült hatten, wobei mindestens vier Menschen getötet wurden. In indischen Medien ausgestrahlte Videos zeigten eine Schwall schlammigen Wassers, das über … fegte.","Flash flood washes out Himalayan town, killing 4. Rescue teams deployed Tuesday to India’s Himalayan region after flash floods tore down a mountain valley, appearing to wipe away much of a town, where at least four people were killed. Videos broadcast on Indian media showed a surge of muddy water sweeping aw…","Flash diluvium delet oppidum Himalayan occisio 4. Partes liberate Martis in regione Himalayan in Indiae explicaverunt postquam inundationes splendidas montem vallem deiecerunt, apparentes multum oppidum abstergere, ubi saltem quattuor homines interfecti sunt. Videos in Indian media passim ostendit aquae turbidae fluctus aw…",2026-01-07 21:55:04+00:00
f025d229f1912ef59ca5242117e63ca9,2025-08-05T11:37:32Z,'floods',economictimes.indiatimes.com,en,0.0,Uttarkashi is only the latest warning: The reasons behind Uttarakhand’s vulnerability to disasters,"A devastating cloudburst in Uttarkashi's Harsil Valley triggered flash floods and landslides, killing at least four. This disaster highlights Uttarakhand's vulnerability due to its fragile geology, climate change impacts, and unsustainable development practic…",https://economictimes.indiatimes.com/news/india/uttarkashi-is-only-the-latest-warning-the-reasons-behind-uttarakhands-vulnerability-to-disasters/articleshow/123118114.cms,"https://img.etimg.com/thumb/msid-123118717,width-1200,height-630,imgsize-240690,overlay-economictimes/articleshow.jpg",,"The devastating cloudburst in Uttarkashi's Harsil Valley on Tuesday, that triggered flash floods and a landslide in Uttarkashi, is the latest addition to a grim pattern of ecological disasters in Utt… [+4780 chars]",,"Uttarkashi ist nur die jüngste Warnung: Die Gründe für Uttarakhands Anfälligkeit für Katastrophen. Ein verheerender Wolkenbruch im Harsil-Tal in Uttarkashi löste Sturzfluten und Erdrutsche aus, bei denen mindestens vier Menschen ums Leben kamen. Diese Katastrophe verdeutlicht die Verwundbarkeit von Uttarakhand aufgrund seiner fragilen Geologie, den Auswirkungen des Klimawandels und der nicht nachhaltigen Entwicklungspraxis …","Uttarkashi is only the latest warning: The reasons behind Uttarakhand’s vulnerability to disasters. A devastating cloudburst in Uttarkashi's Harsil Valley triggered flash floods and landslides, killing at least four. This disaster highlights Uttarakhand's vulnerability due to its fragile geology, climate change impacts, and unsustainable development practic…","Uttarkashi monitus modo tardus est: Rationes vulnerabilitas in calamitatibus Uttarakhand post. Nebula populatio in Valle Harsil Uttarkashi inundationes et proruit mico impetu utitur, quattuor saltem occisis. Haec calamitas vulnerabilitatem Uttarakhand elucidat propter eius fragilitatem geologiam, mutationem climatis, et progressionem practicam inexpugnabilem ...",2026-01-07 21:55:04+00:00
2b6ded6bdb257c4adf59f51c18e40273,2025-08-05T12:14:13Z,'floods',www.aljazeera.com,en,0.0,Dozens trapped after cloudburst causes flash floods in India,"Flash flooding caused by a massive cloudburst was filmed wiping out buildings in a Himalayan town in India on Tuesday,",https://www.aljazeera.com/video/newsfeed/2025/8/5/dozens-trapped-after-cloudburst-causes-flash-floods-in-india,https://www.aljazeera.com/wp-content/uploads/2025/08/image-1754396044.jpg?resize=1920%2C1080&quality=80,,"NewsFeed
Flash flooding caused by a massive cloudburst was filmed wiping out buildings in a Himalayan town in India on Tuesday, as rescuers fear dozens are trapped.",,"Dutzende sind eingeschlossen, nachdem ein Wolkenbruch in Indien zu Sturzfluten geführt hat. Am Dienstag wurde gefilmt, dass Sturzfluten, die durch einen massiven Wolkenbruch verursacht wurden, Gebäude in einer Himalaya-Stadt in Indien zerstörten.","Dozens trapped after cloudburst causes flash floods in India. Flash flooding caused by a massive cloudburst was filmed wiping out buildings in a Himalayan town in India on Tuesday,","Dozens capti postquam nebulosus est, inundationes in India micare. Flash inundatio per magnam nebulam inclusa deletis aedificiis in oppido Himalayan die Martis in India,",2026-01-07 21:55:04+00:00
79a54c50619f8ee7dfb5658dd3ae580e,2025-08-05T13:04:00Z,'floods',news.sky.com,en,0.0,Race to find survivors as flash floods kill at least four and destroy homes and hotels in India,At least four people have been killed and buildings swept away after floodwater crashed through a Himalayan village in India.,https://news.sky.com/story/india-flash-floods-race-to-find-survivors-after-at-least-four-killed-as-homes-and-hotels-destroyed-13407326,https://e3.365dm.com/25/08/1600x900/skynews-dharali-flood-india_6983418.png?20250805141952,,"At least four people have been killed and buildings swept away after floodwater crashed through a Himalayan village in India.
Uttarakhand state's chief minister said police and the army were ""on a w… [+2225 chars]",,"Wettrennen um Überlebende, während Sturzfluten in Indien mindestens vier Menschen töten und Häuser und Hotels zerstören. Mindestens vier Menschen wurden getötet und Gebäude weggeschwemmt, nachdem eine Überschwemmung ein Himalaya-Dorf in Indien überschwemmt hatte.",Race to find survivors as flash floods kill at least four and destroy homes and hotels in India. At least four people have been killed and buildings swept away after floodwater crashed through a Himalayan village in India.,Genus superstites invenire ut diluvia fulmina saltem quattuor occidant et domos et hotels in India deleant. Saltem quattuor homines interfecti sunt et aedificia everterunt postquam aqua diluvii in vico Himalayan in India ingruebat.,2026-01-07 21:55:04+00:00
382075c641bc50fe45b6f3f0b04daaae,2025-08-05T13:05:00Z,'deluge',gizmodo.com,en,0.0,"After a Deluge of Mental Health Concerns, ChatGPT Will Now Nudge Users to Take ‘Breaks’",Having a break from reality? OpenAI thinks you should take a break.,https://gizmodo.com/after-a-deluge-of-mental-health-concerns-chatgpt-will-now-nudge-users-to-take-breaks-2000638820,https://gizmodo.com/app/uploads/2024/08/chatgpt-iran-linked-election-influence-openai.jpg,,"It’s become increasingly common for OpenAI’s ChatGPT to be accused of contributing to users’ mental health problems. As the company readies the release of its latest algorithm (GPT-5), it wants every… [+3989 chars]",,"Nach einer Flut von psychischen Bedenken wird ChatGPT Benutzer nun dazu anhalten, „Pausen“ einzulegen. Eine Pause von der Realität? OpenAI meint, Sie sollten eine Pause machen.","After a Deluge of Mental Health Concerns, ChatGPT Will Now Nudge Users to Take ‘Breaks’. Having a break from reality? OpenAI thinks you should take a break.","Post Diluvium Salus Mentis Sollicitudo, ChatGPT Will Now Nudge Users ad 'Breaks'. Habens intermissum a re? OpenAI cogitat debes accipere intermissum.",2026-01-07 21:55:04+00:00
17b832474939e4f7c1b95efcf3a38015,2025-08-05T13:07:38Z,'floods',www.aljazeera.com,en,0.0,"At least four dead, dozens missing as flash floods hit north India village","The floods were caused by a cloudburst, which is common during the country's June-September monsoon season.",https://www.aljazeera.com/news/2025/8/5/at-least-four-dead-dozens-missing-as-flash-floods-wash-north-india-village,https://www.aljazeera.com/wp-content/uploads/2025/08/AFP__20250805__68RL3T3__v2__HighRes__IndiaWeatherFlood-1754396456.jpg?resize=1920%2C1440,,"Flash floods have swept through a Himalayan village in northern India, killing at least four people and leaving more than 50 missing, according to officials, who warned that the toll could rise furth… [+3504 chars]",,"Mindestens vier Tote, Dutzende Vermisste, als Sturzfluten ein Dorf im Norden Indiens heimsuchten. Die Überschwemmungen wurden durch einen Wolkenbruch verursacht, der während der Monsunzeit im Land von Juni bis September häufig vorkommt.","At least four dead, dozens missing as flash floods hit north India village. The floods were caused by a cloudburst, which is common during the country's June-September monsoon season.","Saltem quattuor mortui, justos inundationes sicut fulgura desunt, pagum Indiae septentrionalis feriunt. Flumina nebulosa causata sunt, quae in ETESIA tempore patriae Iunii-Septembris communis est.",2026-01-07 21:55:04+00:00
8ad673c2b9d2e4230cfe2774fff68ab5,2025-08-05T13:23:11Z,'flooding',www.wsoctv.com,en,0.0,"Downpours cause flooding, traffic accidents across the region",Heavy rain sparked several issues across the Queen City region Tuesday morning.,https://www.wsoctv.com/news/local/downpours-cause-flooding-traffic-accidents-across-region/SSEMWXEZAVDW5KCKFEMZ5SCSSQ/,https://cmg-cmg-tv-10030-prod.cdn.arcpublishing.com/resizer/v2/https%3A%2F%2Fcloudfront-us-east-1.images.arcpublishing.com%2Fcmg%2FWXCHVAB7BFF6PJM4QAXMZOKXF4.jpeg?auth=14f7a59303aed6fae055e5f5c208a6052236340854894c74e04ee1aeb2d7beaf&width=1200&height=630&smart=true,https://wayback.archive-it.org/all/20250805135652/https://www.wsoctv.com/news/local/downpours-cause-flooding-traffic-accidents-across-region/SSEMWXEZAVDW5KCKFEMZ5SCSSQ/,"CHARLOTTE — Heavy rain sparked flash flooding across the Queen City region Tuesday morning.
Storm-total rainfall over the past 4-6 hours is exceeding 3-4 inches across much of southern Mecklenburg C… [+1625 chars]",,Regenfälle verursachen Überschwemmungen und Verkehrsunfälle in der gesamten Region. Heftiger Regen löste am Dienstagmorgen in der Region Queen City mehrere Probleme aus.,"Downpours cause flooding, traffic accidents across the region. Heavy rain sparked several issues across the Queen City region Tuesday morning.","Flumina inundationem, accidentia negotiationis per regionem. Imbribus gravibus complures quaestiones commoverunt per regionem reginae urbis mane Martis.",2026-01-07 21:55:04+00:00
36ca1c14f0c2c3727948395240caad0a,2025-08-05T14:05:48Z,'floods',www.aljazeera.com,en,0.0,Hong Kong battles floods amid heaviest August rainfall since 1884,More than 350mm (13.8 inches) of rain was recorded - the highest daily rainfall for August in over 140 years.,https://www.aljazeera.com/news/2025/8/5/hong-kong-battles-floods-amid-heaviest-august-rainfall-since-1884,https://www.aljazeera.com/wp-content/uploads/2025/08/2025-08-05T034024Z_1738236283_RC2P0GA5GNEY_RTRMADP_3_ASIA-WEATHER-HONGKONG-1754399191.jpg?resize=1920%2C1440,https://web.archive.org/web/20250805142105/https://www.aljazeera.com/news/2025/8/5/hong-kong-battles-floods-amid-heaviest-august-rainfall-since-1884,"Hong Kong has been hit with record-breaking rains that have seen schools and courts shuttered, hospitals disrupted, and roads badly flooded.
More than 350mm (13.8 inches) of rain had drenched the te… [+2178 chars]",,"Hongkong kämpft mit Überschwemmungen inmitten der heftigsten Regenfälle im August seit 1884. Mehr als 350 mm (13,8 Zoll) Regen wurden registriert – der höchste tägliche Niederschlag im August seit über 140 Jahren.",Hong Kong battles floods amid heaviest August rainfall since 1884. More than 350mm (13.8 inches) of rain was recorded - the highest daily rainfall for August in over 140 years.,Proeliis Hong Kong inter gravissimas Augusti pluvias cum 1884 inundat. Plures quam 350mm (13.8 pollices) pluviae scriptae sunt - supremus imbribus cotidianis pro Augusto supra 140 annos.,2026-01-07 21:55:04+00:00
20e403832137c6122c12813bd2eef593,2025-08-05T16:46:31Z,'deluge',www.cbsnews.com,en,0.0,"4 dead, 50 missing after flash floods and landslide hit Indian village","The flash floods, triggered by a cloudburst, swept through the village of Dharali, a popular tourist destination dotted with hotels and restaurants.",https://www.cbsnews.com/news/india-flash-floods-landslide-village/,https://assets2.cbsnewsstatic.com/hub/i/r/2025/08/05/dcddb64c-355d-4d69-92b9-f358bea35514/thumbnail/1200x630/c55c998f41911446f70f6091def8e298/2025-08-05t114423z-393037569-rc2z0gacrldr-rtrmadp-3-asia-weather-india-floods.jpg,,"New Delhi - At least four people were killed and 50 more were missing after massive flash floods and a landslide in the hilly north Indian state of Uttarakhand swept away dozens of homes Tuesday.
Th… [+1586 chars]",,"4 Tote, 50 Vermisste nach Sturzfluten und Erdrutsch in Indianerdorf. Die durch einen Wolkenbruch ausgelösten Sturzfluten fegten über das Dorf Dharali, ein beliebtes Touristenziel mit vielen Hotels und Restaurants.","4 dead, 50 missing after flash floods and landslide hit Indian village. The flash floods, triggered by a cloudburst, swept through the village of Dharali, a popular tourist destination dotted with hotels and restaurants.","4 mortuus, 50 carens post micos inundationes et vicum Indicum percussum proruit. Inundationes mico, nimbo excitatae, per villam Dharali, popularis urbis destinatio, cum hotels et popinae, punctata sunt.",2026-01-07 21:55:04+00:00
da667e20496fab4385f0607cbe3fefef,2025-08-05T18:30:45Z,'flooding',www.forbes.com,en,0.0,National Weather Service Will Reportedly Hire Hundreds After Backlash Over Staffing Cuts,"Cuts to the federal weather forecasting agency have been criticized in the wake of a deadly flooding event in Texas, where local offices were understaffed.",https://www.forbes.com/sites/maryroeloffs/2025/08/05/national-weather-service-will-reportedly-hire-hundreds-after-backlash-over-staffing-cuts/,"https://imageio.forbes.com/specials-images/imageserve/68924c017aa3f450f844fd45/0x0.jpg?format=jpg&crop=1661,935,x0,y87,safe&height=900&width=1600&fit=bounds",https://wayback.archive-it.org/all/20250805224420/https://www.forbes.com/sites/maryroeloffs/2025/08/05/national-weather-service-will-reportedly-hire-hundreds-after-backlash-over-staffing-cuts/,"The National Weather Service has reportedly been given the OK to hire 450 new meteorologists, hydrologists and radar technicians months after roughly 600 employees were either fired or took the buyou… [+3875 chars]",,"Berichten zufolge wird der Nationale Wetterdienst nach Gegenreaktionen wegen Personalkürzungen Hunderte neue Mitarbeiter einstellen. Nach einer tödlichen Überschwemmung in Texas, wo die örtlichen Büros unterbesetzt waren, wurden Kürzungen bei der bundesstaatlichen Wettervorhersagebehörde kritisiert.","National Weather Service Will Reportedly Hire Hundreds After Backlash Over Staffing Cuts. Cuts to the federal weather forecasting agency have been criticized in the wake of a deadly flooding event in Texas, where local offices were understaffed.","National Tempestatem Service Parem conducerent Hundreds Post Backlash Plus Staffing Cuts. Secet tempestatem foederati procurationem procurationis in casum mortiferum inundationis Texas in casum reprehensum fuisse, ubi officia localia sustinebantur.",2026-01-07 21:55:04+00:00
70d2dfe5c8ceb01c26352c0f187ac5a7,2025-08-05T19:04:00Z,'flooding rain',www.thestar.com.my,en,0.0,"Latvia declares agricultural emergency amid floods, crop damage","RIGA, Aug. 5 (Xinhua) -- The Latvian government on Tuesday declared a state of emergency in the country's agricultural sector, effective until Nov. 5, in response to prolonged rainfall and flooding that have severely disrupted this year's harvest. Read full s…",https://www.thestar.com.my/news/world/2025/08/06/latvia-declares-agricultural-emergency-amid-floods-crop-damage,https://cdn.thestar.com.my/Themes/img/newTsol_logo_socmedia.png,,"RIGA, Aug. 5 (Xinhua) -- The Latvian government on Tuesday declared a state of emergency in the country's agricultural sector, effective until Nov. 5, in response to prolonged rainfall and flooding t… [+1277 chars]",,"Lettland ruft aufgrund von Überschwemmungen und Ernteschäden den landwirtschaftlichen Notstand aus. RIGA, 5. August (Xinhua) – Die lettische Regierung hat am Dienstag den Ausnahmezustand im Agrarsektor des Landes ausgerufen, der bis zum 5. November gelten soll, als Reaktion auf anhaltende Regenfälle und Überschwemmungen, die die diesjährige Ernte erheblich beeinträchtigt haben. Lesen Sie die ganze s…","Latvia declares agricultural emergency amid floods, crop damage. RIGA, Aug. 5 (Xinhua) -- The Latvian government on Tuesday declared a state of emergency in the country's agricultural sector, effective until Nov. 5, in response to prolonged rainfall and flooding that have severely disrupted this year's harvest. Read full s…","Lettonia inter flumina subitis agriculturae damnum seges declarat. Riga, Aug. 5 (Xinhua) -- Regimen Latvianum die Martis declaravit casum casum in regione agriculturae patriae, quae usque ad diem 5 novembris efficax est, propter imbres diuturnos et inundationes quae hoc anno messem graviter perturbarunt. Read full s…",2026-01-07 21:55:04+00:00
5cd54bd677d937c16305d13f24f10f6e,2025-08-05T19:12:18Z,'flooding',www.aljazeera.com,en,0.0,Major flooding in Hong Kong as highest weather warning issued,"Record-breaking rains flooded parts of Hong Kong, as the city recorded its highest August rainfall since 1884.",https://www.aljazeera.com/video/newsfeed/2025/8/5/major-flooding-in-hong-kong-as-highest-weather-warning-issued,https://www.aljazeera.com/wp-content/uploads/2025/08/image-1754421099.jpg?resize=1920%2C1080&quality=80,,"NewsFeed
Record-breaking rains flooded parts of Hong Kong, disrupting flights, schools, and courts as the city recorded its highest August rainfall since 1884. The storm followed deadly flash floods… [+42 chars]",,"Schwere Überschwemmungen in Hongkong aufgrund der höchsten Wetterwarnung. Rekordregenfälle überschwemmten Teile Hongkongs, da die Stadt im August den höchsten Niederschlag seit 1884 verzeichnete.","Major flooding in Hong Kong as highest weather warning issued. Record-breaking rains flooded parts of Hong Kong, as the city recorded its highest August rainfall since 1884.","Maior inundatio in Hong Kong quam summa tempestas denuntiata est. Record-fractionis pluviae partes Hong Kong inundatae, ut urbs eius supremi Augusti pluviis ab 1884 exposita.",2026-01-07 21:55:04+00:00
1043bfd6fc56276c6fcfb818dbac0f70,2025-08-05T21:13:19Z,'floods',japantoday.com,en,0.0,Summer 2025 already a cavalcade of climate extremes,"Record heat, massive fires, deadly floods... August has barely begun, but the summer of 2025 is already marked by a cascade of destructive and deadly weather in the northern hemisphere. &quot;Extreme temperatures and precipitation have become more intense and…",https://japantoday.com/category/features/environment/summer-2025-already-a-cavalcade-of-climate-extremes,,,"Record heat, massive fires, deadly floods... August has barely begun, but the summer of 2025 is already marked by a cascade of destructive and deadly weather in the northern hemisphere.
""Extreme tem… [+3200 chars]",,"Der Sommer 2025 ist bereits eine Flut von Klimaextremen. Rekordhitze, gewaltige Brände, tödliche Überschwemmungen ... Der August hat kaum begonnen, aber der Sommer 2025 ist bereits von einer Kaskade zerstörerischer und tödlicher Wetterereignisse auf der Nordhalbkugel geprägt. „Extreme Temperaturen und Niederschläge sind intensiver geworden und…“","Summer 2025 already a cavalcade of climate extremes. Record heat, massive fires, deadly floods... August has barely begun, but the summer of 2025 is already marked by a cascade of destructive and deadly weather in the northern hemisphere. &quot;Extreme temperatures and precipitation have become more intense and…","Aestiva 2025 iam cavatio climatis extrema est. Aestas, incendia immania, funestae diluvia vix incohata sunt ... Augustus, sed aestas anni 2025 iam notata est tempestate cascade perniciosae ac funestae in hemisphaerio septentrionali. & Amp; Extremae temperaturae et praecipitatio intensior et ...",2026-01-07 21:55:04+00:00
7c787d1fdd00ba479ffa8bec66f7a944,2025-08-05T22:00:59Z,'flooding',foreignpolicy.com,en,0.0,Devastating Floods Highlight Beijing’s Water Problems,"The Chinese capital is uniquely vulnerable to weather events, especially amid climate changes.",http://foreignpolicy.com/2025/08/05/beijing-floods-china-water-infrastructure-climate-weather-environment/,https://foreignpolicy.com/wp-content/uploads/2025/08/beijing-floods-GettyImages-2226867941.jpg?w=1000,http://archive.md/20250806003533/https://foreignpolicy.com/2025/08/05/beijing-floods-china-water-infrastructure-climate-weather-environment/,"Welcome to Foreign Policys China Brief.
The highlights this week: Floods prompt mass evacuations in Beijing, a viral video of bullying sparks protests, and another trade deadline looms over the Unit… [+8006 chars]",,"Verheerende Überschwemmungen machen Pekings Wasserprobleme deutlich. Die chinesische Hauptstadt ist besonders anfällig für Wetterereignisse, insbesondere angesichts des Klimawandels.","Devastating Floods Highlight Beijing’s Water Problems. The Chinese capital is uniquely vulnerable to weather events, especially amid climate changes.","Flumina vastantes Highlight Beijing's Water Problems. Caput Sinensium singulariter vulnerabile est tempestatibus eventus, praesertim inter mutationes climatis.",2026-01-07 21:55:04+00:00
8e4b8f3c3d61ac77dbe14deaacf0bf44,2025-08-05T23:14:07Z,'flooding death',www.newyorker.com,en,0.0,How to Prevent More Starvation Deaths in Gaza,"As Israel refuses to let in sufficient humanitarian aid, a leading expert on famine explains why even “flooding the zone” with food won’t be enough.",https://www.newyorker.com/news/q-and-a/how-to-prevent-more-starvation-deaths-in-gaza,"https://media.newyorker.com/photos/689122255c497af0dd52967a/16:9/w_1280,c_limit/CHOTINER_ALEX-DEWAAL_REDUX_16345970.jpg",http://archive.md/20250805232228/https://www.newyorker.com/news/q-and-a/how-to-prevent-more-starvation-deaths-in-gaza,"In July sixty-three people, including more than twenty children, died of starvation in the Gaza Strip, according to Gazas Health Ministry. More have been dying this week. Israel is now facing increas… [+7903 chars]",,"Wie man weitere Hungertote in Gaza verhindern kann. Da Israel sich weigert, ausreichend humanitäre Hilfe hereinzulassen, erklärt ein führender Experte für Hungersnöte, warum selbst eine „Überschwemmung der Zone“ mit Nahrungsmitteln nicht ausreichen wird.","How to Prevent More Starvation Deaths in Gaza. As Israel refuses to let in sufficient humanitarian aid, a leading expert on famine explains why even “flooding the zone” with food won’t be enough.","Mortes in Gaza plures fame praecaveantur. Cum Israel satis humanitarium auxilium mittere recusat, princeps famis peritus explanat cur etiam ""zonam inundare"" cibo non sufficiat.",2026-01-07 21:55:04+00:00
1d78a24cbf3659dfcc3ff5f915e68ad2,2025-08-06T04:26:05Z,'flooding area',www.thehindubusinessline.com,en,0.0,Himalayan tragedies: A timeline of deadly disasters in India’s mountain states,"The Indian Himalayas have seen repeated disasters like floods and landslides, largely due to climate change and unplanned development, raising safety and sustainability concerns.",https://www.thehindubusinessline.com/news/himalayan-tragedies-a-timeline-of-deadly-disasters-in-indias-mountain-states/article69900019.ece,https://bl-i.thgim.com/public/incoming/ylrfua/article69900023.ece/alternates/LANDSCAPE_1200/20250805374L.jpg,,"At least four people were killed and more than 50 were missing after flood waters swept through a village in India's Himalayan state of Uttarakhand on Tuesday.
Here are similar disasters in the moun… [+2119 chars]",,"Tragödien im Himalaya: Eine Zeitleiste tödlicher Katastrophen in den Bergstaaten Indiens. Im indischen Himalaya kam es wiederholt zu Katastrophen wie Überschwemmungen und Erdrutschen, die größtenteils auf den Klimawandel und ungeplante Entwicklungen zurückzuführen waren, was Sicherheits- und Nachhaltigkeitsbedenken aufkommen ließ.","Himalayan tragedies: A timeline of deadly disasters in India’s mountain states. The Indian Himalayas have seen repeated disasters like floods and landslides, largely due to climate change and unplanned development, raising safety and sustainability concerns.","Himalayan tragoediae: A timeline calamitatum capitalium in civitatibus montanis Indiae. Indicus Himalayas varias clades vidit sicut inundationes et ruinas, maxime propter mutationem climatis et progressionem non parvam, salutem et sustentabilitatem curarum suscitandi.",2026-01-07 21:55:04+00:00
b109990fe326701ad2b36dd8a4d73631,2025-08-06T04:54:02Z,'flooding area',www.bbc.com,en,0.0,More than 100 missing after flash floods in India,Many rescue teams have been unable to reach the area because of damaged roads and bad weather.,https://www.bbc.com/news/articles/cj3lxzpkn87o,https://ichef.bbci.co.uk/news/1024/branded_news/a219/live/4b697a00-7271-11f0-bc37-3bd58a1899a4.jpg,,"Nikita Yadav
Officials say more than 100 people are missing after a cloudburst triggered devastating flash floods in India's northern state of Uttarakhand. 
Rescue operations are under way in Uttar… [+2827 chars]",,Mehr als 100 Vermisste nach Sturzfluten in Indien. Viele Rettungsteams konnten das Gebiet wegen beschädigter Straßen und schlechtem Wetter nicht erreichen.,More than 100 missing after flash floods in India. Many rescue teams have been unable to reach the area because of damaged roads and bad weather.,Plus quam 100 desunt post micos in India inundationes. Multi iugis liberandi propter vexatas vias et tempestates malas ad aream pervenire potuerunt.,2026-01-07 21:55:04+00:00
e72599a5a3b0fb4dfe7b9ad118957ef4,2025-08-06T06:49:06Z,'flooding',www.yahoo.com,en,0.0,Social media users fall for AI-generated clip of flooding in northern India,"After flash floods and landslides caused by torrential rain killed dozens in northern India, social media users shared a clip falsely claiming it shows the...",https://www.yahoo.com/news/articles/social-media-users-fall-ai-064906669.html,https://media.zenfs.com/en/afp_factcheck_us_713/b256612e7bd34f56924b55b67d8fbb44,,"After flash floods and landslides caused by torrential rain killed dozens in northern India, social media users shared a clip falsely claiming it shows the disaster in the state of Uttar Pradesh. But… [+2399 chars]",,"Social-Media-Nutzer fallen auf KI-generierte Ausschnitte von Überschwemmungen in Nordindien herein. Nachdem durch sintflutartige Regenfälle verursachte Sturzfluten und Erdrutsche Dutzende Menschen in Nordindien getötet hatten, teilten Social-Media-Nutzer einen Clip mit der fälschlichen Behauptung, er zeige die...","Social media users fall for AI-generated clip of flooding in northern India. After flash floods and landslides caused by torrential rain killed dozens in northern India, social media users shared a clip falsely claiming it shows the...","Social media utentes cadunt pro clipeorum generatorum AI inundationis in India septentrionali. Post diluvia et prolapsa fulmina ex pluvia torrenti in India septentrionali justos interfectos, instrumentorum socialium utentium communes clipei falso affirmantis ostendit...",2026-01-07 21:55:04+00:00
bb4e3bd02c787e263e325acf1929fde8,2025-08-06T06:54:00Z,'floods',news.sky.com,en,0.0,Dozens believed to be trapped under rubble after flash floods in northern India,Rescue teams are working to find dozens of missing people after flash floods struck a Himalayan village in northern India.,https://news.sky.com/story/india-flash-floods-dozens-believed-to-be-trapped-under-rubble-as-at-least-11-soldiers-reported-missing-13407615,https://e3.365dm.com/25/08/1600x900/skynews-uttarakhand-india-uttarkashi_6983890.jpg?20250806081653,,"Rescue teams are working to find dozens of missing people after flash floods struck a Himalayan village in northern India.
At least four people have been killed and buildings swept away after intens… [+3011 chars]",,"Nach Sturzfluten in Nordindien sollen Dutzende Menschen unter Trümmern eingeschlossen sein. Rettungsteams arbeiten daran, Dutzende vermisste Menschen zu finden, nachdem Sturzfluten ein Himalaya-Dorf in Nordindien heimgesucht haben.",Dozens believed to be trapped under rubble after flash floods in northern India. Rescue teams are working to find dozens of missing people after flash floods struck a Himalayan village in northern India.,Dozens creditus est sub ruderibus post diluvia in India septentrionali decepta. Eripe iunctos laborantes ut justos absentis homines post micos diluvii in India septentrionali pagum Himalayan percussit.,2026-01-07 21:55:04+00:00
d2afe87a6f6ab471a4bdae1b14923138,2025-08-06T09:42:15Z,'floods',abcnews.go.com,en,0.0,Rescuers search for dozens missing after deadly flash floods kill 4 in northern India,"Rescuers are scouring a devastated Himalayan village in northern India's Uttarakhand state to find missing people, a day after flash floods killed at least four and left many others trapped under debris",https://abcnews.go.com/International/wireStory/rescuers-search-dozens-missing-after-deadly-flash-floods-124401897,https://i.abcnewsfe.com/a/c774f6e8-c714-433a-80f1-10a389e03f08/wirestory_04f67370a3774ee705d1a34cca006757_16x9.jpg?w=1600,,"LUCKNOW, India -- Rescuers were scouring a devastated Himalayan village in northern India to find dozens of missing people, a day after flash floods killed at least four people and left many others t… [+2486 chars]",,"Retter suchen nach Dutzenden Vermissten, nachdem tödliche Sturzfluten in Nordindien vier Menschen getötet haben. Retter durchsuchen ein zerstörtes Himalaya-Dorf im nordindischen Bundesstaat Uttarakhand auf der Suche nach vermissten Menschen, einen Tag nachdem Sturzfluten mindestens vier Menschen getötet und viele andere unter Trümmern eingeschlossen waren","Rescuers search for dozens missing after deadly flash floods kill 4 in northern India. Rescuers are scouring a devastated Himalayan village in northern India's Uttarakhand state to find missing people, a day after flash floods killed at least four and left many others trapped under debris","Resecutores quaerentes justos absentes cum inundationibus mortiferis mico 4 in India septentrionali necant. Salutores pagi Himalayan populati in civitate Uttarakhand Indiae septentrionalis vagantur ut homines absentes inveniant, dies post diluvia inundationes saltem quattuor occiduntur et multos alios sub strages capti reliquerunt.",2026-01-07 21:55:04+00:00
76a61f9dd764527e0c0a7168a26fd15c,2025-08-06T14:17:11Z,'floods',www.aljazeera.com,en,0.0,Indian village swallowed by mudslide: What happened – and why?,More than 100 people are missing after floods swept through a village in Uttarakhand.,https://www.aljazeera.com/news/2025/8/6/indian-village-swallowed-by-mudslide-what-happened-and-why,https://www.aljazeera.com/wp-content/uploads/2025/08/13244135-1754477228.jpg?resize=1920%2C1440,http://archive.md/20250807045524/https://www.aljazeera.com/news/2025/8/6/indian-village-swallowed-by-mudslide-what-happened-and-why,"More than 100 people are missing and at least four people have died after flash floods swept through the village of Dharali, in the north Indian state of Uttarakhand.
Teams from the army and disaste… [+3038 chars]",,"Indianerdorf von Schlammlawine verschluckt: Was ist passiert – und warum? Mehr als 100 Menschen werden vermisst, nachdem Überschwemmungen ein Dorf in Uttarakhand heimgesucht haben.",Indian village swallowed by mudslide: What happened – and why?. More than 100 people are missing after floods swept through a village in Uttarakhand.,Indicus vicus a mudslide devoratus: Quid accidit - et quare?. Plus quam 100 homines desunt postquam inundationes per vicum in Uttarakhand scopae trahuntur.,2026-01-07 21:55:04+00:00
b73283d4f0182c142a5085035c102540,2025-08-06T14:29:10Z,'flooding',www.insurancejournal.com,en,0.0,Hartford Flood Relief Program Gets $4.7 Million More to Meet Demand,"Connecticut has approved $4.7 million in new funding for a program that helps homeowners, businesses and tenants in the city of Hartford’s neighborhoods recover from flooding. The Hartford Flood Compensation & Relief Programs (HFCRP) was launched in 2023 and …",https://www.insurancejournal.com/news/east/2025/08/06/834742.htm,https://www.insurancejournal.com/img/social/opengraph/ij-social-flood-1200x630.png,,"Connecticut has approved $4.7 million in new funding for a program that helps homeowners, businesses and tenants in the city of Hartford’s neighborhoods recover from flooding.
The Hartford Flood Com… [+2537 chars]",,"Das Hartford Flood Relief Program erhält 4,7 Millionen US-Dollar mehr, um die Nachfrage zu decken. Connecticut hat 4,7 Millionen US-Dollar an neuen Mitteln für ein Programm genehmigt, das Hausbesitzern, Unternehmen und Mietern in den Stadtteilen der Stadt Hartford hilft, sich von Überschwemmungen zu erholen. Das Hartford Flood Compensation & Relief Programs (HFCRP) wurde 2023 ins Leben gerufen und …","Hartford Flood Relief Program Gets $4.7 Million More to Meet Demand. Connecticut has approved $4.7 million in new funding for a program that helps homeowners, businesses and tenants in the city of Hartford’s neighborhoods recover from flooding. The Hartford Flood Compensation & Relief Programs (HFCRP) was launched in 2023 and …","Hartford Diluvium Relevamen Program accipit $4.7 Million More ad Meet Demand. Connecticut approbavit $4.7 decies centena millia in novo sumptu pro programmate quod adiuvat homeowners, negotiatores et tenentes in urbe Hartford vicinitatibus ex inundatione recuperare. Diluvium Hartford Compensation & Solamen Programs (HFCRP) anno MMXXIII deductae et …",2026-01-07 21:55:04+00:00
25112f7e6956356cdb5a6adfe0fc99f9,2025-08-06T14:44:27Z,'flooding',nypost.com,en,0.0,"Southeast braces for double-digit rainfall total, flooding as storms persist through weekend","A stalled frontal boundary draped across the Southeast, combined with developing areas of low pressure, is setting the stage for several more days of heavy rainfall from the Interstate 10 corridor northward through Georgia and the Carolinas.",https://nypost.com/2025/08/06/us-news/southeast-braces-for-double-digit-rainfall-total-flooding-as-storms-persist-through-weekend/,https://nypost.com/wp-content/uploads/sites/2/2025/08/flood-waters-french-broad-river-109276389.jpg?quality=75&strip=all&w=1024,,"A stalled frontal boundary draped across the Southeast, combined with developing areas of low pressure, is setting the stage for several more days of heavy rainfall from the Interstate 10 corridor no… [+3122 chars]",,"Der Südosten rechnet mit zweistelligen Niederschlagsmengen und Überschwemmungen, da die Stürme das ganze Wochenende über andauern. Eine festgefahrene Frontgrenze im Südosten sowie die Entwicklung von Tiefdruckgebieten bereiten die Bühne für mehrere weitere Tage heftiger Regenfälle vom Interstate-10-Korridor nach Norden durch Georgia und die Carolinas.","Southeast braces for double-digit rainfall total, flooding as storms persist through weekend. A stalled frontal boundary draped across the Southeast, combined with developing areas of low pressure, is setting the stage for several more days of heavy rainfall from the Interstate 10 corridor northward through Georgia and the Carolinas.","Meridiem adstringit pluviae duplicis digiti totales, inundationes sicut procellae per volutpat perstant. Terminus in fronte condicionem trans meridiem inflexis coniunctis adiunctis minutis pressionis coniungens, scaena aliquot dies pluviae gravis ab Interstate 10 corridor septentrionalis per Georgiam et Carolinam.",2026-01-07 21:55:04+00:00
aa1bb7cc63dba12f2401b0823e55912a,2025-08-06T15:16:23Z,'flooding disaster',www.insurancejournal.com,en,0.0,Texas House Members Discuss Flood-Related Bills Despite Standstill,Texas House members on a special committee for disaster preparedness met Tuesday to discuss for the first time specific bills filed in response to the deadly Central Texas flooding. The hearing included bills that would require flood disaster plans for …,https://www.insurancejournal.com/news/southcentral/2025/08/06/834778.htm,https://www.insurancejournal.com/app/uploads/2025/07/Texas-Flood-Fatalities--scaled.jpg,,"Texas House members on a special committee for disaster preparedness met Tuesday to discuss for the first time specific bills filed in response to the deadly Central Texas flooding.
The hearing incl… [+6832 chars]",,"Abgeordnete des Repräsentantenhauses von Texas diskutieren trotz Stillstand über Gesetzesentwürfe im Zusammenhang mit Überschwemmungen. Mitglieder eines Sonderausschusses für Katastrophenvorsorge im Repräsentantenhaus von Texas trafen sich am Dienstag, um zum ersten Mal konkrete Gesetzesentwürfe zu besprechen, die als Reaktion auf die tödliche Überschwemmung in Zentral-Texas eingereicht wurden. Die Anhörung umfasste Gesetzentwürfe, die Hochwasserkatastrophenpläne für … erfordern würden.",Texas House Members Discuss Flood-Related Bills Despite Standstill. Texas House members on a special committee for disaster preparedness met Tuesday to discuss for the first time specific bills filed in response to the deadly Central Texas flooding. The hearing included bills that would require flood disaster plans for …,Texas Domus Sodales Discuss Diluvium-Related rogationes Quamvis Standstill. Texas Domus membra in speciali commissione ad calamitatis praeparationem convenerunt Martis ad tractandum primum rogationes specificas interpositas responsionibus mortiferis Centralis Texas inundationis. Auditio inclusa rogationum quae diluvium cladis consilia postularent de ...,2026-01-07 21:55:04+00:00
7a1fff64d19c1b2382341e4d89f97263,2025-08-06T17:48:00Z,'flooding',www.channelnewsasia.com,en,0.0,Tens of thousands evacuated as torrential rains hit south China,"BEIJING: Torrential rains triggered widespread flooding and landslides across southern China on Wednesday (Aug 6), forcing tens of thousands to evacuate as emergency services rushed to rescue those trapped in collapsed buildings and submerged streets. More th…",https://www.channelnewsasia.com/world/tens-thousands-evacuated-torrential-rains-hit-south-china-5281191,"https://dam.mediacorp.sg/image/upload/s--KyYKle_u--/fl_relative,g_south_east,l_one-cms:core:watermark:ap_data-1,w_0.1/f_auto,q_auto/c_fill,g_auto,h_676,w_1200/v1/one-cms/core/china_chikungunya_outbreak_35783.jpg?itok=gTjPqzPi",,"BEIJING: Torrential rains triggered widespread flooding and landslides across southern China on Wednesday (Aug 6), forcing tens of thousands to evacuate as emergency services rushed to rescue those t… [+677 chars]",,"Zehntausende wurden evakuiert, als sintflutartige Regenfälle Südchina trafen. PEKING: Sintflutartige Regenfälle lösten am Mittwoch (6. August) weit verbreitete Überschwemmungen und Erdrutsche im gesamten Süden Chinas aus und zwangen Zehntausende zur Evakuierung, während Rettungskräfte herbeieilten, um diejenigen zu retten, die in eingestürzten Gebäuden und überschwemmten Straßen eingeschlossen waren. Mehr als …","Tens of thousands evacuated as torrential rains hit south China. BEIJING: Torrential rains triggered widespread flooding and landslides across southern China on Wednesday (Aug 6), forcing tens of thousands to evacuate as emergency services rushed to rescue those trapped in collapsed buildings and submerged streets. More th…","Decem milia emittuntur sicut imbres torrentes Sinas Australes feriunt. BEIJING: imbres torrentes diffusis inundationibus et lapsibus per Sinas australes die Mercurii (Aug. 6), decem milia cogunt ut officia subitis evacuent, ut capti in ruinis aedificiis et viis demersae eruantur. More th…",2026-01-07 21:55:04+00:00
d22c31963e7e138be1c1bb2bbd87a951,2025-08-06T20:15:34Z,'flooding mudslide',www.breitbart.com,en,0.0,Dozens Missing and Dead After Flash Floods in Northern India,"At least four people are confirmed dead, and almost a hundred are missing, after a flash flood wiped out the small riverside village of Dharali in northern India.
The post Dozens Missing and Dead After Flash Floods in Northern India appeared first on Breitbar…",https://www.breitbart.com/asia/2025/08/06/dozens-missing-and-dead-after-flash-floods-in-northern-india/,https://media.breitbart.com/media/2025/08/GettyImages2228070118-640x335.jpg,,"At least four people are confirmed dead, and almost a hundred are missing, after a flash flood wiped out the small riverside village of Dharali in northern India on Tuesday.
The flood was triggered … [+2454 chars]",,"Dutzende Vermisste und Tote nach Sturzfluten in Nordindien. Mindestens vier Menschen sind tot und fast hundert werden vermisst, nachdem eine Sturzflut das kleine Flussdorf Dharali im Norden Indiens zerstörte.
Der Beitrag „Dutzende Vermisste und Tote nach Sturzfluten in Nordindien“ erschien zuerst auf Breitbar…","Dozens Missing and Dead After Flash Floods in Northern India. At least four people are confirmed dead, and almost a hundred are missing, after a flash flood wiped out the small riverside village of Dharali in northern India.
The post Dozens Missing and Dead After Flash Floods in Northern India appeared first on Breitbar…","Dozens Absentis et Mortuus Post Flash flumina in Northern India. Saltem quattuor homines mortui confirmati sunt et paene centum desunt, postquam fulgur diluvium parvum pagum Dharali in India septentrionali deleverunt.
Post Dozens Absentis et Mortuus Post Flash flumina in septemtrionis Indiae apparuit primus in Breitbar...",2026-01-07 21:55:04+00:00
faf176ae02d0612a9aba12181c7041af,2025-08-06T21:02:16Z,'flooding disaster',abcnews.go.com,en,0.0,WATCH: Flash flooding in northern India sweeps away Himalayan village,"Video circulating online shows the moment the forceful stream of water carrying debris came down on the village of Dharali, killing at least four and leaving many others trapped under debris.",https://abcnews.go.com/world-news-tonight-with-david-muirT/video/flash-flooding-northern-india-sweeps-himalayan-village-124427166,https://i.abcnewsfe.com/a/4bce5f04-50bf-4d2e-8258-952920a269fd/250806_abc_social_85_indian_flash_flood_v1_hpMain_9x16.jpg?w=992,,"<ul><li>All victims of Fort Stewart shooting expected to recover: Officials
</li><li>Suspect in custody after active shooter reported at Fort Stewart in Georgia
</li><li>Millions in path of toxic s… [+4486 chars]",,"ANSEHEN: Sturzflut in Nordindien schwemmt Dorf im Himalaya weg. Ein im Internet kursierendes Video zeigt den Moment, als der gewaltige Wasserstrahl mit Trümmern auf das Dorf Dharali herabstürzte, mindestens vier Menschen tötete und viele andere unter den Trümmern eingeschlossen zurückließ.","WATCH: Flash flooding in northern India sweeps away Himalayan village. Video circulating online shows the moment the forceful stream of water carrying debris came down on the village of Dharali, killing at least four and leaving many others trapped under debris.","VIG: Flash inundatio in India septentrionali pagum Himalayan rapit. Video circulationem online spectans momentum vehemens aquae fluminis strages in pagum Dharali descendit, quattuor saltem necans et multos alios sub strages capti relinquens.",2026-01-07 21:55:04+00:00
292fc38871685f35e59664cc2f34c6e7,2025-08-07T01:20:00Z,'floods',www.dw.com,en,0.0,Pakistan's deadly floods worsened by global warming: study,"Heavy rainfall that triggered deadly floods in Pakistan in recent weeks was worsened by human-caused climate change, a new study has found.",https://www.dw.com/en/pakistans-deadly-floods-worsened-by-global-warming-study/a-73554123,https://static.dw.com/image/73302238_6.jpg,,"Pakistan's monsoon rain was likely heavier because of climate change, making floods more dangerous, a new study found.
The report from World Weather Attribution
, a group of international scientist… [+2821 chars]",,"Die tödlichen Überschwemmungen in Pakistan werden durch die globale Erwärmung verschlimmert: Studie. Starke Regenfälle, die in Pakistan in den letzten Wochen tödliche Überschwemmungen auslösten, wurden durch den vom Menschen verursachten Klimawandel verschlimmert, wie eine neue Studie ergab.","Pakistan's deadly floods worsened by global warming: study. Heavy rainfall that triggered deadly floods in Pakistan in recent weeks was worsened by human-caused climate change, a new study has found.","Inundationes mortiferos Pakistan calefactionem globalem augent: studium. Imbribus gravis, quae in Pakistania inundationibus mortiferae Urguebant proximis hebdomadibus, mutatione climatis facta peiorabantur, novum studium inuenit.",2026-01-07 21:55:04+00:00
4685920732b89de86b7d95ab6d796907,2025-08-07T04:04:38Z,'flooding climate change',www.juancole.com,en,0.0,Flames to Floods: How Europe’s Devastating Wildfires are fuelling its next Climate Crisis,"By Ioanna Stamataki, University of Greenwich (The Conversation) - In recent years, I have all too often found myself passing over an active wildfire when flying from London to my family home in Greece during the summer months. The sky glows an eerie, apocalyp…",https://www.juancole.com/2025/08/devastating-wildfires-fuelling.html,https://media.juancole.com/images/2025/08/anasmeister-bKVrC0QEW24-unsplash.jpg,,"By Ioanna Stamataki, University of Greenwich
(The Conversation) – In recent years, I have all too often found myself passing over an active wildfire when flying from London to my family home in Gree… [+4807 chars]",,"Von Flammen zu Überschwemmungen: Wie Europas verheerende Waldbrände die nächste Klimakrise anheizen. Von Ioanna Stamataki, University of Greenwich (The Conversation) – In den letzten Jahren bin ich allzu oft über einen aktiven Waldbrand hinweggekommen, als ich in den Sommermonaten von London zu meinem Elternhaus in Griechenland flog. Der Himmel leuchtet unheimlich und apokalyptisch …","Flames to Floods: How Europe’s Devastating Wildfires are fuelling its next Climate Crisis. By Ioanna Stamataki, University of Greenwich (The Conversation) - In recent years, I have all too often found myself passing over an active wildfire when flying from London to my family home in Greece during the summer months. The sky glows an eerie, apocalyp…","Flamma ad Diluvium: Quomodo Europa vastantes Wildfires escant suum proximum Climate Crisis. Auctore Ioanna Stamataki, Universitate Greenwich (Conversatio) - His annis nimis saepe me inveni ignem ferum activum praetereuntem, cum Londini in familiam meam fugiens in Graecia mensibus aestivis. Caelum superstitio rutilat, apocalyp...",2026-01-07 21:55:04+00:00
a8f121d88b40f6bb3efe930d94a3f2e3,2025-08-07T07:33:57Z,'flooding rain',japantoday.com,en,0.0,Heavy rain continues in quake-hit region on Sea of Japan coast,"Torrential rain continued Thursday in the Hokuriku region on the Sea of Japan coast, with the weather agency warning of landslides, flooding in low-lying areas and swollen rivers. Bullet train services on the Hokuriku Shinkansen Line were halted for more than…",https://japantoday.com/category/national/torrential-rain-continues-in-quake-hit-region-on-sea-of-japan-coast,,,"Torrential rain continued Thursday in the Hokuriku region on the Sea of Japan coast, with the weather agency warning of landslides, flooding in low-lying areas and swollen rivers.
Bullet train servi… [+1530 chars]",,"In der vom Erdbeben betroffenen Region an der Küste des Japanischen Meeres hält der heftige Regen an. In der Region Hokuriku an der Küste des Japanischen Meeres kam es am Donnerstag weiterhin zu sintflutartigen Regenfällen. Die Wetterbehörde warnte vor Erdrutschen, Überschwemmungen in tiefer gelegenen Gebieten und anschwellenden Flüssen. Der Hochgeschwindigkeitszugverkehr auf der Hokuriku-Shinkansen-Linie wurde für mehr als… eingestellt.","Heavy rain continues in quake-hit region on Sea of Japan coast. Torrential rain continued Thursday in the Hokuriku region on the Sea of Japan coast, with the weather agency warning of landslides, flooding in low-lying areas and swollen rivers. Bullet train services on the Hokuriku Shinkansen Line were halted for more than…","Imber gravis in regione maritima Iaponiae in regione motus pergit. Pluviae torrentes continuatae Iovis in regione Hokuriku ad litus maritimum Iaponiae, cum tempestas procurationis ruinarum admonitio, in locis iacentibus et fluminibus tumentibus inundavit. Bullet-tramen officia in linea Hokuriku Shinkansen constiterunt plus quam ...",2026-01-07 21:55:04+00:00
7e93ffc63d544da10bdbc2e9ae773ef3,2025-08-07T08:45:00Z,'flooding residents',grist.org,en,0.0,"After Texas’ catastrophic floods, families face a daunting question: Rebuild or let go?","Brian Keeper survived the July 4 floods that devastated Hunt, Texas. But moving on may be the hardest part.",https://grist.org/extreme-weather/texas-floods-hunt-kerrville-rebuild/,https://grist.org/wp-content/uploads/2025/07/Brian-Keeper-dog-hunt-texas-flood-portrait.jpg?quality=75&strip=all,,"Brian Keeper doesnt remember exactly when his family began spending holidays in Hunt, Texas, an unincorporated town on the banks of the Guadalupe River where theyd camp, swim, and fish. Sometimes the… [+22360 chars]",,"Nach den katastrophalen Überschwemmungen in Texas stehen Familien vor einer gewaltigen Frage: Wiederaufbauen oder loslassen? Brian Keeper überlebte die Überschwemmungen vom 4. Juli, die Hunt, Texas, verwüsteten. Aber das Weitermachen dürfte der schwierigste Teil sein.","After Texas’ catastrophic floods, families face a daunting question: Rebuild or let go?. Brian Keeper survived the July 4 floods that devastated Hunt, Texas. But moving on may be the hardest part.","Post catastrophicas Texas eluvies, familiae faciem interrogationem daunting: Readifica vel dimitte?. Brian Keeper superfuit July 4 inundationes quae Hunt, Texas. Sed migremus ut durissima pars sit.",2026-01-07 21:55:04+00:00
e2032ef91b9022e7c0c84f9849c984e7,2025-08-07T09:00:00Z,'floods',www.npr.org,en,0.0,"DHS took 5 days to fund Texas flooding hotline, federal records show","Funding for FEMA's disaster survivor hotline lapsed the day after the Texas floods, federal records show. It took DHS Secretary Kristi Noem five days to approve more money.",https://www.npr.org/2025/08/07/nx-s1-5489682/fema-call-center-dhs-funding-texas-floods,https://npr.brightspotcdn.com/dims3/default/strip/false/crop/4000x2250+0+209/resize/1400/quality/100/format/jpeg/?url=http%3A%2F%2Fnpr-brightspot.s3.amazonaws.com%2Fb8%2F40%2Fca257d354b328079dd2a76eb4106%2Fgettyimages-2223690715.jpg,,"In the week after floods tore through Texas Hill Country, most survivors were unable to get through to a federal aid hotline because the Department of Homeland Security let funding lapse, according t… [+8178 chars]",,"Das DHS brauchte fünf Tage, um die Überschwemmungs-Hotline in Texas zu finanzieren, wie aus Bundesakten hervorgeht. Die Finanzierung der FEMA-Hotline für Katastrophenüberlebende ist am Tag nach den Überschwemmungen in Texas ausgelaufen, wie aus Bundesakten hervorgeht. Es dauerte fünf Tage, bis DHS-Sekretärin Kristi Noem mehr Geld genehmigte.","DHS took 5 days to fund Texas flooding hotline, federal records show. Funding for FEMA's disaster survivor hotline lapsed the day after the Texas floods, federal records show. It took DHS Secretary Kristi Noem five days to approve more money.","DHS V dies suscepit ad instituendum Texas inundationem hotline, monumenta foederati ostendunt. Fundus cladis potentis superstes hotline lapsus est die postquam inundationes Texas, monumenta foederati ostendunt. Accepit DHS Secretarius Kristi Noem quinque dies ut plus pecuniae probaret.",2026-01-07 21:55:04+00:00
554e846a7ad49234e0b9f3453aa7fa16,2025-08-07T12:09:16Z,'floods',abcnews.go.com,en,0.0,"Flash floods in North Carolina as extreme heat, critical fire danger continues West","The summer of deadly flash flooding continues, with two people killed by flash flooding near Spring Hope, North Carolina, when their car was swept away by flood waters.",https://abcnews.go.com/US/deadly-flash-flooding-north-carolina-extreme-heat-critical/story?id=124442106,https://i.abcnewsfe.com/a/00f74c8a-b815-4819-900a-1cb1018c90fb/hazy-nyc-skyline_1754567947148_hpMain_16x9.jpg?w=1600,,"The summer of deadly flash flooding continues, with two people killed by flash flooding on Wednesday near Spring Hope, North Carolina, when their car was swept away by fast-moving flood waters.
The … [+3652 chars]",,"Sturzfluten in North Carolina, da im Westen weiterhin extreme Hitze und schwere Brände drohen. Der Sommer der tödlichen Sturzfluten geht weiter. Zwei Menschen kamen bei Sturzfluten in der Nähe von Spring Hope, North Carolina, ums Leben, als ihr Auto von den Fluten mitgerissen wurde.","Flash floods in North Carolina as extreme heat, critical fire danger continues West. The summer of deadly flash flooding continues, with two people killed by flash flooding near Spring Hope, North Carolina, when their car was swept away by flood waters.","Inundationes splendent in Carolina Septentrionali, quod maximo calore, periculum ignis criticum occidentalem pergit. Aestas inundatio letalis fulguris pergit, cum duobus hominibus mico inundatione prope Spem Spring, Carolina Septentrionalis, cum currus eorum aquis diluviis abreptus est.",2026-01-07 21:55:04+00:00
60dece433f89fb58cbeb1cf7dce30100,2025-08-07T14:03:00Z,'flooding',www.dw.com,en,0.0,Trump Tariffs: Did Swiss gold refiners fuel the crisis?,"Many were baffled when Donald Trump slapped a steep 39% tariff on imports from Switzerland. The Swiss aren't known for flooding the US with cheap goods, but their outsized role in gold refining is distorting trade data. Why did Switzerland get hit with a 39% …",https://www.dw.com/en/trump-tariffs-did-swiss-gold-refiners-fuel-the-crisis/a-73554953,https://static.dw.com/image/73560179_6.jpg,,"Why did Switzerland get hit with a 39% tariff?
US President Donald Trump's argument is straightforward. He believes trade partners of the United States benefit from broad access to the US market, wh… [+6772 chars]",,"Trump-Zölle: Haben Schweizer Goldraffinerien die Krise angeheizt? Viele waren verblüfft, als Donald Trump einen hohen Zoll von 39 % auf Importe aus der Schweiz erhob. Die Schweizer sind nicht dafür bekannt, die USA mit billigen Waren zu überschwemmen, aber ihre übergroße Rolle bei der Goldraffinierung verzerrt die Handelsdaten. Warum traf es die Schweiz mit 39 % …","Trump Tariffs: Did Swiss gold refiners fuel the crisis?. Many were baffled when Donald Trump slapped a steep 39% tariff on imports from Switzerland. The Swiss aren't known for flooding the US with cheap goods, but their outsized role in gold refining is distorting trade data. Why did Switzerland get hit with a 39% …","BUCINUM Tariffs: Nunquid Helvetii aurum conflatores discriminis nutriunt? Multi obstupefacti sunt cum Donald Trump praeruptam 39% tariffam in Helvetia importat. Helvetii noti non sunt ad inundationem US cum bonis vilis, sed munus suum in auro expolitione praecognitum datam commercium pervertunt. Cur Helvetia hit cum XXXIX% ...",2026-01-07 21:55:04+00:00
bba8e29a632af706e40d94ad768dbaa0,2025-08-07T14:17:11Z,'flooding',rollingout.com,en,0.0,"80,000 Southeast Queens homes could flood out in 15 years","A devastating flood crisis is bearing down on Southeast Queens with projections showing over 80,000 homes could be lost to flooding within the next 15 years, creating one of the most severe climate disasters facing New York City’s most vulnerable residents. T…",https://rollingout.com/2025/08/07/southeast-queens-catastrophic-flooding/,https://rollingout.com/wp-content/uploads/2025/07/shutterstock_704663569-scaled.jpg,,"A devastating flood crisis is bearing down on Southeast Queens with projections showing over 80,000 homes could be lost to flooding within the next 15 years, creating one of the most severe climate d… [+6702 chars]",,"80.000 Häuser im Südosten von Queens könnten in 15 Jahren überschwemmt werden. Südost-Queens wird von einer verheerenden Überschwemmungskrise heimgesucht. Prognosen zufolge könnten innerhalb der nächsten 15 Jahre über 80.000 Häuser durch Überschwemmungen verloren gehen, was zu einer der schlimmsten Klimakatastrophen für die am stärksten gefährdeten Bewohner von New York City führen würde. T…","80,000 Southeast Queens homes could flood out in 15 years. A devastating flood crisis is bearing down on Southeast Queens with projections showing over 80,000 homes could be lost to flooding within the next 15 years, creating one of the most severe climate disasters facing New York City’s most vulnerable residents. T…","80,000 Reginarum Southeast domos per 15 annos inundare potuerunt. Discrimen populationis inundationis in Southeast Reginarum cum proiectionibus ostendens per 80.000 domos deperire potuit ad inundationem intra 15 proximos annos creans unam ex gravissimis climate calamitatibus quae in Novo Eboraco habitant maxime vulnerabiles sunt. T…",2026-01-07 21:55:04+00:00
d34df53b80330e8345655f9ec8264541,2025-08-07T16:11:33Z,'flooding',www.mensjournal.com,en,0.0,Terrifying Video Shows Flood Wiping Out Entire Village as Dozens Are Feared Dead,At least four people are dead and more than 50 people are trapped and feared dead after a massive flooding in India. The tragic scene unfolded Tuesday in the...,https://www.mensjournal.com/news/terrifying-video-india-village-wiped-out-flooding,https://media.zenfs.com/en/men_s_journal_718/87831b30afb568abd973f2406e0c7ec8,,"At least four people are dead and more than 50 people are trapped and feared dead after a massive flooding in India.
The tragic scene unfolded Tuesday in the Himalayan village of Dharali in Uttarakh… [+1632 chars]",,"Erschreckendes Video zeigt, wie Überschwemmung ein ganzes Dorf zerstört und Dutzende Tote befürchtet. Nach einer massiven Überschwemmung in Indien sind mindestens vier Menschen ums Leben gekommen und mehr als 50 Menschen sind eingeschlossen und befürchten, dass sie tot sind. Die tragische Szene ereignete sich am Dienstag in der...",Terrifying Video Shows Flood Wiping Out Entire Village as Dozens Are Feared Dead. At least four people are dead and more than 50 people are trapped and feared dead after a massive flooding in India. The tragic scene unfolded Tuesday in the...,Terrificus Video Show Diluvium delendi Totam Villam sicut Dozens timentur Mortuus est. Saltem quattuor homines mortui sunt et plus quam quinquaginta homines capti et mortui sunt post magnam inundationem in India. Tragica scena Martis in ... explicatur.,2026-01-07 21:55:04+00:00
907e3552eb2fa9652661e3a1ac94d00f,2025-08-07T16:41:30Z,'flooding climate change',www.bostonherald.com,en,0.0,"July was Earth’s third-warmest on record, EU scientists say",Scientists said extreme heat and deadly flooding persisted in July.,https://www.bostonherald.com/2025/08/07/climate-july-temperatures/,https://www.bostonherald.com/wp-content/uploads/2025/08/Climate_July_Temperatures_43286-1-1.jpg?w=1024&h=683,,"By PAOLO SANTALUCIA and SUMAN NAISHADHAM
ROME (AP) The world experienced its third-warmest July on record this year, the European Union agency that tracks global warming said Thursday, with temperat… [+2603 chars]",,"Laut EU-Wissenschaftlern war der Juli der drittwärmste auf der Erde seit Beginn der Aufzeichnungen. Wissenschaftler sagten, dass es im Juli weiterhin zu extremer Hitze und tödlichen Überschwemmungen kam.","July was Earth’s third-warmest on record, EU scientists say. Scientists said extreme heat and deadly flooding persisted in July.","Iulio tertia calidissima Telluris recordatio fuit, EU physici dicunt. Physici dixerunt nimio calore et letali inundatione mense Iulio perseverasse.",2026-01-07 21:55:04+00:00
9c9a9c57067a8adbcae0d5ddc109bceb,2025-08-08T06:59:07Z,'flooding buildings',www.yahoo.com,en,0.0,"Clip shows buried cars after flooding in China, not Pakistan","Torrential monsoon rains inundated parts of Pakistan in July , but an online clip showing cars buried under debris left by flooding was not filmed in...",https://www.yahoo.com/news/articles/clip-shows-buried-cars-flooding-065907816.html,https://media.zenfs.com/en/afp_factcheck_us_713/ad5559b633752ba4e3bf9bc17cf81a24,https://web.archive.org/web/20250808200153/https://www.yahoo.com/news/articles/clip-shows-buried-cars-flooding-065907816.html,"Torrential monsoon rains inundated parts of Pakistan in July, but an online clip showing cars buried under debris left by flooding was not filmed in northwest Rawalpindi city. Similar videos depictin… [+2109 chars]",,"Clip zeigt begrabene Autos nach Überschwemmung in China, nicht in Pakistan. Sintflutartige Monsunregen überschwemmten im Juli Teile Pakistans, doch ein Online-Clip, der Autos zeigt, die unter den Trümmern der Überschwemmungen begraben sind, wurde nicht gefilmt...","Clip shows buried cars after flooding in China, not Pakistan. Torrential monsoon rains inundated parts of Pakistan in July , but an online clip showing cars buried under debris left by flooding was not filmed in...","Clip ostendit cars sepultos post inundationem in Sinis, non Pakistan. Imbres imbres torrentiales inundaverunt partes Pakistan in mense Iulio , sed online clip ostendens cars obruta obruta relicta per inundationem in ... non est membrana inclusa .",2026-01-07 21:55:04+00:00
0131e4350eb8ee3423b6c865fc3c91d8,2025-08-08T11:11:23Z,'floods',www.aljazeera.com,en,0.0,"At least 10 dead, 33 missing in flash floods in China’s Gansu province","President Xi Jinping orders 'all-out' rescue operations to save the missing people, CCTV says.",https://www.aljazeera.com/news/2025/8/8/at-least-10-dead-33-missing-in-flash-floods-in-chinas-gansu-province,https://www.aljazeera.com/wp-content/uploads/2025/08/2025-08-08T103012Z_1286693828_RC2Y2GAH7TOT_RTRMADP_3_ASIA-WEATHER-CHINA-1754650937.jpg?resize=1920%2C1440,,"At least 10 people have been killed and 33 are missing in flash floods in northwestern Chinas Gansu province, according to state media.
From August 7, continuous heavy rain has triggered flash flood… [+993 chars]",,"Mindestens 10 Tote, 33 Vermisste bei Sturzfluten in der chinesischen Provinz Gansu. Laut CCTV ordnet Präsident Xi Jinping umfassende Rettungsaktionen an, um die vermissten Menschen zu retten.","At least 10 dead, 33 missing in flash floods in China’s Gansu province. President Xi Jinping orders 'all-out' rescue operations to save the missing people, CCTV says.","Saltem decem mortui, 33 in diluviis in mico Gansu provinciae Sinarum desunt. Praeses Xi Jinping iubet 'omnes-e' operationes liberare ad populum absentis salvandum, CCTV dicit.",2026-01-07 21:55:04+00:00
294d3f5a4bc0713f9c8123224847687f,2025-08-08T12:05:12Z,'floods',www.channelnewsasia.com,en,0.0,"10 dead, 33 missing in northwest China floods","BEIJING: Ten people are dead and 33 missing after flash floods and mudslides in northwest China's Gansu province, state media reported on Friday (Aug 8), the latest in a series of lethal weather events to hit the country. Natural disasters are common across C…",https://www.channelnewsasia.com/east-asia/china-flash-floods-mudslides-gansu-missing-dead-5285166,"https://dam.mediacorp.sg/image/upload/s--MM9l2FWN--/fl_relative,g_south_east,l_mediacorp:cna:watermark:2024-04:reuters_1,w_0.1/f_auto,q_auto/c_fill,g_auto,h_676,w_1200/v1/one-cms/core/2025-08-08t111118z_1_lynxmpel770gv_rtroptp_3_asia-weather-china.jpg?itok=fVXAew1-",,"Local authorities had issued the highest-level emergency warning for flash floods overnight.
A video shared by the Communist Party-backed People's Daily showed more than a dozen rescuers clinging to… [+1065 chars]",,"10 Tote, 33 Vermisste bei Überschwemmungen im Nordwesten Chinas. PEKING: Nach Sturzfluten und Schlammlawinen in der nordwestchinesischen Provinz Gansu sind nach Sturzfluten und Schlammlawinen zehn Menschen tot und 33 vermisst, berichteten staatliche Medien am Freitag (8. August), dem jüngsten einer Reihe tödlicher Wetterereignisse, die das Land heimgesucht haben. Naturkatastrophen kommen in ganz C... häufig vor.","10 dead, 33 missing in northwest China floods. BEIJING: Ten people are dead and 33 missing after flash floods and mudslides in northwest China's Gansu province, state media reported on Friday (Aug 8), the latest in a series of lethal weather events to hit the country. Natural disasters are common across C…","10 Mortuus est, 33 desunt in Sinarum chorum inundationibus. BEIJING: Decem homines mortui sunt et 33 desunt postquam inundationes mico et mudslides in provincia Sinarum septentrionalium Gansu, media publica die Veneris (Aug. 8) relata sunt, novissima in serie tempestatum lethalium rerum ad patriam feriendam. Clades naturales communes sunt per C…",2026-01-07 21:55:04+00:00
7434fbb50b2f29f621330c35fd128f66,2025-08-08T12:49:00Z,'floods',news.sky.com,en,0.0,China orders 'all-out' rescue operation as 10 killed and dozens missing after floods,"President Xi Jinping has ordered ""all-out"" rescue efforts in China's dry and mountainous northwest after severe flash floods, triggered by exceptionally heavy rainfall.",https://news.sky.com/story/china-orders-all-out-rescue-operation-as-10-killed-and-dozens-missing-after-floods-13408590,https://e3.365dm.com/25/08/1600x900/skynews-china-henan-flood_6985613.jpg?20250808140947,,"President Xi Jinping has ordered ""all-out"" rescue efforts in China's dry and mountainous northwest after severe flash floods, triggered by exceptionally heavy rainfall.
The extreme conditions have r… [+1730 chars]",,"China ordnet umfassende Rettungsaktion an, da nach Überschwemmungen zehn Menschen getötet und Dutzende vermisst werden. Präsident Xi Jinping hat nach schweren Sturzfluten, die durch außergewöhnlich starke Regenfälle ausgelöst wurden, „umfassende“ Rettungsmaßnahmen im trockenen und bergigen Nordwesten Chinas angeordnet.","China orders 'all-out' rescue operation as 10 killed and dozens missing after floods. President Xi Jinping has ordered ""all-out"" rescue efforts in China's dry and mountainous northwest after severe flash floods, triggered by exceptionally heavy rainfall.","Sinae imperavit ""omnium-ex"" operandi liberare sicut X occidi et justos absentis post diluvia. Praeses Xi Jinping iussit conatus ""omne-e"" in chorum siccum et montuosum Sinarum post graves inundationes mico, magnis imbribus eximie utitur.",2026-01-07 21:55:04+00:00
0c0473336f7b253ead7b7be7457dc6fb,2025-08-08T13:20:16Z,'flooding',www.abc.net.au,en,0.0,Xi calls for 'utmost effort' to rescue people in China flood disaster,At least 10 people have been killed and more than 30 others are missing after flooding and mudslides hit the country's north-west.,https://www.abc.net.au/news/2025-08-08/ten-killed-more-than-30-others-missing-in-china-floods/105631400,https://live-production.wcms.abc-cdn.net.au/ed2d6bd54d5d79aa1d5d103afde781ff?impolicy=wcms_watermark_news&cropH=2813&cropW=5000&xPos=0&yPos=0&width=862&height=485&imformat=generic,,"Ten people are dead and 33 missing after flash floods and mudslides hit north-west China's Gansu province, state media reported, the latest disaster in a series of lethal weather events to hit the co… [+2861 chars]",,"Xi fordert „größte Anstrengungen“ zur Rettung von Menschen nach der Flutkatastrophe in China. Mindestens zehn Menschen wurden getötet und mehr als 30 weitere werden vermisst, nachdem Überschwemmungen und Schlammlawinen den Nordwesten des Landes heimgesucht haben.",Xi calls for 'utmost effort' to rescue people in China flood disaster. At least 10 people have been killed and more than 30 others are missing after flooding and mudslides hit the country's north-west.,XI vocat pro 'summo conatu' ut homines diluvii calamitatis in Sinis eriperent. Saltem decem homines interfecti sunt et plus quam 30 alii desunt postquam inundationem et mudslides patriae occidentem septentrionalem pulsant.,2026-01-07 21:55:04+00:00
7b212f360d3ea13c258ae0fb0d035585,2025-08-08T14:23:00Z,'floods',www.thestar.com.my,en,0.0,Chinese villagers hit by worst floods in generations say they had no warning,China announces multimillion-dollar disaster relief package as China's Guangdong province hit by record rainfall and at least seven people killed. Read full story,https://www.thestar.com.my/aseanplus/aseanplus-news/2025/08/08/chinese-villagers-hit-by-worst-floods-in-generations-say-they-had-no-warning,https://apicms.thestar.com.my/uploads/images/2025/08/08/3458518.jpg,https://web.archive.org/web/20250812201358/https://www.thestar.com.my/aseanplus/aseanplus-news/2025/08/08/chinese-villagers-hit-by-worst-floods-in-generations-say-they-had-no-warning,"GUANGZHOU, China (Reuters): The several hundred residents of Pingtou, a village in China's sub-tropical south, have seen plenty of typhoons and rainstorms over the years. But nothing prepared them fo… [+3156 chars]",,"Chinesische Dorfbewohner, die von den schlimmsten Überschwemmungen seit Generationen betroffen sind, sagen, sie hätten keine Warnung erhalten. China kündigt ein Katastrophenhilfepaket im Wert von mehreren Millionen Dollar an, da die chinesische Provinz Guangdong von Rekordregenfällen heimgesucht wurde und mindestens sieben Menschen getötet wurden. Lesen Sie die ganze Geschichte",Chinese villagers hit by worst floods in generations say they had no warning. China announces multimillion-dollar disaster relief package as China's Guangdong province hit by record rainfall and at least seven people killed. Read full story,Sinenses vicani pessimi inundationes in generationibus ictus dicunt se nihil monuisse. Sina multimillion pupa calamitatis subsidio sarcinam nuntiat cum Guangdong provinciae Sinarum pluviam recordationis ictus et saltem septem homines interfecerunt. Read full story,2026-01-07 21:55:04+00:00
9ed869afd5d0c089470773659a25ca75,2025-08-08T15:17:06Z,'flooding residents',www.insurancejournal.com,en,0.0,Why Experts Say States Need to Get in the Business of Floodplain Buyouts,"As flooding becomes an increasingly common and destructive feature of Texas life, housing experts are calling for the creation of a statewide, voluntary buyout program to move residents out of the most high-risk areas. The experts say Texas needs a …",https://www.insurancejournal.com/news/southcentral/2025/08/08/835067.htm,https://www.insurancejournal.com/app/uploads/2025/08/Texas-Floodplain-Buyouts.jpg,,"As flooding becomes an increasingly common and destructive feature of Texas life, housing experts are calling for the creation of a statewide, voluntary buyout program to move residents out of the mo… [+5425 chars]",,"Warum Experten sagen, dass Staaten in das Geschäft mit der Übernahme von Überschwemmungsgebieten einsteigen müssen. Da Überschwemmungen zu einem immer häufigeren und zerstörerischeren Bestandteil des Lebens in Texas werden, fordern Wohnungsbauexperten die Schaffung eines landesweiten, freiwilligen Aufkaufprogramms, um Bewohner aus den Gebieten mit dem höchsten Risiko zu vertreiben. Die Experten sagen, Texas braucht eine …","Why Experts Say States Need to Get in the Business of Floodplain Buyouts. As flooding becomes an increasingly common and destructive feature of Texas life, housing experts are calling for the creation of a statewide, voluntary buyout program to move residents out of the most high-risk areas. The experts say Texas needs a …","Quare periti Dic Civitates in Negotio Floodplain Buyouts Impetro opus est. Cum inundatio fit in dies magis communis et perniciosus notae Texas vitae, periti habitationum rogant ut institutio status ampli, voluntarii emptionis progressionis ad movendos incolas e locis altissimis periculosis. Periti dicunt Texas eget ...",2026-01-07 21:55:04+00:00
cf7a2e64335e801ce326229b0f7e5db8,2025-08-08T16:09:15Z,'flooding',www.bostonherald.com,en,0.0,Investigation shows chaos of deadly Texas floods through emergency recordings and videos,The flooding killed at least 136 people.,https://www.bostonherald.com/2025/08/08/texas-floods-timeline/,https://www.bostonherald.com/wp-content/uploads/2025/08/Texas_Floods-Timeline_98179-1.jpg?w=1024&h=671,,"By CLAUDIA LAUER, GENE JOHNSON, JAMIE STENGLE and MARK THIESSEN, Associated Press
Cries for help came from the pitch-black woods, from rooftops and from attics that shifted unsteadily as the water r… [+8147 chars]",,Die Untersuchung zeigt anhand von Notfallaufzeichnungen und -videos das Chaos tödlicher Überschwemmungen in Texas. Bei der Überschwemmung kamen mindestens 136 Menschen ums Leben.,Investigation shows chaos of deadly Texas floods through emergency recordings and videos. The flooding killed at least 136 people.,Investigatio ostendit chaos mortiferum Texas inundationes per subitis tabulas et videos. Inundatio saltem 136 hominum occidit.,2026-01-07 21:55:04+00:00
37d380e2c5e9e92830d5d476e640d8c6,2025-08-08T17:00:02Z,'flooding',www.aljazeera.com,en,0.0,Makeshift bridge reconnects Indian communities cut off by landslides,Drone footage showed workers in India’s Uttarakhand building a makeshift bridge across a gorge after flash flooding.,https://www.aljazeera.com/video/newsfeed/2025/8/8/makeshift-bridge-reconnects-indian-communities-cut-off-by-landslides,https://www.aljazeera.com/wp-content/uploads/2025/08/2025-08-08T085847Z_2137904695_RC2W2GAQZG6Z_RTRMADP_3_ASIA-WEATHER-INDIA-FLOODS_cropped-1754672203.jpg?resize=1920%2C1440,https://web.archive.org/web/20250810101927/https://www.aljazeera.com/video/newsfeed/2025/8/8/makeshift-bridge-reconnects-indian-communities-cut-off-by-landslides,"NewsFeed
Drone footage showed workers in Indias Uttarakhand state building a makeshift bridge across a gorge to reestablish ground access to communities cut off by deadly flash flooding and landslid… [+108 chars]",,"Behelfsmäßige Brücke verbindet durch Erdrutsche abgeschnittene indische Gemeinden wieder. Drohnenaufnahmen zeigten Arbeiter im indischen Uttarakhand, die nach einer Sturzflut eine provisorische Brücke über eine Schlucht bauten.",Makeshift bridge reconnects Indian communities cut off by landslides. Drone footage showed workers in India’s Uttarakhand building a makeshift bridge across a gorge after flash flooding.,Pontem emensus reconnects communitates Indianas ab proruit interclusas. Fucus footage demonstravit operarios in India Uttarakhand aedificare pontem trans foramen post inundationem mico.,2026-01-07 21:55:04+00:00
69d5957e9935f22a5fde69f37aebe146,2025-08-08T18:25:07Z,'flooding',economictimes.indiatimes.com,en,0.0,"Thousands trash GPT-5 on Reddit, saying ChatGPT’s big update is 'horrible'","OpenAI's GPT-5 launch has sparked widespread user backlash, with complaints flooding Reddit within hours. Users are decrying the removal of older models, stricter usage limits, and perceived performance decline compared to GPT-4o. The update's shortcomings, c…",https://economictimes.indiatimes.com/news/international/us/thousands-trash-gpt-5-on-reddit-saying-chatgpts-big-update-is-horrible/articleshow/123192815.cms,"https://img.etimg.com/thumb/msid-123194878,width-1200,height-630,imgsize-94474,overlay-economictimes/articleshow.jpg",,"The most recent AI update from OpenAI, GPT-5, was supposed to be a step forward, but for many ChatGPT users, it feels like a step back. Within hours of launching, Reddit was flooded with complaints f… [+3464 chars]",,"Tausende verwerfen GPT-5 auf Reddit und sagen, das große Update von ChatGPT sei „schrecklich“. Der GPT-5-Start von OpenAI löste bei den Nutzern weitreichende Gegenreaktionen aus, und Reddit wurde innerhalb weniger Stunden mit Beschwerden überschwemmt. Benutzer kritisieren die Entfernung älterer Modelle, strengere Nutzungsbeschränkungen und den wahrgenommenen Leistungsabfall im Vergleich zu GPT-4o. Die Mängel des Updates, c…","Thousands trash GPT-5 on Reddit, saying ChatGPT’s big update is 'horrible'. OpenAI's GPT-5 launch has sparked widespread user backlash, with complaints flooding Reddit within hours. Users are decrying the removal of older models, stricter usage limits, and perceived performance decline compared to GPT-4o. The update's shortcomings, c…","Millia purgamentorum GPT-5 in Reddit, dicentes ChatGPT magna renovatio est 'horribilis'. OpenAI's GPT-5 launching late disseminatum user backlash, querelis inundantibus Reddit intra horas. Users amotionem exemplorum antiquiorum, strictioris usus limites, perceptivum perficiendi declinationem cum GPT-4o comparant. De defectibus renovationis, c...",2026-01-07 21:55:04+00:00
4e0cd36bacd581bf0a8518845ff36409,2025-08-08T18:28:06Z,'flooding',www.breitbart.com,en,0.0,Chinese Villagers Complain ‘No Warning’ Before Devastating Flash Floods,"Villagers in southern China are complaining of poor government support after the worst flash flooding in decades struck their homes, submerging roads, wiping out farms, and causing weary buildings to collapse. 
The post Chinese Villagers Complain ‘No Warning’…",https://www.breitbart.com/national-security/2025/08/08/chinese-villagers-complain-no-warning-before-devastating-flash-floods/,https://media.breitbart.com/media/2025/08/GettyImages-2220499611-640x335.png,,"Villagers in southern China are complaining of poor government support after the worst flash flooding in decades struck their homes, submerging roads, wiping out farms, and causing older buildings to… [+2829 chars]",,"Chinesische Dorfbewohner beschweren sich: „Keine Warnung“ vor verheerenden Sturzfluten. Dorfbewohner in Südchina beschweren sich über mangelnde staatliche Unterstützung, nachdem die schlimmste Sturzflut seit Jahrzehnten ihre Häuser heimgesucht, Straßen überschwemmt, Bauernhöfe zerstört und heruntergekommene Gebäude zum Einsturz gebracht hat. 
Der Beitrag Chinesische Dorfbewohner beschweren sich über „Keine Warnung“…","Chinese Villagers Complain ‘No Warning’ Before Devastating Flash Floods. Villagers in southern China are complaining of poor government support after the worst flash flooding in decades struck their homes, submerging roads, wiping out farms, and causing weary buildings to collapse. 
The post Chinese Villagers Complain ‘No Warning’…","Sinenses Vicani Complain 'Non Monitum' Ante Inundationes Flash vastandas. Vicani in Sinis meridionalibus queruntur subsidium regimen pauperum post pessimum inundationem mico in decenniis domos suas percussit, vias submersit, fundos delevit et aedificia fessa collapserunt. 
Post Sinenses Vicani Complaint 'Non Monitum'…",2026-01-07 21:55:04+00:00
1c0db2a7462654646a2f935011dff701,2025-08-08T19:17:00Z,'flooding',www.gamespot.com,en,0.0,The Battlefield 6 Open Beta Is Apparently Already Dealing With Cheaters,"The Battlefield 6 open beta's early access period has begun, and footage of explosions and simulated military action has been flooding the internet ever since. While a lot of players are sharing cool things they did and having a good time, a rising number of …",https://www.gamespot.com/articles/the-battlefield-6-open-beta-is-apparently-already-dealing-with-cheaters/1100-6533808/,https://www.gamespot.com/a/uploads/screen_kubrick/3/37852/4546533-battlefield-6.png,,"The Battlefield 6 open beta's early access period has begun, and footage of explosions and simulated military action has been flooding the internet ever since. While a lot of players are sharing cool… [+1563 chars]",,"Die offene Beta von Battlefield 6 hat offenbar bereits mit Cheatern zu kämpfen. Die Early-Access-Phase der offenen Beta von Battlefield 6 hat begonnen und seitdem überschwemmen Aufnahmen von Explosionen und simulierten Militäraktionen das Internet. Während viele Spieler coole Dinge, die sie gemacht haben, teilen und eine gute Zeit haben, steigt die Zahl der …","The Battlefield 6 Open Beta Is Apparently Already Dealing With Cheaters. The Battlefield 6 open beta's early access period has begun, and footage of explosions and simulated military action has been flooding the internet ever since. While a lot of players are sharing cool things they did and having a good time, a rising number of …","Acies VI Open Beta videtur iam commercium Cheaters. Acies 6 apertae primae accessus periodus incohata est, et footage explosionum et actionum militarium simulata inundatio interrete inde ab initio fuit. Dum multa histriones sunt communicantes frigus quae fecerunt et habent tempus bonum, surgens numerus ...",2026-01-07 21:55:04+00:00
8266330dcc362c524b398cb1b9412724,2025-08-08T20:17:31Z,'flooding house',www.yahoo.com,en,0.0,Residents in Alaska's capital city prepare for possible glacial flooding,"Residents and officials in Alaska's capital city prepared Friday for the possibility of glacial flooding that in past years has swept away houses, swamped...",https://www.yahoo.com/news/articles/residents-alaskas-capital-city-prepare-201731871.html,https://s.yimg.com/ny/api/res/1.2/824.4Uo_V2vt9oyH7vTlbQ--/YXBwaWQ9aGlnaGxhbmRlcjt3PTEyMDA7aD04MDA7Y2Y9d2VicA--/https://media.zenfs.com/en/ap.org/e6e4e0f67ecb97241b885f2a6a5daf47,,"ANCHORAGE, Alaska (AP) Residents and officials in Alaska's capital city prepared Friday for the possibility of glacial flooding that in past years has swept away houses, swamped several hundred homes… [+3452 chars]",,"Einwohner der Hauptstadt Alaskas bereiten sich auf mögliche Gletscherüberschwemmungen vor. Einwohner und Beamte in Alaskas Hauptstadt bereiteten sich am Freitag auf die Möglichkeit einer Gletscherüberschwemmung vor, die in den vergangenen Jahren Häuser weggeschwemmt und überschwemmt hat.","Residents in Alaska's capital city prepare for possible glacial flooding. Residents and officials in Alaska's capital city prepared Friday for the possibility of glacial flooding that in past years has swept away houses, swamped...","Residentes in urbe capitali Alaska praeparant inundationem glacialem possibilem. Residentibus et ministris in urbe capitali Alaska paraverunt Veneris possibilitatem inundationis glacialis quae superioribus annis domos everterit, inundavit...",2026-01-07 21:55:04+00:00
3ea97c2c6a983cee10b2b40d5f1da4a2,2025-08-08T22:26:05Z,'floods',www.on3.com,en,0.0,Texas baseball teams up with the Nolan Ryan Foundation to support Central Texas flood relief,Texas head coach Jim Schlossnagle and the Longhorn baseball program are teaming up with the Nolan Ryan Foundation to help rebuild baseball fields in communities affected by the July floods in Central Texas.,https://www.on3.com/teams/texas-longhorns/news/texas-baseball-teams-up-with-the-nolan-ryan-foundation-to-support-central-texas-flood-relief/,https://on3static.com/uploads/dev/assets/cms/2025/03/23183521/Untitled-design-60-3.png,,Texas head coach Jim Schlossnagle and the Longhorn baseball program are teaming up with the Nolan Ryan Foundation to help rebuild baseball fields in communities affected by the July floods in Central… [+2217 chars],,"Texas Baseball arbeitet mit der Nolan Ryan Foundation zusammen, um die Fluthilfe in Zentral-Texas zu unterstützen. Texas-Cheftrainer Jim Schlossnagle und das Longhorn-Baseballprogramm arbeiten mit der Nolan Ryan Foundation zusammen, um den Wiederaufbau von Baseballfeldern in Gemeinden zu unterstützen, die von den Überschwemmungen im Juli in Zentral-Texas betroffen waren.",Texas baseball teams up with the Nolan Ryan Foundation to support Central Texas flood relief. Texas head coach Jim Schlossnagle and the Longhorn baseball program are teaming up with the Nolan Ryan Foundation to help rebuild baseball fields in communities affected by the July floods in Central Texas.,Texas baseball iuncturis cum Fundatione Nolana Ryan ad subsidium Centralis Texas inundationis subsidio sustinet. Texas capitis raeda Jim Schlossnagle et progressio baseball Longhorn cum Nolana Ryan iunctionem iungit ut agros baseballos in communitatibus Iuliis inundationibus Centralis Texas,2026-01-07 21:55:04+00:00
9abcf22f2cd9f428ef7c85e98868a61c,2025-08-09T08:54:00Z,'flooding storm',www.thestar.com.my,en,0.0,"Philippines Department of Health records 2,396 leptospirosis cases since start of rainy season","MANILA: The Department of Health (DOH) has reported 2,396 leptospirosis cases nationwide since June, warning of a possible surge following weeks of flooding caused by storms and the southwest monsoon.",https://www.thestar.com.my/aseanplus/aseanplus-news/2025/08/09/philippines-department-of-health-records-2396-leptospirosis-cases-since-start-of-rainy-season,https://apicms.thestar.com.my/uploads/images/2025/08/09/3459356.jpg,https://web.archive.org/web/20250811152348/https://www.thestar.com.my/aseanplus/aseanplus-news/2025/08/09/philippines-department-of-health-records-2396-leptospirosis-cases-since-start-of-rainy-season,"MANILA: The Department of Health (DOH) has reported 2,396 leptospirosis cases nationwide since June, warning of a possible surge following weeks of flooding caused by storms and the southwest monsoon… [+1003 chars]",,Das philippinische Gesundheitsministerium verzeichnet seit Beginn der Regenzeit 2.396 Leptospirose-Fälle. MANILA: Das Gesundheitsministerium (DOH) hat seit Juni landesweit 2.396 Leptospirose-Fälle gemeldet und warnt vor einem möglichen Anstieg nach wochenlangen Überschwemmungen durch Stürme und den Südwestmonsun.,"Philippines Department of Health records 2,396 leptospirosis cases since start of rainy season. MANILA: The Department of Health (DOH) has reported 2,396 leptospirosis cases nationwide since June, warning of a possible surge following weeks of flooding caused by storms and the southwest monsoon.","Philippinae Department of Health records 2,396 casus leptospirosis ab initio pluvioso tempore. MANILA: Department of Health (DOH) retulit 2.396 casus leptospirosos nationum ab Iunio, monitum de possibili aestu sequentium septimanarum inundationis causarum procellarum et monsomon occidentis.",2026-01-07 21:55:04+00:00
7586492d0f3eb75d8a8067527ac8a969,2025-08-09T12:00:00Z,'flooding health',news.un.org,en,0.0,Preparing for the next flood: Protecting women’s health in Bangladesh,"Climate change has worsened monsoon flooding in Bangladesh, putting women of child-bearing age at risk – but the UN reproductive health agency (UNFPA) is helping them prepare.  Read Full Story on UN News
The post Preparing for the next flood: Protecting women…",https://news.un.org/en/story/2025/08/1165615,https://global.unitednations.entermediadb.net/assets/mediadb/services/module/asset/downloads/preset/Libraries/Production%20Library/30-07-25_UNFPA_Bangladesh-2.jpeg/image770x420cropped.jpg,https://web.archive.org/web/20250811152201/https://news.un.org/en/story/2025/08/1165615,"Sunamganj is a district in the wetland ecosystem in northeast Bangladesh, which is particularly vulnerable to climate change. Floods arrive quickly and suddenly and can last for weeks. They disrupt l… [+5277 chars]",,"Vorbereitung auf die nächste Flut: Schutz der Gesundheit von Frauen in Bangladesch. Der Klimawandel hat die Monsunüberschwemmungen in Bangladesch verschlimmert und gefährdet Frauen im gebärfähigen Alter – doch die UN-Agentur für reproduktive Gesundheit (UNFPA) hilft ihnen bei der Vorbereitung.  Lesen Sie die ganze Geschichte auf UN News
Der Beitrag Vorbereitung auf die nächste Flut: Frauen schützen…","Preparing for the next flood: Protecting women’s health in Bangladesh. Climate change has worsened monsoon flooding in Bangladesh, putting women of child-bearing age at risk – but the UN reproductive health agency (UNFPA) is helping them prepare.  Read Full Story on UN News
The post Preparing for the next flood: Protecting women…","Proximum diluvium parans: feminarum salutem in Bangladesha protegens. Mutatio climatis in Bangladesia inundationem ETESIAE peioravit, feminas puerperarum aetatis in periculo ponens - sed procurationem sanitatis IR generativae (UNFPA) adiuvat ut eas praeparet.  Read Full Story on Consociatione Nationum News
Praeparans post diluvium proximum: Praesidium feminae…",2026-01-07 21:55:04+00:00
0604ec9d6fefdd02f5b3599e64e36593,2025-08-09T12:11:45Z,'flooding',biztoc.com,en,0.0,Rice prices plunge to 8-year low after record harvests,"India and other countries have ended export restrictions, flooding the market with supply",https://biztoc.com/x/77073f0e7002dddc,https://biztoc.com/cdn/950/og.png,,"India and other countries have ended export restrictions, flooding the market with supply
This story appeared on ft.com, 2025-08-09 12:00:09.",,Reispreise fallen nach Rekordernten auf 8-Jahres-Tief. Indien und andere Länder haben die Exportbeschränkungen aufgehoben und den Markt mit Angeboten überschwemmt,"Rice prices plunge to 8-year low after record harvests. India and other countries have ended export restrictions, flooding the market with supply","Rice prices demergunt ad 8 annos humiles post recordum messes. India et aliae nationes restrictiones exportare finiverunt, mercatum inundantes cum copia",2026-01-07 21:55:04+00:00
4d22ebe94ec82782974c36c582019cb0,2025-08-09T17:30:48Z,'flooding',www.nbcnews.com,en,0.0,"Destructive storms threaten parts of Midwest, Southeast this weekend","Strong and potentially destructive thunderstorms are expected to pummel parts of the Midwest, central Plains and Southeast this weekend, with heavy rainfall and flash flooding possible over the next couple of days",https://www.nbcnews.com/science/science-news/storms-threaten-parts-midwest-southeast-rcna224048,"https://media-cldnry.s-nbcnews.com/image/upload/t_nbcnews-fp-1200-630,f_auto,q_auto:best/rockcms/2025-08/250809-storm-iowa-ch-0933-610fa8.jpg",,"Strong and potentially destructive thunderstorms are expected to pummel parts of the Midwest, central Plains and Southeast this weekend, with heavy rainfall and flash flooding possible over the next … [+2453 chars]",,"Zerstörerische Stürme bedrohen an diesem Wochenende Teile des Mittleren Westens und Südostens. Es wird erwartet, dass an diesem Wochenende starke und möglicherweise zerstörerische Gewitter Teile des Mittleren Westens, der zentralen Ebenen und des Südostens heimsuchen werden, wobei in den nächsten Tagen heftige Regenfälle und Sturzfluten möglich sind","Destructive storms threaten parts of Midwest, Southeast this weekend. Strong and potentially destructive thunderstorms are expected to pummel parts of the Midwest, central Plains and Southeast this weekend, with heavy rainfall and flash flooding possible over the next couple of days","Tempestates perniciosae partes Midwest, Southeast hac volutpat vestibulum minantur. Tonitruum validum et potenter perniciosum expectatur ad Pelidae partes Midwest, Campi centrales et Volturnus, hoc weekend, cum gravibus pluviis et inundationibus in duobus diebus proximis fieri potest.",2026-01-07 21:55:04+00:00
c060e3bc4001acdd886b9a912871a809,2025-08-09T21:54:12Z,'flooding',www.gamesradar.com,en,0.0,"Battlefield 6's anti-cheat system has already blocked over 330,000 bad apples, but with more flooding the FPS' Open Beta, EA says it ""was not intended to be a silver bullet""","""Anti-Cheat isn't one and done""",https://www.gamesradar.com/games/battlefield/battlefield-6s-anti-cheat-system-has-already-blocked-over-330-000-bad-apples-but-with-more-flooding-the-fps-open-beta-ea-says-it-was-not-intended-to-be-a-silver-bullet/,https://cdn.mos.cms.futurecdn.net/BiScZQorsZP7J7ABmauSfn.jpg,,The Battlefield 6 Open Beta has the hereditary FPS curse: cheaters ahoy! But EA's hard at work disposing of the bad apples and it's acknowledged it has a long way to go before it's fully weeded out t… [+1728 chars],,"Das Anti-Cheat-System von Battlefield 6 hat bereits über 330.000 Bad Apples blockiert, aber da immer mehr Spiele die Open Beta von FPS überschwemmen, sagt EA, dass es „nicht als Allheilmittel gedacht war“. „Anti-Cheat ist kein Selbstläufer“","Battlefield 6's anti-cheat system has already blocked over 330,000 bad apples, but with more flooding the FPS' Open Beta, EA says it ""was not intended to be a silver bullet"". ""Anti-Cheat isn't one and done""","Acies 6 systematis anti-seductoris iam plus 330.000 malorum malorum saeptum est, sed cum magis inundatione FPS' Open Beta, EA dicit ""non esse glandem argenteam"". ""Anti-Pseudo non est unum et factum""",2026-01-07 21:55:04+00:00
2cfce81fe0d0725ed6aedccdbc050420,2025-08-10T02:07:53Z,'floods',nep123.com,en,0.0, Rs 98 Crores in Insurance Claims After Devastating Nepal Floods!  Discover the Impact & Where the Money’s Going! #NepalFloods #Insurance #DisasterRelief,"Rasuwa Floods: Insurance Claims Surge After Devastating Floods and Landslides Rasuwa, Nepal, has been hit hard by recent torrential rains and subsequent floods and landslides, causing significant damage and leading to a surge in insurance claims. The initial …",https://nep123.com/rs-98-crores-in-insurance-claims-after-devastating-nepal-floods-discover-the-impact-where-the-moneys-going-nepalfloods-insurance-disasterrelief/,https://nep123.com/wp-content/uploads/2025/07/city_road_ghanta.jpg,,"Rasuwa, Nepal, has been hit hard by recent torrential rains and subsequent floods and landslides, causing significant damage and leading to a surge in insurance claims. The initial insurance claim fi… [+3148 chars]",,"Versicherungsansprüche in Höhe von 98 Crores nach verheerenden Überschwemmungen in Nepal!  Entdecken Sie die Auswirkungen und wohin das Geld fließt! #NepalÜberschwemmungen #Versicherung #Katastrophenhilfe. Überschwemmungen in Rasuwa: Anstieg der Versicherungsansprüche nach verheerenden Überschwemmungen und Erdrutschen Rasuwa, Nepal, wurde von den jüngsten sintflutartigen Regenfällen und den darauffolgenden Überschwemmungen und Erdrutschen schwer getroffen, was zu erheblichen Schäden und einem Anstieg der Versicherungsansprüche führte. Der Anfang …"," Rs 98 Crores in Insurance Claims After Devastating Nepal Floods!  Discover the Impact & Where the Money’s Going! #NepalFloods #Insurance #DisasterRelief. Rasuwa Floods: Insurance Claims Surge After Devastating Floods and Landslides Rasuwa, Nepal, has been hit hard by recent torrential rains and subsequent floods and landslides, causing significant damage and leading to a surge in insurance claims. The initial …","Rs XCVIII Crores in ipsum dicta post vastantes Nepal diluviis!  Inventite Impact & Ubi pecuniam itis! #NepalFloods #Insurance #DisasterRelief. Rasuwa Diluvia: Insurance Clamatur Surge Post diluvia vastata et Landslides Rasuwa, Nepal, recentibus imbribus torrentialibus et subsequentibus inundationibus et proruit, damnum significans causans et ad assecurationis assurationem ducens. The initial …",2026-01-07 21:55:04+00:00
238c2de382345d76ee8b653afc55a0ef,2025-08-10T04:13:00Z,'flooding area',www.japantimes.co.jp,en,0.0,Weather agency warns of landslides and flooding in Kyushu as heavy rain continues,Wide areas of the country also experienced rainfall Sunday due to a large stationary front. Rainfall is projected to continue until at least Tuesday morning.,https://www.japantimes.co.jp/news/2025/08/10/japan/japan-heavy-rain-kyushu/,https://www.japantimes.co.jp/japantimes/uploads/images/2025/08/10/486549.jpg?v=3.1,,"The Meteorological Agency warned of landslides, river flooding and inundation in low-lying areas of Fukuoka Prefecture on Sunday as heavy rain continued in the Kyushu region.
A linear precipitation … [+1034 chars]",,"Die Wetterbehörde warnt vor Erdrutschen und Überschwemmungen in Kyushu, da es weiterhin heftig regnet. Aufgrund einer großen stationären Front kam es am Sonntag auch in weiten Teilen des Landes zu Regenfällen. Es wird erwartet, dass die Niederschläge mindestens bis Dienstagmorgen anhalten.",Weather agency warns of landslides and flooding in Kyushu as heavy rain continues. Wide areas of the country also experienced rainfall Sunday due to a large stationary front. Rainfall is projected to continue until at least Tuesday morning.,Tempestas procuratio monet proruit et inundationes in Kyushu sicut pluviae graves pergunt. Lata regionum regionum etiam pluvias periti Solis ob magnas stationes anteriores. Pluvia proicitur pergere usque ad mane saltem Martis.,2026-01-07 21:55:04+00:00
2e496df854e23a590f0b7a6e4510bed3,2025-08-10T14:09:05Z,'flooding',rollingout.com,en,0.0,Dangerous floods devastate Milwaukee with 10 inches of rain,"Southeast Wisconsin faced a weather emergency overnight as torrential rains unleashed catastrophic flooding across Milwaukee County and surrounding areas, with some locations receiving an unprecedented 10 inches of rainfall in a matter of hours. The National …",https://rollingout.com/2025/08/10/floods-devastate-milwaukee-with-rain/,https://rollingout.com/wp-content/uploads/2025/08/shutterstock_1010690893-scaled.jpg,,"Southeast Wisconsin faced a weather emergency overnight as torrential rains unleashed catastrophic flooding across Milwaukee County and surrounding areas, with some locations receiving an unprecedent… [+5715 chars]",,"Gefährliche Überschwemmungen verwüsten Milwaukee mit 10 Zoll Regen. Im Südosten von Wisconsin kam es über Nacht zu einem Wetternotstand, als sintflutartige Regenfälle katastrophale Überschwemmungen im gesamten Milwaukee County und den umliegenden Gebieten auslösten, wobei an einigen Orten innerhalb weniger Stunden beispiellose 25 cm Niederschlag fielen. Der Nationale …","Dangerous floods devastate Milwaukee with 10 inches of rain. Southeast Wisconsin faced a weather emergency overnight as torrential rains unleashed catastrophic flooding across Milwaukee County and surrounding areas, with some locations receiving an unprecedented 10 inches of rainfall in a matter of hours. The National …","Inundationes periculosae Milwaukee cum 10 digitis pluviae vastant. Southeast Wisconsin obvenit tempestatum pernoctare quod pluviae torrentes emissae perniciosae inundationis per Comitatum Milwaukee et circumiacentes areas, cum aliquibus locis receptis novum 10 unciarum pluviarum in re horarum. Patria ...",2026-01-07 21:55:04+00:00
3140601706311fa93559f839d31bdced,2025-08-10T15:18:35Z,'flooding',www.nbcnews.com,en,0.0,Flash flooding slams Midwest forcing Wisconsin State Fair to cancel events,"A severe flash flooding event has taken direct aim at parts of the Midwest this weekend, forcing the Wisconsin State Fair to cancel many of its events.",https://www.nbcnews.com/weather/floods/flash-flooding-slams-midwest-rcna224137,"https://media-cldnry.s-nbcnews.com/image/upload/t_nbcnews-fp-1200-630,f_auto,q_auto:best/rockcms/2025-08/250810-wisconsin-floods-se-957a-73b476.jpg",https://wayback.archive-it.org/all/20250810171628/https://www.nbcnews.com/weather/floods/flash-flooding-slams-midwest-rcna224137,"A severe flash flooding event has taken direct aim at parts of the Midwest this weekend, forcing the Wisconsin State Fair to cancel many of its events. 
The flooding has directly impacted southern W… [+2663 chars]",,"Sturzfluten verwüsten den Mittleren Westen und zwingen die Wisconsin State Fair, Veranstaltungen abzusagen. Eine schwere Sturzflut hat an diesem Wochenende Teile des Mittleren Westens direkt erfasst und die Wisconsin State Fair gezwungen, viele ihrer Veranstaltungen abzusagen.","Flash flooding slams Midwest forcing Wisconsin State Fair to cancel events. A severe flash flooding event has taken direct aim at parts of the Midwest this weekend, forcing the Wisconsin State Fair to cancel many of its events.","Micare inundationem slams Midwest cogens Wisconsin Civitatis Fair eventus rescindere. Gravis mico inundatio eventus directam intentionem ad partes Midwest huius auctoris sumpsit, Wisconsin Civitatem Pulchrum coegit ut plures eventus eius deleret.",2026-01-07 21:55:04+00:00
2001f7e27c02b9da6646120dfb8df275,2025-08-10T16:23:21Z,'flooding disaster',www.breitbart.com,en,0.0,Governor Abbott Delivers George Strait Checks to Texas Flood Victims Ignored by Fleeing House Democrats,"Texas Governor Greg Abbott traveled to Ingram, Texas, to deliver $25,000 checks from country-western legend George Strait to families devastated by the deadly Independence Day Hill Country flooding. The checks delivered by Abbott on Saturday were part of the …",https://www.breitbart.com/border/2025/08/10/governor-abbott-delivers-george-strait-checks-to-texas-flood-victims-ignored-by-fleeing-house-democrats/,https://media.breitbart.com/media/2025/08/MixCollage-10-Aug-2025-10-45-AM-3368-640x335.jpg,http://archive.md/20250810172615/https://www.breitbart.com/border/2025/08/10/governor-abbott-delivers-george-strait-checks-to-texas-flood-victims-ignored-by-fleeing-house-democrats/,"Texas Governor Greg Abbott traveled to Ingram, Texas, to deliver $25,000 checks from country-western legend George Strait to families devastated by the deadly Independence Day Hill Country flooding. … [+6437 chars]",,"Gouverneur Abbott übergibt George-Strait-Schecks an Flutopfer in Texas, die von flüchtenden Demokraten im Repräsentantenhaus ignoriert werden. Der Gouverneur von Texas, Greg Abbott, reiste nach Ingram, Texas, um Schecks im Wert von 25.000 US-Dollar der Country-Western-Legende George Strait an Familien zu überreichen, die durch die tödliche Überschwemmung im Hill Country am Unabhängigkeitstag zerstört wurden. Die von Abbott am Samstag überreichten Schecks waren Teil der …","Governor Abbott Delivers George Strait Checks to Texas Flood Victims Ignored by Fleeing House Democrats. Texas Governor Greg Abbott traveled to Ingram, Texas, to deliver $25,000 checks from country-western legend George Strait to families devastated by the deadly Independence Day Hill Country flooding. The checks delivered by Abbott on Saturday were part of the …","Praefectus Abbott liberat Georgium Fretum Checks ad Diluvium Texas Victimae Domus Democratae fugiens neglecta. Texas Praefectus Greg Abbott iter ad Ingram, Texas, ut $25, 000 impedimenta a fabulis rusticis occidentis George Strait liberaret ad familias inundationem diei Hilli patriae funestae vastatae sunt. Compesculationes ab Abbate die Sabbati traditae erant pars ...",2026-01-07 21:55:04+00:00
af4f162e38cd6173cc18f0e9201af899,2025-08-10T19:14:05Z,'flooding storm',www.jsonline.com,en,0.0,"How did Milwaukee get this much rain? High humidity, strong winds and thunderstorms — all in the same place.","The myriad of factors that can culminate to produce the flooding that hit Milwaukee last night came together at the same time, in the same place.",https://www.jsonline.com/story/weather/2025/08/10/heres-what-led-to-milwaukee-getting-upwards-of-one-foot-of-rain/85601599007/,https://media.zenfs.com/en/milwaukee-journal-sentinel/b9b2351c6f493abd3641dd5b5284e34c,http://archive.md/20250810194949/https://www.jsonline.com/story/weather/2025/08/10/heres-what-led-to-milwaukee-getting-upwards-of-one-foot-of-rain/85601599007/,"It was the perfect mixture for chaos.
High humidity in the air? Check. Strong winds carrying moisture? Yep. Stationary thunderstorms interacting with each other? You bet.
That myriad of factors tha… [+1089 chars]",,"Wie konnte Milwaukee so viel Regen bekommen? Hohe Luftfeuchtigkeit, starke Winde und Gewitter – alles am selben Ort. Die unzähligen Faktoren, die zu den Überschwemmungen führen können, die Milwaukee letzte Nacht heimgesucht haben, kamen zur gleichen Zeit und am selben Ort zusammen.","How did Milwaukee get this much rain? High humidity, strong winds and thunderstorms — all in the same place.. The myriad of factors that can culminate to produce the flooding that hit Milwaukee last night came together at the same time, in the same place.","Quomodo Romae hanc multam pluviam? Alta humiditas, venti validi et procellis — omnia in eodem loco.. Myrias factorum quae consummare possunt ad inundationem quae Milwaukee proxima nocte feritur, simul convenerunt, in eodem loco.",2026-01-07 21:55:04+00:00
10de046f19e50d10db043ae59064078e,2025-08-10T21:13:07Z,'flooding disaster',www.upi.com,en,0.0,"Flash flooding, severe weather pummels Wisconsin, closes State Fair","Rescue workers and emergency crews are responding to life-threatening flash flooding in the wake of record rainfall in Wisconsin, and more rain is in the...",https://www.upi.com/Top_News/US/2025/08/10/severe-weather-flooding-close-WI-State-Fair/5301754858518/,https://media.zenfs.com/en/united_press_international_articles_356/3c0d7b804cf65a031930b5d21a96ee38,,"Aug. 10 (UPI) -- Rescue workers and emergency crews are responding to life-threatening flash flooding in the wake of record rainfall in Wisconsin, and more rain is in the forecast for Sunday night, o… [+1482 chars]",,"Sturzfluten und Unwetter erschüttern Wisconsin, die Staatsmesse wird geschlossen. Rettungskräfte und Einsatzkräfte reagieren auf lebensbedrohliche Sturzfluten infolge der Rekordregenfälle in Wisconsin, und weitere Regenfälle sind in Sicht...","Flash flooding, severe weather pummels Wisconsin, closes State Fair. Rescue workers and emergency crews are responding to life-threatening flash flooding in the wake of record rainfall in Wisconsin, and more rain is in the...","Fulgura inundatio, saeva tempestas pummelum Wisconsin claudit Civitatis Fair. Eripe opifices et nautae subitis respondentes mico minanti vitali inundationem in casum recordum pluviarum in Wisconsin, et plus pluviae in ...",2026-01-07 21:55:04+00:00
ec26ea22469ec88eed118e8dae5014bf,2025-08-10T22:46:41Z,'flooding storm',rollingout.com,en,0.0,Severe weather pattern targets St. Louis metro area,"Mother Nature delivered a soggy surprise to St. Louis residents Friday as persistent thunderstorms created hazardous flooding conditions across the metropolitan area, leaving drivers stranded and emergency officials scrambling to issue safety warnings. The we…",https://rollingout.com/2025/08/10/weather-pattern-targets-st-louis-area/,https://rollingout.com/wp-content/uploads/2025/08/shutterstock_517220524-scaled.jpg,,"Mother Nature delivered a soggy surprise to St. Louis residents Friday as persistent thunderstorms created hazardous flooding conditions across the metropolitan area, leaving drivers stranded and eme… [+5289 chars]",,"Unwetter richten sich gegen den Großraum St. Louis. Mutter Natur bereitete den Bewohnern von St. Louis am Freitag eine feuchte Überraschung, als anhaltende Gewitter im gesamten Stadtgebiet zu gefährlichen Überschwemmungen führten, Fahrer feststeckten und Rettungskräfte sich bemühten, Sicherheitswarnungen auszusprechen. Das wir…","Severe weather pattern targets St. Louis metro area. Mother Nature delivered a soggy surprise to St. Louis residents Friday as persistent thunderstorms created hazardous flooding conditions across the metropolitan area, leaving drivers stranded and emergency officials scrambling to issue safety warnings. The we…","Tempestatis instar scutorum S. Ludovici metro regio. Mater Natura TRACTUOSUS mirum S. Ludovicum incolas Veneris eripuit ut tonitribus assiduis condiciones inundationis periculosas per aream metropolitanam creasset, relictis rectoribus destitutis et tumultuariis ministris ruentes ad monita salutis edendam. Nos…",2026-01-07 21:55:04+00:00
d2d81b800f9f6934372a684fd4a7768c,2025-08-10T23:37:00Z,'flooding death',www.cbsnews.com,en,0.0,"Milwaukee inundated with floodwaters, 1 dead in Nebraska as severe weather rips through Midwest","Violent weather hit several Midwest states over the weekend, with high winds being blamed for the death of at least one person in Nebraska and flash flooding prompting a state of emergency in Milwaukee County, Wisconsin. CBS Chicago's Megan De Mar reports fro…",https://www.cbsnews.com/video/milwaukee-inundated-with-floodwaters-1-dead-in-nebraska-as-severe-weather-rips-through-midwest/,https://assets3.cbsnewsstatic.com/hub/i/r/2025/08/10/71f02e1b-8ea1-492f-a96c-4de86efff7f6/thumbnail/1200x630/03762ffe7b6358b5942e2fd142c47072/flooding2.jpg,,Copyright ©2025 CBS Interactive Inc. All rights reserved.,,"Milwaukee wird von Überschwemmungen überschwemmt, 1 Toter in Nebraska, als Unwetter über den Mittleren Westen fegen. Am Wochenende wurden mehrere Bundesstaaten des Mittleren Westens von heftigen Unwettern heimgesucht. In Nebraska starben laut starken Winden mindestens eine Menschen, und in Milwaukee County, Wisconsin, lösten Sturzfluten den Ausnahmezustand aus. Megan De Mar von CBS Chicago berichtet von…","Milwaukee inundated with floodwaters, 1 dead in Nebraska as severe weather rips through Midwest. Violent weather hit several Midwest states over the weekend, with high winds being blamed for the death of at least one person in Nebraska and flash flooding prompting a state of emergency in Milwaukee County, Wisconsin. CBS Chicago's Megan De Mar reports fro…","Milwaukee diluviis inundatus, 1 mortuus in Nebraska quasi tempestas saeva per Midwest ripuit. Violenta tempestas complures Civitates Midwest in volutpat vestibulum percussit, magnis ventis culpantibus ob mortem saltem unius personae in Nebraska et inundatione inundationis impulsum statum repentinae in Comitatu Milwaukee, Wisconsin. CBS Chicago's Megan De Mar refert illuc…",2026-01-07 21:55:04+00:00
bb4c77bd8232a4f0d0b517c48f884b28,2025-08-11T00:43:16Z,'flooding disaster',www.foxnews.com,en,0.0,"Brewers win in a deluge: walk-off thriller inside, total flood disaster outside","Members of SportsNet New York's television crew were forced to ""swim"" back to a hotel in Milwaukee due to severe flooding over the weekend.",https://www.foxnews.com/sports/brewers-win-deluge-walk-off-thriller-inside-total-flood-disaster-outside,https://static.foxnews.com/foxnews.com/content/uploads/2025/08/flood.jpg,,"A retractable roof and a string of good luck during some unfortunate weather at American Family Field led the Milwaukee Brewers to complete a three-game sweep of the New York Mets, keeping their mome… [+2331 chars]",,"Die Brauer gewinnen bei einer Überschwemmung: drinnen ein Walk-Off-Krimi, draußen die totale Flutkatastrophe. Mitglieder des Fernsehteams von SportsNet New York mussten wegen schwerer Überschwemmungen am Wochenende zu einem Hotel in Milwaukee „zurückschwimmen“.","Brewers win in a deluge: walk-off thriller inside, total flood disaster outside. Members of SportsNet New York's television crew were forced to ""swim"" back to a hotel in Milwaukee due to severe flooding over the weekend.","Fossatores in diluvio vincunt: ambula intus inhorruit, extra diluvium summa clades est. Socii televisificis televisificis ludisNet Novi Eboraci ad deversorium in Milwauke reducere coacti sunt propter gravem inundationem volutpat.",2026-01-07 21:55:04+00:00
1b056bf76805c3c00e256ed8078f6e07,2025-08-11T01:50:00Z,'flooding',www.japantimes.co.jp,en,0.0,Heavy rain emergency warning issued for part of Kumamoto Prefecture,"With a high possibility of flooding and other disasters, Japan's weather agency is calling for immediate safety measures to be done in parts of Kumamoto Prefecture.",https://www.japantimes.co.jp/news/2025/08/11/japan/rain-emergency-kumamoto-kyushu/,https://www.japantimes.co.jp/japantimes/uploads/images/2025/08/11/486690.jpg?v=3.1,https://web.archive.org/web/20250811023801/https://www.japantimes.co.jp/news/2025/08/11/japan/rain-emergency-kumamoto-kyushu/,"The Japan Meteorological Agency issued a heavy rain emergency warning for the city of Tamana and the town of Nagasu in Kumamoto Prefecture at 12:20 a.m. on Monday.
The agency is calling for safety m… [+715 chars]",,Für einen Teil der Präfektur Kumamoto wurde eine Warnung vor starkem Regen ausgegeben. Angesichts der hohen Wahrscheinlichkeit von Überschwemmungen und anderen Katastrophen fordert die japanische Wetterbehörde sofortige Sicherheitsmaßnahmen in Teilen der Präfektur Kumamoto.,"Heavy rain emergency warning issued for part of Kumamoto Prefecture. With a high possibility of flooding and other disasters, Japan's weather agency is calling for immediate safety measures to be done in parts of Kumamoto Prefecture.",Imbribus subitis monitio pro parte Praefecturae Kumamoto edita est. Cum magna facultate inundationis aliarumque calamitatum tempestatum Iaponiae procurationem vocat ad proximum salutis consilia in partibus Praefecturae Kumamoto faciendum.,2026-01-07 21:55:04+00:00
cb07b4af8bfe7cc45f6b4fe0556d64ed,2025-08-11T05:46:03Z,'flooding',abcnews.go.com,en,0.0,"Heavy rains in Japan cause flooding and mudslides, and leave several people missing","Downpours on Japan’s southern main island of Kyushu have caused flooding and mudslides, injuring a number of people and impacting travel during a Buddhist holiday week",https://abcnews.go.com/International/wireStory/heavy-rains-southern-japan-cause-flooding-mudslides-leave-124534020,https://i.abcnewsfe.com/a/7a3cedac-0622-4646-b69e-8486cc562651/wirestory_c4ae5b458749fc4bf3d7c796409e1ab9_16x9.jpg?w=1600,https://web.archive.org/web/20250815005924/https://abcnews.go.com/International/wireStory/heavy-rains-southern-japan-cause-flooding-mudslides-leave-124534020,"TOKYO -- Downpours on Japans southern main island of Kyushu caused flooding and mudslides, injuring a number of people and impacting travel during a Buddhist holiday week. Several people were reporte… [+1707 chars]",,"Heftige Regenfälle führen in Japan zu Überschwemmungen und Schlammlawinen und hinterlassen mehrere Vermisste. Regenfälle auf Japans südlicher Hauptinsel Kyushu haben während einer buddhistischen Feiertagswoche Überschwemmungen und Schlammlawinen verursacht, zahlreiche Menschen verletzt und das Reisen beeinträchtigt","Heavy rains in Japan cause flooding and mudslides, and leave several people missing. Downpours on Japan’s southern main island of Kyushu have caused flooding and mudslides, injuring a number of people and impacting travel during a Buddhist holiday week","Imbres graves in Iaponia inundationes et mudslides causant, et complures homines absentes relinquunt. Flumina in Iaponia insulae Kyushu meridionalis principalis insulae inundationes et mudslides effecerunt, numerum hominum laedentem et peregrinationem in Buddhisto ferias hebdomadas impacting",2026-01-07 21:55:04+00:00
27974c229a73300894fffbd832888f1d,2025-08-11T09:42:43Z,'floods',abcnews.go.com,en,0.0,Massive mudslide kills 7 volunteers repairing flood damage in northern Pakistan,A massive mudslide has killed seven volunteers in northern Pakistan as they repaired a drainage channel damaged by flash floods,https://abcnews.go.com/International/wireStory/massive-mudslide-kills-7-volunteers-repairing-flood-damage-124534932,https://i.abcnewsfe.com/a/081284bf-6ac5-4222-aea7-34d600b5279c/wirestory_2ec27e2d94e275cc97ba5a307ae9f677_16x9.jpg?w=1600,,"GILGIT, Pakistan -- A massive mudslide early Monday killed seven volunteers as they repaired a drainage channel damaged by flash floods in northern Pakistan, officials said, leaving three others inju… [+2222 chars]",,"Massive Schlammlawine tötet sieben Freiwillige, die Überschwemmungsschäden im Norden Pakistans reparieren. Bei einem massiven Erdrutsch sind im Norden Pakistans sieben Freiwillige bei der Reparatur eines durch Sturzfluten beschädigten Entwässerungskanals ums Leben gekommen",Massive mudslide kills 7 volunteers repairing flood damage in northern Pakistan. A massive mudslide has killed seven volunteers in northern Pakistan as they repaired a drainage channel damaged by flash floods,Immensus mudslides 7 voluntariorum inundatione damna reparandi in Pakistania septentrionali occidit. Ingens mudslide septem voluntarios in Pakistan septentrionalem occidit cum canalem INCILE reparaverunt mico inundationibus laesum,2026-01-07 21:55:04+00:00
8933834c1f447c3d1304d408e44107de,2025-08-11T10:00:00Z,'flooding area',www.space.com,en,0.0,Is astronomy safe from organized scientific fraud?,"As space becomes more important to the economy of nations around the world, the risk of paper mills flooding the literature with fraudulent results is increasing.",https://www.space.com/astronomy/is-astronomy-safe-from-organized-scientific-fraud,https://cdn.mos.cms.futurecdn.net/Jnqxi3F8uA2Ptq6iMR3CYD.jpg,,"Astronomy and space sciences have mostly avoided the fraudulent practices of paper mills and predatory journals, but that might be about to change, warn the authors of a new report that delves into t… [+6335 chars]",,"Ist die Astronomie vor organisiertem wissenschaftlichem Betrug sicher? Da der Weltraum für die Wirtschaft von Nationen auf der ganzen Welt immer wichtiger wird, steigt das Risiko, dass Papierfabriken die Literatur mit betrügerischen Ergebnissen überschwemmen.","Is astronomy safe from organized scientific fraud?. As space becomes more important to the economy of nations around the world, the risk of paper mills flooding the literature with fraudulent results is increasing.","Estne astrologia tuta ab arte scientifica ordinata? Cum spatium maius fit oeconomiae gentium circa mundum, periculum molendinorum chartarum inundat litteras cum dolo malo eventu auget.",2026-01-07 21:55:04+00:00
cababbf70ca966e339ea2d267b57adc5,2025-08-11T11:44:00Z,'flooding',www.thestar.com.my,en,0.0,"Torrential rains in southern Japan cause flooding, mudslides, and travel disruptions","Downpours on Japan's southern main island of Kyushu caused flooding and mudslides on Monday, injuring a number of people and disrupting travel. Read full story",https://www.thestar.com.my/aseanplus/aseanplus-news/2025/08/11/torrential-rains-in-southern-japan-cause-flooding-mudslides-and-travel-disruptions,https://apicms.thestar.com.my/uploads/images/2025/08/11/3462363.jpg,,"TOKYO (AP): Downpours on Japans southern main island of Kyushu caused flooding and mudslides on Monday, injuring a number of people and disrupting travel during a Buddhist holiday week. Evacuation ad… [+2881 chars]",,"Sintflutartige Regenfälle im Süden Japans führen zu Überschwemmungen, Schlammlawinen und Reiseunterbrechungen. Regenfälle auf Japans südlicher Hauptinsel Kyushu führten am Montag zu Überschwemmungen und Schlammlawinen, wobei zahlreiche Menschen verletzt wurden und der Reiseverkehr beeinträchtigt wurde. Lesen Sie die ganze Geschichte","Torrential rains in southern Japan cause flooding, mudslides, and travel disruptions. Downpours on Japan's southern main island of Kyushu caused flooding and mudslides on Monday, injuring a number of people and disrupting travel. Read full story","Imbres torrentes in Iaponia meridiana inundationes, mudslides et disruptiones itinerantur. Flumina in Iaponia insulae meridionalis Kyushu inundationes et turbationes die Lunae causavit, numerum hominum laedens et peregrinationem dissipans. Read full story",2026-01-07 21:55:04+00:00
bc31d5439a93b2b9bfae2d97778ff936,2025-08-11T13:29:09Z,'flooding disaster',www.tmz.com,en,0.0,‘Love Is Blind’ Sara Carton & Joey Leveille Post Video of Flooded Apartment,"""Love Is Blind"" stars Sara Carton and Joey Leveille are dealing with major flooding in their home ... and it's all on video. The Season 8 costars captured water pouring into her Minneapolis apartment Sunday, seemingly clueless about how to stop the…",https://www.tmz.com/2025/08/11/love-is-blind-sara-carton-joey-leveille-massive-apartment-flood/,https://imagez.tmz.com/image/4f/16by9/2025/08/11/4f3095d680794344bda028c72a38dab0_xl.jpg,,"""Love Is Blind"" stars Sara Carton and Joey Leveille are dealing with major flooding in their home ... and it's all on video.
The Season 8 costars captured water pouring into her Minneapolis apartmen… [+810 chars]",,"„Liebe macht blind“ Sara Carton und Joey Leveille posten Video einer überfluteten Wohnung. Die „Love Is Blind“-Stars Sara Carton und Joey Leveille haben mit einer schweren Überschwemmung in ihrem Haus zu kämpfen … und alles auf Video. Die Co-Stars der 8. Staffel fingen am Sonntag auf, wie Wasser in ihre Wohnung in Minneapolis floss, scheinbar ohne Ahnung, wie sie das stoppen könnten …","‘Love Is Blind’ Sara Carton & Joey Leveille Post Video of Flooded Apartment. ""Love Is Blind"" stars Sara Carton and Joey Leveille are dealing with major flooding in their home ... and it's all on video. The Season 8 costars captured water pouring into her Minneapolis apartment Sunday, seemingly clueless about how to stop the…","'Amor est Blind' Sara Carton & Joey Leveille Post Video Apartment Diluvium. ""Amor Caecus"" stellae Sara Catton et Joey Leveille agunt cum majoribus inundationibus in domo sua ... et actum est in video. Tempus VIII costarum aquam captam infundens in conclavis eius Consectetur Solis, inops videtur quomodo obsisteret…",2026-01-07 21:55:04+00:00
fb7fdc21ae2235a400c95094108c6ef8,2025-08-11T13:37:00Z,'flooding storm',www.cbsnews.com,en,0.0,Historic flooding in Milwaukee traps residents and forces dozens of rescues,"A weekend storm dumped up to 14 inches of rain on southeastern Wisconsin, submerging cars, flooding homes, and prompting more than 65 water rescues in Milwaukee alone.",https://www.cbsnews.com/video/historic-flooding-in-milwaukee-traps-residents-and-forces-dozens-of-rescues/,https://assets1.cbsnewsstatic.com/hub/i/r/2025/08/11/7405e95a-f5c4-4faf-b5a5-b7e676ba5a15/thumbnail/1200x630/a7b20cfe1ae9bb61d7fd637775cf6590/0811-cmo-hanson.jpg,,Copyright ©2025 CBS Interactive Inc. All rights reserved.,,"Historische Überschwemmung in Milwaukee sperrt Anwohner ein und erfordert Dutzende Rettungskräfte. Ein Wochenendsturm ließ im Südosten von Wisconsin bis zu 35 Zentimeter Regen niedergehen, setzte Autos unter Wasser, überschwemmte Häuser und löste allein in Milwaukee mehr als 65 Wasserrettungen aus.","Historic flooding in Milwaukee traps residents and forces dozens of rescues. A weekend storm dumped up to 14 inches of rain on southeastern Wisconsin, submerging cars, flooding homes, and prompting more than 65 water rescues in Milwaukee alone.","Historic inundatio in Milwauke laqueos incolas et copias justos eripit. Tempestas volutpat vestibulum usque ad quattuordecim pluvias in Wisconsin australi, carros submersit, domos inundans, et plus quam 65 aqua in sola Milwaukee liberat.",2026-01-07 21:55:04+00:00
be5aa7394f19dc134f193ccff3056866,2025-08-11T14:41:41Z,'flooding',www.jsonline.com,en,0.0,"How rare was this weekend's rain? It was a 1,000-year flood event.","When flooding is referred to as a 1000-year event, it doesn't actually refer to time. Instead, it refers to probability.",https://www.jsonline.com/story/news/local/2025/08/11/milwaukee-rain-levels-caused-a-1000-year-flood-event/85599116007/,https://s.yimg.com/ny/api/res/1.2/EWKcaRi_mqA1Ts0xUQRtlg--/YXBwaWQ9aGlnaGxhbmRlcjt3PTEyMDA7aD03ODY7Y2Y9d2VicA--/https://media.zenfs.com/en/milwaukee-journal-sentinel/db9f758006d86da70ded5e206cfba89a,http://archive.md/20250811190645/https://www.jsonline.com/story/news/local/2025/08/11/milwaukee-rain-levels-caused-a-1000-year-flood-event/85599116007/,"If you're wondering just how rare this past weekend's deluge was it was extremely rare. In fact, it's classified as a thousand-year event.
The National Weather Service told the Milwaukee Journal Sen… [+3990 chars]",,"Wie selten war der Regen an diesem Wochenende? Es handelte sich um ein 1000-jähriges Hochwasserereignis. Wenn von einer Überschwemmung als 1000-jähriges Ereignis gesprochen wird, ist damit nicht wirklich die Zeit gemeint. Stattdessen bezieht es sich auf die Wahrscheinlichkeit.","How rare was this weekend's rain? It was a 1,000-year flood event.. When flooding is referred to as a 1000-year event, it doesn't actually refer to time. Instead, it refers to probability.","Quam rara fuit hoc weekend pluvia? Eventus mille annorum erat. Cum inundatio ad eventum 1000 annorum refertur, ad tempus non refertur. Sed ad probabilitatem refertur.",2026-01-07 21:55:04+00:00
51818055edb6df3ba7abd4e4108559a0,2025-08-11T18:04:07Z,'flooding',consent.yahoo.com,en,0.0,Does car insurance cover flood damage? What drivers should know after Milwaukee flooding,,https://consent.yahoo.com/v2/collectConsent?sessionId=1_cc-session_a4f6e4f6-1978-4491-bf3b-1d0560c1110d,,,"If you click 'Accept all', we and our partners, including 236 who are part of the IAB Transparency &amp; Consent Framework, will also store and/or access information on a device (in other words, use … [+714 chars]",,Deckt die Kfz-Versicherung Überschwemmungsschäden ab? Was Autofahrer nach der Überschwemmung in Milwaukee wissen sollten. Nan,Does car insurance cover flood damage? What drivers should know after Milwaukee flooding. nan,Utrum currus assecurationis operimentum inundatio damnum? Quid rectores cognoscant post inundationem Milwaukee. nan,2026-01-07 21:55:04+00:00
3e1adc5086bae0237904ba85790cca95,2025-08-12T00:30:00Z,'flooding rain',fortune.com,en,0.0,"Southeast Asia’s cities at ‘high risk’ of flooding and heatwaves, thanks to climate change","Bangkok, Jakarta, and Manila are among the cities facing at least a ""high risk"" of extreme rain and heatwaves, according to Zurich Resilience Solutions.",https://fortune.com/asia/2025/08/11/southeast-asia-cities-high-risk-flooding-heatwaves-zurich-resilience/,"https://fortune.com/img-assets/wp-content/uploads/2025/08/GettyImages-2225368412-e1754890141457.jpg?resize=1200,600",,"In recent weeks, there have been viral images from the Philippines show couples exchanging wedding vows in flooded churches after Tropical Storm Wipha made landfall in late-July. The storm swept thro… [+2890 chars]",,"Städte in Südostasien sind aufgrund des Klimawandels einem „hohen Risiko“ von Überschwemmungen und Hitzewellen ausgesetzt. Laut Zurich Resilience Solutions gehören Bangkok, Jakarta und Manila zu den Städten, die zumindest einem „hohen Risiko“ für extremen Regen und Hitzewellen ausgesetzt sind.","Southeast Asia’s cities at ‘high risk’ of flooding and heatwaves, thanks to climate change. Bangkok, Jakarta, and Manila are among the cities facing at least a ""high risk"" of extreme rain and heatwaves, according to Zurich Resilience Solutions.","civitates Asiae meridionalis in periculo 'inundationis et aestuum magno periculo propter mutationem climatis'. Bangkok, Jakarta et Manila sunt inter civitates quae minimum ""altum periculum"" sunt pluviae et aestus extremae, secundum solutiones Zurich Resilientiae.",2026-01-07 21:55:04+00:00
7b967aba9b016bc6b756633129aa0040,2025-08-12T08:51:55Z,'floods',www.bbc.com,en,0.0,Scores still missing a week after India flash floods,Rescue operations at the disaster site have been hampered by heavy rains and blocked roads.,https://www.bbc.com/news/articles/c87eyx1v039o,https://ichef.bbci.co.uk/news/1024/branded_news/1122/live/0a9ddfa0-7746-11f0-96df-1f39aceffe36.jpg,,"Meryl Sebastian
Nitin RamolaReporting from Uttarkashi
At least 66 people are still missing a week after flash floods hit the northern Indian state of Uttarakhand, according to an official statement… [+3152 chars]",,Eine Woche nach den Sturzfluten in Indien fehlen noch immer die Ergebnisse. Die Rettungseinsätze am Katastrophenort wurden durch starke Regenfälle und blockierte Straßen behindert.,Scores still missing a week after India flash floods. Rescue operations at the disaster site have been hampered by heavy rains and blocked roads.,Scores adhuc octo post Indiae inundationes mico desunt. Eripe operationes in situ calamitatis impeditas imbribus et itineribus obstructis.,2026-01-07 21:55:04+00:00
91cae7caffdc67a1dc4edad7b52c253b,2025-08-12T09:51:00Z,'flooding',www.cbsnews.com,en,0.0,"""Glacial outburst"" flooding threat prompts disaster declaration in Alaska","Alaska Gov. Mike Dunleavy declared a state disaster due to what he called the ""imminent threat of catastrophic flooding from a glacier lake outburst flood"" in the Juneau area.",https://www.cbsnews.com/news/alaska-juneau-glacier-lake-outburst-imminent-threat-catastrophic-flooding/,https://assets2.cbsnewsstatic.com/hub/i/r/2025/08/12/2ce0df6e-f17c-493b-9785-e0a980c893f0/thumbnail/1200x630/d6733669f6c8f2df834f7760c9e71fff/mendenhall-glacier-suicide-basin-satellite-view-late-on-081125.jpg,http://archive.md/20250812133341/https://www.cbsnews.com/news/alaska-juneau-glacier-lake-outburst-imminent-threat-catastrophic-flooding/,"Alaska Gov. Mike Dunleavy issued a state disaster declaration Monday as a result of what he called the ""imminent threat of catastrophic flooding from a glacier lake outburst flood (GLOF)"" in the June… [+1696 chars]",,"Überschwemmungsgefahr durch „Gletscherausbruch“ führt zur Katastrophenerklärung in Alaska. Der Gouverneur von Alaska, Mike Dunleavy, erklärte den Bundesstaat zum Katastrophenfall aufgrund der „unmittelbaren Gefahr einer katastrophalen Überschwemmung durch einen Gletschersee-Ausbruch“ in der Gegend von Juneau.","""Glacial outburst"" flooding threat prompts disaster declaration in Alaska. Alaska Gov. Mike Dunleavy declared a state disaster due to what he called the ""imminent threat of catastrophic flooding from a glacier lake outburst flood"" in the Juneau area.","""Exortae glacialis"" comminatio inundatio calamitatem in Alaska suggerit. Alaska Gov Mike Dunleavy calamitatem publicam declaravit ob id quod ""imminens minas calamitosas inundationis ex lacu inundationis glacieri inundationis"" in regione Iunonis.",2026-01-07 21:55:04+00:00
df07bff5ca7c67783616276a287429c1,2025-08-12T12:00:42Z,'flooding disaster',www.cnn.com,en,0.0,"Texas floods: An undocumented family thought ICE was at the door, until floods swept away their home. Now they fear asking for help","Within seconds of realizing her Texas home was filling with water early on the morning of July 4, Rosalinda began waking her children, grandchildren and mother, yelling to them, “Let’s go!”",https://www.cnn.com/2025/08/12/us/undocumented-immigrants-floods-fear-asking-aid-hnk-dst,"https://media.cnn.com/api/v1/images/stellar/prod/gettyimages-2223157197-20250811092041301.jpg?c=16x9&q=w_800,c_fill",http://archive.md/20250812125213/https://www.cnn.com/2025/08/12/us/undocumented-immigrants-floods-fear-asking-aid-hnk-dst,"Within seconds of realizing her Texas home was filling with water early on the morning of July 4, Rosalinda began waking her children, grandchildren and mother, yelling to them, Lets go!
But in the … [+11510 chars]",,"Überschwemmungen in Texas: Eine Familie ohne Papiere dachte, der ICE stünde vor der Tür, bis die Überschwemmungen ihr Haus zerstörten. Jetzt haben sie Angst, um Hilfe zu bitten. Wenige Sekunden, nachdem Rosalinda am frühen Morgen des 4. Juli merkte, dass sich ihr Haus in Texas mit Wasser füllte, begann sie, ihre Kinder, Enkel und ihre Mutter zu wecken und rief ihnen zu: „Lass uns gehen!“","Texas floods: An undocumented family thought ICE was at the door, until floods swept away their home. Now they fear asking for help. Within seconds of realizing her Texas home was filling with water early on the morning of July 4, Rosalinda began waking her children, grandchildren and mother, yelling to them, “Let’s go!”","Texas inundationes: undocumentae familiae cogitatio ICE erat ad ianuam, donec diluvia domum suam tollerent. Nunc auxilium metuunt petentes. Intra secunda domum suam Texas cognoscendi implebat aqua primo mane IV Kalendas Augusti, Rosalinda filios suos, nepotes et matrem evigilabat, clamans eis ""Eamus!""",2026-01-07 21:55:04+00:00
fbadf9f51aa16805994defc64a56e368,2025-08-12T13:23:29Z,'floods',www.newsweek.com,en,0.0,Holding Corporations Accountable for Climate Disasters | Opinion,"Weeks after the deadly floods in central Texas, searches were still underway for those who were lost.",https://www.newsweek.com/holding-corporations-accountable-climate-disasters-opinion-2111017,https://d.newsweek.com/en/full/2700953/texas-flooding.jpg,https://web.archive.org/web/20250814152954/https://www.newsweek.com/holding-corporations-accountable-climate-disasters-opinion-2111017,"Weeks after the deadly floods in central Texas, searches were still underway for those who were lost. The radiating effects of this disaster will be felt in our communities for decades, from the live… [+4592 chars]",,Unternehmen für Klimakatastrophen zur Verantwortung ziehen | Meinung. Wochen nach den tödlichen Überschwemmungen in Zentral-Texas wurde noch immer nach den Vermissten gesucht.,"Holding Corporations Accountable for Climate Disasters | Opinion. Weeks after the deadly floods in central Texas, searches were still underway for those who were lost.","Holding Corporations Accountable for Clima Disasters | Sententiam. Septimanas post inundationes funebres in Texas centrali, quaesita adhuc erant comparata pro iis qui perierant.",2026-01-07 21:55:04+00:00
e8a92afc76f36045dea316fbdf8cc4bf,2025-08-12T14:36:44Z,'flooding disaster',www.foxweather.com,en,0.0,Disaster declared in Alaska's capital due to 'catastrophic flooding' threat from glacial lake outburst,"Alaska Gov. Mike Dunleavy issued a disaster declaration Sunday in response to an “imminent threat of catastrophic flooding"" from a glacier lake outburst...",https://www.foxweather.com/weather-news/juneau-alaska-glacial-lake-outburst-flooding-disaster-august-2025,https://media.zenfs.com/en/fox_weather_articles_483/91aa47f969acd753f81e1e9c87ccc53a,,"JUNEAU, Alaska Alaska Gov. Mike Dunleavy issued a disaster declaration Sunday in response to an ""imminent threat of catastrophic flooding"" from a glacial lake outburst flood (GLOF) linked to a side b… [+4527 chars]",,"In der Hauptstadt Alaskas wurde eine Katastrophe aufgrund der Gefahr einer „katastrophalen Überschwemmung“ durch den Ausbruch eines Gletschersees ausgerufen. Der Gouverneur von Alaska, Mike Dunleavy, gab am Sonntag eine Katastrophenerklärung als Reaktion auf die „unmittelbare Gefahr einer katastrophalen Überschwemmung“ durch einen Ausbruch eines Gletschersees heraus …","Disaster declared in Alaska's capital due to 'catastrophic flooding' threat from glacial lake outburst. Alaska Gov. Mike Dunleavy issued a disaster declaration Sunday in response to an “imminent threat of catastrophic flooding"" from a glacier lake outburst...","Calamitas in capite Alaska declarata est propter comminationem calamitosas inundationis e lacu glaciali eruptionis. Alaska Gov Mike Dunleavy calamitatem declarationem Dominicae edidit in responsione ad ""imminentem comminationem inundationis calamitosae"" e lacu glacie erupente...",2026-01-07 21:55:04+00:00
aad3eca5c754c9329707b22b7b547078,2025-08-12T15:40:33Z,'deluge',www.101greatgoals.com,en,0.0,Jack Grealish: Everton sign Man City winger on loan,Jack Grealish says a deluge of messages from Everton fans influenced his decision to join the Toffees on loan for the season.,https://www.101greatgoals.com/football/premier-league/jack-grealish-everton-sign-man-city-winger-on-loan/,https://www.101greatgoals.com/wp-content/uploads/2024/07/shutterstock_2317339011-1-min.jpg,,"Everton have signed midfielder Jack Grealish on a season-long loan deal from Manchester City.
The 29-year-old won the treble with City in 2022/23 but fell out of favour last season.
Grealish made j… [+752 chars]",,"Jack Grealish: Everton verpflichtet Flügelspieler von Man City auf Leihbasis. Jack Grealish sagt, eine Flut von Nachrichten von Everton-Fans habe seine Entscheidung beeinflusst, für diese Saison auf Leihbasis zu den Toffees zu wechseln.",Jack Grealish: Everton sign Man City winger on loan. Jack Grealish says a deluge of messages from Everton fans influenced his decision to join the Toffees on loan for the season.,Jack Grealish: Verton signum hominis urbs winger creditum. Jack Grealish dicit inundationem nuntiorum ab Everton fans induxisse sententiam suam ut Toffees mutuum iungere pro tempore.,2026-01-07 21:55:04+00:00
ce94a66192ed40de7b0693f7b62acfb9,2025-08-12T16:18:49Z,'floods',www.insurancejournal.com,en,0.0,Texas Homeowners Question Whether to Rebuild After Floods,"Brian Keeper doesn’t remember exactly when his family began spending holidays in Hunt, an unincorporated town on the banks of the Guadalupe River where they’d camp, swim, and fish. Sometimes they caught so many perch, bass, and catfish that it …",https://www.insurancejournal.com/news/southcentral/2025/08/12/835448.htm,https://www.insurancejournal.com/app/uploads/2025/08/0722-Camp-Camp-Reopens-EH-41.jpg-copy.jpg,,"Brian Keeper doesn’t remember exactly when his family began spending holidays in Hunt, an unincorporated town on the banks of the Guadalupe River where they’d camp, swim, and fish. Sometimes they cau… [+22614 chars]",,"Hausbesitzer in Texas fragen sich, ob sie nach Überschwemmungen wiederaufbauen sollen. Brian Keeper kann sich nicht genau daran erinnern, wann seine Familie begann, ihre Ferien in Hunt zu verbringen, einer gemeindefreien Stadt am Ufer des Guadalupe River, wo sie campten, schwammen und fischten. Manchmal fingen sie so viele Barsche, Barsche und Welse, dass es …","Texas Homeowners Question Whether to Rebuild After Floods. Brian Keeper doesn’t remember exactly when his family began spending holidays in Hunt, an unincorporated town on the banks of the Guadalupe River where they’d camp, swim, and fish. Sometimes they caught so many perch, bass, and catfish that it …","Texas Homeowners Quaeritur utrum post diluvia reficere. Brian Custos non exacte meminit cum familia sua ferias in Hunt, oppidum incorporatum ad ripas fluminis Guadalupensis ubi castra habuerunt, natare et pisces inceperunt. Aliquando tot perticas, bass, et silurus comprehenderunt ut ...",2026-01-07 21:55:04+00:00
67d68b51765ace1d664f7155f7ae8176,2025-08-12T19:58:08Z,'flooding evacuation',www.yourbasin.com,en,0.0,Family of flood victim sues RV park over alleged negligence,"AUSTIN (KMID/KPEJ)- Loved ones of 22-year-old Jayda Floyd, an Odessa juvenile probation officer who lost her life last month in the devastating floods that...",https://www.yourbasin.com/news/family-of-flood-victim-sues-rv-park-over-alleged-negligence/,https://media.zenfs.com/en/kmid_midland_articles_115/72e34aa4138d48e83f2a09c71a562f87,,"AUSTIN (KMID/KPEJ)- Loved ones of 22-year-old Jayda Floyd, an Odessa juvenile probation officer who lost her life last month in the devastating floods that swept through the Hill Country, have filed … [+6172 chars]",,"Familie des Flutopfers verklagt Wohnmobilpark wegen angeblicher Fahrlässigkeit. AUSTIN (KMID/KPEJ) – Angehörige der 22-jährigen Jayda Floyd, einer jugendlichen Bewährungshelferin aus Odessa, die letzten Monat bei den verheerenden Überschwemmungen ums Leben kam...","Family of flood victim sues RV park over alleged negligence. AUSTIN (KMID/KPEJ)- Loved ones of 22-year-old Jayda Floyd, an Odessa juvenile probation officer who lost her life last month in the devastating floods that...","Familia inundationis victima RV parcum per allegatam negligentiam petit. AUSTIN (KMID/KPEJ) - Dilecti 22 annorum Jayda Floyd, praefectus probationis juvenilis Odessae, qui ultimo mense vitam amisit in diluviis vastandis qui ...",2026-01-07 21:55:04+00:00
e68cf2a4e69ef3cec982e1a76e8236c7,2025-08-12T20:12:26Z,'flooding',consent.yahoo.com,en,0.0,Flash flooding hits St. Louis after heavy rain,,https://consent.yahoo.com/v2/collectConsent?sessionId=1_cc-session_d0bc847a-fe6b-4ab0-8d47-014baad4ec2e,,,"If you click 'Accept all', we and our partners, including 236 who are part of the IAB Transparency &amp; Consent Framework, will also store and/or access information on a device (in other words, use … [+714 chars]",,Nach heftigen Regenfällen kommt es in St. Louis zu Sturzfluten. Nan,Flash flooding hits St. Louis after heavy rain. nan,Micat inundatio St. Ludovici post pluviam percussam. nan,2026-01-07 21:55:04+00:00
4ce14e7bb4aae1b7bb13c3df03553faa,2025-08-12T23:16:24Z,'flooding',www.usatoday.com,en,0.0,Alaska capital Juneau urged to evacuate as 'glacial outburst' flood looms,"Because the flooding has been a growing concern, city officials have installed emergency flood barriers along several miles of riverbanks.",https://www.usatoday.com/story/news/nation/2025/08/12/mendenhall-glacial-outburst-juneau-alaska-evacuations/85633778007/,https://s.yimg.com/ny/api/res/1.2/TDx2KqxpRsBWbGvqtTjWJA--/YXBwaWQ9aGlnaGxhbmRlcjt3PTEyMDA7aD04MTg7Y2Y9d2VicA--/https://media.zenfs.com/en/usa_today_news_641/274c91da8c2ba78bc784936acd634e51,http://archive.md/20250814165757/https://www.usatoday.com/story/news/nation/2025/08/12/mendenhall-glacial-outburst-juneau-alaska-evacuations/85633778007/,"Emergency managers are urging many residents of Alaska's capital city of Juneau to evacuate as summer glacial flooding driven by climate change threatens to inundate the area.
Authorities say floodi… [+2770 chars]",,"Alaskas Hauptstadt Juneau muss evakuiert werden, da sich eine Überschwemmung aufgrund eines „Gletscherausbruchs“ abzeichnet. Da die Überschwemmungen ein wachsendes Problem darstellen, haben die Stadtbeamten an mehreren Flussufern Notfall-Hochwassersperren installiert.","Alaska capital Juneau urged to evacuate as 'glacial outburst' flood looms. Because the flooding has been a growing concern, city officials have installed emergency flood barriers along several miles of riverbanks.","Alaska capitis Iunii suasit ut decederet ut 'exortae glacialis' diluvium imminet. Quia inundatio sollicitudinis increscens fuit, magistratus civitatis subitis claustra diluvii per aliquot milia riparum riparum constituerunt.",2026-01-07 21:55:04+00:00
261c8f4e76b91c69457dc88d372aa02c,2025-08-13T03:38:50Z,'floods',www.ktsm.com,en,0.0,"Flash floods slam El Paso: Cars submerged, roads flooded","EL PASO, Texas (KTSM) — The El Paso area was slammed by flash flooding late Tuesday evening, Aug. 12, particularly hard hit was the Kern Place area near UTEP...",https://www.ktsm.com/news/kern-place-area-near-utep-hit-with-hard-rain-flooding/,https://media.zenfs.com/en/ktsm_articles_153/c8d6738f8bcece1cb0312c0b39540d56,,"EL PASO, Texas (KTSM) The El Paso area was slammed by flash flooding late Tuesday evening, Aug. 12, particularly hard hit was the Kern Place area near UTEP.
El Paso Fire is also reporting cars stran… [+1151 chars]",,"Sturzfluten erschüttern El Paso: Autos stehen unter Wasser, Straßen überschwemmt. EL PASO, Texas (KTSM) – Das Gebiet von El Paso wurde am späten Dienstagabend, dem 12. August, von Sturzfluten heimgesucht, besonders hart traf es das Kern Place-Gebiet in der Nähe von UTEP …","Flash floods slam El Paso: Cars submerged, roads flooded. EL PASO, Texas (KTSM) — The El Paso area was slammed by flash flooding late Tuesday evening, Aug. 12, particularly hard hit was the Kern Place area near UTEP...","Inundationes slam El Paso: Cars demersae, viae inundatae. EL PASO, Texas (KTSM) — Area El Paso inundatio nuper Martis vesperi inclusa est, die 12 Aug., praesertim ictus durissimus erat regio Kern Place prope UTEP...",2026-01-07 21:55:04+00:00
cd090e2a98a6df189ac3d8882acab249,2025-08-13T05:13:38Z,'flooding',www.globalsecurity.org,en,0.0,Update on U.S. Foreign Assistance to the Philippines in Response to Recent Flooding,The United States extends its heartfelt condolences to those in the Philippines affected by consecutive storms and monsoon rains.,https://www.globalsecurity.org/military/library/news/2025/08/mil-250812-state01.htm,,,"US Department of State
Media NoteOffice of the SpokespersonAugust 12, 2025
The United States extends its heartfelt condolences to those in the Philippines affected by consecutive storms and monsoon… [+988 chars]",,"Update zur US-Auslandshilfe für die Philippinen als Reaktion auf die jüngsten Überschwemmungen. Die Vereinigten Staaten sprechen den Menschen auf den Philippinen, die von aufeinanderfolgenden Stürmen und Monsunregen betroffen sind, ihr tief empfundenes Beileid aus.",Update on U.S. Foreign Assistance to the Philippines in Response to Recent Flooding. The United States extends its heartfelt condolences to those in the Philippines affected by consecutive storms and monsoon rains.,Renova in US Externorum ad Philippenses Ad recentes inundationes. Foederatae Americae solacia sincera ad eos pertinent in Philippinis continuis procellis et imbribus monstrosis affectis.,2026-01-07 21:55:04+00:00
26795e60ac9613cafec1fa56af73eb25,2025-08-13T05:20:22Z,'flooding rain',thehillstimes.in,en,0.0,Ambulance Carrying Patient Breaks Down in Flooded Beltola Wireless Area,"HT DIGITAL GUWAHATI, AUGUST 13: Guwahati witnessed intense waterlogging and traffic jams during Tuesday night and Wednesday morning following relentless heavy rain, which led to extensive artificial flooding in large areas of the city. A very troubling incide…",https://thehillstimes.in/assam/guwahati/ambulance-carrying-patient-breaks-down-in-flooded-beltola-wireless-area,https://thehillstimes.in/wp-content/uploads/2024/10/ghy-flood.jpg,https://web.archive.org/web/20250902151444/https://thehillstimes.in/assam/guwahati/ambulance-carrying-patient-breaks-down-in-flooded-beltola-wireless-area,"HT DIGITAL
GUWAHATI, AUGUST 13: Guwahati witnessed intense waterlogging and traffic jams during Tuesday night and Wednesday morning following relentless heavy rain, which led to extensive artificial… [+1873 chars]",,"Krankenwagen mit Patient bricht im überschwemmten Beltola Wireless-Bereich zusammen. HT DIGITAL GUWAHATI, 13. AUGUST: In Guwahati kam es am Dienstagabend und am Mittwochmorgen nach anhaltenden starken Regenfällen zu starker Staunässe und Staus, die in weiten Teilen der Stadt zu ausgedehnten künstlichen Überschwemmungen führten. Ein sehr beunruhigender Vorfall …","Ambulance Carrying Patient Breaks Down in Flooded Beltola Wireless Area. HT DIGITAL GUWAHATI, AUGUST 13: Guwahati witnessed intense waterlogging and traffic jams during Tuesday night and Wednesday morning following relentless heavy rain, which led to extensive artificial flooding in large areas of the city. A very troubling incide…","Ambulance ferens patientiam frangit in inundatione Beltola Wireless Area. HT DIGITAL GUWAHATI, AUGUST XIII: Guwahati testati sunt graves aquationes et negotiationes impeditae inter Martis noctem et Mercurii mane sequentes imbrem gravem crudelem, quod ad inundationem artificialem amplam in magnas urbis areas ducebat. A valde molesta incide…",2026-01-07 21:55:04+00:00
81192923726936d7a2a548aeb7653827,2025-08-13T09:04:16Z,'flooding',abcnews.go.com,en,0.0,"Texts, emails show confusion among officials during Texas flooding",Texts and emails obtained by ABC News show how officials with a Texas river authority responded as the July Fourth floods ravaged Kerr County.,https://abcnews.go.com/US/assume-worst-internal-texts-emails-show-confusion-concern/story?id=124588857,https://i.abcnewsfe.com/a/44b81f5a-6c18-4353-9889-c9a15aad6de3/texas-flood-debris-04-gty-jt-250705_1751738269956_hpMain_16x9.jpg?w=1600,https://wayback.archive-it.org/all/20250813164324/https://abcnews.go.com/US/assume-worst-internal-texts-emails-show-confusion-concern/story?id=124588857,"As the Guadalupe River overflowed in Kerr County on the Fourth of July, officials with a local agency charged with ""managing water quality and water quantity"" in the Texas Hill Country appeared perpl… [+8053 chars]",,"Texte und E-Mails zeigen Verwirrung unter Beamten während der Überschwemmung in Texas. Von ABC News erhaltene Texte und E-Mails zeigen, wie Beamte einer texanischen Flussbehörde reagierten, als die Überschwemmungen am 4. Juli Kerr County verwüsteten.","Texts, emails show confusion among officials during Texas flooding. Texts and emails obtained by ABC News show how officials with a Texas river authority responded as the July Fourth floods ravaged Kerr County.","Textus, electronicae confusionem inter magistratus inundationem Texas ostendunt. Textus et electronicae ab ABC Nuntio impetratae ostendunt quomodo magistratus cum auctoritate Texas fluminis responderint sicut inundationes Iulii Quarti comitatus Kerr depopulati sunt.",2026-01-07 21:55:04+00:00
9bd5a73bf1cf6dfa9aba92f5f69c7b33,2025-08-13T11:16:37Z,'flooding',www.today.com,en,0.0,Severe Flash Flooding Spurs Water Rescues in Tennessee,"Heavy rain in Chattanooga, Tennessee, is causing severe flash flooding with some areas getting more than six inches in just four hours. While the flood threat recedes, residents in Juneau, Alaska, are told to evacuate as water from a nearby glacier threatens …",https://www.today.com/video/heavy-rain-causes-flash-flooding-as-severe-heat-bakes-us-244864069969,"https://media-cldnry.s-nbcnews.com/image/upload/t_social_share_1200x630_center,f_auto,q_auto:best/mpx/2704722219/2025_08/1755083786069_tdy_news_7a_mclaughlin_weather_250813_1920x1080-6hdije.jpg",,"Heavy rain in Chattanooga, Tennessee, is causing severe flash flooding with some areas getting more than six inches in just four hours. While the flood threat recedes, residents in Juneau, Alaska, ar… [+263 chars]",,"Schwere Sturzfluten spornen Wasserrettungen in Tennessee an. Heftiger Regen in Chattanooga, Tennessee, führt zu schweren Sturzfluten, wobei in einigen Gebieten innerhalb von nur vier Stunden mehr als 15 cm ansteigen. Während die Überschwemmungsgefahr nachlässt, werden die Bewohner von Juneau, Alaska, zur Evakuierung aufgefordert, da das Wasser eines nahegelegenen Gletschers droht …","Severe Flash Flooding Spurs Water Rescues in Tennessee. Heavy rain in Chattanooga, Tennessee, is causing severe flash flooding with some areas getting more than six inches in just four hours. While the flood threat recedes, residents in Juneau, Alaska, are told to evacuate as water from a nearby glacier threatens …","Gravis Flash Inundatio Calcaria Aquae Rescuae in Tennessee. Imber gravis in Chattanooga, Tennessee, gravem micum inundationem causat cum quibusdam locis plus quam sex digitos in quattuor horis iustus questus. Dum comminatio diluvii recedit, habitant in Iunio, Alaska, nuntiaverunt se evacuare sicut aqua ex proxima glacie imminet ...",2026-01-07 21:55:04+00:00
821ac9ebe8f28f393274d429d0755771,2025-08-13T12:32:16Z,'flooding evacuation',www.bbc.com,en,0.0,Evacuations in Alaska after glacial melt raises fears of record flooding,Meltwater is escaping from a basin that is dammed by a glacier - prompting fears of a deluge in state capital Juneau.,https://www.bbc.com/news/articles/c4gejyg8l7vo?xtor=AL-72-%5Bpartner%5D-%5Byahoo.north.america%5D-%5Bheadline%5D-%5Bnews%5D-%5Bbizdev%5D-%5Bisapi%5D,https://media.zenfs.com/en/bbc_us_articles_995/64f68d93b7ec1b82597074ef63dcf9ba,,"Some Alaskans are evacuating their homes as meltwater escapes a basin dammed by the Mendenhall Glacier - raising fears of record-breaking flooding in the US state's capital city.
The National Weathe… [+1920 chars]",,Evakuierungen in Alaska nach der Gletscherschmelze lassen Angst vor Rekordüberschwemmungen aufkommen. Schmelzwasser tritt aus einem von einem Gletscher aufgestauten Becken aus – was in der Landeshauptstadt Juneau Befürchtungen einer Überschwemmung hervorruft.,Evacuations in Alaska after glacial melt raises fears of record flooding. Meltwater is escaping from a basin that is dammed by a glacier - prompting fears of a deluge in state capital Juneau.,Vacationes in Alaska post dissolutionem glacialem timores inundationis recordationis erigit. Meltwater e pelve quod glaciei vexatum est effugit - instigante timores diluvii in statu capitali Iunii.,2026-01-07 21:55:04+00:00
024af9fbdf755ef84aa56a1949fa6533,2025-08-13T13:52:34Z,'flooding health',economictimes.indiatimes.com,en,0.0,Fake paneer flooding Delhi NCR markets: Police nab dairy scam mastermind; Know how this cottage cheese could wreck your health,Afsar Khan was apprehended in Noida for allegedly masterminding a large-scale operation that flooded Delhi-NCR with fake paneer. His Aligarh plant produced synthetic paneer using dangerous chemicals and sold it at low prices.,https://economictimes.indiatimes.com/news/new-updates/fake-paneer-flooding-delhi-ncr-markets-police-nab-dairy-scam-mastermind-and-know-how-this-cottage-cheese-could-wreck-your-health/articleshow/123282679.cms,"https://img.etimg.com/thumb/msid-123282773,width-1200,height-630,imgsize-1378907,overlay-economictimes/articleshow.jpg",,"Police in Noida have arrested a 34-year-old man for allegedly flooding Delhi-NCR markets with 'fake paneer'. The suspect, identified as Afsar Khan, was picked up from Sector 63 on Monday after weeks … [+2108 chars]",,"Gefälschtes Paneer überschwemmt NCR-Märkte in Delhi: Polizei schnappt Drahtzieher des Molkereibetrugs; Wissen Sie, wie dieser Hüttenkäse Ihrer Gesundheit schaden kann. Afsar Khan wurde in Noida festgenommen, weil er angeblich eine groß angelegte Operation geplant hatte, bei der Delhi-NCR mit gefälschtem Paneer überschwemmt wurde. Sein Werk in Aligarh produzierte synthetisches Paneer unter Verwendung gefährlicher Chemikalien und verkaufte es zu niedrigen Preisen.",Fake paneer flooding Delhi NCR markets: Police nab dairy scam mastermind; Know how this cottage cheese could wreck your health. Afsar Khan was apprehended in Noida for allegedly masterminding a large-scale operation that flooded Delhi-NCR with fake paneer. His Aligarh plant produced synthetic paneer using dangerous chemicals and sold it at low prices.,Fake paneer inundatio Delhi NCR mercatus: Vigilum nab dairy scam sollertis; Scitote quomodo caseus iste casale valetudinis tuae possit pessumdare. Afsar Khan in Noida apprehensus est quia dicebatur dominandi magnam scalam operationis quae Delhi-NCR inundavit cum paneer ficto. Eius planta Aligarh synthetica paneer utens periculosis chemicis produxit et eam parvo pretio vendidit.,2026-01-07 21:55:04+00:00
1f0a2e12d0a6ef9cf0c2ea3d52990603,2025-08-13T13:53:05Z,'flooding weather',rollingout.com,en,0.0,Will Lancaster’s first August rain bring trouble?,"Lancaster County residents should prepare for potentially dangerous weather conditions Wednesday evening as the first August thunderstorms approach, bringing risks of flooding and strong winds after an unusually dry start to the month. The National Weather Se…",https://rollingout.com/2025/08/13/lancasters-first-august-rain-trouble/,https://rollingout.com/wp-content/uploads/2025/08/shutterstock_2324491781-scaled.jpg,,"Lancaster County residents should prepare for potentially dangerous weather conditions Wednesday evening as the first August thunderstorms approach, bringing risks of flooding and strong winds after … [+5311 chars]",,"Wird der erste Augustregen in Lancaster Ärger bringen? Die Einwohner von Lancaster County sollten sich am Mittwochabend auf potenziell gefährliche Wetterbedingungen vorbereiten, da die ersten Gewitter im August aufziehen und nach einem ungewöhnlich trockenen Monatsanfang die Gefahr von Überschwemmungen und starken Winden mit sich bringen. Die National Weather Se…","Will Lancaster’s first August rain bring trouble?. Lancaster County residents should prepare for potentially dangerous weather conditions Wednesday evening as the first August thunderstorms approach, bringing risks of flooding and strong winds after an unusually dry start to the month. The National Weather Se…","An Kalendae Augusti pluviae Lancastriae molestiam afferent? Comitatus Lancastriae incolas tempestatum periculosas potentialiter praeparare debet Mercurii vesperi, sicut tonitrua prima Augusti appropinquant, pericula inundationum et ventorum validorum post solitum siccum ad mensem initium afferentes. Tempestas Nationalis Se…",2026-01-07 21:55:04+00:00
5cae53ac837bd83a58423ba8f92a7aad,2025-08-13T14:53:20Z,'floods',www.bbc.com,en,0.0,Cape Verde declares state of emergency after deadly floods,"The situation is being described as ""catastrophic"" after islands hit by vast amounts of rain.",https://www.bbc.com/news/articles/c87eyv810jyo,https://ichef.bbci.co.uk/news/1024/branded_news/5587/live/77696cc0-7850-11f0-a68b-87ae01499ab8.jpg,,"Cape Verde has declared a state of emergency on the islands of São Vicente and Santo Antão, after deadly floods which killed at least nine people and forced 1,500 from their homes.
The state of emer… [+1641 chars]",,"Kap Verde ruft nach tödlichen Überschwemmungen den Ausnahmezustand aus. Die Situation wird als „katastrophal“ beschrieben, nachdem auf den Inseln enorme Regenmengen niedergeschlagen wurden.","Cape Verde declares state of emergency after deadly floods. The situation is being described as ""catastrophic"" after islands hit by vast amounts of rain.","Promontorium Verde declarat statum tumultus post diluvia mortifera. Res ""exitiosus"" describitur postquam insulis immenso pluviarum moles ictus est.",2026-01-07 21:55:04+00:00
c51a413f00465aeb8849fae55d210952,2025-08-13T15:10:41Z,'floods',gizmodo.com,en,0.0,Leaky Ice Dam Prompts Evacuations in Alaska as Record Floods Loom,Juneau might see its third record-breaking flood in three years.,https://gizmodo.com/leaky-ice-dam-prompts-evacuations-in-alaska-as-record-floods-loom-2000642448,https://gizmodo.com/app/uploads/2025/08/alaska-glacier-near-juneau-1200x675.jpg,https://web.archive.org/web/20250813170948/https://gizmodo.com/leaky-ice-dam-prompts-evacuations-in-alaska-as-record-floods-loom-2000642448,"A water basin in Alaska is overflowing its ice dam, the Mendenhall Glacier, and flooding the state capital, Juneau. Experts expect the likely record-breaking event to peak today, and officials have a… [+2458 chars]",,"Undichten Eisdamm führt zu Evakuierungen in Alaska, da Rekordüberschwemmungen drohen. In Juneau droht die dritte rekordverdächtige Überschwemmung in drei Jahren.",Leaky Ice Dam Prompts Evacuations in Alaska as Record Floods Loom. Juneau might see its third record-breaking flood in three years.,Leaky Ice Dam Promptus Evacuationes in Alaska sicut Record Floods Loom. Iunius videre potuit eius commentarium tertium diluvium per tres annos fractionem.,2026-01-07 21:55:04+00:00
2cadb9552b846bb7fb6080803060d7ec,2025-08-13T15:12:51Z,'flooding',www.cbsnews.com,en,0.0,Falling tree kills family as Chattanooga flooding prompts water rescues,"A mother, father and child died when a tree fell onto their car as heavy rain and flooding hit Tennessee, an official said.",https://www.cbsnews.com/news/chattanooga-flooding-child-parents-killed-tree-car-heavy-rain-tennessee/,https://assets3.cbsnewsstatic.com/hub/i/r/2025/08/13/0f6439d9-9d35-4580-9efe-83376791e577/thumbnail/1200x630g2/5fb99b5d9eb8f9b095bf13949e2d831b/ap25225409670254.jpg,,"A mother, father and child were killed when a tree fell on their car during heavy rain and flooding in Tennessee, an official said Wednesday.
The three were killed when saturated ground caused a lar… [+2775 chars]",,"Ein umstürzender Baum tötet eine Familie, während die Überschwemmung in Chattanooga Wasserrettungen auslöst. Eine Mutter, ein Vater und ein Kind starben, als ein Baum auf ihr Auto fiel, als heftiger Regen und Überschwemmungen Tennessee heimsuchten, sagte ein Beamter.","Falling tree kills family as Chattanooga flooding prompts water rescues. A mother, father and child died when a tree fell onto their car as heavy rain and flooding hit Tennessee, an official said.","Arbor cadens familiam necat sicut Chattanooga inundationem aquam liberat suggerit. Mater, pater et puer mortui sunt, cum arbor in currus suos incidit ut gravis pluvia et inundatio Tennessee ledo, officialis dixit.",2026-01-07 21:55:04+00:00
5c2df1b0b0849dcb043638e213efbe28,2025-08-13T15:52:00Z,'flooding climate change',www.scientificamerican.com,en,0.0,What Is a Glacial Outburst Flood? Alaska’s Suicide Basin Explained,"Meltwater from a glacial lake outburst is flooding Juneau, Alaska. Such events are likely to happen more often as climate change destabilizes ice and glacial lakes fill with more meltwater",https://www.scientificamerican.com/article/what-is-a-glacier-outburst-flood-alaskas-suicide-basin-explained/,https://static.scientificamerican.com/dam/m/643c6ca23142c9dc/original/Mendenhall-glacier.jpg?m=1755101942.975&w=1200,https://web.archive.org/web/20250813165603/https://www.scientificamerican.com/article/what-is-a-glacier-outburst-flood-alaskas-suicide-basin-explained/,"Meltwater from a glacial outburst near Juneau, Alaska, is flooding nearby neighborhoods, and officials are urging some residents of the city of 30,000 to evacuate.
The meltwater is rushing downstrea… [+2372 chars]",,"Was ist eine Gletscherflut? Alaskas Selbstmordbecken erklärt. Schmelzwasser aus einem Gletscherseeausbruch überschwemmt Juneau, Alaska. Solche Ereignisse werden wahrscheinlich häufiger auftreten, da der Klimawandel das Eis destabilisiert und sich Gletscherseen mit mehr Schmelzwasser füllen","What Is a Glacial Outburst Flood? Alaska’s Suicide Basin Explained. Meltwater from a glacial lake outburst is flooding Juneau, Alaska. Such events are likely to happen more often as climate change destabilizes ice and glacial lakes fill with more meltwater","What Is a Glacial Outburst Flood? Alaska Suicide Basin Explicata. Meltwater e lacu glaciali erupit Juneau, Alaska inundans. Tales eventus frequentius evenire solent cum mutatio climatis glaciem dissolvit et lacus glaciales pluribus aquis liquescentia implent",2026-01-07 21:55:04+00:00
a39011551c88d0224233f928d82b7827,2025-08-13T16:05:40Z,'flooding',www.insurancejournal.com,en,0.0,"Among Texas’ Guadalupe River, Several Summer Camps Are in Flood Zones","The all-girls Christian summer camp where 27 people, most of them children, were swept away and killed by the July 4 flooding in Kerr County was just one of 13 summer camps along the Guadalupe River built on land prone …",https://www.insurancejournal.com/news/southcentral/2025/08/13/835631.htm,https://www.insurancejournal.com/app/uploads/2025/08/0705-Hill-Country-Floods-BB-TT-35-copy.jpg,https://web.archive.org/web/20250813162155/https://www.insurancejournal.com/news/southcentral/2025/08/13/835631.htm,"The all-girls Christian summer camp where 27 people, most of them children, were swept away and killed by the July 4 flooding in Kerr County was just one of 13 summer camps along the Guadalupe River … [+9226 chars]",,"Am Guadalupe River in Texas liegen mehrere Sommercamps in Überschwemmungsgebieten. Das ausschließlich aus Mädchen bestehende christliche Sommercamp, in dem 27 Menschen, die meisten davon Kinder, bei der Überschwemmung im Kerr County am 4. Juli mitgerissen und getötet wurden, war nur eines von 13 Sommercamps entlang des Guadalupe River, die auf gefährdetem Land errichtet wurden …","Among Texas’ Guadalupe River, Several Summer Camps Are in Flood Zones. The all-girls Christian summer camp where 27 people, most of them children, were swept away and killed by the July 4 flooding in Kerr County was just one of 13 summer camps along the Guadalupe River built on land prone …","Inter Texas' Guadalupe River, Varia castra aestiva in Zonis Diluvii sunt. Omnes-puellae christianae castra aestiva in quibus 27 homines, plerique pueri, rapti et interfecti sunt ab 4 iulii inundatione in comitatu Kerr tantum una ex 13 castris aestivis per flumen Guadalupensem in terra prona aedificata.",2026-01-07 21:55:04+00:00
8fada16b8d1dcfc82d30fa896c62c619,2025-08-13T17:00:35Z,'flooding',www.cbsnews.com,en,0.0,8/13: CBS Mornings Plus,"Heavy rain and powerful winds have caused dangerous flooding across parts of the South. Also, smart money moves for new graduates.",https://www.cbsnews.com/video/081325-cbs-mornings-plus/,https://assets1.cbsnewsstatic.com/hub/i/r/2025/08/13/e0ba758b-6a60-4272-b4fb-94b78ac49cda/thumbnail/1200x630/a1df1d4a1d3215c82d81738128a2345d/cbsmorningsplus-full-3969485-640x360.jpg,,Copyright ©2025 CBS Interactive Inc. All rights reserved.,,13.08.: CBS Mornings Plus. Heftiger Regen und starke Winde haben in Teilen des Südens zu gefährlichen Überschwemmungen geführt. Außerdem gibt es intelligente Geldbewegungen für neue Absolventen.,"8/13: CBS Mornings Plus. Heavy rain and powerful winds have caused dangerous flooding across parts of the South. Also, smart money moves for new graduates.",8/13: CBS Matutinis Plus. Imbres graves et validi venti periculosas in partes meridianas inundaverunt. Etiam dolor pecuniam movet ad novum membrum.,2026-01-07 21:55:04+00:00
78ae76bde1cad0ea0d6b56f58c79696f,2025-08-13T17:15:45Z,'floods',dallasexpress.com,en,0.0,George Strait’s Benefit Concert Delivers $25K Checks To Texas Flood Victims,"Gov. Abbott delivers $25,000 checks to over 60 Hill Country families affected by Texas floods, funded by George Strait's benefit concert.",https://dallasexpress.com/state/george-straits-benefit-concert-delivers-25k-checks-to-texas-flood-victims/,https://media.zenfs.com/en/dallas_express_media_articles_743/7d2b912cc4c194d9562f94e7d91e2da9,,"Texas Gov. Greg Abbott distributed $25,000 checks to more than 60 families devastated by Hill Country floods during a Saturday event in Ingram.
The funds came from country music legend George Strait… [+1216 chars]",,"Benefizkonzert von George Strait überreicht Schecks über 25.000 US-Dollar an Flutopfer in Texas. Gouverneur Abbott übergibt Schecks im Wert von 25.000 US-Dollar an über 60 Familien im Hill Country, die von den Überschwemmungen in Texas betroffen sind, finanziert durch das Benefizkonzert von George Strait.","George Strait’s Benefit Concert Delivers $25K Checks To Texas Flood Victims. Gov. Abbott delivers $25,000 checks to over 60 Hill Country families affected by Texas floods, funded by George Strait's benefit concert.","George Strait's Benefit Concert Delivers $25K Checks To Texas Diluvium Victimarum. Gov. Abbott $ 25,000 compescit ut supra 60 familias montanae montanae Texas inundationibus affectas liberat, concentus beneficio Georgii Strait fundi.",2026-01-07 21:55:04+00:00
3a9f5aafa3f56eed00eb6aa6da8da98a,2025-08-13T17:35:18Z,'flooding',www.cbsnews.com,en,0.0,Alaska glacial melt prompts evacuations in Juneau amid record flooding,"Some residents of Juneau, Alaska, were urged to evacuate after record-breaking floods from a glacial outburst. CBS News' Shanelle Kaul has more details.",https://www.cbsnews.com/video/alaska-glacial-melt-prompts-evacuations-juneau-amid-record-flooding/,https://assets1.cbsnewsstatic.com/hub/i/r/2025/08/13/613d2f36-4071-4bd9-a76d-f4bdacb58e45/thumbnail/1200x630/b38af4363c87fdcb1782e7ff23add012/cbsn-fusion-some-alaskan-residents-urged-to-evacuate-amid-record-flooding-thumbnail.jpg,https://web.archive.org/web/20250825101640/https://www.cbsnews.com/video/alaska-glacial-melt-prompts-evacuations-juneau-amid-record-flooding/,Copyright ©2025 CBS Interactive Inc. All rights reserved.,,"Die Gletscherschmelze in Alaska führt zu Evakuierungen in Juneau und zu Rekordüberschwemmungen. Einige Einwohner von Juneau, Alaska, wurden nach rekordverdächtigen Überschwemmungen infolge eines Gletscherausbruchs zur Evakuierung aufgefordert. Shanelle Kaul von CBS News hat weitere Details.","Alaska glacial melt prompts evacuations in Juneau amid record flooding. Some residents of Juneau, Alaska, were urged to evacuate after record-breaking floods from a glacial outburst. CBS News' Shanelle Kaul has more details.","Alaska liquefactio glacialis in Iunio evacuationes in medio record inundationis suggerit. Nonnulli incolas Iunii, Alaska hortati sunt ut post recordationes diluvias e glaciali eruptione decederent. CBS News' Shanelle Kaul plura singularia habet.",2026-01-07 21:55:04+00:00
37b5c7de8af4f15272b8e03c07e22c6a,2025-08-13T19:34:09Z,'flooding precipitation',news.climate.columbia.edu,en,0.0,The Rising Threat to New York City’s Food System,An increasing risk of flooding in Hunts Point could upend a large share of the city food distribution.,https://news.climate.columbia.edu/2025/08/13/the-rising-threat-to-new-york-citys-food-system/,https://media.news.climate.columbia.edu/wp-content/uploads/2025/08/IMG_7533-1300x975.jpg,,"It was barely past dawn when Bruce Reingold pushed through industrial plastic flaps and slid open the insulated door that led into a massive refrigerated warehouse. Inside, people hustled in every di… [+6634 chars]",,Die wachsende Bedrohung für das Lebensmittelsystem von New York City. Eine zunehmende Überschwemmungsgefahr in Hunts Point könnte einen großen Teil der Lebensmittelverteilung in der Stadt auf den Kopf stellen.,The Rising Threat to New York City’s Food System. An increasing risk of flooding in Hunts Point could upend a large share of the city food distribution.,Comminatio in Novo Eboraci urbe cibus System. Augmentum periculum inundationis in Hunts Point magnam partem urbis cibi distributionis augere potuit.,2026-01-07 21:55:04+00:00
08d82d5d8c98b7723eb9edfb6e4405d2,2025-08-13T21:26:00Z,'flooding rain',www.cbsnews.com,en,0.0,"Chattanooga, Tennessee, resident describes flooding","Floodwaters are starting to recede in Chattanooga, Tennessee, after seven inches of rain fell in parts of the city in just two hours. CBS News correspondent Nicole Valdes speaks with a resident there and meteorologist Zoe Mintz has a look at the forecast.",https://www.cbsnews.com/video/chatanooga-tennessee-resident-describes-flooding/,https://assets2.cbsnewsstatic.com/hub/i/r/2025/08/13/bd749e6a-06ea-41f6-991c-c77532d361ad/thumbnail/1200x630/55207c5e10a2a636a66de8e22d708148/cbsn-fusion-chatanooga-tennessee-resident-describes-flooding-thumbnail.jpg,,Copyright ©2025 CBS Interactive Inc. All rights reserved.,,"Ein Bewohner aus Chattanooga, Tennessee, beschreibt Überschwemmungen. In Chattanooga, Tennessee, beginnen die Überschwemmungen zurückzugehen, nachdem in Teilen der Stadt in nur zwei Stunden sieben Zoll Regen gefallen sind. CBS News-Korrespondentin Nicole Valdes spricht mit einem Bewohner dort und Meteorologin Zoe Mintz wirft einen Blick auf die Vorhersage.","Chattanooga, Tennessee, resident describes flooding. Floodwaters are starting to recede in Chattanooga, Tennessee, after seven inches of rain fell in parts of the city in just two hours. CBS News correspondent Nicole Valdes speaks with a resident there and meteorologist Zoe Mintz has a look at the forecast.","Chattanooga , Tennessee , incola describit inundationem . Aquae diluvii in Chattanooga, Tennessee recedere incipiunt, postquam septem unciae pluviae duabus horis proxime in partibus urbis ceciderunt. CBS Nuntii correspondentes Nicole Valdes ibi residenti loquitur et astrologus Zoe Mintz in praesagio vultus habet.",2026-01-07 21:55:04+00:00
30f086888d5ef073a6cd9466a02c36ad,2025-08-14T03:10:10Z,'flooding',consent.yahoo.com,en,0.0,Parents of woman who died in Texas flooding file lawsuit saying campground had ‘history of dangerous flooding’,,https://consent.yahoo.com/v2/collectConsent?sessionId=1_cc-session_5dd0ca92-b013-4d9b-8c7e-8ff86e996720,,,"If you click 'Accept all', we and our partners, including 236 who are part of the IAB Transparency &amp; Consent Framework, will also store and/or access information on a device (in other words, use … [+714 chars]",,"Eltern einer Frau, die bei Überschwemmungen in Texas ums Leben kam, reichen Klage ein und behaupten, dass es auf dem Campingplatz „in der Vergangenheit gefährliche Überschwemmungen“ gegeben habe. Nan",Parents of woman who died in Texas flooding file lawsuit saying campground had ‘history of dangerous flooding’. nan,Parentes mulieris quae in Texas inundatione tabellariorum litis mortuae sunt dicentes campground habuisse 'historiam periculosae inundationis'. nan,2026-01-07 21:55:04+00:00
d3bd50b2fdc443e8917c252a3d7fbd3f,2025-08-14T03:40:33Z,'flooding',www.wisn.com,en,0.0,West Allis woman fears for newborn's health amid apartment flooding,The woman said her building's landlord won't remove the carpet that was left soaked in water for nearly 24 hours.,https://www.wisn.com/article/west-allis-woman-fears-for-newborns-health-after-apartment-flooding/65774121,"https://kubrick.htvapps.com/vidthumb/85a8f223-5648-4519-89c1-5215bd2f4212/2c09f001-6d35-4e58-a545-264dfc50652e.jpg?crop=0.762xw:0.760xh;0.111xw,0&resize=1200:*",,"WEST BEND, Wis. —A pregnant woman in West Allis is worried about bringing her newborn into her flood-damaged apartment, fearing it has become a toxic environment due to severe flash flooding over the… [+1281 chars]",,"Frau aus West Allis fürchtet angesichts der Überschwemmung ihrer Wohnung um die Gesundheit ihres Neugeborenen. Die Frau sagte, der Vermieter ihres Gebäudes werde den Teppich, der fast 24 Stunden lang in Wasser eingeweicht war, nicht entfernen.",West Allis woman fears for newborn's health amid apartment flooding. The woman said her building's landlord won't remove the carpet that was left soaked in water for nearly 24 hours.,West Allis femina timet ob salutem recens nati inter diaetam inundationem. Mulier dixit ei dominus aedificationis tapete quod supererat maceratum aqua per 24 horas fere.,2026-01-07 21:55:04+00:00
a886353f75318c27856ee093eab3a52f,2025-08-14T04:23:59Z,'flooding',economictimes.indiatimes.com,en,0.0,"Hong Kong lowers black rainstorm warning to red as Cyclone Podul triggers flooding, landslide alerts","Hong Kong downgraded its black rainstorm signal to red Thursday, August 14, after hours of severe rainfall linked to Tropical Cyclone Podul. Authorities warned of flooding and landslides in several districts, prompting class cancellations, court adjournments,…",https://economictimes.indiatimes.com/news/international/hong-kong/hong-kong-lowers-black-rainstorm-warning-to-red-as-cyclone-podul-triggers-flooding-landslide-alerts/articleshow/123294890.cms,"https://img.etimg.com/thumb/msid-123294922,width-1200,height-630,imgsize-1174329,overlay-economictimes/articleshow.jpg",,"Hong Kong downgraded its black rainstorm signal to red Thursday, August 14, after hours of severe rainfall linked to Tropical Cyclone Podul. Authorities warned of flooding and landslides in several d… [+175 chars]",,"Hongkong senkt die Warnung vor schwarzem Regen auf Rot, da Zyklon Podul Überschwemmungs- und Erdrutschwarnungen auslöst. Hongkong hat am Donnerstag, dem 14. August, sein schwarzes Regensignal auf Rot herabgestuft, nachdem stundenlang heftige Regenfälle im Zusammenhang mit dem tropischen Wirbelsturm Podul aufgetreten waren. Die Behörden warnten vor Überschwemmungen und Erdrutschen in mehreren Bezirken, was zu Kursabsagen, Gerichtsvertagungen usw. führte.","Hong Kong lowers black rainstorm warning to red as Cyclone Podul triggers flooding, landslide alerts. Hong Kong downgraded its black rainstorm signal to red Thursday, August 14, after hours of severe rainfall linked to Tropical Cyclone Podul. Authorities warned of flooding and landslides in several districts, prompting class cancellations, court adjournments,…","Hong Kong imbrem nigrum demittit monens ut Cyclone Podul triggers inundationem rubram, summis ruitura. Hong Kong inclinatus est signum pluviae nigrae rubrae Iovis, Augusti XIV, post horas pluviae gravissimae cum Tropical Cyclone Podul coniunctum. Auctoritates monuerunt inundationes et ruinas in pluribus regionibus, cancellationes classis instigantes, advocationes aulicos...",2026-01-07 21:55:04+00:00
a7b61179ab487b700a99796fe70bc614,2025-08-14T06:30:05Z,'deluge',www.insurancejournal.com,en,0.0,Hong Kong Extends Record Rain Warnings as Podul Skirts City,"Hong Kong’s central business district and outer airport were hit by violent gusts and a deluge of heavy rain on Thursday, with the city again issuing its highest rain warning as Tropical Storm Podul passed the region. Parts of Hong …",https://www.insurancejournal.com/news/international/2025/08/14/835710.htm,https://www.insurancejournal.com/app/uploads/2025/08/heavy-rain-in-kennedy-town-district-in-hong-kong-bloomberg-scaled.jpg,,"Hong Kong’s central business district and outer airport were hit by violent gusts and a deluge of heavy rain on Thursday, with the city again issuing its highest rain warning as Tropical Storm Podul … [+2326 chars]",,"Hongkong verlängert Rekordregenwarnungen, da Podul die Stadt umgeht. Hongkongs zentrales Geschäftsviertel und der Außenflughafen wurden am Donnerstag von heftigen Böen und einer Flut heftigen Regens heimgesucht, wobei die Stadt erneut ihre höchste Regenwarnung ausgab, als der Tropensturm Podul über die Region zog. Teile von Hong …","Hong Kong Extends Record Rain Warnings as Podul Skirts City. Hong Kong’s central business district and outer airport were hit by violent gusts and a deluge of heavy rain on Thursday, with the city again issuing its highest rain warning as Tropical Storm Podul passed the region. Parts of Hong …","Hong Kong Extendit Record Rain Monitum ut Podul Skirts City. Negotium centrale Hong Kong in regione aeriportus et exteriora vehementibus procellis et diluvio pluviae Iovis die Iovis percussi sunt, cum urbs iterum summo imbre denuntiata ut Tropical Storm Podul regionem praeteriret. Partes Hong ...",2026-01-07 21:55:04+00:00
cc8c393bcc433f123e71f73a3e8c27a6,2025-08-14T09:36:00Z,'flooding storm',news.sky.com,en,0.0,Warning for thunderstorms issued with risk of flooding as UK heatwave continues,A yellow weather warning for thunderstorms has been issued by the Met Office for parts of the UK as the fourth heatwave of the summer continues.,https://news.sky.com/story/uk-weather-warning-for-thunderstorms-issued-with-risk-of-flooding-as-heatwave-continues-13411556,https://e3.365dm.com/25/06/1600x900/skynews-thunderstorm-lightning_6947685.jpg?20250621222452,,"A yellow weather warning for thunderstorms has been issued by the Met Office for parts of the UK as the fourth heatwave of the summer continues.
The warning covers most of Scotland and Northern Irel… [+2039 chars]",,"Warnung vor Gewittern mit Überschwemmungsgefahr, da die Hitzewelle in Großbritannien anhält. Das Met Office hat für Teile des Vereinigten Königreichs eine gelbe Wetterwarnung vor Gewittern herausgegeben, da die vierte Hitzewelle des Sommers anhält.",Warning for thunderstorms issued with risk of flooding as UK heatwave continues. A yellow weather warning for thunderstorms has been issued by the Met Office for parts of the UK as the fourth heatwave of the summer continues.,Monitum pro procellis edita cum periculo inundationis sicut UK heatwave pergit. Monitum tempestatis flavum de procellis tonitribus a Met Office pro partibus UK quasi quarta unda aestatis continuat.,2026-01-07 21:55:04+00:00
c40e17b6c5ce732aca0d03fc5427efbd,2025-08-14T09:51:16Z,'floods',www.yahoo.com,en,0.0,Indian officials fear several people have been killed by Kashmir flash floods,"Several people are feared dead in flash floods caused by torrential rains in a remote, mountainous village in Indian-controlled Kashmir, officials said...",https://www.yahoo.com/news/articles/indian-officials-fear-several-people-095116445.html,https://s.yimg.com/cv/apiv2/social/images/yahoo_default_logo-1200x1200.png,,"SRINAGAR, India (AP) Several people are feared dead in flash floods caused by torrential rains in a remote, mountainous village in Indian-controlled Kashmir, officials said Thursday.
Indias deputy m… [+1097 chars]",,"Indische Beamte befürchten, dass mehrere Menschen durch Sturzfluten in Kaschmir getötet wurden. Bei Sturzfluten, die durch sintflutartige Regenfälle in einem abgelegenen Bergdorf im von Indien kontrollierten Kaschmir verursacht wurden, sind mehrere Menschen ums Leben gekommen, sagten Beamte ...","Indian officials fear several people have been killed by Kashmir flash floods. Several people are feared dead in flash floods caused by torrential rains in a remote, mountainous village in Indian-controlled Kashmir, officials said...","Magistratus Indi timent complures homines a Kashmir inundationibus mico occisis. Plures homines mortui in inundationibus splendentibus timentur, ex imbribus torrentibus in remoto, montuoso pago in Kashmir Indian continenti, qui magistratus dixerunt...",2026-01-07 21:55:04+00:00
33f228c9158236b96338caf469177dab,2025-08-14T11:06:53Z,'deluge',www.cbc.ca,en,0.0,3 Tennessee family members killed by falling tree as area deluged with flash flooding,"A mother, father and child were killed when a tree fell on their car during heavy rain and flooding in Tennessee, where submerged roads also led to dramatic rescues of people trapped in their cars, authorities said.",https://www.cbc.ca/news/world/us-tennessee-storms-1.7608655,https://i.cbc.ca/1.7608659.1755168504!/fileImage/httpImage/image.jpg_gen/derivatives/16x9_1180/severe-weather.jpg?im=Resize%3D620,,"A mother, father and child were killed when a tree fell on their car during heavy rain and flooding in Tennessee, where submerged roads also led to dramatic rescues of people trapped in their cars, a… [+4209 chars]",,"3 Familienmitglieder aus Tennessee wurden durch umstürzenden Baum getötet, als das Gebiet von Sturzfluten überschwemmt wurde. Eine Mutter, ein Vater und ein Kind kamen ums Leben, als bei starkem Regen und Überschwemmungen in Tennessee ein Baum auf ihr Auto fiel, wo überflutete Straßen auch zu dramatischen Rettungen von in ihren Autos eingeschlossenen Personen führten, teilten die Behörden mit.","3 Tennessee family members killed by falling tree as area deluged with flash flooding. A mother, father and child were killed when a tree fell on their car during heavy rain and flooding in Tennessee, where submerged roads also led to dramatic rescues of people trapped in their cars, authorities said.","3 TN familiares eius arbor cadens interempta est ut area inundatione mico inundata. Mater, pater et pueri interfecti sunt cum arbor in autocineto suo cecidit in pluvia et inundatione in Tennessee, ubi demersae viae etiam duxerunt ad liberatores dramaticos homines in carro capti, quibus auctores dixerunt.",2026-01-07 21:55:04+00:00
9645223add5e51f73270687b6b991806,2025-08-14T11:41:25Z,'flooding residents',www.yahoo.com,en,0.0,Deadly Flooding in Tennessee Claims at Least 4 Lives,Tennessee residents are coping with the aftermath of deadly flooding that has claimed at least four lives from a record amount of rain that officials say...,https://www.yahoo.com/news/videos/deadly-flooding-tennessee-claims-least-114125462.html,https://s.yimg.com/ny/api/res/1.2/7_J2TJaQes4XYgU.nOVPvg--/YXBwaWQ9aGlnaGxhbmRlcjt3PTEyMDA7aD02NzU7Y2Y9d2VicA--/https://media.zenfs.com/en/nbcu_713/4fb95a94d9a037ba7899a6409857de52,,Tennessee residents are coping with the aftermath of deadly flooding that has claimed at least four lives from a record amount of rain that officials say took everyone by surprise. Similar scenes unf… [+275 chars],,"Tödliche Überschwemmung in Tennessee fordert mindestens vier Todesopfer. Die Bewohner von Tennessee kämpfen mit den Folgen einer tödlichen Überschwemmung, bei der mindestens vier Menschen durch eine Rekordregenmenge ums Leben kamen, sagen Beamte ...",Deadly Flooding in Tennessee Claims at Least 4 Lives. Tennessee residents are coping with the aftermath of deadly flooding that has claimed at least four lives from a record amount of rain that officials say...,Mortuus inundatio in Tennessee dicta ad minimum 4 Lives. Tennessee incolarum parietum cum reparatione inundationis funestae sunt quae saltem quattuor vitas ex record moles pluviae quam ministri dicunt... petivit.,2026-01-07 21:55:04+00:00
0e292024cb8d16a8e80d0887805107f5,2025-08-14T11:59:52Z,'floods',weandthecolor.com,en,0.0,Climate‑Responsive Architecture and Interior Design: Building Smarter Spaces for a Changing Climate,"Climate change is no longer an abstract discussion; it is transforming the way we live and build. Rising temperatures, stronger storms, and flash floods put homes and offices under pressure. At the same time, buildings contribute nearly 40% of global carbon e…",https://weandthecolor.com/climate‑responsive-architecture-and-interior-design-building-smarter-spaces-for-a-changing-climate/205209,https://weandthecolor-21f52.kxcdn.com/wp-content/uploads/2025/08/Smart-Climate‑Responsive-Architecture-and-Interior-Design.webp,,"Climate change is no longer an abstract discussion; it is transforming the way we live and build. Rising temperatures, stronger storms, and flash floods put homes and offices under pressure. At the s… [+11936 chars]",,"Klimagerechte Architektur und Innenarchitektur: Intelligentere Räume für ein sich änderndes Klima schaffen. Der Klimawandel ist keine abstrakte Diskussion mehr; Es verändert die Art und Weise, wie wir leben und bauen. Steigende Temperaturen, stärkere Stürme und Sturzfluten setzen Häuser und Büros unter Druck. Gleichzeitig sind Gebäude für fast 40 % des weltweiten CO2-Ausstoßes verantwortlich.","Climate‑Responsive Architecture and Interior Design: Building Smarter Spaces for a Changing Climate. Climate change is no longer an abstract discussion; it is transforming the way we live and build. Rising temperatures, stronger storms, and flash floods put homes and offices under pressure. At the same time, buildings contribute nearly 40% of global carbon e…","Climate‑Responsiva Architecturae et Interior Design: Aedificium Smarter Spatia ad Mutationem Clima. Mutatio climatis iam non est disceptatio abstracta; est transmutatio qua vivimus et aedificamus. Surgentes temperaturas, procellas validiores, diluvia et mico ponunt domos et officia cogente. Eodem tempore aedificia fere 40% carbonis globalis e… conferunt.",2026-01-07 21:55:04+00:00
7b7362e7ffa47ba4a86d34bf7ac6426a,2025-08-14T12:05:21Z,'flooding',economictimes.indiatimes.com,en,0.0,"Rescue, relief ops underway; every possible assistance will be provided: PM on J-K cloudburst","Narendra Modi conveyed his support for those impacted by the cloudburst and flooding in Kishtwar, Jammu and Kashmir. The incident resulted in casualties in a remote village. Rescue operations are currently in progress. The government is closely monitoring the…",https://economictimes.indiatimes.com/news/india/rescue-relief-ops-underway-every-possible-assistance-will-be-provided-pm-on-j-k-cloudburst/articleshow/123304684.cms,"https://img.etimg.com/thumb/msid-123304731,width-1200,height-630,imgsize-122280,overlay-economictimes/articleshow.jpg",,"New Delhi, Prime Minister Narendra Modi on Thursday said his thoughts and prayers are with all those affected by the cloudburst in Jammu and Kashmir's Kishtwar district and asserted that every possib… [+890 chars]",,"Rettungs- und Hilfseinsätze im Gange; Jede erdenkliche Hilfe wird bereitgestellt: PN an J-K Cloudburst. Narendra Modi brachte seine Unterstützung für diejenigen zum Ausdruck, die vom Wolkenbruch und den Überschwemmungen in Kishtwar, Jammu und Kaschmir betroffen waren. Der Vorfall forderte Todesopfer in einem abgelegenen Dorf. Derzeit laufen Rettungsaktionen. Die Regierung beobachtet die…","Rescue, relief ops underway; every possible assistance will be provided: PM on J-K cloudburst. Narendra Modi conveyed his support for those impacted by the cloudburst and flooding in Kishtwar, Jammu and Kashmir. The incident resulted in casualties in a remote village. Rescue operations are currently in progress. The government is closely monitoring the…","Eripe, levamen Opis comparatis; omni ope providebitur: PM on J-K nebulosa. Narendra Modi auxilium suum detulit pro illis ingruentibus nimbis et inundationibus in Kishtwar, Jammu et Kashmir impactis. Incidit casus in pago remoto. Eripe operationes currently in progressu. Imperium in magna vigilantia est...",2026-01-07 21:55:04+00:00
66f7352930dc3e44296e798972d0380f,2025-08-14T12:44:00Z,'flooding disaster',news.sky.com,en,0.0,At least 44 dead and dozens missing after flash flooding in Indian Himalayas,"Floods, triggered by torrential rains, hit a village used as a stopover by Hindu pilgrims visiting a mountainous shrine in Jammu and Kashmir.",https://news.sky.com/story/at-least-44-dead-and-dozens-missing-after-flash-flooding-in-indian-himalayas-13411661,https://e3.365dm.com/25/08/1600x900/skynews-chositi-kashmir-india_6990619.jpg?20250814134520,https://web.archive.org/web/20250815011003/https://news.sky.com/story/at-least-44-dead-and-dozens-missing-after-flash-flooding-in-indian-himalayas-13411661,"At least 44 people have been killed after flash flooding hit a remote, mountainous village in Indian-controlled Kashmir.
Initial estimates suggest at least 50 people are still missing in the devasta… [+2720 chars]",,"Mindestens 44 Tote und Dutzende Vermisste nach Sturzflut im indischen Himalaya. Überschwemmungen, ausgelöst durch sintflutartige Regenfälle, erschütterten ein Dorf, das Hindu-Pilgern, die einen Bergschrein in Jammu und Kaschmir besuchten, als Zwischenstopp diente.","At least 44 dead and dozens missing after flash flooding in Indian Himalayas. Floods, triggered by torrential rains, hit a village used as a stopover by Hindu pilgrims visiting a mountainous shrine in Jammu and Kashmir.","Saltem 44 mortuus est et justo absentis postquam mico inundationem in Himalayas Indicae fecit. Inundationes, imbribus torrentibus excitatae, vicum uti stopover a Prohibeo peregrini invisentes montuosum templum in Jammu et Kashmir feriunt.",2026-01-07 21:55:04+00:00
4df06816e1a964627eccadd968393128,2025-08-14T13:22:07Z,'floods',nypost.com,en,0.0,"Flash floods in remote village in Kashmir leave over 30 people dead, 50 missing: Indian officials","At least 32 people are dead in flash floods caused by torrential rains in a remote, mountainous village in Indian-controlled Kashmir, a top disaster management official said Thursday.",https://nypost.com/2025/08/14/world-news/kashmir-flash-floods-leaves-over-30-dead-indian-officials-say/,https://nypost.com/wp-content/uploads/sites/2/2025/08/newspress-collage-0z1rvvsam-1755177351543.jpg?quality=75&strip=all&1755163000&w=1024,https://web.archive.org/web/20250815202059/https://nypost.com/2025/08/14/world-news/kashmir-flash-floods-leaves-over-30-dead-indian-officials-say/,"At least 32 people are dead in flash floods caused by torrential rains in a remote, mountainous village in Indian-controlled Kashmir, a top disaster management official said Thursday, as rescue teams… [+2376 chars]",,"Bei Sturzfluten in einem abgelegenen Dorf in Kaschmir kommen über 30 Menschen ums Leben, 50 werden vermisst: Indische Beamte. Mindestens 32 Menschen kamen bei Sturzfluten ums Leben, die durch sintflutartige Regenfälle in einem abgelegenen Bergdorf im von Indien kontrollierten Kaschmir verursacht wurden, sagte ein hochrangiger Beamter des Katastrophenmanagements am Donnerstag.","Flash floods in remote village in Kashmir leave over 30 people dead, 50 missing: Indian officials. At least 32 people are dead in flash floods caused by torrential rains in a remote, mountainous village in Indian-controlled Kashmir, a top disaster management official said Thursday.","Flash inundationes in remoto vico in Kashmir, relinquent super 30 homines mortuos, 50 absentes: magistratus Indian. Saltem XXXII homines mortui sunt in diluviis inundationibus ex imbribus torrentialibus in remoto, vico montano in Kashmir Indian continenti, summa calamitatis procuratio officialis Iovis dixit.",2026-01-07 21:55:04+00:00
e73d652d8f8d56ae3e55c7753b8dabed,2025-08-14T13:52:22Z,'flooding disaster',www.cbc.ca,en,0.0,"Flash floods in Kashmir kill at least 32, say Indian officials, with more still missing","At least 32 people are dead in flash floods caused by torrential rains in a remote, mountainous village in Indian-controlled Kashmir, a top disaster management official said Thursday, as rescue teams scouring the devastated Himalayan village brought at least …",https://www.cbc.ca/news/world/kashmir-floods-1.7608734,https://i.cbc.ca/1.7608743.1755178415!/cpImage/httpImage/image.jpg_gen/derivatives/16x9_1180/india-kashmir-flash-floods.jpg?im=Resize%3D620,,"At least 32 people are dead in flash floods caused by torrential rains in a remote, mountainous village in Indian-controlled Kashmir, a top disaster management official said Thursday.
Mohammed Irsha… [+2130 chars]",,"Bei Sturzfluten in Kaschmir kamen nach Angaben indischer Beamter mindestens 32 Menschen ums Leben, weitere werden noch vermisst. Mindestens 32 Menschen kamen bei Sturzfluten ums Leben, die durch sintflutartige Regenfälle in einem abgelegenen Bergdorf im von Indien kontrollierten Kaschmir verursacht wurden, sagte ein hochrangiger Katastrophenschutzbeamter am Donnerstag, als Rettungsteams, die das zerstörte Dorf im Himalaya durchsuchten, mindestens …","Flash floods in Kashmir kill at least 32, say Indian officials, with more still missing. At least 32 people are dead in flash floods caused by torrential rains in a remote, mountainous village in Indian-controlled Kashmir, a top disaster management official said Thursday, as rescue teams scouring the devastated Himalayan village brought at least …","Inundationes Flash in Kashmir occidunt saltem 32, dicunt magistratus Indi, cum adhuc desunt. Saltem XXXII homines mortui sunt in diluviis mico inundationibus ex imbribus torrentialibus in remoto, montuoso, in vico Kashmir Indico continenti, summa calamitatis procuratio officialis Iovis dixit, ut iunctiones liberarent vagantes quod pagus Himalayan devastatus attulit saltem …",2026-01-07 21:55:04+00:00
9581e1b481ba85e583fcb67c50c3b5b6,2025-08-14T14:30:14Z,'flooding',www.ibtimes.com,en,0.0,Flood Kills 37 In Indian Kashmir Mountain Village,"Powerful torrents driven by intense rain smashed into a Himalayan mountain village in Indian-administered Kashmir and killed at least 37 people on Thursday, a top disaster management official told AFP.
It is the second major deadly flooding disaster in India …",https://www.ibtimes.com/flood-kills-37-indian-kashmir-mountain-village-3780898,https://d.ibtimes.com/en/full/4616176/crowds-gathered-kishtwar-hospital-while-people-carried-some-injured-stretchers.jpg,,"Powerful torrents driven by intense rain smashed into a Himalayan mountain village in Indian-administered Kashmir and killed at least 37 people on Thursday, a top disaster management official told AF… [+2110 chars]",,"Überschwemmung tötet 37 im indischen Bergdorf Kaschmir. Starke Sturzbäche, die durch starken Regen verursacht wurden, stürzten in ein Himalaya-Bergdorf im von Indien verwalteten Teil Kaschmirs und töteten am Donnerstag mindestens 37 Menschen, sagte ein hochrangiger Beamter des Katastrophenmanagements gegenüber AFP.
Es ist die zweite große tödliche Überschwemmungskatastrophe in Indien …","Flood Kills 37 In Indian Kashmir Mountain Village. Powerful torrents driven by intense rain smashed into a Himalayan mountain village in Indian-administered Kashmir and killed at least 37 people on Thursday, a top disaster management official told AFP.
It is the second major deadly flooding disaster in India …","Diluvium interficit 37 In Indian Kashmir Mountain Village. Torrentes validi vehementibus imbribus fracti in vico montano Himalayan in Indian administrato Kashmir et occisi saltem 37 homines die Iovis, summa calamitatis administratione officialis AFP nuntiaverunt.
Secunda calamitas inundatio funesta est in India ...",2026-01-07 21:55:04+00:00
1f12644b15991e18f24a592f4dd04be4,2025-08-14T14:51:21Z,'floods',www.aljazeera.com,en,0.0,At least 37 killed after torrential rains trigger flash floods in Kashmir,"Torrential rain struck Chisoti, a town in Kishtwar district in Indian-administered Kashmir, on Thursday morning.",https://www.aljazeera.com/news/2025/8/14/at-least-37-killed-after-torrential-rains-trigger-flash-floods-in-kashmir,https://www.aljazeera.com/wp-content/uploads/2025/08/AP25226392635556-1755179595.jpg?resize=1920%2C1284,https://web.archive.org/web/20250815085054/https://www.aljazeera.com/news/2025/8/14/at-least-37-killed-after-torrential-rains-trigger-flash-floods-in-kashmir,"At least 37 people have been killed after a sudden cloudburst unleashed torrential rain in Indian-administered Kashmir, a disaster management official said, marking the second major disaster in the H… [+2268 chars]",,"Mindestens 37 Tote, nachdem sintflutartige Regenfälle in Kaschmir Sturzfluten auslösten. Sintflutartiger Regen traf am Donnerstagmorgen Chisoti, eine Stadt im Distrikt Kishtwar im von Indien verwalteten Teil Kaschmirs.","At least 37 killed after torrential rains trigger flash floods in Kashmir. Torrential rain struck Chisoti, a town in Kishtwar district in Indian-administered Kashmir, on Thursday morning.","Saltem 37 interfecerunt post imbres torrentes felis micant diluvii in Kashmir. Imbribus torrentibus percussit Chisoti, oppidum regionis Kishtwar in Kashmir Indian administratum, die Iovis mane.",2026-01-07 21:55:04+00:00
e0ba07cd99e7568b08051d4ba5c9033f,2025-08-14T18:07:27Z,'floods',www.thejournal.ie,en,0.0,At least 44 people dead after flash floods on popular Himalayan pilgrimage route,A cloudburst triggered floods and landslides in the area with at least 50 people still missing.,https://www.thejournal.ie/44-dead-flash-floods-popular-himalayan-pilgrimage-route-6790817-Aug2025/,https://img2.thejournal.ie/article/6790817/river/?height=400&version=6790819,https://web.archive.org/web/20250815201526/https://www.thejournal.ie/44-dead-flash-floods-popular-himalayan-pilgrimage-route-6790817-Aug2025/,"FLASH FLOODS CAUSED by torrential rains in a remote village in India-controlled Kashmir have left at least 44 people dead and dozens missing, authorities said.
Rescue teams scouring the devastated H… [+3713 chars]",,"Bei Sturzfluten auf der beliebten Pilgerroute im Himalaya sind mindestens 44 Menschen ums Leben gekommen. Ein Wolkenbruch löste in der Gegend Überschwemmungen und Erdrutsche aus, mindestens 50 Menschen werden noch immer vermisst.",At least 44 people dead after flash floods on popular Himalayan pilgrimage route. A cloudburst triggered floods and landslides in the area with at least 50 people still missing.,Saltem 44 homines mortui post micos inundationes popularis itineris in Himalayan peregrinationem. Nebulae inundationes utitur et proruit in area cum saltem 50 hominibus adhuc desunt.,2026-01-07 21:55:04+00:00
207afbb30d6a87561cf6d778d4631587,2025-08-14T20:22:34Z,'flooding',www.abc.net.au,en,0.0,Flash flooding kills dozens on pilgrimage path in Himalayas,"The disaster hit a popular tourist pilgrimage point in the Indian-controlled region of Kashmir, with fears about 200 other people are still missing.",https://www.abc.net.au/news/2025-08-15/flash-flooding-kills-at-least-46-people-in-himalayas/105656488,https://live-production.wcms.abc-cdn.net.au/585d3f8da7fb3c11d3e030a1072c5b3b?impolicy=wcms_watermark_news&cropH=1083&cropW=1926&xPos=0&yPos=100&width=862&height=485&imformat=generic,,"At least 46 people have been killed and more than 200 others are missing in flash flooding caused by a sudden downpour in India-controlled Kashmir. 
Officials said the incident occurred in Chasoti t… [+2120 chars]",,"Sturzflut tötet Dutzende auf Pilgerweg im Himalaya. Die Katastrophe erschütterte einen beliebten Pilgerort für Touristen in der von Indien kontrollierten Region Kaschmir. Es wird befürchtet, dass etwa 200 weitere Menschen noch vermisst werden.","Flash flooding kills dozens on pilgrimage path in Himalayas. The disaster hit a popular tourist pilgrimage point in the Indian-controlled region of Kashmir, with fears about 200 other people are still missing.","Micare inundatio justos peregrinationis in itinere in Himalayas necat. Clades popularis urbis peregrinationis punctum in regione Kashmir Indica temperata percussit, cum timores circa 200 alios homines adhuc desunt.",2026-01-07 21:55:04+00:00
a3e3ed46d4a06c0b26db11d54be91d1e,2025-08-15T03:25:56Z,'flooding',cbs58.com,en,0.0,"Governor visits Red Cross shelter as region awaits long term disaster relief, families face uncertain short term futures","MILWAUKEE  (CBS 58) -- As the community continues to recover from historic flooding, we  are now starting to see the difference in short term needs vs long term needs.It could  take months for the federal",https://cbs58.com/news/as-region-awaits-long-term-disaster-relief-families-face-uncertain-short-term-futures,https://newscdn2.weigelbroadcasting.com/zL8CO-1755227671-302917-blog-vlcsnap-2025-08-14-22h13m20s392.png,,"MILWAUKEE (CBS 58) -- As the community continues to recover from historic flooding, we are now starting to see the difference in short term needs vs long term needs.
It could take months for the fed… [+3173 chars]",,"Der Gouverneur besucht die Unterkunft des Roten Kreuzes, während die Region auf langfristige Katastrophenhilfe wartet und die Familien kurzfristig mit einer ungewissen Zukunft konfrontiert sind. MILWAUKEE (CBS 58) – Während sich die Gemeinde weiterhin von den historischen Überschwemmungen erholt, beginnen wir jetzt, den Unterschied zwischen kurzfristigem und langfristigem Bedarf zu erkennen. Für den Bund könnte es Monate dauern","Governor visits Red Cross shelter as region awaits long term disaster relief, families face uncertain short term futures. MILWAUKEE  (CBS 58) -- As the community continues to recover from historic flooding, we  are now starting to see the difference in short term needs vs long term needs.It could  take months for the federal","Praefectus hospitium visitat Red Cross, quod regionem diu terminus calamitatis levationem expectat, familiae faciem incerto brevi termino futurorum. MILWAUKEE (CBS 58) -- Cum communitas ex inundatione historica recuperare pergit, nunc incipimus videre differentiam brevium terminorum necessariam nobis longam necessitatem. Mense enim foederati capere potuit.",2026-01-07 21:55:04+00:00
afed8a8853fd2539037126f4e5906bb8,2025-08-15T06:47:30Z,'floods',www.yahoo.com,en,0.0,"Footage shows truck dodging landslide in Indonesia, not India","As flash floods ravaged India's Himalayan region in July and August, footage of a truck narrowly escaping debris from a mountain spread in social media posts...",https://www.yahoo.com/news/articles/footage-shows-truck-dodging-landslide-064730387.html,https://media.zenfs.com/en/afp_factcheck_us_713/b256612e7bd34f56924b55b67d8fbb44,,"As flash floods ravaged India's Himalayan region in July and August, footage of a truck narrowly escaping debris from a mountain spread in social media posts claiming it showed the northern state of … [+2817 chars]",,"Aufnahmen zeigen, wie ein Lastwagen einem Erdrutsch in Indonesien und nicht in Indien ausweicht. Als im Juli und August Sturzfluten Indiens Himalaya-Region verwüsteten, verbreiteten sich in Social-Media-Beiträgen Aufnahmen eines Lastwagens, der nur knapp den Trümmern eines Berges entkommen konnte ...","Footage shows truck dodging landslide in Indonesia, not India. As flash floods ravaged India's Himalayan region in July and August, footage of a truck narrowly escaping debris from a mountain spread in social media posts...","Footage ostendit salsissimus vacillantes in Indonesia, non in India. Sicut inundationes fulgurae regionem Himalayanam mense Iulio et Augusto Indiae depopulati sunt, footage of plaustrum anguste effugiendi strages e monte divulgata in instrumentis socialibus stipibus ...",2026-01-07 21:55:04+00:00
a117171cc26495584402ef4405aec5a9,2025-08-15T09:18:03Z,'floods',www.thejournal.ie,en,0.0,At least 44 people killed in flash flooding on pilgrimage route in Himalayas,"A cloudburst triggered floods and landslides in the area, where at least 50 people are still missing.",https://www.thejournal.ie/at-least-44-people-killed-in-flash-flooding-on-pilgrimage-route-in-himalayas-6791089-Aug2025/,https://img2.thejournal.ie/article/6791089/river/?height=400&version=6791115,,"FLASH FLOODS CAUSED by torrential rains in a remote village in India-controlled Kashmir have left at least 44 people dead and dozens missing, authorities have said.
Rescue teams scouring the devasta… [+3478 chars]",,"Mindestens 44 Menschen kamen bei Sturzfluten auf der Pilgerroute im Himalaya ums Leben. Ein Wolkenbruch löste Überschwemmungen und Erdrutsche in der Gegend aus, in der noch immer mindestens 50 Menschen vermisst werden.","At least 44 people killed in flash flooding on pilgrimage route in Himalayas. A cloudburst triggered floods and landslides in the area, where at least 50 people are still missing.","Saltem 44 homines occiderunt mico inundatione itineris peregrinationis in Himalayas. Nebulosus inundationes utitur et proruit in area, ubi saltem 50 homines adhuc desunt.",2026-01-07 21:55:04+00:00
d6033f417eb9998223a13a226a29cc89,2025-08-15T09:51:43Z,'deluge',balloon-juice.com,en,0.0,Friday Morning Open Thread: Waiting for Another Deluge of News-Shoes,"#Alaska you make me teary eyed with how greatly I love you right now. Really well done. [image or embed] — tmccarthy (@teemccarthy.bsky.social) August 14, 2025 at 10:10 PM === taking awhile, but the stove’s really starting to heat up now [image or e…",https://balloon-juice.com/2025/08/15/friday-morning-open-thread-waiting-for-another-deluge-of-news-shoes/,https://balloon-juice.com/wp-content/uploads/2015/07/tunchiswatching.jpg,,"… A Texas judge on Wednesday ordered that all assets from the website, founded and operated by the conspiracy theorist Alex Jones, be turned over to a court-ordered receiver. That person would then s… [+862 chars]",,"Offener Thread am Freitagmorgen: Warten auf eine weitere Flut von News-Shoes. #Alaska, du treibst mir Tränen in die Augen, weil ich dich jetzt so sehr liebe. Wirklich gut gemacht. [Bild oder einbetten] – tmccarthy (@teemccarthy.bsky.social) 14. August 2025 um 22:10 Uhr === Es dauert eine Weile, aber der Ofen fängt jetzt richtig an aufzuheizen [Bild oder e…","Friday Morning Open Thread: Waiting for Another Deluge of News-Shoes. #Alaska you make me teary eyed with how greatly I love you right now. Really well done. [image or embed] — tmccarthy (@teemccarthy.bsky.social) August 14, 2025 at 10:10 PM === taking awhile, but the stove’s really starting to heat up now [image or e…","Veneris mane Open Thread: Exspecto Aliud diluvium News-Shoes. #Alaska me lacrimosa luscus quam maxime nunc te amo. Vere bene factum est. [Imago or embed] — tmccarthy (@teemccarthy.bsky.social) Augusti 14, 2025 in 10:10 PM === aliquandiu capiens, sed camini vere incipiendo nunc calefacere [image or e…",2026-01-07 21:55:04+00:00
878d57030895b05eb432169ffe2b81bc,2025-08-15T10:30:25Z,'floods',dpa-international.com,en,0.0,"More bodies recovered after flash floods hit Indian Kashmir, Pakistan","Rescue workers retrieved more bodies from mud and debris in the flood-hit Kishtwar region of Indian Kashmir on Friday, raising the death toll to 65, while...",https://dpa-international.com/general-news/urn:newsml:dpa.com:20090101:250815-99-743039/,https://media.zenfs.com/en/dpa_international_526/9b35d122c1e04765223a60c7a564cb29,,"Rescue workers retrieved more bodies from mud and debris in the flood-hit Kishtwar region of Indian Kashmir on Friday, raising the death toll to 65, while fatalities were also reported from neighbour… [+3254 chars]",,"Nach Sturzfluten im indischen Kaschmir (Pakistan) wurden weitere Leichen geborgen. Rettungskräfte haben am Freitag in der von Überschwemmungen betroffenen Region Kishtwar im indischen Teil Kaschmirs weitere Leichen aus Schlamm und Trümmern geborgen, was die Zahl der Todesopfer auf 65 erhöhte, während...","More bodies recovered after flash floods hit Indian Kashmir, Pakistan. Rescue workers retrieved more bodies from mud and debris in the flood-hit Kishtwar region of Indian Kashmir on Friday, raising the death toll to 65, while...","Plures corpora post inundationes ictuum Indicas Kashmir, Pakistania, ledo. Operarios restitue plura corpora e luto et obruta in regione Kishtwar Indicum Kashmir die Veneris inundatione percussa, mortuorum 65 portorium suscitans, dum...",2026-01-07 21:55:04+00:00
ad43c883e12e7b8de6f328ffbef8ee68,2025-08-15T11:57:24Z,'flooding disaster',www.aljazeera.com,en,0.0,Rescuers search for missing after devastating Kashmir cloudburst,Rescuers in Kashmir search for survivors after flash floods triggered by a deadly cloudburst claim at least 60 lives.,https://www.aljazeera.com/gallery/2025/8/15/rescuers-search-for-missing-after-devastating-kashmir-cloudburst,https://www.aljazeera.com/wp-content/uploads/2025/08/AP25227212062096-1755247522.jpg?resize=1920%2C1440,https://web.archive.org/web/20250816031238/https://www.aljazeera.com/gallery/2025/8/15/rescuers-search-for-missing-after-devastating-kashmir-cloudburst,Rescuers scoured debris in a remote village in Indian-administered Kashmir searching for missing residents on Friday after devastating flash floods triggered by the previous days torrential downpour … [+2352 chars],,"Nach verheerendem Wolkenbruch in Kaschmir suchen Retter nach Vermissten. Retter in Kaschmir suchen nach Überlebenden, nachdem Sturzfluten, die durch einen tödlichen Wolkenbruch ausgelöst wurden, mindestens 60 Todesopfer forderten.",Rescuers search for missing after devastating Kashmir cloudburst. Rescuers in Kashmir search for survivors after flash floods triggered by a deadly cloudburst claim at least 60 lives.,Rescuers quaerendi absentis postquam Kashmir nebulosum vastaverunt. Resuers in Kashmir quaesita superstites post diluvia micare Urguet clamorem nebulonem mortiferum saltem 60 vitas.,2026-01-07 21:55:04+00:00
4800cb72678051eee1c72dd1ae4228f3,2025-08-15T12:24:01Z,'floods',www.bostonherald.com,en,0.0,Flash floods triggered by torrential rains kill over 200 people in India and Pakistan,Flash floods triggered by torrential rains have killed more than 200 people in India and Pakistan.,https://www.bostonherald.com/2025/08/15/flash-floods-kashmir-india-pakistan/,https://www.bostonherald.com/wp-content/uploads/2025/08/India_Kashmir_Flash_Floods_95705-1-1.jpg?w=1024&h=683,,"By CHANNI ANAND and RIAZ KHAN, Associated Press
CHOSITI, India (AP) Flash floods triggered by torrential rains have killed over 200 people and left scores others missing in India and Pakistan over t… [+5397 chars]",,Durch sintflutartige Regenfälle ausgelöste Sturzfluten töten in Indien und Pakistan über 200 Menschen. Durch sintflutartige Regenfälle ausgelöste Sturzfluten haben in Indien und Pakistan mehr als 200 Menschen das Leben gekostet.,Flash floods triggered by torrential rains kill over 200 people in India and Pakistan. Flash floods triggered by torrential rains have killed more than 200 people in India and Pakistan.,Inundationes splendentes Urguet imbribus torrentibus super 200 homines in India et in Pakistania necant. Inundationes splendentes Urguet imbribus torrentibus plus quam 200 homines in India et Pakistania occiderunt.,2026-01-07 21:55:04+00:00
75a74810ad866e9107f7a36dd8939f1e,2025-08-15T12:34:03Z,'floods',www.insurancejournal.com,en,0.0,West Virginia Will Finally Study How to Protect Communities After 2016 Floods,"Nearly a decade after the deadly 2016 floods, West Virginia officials are moving forward with a study to look at flood mitigation measures across the Kanawha River Basin. Last month, Gov. Patrick Morrisey announced that the state will work with …",https://www.insurancejournal.com/news/southeast/2025/08/15/835902.htm,https://www.insurancejournal.com/app/uploads/2025/08/AP17132631175131-scaled.jpg,,"Nearly a decade after the deadly 2016 floods, West Virginia officials are moving forward with a study to look at flood mitigation measures across the Kanawha River Basin.
Last month, Gov. Patrick Mo… [+6518 chars]",,"West Virginia wird endlich untersuchen, wie Gemeinden nach den Überschwemmungen 2016 geschützt werden können. Fast ein Jahrzehnt nach den tödlichen Überschwemmungen im Jahr 2016 treiben Beamte in West Virginia eine Studie voran, die sich mit Maßnahmen zur Eindämmung von Überschwemmungen im gesamten Kanawha River Basin befassen soll. Letzten Monat kündigte Gouverneur Patrick Morrisey an, dass der Staat mit … zusammenarbeiten wird.","West Virginia Will Finally Study How to Protect Communities After 2016 Floods. Nearly a decade after the deadly 2016 floods, West Virginia officials are moving forward with a study to look at flood mitigation measures across the Kanawha River Basin. Last month, Gov. Patrick Morrisey announced that the state will work with …","Occidentalis Virginia tandem studeat Communitates tueri Post 2016 Diluvia. Prope decennium post inundationes funestas 2016, magistratus West Virginia progrediuntur cum studio videndi mensuras diminuendi diluvium trans Kanawha flumen Basin. Ultimo mense, Gov. Patricius Morrisey nuntiavit statum operari cum ...",2026-01-07 21:55:04+00:00
429adc36da01bb8a7a3df2762ffe4ad5,2025-08-15T12:46:11Z,'floods',www.independent.ie,en,0.0,More than 200 dead after flash floods triggered by torrential rains in India and Pakistan,"Flash floods triggered by torrential rains have killed more than 200 people and left scores of others missing in India and Pakistan over the past 24 hours, officials said, as rescuers brought to safety some 1,600 people from two mountainous districts in the n…",https://www.independent.ie/world-news/more-than-200-dead-after-flash-floods-triggered-by-torrential-rains-in-india-and-pakistan/a1529240829.html,https://focus.independent.ie/thumbor/hvWJdDsvzgn8pt2CDUfNz_OYe8A=/0x0:2894x1929/629x0/prod-mh-ireland/75e09683-3313-4497-94a3-7ff6a7ac8609/33e9fd23-7813-4290-979f-57a32db50c46/75e09683-3313-4497-94a3-7ff6a7ac8609.jpg,https://web.archive.org/web/20250817202140/https://www.independent.ie/world-news/more-than-200-dead-after-flash-floods-triggered-by-torrential-rains-in-india-and-pakistan/a1529240829.html,"Flash floods triggered by torrential rains have killed more than 200 people and left scores of others missing in India and Pakistan over the past 24 hours, officials said, as rescuers brought to safe… [+4391 chars]",,"Mehr als 200 Tote bei Sturzfluten, die durch sintflutartige Regenfälle in Indien und Pakistan ausgelöst wurden. Durch sintflutartige Regenfälle ausgelöste Sturzfluten haben in Indien und Pakistan in den letzten 24 Stunden mehr als 200 Menschen getötet und zahlreiche weitere vermisst hinterlassen, sagten Beamte, während Retter rund 1.600 Menschen aus zwei Bergregionen in den USA in Sicherheit brachten.","More than 200 dead after flash floods triggered by torrential rains in India and Pakistan. Flash floods triggered by torrential rains have killed more than 200 people and left scores of others missing in India and Pakistan over the past 24 hours, officials said, as rescuers brought to safety some 1,600 people from two mountainous districts in the n…","Plus quam 200 mortui post diluvia micos Urguet imbribus torrentibus in India et Pakistania. Fulgores inundationes imbribus torrentibus urgentes plus quam 200 homines occiderunt et reliquerunt ustulo aliorum absentium in India et Pakistania per 24 horas praeteritis, magistratus dixerunt, ut salvatores aliquos mille quingentos homines e duobus montanis regionibus in n…adduxerunt ad salutem.",2026-01-07 21:55:04+00:00
99ffaf974e11db209ede7c05f392c85a,2025-08-15T12:59:00Z,'floods',www.dw.com,en,0.0,"Flooding kills over 170 people in Pakistan, India","Floods triggered by cloudbursts and monsoon rains have killed at least 176 people with many more still missing, authorities in Pakistan and India have said. Rescuers searched for survivors in the remote Himalayan village of Chositi in India-administered Kashm…",https://www.dw.com/en/flooding-kills-over-170-people-in-pakistan-india/a-73656252,https://static.dw.com/image/73655704_6.jpg,,"Rescuers searched for survivors in the remote Himalayan village of Chositi in India-administered Kashmir on Friday after flooding killed at least 60 people there.
Officials said at least 300 people … [+2716 chars]",,"Bei Überschwemmungen kommen in Pakistan und Indien über 170 Menschen ums Leben. Durch Wolkenbrüche und Monsunregen ausgelöste Überschwemmungen haben nach Angaben von Behörden in Pakistan und Indien mindestens 176 Menschen das Leben gekostet, viele weitere werden noch vermisst. Retter suchten nach Überlebenden im abgelegenen Himalaya-Dorf Chositi im von Indien verwalteten Kaschmir…","Flooding kills over 170 people in Pakistan, India. Floods triggered by cloudbursts and monsoon rains have killed at least 176 people with many more still missing, authorities in Pakistan and India have said. Rescuers searched for survivors in the remote Himalayan village of Chositi in India-administered Kashm…","Inundatio super 170 homines in Pakistan, Indiae necat. Inundationes per nubila et monsoon imbribus utitur saltem 176 homines cum multis adhuc absentibus occiderunt, auctores in Pakistan et India dixerunt. Rescuers quaesiverunt reliquias in remoto Himalayan vico Chositi in India administratum Kashm…",2026-01-07 21:55:04+00:00
b48c3f9d58f17af27faa8b9b41c22b89,2025-08-15T13:00:19Z,'floods',www.bbc.com,en,0.0,Flash floods kill more than 160 in Pakistan,The majority of deaths were recorded in Pakistan's mountainous Khyber Pakhtunkhwa area.,https://www.bbc.com/news/articles/cn02g0n2kepo,https://ichef.bbci.co.uk/news/1024/branded_news/d6ee/live/931139e0-79d5-11f0-bad9-e7f03dd8181e.jpg,http://archive.md/20250815140455/https://www.bbc.com/news/articles/cn02g0n2kepo,"At least 164 people have died in the last 24 hours in heavy monsoon floods and landslides in Pakistan and Pakistan-administered Kashmir.
Most of the deaths, 150, were recorded by disaster authoritie… [+1543 chars]",,Bei Sturzfluten kommen in Pakistan mehr als 160 Menschen ums Leben. Die meisten Todesfälle wurden im pakistanischen Berggebiet Khyber Pakhtunkhwa registriert.,Flash floods kill more than 160 in Pakistan. The majority of deaths were recorded in Pakistan's mountainous Khyber Pakhtunkhwa area.,Flash inundationes plus quam 160 in Pakistania necant. Plurimae mortes in area Pakistan montana Khyber Pakhtunkhwa scriptae sunt.,2026-01-07 21:55:04+00:00
e9a8a8a5ac2539ec81695f40fd874086,2025-08-15T13:58:52Z,'floods',www.yahoo.com,en,0.0,"More than 160 people killed in heavy rain, floods in Pakistan","More than 160 people were killed during heavy rain and flooding in northwestern Pakistan over the last 24 hours, officials said on Friday. A helicopter on a ...",https://www.yahoo.com/news/articles/more-160-people-killed-heavy-135852625.html,https://media.zenfs.com/en/reuters.com/5012e1d3caea5d86bfd6690665fe7e13,,"ISLAMABAD (Reuters) -More than 160 people were killed during heavy rain and flooding in northwestern Pakistan over the last 24 hours, officials said on Friday.
A helicopter on a rescue mission in th… [+194 chars]",,"Mehr als 160 Menschen kamen bei heftigen Regenfällen und Überschwemmungen in Pakistan ums Leben. Bei heftigen Regenfällen und Überschwemmungen im Nordwesten Pakistans seien in den letzten 24 Stunden mehr als 160 Menschen ums Leben gekommen, teilten Beamte am Freitag mit. Ein Hubschrauber auf einem ...","More than 160 people killed in heavy rain, floods in Pakistan. More than 160 people were killed during heavy rain and flooding in northwestern Pakistan over the last 24 hours, officials said on Friday. A helicopter on a ...",Plures quam 160 homines in gravibus pluviis et inundationibus in Pakistania interfecti sunt. Plus quam 160 homines in gravibus pluviis et inundatione in Pakistania septentrionalis super proximis 24 horis interfecti sunt ministri Veneris die dixerunt. Quisque a...,2026-01-07 21:55:04+00:00
dc3bb24826b5c7fa4dccb7f41d42943e,2025-08-15T14:02:26Z,'floods',www.cbc.ca,en,0.0,"More than 200 people killed by flash floods in India and Pakistan, with scores still missing","Flash floods triggered by torrential rains have killed more than 200 people and left scores of others missing in India and Pakistan over the past 24 hours, officials said Friday, as rescuers brought to safety some 1,600 people from two mountainous districts i…",https://www.cbc.ca/news/world/flash-floods-india-pakistan-1.7609824,https://i.cbc.ca/1.7609832.1755263484!/cpImage/httpImage/image.jpg_gen/derivatives/16x9_1180/india-kashmir-flash-floods.jpg?im=Resize%3D620,,"Flash floods triggered by torrential rains have killed more than 200 people and left scores of others missing in India and Pakistan over the past 24 hours, officials said Friday, as rescuers brought … [+5742 chars]",,"Mehr als 200 Menschen kamen bei Sturzfluten in Indien und Pakistan ums Leben, Zahlen fehlen noch. Durch sintflutartige Regenfälle ausgelöste Sturzfluten haben in Indien und Pakistan in den letzten 24 Stunden mehr als 200 Menschen getötet und zahlreiche weitere vermisst hinterlassen, sagten Beamte am Freitag, als Retter rund 1.600 Menschen aus zwei Bergregionen in Sicherheit brachten…","More than 200 people killed by flash floods in India and Pakistan, with scores still missing. Flash floods triggered by torrential rains have killed more than 200 people and left scores of others missing in India and Pakistan over the past 24 hours, officials said Friday, as rescuers brought to safety some 1,600 people from two mountainous districts i…","Plus quam 200 homines in inundationibus mico in India et Pakistania occisi sunt, cum pereuntis adhuc desunt. Flash inundationes imbribus torrentibus urgentes plus quam 200 homines occiderunt et reliquerunt pereuntia aliorum absentium in India et Pakistania per 24 horas praeteritis, ministri Veneris dixerunt, ut salvatores aliquos mille quingentos homines e duobus montanis regionibus i…adduxerunt ad salutem.",2026-01-07 21:55:04+00:00
dea3642254de1059045535b6f3870b9e,2025-08-15T14:40:25Z,'floods',www.yahoo.com,en,0.0,"'Doomsday' monsoon rains lash Pakistan, killing almost 200 people","Heavy monsoon rains have triggered landslides and flash floods across northern Pakistan, leaving at least 169 people dead in the last 24 hours, national and ...",https://www.yahoo.com/news/articles/deadly-monsoon-rains-lash-pakistan-112349417.html,https://media.zenfs.com/en/afp.com/1f70879ea02aedc534e0637f04c13545,,"Heavy monsoon rains have triggered landslides and flash floods across northern Pakistan, leaving at least 169 people dead in the last 24 hours, national and local officials said Friday.
The majority… [+3002 chars]",,"Der „Weltuntergang“-Monsunregen wütet in Pakistan und fordert fast 200 Todesopfer. Heftige Monsunregen haben im Norden Pakistans Erdrutsche und Sturzfluten ausgelöst, bei denen in den letzten 24 Stunden auf nationaler und nationaler Ebene mindestens 169 Menschen ums Leben kamen.","'Doomsday' monsoon rains lash Pakistan, killing almost 200 people. Heavy monsoon rains have triggered landslides and flash floods across northern Pakistan, leaving at least 169 people dead in the last 24 hours, national and ...","""Doomsday"" ETESIA pluit verbera Pakistan, fere CC homines occidunt. Imbres graves ETESIAE proruit et inundationes emicant per Pakistan septentrionalem, saltem 169 homines mortui in proximis 24 horis, nationalibus et ...",2026-01-07 21:55:04+00:00
1b4ead17a1b2a333ce0b4d60a02071d3,2025-08-15T15:24:30Z,'flooding rain',www.aljazeera.com,en,0.0,"Hurricane Erin threatens Puerto Rico, Virgin Islands with flooding",Heavy rains are forecast to start with the storm expected to become a major Category 3 storm over the weekend.,https://www.aljazeera.com/news/2025/8/15/hurricane-erin-threatens-puerto-rico-virgin-islands-with-flooding,https://www.aljazeera.com/wp-content/uploads/2025/08/AP25226612143752-1755269226.jpg?resize=1200%2C675,,"Hurricane Erin has formed in the Atlantic Ocean as it approaches the northeast Caribbean, as forecasters warn of possible flooding and landslides in Puerto Rico and the Virgin Islands.
The storm is … [+1939 chars]",,"Hurrikan Erin bedroht Puerto Rico auf den Jungferninseln mit Überschwemmungen. Es wird vorhergesagt, dass es zunächst zu heftigen Regenfällen kommen wird, wobei der Sturm am Wochenende voraussichtlich zu einem schweren Sturm der Kategorie 3 werden wird.","Hurricane Erin threatens Puerto Rico, Virgin Islands with flooding. Heavy rains are forecast to start with the storm expected to become a major Category 3 storm over the weekend.","Procellae Erin Puerto Rico, inundatione Insularum Virginum, minatur. Imbres graves praenuntiant ut incipiant cum tempestate expectata ut maior Categoria 3 fieret tempestas super weekend.",2026-01-07 21:55:04+00:00
e5af1b9bfefd8bb87475a0d5225968d8,2025-08-15T15:30:00Z,'flooding landslide',apnews.com,en,0.0,Erin becomes first Atlantic hurricane of season; heavy rains expected in Puerto Rico,"Erin has strengthened into a hurricane as it approaches Puerto Rico and the Virgin Islands, bringing heavy rains that could cause flooding and landslides.",https://apnews.com/article/tropical-storm-erin-caribbean-puerto-rico-de5204a61ede5102fec0d3c9ac35f3bf,https://bloximages.newyork1.vip.townnews.com/richmond.com/content/tncms/assets/v3/editorial/6/37/6373c62d-12f6-5ac5-9e5f-24b81d19fb13/689f53afbc093.preview.jpg?crop=1763%2C926%2C0%2C124&resize=1200%2C630&order=crop%2Cresize,https://web.archive.org/web/20250815180530/https://apnews.com/article/tropical-storm-erin-caribbean-puerto-rico-de5204a61ede5102fec0d3c9ac35f3bf,"SAN JUAN, Puerto Rico (AP) Erin strengthened into a hurricane on Friday as it approached the northeast Caribbean, prompting forecasters to warn of possible flooding and landslides.
The storm is expe… [+22048 chars]",,"Erin wird der erste Atlantik-Hurrikan der Saison; In Puerto Rico werden heftige Regenfälle erwartet. Erin hat sich zu einem Hurrikan entwickelt, als er sich Puerto Rico und den Jungferninseln nähert und schwere Regenfälle mit sich bringt, die Überschwemmungen und Erdrutsche verursachen könnten.","Erin becomes first Atlantic hurricane of season; heavy rains expected in Puerto Rico. Erin has strengthened into a hurricane as it approaches Puerto Rico and the Virgin Islands, bringing heavy rains that could cause flooding and landslides.","Erin primo fit tempestatis Atlantici maris; imbribus exspectandis in Puerto Rico. Erin in procellam confirmavit, dum Puerto Rico appropinquat et Insulas Virgines, pluvias graves afferens quae inundationem et prolapsam facere possent.",2026-01-07 21:55:04+00:00
c20f8462d42c16c848c09135eea25b68,2025-08-15T15:40:01Z,'flooding area',www.foxweather.com,en,0.0,Invest 98L to soak south Texas with heavy rain and potential flooding into the weekend,"An area of storms southwest of Texas, which was designated by the National Hurricane Center (NHC) as Invest 98L, now has a low chance of tropical development...",https://www.foxweather.com/watch/fmc-grjo1vo7rfhwayxj,https://s.yimg.com/ny/api/res/1.2/Zcz4TbX4BLN5vA6XQv61Kw--/YXBwaWQ9aGlnaGxhbmRlcjt3PTEyMDA7aD02NzU7Y2Y9d2VicA--/https://media.zenfs.com/en/fox_weather_videos_202/9ed1ca8e94b9b24fb217a7f61a9823ce,,"An area of storms southwest of Texas, which was designated by the National Hurricane Center (NHC) as Invest 98L, now has a low chance of tropical development as it quickly approaches northeastern Mex… [+180 chars]",,"Investieren Sie 98 Liter, um den Süden von Texas bis zum Wochenende mit starkem Regen und möglichen Überschwemmungen zu überfluten. In einem Sturmgebiet südwestlich von Texas, das vom National Hurricane Center (NHC) als Invest 98L eingestuft wurde, ist die Wahrscheinlichkeit einer tropischen Entwicklung jetzt gering ...","Invest 98L to soak south Texas with heavy rain and potential flooding into the weekend. An area of storms southwest of Texas, which was designated by the National Hurricane Center (NHC) as Invest 98L, now has a low chance of tropical development...","Obsido 98L ut cum pluviae et potentiae inundationes in volutpat vestibulum meridianae macerentur. Tempestatum area ad meridiem Texas, quae a Centre Hurricane Nationale (NHC) designata est, ut Invest 98L, nunc humilem evolutionis tropicae copiam habet.",2026-01-07 21:55:04+00:00
2c31aa74ebfbc70490d29f125a16f897,2025-08-15T16:48:00Z,'floods',www.dw.com,en,0.0,"Flash floods kill hundreds in Pakistan, India","Floods triggered by cloudbursts and monsoon rains have killed around 400 people, with many more still missing, officials said. Rescue workers are desperately searching for survivors among the muddy debris.",https://www.dw.com/en/flash-floods-kill-hundreds-in-pakistan-india/a-73656252,https://static.dw.com/image/73666810_6.jpg,,"Thousands of rescue workers continued the search for survivors on Saturday after deadly flash floods hit northern Pakistan and neighboring India.
The death toll from the floods, which were triggered… [+4375 chars]",,"Sturzfluten töten Hunderte in Pakistan und Indien. Durch Wolkenbrüche und Monsunregen ausgelöste Überschwemmungen haben rund 400 Menschen das Leben gekostet, viele weitere werden noch vermisst, sagten Beamte. Rettungskräfte suchen verzweifelt nach Überlebenden in den schlammigen Trümmern.","Flash floods kill hundreds in Pakistan, India. Floods triggered by cloudbursts and monsoon rains have killed around 400 people, with many more still missing, officials said. Rescue workers are desperately searching for survivors among the muddy debris.","Inundationes Flash centenas in Pakistan, Indiam necant. Inundationes urguentur per nubes et monsoon pluviae circiter 400 homines occiderunt, cum plures adhuc absentes ministri dixerunt. Opifices eripe perdite quaerunt reliquias inter limosas strages.",2026-01-07 21:55:04+00:00
1a0b11daf612a7111a28171f52901a6b,2025-08-15T16:48:00Z,'flooding rain',www.dw.com,en,0.0,"Flooding kills over 250 people in Pakistan, India","Floods triggered by cloudbursts and monsoon rains have killed at least 250 people with many more still missing, authorities in Pakistan and India have said. A helicopter aiding the relief effort also crashed.",https://www.dw.com/en/flooding-kills-over-250-people-in-pakistan-india/a-73656252,https://static.dw.com/image/73655704_6.jpg,,"The death toll from devastating flooding in northern India and Pakistan continued to rise on Friday, with local authorities across both countries confirming that over 250 people have been killed.
Pa… [+3202 chars]",,"Bei Überschwemmungen kommen in Pakistan und Indien über 250 Menschen ums Leben. Durch Wolkenbrüche und Monsunregen ausgelöste Überschwemmungen haben nach Angaben von Behörden in Pakistan und Indien mindestens 250 Menschen das Leben gekostet, viele weitere werden noch vermisst. Auch ein Hubschrauber, der die Hilfsaktion unterstützte, stürzte ab.","Flooding kills over 250 people in Pakistan, India. Floods triggered by cloudbursts and monsoon rains have killed at least 250 people with many more still missing, authorities in Pakistan and India have said. A helicopter aiding the relief effort also crashed.","Inundatio super 250 homines in Pakistania, Indiae necat. Inundationes urguentur ab imbres nubis et monsoones saltem 250 homines cum multis adhuc absentibus occiderunt, auctores in Pakistan et India dixerunt. Helicopter adiuvandi nixus subsidio etiam ingruat.",2026-01-07 21:55:04+00:00
35fe9862109334d9fe19aaf5a492f991,2025-08-16T08:29:56Z,'floods',www.rte.ie,en,0.0,"More than 300 killed in Pakistan after heavy rain, floods","More than 300 people are dead in northwest Pakistan after two days of intense rains and floods, local officials have said.",https://www.rte.ie/news/world/2025/0816/1528738-pakistan-floods/,https://www.rte.ie/images/002307ef-1600.jpg,,"More than 300 people are dead in northwest Pakistan after two days of intense rains and floods, local officials have said.
Rescue efforts and clearing of blocked roads were ongoing with the release … [+2198 chars]",,"Mehr als 300 Tote in Pakistan nach heftigen Regenfällen und Überschwemmungen. Nach zwei Tagen heftiger Regenfälle und Überschwemmungen sind im Nordwesten Pakistans mehr als 300 Menschen ums Leben gekommen, sagten örtliche Beamte.","More than 300 killed in Pakistan after heavy rain, floods. More than 300 people are dead in northwest Pakistan after two days of intense rains and floods, local officials have said.",Plus quam 300 in Pakistania post diluvia pluviarum magnarum occisa sunt. Plus quam 300 homines mortui sunt in Pakistania chorum post duos dies ingentes imbres et inundationes locales magistratus dixerunt.,2026-01-07 21:55:04+00:00
ca799f7a8d96a7b032c2e115f9f72615,2025-08-16T08:51:35Z,'flooding military',www.abc.net.au,en,0.0,'Doomsday' monsoon rain and floods leave hundreds dead in Pakistan,"Hundreds of people are dead in north-west Pakistan after two days of intense rain and floods, with rescue efforts and clearing of blocked roads increased with the release of emergency funds.",https://www.abc.net.au/news/2025-08-16/more-than-300-dead-in-pakistan-after-heavy-rains-floods/105662956,https://live-production.wcms.abc-cdn.net.au/9e57e0f268c1fc7630f0882ab4208a36?impolicy=wcms_watermark_news&cropH=2409&cropW=4283&xPos=0&yPos=223&width=862&height=485&imformat=generic,,"More than 300 people are dead in north-west Pakistan after two days of intense rain and floods, local officials said on Saturday.
Warning: This story contains graphic details and imagery.
Rescuers … [+3896 chars]",,„Doomsday“-Monsunregen und Überschwemmungen fordern in Pakistan Hunderte Tote. Hunderte Menschen sind im Nordwesten Pakistans nach zwei Tagen heftiger Regenfälle und Überschwemmungen gestorben. Die Rettungsbemühungen und die Räumung blockierter Straßen wurden durch die Freigabe von Nothilfemitteln verstärkt.,"'Doomsday' monsoon rain and floods leave hundreds dead in Pakistan. Hundreds of people are dead in north-west Pakistan after two days of intense rain and floods, with rescue efforts and clearing of blocked roads increased with the release of emergency funds.","""Doomsday"" ETESIA pluviae et inundationes centenas mortuas in Pakistania exeunt. Centum hominum mortui sunt in Pakistania septentrionali-occidentali post duos dies ingentes pluviae et inundationes, cum laboribus liberandis et viarum obstructarum purgandis auctae emissione pecuniarum subitis.",2026-01-07 21:55:04+00:00
8b20ebe12ff90fb66fd9a2c958352068,2025-08-16T08:51:35Z,'floods',www.abc.net.au,en,0.0,"More than 300 people dead in Pakistan after heavy rains, floods","Rescue efforts and clearing of blocked roads were ongoing with the release of emergency funds, authorities said, adding that the heavy rains would continue.",https://www.abc.net.au/news/2025-08-16/more-than-300-people-dead-in-pakistan-after-heavy-rains-floods/105662956,https://live-production.wcms.abc-cdn.net.au/9e57e0f268c1fc7630f0882ab4208a36?impolicy=wcms_watermark_news&cropH=2409&cropW=4283&xPos=0&yPos=223&width=862&height=485&imformat=generic,,"More than 300 people are dead in north-west Pakistan after two days of intense rains and floods, local officials said on Saturday.
Rescue efforts and clearing of blocked roads were ongoing with the … [+2358 chars]",,"Mehr als 300 Menschen starben in Pakistan nach heftigen Regenfällen und Überschwemmungen. Die Rettungsbemühungen und die Räumung blockierter Straßen seien mit der Freigabe von Notgeldern im Gange, teilten die Behörden mit und fügten hinzu, dass die heftigen Regenfälle anhalten würden.","More than 300 people dead in Pakistan after heavy rains, floods. Rescue efforts and clearing of blocked roads were ongoing with the release of emergency funds, authorities said, adding that the heavy rains would continue.","Plus quam trecenti homines in Pakistania mortui post imbribus diluviis. Liberare conatus et defensionem viarum obstructarum cum emissione pecuniarum subitis erant continuae, auctores dixerunt addens pluvias graves mansuras esse.",2026-01-07 21:55:04+00:00
bc601535f3fe26bba5a95699dacdffa9,2025-08-16T08:54:00Z,'floods',news.sky.com,en,0.0,Mass funerals held after more than 300 die in floods across India and Pakistan,"Rescuers began a third day of scouring the mountains of Khyber Pakhtunkhwa in northwestern Pakistan, while others looked for missing people in the Kishtwar district of Indian-controlled Kashmir.",https://news.sky.com/story/mass-funerals-held-after-more-than-300-die-in-floods-across-india-and-pakistan-13412652,https://e3.365dm.com/25/08/1600x900/skynews-pakistan-flash-floods_6992413.jpg?20250816084558,,"More than 300 people have been killed by flash flooding across Pakistan and India-controlled Kashmir, local authorities say.
Rescuers began a third day of scouring the mountains of Khyber Pakhtunkhw… [+2167 chars]",,"Massenbegräbnisse finden statt, nachdem mehr als 300 Menschen bei Überschwemmungen in Indien und Pakistan ums Leben kamen. Retter begannen einen dritten Tag mit der Suche in den Bergen von Khyber Pakhtunkhwa im Nordwesten Pakistans, während andere im Distrikt Kishtwar im von Indien kontrollierten Kaschmir nach vermissten Personen suchten.","Mass funerals held after more than 300 die in floods across India and Pakistan. Rescuers began a third day of scouring the mountains of Khyber Pakhtunkhwa in northwestern Pakistan, while others looked for missing people in the Kishtwar district of Indian-controlled Kashmir.","Funera missa post plus quam 300 in inundationibus trans Indiam et Pakistania moriuntur. Rescutores tertio die montes Khyber Pakhtunkhwa in Pakistania septentrionali inter septentrionales vagari coeperunt, cum alii homines absentis in regione Kishtwar Indiae continentis Kashmir quaesiverunt.",2026-01-07 21:55:04+00:00
2871adf24ac1dd553ced10cdb87caa61,2025-08-16T09:54:27Z,'floods',www.aljazeera.com,en,0.0,Flash floods wreak havoc in northern Pakistan,Rescue efforts intensify in flood-hit villages as thousands remain stranded and death toll rises across Pakistan.,https://www.aljazeera.com/gallery/2025/8/16/flash-floods-wreak-havoc-in-northern-pakistan,https://www.aljazeera.com/wp-content/uploads/2025/08/AP25227300540187-1755327047.jpg?resize=1920%2C1440,https://web.archive.org/web/20250818101607/https://www.aljazeera.com/gallery/2025/8/16/flash-floods-wreak-havoc-in-northern-pakistan,"Rescuers in northern Pakistan have pulled dozens of bodies overnight from homes ravaged by landslides and flash floods, taking the death toll to at least 321 in the past two days, according to disast… [+1907 chars]",,"Sturzfluten richten im Norden Pakistans verheerende Schäden an. Die Rettungsbemühungen in den von Überschwemmungen betroffenen Dörfern werden intensiviert, da Tausende weiterhin gestrandet sind und die Zahl der Todesopfer in ganz Pakistan steigt.",Flash floods wreak havoc in northern Pakistan. Rescue efforts intensify in flood-hit villages as thousands remain stranded and death toll rises across Pakistan.,Inundationes Flash in Pakistan septentrionalem perdat. Eripe nisus in pagis cataractarum inundationum augendis sicut milia destitutus manent et portorium mortis trans Pakistanum oritur.,2026-01-07 21:55:04+00:00
537fc2798b1d6915fbd5c906e7f28ae3,2025-08-16T10:24:33Z,'floods',www.thejournal.ie,en,0.0,Around 220 people die in floods and landslides in Pakistan that have washed away whole buildings,Hundreds of rescue workers are still searching for survivors.,https://www.thejournal.ie/pakistan-floods-landslides-6792066-Aug2025/,https://img2.thejournal.ie/article/6792066/river/?height=400&version=6792079,,"AT LEAST 220 people have died in Pakistan over the last day due to flash floods and landslides that have flattened homes and caused significant damage.
Hundreds of rescue workers are still searching… [+3271 chars]",,"Rund 220 Menschen sterben bei Überschwemmungen und Erdrutschen in Pakistan, die ganze Gebäude wegspülten. Hunderte Rettungskräfte suchen noch immer nach Überlebenden.",Around 220 people die in floods and landslides in Pakistan that have washed away whole buildings. Hundreds of rescue workers are still searching for survivors.,Circum 220 homines in inundationibus et prolapsionibus in Pakistania moriuntur quae aedificia integra abluerunt. Centum operarios subsidiorum adhuc superstites quaerunt.,2026-01-07 21:55:04+00:00
d94503e4eb30cb42c4eef417a1b83684,2025-08-16T12:34:53Z,'flooding',www.npr.org,en,0.0,Hurricane Erin becomes a Category 4 in the Caribbean as the region braces for flooding,"Erin strengthened into a powerful Category 4 hurricane in the Caribbean on Saturday and continues to intensify, the National Hurricane Center said.",https://www.npr.org/2025/08/16/nx-s1-5504616/hurricane-erin-caribbean,https://npr.brightspotcdn.com/dims3/default/strip/false/crop/8120x4568+0+242/resize/1400/quality/100/format/jpeg/?url=http%3A%2F%2Fnpr-brightspot.s3.amazonaws.com%2F74%2F59%2Fa5a9eb404d33b216e29a555c44b7%2Fap25227746375993.jpg,,"SAN JUAN, Puerto Rico Erin strengthened into a powerful Category 4 hurricane in the Caribbean on Saturday and continues to intensify, the National Hurricane Center said.
The storm is currently 150 m… [+2625 chars]",,"Hurrikan Erin wird in der Karibik zur Kategorie 4, da sich die Region auf Überschwemmungen vorbereitet. Erin hat sich am Samstag in der Karibik zu einem starken Hurrikan der Kategorie 4 entwickelt und verstärkt sich weiter, teilte das National Hurricane Center mit.","Hurricane Erin becomes a Category 4 in the Caribbean as the region braces for flooding. Erin strengthened into a powerful Category 4 hurricane in the Caribbean on Saturday and continues to intensify, the National Hurricane Center said.","Turbo Erin categoria fit 4 in Caribbean ut regio adstringit ad inundationem. Erin in categoria potentissima 4 procellae in Caribbean confirmata die Sabbati et augere pergit, Centrum National Hurricane dixit.",2026-01-07 21:55:04+00:00
d630b1c7e3f5f8c4229e9c2f85fb935c,2025-08-16T14:25:36Z,'floods',www.cbsnews.com,en,0.0,"More than 220 people have died in Pakistan after flash floods, landslides","Pakistan has received higher-than-normal monsoon rainfall this year, triggering floods and mudslides that have killed more than 540 people since June 26.",https://www.cbsnews.com/news/pakistan-flash-floods-landslides-rescues-monsoon/,https://assets1.cbsnewsstatic.com/hub/i/r/2025/08/16/ec8bb6ab-f567-4fd1-827a-474c79b71d52/thumbnail/1200x630/2942a257a2acb16f18510e0c015cb1e3/gettyimages-2229539232.jpg,,"Flooding in northwest Pakistan has killed more than 220 people over the last 48 hours, officials said Saturday, as rescuers pulled 63 more bodies overnight from homes flattened by flash floods and la… [+4755 chars]",,"Mehr als 220 Menschen sind in Pakistan nach Sturzfluten und Erdrutschen gestorben. In Pakistan kam es in diesem Jahr zu überdurchschnittlich starken Monsunniederschlägen, die Überschwemmungen und Schlammlawinen auslösten, bei denen seit dem 26. Juni mehr als 540 Menschen ums Leben kamen.","More than 220 people have died in Pakistan after flash floods, landslides. Pakistan has received higher-than-normal monsoon rainfall this year, triggering floods and mudslides that have killed more than 540 people since June 26.","Plus quam 220 homines in Pakistania mortui sunt post diluvia mico, proruit. In Pakistania accepit pluviam hoc anno altiorem quam-normalem ETESIA, inundationes et mudslides excitato, qui plus quam 540 homines ab eo die 26 mensis Iunii occiderunt.",2026-01-07 21:55:04+00:00
ce22b5db4b75b5240992afb2e80eee42,2025-08-16T15:03:37Z,'floods',www.rt.com,en,0.0,Hundreds killed in India and Pakistan after flash floods,Heavy rainfall triggered landslides that devastated regions along the border between the two South Asian neighbors Read Full Article at RT.com,https://www.rt.com/india/623069-hundreds-killed-flash-floods/,https://mf.b37mrtl.ru/files/2025.08/article/68a07cb120302711963ac2d6.jpg,http://archive.md/20250817083137/https://www.rt.com/india/623069-hundreds-killed-flash-floods/,"Heavy rainfall and flash flooding devastated parts of India and Pakistan on Friday, resulting in over 280 fatalities and hundreds of people missing, according to officials from both nations. Rescuers… [+2227 chars]",,"Hunderte Tote in Indien und Pakistan nach Sturzfluten. Heftige Regenfälle lösten Erdrutsche aus, die Regionen entlang der Grenze zwischen den beiden südasiatischen Nachbarn verwüsteten. Den vollständigen Artikel finden Sie auf RT.com",Hundreds killed in India and Pakistan after flash floods. Heavy rainfall triggered landslides that devastated regions along the border between the two South Asian neighbors Read Full Article at RT.com,Centum occisi in India et Pakistan post diluvia mico. Imbribus gravis urget proruit quae regiones vastatae in confinio inter duas meridionales Asiae vicinos Read Full Article at RT.com,2026-01-07 21:55:04+00:00
ac8abf22c7bd68f141e8a4926080dd01,2025-08-16T15:38:48Z,'flooding landslide',biztoc.com,en,0.0,Pakistan’s monsoon flooding death toll rises to 220 with more rain in the forecast,"Flooding in a northwest Pakistani district has killed at least 220 people, officials said Saturday, as rescuers pulled 63 more bodies overnight from homes flattened by flash floods and landslides, with forecasts of more rain in the coming days.",https://biztoc.com/x/87b2cb91177dd756,https://biztoc.com/cdn/950/og.png,https://web.archive.org/web/20250816162343/https://biztoc.com/x/87b2cb91177dd756,"Flooding in a northwest Pakistani district has killed at least 220 people, officials said Saturday, as rescuers pulled 63 more bodies overnight from homes flattened by flash floods and landslides, wi… [+98 chars]",,"Die Zahl der Todesopfer durch Monsun-Überschwemmungen in Pakistan steigt auf 220, wobei weitere Regenfälle vorhergesagt werden. Bei Überschwemmungen in einem Bezirk im Nordwesten Pakistans sind mindestens 220 Menschen ums Leben gekommen, sagten Beamte am Samstag, während Retter über Nacht 63 weitere Leichen aus Häusern holten, die durch Sturzfluten und Erdrutsche dem Erdboden gleichgemacht worden waren. Für die kommenden Tage wird mit weiteren Regenfällen gerechnet.","Pakistan’s monsoon flooding death toll rises to 220 with more rain in the forecast. Flooding in a northwest Pakistani district has killed at least 220 people, officials said Saturday, as rescuers pulled 63 more bodies overnight from homes flattened by flash floods and landslides, with forecasts of more rain in the coming days.","ETESIA inundatio mortis in Pakistan vectigal 220 pluribus pluvia in praesagio oritur. Inundatio in regione Pakistani chorum saltem 220 homines interfecerunt, ministri Saturni dixerunt, ut servatores traherent 63 corpora pernoctare e penatibus complanata mico inundationibus et proruit, cum praenotiones pluviarum in dies venientes.",2026-01-07 21:55:04+00:00
7003b2f9cf6ab8fecb3453acbff9fd14,2025-08-16T22:21:21Z,'flooding',www.ibtimes.com,en,0.0,"Hurricane Erin Intensifies Offshore, Lashes Caribbean With Rain","Hurricane Erin rapidly strengthened offshore to a ""catastrophic"" Category 5 storm on Saturday, as rain lashed Caribbean islands and weather officials warned of possible flash floods and landslides.",https://www.ibtimes.com/hurricane-erin-intensifies-offshore-lashes-caribbean-rain-3781058,https://d.ibtimes.com/en/full/4616510/waves-build-category-5-hurricane-erin-approaches-san-juan-puerto-rico.jpg,,"Hurricane Erin rapidly strengthened offshore to a ""catastrophic"" Category 5 storm on Saturday, as rain lashed Caribbean islands and weather officials warned of possible flash floods and landslides.
… [+3300 chars]",,"Hurrikan Erin verstärkt sich vor der Küste und peitscht die Karibik mit Regen. Hurrikan Erin verstärkte sich am Samstag vor der Küste rasch und entwickelte sich zu einem „katastrophalen“ Sturm der Kategorie 5, als der Regen über die karibischen Inseln fegte und die Wetterbehörden vor möglichen Sturzfluten und Erdrutschen warnten.","Hurricane Erin Intensifies Offshore, Lashes Caribbean With Rain. Hurricane Erin rapidly strengthened offshore to a ""catastrophic"" Category 5 storm on Saturday, as rain lashed Caribbean islands and weather officials warned of possible flash floods and landslides.","Procellae Erin exasperat Offshore, Caribbean verberat pluvia. Procellae Erin celeriter litus ad ""casstrophicum"" Categoriae 5 tempestatis die Sabbati firmatae sunt, ut pluviae insulae Caribbeae verberatae et ministri tempestatum monerent de diluvia et proruit possibilis.",2026-01-07 21:55:04+00:00
433ff61170aa8a1066657bf305f860b1,2025-08-17T01:24:03Z,'flooding',timesofindia.indiatimes.com,en,0.0,Hurricane Erin 2025 intensifies to category five storm: Which US states are exposed to flooding risk (important safety tips inside),"Hurricane Erin 2025 rapidly intensified into a Category 5 storm, posing threats to the Caribbean and the US East Coast. While the storm's center is projected to remain offshore, dangerous surf, rip currents, and coastal flooding are expected from Florida to M…",https://timesofindia.indiatimes.com/etimes/trending/hurricane-erin-2025-intensifies-to-category-five-storm-which-us-states-are-exposed-to-flooding-risk-important-safety-tips-inside/articleshow/123340898.cms,"https://static.toiimg.com/thumb/msid-123340898,width-1070,height-580,imgsize-141744,resizemode-75,overlay-toi_sw,pt-32,y_pad-40/photo.jpg",,From Preity Mukundhan to Keerthy Suresh: South actresses' best pictures of the week,,"Hurrikan Erin 2025 steigert sich zu einem Sturm der Kategorie fünf: Welche US-Bundesstaaten sind einem Überschwemmungsrisiko ausgesetzt (wichtige Sicherheitstipps im Inneren). Hurrikan Erin 2025 entwickelte sich schnell zu einem Sturm der Kategorie 5 und stellte eine Bedrohung für die Karibik und die Ostküste der USA dar. Während das Zentrum des Sturms voraussichtlich vor der Küste bleiben wird, werden gefährliche Brandung, Strömungen und Überschwemmungen an der Küste von Florida bis M … erwartet.","Hurricane Erin 2025 intensifies to category five storm: Which US states are exposed to flooding risk (important safety tips inside). Hurricane Erin 2025 rapidly intensified into a Category 5 storm, posing threats to the Caribbean and the US East Coast. While the storm's center is projected to remain offshore, dangerous surf, rip currents, and coastal flooding are expected from Florida to M…","Procellae Erin 2025 exaggerat ad categoriam quinque tempestatis: Quae Civitates Civitates in periculo inundationis exponuntur (magna salus apicibus intus). Procellae Erin 2025 celeriter in Categoriam 5 tempestatem intenditur, minas ponens in Caribbean et US Orientales Coast. Dum centrum tempestatis proiectum est ad littus manere, salo periculosus, flumina rip, et inundatio maritima a Florida ad M…",2026-01-07 21:55:04+00:00
0eb09ee55e4150e6bca791d36c71e8aa,2025-08-17T01:34:26Z,'flooding rain',slashdot.org,en,0.0,‘Floods came like fire’: Pak’s monsoon misery overflows - Times of India,"‘Floods came like fire’: Pak’s monsoon misery overflowsTimes of India Pakistan’s monsoon flooding death toll rises to 220 as forecasters warn of more rain to comeAP News Flash floods kill more than 300 in Pakistan and Pakistan-administered KashmirBBC Sudden, …",https://slashdot.org/firehose.pl?op=view&amp;id=178707998,,,The Fine Print: The following comments are owned by whoever posted them. We are not responsible for them in any way.,,"„Überschwemmungen kamen wie Feuer“: Das Monsun-Elend in Pak geht über – Times of India. „Überschwemmungen kamen wie Feuer“: Das Monsun-Elend in Pak schwebt über Times of India Die Zahl der Todesopfer durch Monsun-Überschwemmungen in Pakistan steigt auf 220, da Prognostiker vor weiteren Regenfällen warnenAP News Sturzfluten töten mehr als 300 Menschen in Pakistan und dem von Pakistan verwalteten KaschmirBBC Plötzlich, …","‘Floods came like fire’: Pak’s monsoon misery overflows - Times of India. ‘Floods came like fire’: Pak’s monsoon misery overflowsTimes of India Pakistan’s monsoon flooding death toll rises to 220 as forecasters warn of more rain to comeAP News Flash floods kill more than 300 in Pakistan and Pakistan-administered KashmirBBC Sudden, …",'Fundationes sicut ignis': Pak's monson miseria redundat - Tempora Indiae. 'Fundationes sicut ignis accesserunt': Pak's monsoon miseria redundat Times Indiae Pakistani monsoon inundationis mortis vectigal oritur 220 ut forecasters monent pluviis venireAP News Flash inundationes plus quam 300 in Pakistan et Pakistan administrati KashmirBBC Sudden ...,2026-01-07 21:55:04+00:00
2f64e3eabef3d4da5f300fe4097a010c,2025-08-17T04:15:12Z,'flooding rain',economictimes.indiatimes.com,en,0.0,"Mumbai Weather Update: Heavy rains disrupt commute, weeklong showers ahead","Mumbai is experiencing heavy rainfall today, with high humidity and moderate wind speeds impacting visibility and daily life. Commuters should anticipate delays and exercise caution due to poor visibility and potential flooding. The week ahead forecasts conti…",https://economictimes.indiatimes.com/news/new-updates/mumbai-weather-update-heavy-rains-disrupt-commute-weeklong-showers-ahead/articleshow/123342100.cms,"https://img.etimg.com/thumb/msid-123342105,width-1200,height-630,imgsize-6310,overlay-economictimes/articleshow.jpg",,"Investment Ideas
Grow your wealth with stock ideas &amp; sectoral trends.
Stock Reports Plus
Buy low &amp; sell high with access to Stock Score, Upside potential &amp; more. 
BigBull Portfolio
G… [+439 chars]",,"Wetter-Update für Mumbai: Heftige Regenfälle stören den Pendelverkehr, wochenlange Schauer stehen bevor. Mumbai erlebt heute heftige Regenfälle, hohe Luftfeuchtigkeit und mäßige Windgeschwindigkeiten beeinträchtigen die Sicht und das tägliche Leben. Pendler sollten aufgrund schlechter Sicht und möglicher Überschwemmungen mit Verzögerungen rechnen und Vorsicht walten lassen. Die Prognosen für die kommende Woche gehen weiter…","Mumbai Weather Update: Heavy rains disrupt commute, weeklong showers ahead. Mumbai is experiencing heavy rainfall today, with high humidity and moderate wind speeds impacting visibility and daily life. Commuters should anticipate delays and exercise caution due to poor visibility and potential flooding. The week ahead forecasts conti…","Mumbai Tempestas Renovatio: Imbres graves commuto perturbant, imbres hebdomades antecedunt. Mumbai hodie pluvias graves experitur, cum humiditate magna et moderata celeritates ventorum impactionem visibilitatis et vitae quotidianae. Commutatores debent moras anticipare et cautionem exercere ob visibilitatem et potentiam inundationem pauperum. Praenoscere praemisit una sabbatorum conti ...",2026-01-07 21:55:04+00:00
46fb4b6cdbc64702d41e42ecbb324c69,2025-08-17T04:30:00Z,'flooding',www.independent.ie,en,0.0,Pakistan flood death toll hits 541 since rain started in June,"Rescuers in north-west Pakistan have pulled 63 more bodies from homes flattened by flash floods and landslides, raising the death toll from rain-related incidents to at least 220, officials said.",https://www.independent.ie/world-news/asia-pacific/pakistan-flood-death-toll-hits-541-since-rain-started-in-june/a1643830203.html,https://focus.independent.ie/thumbor/UyVPhKsZ1LARKk_QqHuB-d7Cy4Q=/629x460/smart/prod-mh-ireland/eb92a1a2-79ce-4a2d-aef8-5ede1648e89c/d387e30d-cc25-412b-a024-c6948f83e878/PAKISTAN%20%20%2810%29.jpg,,"Rescuers in north-west Pakistan have pulled 63 more bodies from homes flattened by flash floods and landslides, raising the death toll from rain-related incidents to at least 220, officials said.One … [+3557 chars]",,"Die Zahl der Todesopfer bei Überschwemmungen in Pakistan liegt seit Beginn der Regenfälle im Juni bei 541. Retter im Nordwesten Pakistans haben 63 weitere Leichen aus Häusern geborgen, die durch Sturzfluten und Erdrutsche dem Erdboden gleichgemacht wurden, was die Zahl der Todesopfer durch regenbedingte Vorfälle auf mindestens 220 erhöhte, sagten Beamte.","Pakistan flood death toll hits 541 since rain started in June. Rescuers in north-west Pakistan have pulled 63 more bodies from homes flattened by flash floods and landslides, raising the death toll from rain-related incidents to at least 220, officials said.","Pakistan inundatio mortuorum pervenit 541 quia pluvia mense Iunio incepit. Restoratores in Pakistania septentrionali-occidentia 63 plura corpora e domibus per micos inundationes et ruinas complanata detraxerunt, tollentes mortis vectigal ex pluvia relatas eventus saltem 220, magistratus dixerunt.",2026-01-07 21:55:04+00:00
ac4ec3b1936b85a3484c95fa75c581a4,2025-08-17T07:23:21Z,'flooding',www.yahoo.com,en,0.0,"Hopes for survivors wane as landslides, flooding bury Pakistan villages","Thousands of Pakistani rescuers battled rain and knee-deep mud Sunday, digging homes out from under massive boulders in a desperate search for survivors...",https://www.yahoo.com/news/articles/hopes-survivors-wane-landslides-flooding-072321385.html,https://media.zenfs.com/en/afp.com/af17076817fd25f300a8d2feee4498be,,"Thousands of Pakistani rescuers battled rain and knee-deep mud Sunday, digging homes out from under massive boulders in a desperate search for survivors after flash floods killed at least 344 people … [+3749 chars]",,"Hoffnungen auf Überlebende schwinden, als Erdrutsche pakistanische Dörfer überschwemmen und begraben. Tausende pakistanische Retter kämpften am Sonntag gegen Regen und knietiefen Schlamm und gruben auf der verzweifelten Suche nach Überlebenden Häuser unter massiven Felsbrocken hervor ...","Hopes for survivors wane as landslides, flooding bury Pakistan villages. Thousands of Pakistani rescuers battled rain and knee-deep mud Sunday, digging homes out from under massive boulders in a desperate search for survivors...","Sperat superstites in ruinas decrescere, inundationem villas Pakistania sepelire. Milia Pakistani servatores pluviam et genu lutum altum Solis pugnaverunt, domos e sub ingenti scopulo fodientes in investigatione desperata superstites...",2026-01-07 21:55:04+00:00
0e96dc77a94fd6577f45b25c3d501a58,2025-08-17T10:08:24Z,'floods',www.cbc.ca,en,0.0,"Pakistan expands flood rescue and relief efforts, warns about landslides","Rescue workers in northwestern Pakistan expanded relief operations Sunday after flash floods killed more than 220 people in a single district, officials said.",https://www.cbc.ca/news/world/pakistan-deadly-flash-floods-rescue-relief-1.7611077,https://i.cbc.ca/1.7608743.1755178415!/cpImage/httpImage/image.jpg_gen/derivatives/16x9_1180/india-kashmir-flash-floods.jpg?im=Resize%3D620,,"Rescue workers in northwestern Pakistan expanded relief operations Sunday after flash floods killed more than 220 people in a single district, officials said.
Buner, a mountainous district in Khyber… [+3286 chars]",,"Pakistan weitet seine Rettungs- und Hilfsmaßnahmen bei Überschwemmungen aus und warnt vor Erdrutschen. Rettungskräfte im Nordwesten Pakistans weiteten am Sonntag ihre Hilfseinsätze aus, nachdem Sturzfluten in einem einzigen Bezirk mehr als 220 Menschen getötet hatten, sagten Beamte.","Pakistan expands flood rescue and relief efforts, warns about landslides. Rescue workers in northwestern Pakistan expanded relief operations Sunday after flash floods killed more than 220 people in a single district, officials said.","Pakistan dilatat diluvium liberandum et nisus subsidio, de landslides monet. Opifices in Pakistania septentrionali operas subsidio dilatavit Die Dominico post diluvia inundationes plus quam 220 homines in una regione occiderunt, ministri dixerunt.",2026-01-07 21:55:04+00:00
d0f6de99fe10623100493e6f08c59d8f,2025-08-17T10:54:08Z,'floods',www.bbc.com,en,0.0,"More than 200 missing in flood-hit district in Pakistan, official says",Hundreds are reported missing in Khyber Pakhtunkhwa province as a result of devastating floods.,https://www.bbc.com/news/articles/c8jp3y04jeyo,https://ichef.bbci.co.uk/news/1024/branded_news/7619/live/5adf4170-7b56-11f0-9df1-3bb64a2c8214.jpg,https://web.archive.org/web/20250817121957/https://www.bbc.com/news/articles/c8jp3y04jeyo,"Usman Zahid &amp; George Wright
More than 200 people remain missing in one district of north-west Pakistan as a result of devastating monsoon flooding and landslides, an official has said. 
Flash f… [+2329 chars]",,Nach offiziellen Angaben werden mehr als 200 Personen im von Überschwemmungen betroffenen Bezirk in Pakistan vermisst. Hunderte werden in der Provinz Khyber Pakhtunkhwa infolge der verheerenden Überschwemmungen als vermisst gemeldet.,"More than 200 missing in flood-hit district in Pakistan, official says. Hundreds are reported missing in Khyber Pakhtunkhwa province as a result of devastating floods.","Plus quam 200 defuit in regione cataracta in Pakistan, officialis dicit. Centum nuntiaverunt in provincia Khyber Pakhtunkhwa absentis propter inundationes vastandas.",2026-01-07 21:55:04+00:00
267dbe24c8e63d86d8f0efd0b0d7f975,2025-08-17T11:59:33Z,'flooding',www.aljazeera.com,en,0.0,Flash flooding kills hundreds in northern Pakistan,More than 300 people have died in Pakistan after days of relentless monsoon rains triggered floods and landslides.,https://www.aljazeera.com/video/newsfeed/2025/8/17/flash-flooding-kills-hundreds-in-northern-pakistan,https://www.aljazeera.com/wp-content/uploads/2025/08/image-1755431944.jpg?resize=1920%2C1080&quality=80,,"NewsFeed
More than 300 people have died in Pakistan after days of relentless monsoon rains triggered floods and landslides. Rescue efforts are still underway as thousands remain stranded, as homes, … [+52 chars]",,"Bei Sturzfluten kommen im Norden Pakistans Hunderte Menschen ums Leben. Mehr als 300 Menschen sind in Pakistan gestorben, nachdem tagelang unerbittlicher Monsunregen Überschwemmungen und Erdrutsche ausgelöst hatte.",Flash flooding kills hundreds in northern Pakistan. More than 300 people have died in Pakistan after days of relentless monsoon rains triggered floods and landslides.,Flash inundatio centenas in Pakistania septentrionali necat. Plus quam trecenti homines in Pakistania mortui sunt post dies imbres crudeles ETESIAE inundationes et proruit.,2026-01-07 21:55:04+00:00
b9a54078dbba8a96f6267b893b1eb84f,2025-08-17T14:55:16Z,'flooding',www.aljazeera.com,en,0.0,"At least 337 killed in Pakistan floods, gov’t defends emergency response","Residents accuse officials of not warning them to evacuate as torrential rain, cloudbursts trigger deadly flooding.",https://www.aljazeera.com/news/2025/8/17/at-least-337-killed-in-pakistan-floods-govt-defends-emergency-response,https://www.aljazeera.com/wp-content/uploads/2025/08/2025-08-17T093207Z_1236102446_RC2S8GA9O85Y_RTRMADP_3_ASIA-WEATHER-PAKISTAN-RAIN-1755439774.jpg?resize=1920%2C1440,,"Climate change-induced flash floods have killed at least 337 people in northwestern Pakistan, according to the National Disaster Management Authority, while dozens remain missing after the area was h… [+3696 chars]",,"Mindestens 337 Tote bei Überschwemmungen in Pakistan, Regierung verteidigt Notfallmaßnahmen. Anwohner werfen den Beamten vor, sie nicht zur Evakuierung gewarnt zu haben, da sintflutartige Regenfälle und Wolkenbrüche tödliche Überschwemmungen auslösten.","At least 337 killed in Pakistan floods, gov’t defends emergency response. Residents accuse officials of not warning them to evacuate as torrential rain, cloudbursts trigger deadly flooding.","Saltem 337 in inundationibus Pakistani interfecti, responsum subitis praesidi defendit. Residentes magistratus accusant non monentes eos ut pluviae torrentiales evacuent, nebulones felis funestae inundationis.",2026-01-07 21:55:04+00:00
c2dc230722d8b17e2cfb438edcce0807,2025-08-17T22:05:44Z,'flooding death',www.abc.net.au,en,0.0,Pakistan defends flood response after hundreds killed,Pakistani authorities defend their response to devastating flooding across the country's north-western district as the death toll there surpasses 300.,https://www.abc.net.au/news/2025-08-18/pakistan-defends-flood-response-after-hundreds-killed/105665682,https://live-production.wcms.abc-cdn.net.au/3c8378c8c3d57e1dac655de01c1515e6?impolicy=wcms_watermark_news&cropH=2813&cropW=5000&xPos=0&yPos=158&width=862&height=485&imformat=generic,https://web.archive.org/web/20250817233708/https://www.abc.net.au/news/2025-08-18/pakistan-defends-flood-response-after-hundreds-killed/105665682,"Rescuers have recovered dozens more bodies from the rubble of collapsed homes in a north-western district of Pakistan, as authorities defended their response to the devastating flooding, saying they … [+5546 chars]",,"Pakistan verteidigt die Flutkatastrophe nach Hunderten Toten. Die pakistanischen Behörden verteidigen ihre Reaktion auf die verheerenden Überschwemmungen im Nordwesten des Landes, da die Zahl der Todesopfer dort 300 übersteigt.",Pakistan defends flood response after hundreds killed. Pakistani authorities defend their response to devastating flooding across the country's north-western district as the death toll there surpasses 300.,"Pakistan responsum diluvium defendit postquam centum interfecti sunt. Pakistani auctores responsionem suam defendunt ad inundationem per regionem septentrionalem-occidentalem vastandam, quod illic 300 portorium mortis superat.",2026-01-07 21:55:04+00:00
9479f313475c588da83cb305c887f4fa,2025-08-17T22:45:35Z,'flooding precipitation',rollingout.com,en,0.0,NYC floods hit 3 boroughs in dangerous weather alert,"New York City residents in three major boroughs are facing dangerous flooding conditions as the National Weather Service issued an urgent flood advisory Sunday evening. The alert, which became effective at 5:56 p.m., remains active until 7 p.m. for Brooklyn, …",https://rollingout.com/2025/08/17/nyc-floods-hit-boroughs-in-weather-alert/,https://rollingout.com/wp-content/uploads/2025/08/shutterstock_2624739081-scaled.jpg,,"New York City residents in three major boroughs are facing dangerous flooding conditions as the National Weather Service issued an urgent flood advisory Sunday evening. The alert, which became effect… [+4913 chars]",,"In New York City wurden drei Bezirke wegen gefährlichem Wetter von Überschwemmungen heimgesucht. Einwohner von New York City sind in drei großen Bezirken mit gefährlichen Überschwemmungen konfrontiert, da der Nationale Wetterdienst am Sonntagabend eine dringende Überschwemmungswarnung herausgab. Der Alarm, der um 17:56 Uhr in Kraft trat, bleibt bis 19:00 Uhr aktiv. für Brooklyn, …","NYC floods hit 3 boroughs in dangerous weather alert. New York City residents in three major boroughs are facing dangerous flooding conditions as the National Weather Service issued an urgent flood advisory Sunday evening. The alert, which became effective at 5:56 p.m., remains active until 7 p.m. for Brooklyn, …","NYC inundationes 3 burgorum periculosa tempestate intenti. Novi Eboraci in tribus maioribus burgis habitant periculosas condiciones inundationis spectantes, sicut servicium Tempestatis Nationalis urgente inundatio consultoriae dominicae vesperi edita est. Vigilans, quod efficax factus est 5:56 a.m., active manet usque ad VII a.m. pro Brooklyn, ...",2026-01-07 21:55:04+00:00
401bc4c394d6539678527f2531a50b16,2025-08-17T23:50:15Z,'flooding weather',www.abc.net.au,en,0.0,"From washed out to weathering on, stock losses cut deep in outback Queensland",It took mere days for a lifetime of work to wash away but graziers and outback communities are picking up the pieces months after devastating flooding.,https://www.abc.net.au/news/2025-08-18/outback-queensland-flood-recovery-continues/105636198,https://live-production.wcms.abc-cdn.net.au/c6957d155c9a8bc38336ae8ba985776f?impolicy=wcms_watermark_news&cropH=1152&cropW=2048&xPos=0&yPos=29&width=862&height=485&imformat=generic,,"It took just days for a lifetime of work to wash away as swollen rivers and creeks became an inland ocean across outback Queensland.
Readers are advised this story contains distressing content.
In … [+6680 chars]",,"Von der Auswaschung bis zur Verwitterung waren die Bestandsverluste im Outback von Queensland tiefgreifend. Es dauerte nur wenige Tage, bis die Arbeit eines Lebens weggeschwemmt war, aber Viehzüchter und Outback-Gemeinden sammeln die Trümmer Monate nach der verheerenden Überschwemmung auf.","From washed out to weathering on, stock losses cut deep in outback Queensland. It took mere days for a lifetime of work to wash away but graziers and outback communities are picking up the pieces months after devastating flooding.","Ab eluitur ad tempestatibus in, damna in outback Queensland profunde incisa copia. Nonnisi dies per vitam laboris ad abluendum sumpsit, sed pecuarii et extravagantes communitates menses frusta tulerunt postquam inundationem vastaverunt.",2026-01-07 21:55:04+00:00
3f27a900b1ec0e63ddf15cddaed85922,2025-08-18T01:54:57Z,'flooding',dailycaller.com,en,0.0,Mandatory Evacuation Ordered In North Carolina Due To Hurricane Erin,"A State of Emergency has been issued by the Hyde County Board of Commissioners for Ocracoke Island, North Carolina due to expected flooding from Hurricane Erin.",https://dailycaller.com/2025/08/17/mandatory-evacuation-north-carolina-hurricane-erin/,"https://images.dailycaller.com/image/width=1280,height=549,fit=cover,format=webp,f=auto/https://cdn01.dailycaller.com/wp-content/uploads/2025/08/GettyImages-2229969139-scaled-e1755481649402.jpg",,"A State of Emergency has been issued by the Hyde County Board of Commissioners for Ocracoke Island, North Carolina due to the expected flooding that will come from Hurricane Erin and the impacts that… [+1695 chars]",,"Aufgrund des Hurrikans Erin wurde in North Carolina eine obligatorische Evakuierung angeordnet. Aufgrund der erwarteten Überschwemmungen durch Hurrikan Erin hat das Hyde County Board of Commissioners für Ocracoke Island, North Carolina, den Ausnahmezustand verhängt.","Mandatory Evacuation Ordered In North Carolina Due To Hurricane Erin. A State of Emergency has been issued by the Hyde County Board of Commissioners for Ocracoke Island, North Carolina due to expected flooding from Hurricane Erin.","Amet Evacuatio iussit in Carolina Septentrionali Ob Ad Erin Procellae. Status Emergency ab Hyde Comitatus Tabula delegatorum pro Islandia Ocracoke, Carolina Septentrionali ob expectatam inundationem ab Erin Hurricane inundationem editam est.",2026-01-07 21:55:04+00:00
036ab30ff2acd40935da9982f8a0362b,2025-08-18T07:14:51Z,'floods',www.yahoo.com,en,0.0,Pakistan resumes rescue operations in flood-hit areas; death toll over 300,"PESHAWAR, Pakistan (Reuters) -Authorities in Pakistan resumed rescue and relief work on Monday in the country's northwest where flash floods have killed over...",https://www.yahoo.com/news/articles/pakistan-resumes-rescue-operations-flood-071451761.html,https://media.zenfs.com/en/reuters.com/0e017b72b181dee6f0ca112122be4e5d,,"PESHAWAR, Pakistan (Reuters) -Authorities in Pakistan resumed rescue and relief work on Monday in the country's northwest where flash floods have killed over 300 people after heavy rain forced them t… [+1828 chars]",,"Pakistan nimmt Rettungsaktionen in von Überschwemmungen betroffenen Gebieten wieder auf; Zahl der Todesopfer über 300. PESHAWAR, Pakistan (Reuters) – Die pakistanischen Behörden haben am Montag die Rettungs- und Hilfsarbeiten im Nordwesten des Landes wieder aufgenommen, wo Sturzfluten über...","Pakistan resumes rescue operations in flood-hit areas; death toll over 300. PESHAWAR, Pakistan (Reuters) -Authorities in Pakistan resumed rescue and relief work on Monday in the country's northwest where flash floods have killed over...","Pakistan repetit operationes in diluvio hitsare; portorium mortis super 300. PESHAWAR, Pakistan (Reuters) - Auctoritates in Pakistania recuperaverunt et laborem sublevaverunt die Lunae in chorum patriae, ubi diluvii mici super interfecerunt.",2026-01-07 21:55:04+00:00
6791d81c05ccd5cde29a8eb9da32b5c7,2025-08-18T08:45:00Z,'floods',grist.org,en,0.0,"After the Texas floods, when is the right time to ask what went wrong?","The rare window to ask tough questions opens after a disaster. Too often, it closes before accurate answers can emerge.",https://grist.org/extreme-weather/disaster-blame-accountability-texas-flood-responsible/,https://grist.org/wp-content/uploads/2025/08/Texas-legislature-building-flag.jpg?quality=75&strip=all,,"The finger-pointing began as soon as the waters started to recede. 
Within hours of last months floods in Kerr County, Texas, which killed more than 130 people, pundits were already battling over wh… [+13640 chars]",,"Wann ist nach den Überschwemmungen in Texas der richtige Zeitpunkt zu fragen, was schief gelaufen ist? Nach einer Katastrophe öffnet sich die seltene Zeit, schwierige Fragen zu stellen. Allzu oft wird es geschlossen, bevor genaue Antworten gefunden werden können.","After the Texas floods, when is the right time to ask what went wrong?. The rare window to ask tough questions opens after a disaster. Too often, it closes before accurate answers can emerge.","Post Texas inundationes, quando tempus est quaerere quid erravit ?. Rara fenestra est quaerere quaestiones lentas post calamitatem aperit. Saepius claudit antequam responsa accurata emergant.",2026-01-07 21:55:04+00:00
c277f66a55f70b9fc70377143d60dc77,2025-08-18T09:26:52Z,'flooding rain',www.globalsecurity.org,en,0.0,Death Toll Rises As Heavy Rains Devastate Northwestern Pakistan,"More than 340 people have been killed in northwestern Pakistan, where thousands of rescuers struggled through rain and mud following deadly landslides and flooding that buried villages.",https://www.globalsecurity.org/wmd/library/news/pakistan/2025/pakistan-250817-rferl01.htm,,,"By RFE/RL's Radio Mashaal August 17, 2025
<ul><li>The death toll in northwestern Pakistan has risen above 340, as thousands of rescuers struggle through rain and mud after deadly landslides and floo… [+3793 chars]",,"Die Zahl der Todesopfer steigt, da heftige Regenfälle den Nordwesten Pakistans verwüsten. Mehr als 340 Menschen wurden im Nordwesten Pakistans getötet, wo Tausende von Rettern durch Regen und Schlamm kämpften, nachdem tödliche Erdrutsche und Überschwemmungen Dörfer zerstörten.","Death Toll Rises As Heavy Rains Devastate Northwestern Pakistan. More than 340 people have been killed in northwestern Pakistan, where thousands of rescuers struggled through rain and mud following deadly landslides and flooding that buried villages.","Mors Toll surgit sicut pluviae graves vastant Northwestern Pakistan. Plus quam 340 homines in Pakistania septentrionali interempti sunt, ubi milia salvatorum per pluviam et lutum sequentes funestos proruit et inundationes villas sepultas contenderunt.",2026-01-07 21:55:04+00:00
e6bd43d5c2ceb847b3610e175a142348,2025-08-18T09:53:47Z,'floods',www.aljazeera.com,en,0.0,Hopes for survivors fade as Pakistan rescuers search for 150 still missing,Flash floods killed more than 344 people and destroyed hundreds of homes in northern Pakistan.,https://www.aljazeera.com/gallery/2025/8/18/hopes-for-survivors-fade-as-pakistan-rescuers-search-for-150-still-missing,https://www.aljazeera.com/wp-content/uploads/2025/08/AFP__20250817__69R39WE__v1__HighRes__PakistanEnvironmentClimateMonsoon-1755495525.jpg?resize=1920%2C1440,https://web.archive.org/web/20250818103517/https://www.aljazeera.com/gallery/2025/8/18/hopes-for-survivors-fade-as-pakistan-rescuers-search-for-150-still-missing,"Rescuers are looking for more than 150 people who were still missing on Monday in northwestern Pakistan, which was devastated by landslides and flash floods on Friday.
Torrential rains triggered the… [+2654 chars]",,"Die Hoffnung auf Überlebende schwindet, als pakistanische Retter nach 150 noch vermissten Personen suchen. Bei Sturzfluten kamen im Norden Pakistans mehr als 344 Menschen ums Leben und Hunderte Häuser wurden zerstört.",Hopes for survivors fade as Pakistan rescuers search for 150 still missing. Flash floods killed more than 344 people and destroyed hundreds of homes in northern Pakistan.,Sperat superstites consenescere sicut servatores Pakistani quaesitum CL adhuc defuit. Inundationes Flash plus quam 344 hominum necaverunt centenas domos in Pakistania septentrionali deleverunt.,2026-01-07 21:55:04+00:00
b95bfd72317164ffd7bd0aad35b0d108,2025-08-18T12:09:00Z,'flooding solidarity',abcnews.go.com,en,0.0,Monsoon floods in Pakistan kill over 350,"A deluge of rain triggered floods and landslides, officials said.",https://abcnews.go.com/International/350-killed-monsoon-flooding-pakistan-emergency-officials/story?id=124734745,https://i.abcnewsfe.com/a/9d53bfb6-4031-4280-9a99-110ee9729152/pakistan-main_1755513217036_hpMain_16x9.jpg?w=1600,https://web.archive.org/web/20250818123903/https://abcnews.go.com/International/350-killed-monsoon-flooding-pakistan-emergency-officials/story?id=124734745,"Over 350 people have died in a 72 hour period in Pakistan due to monsoon flooding, Pakistan's National Disaster Management Authority reported, bringing the total number of people killed to over 650 s… [+2469 chars]",,"Monsun-Überschwemmungen in Pakistan töten über 350 Menschen. Eine Regenflut löste Überschwemmungen und Erdrutsche aus, sagten Beamte.","Monsoon floods in Pakistan kill over 350. A deluge of rain triggered floods and landslides, officials said.",Inundationes Monsoon in Pakistania super 350 occidunt. Diluvium pluviae Urguet inundationes et proruit magistratus dixit.,2026-01-07 21:55:04+00:00
07b41a4bf86413f4d92358ece5d2f845,2025-08-18T12:57:06Z,'deluge',www.aljazeera.com,en,0.0,New Pakistan monsoon deluge kills 20 people: Local officials,Rains sweep away villages in worst-hit Khyber Pakhtunkhwa province as rescuers search for 150 missing people.,https://www.aljazeera.com/news/2025/8/18/new-pakistan-monsoon-deluge-kills-20-people-local-officials,https://www.aljazeera.com/wp-content/uploads/2025/08/WEBMAP_PAKISTAN_SWABI_1000x562-1755522962.jpg?resize=1200%2C675,,"At least 20 people have been killed when new monsoon rains caused flooding in northwestern Pakistan, local officials say, as the region is ravaged by an unusually intense and deadly monsoon season.
… [+665 chars]",,"Neue Monsunflut in Pakistan tötet 20 Menschen: Lokale Beamte. Regenfälle fegen Dörfer in der am stärksten betroffenen Provinz Khyber Pakhtunkhwa hinweg, während Retter nach 150 vermissten Menschen suchen.",New Pakistan monsoon deluge kills 20 people: Local officials. Rains sweep away villages in worst-hit Khyber Pakhtunkhwa province as rescuers search for 150 missing people.,Novi Pakistani diluvium monsoon necat 20 homines: officiales locales. Pluviis villas everrit in provincia pessimo Khyber Pakhtunkhwa quam servatores quaerunt 150 homines absentis.,2026-01-07 21:55:04+00:00
9fd684d916626b22d6336e934f49b38a,2025-08-18T12:57:19Z,'flooding evacuation',www.newsweek.com,en,0.0,Hurricane Erin Tracker Live Updates: Category 4 Storm Triggers Evacuation in North Carolina,Hurricane Erin prompts evacuations of Hatteras and Ocracoke Islands as NC braces for life-threatening coastal flooding. Follow Newsweek's live blog.,https://www.newsweek.com/hurricane-erin-2025-path-evacuation-tracker-live-updates-2114993,https://d.newsweek.com/en/full/2704460/hurricane-erin.jpg,,"Hurricane Erin intensified back to a Category 4 storm Sunday night, prompting a mandatory evacuation of Hatteras Island in North Carolina. Though the storm is not expected to make landfall, its expan… [+2736 chars]",,"Hurrikan Erin Tracker Live-Updates: Sturm der Kategorie 4 löst Evakuierung in North Carolina aus. Hurrikan Erin führt zur Evakuierung der Hatteras- und Ocracoke-Inseln, während North Carolina sich auf lebensbedrohliche Überschwemmungen an der Küste vorbereitet. Folgen Sie dem Live-Blog von Newsweek.",Hurricane Erin Tracker Live Updates: Category 4 Storm Triggers Evacuation in North Carolina. Hurricane Erin prompts evacuations of Hatteras and Ocracoke Islands as NC braces for life-threatening coastal flooding. Follow Newsweek's live blog.,Procellae Erin Tracker Live Updates: Categoria 4 Tempestas Triggers Evacuatio in Carolina Septentrionali. Procellae Erin suasit evacuationes Hatteras et Insularum Ocracokarum ut NC adstringit ad inundationem maritimam minandam. Sequere Blog vivam Newsweek.,2026-01-07 21:55:04+00:00
6be4a0f1c28fa89b8c387c1bdad69fa8,2025-08-18T13:16:11Z,'flooding storm',www.livescience.com,en,0.0,"Hurricane Erin could unleash 100-foot waves across the East Coast this week, forecasters warn","Forecasters expect Hurricane Erin, one of the fastest rapidly intensifying storms in history, to bring flooding and dangerous currents as the Category 4 hurricane travels to the U.S. East Coast this week.",https://www.livescience.com/planet-earth/hurricanes/hurricane-erin-could-unleash-100-foot-waves-across-the-east-coast-this-week-forecasters-warn,https://cdn.mos.cms.futurecdn.net/HkSoaZxsPdhmDDwT46Praf.png,,"Coastal flooding and life-threatening rip currents are expected as Hurricane Erin barrels towards the East Coast this week, and the powerful storm has the potential to unleash 100-foot (30 meter) wav… [+4069 chars]",,"Meteorologen warnen, dass Hurrikan Erin diese Woche 100 Fuß hohe Wellen an der Ostküste auslösen könnte. Meteorologen erwarten, dass Hurrikan Erin, einer der sich am schnellsten verstärkenden Stürme in der Geschichte, Überschwemmungen und gefährliche Strömungen mit sich bringt, wenn der Hurrikan der Kategorie 4 diese Woche die Ostküste der USA erreicht.","Hurricane Erin could unleash 100-foot waves across the East Coast this week, forecasters warn. Forecasters expect Hurricane Erin, one of the fastest rapidly intensifying storms in history, to bring flooding and dangerous currents as the Category 4 hurricane travels to the U.S. East Coast this week.","Procellae Erin undas 100 pedestres per Orientem oram inundare potuit hac septimana, forecasters monent. Vates exspectes Procellae Erin, unus e celerrimis tempestatibus in historia cursim augendis, ut inundationes et periculosas excursus sicut Categoria 4 procellarum itinera ad US Oriens hac septimana perducant.",2026-01-07 21:55:04+00:00
cc32c40221805c66146bbd0a8b8dbc43,2025-08-18T14:58:53Z,'flooding solidarity',press.un.org,en,0.0,"Expressing Deep Sorrow over Deadly Flooding in India, Pakistan, Secretary-General Says UN Country Teams Poised to Provide Necessary Assistance to Governments",The following statement was issued today by the Spokesman for UN Secretary-General António Guterres:,https://press.un.org/en/2025/sgsm22765.doc.htm,,https://web.archive.org/web/20250819034907/https://press.un.org/en/2025/sgsm22765.doc.htm,"The following statement was issued today by the Spokesman for UN Secretary-General António Guterres:
The Secretary-General expresses his deep sorrow at the lives tragically lost due to the recent fl… [+337 chars]",,"Der Generalsekretär drückt seine tiefe Trauer über die tödlichen Überschwemmungen in Indien und Pakistan aus und sagt, dass UN-Länderteams bereit sind, den Regierungen die notwendige Hilfe zu leisten. Der Sprecher von UN-Generalsekretär António Guterres gab heute folgende Erklärung ab:","Expressing Deep Sorrow over Deadly Flooding in India, Pakistan, Secretary-General Says UN Country Teams Poised to Provide Necessary Assistance to Governments. The following statement was issued today by the Spokesman for UN Secretary-General António Guterres:","Gravis dolor exprimens super Inundationem in India, Pakistan, Secretarius Generalis dicit IR patriae Teams Infixus ad auxilium praebere Gubernatoribus necessaria. Haec propositio hodie a Oratore pro UN Secretario-Generali Antonio Guterres edita est:",2026-01-07 21:55:04+00:00
e6a572f86a6213bc8c73d5453a59837f,2025-08-18T17:02:35Z,'flooding evacuation',www.bostonherald.com,en,0.0,Over 150 people are still missing after devastating flooding in northwest Pakistan,"A changing climate has made northern Pakistan’s mountainous areas more vulnerable to sudden, heavy rains.",https://www.bostonherald.com/2025/08/18/pakistan-floods-missing/,https://www.bostonherald.com/wp-content/uploads/2025/08/Pakistan_Floods_23225-1.jpg?w=1024&h=682,,"By RIAZ KHAN
PESHAWAR, Pakistan (AP) Anguished Pakistanis searched remote areas for bodies swept away by weekend flash floods as the death toll reached 277 on Monday, while one official replied to t… [+4047 chars]",,"Nach den verheerenden Überschwemmungen im Nordwesten Pakistans werden immer noch über 150 Menschen vermisst. Ein sich änderndes Klima hat die Berggebiete im Norden Pakistans anfälliger für plötzliche, starke Regenfälle gemacht.","Over 150 people are still missing after devastating flooding in northwest Pakistan. A changing climate has made northern Pakistan’s mountainous areas more vulnerable to sudden, heavy rains.","Plus 150 homines adhuc desunt postquam inundationem in Pakistania chorum vastant. Loca mutanda in Pakistania septentrionalis regiones montuosas magis vulnerabiles subito, gravibus pluviis fecit.",2026-01-07 21:55:04+00:00
fd37528633d0a7354858214bbed785c7,2025-08-18T17:04:23Z,'flooding',www.cbsnews.com,en,0.0,"Sinaloa cartel leader ""El Mayo"" set to plead guilty in U.S.","Ismael ""El Mayo"" Zambada is accused of ordering torture, plotting murders and flooding the U.S. with cocaine, heroin and other illicit drugs.",https://www.cbsnews.com/news/sinaloa-cartel-leader-ismael-el-mayo-zambada-to-plead-guilty-us/,https://assets3.cbsnewsstatic.com/hub/i/r/2025/01/15/c77ad1da-19ad-4ced-93f3-177d3fed0a5f/thumbnail/1200x630/c72693a364270327988cecf5c52748ea/2025-01-15t165900z-576836223-rc2gacags2no-rtrmadp-3-usa-mexico-drugs-zambada.jpg,,"Former Mexican cartel kingpin Ismael ""El Mayo"" Zambada is set to plead guilty next week in a drug trafficking case that accuses him of ordering torture, plotting murders and flooding the U.S. with co… [+4002 chars]",,"Sinaloa-Kartellführer „El Mayo“ will sich in den USA schuldig bekennen. Ismael „El Mayo“ Zambada wird beschuldigt, Folter angeordnet, Morde geplant und die USA mit Kokain, Heroin und anderen illegalen Drogen überschwemmt zu haben.","Sinaloa cartel leader ""El Mayo"" set to plead guilty in U.S.. Ismael ""El Mayo"" Zambada is accused of ordering torture, plotting murders and flooding the U.S. with cocaine, heroin and other illicit drugs.","Sinaloa cartel dux ""El Mayo"" posuit ad causam dicendam in US Ismael ""El Mayo"" Zambada accusatur de tormentis iubendis, machinandis homicidiis et inundatione Americae cum cocaino, heroine aliisque medicamentis illicitis.",2026-01-07 21:55:04+00:00
358272b975864a17fa4585ff8ceb4bb4,2025-08-18T17:41:16Z,'flooding storm',economictimes.indiatimes.com,en,0.0,Hurricane Erin now roaring dangerously — 100-foot wave threat looms over US; East Coast in peril,"Hurricane Erin, now a Category 4 storm, is barreling through the Atlantic, generating life-threatening surf and rip currents along the U.S. East Coast. While landfall is not expected, North Carolina’s Outer Banks brace for high waves, coastal flooding, and ma…",https://economictimes.indiatimes.com/news/international/us/hurricane-erin-now-roaring-dangerously-100-foot-wave-threat-looms-over-us-east-coast-in-peril/articleshow/123369847.cms,"https://img.etimg.com/thumb/msid-123369848,width-1200,height-630,imgsize-307946,overlay-economictimes/articleshow.jpg",,"Hurricane Erin, a powerful Category 4 storm with 130 mph winds, is churning in the Atlantic and threatening the Outer Banks of North Carolina. While it is expected to stay offshore, Erin is creating … [+5509 chars]",,"Hurrikan Erin tobt jetzt gefährlich – über den USA droht eine 100 Fuß hohe Welle; Ostküste in Gefahr. Hurrikan Erin, jetzt ein Sturm der Kategorie 4, fegt durch den Atlantik und erzeugt lebensgefährliche Brandungs- und Strömungen entlang der Ostküste der USA. Obwohl kein Anlanden zu erwarten ist, bereiten sich die Outer Banks in North Carolina auf hohe Wellen, Überschwemmungen an der Küste und …","Hurricane Erin now roaring dangerously — 100-foot wave threat looms over US; East Coast in peril. Hurricane Erin, now a Category 4 storm, is barreling through the Atlantic, generating life-threatening surf and rip currents along the U.S. East Coast. While landfall is not expected, North Carolina’s Outer Banks brace for high waves, coastal flooding, and ma…","Procellae Erin nunc periculose rugiens — 100 pedum minae imminet US; Oriens periclitatur. Procellae Erin, nunc Categoria 4 tempestas, per Atlanticum doliolum est, salo minaces vitae generans et flumina rip in Americae Orientalis Coast. Dum landfall non expectatur, in inundatione maritima et ma…",2026-01-07 21:55:04+00:00
4827fab2a9d939cb47c0426759ef73d0,2025-08-18T18:28:57Z,'flooding rain',biztoc.com,en,0.0,"As War in Ukraine Rages On, Investors Are Flooding Into a Stock Called KYIV",,https://biztoc.com/x/5b2757926d2e07ea,https://biztoc.com/cdn/5b2757926d2e07ea_s.webp,,"{ window.open(this.href, '_blank'); }, 200); return false;""&gt;Why is the Air Canada strike continuing? { window.open(this.href, '_blank'); }, 200); return false;""&gt;How will Powells Jackson Hole sp… [+687 chars]",,"Während der Krieg in der Ukraine weiter tobt, strömen Investoren in eine Aktie namens KYIV. Nan","As War in Ukraine Rages On, Investors Are Flooding Into a Stock Called KYIV. nan","Cum Bellum in Ucraina saevit, Investors inundant in stipitem vocatum KYIV. nan",2026-01-07 21:55:04+00:00
06f1fa0c906068b56e2ac65e4b52b618,2025-08-18T18:30:27Z,'flooding',statetimes.in,en,0.0,Rain pounds Jammu region causing extensive damage; 2 persons washed away,"JAMMU: Heavy rains triggered flash floods and landslides at several places in the Jammu region on Monday, damaging multiple structures and roads, while two persons, including a minor, were washed away in the gushing torrent in the Rajouri-Poonch belt. Over a …",https://statetimes.in/rain-pounds-jammu-region-causing-extensive-damage-2-persons-washed-away/,https://statetimes.in/wp-content/uploads/2025/08/Rain-pounds-Jammu-region-causing-extensive-damage-2-persons-washed-away.jpg,https://web.archive.org/web/20250820102208/https://statetimes.in/rain-pounds-jammu-region-causing-extensive-damage-2-persons-washed-away/,"JAMMU: Heavy rains triggered flash floods and landslides at several places in the Jammu region on Monday, damaging multiple structures and roads, while two persons, including a minor, were washed awa… [+3935 chars]",,"Regen erschüttert Region Jammu und verursacht große Schäden; 2 Personen weggespült. JAMMU: Heftige Regenfälle lösten am Montag an mehreren Orten in der Region Jammu Sturzfluten und Erdrutsche aus, die mehrere Gebäude und Straßen beschädigten, während zwei Personen, darunter ein Minderjähriger, in der sprudelnden Flut im Rajouri-Poonch-Gürtel weggeschwemmt wurden. Über einen …","Rain pounds Jammu region causing extensive damage; 2 persons washed away. JAMMU: Heavy rains triggered flash floods and landslides at several places in the Jammu region on Monday, damaging multiple structures and roads, while two persons, including a minor, were washed away in the gushing torrent in the Rajouri-Poonch belt. Over a …","Pluviae librae Jammu regioni grave damnum faciebant; 2 abluit. JAMMU: Imbres graves urguent diluvia et proruit pluribus locis in regione Jammu die Lunae, multae structurae et viae damnosae, cum duae personae, minor inclusae, in torrente in cingulo Rajouri-Poonch salientes abluebantur. Plus a ...",2026-01-07 21:55:04+00:00
b6e922ab7933dd841ae3e005bf5d5260,2025-08-18T18:47:03Z,'flooding',people.com,en,0.0,Over 350 Dead in Less Than a Week as Monsoon Flooding Continues to Ravage Communities: 'Everybody Is Scared',More than 600 people have been killed across Pakistan since late June as the nation's deadly monsoon season rolls on,https://people.com/over-350-dead-in-less-than-week-as-monsoon-flooding-continues-in-pakistan-11792843,https://s.yimg.com/ny/api/res/1.2/aWehqWXbtoOv2rsvZRpW1A--/YXBwaWQ9aGlnaGxhbmRlcjt3PTEyMDA7aD04MDA7Y2Y9d2VicA--/https://media.zenfs.com/en/people_218/58e491aaa3b9f2e80aff1861a91aca84,,"NEED TO KNOW
<ul><li>In the last four days, about 360 people have died across Pakistan from monsoon flooding, officials said
</li><li>""Everybody is scared,"" one resident said
</li><li>""My heartfel… [+2294 chars]",,"Über 350 Tote in weniger als einer Woche, während Monsun-Überschwemmungen weiterhin Gemeinden verwüsten: „Jeder hat Angst“. Seit Ende Juni sind in ganz Pakistan mehr als 600 Menschen getötet worden, während die tödliche Monsunzeit im Land voranschreitet",Over 350 Dead in Less Than a Week as Monsoon Flooding Continues to Ravage Communities: 'Everybody Is Scared'. More than 600 people have been killed across Pakistan since late June as the nation's deadly monsoon season rolls on,Plus 350 Mortuus in minus quam in Hebdomada sicut Monsoon Inundatio pergit ad depopulandos Communitates: 'Omnes terrentur'. Plus quam 600 homines trans Pakistania interfecti sunt ex quo nuper Iunius cum pestifera temporis nationis ETESIA volvitur,2026-01-07 21:55:04+00:00
5dbdd67f69336066460c08ab3a34bf21,2025-08-18T19:15:52Z,'flooding',www.marca.com,en,0.0,Olivia Dunne sparks envy as she shows off a lifestyle filled with bikinis and endless vacations,"No doubt about it-Olivia Dunne is living her best life, and she isn&apos;t shy about sharing it. Livvy, as fans know her, is never short of content, constantly flooding her feed wi",https://www.marca.com/en/ncaa/2025/08/18/68a37a3946163f71448b45a3.html,https://phantom-marca.uecdn.es/24a8772097ea3301bcdee09ca2f593da/crop/0x0/1978x1318/resize/1200/f/webp/assets/multimedia/imagenes/2025/08/18/17555443945330.jpg,,"No doubt about it-Olivia Dunneis living her best life, and she isn't shy about sharing it. Livvy, as fans know her, is never short of content, constantly flooding her feed with glimpses of a lifestyl… [+3060 chars]",,"Olivia Dunne weckt Neid, als sie einen Lebensstil voller Bikinis und endloser Urlaube präsentiert. Daran besteht kein Zweifel – Olivia Dunne lebt ihr bestes Leben und scheut sich nicht, es zu teilen. Livvy, wie die Fans sie nennen, mangelt es nie an Inhalten und überschwemmt ihren Feed ständig mit Inhalten","Olivia Dunne sparks envy as she shows off a lifestyle filled with bikinis and endless vacations. No doubt about it-Olivia Dunne is living her best life, and she isn&apos;t shy about sharing it. Livvy, as fans know her, is never short of content, constantly flooding her feed wi","Olivia Dunne scintillas invidet sicut se ostendit in vita bikinis repleta et sine fine feriarum. Non dubium est de eo-Olivia Dunne optimam vitam suam vivere, et ipsa est & apos;t de communicando timidus. Livvy, ut alit artes, nunquam desit contentus, assidue inundans pascit wi .",2026-01-07 21:55:04+00:00
06a6e4452c7ba2bebf00232e3172f298,2025-08-18T19:20:22Z,'flooding',economictimes.indiatimes.com,en,0.0,"Severe Thunderstorm Watch Chicago: Authorities ask residents to ‘save water’. Here’s why, counties list, what to expect, what advisory says, weather forecast","Severe thunderstorm watch is in effect for Chicago and nearby counties until 6 p.m. Damaging winds, flooding, tornado risk, and hail are possible. Authorities advise residents to conserve water and prepare for flooding.",https://economictimes.indiatimes.com/news/international/us/severe-thunderstorm-watch-chicago-flooding-tornado-risk-damaging-winds-hail-national-weather-service-storm-alert-cook-county-water-conservation/articleshow/123372478.cms,"https://img.etimg.com/thumb/msid-123372506,width-1200,height-630,imgsize-59003,overlay-economictimes/articleshow.jpg",,"Severe thunderstorm watch has been issued for Chicago and surrounding counties until 6 p.m. on Monday. The National Weather Service warned of damaging winds, tornado risk, hail, and flooding. Authori… [+3689 chars]",,"Severe Thunderstorm Watch Chicago: Behörden fordern Anwohner auf, „Wasser zu sparen“. Hier erfahren Sie, warum, eine Liste der Landkreise, was Sie erwartet, was in den Empfehlungen steht und wie die Wettervorhersage ausfällt. Für Chicago und die umliegenden Landkreise gilt bis 18:00 Uhr eine schwere Gewitterwarnung. Verheerende Winde, Überschwemmungen, Tornadogefahr und Hagel sind möglich. Die Behörden raten den Bewohnern, Wasser zu sparen und sich auf Überschwemmungen vorzubereiten.","Severe Thunderstorm Watch Chicago: Authorities ask residents to ‘save water’. Here’s why, counties list, what to expect, what advisory says, weather forecast. Severe thunderstorm watch is in effect for Chicago and nearby counties until 6 p.m. Damaging winds, flooding, tornado risk, and hail are possible. Authorities advise residents to conserve water and prepare for flooding.","Gravis procellae Watch Chicago: Auctoritates rogant incolas ut aquam salvam habeant. Hic est cur, comitatuum catalogus, quid exspectes, quid consultorium dixerit, tempestas praenuntiet. Gravis excubias tonitribusque viget pro Chicago et vicinis comitatuum usque ad VI a.m. Ventorum perniciosi, inundatio, turbo periculum, grando possibilia sunt. Auctoritates monent incolas ad aquam conservandam et ad inundationem praeparandam.",2026-01-07 21:55:04+00:00
d7641b224382f0708a9ba4dcb6a52b80,2025-08-18T19:45:50Z,'flooding',www.aljazeera.com,en,0.0,Deadly flooding wipes out villages in northwestern Pakistan,A new wave of flooding has swept through villages in Pakistan’s Khyber Pakhtunkhwa province.,https://www.aljazeera.com/video/newsfeed/2025/8/18/deadly-flooding-wipes-out-villages-in-northwestern-pakistan,https://www.aljazeera.com/wp-content/uploads/2025/08/image-1755546211.jpg?resize=1920%2C1080&quality=80,https://web.archive.org/web/20250820101633/https://www.aljazeera.com/video/newsfeed/2025/8/18/deadly-flooding-wipes-out-villages-in-northwestern-pakistan,"NewsFeed
A new wave of flooding has swept through villages in Pakistans Khyber Pakhtunkhwa province. Officials say at least 20 people were killed when fresh monsoon rains added to the ongoing flood … [+23 chars]",,Tödliche Überschwemmungen zerstören Dörfer im Nordwesten Pakistans. Eine neue Überschwemmungswelle hat Dörfer in der pakistanischen Provinz Khyber Pakhtunkhwa erfasst.,Deadly flooding wipes out villages in northwestern Pakistan. A new wave of flooding has swept through villages in Pakistan’s Khyber Pakhtunkhwa province.,Funesta inundatio villas in Pakistania septentrionalis delet. Novus fluctus inundationis per vicos Khyber Pakhtunkhwa in provincia Pakistan rapuit.,2026-01-07 21:55:04+00:00
e97998e2ab88e8402239e50c0d6ba8ec,2025-08-18T21:11:01Z,'flooding',timesofindia.indiatimes.com,en,0.0,"500mm in 84 hrs: 2 dead, 1 missing in Mumbai rain","Mumbai and surrounding areas faced severe disruption due to 500 mm of torrential rain over 84 hours, prompting a red alert and school closures. The heavy downpour led to two deaths, widespread flooding, and significant transportation delays, impacting rail, r…",https://timesofindia.indiatimes.com/india/500mm-in-84-hrs-2-dead-1-missing-in-mumbai-rain/articleshow/123373093.cms,"https://static.toiimg.com/thumb/msid-123373098,width-1070,height-580,imgsize-68220,resizemode-75,overlay-toi_sw,pt-32,y_pad-40/photo.jpg",,Fun facts about the Param Sundari actor Sidharth Malhotra,,"500 mm in 84 Stunden: 2 Tote, 1 Vermisster im Regen in Mumbai. In Mumbai und den umliegenden Gebieten kam es aufgrund von 500 mm sintflutartigen Regenfällen innerhalb von 84 Stunden zu erheblichen Störungen, was zu Alarmstufe Rot und Schulschließungen führte. Der heftige Regenguss führte zu zwei Todesopfern, großflächigen Überschwemmungen und erheblichen Transportverzögerungen, die sich auf die Bahn- und Eisenbahnstrecken auswirkten.","500mm in 84 hrs: 2 dead, 1 missing in Mumbai rain. Mumbai and surrounding areas faced severe disruption due to 500 mm of torrential rain over 84 hours, prompting a red alert and school closures. The heavy downpour led to two deaths, widespread flooding, and significant transportation delays, impacting rail, r…","500mm in 84 hrs: 2 mortuus, 1 deest in Mumbai pluvia. Mumbai et locis circumiacentibus gravibus turbationis obversis ob 500 mm pluviarum torrentium super 84 horas excitat, intenti et scholae commissuras rubras impellens. Gravis imber ducitur ad duas mortes, inundationem diffusa, et moras significativae translationis, incussus rail, r…",2026-01-07 21:55:04+00:00
bcb078afe14091c0a4a2a0dec050b4cd,2025-08-19T00:20:00Z,'floods',consent.yahoo.com,en,0.0,"State left reeling as flash floods submerge homes and cars, killing at least 3: 'Exercise extreme caution'",,https://consent.yahoo.com/v2/collectConsent?sessionId=1_cc-session_ac6dd5e7-82c5-456e-9519-a16d615b683b,,,"If you click 'Accept all', we and our partners, including 236 who are part of the IAB Transparency &amp; Consent Framework, will also store and/or access information on a device (in other words, use … [+714 chars]",,"Der Staat ist ins Wanken geraten, als Sturzfluten Häuser und Autos überschwemmen und mindestens drei Menschen töten: „Seien Sie äußerste Vorsicht geboten.“ Nan","State left reeling as flash floods submerge homes and cars, killing at least 3: 'Exercise extreme caution'. nan","Res publica vacillantis reliquit ut domos et carros fulgura submergant, occidunt saltem 3: 'Exercitatio summa cautela'. nan",2026-01-07 21:55:04+00:00
945a81f49d772a145eb5a8a95308933a,2025-08-19T00:41:07Z,'floods',www.bbc.com,en,0.0,Watch: Destruction in Pakistan after flash floods that have killed hundreds,"The majority of fatalities were recorded in the northwest Buner district, where at least 200 people were killed.",https://www.bbc.com/news/videos/c707kjpxry8o,https://ichef.bbci.co.uk/news/1024/branded_news/cf03/live/038f4390-7c94-11f0-83cc-c5da98c419b8.jpg,http://archive.md/20250819195441/https://www.bbc.com/news/videos/c707kjpxry8o,"Flash floods in northwest Pakistan have destroyed homes, swept away vehicles and left widespread destruction.
At least 314 people have been killed in flooding since Friday, with the majority of fata… [+186 chars]",,"Anschauen: Zerstörung in Pakistan nach Sturzfluten, bei denen Hunderte Menschen ums Leben kamen. Die meisten Todesopfer wurden im nordwestlichen Bezirk Buner verzeichnet, wo mindestens 200 Menschen getötet wurden.","Watch: Destruction in Pakistan after flash floods that have killed hundreds. The majority of fatalities were recorded in the northwest Buner district, where at least 200 people were killed.","Vide: Contritio in Pakistan post diluvia mico qui centum occiderunt. Maior pars caedes in regione Buner septentrionali scripta est, ubi saltem 200 homines occisi sunt.",2026-01-07 21:55:04+00:00
448c1be5e51bb8ad534d722017205367,2025-08-19T02:54:06Z,'flooding damage',wgntv.com,en,0.0,Cary declares state of emergency across northwest suburban village following powerful storms,"The Village of Cary declared a state of emergency after heavy rains and strong winds caused widespread flooding, tree damage, and power outages, resulting in...",https://wgntv.com/news/northwest-suburbs/cary-declares-state-of-emergency-across-northwest-suburban-village-following-powerful-storms/,https://media.zenfs.com/en/wgn_chicago_articles_646/65519e6ee403d94c62b427e2daaec4df,,"CARY, Ill. (WGN) The Village of Cary in the northwest suburbs declared a state of emergency Monday after its fire department responded to dozens of storm-related calls over the weekend, but heavy rai… [+1486 chars]",,"Cary ruft nach heftigen Stürmen den Ausnahmezustand für ein nordwestliches Vorstadtdorf aus. Das Dorf Cary rief den Ausnahmezustand aus, nachdem heftige Regenfälle und starke Winde weitreichende Überschwemmungen, Baumschäden und Stromausfälle verursachten, was zu...","Cary declares state of emergency across northwest suburban village following powerful storms. The Village of Cary declared a state of emergency after heavy rains and strong winds caused widespread flooding, tree damage, and power outages, resulting in...","Cary declarat statum tumultus per chorum in suburbano vico sequenti tempestates validas. Villa Cary statum necessitatis declaravit post imbribus gravibus et ventis validis inundationem, lignum damnum, vim outages, ex in...",2026-01-07 21:55:04+00:00
42016f9df47a0babcbbed74b0edfd50b,2025-08-19T04:54:58Z,'floods',www.globalsecurity.org,en,0.0,"World News in Brief: Gaza aid crisis latest, deadly floods in India and Pakistan, funding cuts exacerbate Somalia drought",UN aid teams in Gaza say that they're only able to get less than half the lifesaving food support that is needed into the war-torn enclave.,https://www.globalsecurity.org/military/library/news/2025/08/mil-250818-unnews02.htm,,,"18 August 2025 - UN aid teams in Gaza say that they're only able to get less than half the lifesaving food support that is needed into the war-torn enclave.
In an alert from the World Food Programme… [+4726 chars]",,"Weltnachrichten in Kürze: Jüngste Hilfskrise im Gazastreifen, tödliche Überschwemmungen in Indien und Pakistan, Finanzierungskürzungen verschärfen die Dürre in Somalia. UN-Hilfsteams in Gaza geben an, dass sie nur weniger als die Hälfte der benötigten lebensrettenden Nahrungsmittel in die vom Krieg zerrüttete Enklave bringen können.","World News in Brief: Gaza aid crisis latest, deadly floods in India and Pakistan, funding cuts exacerbate Somalia drought. UN aid teams in Gaza say that they're only able to get less than half the lifesaving food support that is needed into the war-torn enclave.","World News in Brief: Gaza subsidia discriminis tardus, inundationes mortiferae in India et Pakistania, sumptu Somalia sitim exacerbat. IR subsidia iunctorum Gazae dicunt se tantum posse minus quam dimidium cibi vitalis subsidii quae in clavo belli erepto opus est.",2026-01-07 21:55:04+00:00
9b764bfb8e7e77577caef8ff5d9c4e3d,2025-08-19T07:53:46Z,'floods',www.aljazeera.com,en,0.0,Pakistan floods and cloudbursts visualised in maps and satellite images,Heavier than usual rains and sudden cloudbursts during this monsoon season kill more than 300 people in recent days.,https://www.aljazeera.com/news/2025/8/19/pakistan-floods-and-cloudbursts-visualised-in-maps-and-satellite-images,https://www.aljazeera.com/wp-content/uploads/2025/08/AFP__20250817__69R42CQ__v1__HighRes__PakistanEnvironmentClimateMonsoon-1755495576.jpg?resize=1920%2C1440,,"More than 100 people remain missing in northern Pakistan after flash floods have killed at least 360 across the country and Pakistan-administered Kashmir since Friday.
Most of the victims have been … [+4689 chars]",,"Überschwemmungen und Wolkenbrüche in Pakistan, visualisiert in Karten und Satellitenbildern. Stärkere Regenfälle als üblich und plötzliche Wolkenbrüche während dieser Monsunzeit haben in den letzten Tagen mehr als 300 Menschen das Leben gekostet.",Pakistan floods and cloudbursts visualised in maps and satellite images. Heavier than usual rains and sudden cloudbursts during this monsoon season kill more than 300 people in recent days.,Pakistan inundationes et nubes in mappis et imaginibus satellitum subjiciuntur. Imbres solito graviores et nimbi repentini in hoc ETESIA tempore plus quam trecenti homines proximis diebus occidunt.,2026-01-07 21:55:04+00:00
b53ee7c8e3c385165ca9414348c03a03,2025-08-19T09:38:20Z,'deluge',www.insurancejournal.com,en,0.0,Mumbai Drenched by More Rain as Highest Alert Issued for City,"Mumbai is facing more heavy rain after a deluge that’s delayed flights, disrupted train services and closed schools, with India’s weather agency issuing its highest warning for the financial hub. Intense rain spells and wind gusts as high as 65 …",https://www.insurancejournal.com/news/international/2025/08/19/836187.htm,https://www.insurancejournal.com/img/social/opengraph/ij-social-default-1200x630.png,,"Mumbai is facing more heavy rain after a deluge that’s delayed flights, disrupted train services and closed schools, with India’s weather agency issuing its highest warning for the financial hub.
In… [+1604 chars]",,"Mumbai wird von mehr Regen durchnässt, was die höchste für die Stadt ausgegebene Warnung darstellt. Mumbai sieht sich nach einer Überschwemmung, die zu verspäteten Flügen, Störungen des Zugverkehrs und geschlossenen Schulen geführt hat, mit weiteren starken Regenfällen konfrontiert, wobei die indische Wetterbehörde ihre höchste Warnung für das Finanzzentrum herausgibt. Heftige Regenfälle und Windböen von bis zu 65 Grad …","Mumbai Drenched by More Rain as Highest Alert Issued for City. Mumbai is facing more heavy rain after a deluge that’s delayed flights, disrupted train services and closed schools, with India’s weather agency issuing its highest warning for the financial hub. Intense rain spells and wind gusts as high as 65 …","Mumbai madefactus Magis Nubila sicut altissimum erecti Datum in urbe. Mumbai pluviam graviorem respicit post diluvium quod volatus moratus est, officia traminis disrupit et scholas clausit, cum propellente tempestatum Indiae summo suo monitu pro centrum oeconomico fiebant. Imbribus carminibus vehemens et venti procellae usque ad 65 ...",2026-01-07 21:55:04+00:00
b9a1b3531613d3ce61de629c0c2f2019,2025-08-19T10:03:00Z,'floods',www.dw.com,en,0.0,How wetlands help cities fight floods in Belgium,"From Antwerp to Mechelen, restored wetlands act like giant sponges — soaking up stormwater and easing drought. How the plan works, how residents got on board, and what's still missing.",https://www.dw.com/en/how-wetlands-help-cities-fight-floods-in-belgium/a-73612744,https://static.dw.com/image/73605912_6.jpg,,"When heavy rain falls on Sandra Busselot's steep street in Mechelen, northern Belgium, torrents of water rush toward her front door. Twice in recent years, the water has risen to the threshold  once … [+6610 chars]",,"Wie Feuchtgebiete Städten in Belgien beim Kampf gegen Überschwemmungen helfen. Von Antwerpen bis Mechelen wirken wiederhergestellte Feuchtgebiete wie riesige Schwämme – sie saugen Regenwasser auf und mildern Dürreperioden. Wie der Plan funktioniert, wie die Bewohner mit an Bord kamen und was noch fehlt.","How wetlands help cities fight floods in Belgium. From Antwerp to Mechelen, restored wetlands act like giant sponges — soaking up stormwater and easing drought. How the plan works, how residents got on board, and what's still missing.","Quomodo humidae civitates adiuvant in diluvia in Belgio pugnant. Ab Antverpia usque Mechelen, humidis redditae spongiae gigantes agunt — tempestatem haurientes et siccitatem levantes. Quomodo consilium operatur, quomodo incolas conscendit, et quid adhuc deest.",2026-01-07 21:55:04+00:00
773163ac5890a4433253de298ccd651b,2025-08-19T10:26:00Z,'flooding buildings',www.thestar.com.my,en,0.0,Twenty bodies found in Pakistan mountain village after cloudburst flooding,"PESHAWAR, Pakistan (Reuters) -Rescue workers on Tuesday recovered more bodies from a mountain village in northwest Pakistan where flash floods triggered by a cloudburst brought down homes and buildings, bringing the death toll there to at least 20, the local …",https://www.thestar.com.my/news/world/2025/08/19/twenty-bodies-found-in-pakistan-mountain-village-after-cloudburst-flooding,https://apicms.thestar.com.my/uploads/images/2025/08/19/3475856.jpg,,"PESHAWAR, Pakistan (Reuters) -Rescue workers on Tuesday recovered more bodies from a mountain village in northwest Pakistan where flash floods triggered by a cloudburst brought down homes and buildin… [+1768 chars]",,"Zwanzig Leichen nach Wolkenbruch-Überschwemmung in pakistanischem Bergdorf gefunden. PESHAWAR, Pakistan (Reuters) – Rettungskräfte haben am Dienstag weitere Leichen aus einem Bergdorf im Nordwesten Pakistans geborgen, wo durch einen Wolkenbruch ausgelöste Sturzfluten Häuser und Gebäude zum Einsturz brachten und die Zahl der Todesopfer dort auf mindestens 20 stieg, teilte die örtliche … mit.","Twenty bodies found in Pakistan mountain village after cloudburst flooding. PESHAWAR, Pakistan (Reuters) -Rescue workers on Tuesday recovered more bodies from a mountain village in northwest Pakistan where flash floods triggered by a cloudburst brought down homes and buildings, bringing the death toll there to at least 20, the local …","Viginti corpora in Pakistania montana inventa sunt post inundationem nubila. PESHAWAR, Pakistan (Reuters) - Rescue operarii die Martis plura corpora e montano vico in Pakistania chorum recuperaverunt ubi diluvii mico urguebant per nebulas domos et aedificia delatas, mortiferum illic ad minimum XX, locales …",2026-01-07 21:55:04+00:00
a383a085ff03bd45c298488d96f88a82,2025-08-19T11:16:37Z,'flooding rain',theweek.com,en,0.0,Cloudbursts: what are the 'rain bombs' hitting India and Pakistan?,The sudden and intense weather event is almost impossible to forecast and often leads to deadly flash-flooding and landslides,https://theweek.com/environment/cloudbursts-what-are-the-rain-bombs-hitting-india-and-pakistan,https://cdn.mos.cms.futurecdn.net/qC9SwNmheBmEyHgQKQoxrg.jpg,,"Prime Minister Narendra Modi has told his fellow Indians that ""nature has been testing us"" after cloudbursts caused flash flooding that killed hundreds of people across the north of the country and i… [+3833 chars]",,Wolkenbrüche: Welche „Regenbomben“ treffen Indien und Pakistan? Das plötzliche und intensive Wetterereignis lässt sich kaum vorhersagen und führt oft zu tödlichen Sturzfluten und Erdrutschen,Cloudbursts: what are the 'rain bombs' hitting India and Pakistan?. The sudden and intense weather event is almost impossible to forecast and often leads to deadly flash-flooding and landslides,Cloudbursts: quae sunt 'bombs pluviae' Indiae et Pakistani ferendi? Subitus et vehemens tempestas eventum praevidere fere impossibilis est et saepe inundationes et prolapsa mortifera ducit,2026-01-07 21:55:04+00:00
d907f6f805efdbcc2658f04af13673d5,2025-08-19T12:06:19Z,'flooding climate change',www.ibtimes.com,en,0.0,Death Toll From Northern Pakistan Monsoon Floods Rises To Almost 400,"Rescuers and residents resumed searching on Tuesday for survivors as the death toll from five days of torrential rain rose to almost 400, with authorities warning monsoon downpours would continue until the weekend.",https://www.ibtimes.com/death-toll-northern-pakistan-monsoon-floods-rises-almost-400-3781189,https://d.ibtimes.com/en/full/4616842/rescuers-resumed-searching-survivors-death-toll-monsoon-floods-northern-pakistan-rose-almost.jpg,,"Rescuers and residents resumed searching on Tuesday for survivors as the death toll from five days of torrential rain rose to almost 400, with authorities warning monsoon downpours would continue unt… [+2872 chars]",,"Die Zahl der Todesopfer durch Monsunüberschwemmungen im Norden Pakistans steigt auf fast 400. Retter und Anwohner haben am Dienstag die Suche nach Überlebenden wieder aufgenommen, da die Zahl der Todesopfer durch fünf Tage lang sintflutartige Regenfälle auf fast 400 gestiegen ist. Die Behörden warnten davor, dass die Monsunregenfälle bis zum Wochenende andauern würden.","Death Toll From Northern Pakistan Monsoon Floods Rises To Almost 400. Rescuers and residents resumed searching on Tuesday for survivors as the death toll from five days of torrential rain rose to almost 400, with authorities warning monsoon downpours would continue until the weekend.","Mors Toll Ex Septentrionali Pakistan Monsoon Diluvia surgit Ad Fere 400. Resutores et incolas inquisitio die Martis in superstitibus resumpta sunt ut mortuorum vectigal ex quinque diebus pluviae torrentis ad 400 fere orta sit, cum auctoritates monentes ETESIAE imbres usque ad volutpat vestibulum permanerent.",2026-01-07 21:55:04+00:00
eb21fecb656798b0d89119d73da72ce4,2025-08-19T13:00:00Z,'flooding',apnews.com,en,0.0,Hurricane Erin: Coastal flooding expected Tuesday through Thursday on Outer Banks,Hurricane Erin is forcing evacuations on North Carolina’s Outer Banks as it threatens to whip up wild waves and tropical force winds.,https://apnews.com/article/hurricane-erin-north-carolina-evacuations-47f2ffcf1f5ba933ebefbc61f3bca9b6,https://bloximages.newyork1.vip.townnews.com/richmond.com/content/tncms/assets/v3/editorial/7/87/787addfe-b669-5c34-bed1-3352b632da69/68a47451cabd3.preview.jpg?crop=1920%2C1008%2C0%2C35&resize=1200%2C630&order=crop%2Cresize,,"Holly Andrzejewski hadn't yet welcomed her and her family's first guests to the Atlantic Inn on Hatteras Island when she had to start rescheduling them, as Hurricane Erin neared North Carolinas Outer… [+4723 chars]",,"Hurrikan Erin: Überschwemmungen an der Küste in Outer Banks werden von Dienstag bis Donnerstag erwartet. Hurrikan Erin erzwingt Evakuierungen in den Outer Banks von North Carolina, da er droht, wilde Wellen und tropische Winde aufzupeitschen.",Hurricane Erin: Coastal flooding expected Tuesday through Thursday on Outer Banks. Hurricane Erin is forcing evacuations on North Carolina’s Outer Banks as it threatens to whip up wild waves and tropical force winds.,"Procellae Erin: Martis inundatio maritima expectata per Iovis externas ripas. Procellae Erin evacuationes in Carolinae septentrionali ripas externas cogit, dum minatur fluctus feris fluctibus verberare et vim tropicarum ventorum.",2026-01-07 21:55:04+00:00
478fe4988b03fe4b1a03e5252c3b2726,2025-08-19T13:27:07Z,'flooding',www.pbs.org,en,0.0,Category 3 Hurricane Erin forces evacuations on North Carolina’s Outer Banks,Coastal flooding is expected to begin Tuesday and continue through Thursday on North Carolina's Outer Banks.,https://www.pbs.org/newshour/nation/category-3-hurricane-erin-forces-evacuations-on-north-carolinas-outer-banks,https://d3i6fh83elv35t.cloudfront.net/static/2025/08/NewsWrap-17-1024x683.jpg,,"Holly Andrzejewski hadn’t yet welcomed her and her family’s first guests to the Atlantic Inn on Hatteras Island when she had to start rescheduling them, as Hurricane Erin neared North Carolina’s Oute… [+3863 chars]",,"Hurrikan Erin der Kategorie 3 erzwingt Evakuierungen in den Outer Banks von North Carolina. Es wird erwartet, dass die Überschwemmungen an der Küste in den Outer Banks von North Carolina am Dienstag beginnen und bis Donnerstag andauern.",Category 3 Hurricane Erin forces evacuations on North Carolina’s Outer Banks. Coastal flooding is expected to begin Tuesday and continue through Thursday on North Carolina's Outer Banks.,Categoria 3 Procellae Erin copiae evacuationes in Extra Ripas Carolinae Septentrionalis. Inundatio maritima expectatur Martis incipere et pergere per Iovis in Ripas exteriores Carolinae Septentrionalis.,2026-01-07 21:55:04+00:00
060e0cf14a7a87e6377d4b1dbe2f62db,2025-08-19T14:23:19Z,'flooding climate change',www.aljazeera.com,en,0.0,"Pakistan restores electricity, reopens roads after floods kill hundreds",Army says military doctors are treating survivors and engineers are repairing damaged infrastructure.,https://www.aljazeera.com/news/2025/8/19/pakistan-restores-electricity-and-reopens-roads-following-deadly-floods,https://www.aljazeera.com/wp-content/uploads/2025/08/reuters_68a48033-1755611187.jpg?resize=1920%2C1440,,"Pakistan has restored 70 percent of electricity service and reopened damaged roads in the north and northwest after flash floods killed more than 300 people, officials say.
Information Minister Atta… [+2204 chars]",,"Pakistan stellt die Stromversorgung wieder her und öffnet Straßen wieder, nachdem bei Überschwemmungen Hunderte Menschen ums Leben kamen. Nach Angaben der Armee behandeln Militärärzte Überlebende und Ingenieure reparieren beschädigte Infrastruktur.","Pakistan restores electricity, reopens roads after floods kill hundreds. Army says military doctors are treating survivors and engineers are repairing damaged infrastructure.","Pakistan electricitatem restaurat, viae post diluvia centenas necat. Exercitus dicit doctores militares superstites tractantes et fabrum infrastructuram laesam reficiendam esse.",2026-01-07 21:55:04+00:00
3c9248f195c5a158a4a9fe2a4b7d8985,2025-08-19T14:40:38Z,'floods',www.rte.ie,en,0.0,Death toll from Pakistan monsoon floods hits almost 400,"Rescuers and residents resumed searching for survivors as the death toll from five days of torrential rain rose to almost 400, with authorities warning monsoon downpours would continue until the weekend.",https://www.rte.ie/news/world/2025/0819/1529164-pakistan-floods-deaths/,https://www.rte.ie/images/00230aee-1600.jpg,,"Rescuers and residents resumed searching for survivors as the death toll from five days of torrential rain rose to almost 400, with authorities warning monsoon downpours would continue until the week… [+3205 chars]",,"Die Zahl der Todesopfer durch Monsunüberschwemmungen in Pakistan beläuft sich auf fast 400. Retter und Anwohner begannen wieder mit der Suche nach Überlebenden, als die Zahl der Todesopfer durch fünftägige sintflutartige Regenfälle auf fast 400 stieg. Die Behörden warnten davor, dass die Monsunregenfälle bis zum Wochenende andauern würden.","Death toll from Pakistan monsoon floods hits almost 400. Rescuers and residents resumed searching for survivors as the death toll from five days of torrential rain rose to almost 400, with authorities warning monsoon downpours would continue until the weekend.","Mortis vectigal a Pakistania monsoon inundationes paene 400 pervenit. Resutores et incolas inquisitio resumit superstites ut ex quinque diebus pluviae torrentis usque ad 400 fere surrexit, cum auctoritates monentes ETESIAE imbres usque ad tempus volutpat permanerent.",2026-01-07 21:55:04+00:00
ab0ef9191396410f2144550f63e60725,2025-08-19T16:30:00Z,'flooding rain',oilprice.com,en,0.0,BP’s Whiting Refinery Hit by Storm Flooding and Flaring,"BP’s massive 440,000-barrel-per-day Whiting refinery—the largest in the U.S. Midwest—was forced into flaring late Monday after severe thunderstorms dumped heavy rain across northwest Indiana, flooding the site and surrounding neighborhoods. The company said i…",https://oilprice.com/Latest-Energy-News/World-News/BPs-Whiting-Refinery-Hit-by-Storm-Flooding-and-Flaring.html,https://d32r1sh890xpii.cloudfront.net/news/718x300/2025-08-19_aymfu1i2nx.jpg,,"A Los Alamos National Laboratory…
The return of previously curtailed…
By Julianne Geiger - Aug 19, 2025, 11:30 AM CDTBP’s massive 440,000-barrel-per-day Whiting refinery—the largest in the U.S. Mid… [+2039 chars]",,"BPs Raffinerie Whiting wurde von Sturmfluten und Abfackeln heimgesucht. Die riesige Whiting-Raffinerie von BP mit einer Kapazität von 440.000 Barrel pro Tag – die größte im Mittleren Westen der USA – musste am späten Montag den Betrieb aufnehmen, nachdem schwere Gewitter starke Regenfälle über den Nordwesten von Indiana niedergeworfen hatten und das Gelände und die umliegenden Viertel überschwemmt hatten. Das Unternehmen sagte, ich…","BP’s Whiting Refinery Hit by Storm Flooding and Flaring. BP’s massive 440,000-barrel-per-day Whiting refinery—the largest in the U.S. Midwest—was forced into flaring late Monday after severe thunderstorms dumped heavy rain across northwest Indiana, flooding the site and surrounding neighborhoods. The company said i…","BP's Whiting Refinery Hit Storm Flooding et Flaring. BP massa 440,000-ferrum-per-day Whiting conflatorium, maxima in Americae Midwest, in multam diem Lunae post procellas vehementes imbres graves post Indianam septentrionalem, inundantes situs et vicinitates circumiacentes, coactus est. Societas dixit i…",2026-01-07 21:55:04+00:00
a8059b34c39d86db00103ff369f12bdf,2025-08-19T16:32:42Z,'deluge',www.pcgamer.com,en,0.0,Gamescom Opening Night Live 2025: All the announcements in one place,Join us for another deluge of World Premieres as we cover Geoff Keighley's Gamescom presentation live.,https://www.pcgamer.com/games/live/news/gamescom-opening-night-live-2025-everything-announced/,https://cdn.mos.cms.futurecdn.net/nk9BF3SCrG3GQooAzNsH8S.jpg,,"It's been barely a blink since we last gathered for an announcestravaganza with Summer Game Fest, but here we are again! It's time for Gamescom Opening Night Live 2025, Geoff Keighley's second big li… [+686 chars]",,"Gamescom Opening Night Live 2025: Alle Ankündigungen an einem Ort. Erleben Sie mit uns eine weitere Flut an Weltpremieren, während wir Geoff Keighleys Gamescom-Präsentation live übertragen.",Gamescom Opening Night Live 2025: All the announcements in one place. Join us for another deluge of World Premieres as we cover Geoff Keighley's Gamescom presentation live.,Gamescom Aperiens Nocte Vivo 2025: Omnes in uno loco annuntiationes. Adiunge nos alio diluvio Premieres Mundi dum tegimus praesentationem Geoff Keighley Gamescom vivas.,2026-01-07 21:55:04+00:00
c9add289c1c41aa44e537ad71dd82ce1,2025-08-19T17:44:00Z,'flooding storm',www.cbsnews.com,en,0.0,North Carolina islands ordered to evacuate as Hurricane Erin continues track,Mandatory evacuations have been ordered for Hatteras Island and Ocracoke Island in North Carolina's Outer Banks as Hurricane Erin threatens to bring coastal flooding to the area. CBS News' Meg Oliver reports on the riptide risk the from the storm along the Ea…,https://www.cbsnews.com/video/north-carolina-islands-ordered-to-evacuate-as-hurricane-erin-continues-track/,https://assets2.cbsnewsstatic.com/hub/i/r/2025/08/19/489668a6-aa6c-49bf-a71d-fe423a2f2050/thumbnail/1200x630/b23c56e7d46f21fb83d40f99621c0a14/cbsn-fusion-north-carolina-islands-ordered-to-evacuate-as-hurricane-erin-continues-track-thumbnail.jpg,,Copyright ©2025 CBS Interactive Inc. All rights reserved.,,"Die Inseln North Carolinas müssen evakuiert werden, da Hurrikan Erin seinen Weg fortsetzt. Für Hatteras Island und Ocracoke Island in den Outer Banks von North Carolina wurden obligatorische Evakuierungen angeordnet, da Hurrikan Erin droht, Küstenüberschwemmungen in das Gebiet zu bringen. Meg Oliver von CBS News berichtet über die Gefahr einer Flutwelle durch den Sturm entlang der Ostküste.",North Carolina islands ordered to evacuate as Hurricane Erin continues track. Mandatory evacuations have been ordered for Hatteras Island and Ocracoke Island in North Carolina's Outer Banks as Hurricane Erin threatens to bring coastal flooding to the area. CBS News' Meg Oliver reports on the riptide risk the from the storm along the Ea…,"Insulae Carolinae Septentrionalis decedere iubet, quam Procellae Erin pergit semita. Mandata evacuationes pro Hatteras Islandiae et Ocracoke Islandiae in exterioribus ripis Carolinae septentrionalis ordinatae sunt, sicut Erin Procellae minatur ut inundationem maritimam ad aream adduceret. CBS News' Meg Oliver refert de riptide periculum quod a tempestate in Ea…",2026-01-07 21:55:04+00:00
eadd03e12c44324139fa6759829f9e67,2025-08-19T18:25:45Z,'flooding climate change',www.pbs.org,en,0.0,Pakistan reopens roads to areas where flash floods killed over 300,Pakistan has restored 70% of electricity and reopened damaged roads in the north and northwest after flash floods killed more than 300 people.,https://www.pbs.org/newshour/world/pakistan-reopens-roads-to-areas-where-flash-floods-killed-over-300,https://d3i6fh83elv35t.cloudfront.net/static/2025/08/2025-08-18T091045Z_1362750404_RC2G9GAIXIHF_RTRMADP_3_ASIA-WEATHER-PAKISTAN-RAIN-1024x683.jpg,,"ISLAMABAD (AP) Pakistan reopened damaged roads in the north and northwest and restored 70% of the region’s electricity after flash floods there killed more than 300 people, officials said Tuesday.
I… [+2394 chars]",,"Pakistan öffnet Straßen zu Gebieten wieder, in denen Sturzfluten über 300 Menschen das Leben kosteten. Pakistan hat 70 % der Stromversorgung wiederhergestellt und beschädigte Straßen im Norden und Nordwesten wieder geöffnet, nachdem Sturzfluten mehr als 300 Menschen das Leben kosteten.",Pakistan reopens roads to areas where flash floods killed over 300. Pakistan has restored 70% of electricity and reopened damaged roads in the north and northwest after flash floods killed more than 300 people.,Pakistan via ad areas recludit ubi inundationes mico super 300 interfecerunt. Pakistan LXX% electricitatis restituit et vias quassatas in septentrionem et chorum fodit post diluvia mico plus quam trecentos homines occidit.,2026-01-07 21:55:04+00:00
d60c40a95abe97268f12600037245a8e,2025-08-19T20:44:38Z,'flooding',www.yahoo.com,en,0.0,Flooding downpours to unfold in Northeast as Hurricane Erin spins offshore,Tropical air associated with Hurricane Erin combined with a stalled front could trigger dangerous flash flooding in parts of the Northeast at midweek.,https://www.yahoo.com/news/articles/flooding-downpours-unfold-northeast-hurricane-204438611.html,https://media.zenfs.com/en/accuweather_articles_339/eef91eff850b731ef27584f407ae02f5,,"Tropical moisture sent northward by Hurricane Erin will trigger downpours that can lead to flash flooding in parts of the Appalachians and Northeast from Wednesday into Wednesday night, AccuWeather m… [+2383 chars]",,"Im Nordosten kommt es zu heftigen Regenfällen, während sich Hurrikan Erin vor der Küste dreht. Tropische Luft im Zusammenhang mit Hurrikan Erin könnte in Kombination mit einer festgefahrenen Front zur Wochenmitte in Teilen des Nordostens gefährliche Sturzfluten auslösen.",Flooding downpours to unfold in Northeast as Hurricane Erin spins offshore. Tropical air associated with Hurricane Erin combined with a stalled front could trigger dangerous flash flooding in parts of the Northeast at midweek.,Inundatio imbres in Orientem volvitur ut Procellae Erin explicet. Tropical aer cum Hurricane Erin coniungitur cum fronte stallata felis perniciosa mico inundatio partium Orientis in media septimana felis potuit.,2026-01-07 21:55:04+00:00
7e6d64fd15a6d2aa9163880cb041206f,2025-08-19T21:14:13Z,'flooding relief',www.bbc.com,en,0.0,'The danger is not over in Pakistan' after flash floods,"Emergency teams searching for the missing are struggling through mud and debris, following flash flooding in Khyber Pakhtunkhwa province.",https://www.bbc.com/news/videos/ckgj8kwrvxgo,https://ichef.bbci.co.uk/news/1024/branded_news/d882/live/cb2a3e00-7d34-11f0-83cc-c5da98c419b8.jpg,https://web.archive.org/web/20250825051507/https://www.bbc.com/news/videos/ckgj8kwrvxgo,"At least 15 people are feared dead in fresh flash floods triggered by intense rain in Pakistan's north-western region, that's already reeling from last week's devastating deluge.
 An official said a… [+402 chars]",,"„Die Gefahr ist in Pakistan noch nicht gebannt“ nach Sturzfluten. Nach einer Sturzflut in der Provinz Khyber Pakhtunkhwa kämpfen Notfallteams, die nach den Vermissten suchen, durch Schlamm und Trümmer.","'The danger is not over in Pakistan' after flash floods. Emergency teams searching for the missing are struggling through mud and debris, following flash flooding in Khyber Pakhtunkhwa province.","Periculum in Pakistania post diluvia micare non est. Subitis iugis inquisitionem absentis luctantes per lutum et obstantia sunt, sequentes mico inundatione in provincia Khyber Pakhtunkhwa.",2026-01-07 21:55:04+00:00
085823bfbd18993bfd6f94e1e00e577a,2025-08-19T22:40:42Z,'flooding area',www.thegatewaypundit.com,en,0.0,Trump Is Ready to Use ‘Every Element of American Power’ Against Venezuela’s ‘Narco-Terrorist’ Nicolas Maduro to ‘Stop Drugs From Flooding Into the US’,"Maduro is in a tough stot, right now.
The post Trump Is Ready to Use ‘Every Element of American Power’ Against Venezuela’s ‘Narco-Terrorist’ Nicolas Maduro to ‘Stop Drugs From Flooding Into the US’ appeared first on The Gateway Pundit.",https://www.thegatewaypundit.com/2025/08/trump-is-ready-use-every-element-american-power/,https://www.thegatewaypundit.com/wp-content/uploads/2024/04/nicolas-maduro-sinister-1200x630.jpg,,"Nicolas Maduro, dictator of Venezuela, is called a ‘narco-terrorist’ by the US.
Maduro is in a tough stot, right now.
Pressure keeps piling up, as a massive naval force is to be stationed in the Ca… [+2628 chars]",,"Trump ist bereit, „jedes Element amerikanischer Macht“ gegen Venezuelas „Drogenterroristen“ Nicolas Maduro einzusetzen, um „die Drogenflut in die USA zu stoppen“. Maduro steckt derzeit in einer schwierigen Lage.
Der Beitrag „Trump ist bereit, „jedes Element der amerikanischen Macht“ gegen Venezuelas „Drogenterroristen“ Nicolas Maduro einzusetzen, um „die Drogenflut in die USA zu stoppen“ erschien zuerst auf The Gateway Pundit.","Trump Is Ready to Use ‘Every Element of American Power’ Against Venezuela’s ‘Narco-Terrorist’ Nicolas Maduro to ‘Stop Drugs From Flooding Into the US’. Maduro is in a tough stot, right now.
The post Trump Is Ready to Use ‘Every Element of American Power’ Against Venezuela’s ‘Narco-Terrorist’ Nicolas Maduro to ‘Stop Drugs From Flooding Into the US’ appeared first on The Gateway Pundit.","Trump est paratus ad usus 'Omne Elementum Americanae Potestatis' Contra Venezuela's Narco-Terrorista' Nicolas Maduro ad 'Desine medicamenta ex Diluvio in US'. Maduro in lenta stot, nunc.
Post Trump est Promptus ad usus 'Omne Elementum Americanae Potestatis' Contra Venezuela'Narco-Terrorista' Nicolas Maduro ad 'Desine medicamenta a Diluvio in US' primum apparuit in Porta Pundit.",2026-01-07 21:55:04+00:00
0e39b5cbc7e8653b44963eac6fc67b18,2025-08-19T23:47:00Z,'flooding evacuation',www.cbsnews.com,en,0.0,"North Carolina coast preps for Hurricane Erin effects: ""Not our first rodeo""","Hurricane Erin isn't expected to make landfall in the U.S., but people in North Carolina's Outer Banks were warned of possible coastal flooding that triggered evacuation orders. Rob Marciano reports.",https://www.cbsnews.com/video/north-carolina-coast-preps-for-hurricane-erin-effects-not-our-first-rodeo/,https://assets2.cbsnewsstatic.com/hub/i/r/2025/08/19/546bc900-e90c-4d54-a043-baa6d7d23b17/thumbnail/1200x630/f36c6a10834aa8ebf873e5e52e2b9a58/cbsn-fusion-north-carolina-coast-preps-for-hurricane-erin-effects-not-our-first-rodeo-thumbnail.jpg,https://web.archive.org/web/20250821035319/https://www.cbsnews.com/video/north-carolina-coast-preps-for-hurricane-erin-effects-not-our-first-rodeo/,Copyright ©2025 CBS Interactive Inc. All rights reserved.,,"Küste von North Carolina bereitet sich auf die Auswirkungen von Hurrikan Erin vor: „Nicht unser erstes Rodeo“. Es wird nicht erwartet, dass Hurrikan Erin die USA erreicht, aber die Menschen in den Outer Banks von North Carolina wurden vor möglichen Überschwemmungen an der Küste gewarnt, die Evakuierungsbefehle auslösten. Rob Marciano berichtet.","North Carolina coast preps for Hurricane Erin effects: ""Not our first rodeo"". Hurricane Erin isn't expected to make landfall in the U.S., but people in North Carolina's Outer Banks were warned of possible coastal flooding that triggered evacuation orders. Rob Marciano reports.","Litus Carolina Septentrionalis preps pro Hurricane Erin effectis: ""Non prima nostra rodeo"". Procellae Erin non expectatur ut casus in Americae, sed homines in Africae septentrionali exteriores ripas moniti sunt de inundatione maritima possibili, quae ordines evacuationis utitur. Refert Marciano Rob.",2026-01-07 21:55:04+00:00
04b23b8ca04e623f24bbf93029d6db16,2025-08-20T00:48:55Z,'flooding',www.foxweather.com,en,0.0,Rare triple lightning strike illuminates Chicago skies as thunderstorms trigger flash flooding,"It's been no rest for the weary in the Windy City this summer, which has faced multiple damaging flooding events just since the start of July.",https://www.foxweather.com/extreme-weather/triple-lightning-strike-chicago-severe-thunderstorms-flash-flooding,https://nypost.com/wp-content/uploads/sites/2/2025/08/triple-lightning-strikes-hit-chicago-109815892.jpg?quality=75&strip=all&w=1024,,"Severe thunderstorms put on a light show over the skies of Chicago on Monday night, while drowning parts of the city in flash flooding below.
Local photography enthusiast Craig Shimala captured the … [+1257 chars]",,"Ein seltener dreifacher Blitzeinschlag erhellt den Himmel von Chicago, während Gewitter Sturzfluten auslösen. In der Windy City gab es in diesem Sommer keine Ruhe für die Müden, denn seit Anfang Juli kam es bereits zu mehreren verheerenden Überschwemmungen.","Rare triple lightning strike illuminates Chicago skies as thunderstorms trigger flash flooding. It's been no rest for the weary in the Windy City this summer, which has faced multiple damaging flooding events just since the start of July.","Rara triplex fulgur ferit Chicago aethera, Ut tonitrua felis micant inundationem. In ventosa urbe hac aestate fessis nulla quies fuit, quae multae damnosae inundationis eventus ab initio Iulio subiit.",2026-01-07 21:55:04+00:00
63865113c6f81fdfc8b43a7dbebbc47b,2025-08-20T01:51:37Z,'flooding',www.radiotamazuj.org,en,0.0,Heavy flooding inundates health facility in Panyijiar - Radio Tamazuj,"A health facility and airstrip in Ganyliel, the headquarters of Panyijiar County, were inundated by",https://www.radiotamazuj.org/en/news/article/heavy-flooding-inundates-health-facility-in-panyijiar,https://www.radiotamazuj.org/wp-content/uploads/2025/08/Panyijiar3.jpg,,"A health facility and airstrip in Ganyliel, the headquarters of Panyijiar County, were inundated by heavy rainfall Monday night, forcing the evacuation of two dozen patients, according to local offic… [+1434 chars]",,"Schwere Überschwemmung überschwemmt Gesundheitseinrichtung in Panyijiar – Radio Tamazuj. Eine Gesundheitseinrichtung und eine Landebahn in Ganyliel, dem Hauptquartier des Kreises Panyijiar, wurden überschwemmt","Heavy flooding inundates health facility in Panyijiar - Radio Tamazuj. A health facility and airstrip in Ganyliel, the headquarters of Panyijiar County, were inundated by","Gravis inundatio facilitas sanitatis in Panyijiar - radio Tamazuj inundat. Facultas sanitatis et airstrip in Ganyliel, in praetorio comitatus Panyijiar, inundati sunt.",2026-01-07 21:55:04+00:00
906d96b9bb102ccafea5e9a29286ecb1,2025-08-20T03:32:35Z,'flooding rain',slashdot.org,en,0.0,"N.C., Virginia under Hurricane Erin storm alerts, some East Coast beaches shut - Axios","N.C., Virginia under Hurricane Erin storm alerts, some East Coast beaches shutAxios Hurricane Erin’s impacts to spread up East Coast as tropical storm alerts expand in North Carolina, VirginiaFOX Weather Heavy rain Wednesday could cause flooding in Tri-State …",https://slashdot.org/firehose.pl?op=view&amp;id=178775046,,https://web.archive.org/web/20250821110215/https://slashdot.org/firehose.pl?op=view&amp;id=178775046,"If what they've been doing hasn't solved the problem, tell them to
do something else.
-- Gerald Weinberg, ""The Secrets of Consulting""",,"N.C., Virginia unter Sturmwarnungen für Hurrikan Erin, einige Strände an der Ostküste geschlossen – Axios. N.C., Virginia, unter Hurrikan-Erin-Sturmwarnungen, einige Strände an der Ostküste geschlossenAxios Die Auswirkungen von Hurrikan Erin breiten sich auf die Ostküste aus, während die Tropensturmwarnungen in North Carolina, Virginia, zunehmenFOX-Wetter Starker Regen am Mittwoch könnte zu Überschwemmungen in Tri-State führen …","N.C., Virginia under Hurricane Erin storm alerts, some East Coast beaches shut - Axios. N.C., Virginia under Hurricane Erin storm alerts, some East Coast beaches shutAxios Hurricane Erin’s impacts to spread up East Coast as tropical storm alerts expand in North Carolina, VirginiaFOX Weather Heavy rain Wednesday could cause flooding in Tri-State …","N.C., Virginia sub Procellae Erin erecta tempestate, quaedam Litora Orientalis includunt - Axios. N.C., Virginia sub Procellae Erin in summis tempestatibus quaedam litora Coast East Axios impulsus Hurricane Erin in Orientem Coast expandere ut procella tropica erecta expandunt in Carolina Septentrionali, VirginiaFOX Tempestas Gravis pluviae Mercurii inundationem in Tri-State … facere potuit.",2026-01-07 21:55:04+00:00
c77ce63c6d6862c89c072a32d851989e,2025-08-20T05:27:24Z,'flooding residents',www.abc.net.au,en,0.0,Parts of NSW on flood alert as heavy rain on the way,"Weary residents in parts of the Mid North Coast, Hunter and North West Slopes are preparing for more wet weather, with flooding possible from tonight.",https://www.abc.net.au/news/2025-08-20/nsw-flood-warnings-heavy-rain-weather/105675226,https://live-production.wcms.abc-cdn.net.au/466bc6ec513f3a1c966ea9d954f9405b?impolicy=wcms_watermark_news&cropH=2268&cropW=4032&xPos=0&yPos=0&width=862&height=485&imformat=generic,,"Rain-weary residents across New South Wales are being warned to prepare for more wet weather with a complex system expected to hit the state from today.
The system is predicted to bring heavy rain a… [+2768 chars]",,"Teile von New South Wales sind in Hochwasseralarm, da starker Regen auf dem Weg ist. Müde Bewohner in Teilen der mittleren Nordküste, Hunter und North West Slopes bereiten sich auf noch mehr nasses Wetter vor, ab heute Nacht sind Überschwemmungen möglich.","Parts of NSW on flood alert as heavy rain on the way. Weary residents in parts of the Mid North Coast, Hunter and North West Slopes are preparing for more wet weather, with flooding possible from tonight.","Partes NSW in diluvio tam graves pluviae in viis erectae sunt. Defatigati habitant in partibus Medii Coast Septentrionalis, Venatoris et Septentrionalis Occidentalis Clivi magis tempestatibus umidis parat, cum inundationes ex hac nocte fieri possunt.",2026-01-07 21:55:04+00:00
d8a0d27df8dc36c292e8c96fa7a291f5,2025-08-20T05:47:00Z,'flooding',nypost.com,en,0.0,Progressive Chicago pol Stephanie Coleman accused of ‘prancing’ around Nashville as home district flooded in storms: ‘Tiffany Henyard vibes’,"A progressive Chicago politician is facing backlash for galavanting around Nashville as her district was ""devastated"" by severe storms and heavy flooding.",https://nypost.com/2025/08/20/us-news/chicago-alderwoman-stephanie-coleman-prancing-around-nashville-as-ward-16-devastated-by-storm-floods/,https://nypost.com/wp-content/uploads/sites/2/2025/08/newspress-collage-5n0lqwin4-1755667843857.jpg?quality=75&strip=all&1755653521&w=1024,https://wayback.archive-it.org/all/20250820151745/https://nypost.com/2025/08/20/us-news/chicago-alderwoman-stephanie-coleman-prancing-around-nashville-as-ward-16-devastated-by-storm-floods/,"A progressive Chicago politician is facing backlash for galavanting around Nashville as her district was “devastated” by severe storms and heavy flooding.
Alderwoman Stephanie D. Coleman (D) showed … [+4012 chars]",,"Die progressive Chicagoer Politikerin Stephanie Coleman wird beschuldigt, durch Nashville „getanzt“ zu haben, während der Heimatbezirk von Stürmen überschwemmt wurde: „Tiffany Henyard-Stimmung“. Eine progressive Politikerin aus Chicago sieht sich mit Gegenreaktionen konfrontiert, weil sie in Nashville herummarschiert ist, da ihr Bezirk durch schwere Stürme und schwere Überschwemmungen „verwüstet“ wurde.","Progressive Chicago pol Stephanie Coleman accused of ‘prancing’ around Nashville as home district flooded in storms: ‘Tiffany Henyard vibes’. A progressive Chicago politician is facing backlash for galavanting around Nashville as her district was ""devastated"" by severe storms and heavy flooding.","Progressive Chicago pol Stephanie Coleman accusatus de 'prancia' circa Nashville ut domus regionis tempestatibus inundata: 'Tiffany Henyard vibes'. Progressivus Chicago politicus backlash respicit ad Nashville galavanting circa Nashville sicut eius regio ""devastata"" est gravibus tempestatibus et gravibus inundationibus.",2026-01-07 21:55:04+00:00
3e3dbff70886eda12114df5a228ae6a5,2025-08-20T08:32:38Z,'flooding rain',www.yahoo.com,en,0.0,"Dramatic mudslide clip filmed in Japan, not Pakistan","Relentless rains across northern Pakistan have triggered deadly flooding and landslides, but footage of thick mud crashing onto buildings does not show the...",https://www.yahoo.com/news/articles/dramatic-mudslide-clip-filmed-japan-083238545.html,https://media.zenfs.com/en/afp_factcheck_us_713/fb977a38a81aacfe2f0ecd8a56eb13e3,,"Relentless rains across northern Pakistan have triggered deadly flooding and landslides, but footage of thick mud crashing onto buildings does not show the recent situation in the South Asian nation.… [+3355 chars]",,"Dramatischer Schlammlawinen-Clip, gedreht in Japan, nicht in Pakistan. Unerbittliche Regenfälle im Norden Pakistans haben tödliche Überschwemmungen und Erdrutsche ausgelöst, aber Aufnahmen von dickem Schlamm, der auf Gebäude krachte, zeigen nicht, was...","Dramatic mudslide clip filmed in Japan, not Pakistan. Relentless rains across northern Pakistan have triggered deadly flooding and landslides, but footage of thick mud crashing onto buildings does not show the...","Duis in eleifend dui, non molestie purus. Imbres crudeles per Pakistan septentrionalem inundationem et ruinas funestas urguebant, sed footage limosa crassae fragoris in aedificia non ostendit...",2026-01-07 21:55:04+00:00
cbc766d09d542b236a568ce787d8c80c,2025-08-20T08:59:03Z,'flooding',lithub.com,en,0.0,Reading the River: How to Measure the Frequency of Flooding,"Phrases such as “10-year flood” or “100-year flood” are misleading. These terms are abbreviations for probability: a 10-year flood is a volume of flow that occurs on average once every 10 years, based on the records of flow for that stream. If there are only …",https://lithub.com/reading-the-river-how-to-measure-the-frequency-of-flooding/,https://s26162.pcdn.co/wp-content/uploads/2025/08/banner-images-5.png,,"Phrases such as 10-year flood or 100-year flood are misleading. These terms are abbreviations for probability: a 10-year flood is a volume of flow that occurs on average once every 10 years, based on… [+8042 chars]",,"Den Fluss lesen: So messen Sie die Häufigkeit von Überschwemmungen. Formulierungen wie „10-Jahres-Hochwasser“ oder „100-Jahres-Hochwasser“ sind irreführend. Bei diesen Begriffen handelt es sich um Abkürzungen für Wahrscheinlichkeit: Ein 10-Jahres-Hochwasser ist eine Wassermenge, die durchschnittlich einmal alle 10 Jahre auftritt, basierend auf den Wasserflussaufzeichnungen für diesen Bach. Wenn es nur …","Reading the River: How to Measure the Frequency of Flooding. Phrases such as “10-year flood” or “100-year flood” are misleading. These terms are abbreviations for probability: a 10-year flood is a volume of flow that occurs on average once every 10 years, based on the records of flow for that stream. If there are only …","Legere flumen: Quomodo metire Frequentiam inundationis. Phrases ut ""diluvium X annorum"" vel ""100-annum diluvium"" fallunt. Verba haec sunt abbreviationes pro probabilitate: X annorum diluvium est volubilis fluxus qui in mediocris semel singulis 10 annis occurrit, ex monumentis fluxus illius amnis. Si tantum ...",2026-01-07 21:55:04+00:00
d5a439dd3acf3c9e405e76acc3418241,2025-08-20T09:21:43Z,'flooding',indianexpress.com,en,0.0,Mumbai rains trigger flooding: What to remember when you are wading through water to avoid infection?,"Flood water is more than rainwater and contains sewage, garbage, industrial contamination and pathogenic micro-organisms.",https://indianexpress.com/article/health-wellness/mumbai-rains-flooding-wading-water-infection-10200593/,https://images.indianexpress.com/2025/08/mumbai-rain-6.jpg,https://web.archive.org/web/20250820093518/https://indianexpress.com/article/health-wellness/mumbai-rains-flooding-wading-water-infection-10200593/,"When cities like Mumbai go through heavy rains, flooding and water-logging, a lot of people find themselves walking through contaminated water to get home or reach their workplace. Flood water is mor… [+3169 chars]",,"Regenfälle in Mumbai lösen Überschwemmungen aus: Woran sollten Sie denken, wenn Sie durch Wasser waten, um Infektionen zu vermeiden? Hochwasser ist mehr als Regenwasser und enthält Abwasser, Müll, industrielle Verunreinigungen und pathogene Mikroorganismen.","Mumbai rains trigger flooding: What to remember when you are wading through water to avoid infection?. Flood water is more than rainwater and contains sewage, garbage, industrial contamination and pathogenic micro-organisms.","Mumbai pluviae trigger inundationem: Quid memini cum per aquam ad contagionem vitare? Diluvium aqua plus est quam aqua pluvialis et purgamentorum, purgamentorum, industrialium contagione et micro-organismos pathogenicos continet.",2026-01-07 21:55:04+00:00
785d8a09aae942f971809917f34a06ae,2025-08-20T09:24:31Z,'floods',economictimes.indiatimes.com,en,0.0,"Floods, flight delays, power cuts & more: Wettest August in half a decade challenges Mumbai's might","Mumbai and its suburbs faced severe disruption due to relentless rainfall, leading to flooded roads, halted trains, and rerouted flights. Over 400 residents near the Mithi river were evacuated, and a man died from electrocution. The city experienced its wette…",https://economictimes.indiatimes.com/news/india/floods-flight-delays-power-cuts-more-wettest-august-in-half-a-decade-challenges-mumbais-might/articleshow/123405848.cms,"https://img.etimg.com/thumb/msid-123406104,width-1200,height-630,imgsize-372818,overlay-economictimes/articleshow.jpg",https://web.archive.org/web/20250823005058/https://economictimes.indiatimes.com/news/india/floods-flight-delays-power-cuts-more-wettest-august-in-half-a-decade-challenges-mumbais-might/articleshow/123405848.cms,"Relentless rain battered Mumbai and its suburbs on Tuesday, flooding roads, halting trains, disrupting flights and triggering large-scale evacuations. Over 400 residents near the Mithi river were shi… [+3093 chars]",,"Überschwemmungen, Flugverspätungen, Stromausfälle und mehr: Der regenreichste August seit einem halben Jahrzehnt stellt Mumbais Macht auf die Probe. In Mumbai und seinen Vororten kam es aufgrund anhaltender Regenfälle zu schweren Störungen, die zu überfluteten Straßen, Zugausfällen und Umleitungen von Flügen führten. Über 400 Bewohner in der Nähe des Mithi-Flusses wurden evakuiert und ein Mann starb durch einen Stromschlag. Die Stadt erlebte ihre nasse…","Floods, flight delays, power cuts & more: Wettest August in half a decade challenges Mumbai's might. Mumbai and its suburbs faced severe disruption due to relentless rainfall, leading to flooded roads, halted trains, and rerouted flights. Over 400 residents near the Mithi river were evacuated, and a man died from electrocution. The city experienced its wette…","Flumina, fuga moras, imperium secat & plus: Wettest August in medium decennium Mumbai potentiam provocat. Mumbai et suburbana eius ob gravem discidium ex imbris inclementia, itinera inundantia ducentes, impedimenta constiterunt, volatus circumierunt. Plus 400 incolas prope flumen Mithi excessit, et homo ex electrocution mortuus est. Urbs ejus wette expertus…",2026-01-07 21:55:04+00:00
44cac7083447097cf7c52d351656d693,2025-08-20T11:27:31Z,'flooding evacuation',economictimes.indiatimes.com,en,0.0,Hurricane Erin threatens US East Coast as coastal flooding warning issued. NHC sounds alarm in urgent alert,"Hurricane Erin, while not expected to make landfall in the US, is triggering dangerous rip currents and coastal flooding along the East Coast. North Carolina's Outer Banks are under coastal flood advisory with evacuation orders in place. Beachgoers from Flori…",https://economictimes.indiatimes.com/news/international/global-trends/us-news-hurricane-erin-threatens-us-east-coast-as-coastal-flooding-warning-issued-nhc-sounds-alarm-in-urgent-alert/articleshow/123409259.cms,"https://img.etimg.com/thumb/msid-123409288,width-1200,height-630,imgsize-268472,overlay-economictimes/articleshow.jpg",https://web.archive.org/web/20250820115036/https://economictimes.indiatimes.com/news/international/global-trends/us-news-hurricane-erin-threatens-us-east-coast-as-coastal-flooding-warning-issued-nhc-sounds-alarm-in-urgent-alert/articleshow/123409259.cms,Hurricane Erin slowly moved northward on Tuesday triggering rough surf and dangerous rip currents along the East Coast. Erin threatened the East Coast and rip currents as the large and growing storm … [+4440 chars],,"Hurrikan Erin bedroht die Ostküste der USA, da eine Überschwemmungswarnung für die Küste ausgegeben wird. NHC schlägt in dringender Alarmbereitschaft Alarm. Es ist zwar nicht damit zu rechnen, dass Hurrikan Erin die USA erreichen wird, er löst jedoch an der Ostküste gefährliche Strömungen und Küstenüberschwemmungen aus. Die Outer Banks von North Carolina unterliegen einer Hochwasserwarnung an der Küste und verfügen über Evakuierungsbefehle. Strandbesucher aus Flori…","Hurricane Erin threatens US East Coast as coastal flooding warning issued. NHC sounds alarm in urgent alert. Hurricane Erin, while not expected to make landfall in the US, is triggering dangerous rip currents and coastal flooding along the East Coast. North Carolina's Outer Banks are under coastal flood advisory with evacuation orders in place. Beachgoers from Flori…","Procellae Erin minitatur US Orae maritimae ut monitionem maritimam inundationem ediderit. NHC resonat urgentibus intenti. Procellae Erin, dum non expectatur ut landum in US facere velit, periculosos impetus ripuit et inundationem maritimam per oram orientalem orientalem. Exteriores ripae Carolinae septentrionalis sub diluvio consiliario maritimo sunt cum ordines evacuationis positis. Litori a Flori…",2026-01-07 21:55:04+00:00
cd0022c3af3c93a5bb59b4f54b675cab,2025-08-20T13:03:19Z,'flooding',www.channelnewsasia.com,en,0.0,Pakistan's financial capital Karachi hit by torrential rain and flooding,"KARACHI: Pakistan declared a public holiday in Karachi as the financial capital braced for more rain on Wednesday (Aug 20), after the arrival of the annual monsoon season left at least seven people dead and caused widespread flooding, officials said. The mons…",https://www.channelnewsasia.com/asia/pakistan-capital-karachi-rain-flooding-monsoon-season-5304341,"https://dam.mediacorp.sg/image/upload/s--7gefqP63--/fl_relative,g_south_east,l_mediacorp:cna:watermark:2023-11:afp_watermark_14112023,w_0.1/f_auto,q_auto/c_fill,g_auto,h_676,w_1200/v1/mediacorp/cna/image/2025/08/20/000_69yf69g.jpg?itok=D9V87trG",https://web.archive.org/web/20250820154144/https://www.channelnewsasia.com/asia/pakistan-capital-karachi-rain-flooding-monsoon-season-5304341,"KARACHI: Pakistan declared a public holiday in Karachi as the financial capital braced for more rain on Wednesday (Aug 20), after the arrival of the annual monsoon season left at least seven people d… [+1672 chars]",,"Pakistans Finanzhauptstadt Karatschi wurde von sintflutartigen Regenfällen und Überschwemmungen heimgesucht. KARATSCHI: Pakistan hat in Karatschi einen Feiertag erklärt, da sich die Finanzhauptstadt am Mittwoch (20. August) auf weitere Regenfälle vorbereitete, nachdem der Beginn der jährlichen Monsunzeit mindestens sieben Menschen das Leben kostete und großflächige Überschwemmungen verursachte, sagten Beamte. Die Mons…","Pakistan's financial capital Karachi hit by torrential rain and flooding. KARACHI: Pakistan declared a public holiday in Karachi as the financial capital braced for more rain on Wednesday (Aug 20), after the arrival of the annual monsoon season left at least seven people dead and caused widespread flooding, officials said. The mons…","Pakistani oeconomus capitis Karachi ictus pluvia et inundatione torrens. KARACHI: Pakistan declaravit ferias publicas in Karachi tamquam pecuniaria capitalia pluribus pluviis conserta die mercurii (20 Aug.), post adventum Eesaei temporis annui saltem septem homines mortuos reliquerunt et magistratus inundationem divulgatam effecit. Mons…",2026-01-07 21:55:04+00:00
cdad678738613134154ec0352cacda1b,2025-08-20T14:32:04Z,'flooding rain',www.aljazeera.com,en,0.0,"At least 21 killed in Pakistan torrential rain, flooding",Schools shut and villages swept away as Pakistan reels from monsoon devastation.,https://www.aljazeera.com/news/2025/8/20/at-least-21-killed-in-pakistan-torrential-rain-flooding,https://media.zenfs.com/en/al_jazeera_289/88707f2c2bf1c5867a486d84b23f6220,,"At least 21 people have died in monsoon rain-related incidents in Pakistan, authorities said, pushing the nationwide death toll over the last week above 400 as floods and landslides continue to devas… [+2280 chars]",,"Mindestens 21 Tote bei sintflutartigen Regenfällen und Überschwemmungen in Pakistan. Während Pakistan unter der Monsunverwüstung leidet, werden Schulen geschlossen und Dörfer verwüstet.","At least 21 killed in Pakistan torrential rain, flooding. Schools shut and villages swept away as Pakistan reels from monsoon devastation.",Saltem 21 in Pakistania pluviae inundationis inundatione necata est. Scholae clausae et villae sicut Pakistan de ETESIA devastatione agitavit.,2026-01-07 21:55:04+00:00
19e0171e1e1eae0a7885d2e41b15de39,2025-08-20T15:03:31Z,'flooding house',economictimes.indiatimes.com,en,0.0,When mountains trap storms: The deadly mechanics of cloudbursts which have killed over 700 in Pakistan,"Pakistan is reeling from one of the deadliest monsoon seasons in recent memory, with more than 700 people killed since June. Flash floods triggered by cloudbursts have flattened homes, swept away farmland, and paralysed Karachi. Scientists link these disaster…",https://economictimes.indiatimes.com/news/international/world-news/when-mountains-trap-storms-the-deadly-mechanics-of-cloudbursts-which-have-killed-over-700-in-pakistan/articleshow/123412999.cms,"https://img.etimg.com/thumb/msid-123413456,width-1200,height-630,imgsize-56160,overlay-economictimes/articleshow.jpg",,"Pakistans National Disaster Management Authority (NDMA) reported that 706 people have died in rain-related incidents since 26 June. Khyber Pakhtunkhwa remains the worst affected with 427 deaths, foll… [+6819 chars]",,"Wenn Berge Stürme einfangen: Die tödlichen Mechanismen von Wolkenbrüchen, die in Pakistan über 700 Menschen getötet haben. Pakistan leidet unter einer der tödlichsten Monsunzeiten der letzten Zeit, in der seit Juni mehr als 700 Menschen ums Leben kamen. Durch Wolkenbrüche ausgelöste Sturzfluten haben Häuser dem Erdboden gleichgemacht, Ackerland weggeschwemmt und Karatschi lahmgelegt. Wissenschaftler verbinden diese Katastrophe…","When mountains trap storms: The deadly mechanics of cloudbursts which have killed over 700 in Pakistan. Pakistan is reeling from one of the deadliest monsoon seasons in recent memory, with more than 700 people killed since June. Flash floods triggered by cloudbursts have flattened homes, swept away farmland, and paralysed Karachi. Scientists link these disaster…","Cum procellae montes capiunt: Mechanica funesta nubium nubium quae supra 700 in Pakistan occiderunt. Pakistania ab uno e monstris recentissimis temporibus taeterrimis nutat, cum plus quam 700 homines ex mense Iunio interempti sunt. Inundationes mico Urguet nubila domos complanatas, arvum traxit, et Karachi paralytici. Phisici has clades coniungunt…",2026-01-07 21:55:04+00:00
cd2239f747578c794e962c05fde36940,2025-08-20T15:26:19Z,'flooding house',abcnews.go.com,en,0.0,'My daughter was stolen from us': Texas parents who lost children in Camp Mystic flooding speak at hearing,'My daughter was stolen from us': Texas parents who lost children in Camp Mystic flooding speak at hearinggo.com,https://abcnews.go.com/US/texas-parents-lost-children-mystic-camp-flooding-speak/story?id=124805304,https://i.abcnewsfe.com/a/77a029e2-d0fa-46e4-8b6c-7646cefbe363/Camp-mystic-hearing-gty-bh-250820_1755698603685_hpMain_16x9.jpg?w=1600,https://wayback.archive-it.org/all/20250821042616/https://abcnews.go.com/US/texas-parents-lost-children-mystic-camp-flooding-speak/story?id=124805304,The parents of children who were among the 27 killed at Camp Mystic on Texas' Guadalupe River during the historic Fourth of July flash flooding that devastated the Hill Country region began giving em… [+6031 chars],,"„Meine Tochter wurde uns gestohlen“: Eltern aus Texas, die bei der Überschwemmung in Camp Mystic Kinder verloren haben, sprechen bei der Anhörung. „Meine Tochter wurde uns gestohlen“: Eltern aus Texas, die ihre Kinder bei der Überschwemmung in Camp Mystic verloren haben, sprechen auf Hearinggo.com",'My daughter was stolen from us': Texas parents who lost children in Camp Mystic flooding speak at hearing. 'My daughter was stolen from us': Texas parents who lost children in Camp Mystic flooding speak at hearinggo.com,"'Filia mea nobis erepta est': parentes Texas, qui infantes in Castro mystico inundatione amissos audiunt, loquuntur. 'Filia mea nobis erepta est': parentes Texas, qui liberos amiserunt in Castro mystico inundatione, loquuntur in auditu.",2026-01-07 21:55:04+00:00
ca7b320d4382a49d85c5dee135de57d0,2025-08-20T17:35:25Z,'flooding',www.yahoo.com,en,0.0,North Carolina coasts prepare for flooding as Erin churns offshore,"Hurricane Erin threatened North Carolina's coast Wednesday with huge waves and flooding, as the strengthening Category 2 storm triggered mandatory evacuation...",https://www.yahoo.com/news/articles/north-carolina-coasts-prepare-flooding-173525066.html,https://media.zenfs.com/en/afp.com/464bcee76693069c1957f5002efeee69,,"Hurricane Erin threatened North Carolina's coast Wednesday with huge waves and flooding, as the strengthening Category 2 storm triggered mandatory evacuation orders despite its offshore path.
The US… [+3360 chars]",,"Die Küsten von North Carolina bereiten sich auf Überschwemmungen vor, während Erin vor der Küste abwandert. Hurrikan Erin bedrohte die Küste North Carolinas am Mittwoch mit riesigen Wellen und Überschwemmungen, da der stärker werdende Sturm der Kategorie 2 eine obligatorische Evakuierung auslöste ...","North Carolina coasts prepare for flooding as Erin churns offshore. Hurricane Erin threatened North Carolina's coast Wednesday with huge waves and flooding, as the strengthening Category 2 storm triggered mandatory evacuation...","Litora Carolina septentrionalis para inundationem sicut Erin ipsam litus conturbant. Procellae Erin minabatur Mercurii orae septentrionalis Carolinae fluctibus ingentibus et inundationibus, ut categoria firmans 2 tempestas nuncius evacuationis Urguet...",2026-01-07 21:55:04+00:00
f717e92bab4b2f383bd57350894c87cb,2025-08-20T18:01:48Z,'flooding rain',timesofindia.indiatimes.com,en,0.0,Mangal Lakshmi fame Naman Shaw on Mumbai Rains: I had to change routes twice due to flooding,"Mumbai grapples with severe waterlogging after three days of heavy rain. Actor Naman Shaw, currently starring in 'Mangal Lakshmi,' shared his commuting struggles and praised the city's resilience. He highlighted community support, including providing shelter …",https://timesofindia.indiatimes.com/tv/news/hindi/mangal-lakshmi-fame-naman-shaw-on-mumbai-rains-i-had-to-change-routes-twice-due-to-flooding/articleshow/123416439.cms,"https://static.toiimg.com/thumb/msid-123416393,width-1070,height-580,imgsize-47152,resizemode-75,overlay-toi_sw,pt-32,y_pad-40/photo.jpg",,"Anushka-Virat, Ranveer-Deepika to Sidharth-Kiara: Most memorable celebrity pregnancy announcements of all time",,"Mangal Lakshmi-Star Naman Shaw über die Regenfälle in Mumbai: Wegen der Überschwemmung musste ich zweimal die Route ändern. Mumbai hat nach drei Tagen starken Regens mit starker Staunässe zu kämpfen. Der Schauspieler Naman Shaw, der derzeit in „Mangal Lakshmi“ mitspielt, erzählte von seinen Schwierigkeiten beim Pendeln und lobte die Widerstandsfähigkeit der Stadt. Er betonte die Unterstützung der Gemeinschaft, einschließlich der Bereitstellung von Unterkünften …","Mangal Lakshmi fame Naman Shaw on Mumbai Rains: I had to change routes twice due to flooding. Mumbai grapples with severe waterlogging after three days of heavy rain. Actor Naman Shaw, currently starring in 'Mangal Lakshmi,' shared his commuting struggles and praised the city's resilience. He highlighted community support, including providing shelter …","Mangal Lakshmi fama Naman Shaw in Mumbai Rains: ego habui vias mutare bis propter inundationem. Mumbai dimicans cum gravibus waterlogging post triduum pluviae pluviae. Actor Naman Shaw, nunc in 'Mangal Lakshmi', suas certamina commutandi communicavit et urbis mollitiam laudavit. Auxilia communitatis extulit, inter tutelam suam praebens.",2026-01-07 21:55:04+00:00
ecaa7eac4c49c22d25bf0142b13d28bc,2025-08-20T19:53:26Z,'flooding',nypost.com,en,0.0,"Bryan Kohberger reveals graphic threats from fellow prison inmates, files sex harassment claim","Kohberger's request complains of “minute-by-minute verbal threats/harassment,” as well as prisoners flooding their own cells with toilet water and other mischief.",https://nypost.com/2025/08/20/us-news/bryan-kohberger-reveals-graphic-threats-from-fellow-prison-inmates-files-sex-harassment-claim/,https://nypost.com/wp-content/uploads/sites/2/2025/08/COMP-2GettyImages-2218306567-1.jpg?quality=75&strip=all&w=1024,,"Bryan Kohberger has filed a sexual harassment complaint and is begging for a transfer after a fellow inmate threatened to bh fk  him, and another made a crude sexual remark within days of his arrival… [+1509 chars]",,Bryan Kohberger enthüllt drastische Drohungen von Mithäftlingen im Gefängnis und reicht Klage wegen sexueller Belästigung ein. In Kohbergers Antrag wird über „minutengenaue verbale Drohungen/Belästigungen“ sowie über die Überschwemmung der eigenen Zellen mit Toilettenwasser durch Gefangene und anderen Unfug beklagt.,"Bryan Kohberger reveals graphic threats from fellow prison inmates, files sex harassment claim. Kohberger's request complains of “minute-by-minute verbal threats/harassment,” as well as prisoners flooding their own cells with toilet water and other mischief.","Bryan Kohberger minas graphicas ostendit ab inquilinis carceris societatum, imaginum vexatio sexualium petitorum. Kohberger postulatio queritur de ""minis verborum minutorum verborum / vexationum,"" necnon captivorum cellas suas inundantes aqua latrina et aliis maleficiis.",2026-01-07 21:55:04+00:00
e433efce0ac32bfc64c969f53dec78a7,2025-08-20T21:45:04Z,'flooding victims',www.nbcnews.com,en,0.0,Tearful parents of Camp Mystic flooding victims plead for tougher safety measures,"Between tears and anger, mothers and fathers of children who died at Camp Mystic in central Texas in a flood on July 4 pleaded with state lawmakers Wednesday to toughen safety at summer camps.",https://www.nbcnews.com/news/us-news/tearful-parents-camp-mystic-flooding-victims-plead-tougher-safety-meas-rcna226138,"https://media-cldnry.s-nbcnews.com/image/upload/t_nbcnews-fp-1200-630,f_auto,q_auto:best/rockcms/2025-07/250707-camp-mystic-vl-1214p-9abe2d.jpg",https://wayback.archive-it.org/all/20250821042739/https://www.nbcnews.com/news/us-news/tearful-parents-camp-mystic-flooding-victims-plead-tougher-safety-meas-rcna226138,"Between tears and anger, mothers and fathers of children who died at Camp Mystic in central Texas in a flood on July 4 pleaded with state lawmakers Wednesday to toughen safety at summer camps. 
One … [+5385 chars]",,"Weinende Eltern der Opfer der Überschwemmung in Camp Mystic plädieren für strengere Sicherheitsmaßnahmen. Unter Tränen und Wut appellierten Mütter und Väter von Kindern, die am 4. Juli im Camp Mystic in Zentral-Texas bei einer Überschwemmung ums Leben kamen, am Mittwoch an die Gesetzgeber des Bundesstaates, die Sicherheit in Sommercamps zu verschärfen.","Tearful parents of Camp Mystic flooding victims plead for tougher safety measures. Between tears and anger, mothers and fathers of children who died at Camp Mystic in central Texas in a flood on July 4 pleaded with state lawmakers Wednesday to toughen safety at summer camps.","Lacrimis parentibus Castrum mysticae Inundationis victimae Deprecantur modia Durior salus. Inter lacrimas et iram, matres et patres infantium qui apud Castra Mystica in Texas centrali Texas in diluvio mortui sunt die 4 mensis Iulii, rogaverunt cum legislatoribus publicis Mercurii ut in castris aestivis indurarentur salutem.",2026-01-07 21:55:04+00:00
c45f20a562cb982d2f204915c69bdb41,2025-08-20T22:02:27Z,'floods',www.bostonherald.com,en,0.0,Parents of kids swept away in Texas floods beg lawmakers to protect future campers,The bill has been dubbed the “Heaven’s 27 Camp Safety Act.”,https://www.bostonherald.com/2025/08/20/texas-floods-camp-mystic/,https://www.bostonherald.com/wp-content/uploads/2025/08/Texas_Floods_Camp_Mystic_75949-1.jpg?w=1024&h=682,,"By HEATHER HOLLINGSWORTH
When floodwaters rushed through a girls summer camp nestled in the Texas Hill Country, Michael McCowns 8-year-old daughter was among 27 campers and counselors swept to their… [+4414 chars]",,"Eltern von Kindern, die bei Überschwemmungen in Texas weggeschwemmt wurden, flehen den Gesetzgeber an, künftige Camper zu schützen. Der Gesetzentwurf wurde als „Heaven’s 27 Camp Safety Act“ bezeichnet.",Parents of kids swept away in Texas floods beg lawmakers to protect future campers. The bill has been dubbed the “Heaven’s 27 Camp Safety Act.”,"Parentes haedorum rapuerunt Texas inundationes rogant legislatores, ut in futuris campers tuerentur. Rogatio appellata est ""27 Castra Caeli Actus Salutis.""",2026-01-07 21:55:04+00:00
05fcc04b2048c11cf43fb1019efce360,2025-08-21T00:51:44Z,'flooding',www.abc.net.au,en,0.0,"More torrential rain, flooding forecast for large parts of NSW",Emergency service crews are on alert as heavy rain falls over parts of NSW that are still recovering from recent flooding.,https://www.abc.net.au/news/2025-08-21/bom-issues-flood-warning-parts-nsw-heavy-rain/105679642,https://live-production.wcms.abc-cdn.net.au/5948b3d94a739402655e4d2b180456af?impolicy=wcms_watermark_news&cropH=595&cropW=1058&xPos=4&yPos=0&width=862&height=485&imformat=generic,,"Emergency service crews are on alert as torrential rain falls over large parts of New South Wales, some of which are still recovering from recent flooding.
The NSW State Emergency Service (SES) resc… [+3084 chars]",,"Weitere sintflutartige Regenfälle und Überschwemmungen für weite Teile von New South Wales sind vorhergesagt. Rettungskräfte sind in Alarmbereitschaft, da in Teilen von New South Wales, die sich noch immer von den jüngsten Überschwemmungen erholen, heftiger Regen niedergeht.","More torrential rain, flooding forecast for large parts of NSW. Emergency service crews are on alert as heavy rain falls over parts of NSW that are still recovering from recent flooding.","Plures imbres torrentes, inundationes magnarum partium NSW praenuntiant. Subitis servitium nautarum intenti sunt sicut pluvia gravis super partes NSW, quae adhuc ex recenti inundatione convalescunt.",2026-01-07 21:55:04+00:00
d2fae774dcd5dccc78f4b40662a8df8d,2025-08-21T04:54:00Z,'flooding evacuation',www.japantimes.co.jp,en,0.0,Is historically arid Beijing ready for a wetter future?,"Recent floods revealed how historically dry Beijing, home to 22 million people, remains insufficiently prepared for what experts say will be an increasingly wet future.",https://www.japantimes.co.jp/environment/2025/08/21/climate-change/arid-beijing-wetter-future/,https://www.japantimes.co.jp/japantimes/uploads/images/2025/08/21/488975.JPG?v=3.1,https://web.archive.org/web/20250821075425/https://www.japantimes.co.jp/environment/2025/08/21/climate-change/arid-beijing-wetter-future/,"BEIJING During last month's deadly floods in Beijing, rural hotel owner Cui Jian and his guests spent the night stranded on a rooftop in torrential rain before rescuers battled through meter-high mud… [+5687 chars]",,"Ist das historisch trockene Peking bereit für eine feuchtere Zukunft? Die jüngsten Überschwemmungen haben gezeigt, dass das historisch trockene Peking, in dem 22 Millionen Menschen leben, nach wie vor unzureichend auf eine zunehmend nassere Zukunft vorbereitet ist, sagen Experten.","Is historically arid Beijing ready for a wetter future?. Recent floods revealed how historically dry Beijing, home to 22 million people, remains insufficiently prepared for what experts say will be an increasingly wet future.","Estne historice aridiora Beijing parata ad tempus aquosum futurum?. Recentes inundationes declaraverunt quomodo historice siti Beijing, domus ad 22 miliones hominum, parum parata manet quod periti dicunt futurum magis infectum futurum.",2026-01-07 21:55:04+00:00
4530c6d12ffbae8571dda6c584f1f0ac,2025-08-21T06:22:10Z,'deluge',pypi.org,en,0.0,lm-deluge 0.0.45,Python utility for using LLM API models.,https://pypi.org/project/lm-deluge/0.0.45/,,,"A required part of this site couldnt load. This may be due to a browser
 extension, network issues, or browser settings. Please check your
 connection, disable any ad blockers, or try using a diffe… [+12 chars]",,"lm-Sintflut 0,0,45. Python-Dienstprogramm zur Verwendung von LLM-API-Modellen.",lm-deluge 0.0.45. Python utility for using LLM API models.,lm-diluvium 0.0.45. Pythonis utilitas ad exempla LLM API utendi.,2026-01-07 21:55:04+00:00
026eadec5e2261f0a24af9011b096745,2025-08-21T06:40:02Z,'flooding rain',www.globalsecurity.org,en,0.0,Pakistan Hit By More Fatal Flooding As Recovery Crews Look For Dead,Pakistan continued to be hit by torrential rains with more than 20 people dying on August 20 in fresh flooding that has crippled several parts of the country over the last weeks.,https://www.globalsecurity.org/wmd/library/news/pakistan/2025/pakistan-250820-rferl01.htm,,https://web.archive.org/web/20250821095424/https://www.globalsecurity.org/wmd/library/news/pakistan/2025/pakistan-250820-rferl01.htm,"By RFE/RL's Radio Mashaal August 20, 2025
Pakistan continued to be hit by torrential rains with more than 20 people dying on August 20 in fresh flooding that has crippled several parts of the countr… [+2265 chars]",,"Pakistan wird von weiteren tödlichen Überschwemmungen heimgesucht, während Rettungskräfte nach Toten suchen. Pakistan wurde weiterhin von heftigen Regenfällen heimgesucht. Am 20. August starben mehr als 20 Menschen bei erneuten Überschwemmungen, die in den letzten Wochen mehrere Teile des Landes lahmgelegt haben.",Pakistan Hit By More Fatal Flooding As Recovery Crews Look For Dead. Pakistan continued to be hit by torrential rains with more than 20 people dying on August 20 in fresh flooding that has crippled several parts of the country over the last weeks.,"Pakistan ledo Magis funesta inundatio sicut Recuperatio Socios Quaerite Mortuus. Pakistan continuavit imbribus torrentibus plus quam XX homines ante XX Kalendas Septembris morientibus in recenti inundatione, quae per ultimas hebdomades complures partes patriae debilitavit.",2026-01-07 21:55:04+00:00
61600e9155c7f3e0c613a2692f281687,2025-08-21T09:31:27Z,'flooding',www.aljazeera.com,en,0.0,What’s causing Pakistan’s deadly floods?,Further flooding is predicted in cities including Karachi in the south of Pakistan.,https://www.aljazeera.com/news/2025/8/21/whats-causing-pakistans-deadly-floods,https://www.aljazeera.com/wp-content/uploads/2025/08/afp_68a6da0304bc-1755765251.jpg?resize=1920%2C1440,https://web.archive.org/web/20250824152004/https://www.aljazeera.com/news/2025/8/21/whats-causing-pakistans-deadly-floods,"Pakistan has been reeling from flooding triggered by torrential rains, with nearly 400 people killed since August 14.
On Wednesday, Karachi was inundated following a heavy downpour, paralysing the s… [+11694 chars]",,Was verursacht die tödlichen Überschwemmungen in Pakistan? Weitere Überschwemmungen werden in Städten wie Karachi im Süden Pakistans vorhergesagt.,What’s causing Pakistan’s deadly floods?. Further flooding is predicted in cities including Karachi in the south of Pakistan.,Quid causat inundationes Pakistan letales?. Praeterea inundatio in urbibus Karachi possidet in Pakistania meridiem.,2026-01-07 21:55:04+00:00
e85ae414a1a50bcc0463b6369978ae9f,2025-08-21T10:26:11Z,'flooding disruption',timesofindia.indiatimes.com,en,0.0,Mumbai University reschedules exams amid heavy rains: Check revised schedule here,"Mumbai remained battered by relentless rains this week, prompting the IMD to issue a red alert as flooding crippled transport, diverted flights, and forced evacuations. The disruption spilled into academics with Mumbai University postponing exams scheduled on…",https://timesofindia.indiatimes.com/education/news/mumbai-university-reschedules-exams-amid-heavy-rains-check-revised-schedule-here/articleshow/123430770.cms,"https://static.toiimg.com/thumb/msid-123430744,width-1070,height-580,imgsize-119794,resizemode-75,overlay-toi_sw,pt-32,y_pad-40/photo.jpg",https://web.archive.org/web/20250821105838/https://timesofindia.indiatimes.com/education/news/mumbai-university-reschedules-exams-amid-heavy-rains-check-revised-schedule-here/articleshow/123430770.cms,"Most affordable bikes with cruise control under Rs 4 lakh: Hero Glamour, KTM Duke and more",,"Die Universität Mumbai verschiebt Prüfungen aufgrund starker Regenfälle: Den geänderten Zeitplan finden Sie hier. Mumbai wurde diese Woche weiterhin von unerbittlichen Regenfällen heimgesucht, was das IMD dazu veranlasste, Alarmstufe Rot auszulösen, da Überschwemmungen den Transport lahmlegten, Flüge umleiteten und Evakuierungen erzwungen wurden. Die Störung breitete sich auch auf die Akademiker aus, da die Universität Mumbai ihre Prüfungen verschob, die für… geplant waren.","Mumbai University reschedules exams amid heavy rains: Check revised schedule here. Mumbai remained battered by relentless rains this week, prompting the IMD to issue a red alert as flooding crippled transport, diverted flights, and forced evacuations. The disruption spilled into academics with Mumbai University postponing exams scheduled on…","Mumbai University reschedulae scribendae inter imbres graves: Perscriptio schedula hic recognita. Mumbai hac septimana inclementiarum imbribus quassatus manebat, suggerens IMD ut vigiles rubrae inundationes debiles onerarias, aversas volatus, purgationes coegit. Disruptio in academicos effuderit cum Mumbai Universitatis scribendae dilationem accedant in ...",2026-01-07 21:55:04+00:00
37dbe8b4c4de50c74775025178af5385,2025-08-21T11:04:09Z,'flooding relief',www.rte.ie,en,0.0,"Additional funding to address flooding, coastal erosion",More funding is being provided to local authorities to help address flooding and coastal erosion.,https://www.rte.ie/news/2025/0821/1529490-flooding-funding/,https://www.rte.ie/images/0021e303-1600.jpg,,"More funding is being provided to local authorities to help address flooding and coastal erosion.
The funding under the OPW's Minor Flood Mitigation Works and Coastal Protection Scheme, also known a… [+2898 chars]",,"Zusätzliche Mittel zur Bekämpfung von Überschwemmungen und Küstenerosion. Den lokalen Behörden werden mehr Mittel zur Verfügung gestellt, um Überschwemmungen und Küstenerosion zu bekämpfen.","Additional funding to address flooding, coastal erosion. More funding is being provided to local authorities to help address flooding and coastal erosion.","Addito sumptu inscriptionis inundationem, exesa maritima. Plures fundus auctoritatibus localibus praebetur ut auxilium inscriptionis inundationes et exesa maritima.",2026-01-07 21:55:04+00:00
21c993b519eed9bbe946de16d6850341,2025-08-21T12:00:00Z,'floods',news.un.org,en,0.0,"Monsoon floods kill more than 700 in Pakistan, with heavy rains set to continue","Heavy monsoon rains and flash floods have killed at least 739 people across Pakistan since late June, displacing thousands and destroying homes and crops, with more severe weather expected in the weeks ahead, according to UN agencies and national authorities.…",https://news.un.org/en/story/2025/08/1165699,https://global.unitednations.entermediadb.net/assets/mediadb/services/module/asset/downloads/preset/Libraries/Production%20Library/21-08-2025-UNICEF-Pakistan.jpeg/image770x420cropped.jpg,,"The National Disaster Management Authority has also reported 978 injuries and the destruction or damage of more than 2,400 houses, while over 1,000 livestock have been lost as of Thursday, 21 August.… [+2905 chars]",,"Monsun-Überschwemmungen töten in Pakistan mehr als 700 Menschen, und es wird weiterhin heftige Regenfälle geben. Heftige Monsunregenfälle und Sturzfluten haben seit Ende Juni in ganz Pakistan mindestens 739 Menschen das Leben gekostet, Tausende vertrieben und Häuser und Ernten zerstört. Nach Angaben von UN-Organisationen und nationalen Behörden ist in den kommenden Wochen mit noch schlimmeren Unwettern zu rechnen.","Monsoon floods kill more than 700 in Pakistan, with heavy rains set to continue. Heavy monsoon rains and flash floods have killed at least 739 people across Pakistan since late June, displacing thousands and destroying homes and crops, with more severe weather expected in the weeks ahead, according to UN agencies and national authorities.…","Monsoon inundationes plus quam 700 in Pakistania occidunt, cum imbribus gravibus pergere pergunt. Imbres graves et diluvia mico interfecerunt saltem 739 homines trans Pakistania ab nuper Iunio, milia disponens domos et fruges destruens, graviore tempestate expectata in hebdomadibus praemissis, secundum IR institutionum et nationum auctoritates....",2026-01-07 21:55:04+00:00
971350ea3604c5757de858e3f5e07817,2025-08-21T12:51:00Z,'flooding area',gothamist.com,en,0.0,"NYC area could get 13-foot waves, coastal flooding due to Hurricane Erin impacts","Large waves crash along Rockaway Beach in Queens on Jan. 10, 2024, after a storm brought high winds and rain to the area.
 

The National Weather Service issued a coastal flood watch for Thursday night, and a high-surf advisory is in effect until Friday night…",https://gothamist.com/news/nyc-area-could-get-13-foot-waves-coastal-flooding-due-to-hurricane-erin-impacts,https://api-prod.gothamist.com/images/342875/fill-1200x650|format-webp|webpquality-85/,,"Hurricane Erin is making waves in the New York metro area, even as the megastorm is tracking far offshore.
The National Weather Service has issued a coastal flood warning for the southern shores of … [+1415 chars]",,"In der Gegend von NYC könnte es aufgrund der Auswirkungen des Hurrikans Erin zu 13 Fuß hohen Wellen und Überschwemmungen an der Küste kommen. Am 10. Januar 2024 brachen große Wellen am Rockaway Beach in Queens zusammen, nachdem ein Sturm starke Winde und Regen in die Gegend gebracht hatte.
 

Der Nationale Wetterdienst hat für Donnerstagnacht eine Hochwasserwarnung für die Küste herausgegeben, und bis Freitagnacht gilt eine Warnung vor hoher Brandung …","NYC area could get 13-foot waves, coastal flooding due to Hurricane Erin impacts. Large waves crash along Rockaway Beach in Queens on Jan. 10, 2024, after a storm brought high winds and rain to the area.
 

The National Weather Service issued a coastal flood watch for Thursday night, and a high-surf advisory is in effect until Friday night…","NYC area 13-pedales fluctus obtinere potuit, inundatio maritima ob impulsus Procellae Erin. Magnae fluctus per Rockaway Litus in Reginis die 10 mensis Ianuarii anno 2024 fragunt, postquam tempestas altos ventos et pluvias in aream attulit.
 

Tempestas Nationalis Servitium maritimum in diluvio vigiliae ad Iovis noctem edita est, et summus salo advisorium in nocte Veneris usque ad effectum est…",2026-01-07 21:55:04+00:00
7e471e82d81818a4cf2388a29c7ad81b,2025-08-21T12:54:02Z,'flooding rain',freerepublic.com,en,0.0,Parents of girls killed in Texas camp flooding say ‘commonsense’ measures were absent as lawmakers consider safety bill,"“One of the biggest contributors to what we found out– and it could have been any camp, I promise you it could have been any camp– was complacency and human nature, and out of sight, out of mind,” said Republican Texas state Sen. Charles Perry, the committee’…",https://freerepublic.com/focus/f-news/4335837/posts,,,"Skip to comments.
Parents of girls killed in Texas camp flooding say commonsense measures were absent as lawmakers consider safety billCNN ^
 | August 20, 2025
 | Nicquel Terry Ellis
Posted on 08… [+3785 chars]",,"Eltern von Mädchen, die bei Überschwemmungen in einem Lager in Texas ums Leben kamen, sagen, dass „vernünftige“ Maßnahmen fehlten, während der Gesetzgeber über ein Sicherheitsgesetz nachdachte. „Einer der größten Faktoren für das, was wir herausgefunden haben – und es hätte jedes Lager sein können, ich verspreche Ihnen, es hätte jedes Lager sein können – war Selbstgefälligkeit und die menschliche Natur, und zwar außer Sichtweite, außer Sinn“, sagte der republikanische Senator des Bundesstaates Texas, Charles Perry, der Ausschuss …","Parents of girls killed in Texas camp flooding say ‘commonsense’ measures were absent as lawmakers consider safety bill. “One of the biggest contributors to what we found out– and it could have been any camp, I promise you it could have been any camp– was complacency and human nature, and out of sight, out of mind,” said Republican Texas state Sen. Charles Perry, the committee’…","Parentes puellarum interfectis in castris Texas inundationis dicunt 'consentationes communes absentes ut legislatores libellum salutis consulant. ""Unus e maximis contributoribus ad id quod invenimus - et castra esse potuit, polliceor tibi posse esse aliqua campana - complacentiam et humanam naturam, et extra conspectum, mente"" dixit Republican Texas Sen. Charles Perry, Consilium.",2026-01-07 21:55:04+00:00
95a4c409c05342cad355d924014ffd22,2025-08-21T13:30:00Z,'floods',apnews.com,en,0.0,Hurricane Erin stirs up strong winds and floods part of a NC highway,Hurricane Erin has battered North Carolina’s Outer Banks with strong winds and waves that flooded part of the main highway and surged under beachfront homes.,https://apnews.com/article/hurricane-erin-outer-banks-waves-winds-b570906ec052872caf3e557d0f5242ca,https://bloximages.newyork1.vip.townnews.com/richmond.com/content/tncms/assets/v3/editorial/c/93/c931cb48-3e37-5c8c-a05b-b5019e105c2c/68a71ff863398.preview.jpg?crop=1274%2C669%2C0%2C23&resize=1200%2C630&order=crop%2Cresize,,"RODANTHE, N.C. (AP) Hurricane Erin battered North Carolinas Outer Banks with strong winds and waves that flooded part of the main highway and surged under beachfront homes as the monster storm slowly… [+6487 chars]",,"Hurrikan Erin verursacht starke Winde und überschwemmt einen Teil einer Autobahn in North Carolina. Hurrikan Erin hat die Outer Banks von North Carolina mit starken Winden und Wellen heimgesucht, die einen Teil der Hauptstraße überschwemmten und Häuser am Strand unter Wasser setzten.",Hurricane Erin stirs up strong winds and floods part of a NC highway. Hurricane Erin has battered North Carolina’s Outer Banks with strong winds and waves that flooded part of the main highway and surged under beachfront homes.,"Procellae Erin ventos validos excitat et inundationes in parte viae NCae. Procellae Erin cum ventis et fluctibus validis ripas Carolinae Septentrionalis quassatae sunt, quae inundaverunt partem viae principalis et domos sub litore movit.",2026-01-07 21:55:04+00:00
03b70b3286e80ad73aa59859a967714d,2025-08-21T16:03:20Z,'flooding',www.pbs.org,en,0.0,Hurricane Erin whips up strong winds and some flooding as it slowly moves further out to sea,Authorities predicted that the largest swells would whip up life-threatening rip currents from Florida to New England.,https://www.pbs.org/newshour/nation/hurricane-erin-whips-up-strong-winds-and-some-flooding-as-it-slowly-moves-further-out-to-sea,https://d3i6fh83elv35t.cloudfront.net/static/2025/08/2025-08-21T015937Z_1806558559_RC2DBGALY7FI_RTRMADP_3_STORM-ERIN-NORTH-CAROLINA-1024x695.jpg,,"RODANTHE, N.C. (AP) Hurricane Erin battered North Carolinas Outer Banks with strong winds and waves that flooded part of the main highway and surged under beachfront homes as the monster-sized storm … [+5138 chars]",,"Hurrikan Erin sorgt für starke Winde und einige Überschwemmungen, während er sich langsam weiter aufs Meer hinaus bewegt. Die Behörden sagten voraus, dass die stärksten Wellen lebensgefährliche Strömungen von Florida nach Neuengland auslösen würden.",Hurricane Erin whips up strong winds and some flooding as it slowly moves further out to sea. Authorities predicted that the largest swells would whip up life-threatening rip currents from Florida to New England.,Procellae Erin validas ventos verberat et inundatio quaedam tardius ad mare ulterius tendit. Auctoritates praedixit maximas tumores e Florida ad Novam Angliam currentes vitales minaces carpendos fore.,2026-01-07 21:55:04+00:00
3483af0ac493a6f7873ad985b62a555e,2025-08-21T16:28:57Z,'flooding storm',www.npr.org,en,0.0,Hurricane Erin brings flooding to parts of Outer Banks as it pivots from East Coast,"The storm flooded parts of North Carolina's Outer Banks, including a section of the main highway. It's now turning away from the East Coast, but dangerous surf and rip currents are likely from Florida to Maine.",https://www.npr.org/2025/08/21/nx-s1-5509661/hurricane-erin-outer-banks-north-carolina-east-coast,https://npr.brightspotcdn.com/dims3/default/strip/false/crop/4240x2385+0+447/resize/1400/quality/100/format/jpeg/?url=http%3A%2F%2Fnpr-brightspot.s3.amazonaws.com%2F19%2F75%2F8ff15bbf49dc90474c60713cd96a%2Fap25233432384641.jpg,,"Although remaining well offshore as it moves north along the U.S. eastern seaboard, Hurricane Erin is bringing rain, storm surge and dangerous rip currents to coastal communities in North Carolina an… [+2697 chars]",,"Hurrikan Erin bringt Überschwemmungen in Teile von Outer Banks, da er von der Ostküste aus schwenkt. Der Sturm überschwemmte Teile der Outer Banks von North Carolina, darunter einen Abschnitt der Hauptstraße. Es wendet sich jetzt von der Ostküste ab, aber gefährliche Brandungs- und Strömungen sind von Florida bis Maine wahrscheinlich.","Hurricane Erin brings flooding to parts of Outer Banks as it pivots from East Coast. The storm flooded parts of North Carolina's Outer Banks, including a section of the main highway. It's now turning away from the East Coast, but dangerous surf and rip currents are likely from Florida to Maine.","Procellae Erin inundationem ad partes Exteriores ripas adducit quasi cardines ab oriente oram. Tempestas inundata partium Carolinae Septentrionalis exterioris riparum cum sectione viæ principalis. Nunc ab oriente oram aversione est, sed periculosa salo et flumina rip a Florida ad Cenomanniam verisimile sunt.",2026-01-07 21:55:04+00:00
32e21ade2f37b4ec8dd665ce9d5ead4a,2025-08-21T19:10:25Z,'flooding',abcnews.go.com,en,0.0,WATCH: Hurricane Erin brings coastal flooding to North Carolina,Hurricane Erin caused massive coastal flooding in North Carolina on Tuesday as the storm continued its northward march up the East Coast.,https://abcnews.go.com/US/video/hurricane-erin-brings-coastal-flooding-north-carolina-124857609,https://i.abcnewsfe.com/a/21f73355-a6f7-44d2-a4df-15a515ed32bf/250821_abc_social_sc_hurricane_erin_hpMain_9x16.jpg?w=992,,"<ul><li>Trump says he will go out with police, military to patrol DC Thursday night
</li><li>Russia rejects security guarantees as Putins forces pummel Ukraine
</li><li>Appeals court throws out Tru… [+4512 chars]",,"ANSEHEN: Hurrikan Erin bringt Überschwemmungen an der Küste von North Carolina. Hurrikan Erin verursachte am Dienstag in North Carolina massive Überschwemmungen an der Küste, während der Sturm seinen Marsch nach Norden entlang der Ostküste fortsetzte.",WATCH: Hurricane Erin brings coastal flooding to North Carolina. Hurricane Erin caused massive coastal flooding in North Carolina on Tuesday as the storm continued its northward march up the East Coast.,CUSTODIA: Procellae Erin inundationem maritimam ad Carolinam Septentrionalem affert. Procellae Erin ingens inundationem maritimam in Carolina Septentrionali die Martis effecit ut tempestas septentrionem suam septentrionalem versus orientem oram continuavit.,2026-01-07 21:55:04+00:00
e6155bf9405e90f3769761af14bbf14a,2025-08-21T19:26:07Z,'deluge',www.abc.net.au,en,0.0,When NSW's rainfall will make way for 'late winter warmth',"The August deluge has broken some NSW records, but a late ""winter warmth"" is on the horizon, with relief from the persistent rain forecast for next week.",https://www.abc.net.au/news/2025-08-22/rain-forecast-to-finally-dry-up-on-nsw-coast/105680670,https://live-production.wcms.abc-cdn.net.au/8b2d010ca9d54b0fc320061d16c53207?impolicy=wcms_watermark_news&cropH=1125&cropW=2000&xPos=0&yPos=139&width=862&height=485&imformat=generic,https://web.archive.org/web/20250821202129/https://www.abc.net.au/news/2025-08-22/rain-forecast-to-finally-dry-up-on-nsw-coast/105680670,"After weeks of persistent rain, parts of the NSW coast have now recorded their wettest August in 126 years.
In what is historically a relatively dry and sunny time of year, Sydney has enjoyed only f… [+4093 chars]",,"Wenn die Niederschläge in NSW der „späten Winterwärme“ weichen. Die Überschwemmung im August hat einige NSW-Rekorde gebrochen, aber eine späte „Winterwärme“ zeichnet sich ab, mit Erleichterung durch den anhaltenden Regen, der für nächste Woche vorhergesagt wird.","When NSW's rainfall will make way for 'late winter warmth'. The August deluge has broken some NSW records, but a late ""winter warmth"" is on the horizon, with relief from the persistent rain forecast for next week.","Cum pluviis NSW iter faciet pro 'tepore hiemis sero'. Augustus diluvium aliquas tabulas NSW fregit, sed sero ""calor hiemalis"" in horizonte est, cum subsidio futurae septimanae pluviae assiduae praesagio.",2026-01-07 21:55:04+00:00
a4dba7c480415a907d7408553ddd742e,2025-08-21T19:56:05Z,'flooding rain',newsonjapan.com,en,0.0,Typhoon No. 12 Makes Landfall in Kagoshima,"Typhoon No. 12 made landfall near Hioki City in Kagoshima Prefecture on Thursday afternoon, bringing torrential rain, flooding, and landslides across the region. Authorities warned that a linear rainband could form through August 22nd, heightening the risk of…",https://newsonjapan.com/article/146640.php,https://i2.ytimg.com/vi/GrBO3sVedsc/mqdefault.jpg,https://web.archive.org/web/20250823051157/https://newsonjapan.com/article/146640.php,"KAGOSHIMA, Aug 22 (News On Japan) -
 Typhoon No. 12 made landfall near Hioki City in Kagoshima Prefecture on Thursday afternoon, bringing torrential rain, flooding, and landslides across the region.… [+1598 chars]",,"Taifun Nr. 12 trifft in Kagoshima auf Land. Taifun Nr. 12 traf am Donnerstagnachmittag in der Nähe der Stadt Hioki in der Präfektur Kagoshima auf Land und sorgte für sintflutartige Regenfälle, Überschwemmungen und Erdrutsche in der gesamten Region. Die Behörden warnten davor, dass sich bis zum 22. August ein lineares Regenband bilden könnte, was das Risiko von… erhöht.","Typhoon No. 12 Makes Landfall in Kagoshima. Typhoon No. 12 made landfall near Hioki City in Kagoshima Prefecture on Thursday afternoon, bringing torrential rain, flooding, and landslides across the region. Authorities warned that a linear rainband could form through August 22nd, heightening the risk of…","Typhoon No. 12 Landfall in Kagoshima facit. Typhoon No. 12 fecit terram prope Hioki urbem in Kagoshima Praefecturae diei Iovis post meridiem, imbrem torrentem inundantem et per regionem eiectum. Auctoritates monuerunt ut pluvialis linearis per 22 Augusti formare posset, cum periculo augeretur.",2026-01-07 21:55:04+00:00
f144dce1b9bf4ebef35b1b34121a5fda,2025-08-22T00:06:00Z,'flooding',www.cbsnews.com,en,0.0,Texas flooding survivors still struggling to recover amid push to pass new safety laws,The Texas legislature passed a law that requires youth camps to created detailed evacuation plans after 27 girls died in flooding at Camp Mystic in Texas. Jason Allen reports that residents are still struggling to recover.,https://www.cbsnews.com/video/texas-flooding-survivors-still-struggling-to-recover-amid-push-to-pass-new-safety-laws/,https://assets2.cbsnewsstatic.com/hub/i/r/2025/08/22/29475015-a101-4d53-8dd6-4769ccefbf50/thumbnail/1200x630/401b9bdde8bb3429cbc57f55f556b0c4/cbsn-fusion-texas-flooding-survivors-still-struggling-to-recover-amid-push-to-pass-new-safety-laws-thumbnail.jpg,,Copyright ©2025 CBS Interactive Inc. All rights reserved.,,"Überlebende der Überschwemmung in Texas kämpfen immer noch darum, sich zu erholen, da sie auf die Verabschiedung neuer Sicherheitsgesetze drängen. Der texanische Gesetzgeber hat ein Gesetz verabschiedet, das Jugendlager verpflichtet, detaillierte Evakuierungspläne zu erstellen, nachdem 27 Mädchen bei Überschwemmungen im Camp Mystic in Texas ums Leben kamen. Jason Allen berichtet, dass die Bewohner immer noch Schwierigkeiten haben, sich zu erholen.",Texas flooding survivors still struggling to recover amid push to pass new safety laws. The Texas legislature passed a law that requires youth camps to created detailed evacuation plans after 27 girls died in flooding at Camp Mystic in Texas. Jason Allen reports that residents are still struggling to recover.,Texas inundatio superstites adhuc laborantes inter trudes recuperare novas leges salutis ferendae sunt. Legislaturae Texas legem tulit quae iuvenum castra requirit ad consilia evacuanda accurata creata post 27 puellas in inundatione apud Castra Mystica in Texas mortua est. Jason Allen refert incolas adhuc recuperare laborantes.,2026-01-07 21:55:04+00:00
e50d6d45fe8546f8dc55924d2b1af79d,2025-08-22T00:13:07Z,'flooding buildings',www.pjstar.com,en,0.0,This Downtown Peoria business closed due to flooding issue. Here's what we know,"On Facebook, the business wrote that it was ""not safe to operate business under these conditions.""",https://www.pjstar.com/story/news/local/2025/08/21/downtown-peoria-illinois-business-closed-due-to-flooding-issue-twin-towers-mall/85765391007/,https://s.yimg.com/ny/api/res/1.2/k9mviEiDxweXmW.b05O3Pw--/YXBwaWQ9aGlnaGxhbmRlcjt3PTEyMDA7aD03OTk7Y2Y9d2VicA--/https://media.zenfs.com/en/journal-star/913b6b399b1edb16c33603e390e96275,http://archive.md/20250822113221/https://www.pjstar.com/story/news/local/2025/08/21/downtown-peoria-illinois-business-closed-due-to-flooding-issue-twin-towers-mall/85765391007/,"Water rained down from the ceiling inside of Meet me on Madison in Downtown Peoria on Aug. 21.
The small business situated inside the Twin Towers Mall announced it was currently closed due to the is… [+1807 chars]",,"Dieses Geschäft in der Innenstadt von Peoria wurde wegen Überschwemmungen geschlossen. Das wissen wir. Auf Facebook schrieb das Unternehmen, dass es „unter diesen Bedingungen nicht sicher sei, Geschäfte zu betreiben“.","This Downtown Peoria business closed due to flooding issue. Here's what we know. On Facebook, the business wrote that it was ""not safe to operate business under these conditions.""","Hoc negotium clausum Peoria Downtown ob inundationem proventus. Hic est quod scimus. In Facebook, negotium scripsit ""non tutum his conditionibus negotium agere"".",2026-01-07 21:55:04+00:00
1d1e6f17591386c85a360313264faab7,2025-08-22T05:56:27Z,'flooding',www.counterpunch.org,en,0.0,Global Floods Beckon Noah,"Devastating widespread flooding and flash floods are becoming normal. Try spinning a globe and stop at any continent, other than Antarctica, blindfolded, point a finger, spot a flood. There’s nothing fake about the global warming leviathan absorbing more mois…",https://www.counterpunch.org/2025/08/22/global-floods-beckon-noah/,https://www.counterpunch.org/wp-content/uploads/2025/08/dibakar-roy-YIqANSWjCo4-unsplash-scaled.jpg,,"Image by Dibakar Roy.
Devastating widespread flooding and flash floods are becoming normal. Try spinning a globe and stop at any continent, other than Antarctica, blindfolded, point a finger, spot a… [+7597 chars]",,"Globale Überschwemmungen locken Noah. Verheerende großflächige Überschwemmungen und Sturzfluten sind zur Normalität geworden. Versuchen Sie, einen Globus zu drehen und mit verbundenen Augen auf einem beliebigen Kontinent außer der Antarktis anzuhalten, mit dem Finger zu zeigen und eine Überschwemmung zu entdecken. Es ist nichts Falsches daran, dass der Leviathan der globalen Erwärmung mehr Feuchtigkeit aufnimmt …","Global Floods Beckon Noah. Devastating widespread flooding and flash floods are becoming normal. Try spinning a globe and stop at any continent, other than Antarctica, blindfolded, point a finger, spot a flood. There’s nothing fake about the global warming leviathan absorbing more mois…","Global Floods Beckon Noah. Inundationes vastantes et inundationes splendentes normales fiunt. Conare globum spheara et in quavis continente, praeter Antarcticam, velata, digito monstrare, maculam inundare. Nihil fictum est de calefactione globali leviathan plus mois absorbentis…",2026-01-07 21:55:04+00:00
9026b43eec1369625df0bed67281926d,2025-08-22T09:39:55Z,'floods',www.globalsecurity.org,en,0.0,"Monsoon floods kill more than 700 in Pakistan, with heavy rains set to continue","Heavy monsoon rains and flash floods have killed at least 739 people across Pakistan since late June, displacing thousands and destroying homes and crops, with more severe weather expected in the weeks ahead, according to UN agencies and national authorities.",https://www.globalsecurity.org/wmd/library/news/pakistan/2025/pakistan-250821-unnews01.htm,,,"By Vibhu Mishra21 August 2025 - Heavy monsoon rains and flash floods have killed at least 739 people across Pakistan since late June, displacing thousands and destroying homes and crops, with more se… [+3405 chars]",,"Monsun-Überschwemmungen töten in Pakistan mehr als 700 Menschen, und es wird weiterhin heftige Regenfälle geben. Heftige Monsunregenfälle und Sturzfluten haben seit Ende Juni in ganz Pakistan mindestens 739 Menschen das Leben gekostet, Tausende vertrieben und Häuser und Ernten zerstört. Nach Angaben von UN-Organisationen und nationalen Behörden ist in den kommenden Wochen mit noch schlimmeren Unwettern zu rechnen.","Monsoon floods kill more than 700 in Pakistan, with heavy rains set to continue. Heavy monsoon rains and flash floods have killed at least 739 people across Pakistan since late June, displacing thousands and destroying homes and crops, with more severe weather expected in the weeks ahead, according to UN agencies and national authorities.","Monsoon inundationes plus quam 700 in Pakistania occidunt, cum imbribus gravibus pergere pergunt. Imbres graves et diluvia mico interfecerunt saltem 739 homines trans Pakistan ab nuper Iunio, mille divellentes domos et fruges destruentes, tempestatibus gravioribus in hebdomadibus ante expectatis, secundum IR institutionum et auctoritates nationales.",2026-01-07 21:55:04+00:00
9c95328eb84fd2713844cef137316156,2025-08-22T13:00:00Z,'floods',cheezburger.com,en,0.0,"‘I’ve never had to deal with someone like this before’: Lead employee deals with a 40-something coworker who floods chat with emoji-filled pings and needless questions, so she sets strict boundaries","Leadership turns into digital daycare when a 40-something coworker treats chat like a playground, pinging nonstop with emoji riddles, ellipses confetti, and questions that answer themselves while draining the will to live. The work gets done despite the perfo…",https://cheezburger.com/42062853/ive-never-had-to-deal-with-someone-like-this-before-lead-employee-deals-with-a-40-something-coworker,https://i.chzbgr.com/thumb1200/42062853/h54378393/who-floods-chat-with-emoji-filled-pings-and-needless-questions-so-she-sets-strict-boundaries,https://web.archive.org/web/20250824085939/https://cheezburger.com/42062853/ive-never-had-to-deal-with-someone-like-this-before-lead-employee-deals-with-a-40-something-coworker,"Leadership turns into digital daycare when a 40-something coworker treats chat like a playground, pinging nonstop with emoji riddles, ellipses confetti, and questions that answer themselves while dra… [+627 chars]",,"„Mit so jemandem hatte ich noch nie zu tun“: Die leitende Mitarbeiterin hat es mit einer Kollegin um die 40 zu tun, die den Chat mit Emoji-Pings und unnötigen Fragen überschwemmt, sodass sie strenge Grenzen setzt. Führung wird zur digitalen Kindertagesstätte, wenn ein Kollege um die 40 den Chat wie einen Spielplatz behandelt und ununterbrochen mit Emoji-Rätseln, Ellipsen-Konfetti und Fragen pingt, die sich von selbst beantworten und gleichzeitig den Lebenswillen erschöpfen. Die Arbeit wird trotz der Leistung erledigt …","‘I’ve never had to deal with someone like this before’: Lead employee deals with a 40-something coworker who floods chat with emoji-filled pings and needless questions, so she sets strict boundaries. Leadership turns into digital daycare when a 40-something coworker treats chat like a playground, pinging nonstop with emoji riddles, ellipses confetti, and questions that answer themselves while draining the will to live. The work gets done despite the perfo…","'Numquam hoc antea cum aliquo agere debebam': operarius plumbeus agit de 40 adiutore quodam qui inundat cum pingibus et quaestionibus necessariis loqui, ideo limites strictos ponit. Ductus in digitalis daycare se vertit, cum 40 cooperator aliquid chat sicut fodere tractat, pingens non cessare cum aenigmata emoji, ellipsis confetti, et interrogationes quae sibi respondentes dum voluntatem vivendi exhauriunt. Opus fit non obstante perfo ...",2026-01-07 21:55:04+00:00
53657910d5f907fbe0309599f6d0e23c,2025-08-22T13:49:25Z,'flooding',www.nbcnews.com,en,0.0,A flood of floods: Appalachians in Kentucky struggle to recover from a barrage of disasters,"Record-breaking flash flooding inundated Hazard, Kentucky, in February, devastating homes and infrastructure in the small Appalachian town.",https://www.nbcnews.com/weather/floods/flood-floods-appalachians-kentucky-struggle-recover-barrage-disasters-rcna225939,"https://media-cldnry.s-nbcnews.com/image/upload/t_nbcnews-fp-1200-630,f_auto,q_auto:best/rockcms/2025-08/250821-Holly-Ann-Eastman-ew-158p-4f15e7.jpg",https://wayback.archive-it.org/all/20250824024046/https://www.nbcnews.com/weather/floods/flood-floods-appalachians-kentucky-struggle-recover-barrage-disasters-rcna225939,"Eastern Kentucky is historically prone to flooding. As wet air rises against the Appalachian mountains, it naturally releases moisture into the valleys below. But when extreme rainfall encounters the… [+3299 chars]",,"Eine Flut von Überschwemmungen: Die Appalachen in Kentucky kämpfen darum, sich von einer Flut an Katastrophen zu erholen. Im Februar kam es in Hazard, Kentucky, zu rekordverdächtigen Sturzfluten, die Häuser und Infrastruktur in der kleinen Stadt in den Appalachen zerstörten.","A flood of floods: Appalachians in Kentucky struggle to recover from a barrage of disasters. Record-breaking flash flooding inundated Hazard, Kentucky, in February, devastating homes and infrastructure in the small Appalachian town.","Diluvium inundationum: Appalachii in Kentucky certamen ad recuperandam calamitatem. Record-fractionis mico inundatione inundato discrimini, Kentucky, mense Februario, domos vastantes et infrastructuram in oppido Appalachiano parvo.",2026-01-07 21:55:04+00:00
eb51ddeb5bc9c533c66de2ec5cc6ea19,2025-08-22T19:59:14Z,'flooding',www.nj.com,en,0.0,Shark crashes karaoke night at Jersey Shore bar during Hurricane Erin flooding,"The small shark was tossed back in the bay, but returned a second time and “kept swimming around and hanging out with us” near the bar's host stand.",https://www.nj.com/news/2025/08/shark-crashes-karaoke-night-at-jersey-shore-bar-during-hurricane-erin-flooding.html,https://s.yimg.com/ny/api/res/1.2/GmE3yUrjcJSc7Yb9UJ5aqQ--/YXBwaWQ9aGlnaGxhbmRlcjt3PTEyMDA7aD04MDI7Y2Y9d2VicA--/https://media.zenfs.com/en/nj_com_articles_950/8e834ee1670ae94e748c94ce6a6e9867,,A small shark became the most unlikely customer at a popular bayfront bar in New Jersey late Thursday night when Hurricane Erins flooding pushed the tiny predator out of the bay up to the clubs outdo… [+2066 chars],,"Während der Überschwemmung durch Hurrikan Erin stürzt sich ein Hai in einen Karaoke-Abend in der Jersey Shore Bar. Der kleine Hai wurde in die Bucht zurückgeworfen, kehrte aber ein zweites Mal zurück und „schwamm weiter herum und hing mit uns herum“ in der Nähe des Wirtsstandes der Bar.","Shark crashes karaoke night at Jersey Shore bar during Hurricane Erin flooding. The small shark was tossed back in the bay, but returned a second time and “kept swimming around and hanging out with us” near the bar's host stand.","PISTRIS karaoke inruerit nocte apud Jersey bar bar in Turbo Erin inundatio. Parva turpis retro in sinu iactata est, sed iterum rediit et ""intra natantes et apud nos tentorium"" iuxta stantem vectem est.",2026-01-07 21:55:04+00:00
fb1f8148a1283a3c9016c5742882b11f,2025-08-23T14:48:03Z,'flooding',www.ciel.org,en,0.0,"Trump, Fossil Fuels, and Insurers Are Making Hurricane Season Even More Dangerous",A deadly storm has already claimed at least 120 lives and caused widespread devastation in Texas. Hurricane Erin has now unleashed catastrophic flooding in North Carolina before racing toward the Northeast—and hurricane season has only just begun. Storms are …,https://www.ciel.org/hurricane-petrochemicals/,https://www.commondreams.org/media-library/image.jpg?id=61505328&width=1200&height=600&coordinates=0%2C85%2C0%2C86,,A deadly storm has already claimed at least 120 lives and caused widespread devastation in Texas. Hurricane Erin has now unleashed catastrophic flooding in North Carolina before racing toward the Nor… [+8549 chars],,"Trump, fossile Brennstoffe und Versicherer machen die Hurrikansaison noch gefährlicher. Ein tödlicher Sturm hat bereits mindestens 120 Todesopfer gefordert und in Texas große Verwüstungen angerichtet. Hurrikan Erin hat nun in North Carolina katastrophale Überschwemmungen ausgelöst, bevor er Richtung Nordosten raste – und die Hurrikansaison hat gerade erst begonnen. Stürme sind …","Trump, Fossil Fuels, and Insurers Are Making Hurricane Season Even More Dangerous. A deadly storm has already claimed at least 120 lives and caused widespread devastation in Texas. Hurricane Erin has now unleashed catastrophic flooding in North Carolina before racing toward the Northeast—and hurricane season has only just begun. Storms are …","BUCINUM, Fossil Fuels, et Insurers Faciunt Procellae Season etiam Magis periculosiores. Tempestas fatalis iam saltem 120 vitas petita est et vastationem in Texas divulgatam effecit. Procellae Erin nunc exitiabilem inundationem in Carolina Septentrionali inundationem invehitur antequam ad Orientem currit — et tempus modo tempestatis incohatum est. Procellae sunt ...",2026-01-07 21:55:04+00:00
65f039f97427cc8f121fbeb9cd4261f8,2025-08-24T14:20:29Z,'flooding',www.foxweather.com,en,0.0,New Jersey town under state of emergency due to Hurricane Erin coastal flooding,"Multiple water rescues took place in Margate City, New Jersey, after coastal flooding from Hurricane Erin inundated the community. Margate City Fire Chief...",https://www.foxweather.com/watch/fmc-z7vzpr158sqle1at,https://s.yimg.com/ny/api/res/1.2/i4Dg5rJ.Cg_pKyl6RzNgSQ--/YXBwaWQ9aGlnaGxhbmRlcjt3PTEyMDA7aD02NzU7Y2Y9d2VicA--/https://media.zenfs.com/en/fox_weather_videos_202/63753535f0a32aee20e1361bf9e89881,,"Multiple water rescues took place in Margate City, New Jersey, after coastal flooding from Hurricane Erin inundated the community. Margate City Fire Chief Daniel Adams joined FOX Weather on Sunday, A… [+45 chars]",,"Stadt in New Jersey befindet sich aufgrund der Küstenüberschwemmung durch Hurrikan Erin im Ausnahmezustand. In Margate City, New Jersey, fanden mehrere Wasserrettungen statt, nachdem Küstenüberschwemmungen durch Hurrikan Erin die Gemeinde überschwemmt hatten. Feuerwehrchef der Stadt Margate...","New Jersey town under state of emergency due to Hurricane Erin coastal flooding. Multiple water rescues took place in Margate City, New Jersey, after coastal flooding from Hurricane Erin inundated the community. Margate City Fire Chief...","Nova Jersey oppidum sub statu tumultus ob inundationem maritimam Erin Hurricane. Aquae multae servatae factae sunt in urbe Margate, New Jersey, post inundationem maritimam ab Erin Hurricane communitatem inundavit. Margate City Fire dux...",2026-01-07 21:55:04+00:00
bcc5c588b5d67a3d0502b7d8661f1ef8,2025-08-24T17:50:18Z,'floods',economictimes.indiatimes.com,en,0.0,"Pakistan: Over 120 dead in Punjab as torrential rains, floods wreak havoc","Intense monsoon rains and flash floods in Pakistan's Punjab province have tragically claimed over 120 lives in the past six weeks, causing widespread destruction. The ongoing monsoon activity is expected to persist, posing continued threats of flooding and wa…",https://economictimes.indiatimes.com/news/international/world-news/pakistan-over-120-dead-in-punjab-as-torrential-rains-floods-wreak-havoc/articleshow/123487776.cms,"https://img.etimg.com/thumb/msid-123487888,width-1200,height-630,imgsize-27332,overlay-economictimes/articleshow.jpg",https://web.archive.org/web/20250824180624/https://economictimes.indiatimes.com/news/international/world-news/pakistan-over-120-dead-in-punjab-as-torrential-rains-floods-wreak-havoc/articleshow/123487776.cms,"More than 120 people have lost their lives across Pakistan's Punjab province over the past six weeks due to intense monsoon rains and flash floods that have inundated both rural and urban regions, Th… [+2240 chars]",,"Pakistan: Über 120 Tote in Punjab, als heftige Regenfälle und Überschwemmungen verheerende Schäden anrichten. Heftige Monsunregenfälle und Sturzfluten in der pakistanischen Provinz Punjab haben in den letzten sechs Wochen auf tragische Weise über 120 Todesopfer gefordert und weitreichende Zerstörungen verursacht. Es wird erwartet, dass die anhaltende Monsunaktivität anhält und weiterhin die Gefahr von Überschwemmungen und Wasser mit sich bringt.","Pakistan: Over 120 dead in Punjab as torrential rains, floods wreak havoc. Intense monsoon rains and flash floods in Pakistan's Punjab province have tragically claimed over 120 lives in the past six weeks, causing widespread destruction. The ongoing monsoon activity is expected to persist, posing continued threats of flooding and wa…","Pakistan: Plus 120 mortuus in Asia sicut imbres torrentes, inundationes perdat. Imbres imbres elyseos et diluvia in provincia Pakistani Punjab mico per 120 vitam in praeteritis sex septimanis tragice vindicaverunt, stragem stragem faciunt. Permanens actio ETESIA exspectatur perseverare, minas inundationis continuas iactare et wa…",2026-01-07 21:55:04+00:00
0e5a7f2deccb85a1ae008148004b1875,2025-08-24T22:07:58Z,'flooding victims',www.bbc.com,en,0.0,Floods keep ravaging Pakistan - how can it protect itself?,"In June of this year alone, monsoon rains have killed at least 750 people across the country.",https://www.bbc.com/news/articles/c860e6d4dyqo?xtor=AL-72-%5Bpartner%5D-%5Byahoo.north.america%5D-%5Bheadline%5D-%5Bnews%5D-%5Bbizdev%5D-%5Bisapi%5D,https://s.yimg.com/ny/api/res/1.2/.3ZEDUwn3TJzNhEoYSI0mw--/YXBwaWQ9aGlnaGxhbmRlcjt3PTEyMDA7aD02NzU7Y2Y9d2VicA--/https://media.zenfs.com/en/bbc_us_articles_995/d46d9924fdab13b68f308c9ecf75551f,,"As villagers carried out the bodies of two children, soaked in mud, the large crowd looked impassive.
They had gathered in a small village in the Swabi district of Khyber Pakhtunkhwa after a flash f… [+10316 chars]",,Pakistan wird immer wieder von Überschwemmungen heimgesucht – wie kann es sich schützen? Allein im Juni dieses Jahres kamen landesweit durch Monsunregen mindestens 750 Menschen ums Leben.,"Floods keep ravaging Pakistan - how can it protect itself?. In June of this year alone, monsoon rains have killed at least 750 people across the country.","Inundationes Pakistan vastantes servant - quomodo se tueri potest? Mense Iunio huius anni soli, ETESIAE pluviae saltem 750 homines per regionem occiderunt.",2026-01-07 21:55:04+00:00
4309ec413a4ce896f0fc21f2158cfb51,2025-08-24T22:22:52Z,'deluge',pypi.org,en,0.0,lm-deluge 0.0.47,Python utility for using LLM API models.,https://pypi.org/project/lm-deluge/0.0.47/,,,"A required part of this site couldnt load. This may be due to a browser
 extension, network issues, or browser settings. Please check your
 connection, disable any ad blockers, or try using a diffe… [+12 chars]",,"lm-sintflut 0,0,47. Python-Dienstprogramm zur Verwendung von LLM-API-Modellen.",lm-deluge 0.0.47. Python utility for using LLM API models.,lm-diluvium 0.0.47. Pythonis utilitas ad exempla LLM API utendi.,2026-01-07 21:55:04+00:00
998cbe59bc1a5fbfa48fab1774896599,2025-08-24T23:30:32Z,'floods',www.yankodesign.com,en,0.0,Indonesia’s Futuristic Prefab Home Is Ready for Anything: From Floods To Unannounced Guests,"Indonesia’s Futuristic Prefab Home Is Ready for Anything: From Floods To Unannounced GuestsSituated in the verdant hills of West Nusa Tenggara, Indonesia, sits something that looks like it dropped straight out of a sci-fi movie. The Drop...",https://www.yankodesign.com/2025/08/24/indonesias-futuristic-prefab-home-is-ready-for-anything-from-floods-to-unannounced-guests/,https://www.yankodesign.com/images/design_news/2025/08/drop-pod/drop_pod_yanko_design_01.jpg,,"Situated in the verdant hills of West Nusa Tenggara, Indonesia, sits something that looks like it dropped straight out of a sci-fi movie. The Drop Pod by Inspiral Architecture and Design Studios isn’… [+4140 chars]",,"Indonesiens futuristisches Fertighaus ist auf alles vorbereitet: von Überschwemmungen bis hin zu unangekündigten Gästen. Indonesiens futuristisches Fertighaus ist auf alles vorbereitet: Von Überschwemmungen bis hin zu unangekündigten Gästen. In den grünen Hügeln von West-Nusa Tenggara, Indonesien, steht etwas, das aussieht, als wäre es direkt aus einem Science-Fiction-Film entsprungen. Der Tropfen...","Indonesia’s Futuristic Prefab Home Is Ready for Anything: From Floods To Unannounced Guests. Indonesia’s Futuristic Prefab Home Is Ready for Anything: From Floods To Unannounced GuestsSituated in the verdant hills of West Nusa Tenggara, Indonesia, sits something that looks like it dropped straight out of a sci-fi movie. The Drop...","Prefab Indonesia Futuristic Home parata est Quidquid: Ex diluviis nuntiantibus Hospes. Indonesia Futuristic Prefab Home parata est Quidquid: Ex Diluviis GuestsSituatur in montibus viridis West Nusa Tenggara, Indonesia, sedet aliquid quod videtur rectum e cinematographico sci-fi omisso. Gutta...",2026-01-07 21:55:04+00:00
d98d24d02f56cb5ff4c703f07d11b1e0,2025-08-25T07:36:26Z,'flooding',economictimes.indiatimes.com,en,0.0,'Chota Niagara Falls' emerges in Rajasthan as dam burst creates 2-km crater,"Relentless rainfall in Rajasthan's Sawai Madhopur led to the Surwal Dam overflowing, causing widespread flooding and a massive crater. Villages are submerged, highways are impassable, and rescue efforts are hampered. The disaster has impacted multiple distric…",https://economictimes.indiatimes.com/news/new-updates/chota-niagara-falls-emerges-in-rajasthan-as-dam-burst-creates-2-km-crater/articleshow/123497715.cms,"https://img.etimg.com/thumb/msid-123497780,width-1200,height-630,imgsize-783419,overlay-economictimes/articleshow.jpg",https://web.archive.org/web/20250825075113/https://economictimes.indiatimes.com/news/new-updates/chota-niagara-falls-emerges-in-rajasthan-as-dam-burst-creates-2-km-crater/articleshow/123497715.cms,"A catastrophic deluge in Rajasthans Sawai Madhopur district has left behind a scene of devastation, as relentless rainfall caused the Surwal Dam to overflow, swallowing vast swathes of land and creat… [+2393 chars]",,"„Chota Niagara Falls“ taucht in Rajasthan auf, als ein Dammbruch einen 2 km großen Krater erzeugt. Unerbittliche Regenfälle in Rajasthans Sawai Madhopur führten zum Überlaufen des Surwal-Staudamms, was zu ausgedehnten Überschwemmungen und einem riesigen Krater führte. Dörfer stehen unter Wasser, Autobahnen sind unpassierbar und Rettungsmaßnahmen werden behindert. Die Katastrophe hat mehrere Bezirke betroffen…","'Chota Niagara Falls' emerges in Rajasthan as dam burst creates 2-km crater. Relentless rainfall in Rajasthan's Sawai Madhopur led to the Surwal Dam overflowing, causing widespread flooding and a massive crater. Villages are submerged, highways are impassable, and rescue efforts are hampered. The disaster has impacted multiple distric…","""Chota Niagara Falls"" in Rajasthan ut mater erumpens craterem 2-km creat. Pluviis acerbus in Rajasthan's Sawai Madhopur ductus ad Dam Surwal inundationem, late inundationem et craterem ingens causans. Villae submersae sunt, invias sunt viae, impeditis laboribus subvenire. Clades impingente plures regiones…",2026-01-07 21:55:04+00:00
3e9ec993c0eef8c9ab0ada68873add5a,2025-08-25T08:07:59Z,'flooding weather',www.thejournal.ie,en,0.0,Vietnam evacuates tens of thousands of people ahead of major typhoon,"The waterfront city of Vinh was deluged overnight, its streets largely deserted by morning.",https://www.thejournal.ie/vietnam-evacuates-tens-of-thousands-of-people-ahead-of-major-typhoon-6798349-Aug2025/,https://img2.thejournal.ie/article/6798349/river/?height=400&version=6798372,https://wayback.archive-it.org/all/20250825081605/https://www.thejournal.ie/vietnam-evacuates-tens-of-thousands-of-people-ahead-of-major-typhoon-6798349-Aug2025/,"VIETNAM IS EVACUATING tens of thousands of residents from coastal areas today ahead of the arrival of Typhoon Kajiki, which is expected to lash the countrys central belt with gales of around 140 km/h… [+2608 chars]",,Vietnam evakuiert vor dem schweren Taifun Zehntausende Menschen. Die Hafenstadt Vinh wurde über Nacht überschwemmt und ihre Straßen waren am Morgen weitgehend menschenleer.,"Vietnam evacuates tens of thousands of people ahead of major typhoon. The waterfront city of Vinh was deluged overnight, its streets largely deserted by morning.","Vietnam evacuat decem milia hominum ante typhonium maiorem. Mansus urbis Vinh pernoctare est inundatus, cuius plateae late mane desertae sunt.",2026-01-07 21:55:04+00:00
283e54398e1e3abca3037c18c97d438a,2025-08-25T11:08:48Z,'flooding',weather.com,en,0.0,"Burning Man Hit By Huge Dust Storm, Threat Of Flooding","The Burning Man festival hadn’t started yet, but visitors to Black Rock City were already cleaning up the damage from fierce weather conditions. Watch this...",https://weather.com/news/trending/video/burning-man-dust-storm-damage-black-rock-city,https://s.yimg.com/ny/api/res/1.2/q6D_ap.MIfDfnZSFO7t9qA--/YXBwaWQ9aGlnaGxhbmRlcjt3PTEyMDA7aD02NzU7Y2Y9d2VicA--/https://media.zenfs.com/en/the_weather_channel_videos_110/d9440f3b6e95224b91ba69fc7a082e05,https://web.archive.org/web/20250825194923/https://weather.com/news/trending/video/burning-man-dust-storm-damage-black-rock-city,"The Burning Man festival hadnt started yet, but visitors to Black Rock City were already cleaning up the damage from fierce weather conditions. Watch this video to see the dust storm that swept throu… [+124 chars]",,"Brennender Mann von riesigem Staubsturm getroffen, Überschwemmungsgefahr. Das Burning-Man-Festival hatte noch nicht begonnen, aber die Besucher von Black Rock City waren bereits damit beschäftigt, die durch die heftigen Wetterbedingungen verursachten Schäden zu beseitigen. Schau dir das an...","Burning Man Hit By Huge Dust Storm, Threat Of Flooding. The Burning Man festival hadn’t started yet, but visitors to Black Rock City were already cleaning up the damage from fierce weather conditions. Watch this...","Burning Man Hit By Ingens Pulvis Procella, comminatio Inundationis. Festivitas hominis incendii adhuc non incepit, sed visitatores in Civitatem Black Rock iam damnum ex tempestatum saevarum conditionibus purgaverunt. Videte hoc.",2026-01-07 21:55:04+00:00
c9e8583208250a7dc463e76ce3201023,2025-08-25T11:21:02Z,'flooding military',www.yahoo.com,en,0.0,India warns foe Pakistan of potential flooding as both battle torrential rains,"NEW DELHI/ISLAMABAD (Reuters) -India has shared a warning on possible cross-border flooding with neighbour Pakistan, Pakistani officials and a source in New ...",https://www.yahoo.com/news/articles/india-shares-flood-warning-foe-112102174.html,https://media.zenfs.com/en/reuters.com/e6cbfe3ccb752d2090c35e7c706c2a89,,"NEW DELHI/ISLAMABAD (Reuters) -India has shared a warning on possible cross-border flooding with neighbour Pakistan, Pakistani officials and a source in New Delhi said on Monday, as the arch enemies … [+2676 chars]",,"Indien warnt seinen Gegner Pakistan vor möglichen Überschwemmungen, da beide mit sintflutartigen Regenfällen zu kämpfen haben. NEU-DELHI/ISLAMABAD (Reuters) – Indien hat dem Nachbarn Pakistan, pakistanischen Beamten und einer Quelle in New … eine Warnung vor möglichen grenzüberschreitenden Überschwemmungen mitgeteilt.","India warns foe Pakistan of potential flooding as both battle torrential rains. NEW DELHI/ISLAMABAD (Reuters) -India has shared a warning on possible cross-border flooding with neighbour Pakistan, Pakistani officials and a source in New ...","India monet hostis Pakistan potentialis inundationem sicut et pugnae imbres torrentes. NEW DELHI/ISLAMABAD (Reuters) -India monitionem communicavit de inundatione crucis limite proximo cum Pakistani, ministri Pakistani et fons in Nova ...",2026-01-07 21:55:04+00:00
2520decfd9609c967f3455e35f0bea57,2025-08-25T11:52:10Z,'flooding residents',biztoc.com,en,0.0,"One California city is suing a growing number of residents, businesses and victims over flooding",The question of who bears responsibility for the damage from catastrophic flooding in January 2024 continues to play out in complex litigation — with the city of San Diego continuing to argue that local residents and companies should have done more to maintai…,https://biztoc.com/x/58d55ff195cbdf20,https://biztoc.com/cdn/58d55ff195cbdf20_s.webp,,The question of who bears responsibility for the damage from catastrophic flooding in January 2024 continues to play out in complex litigation with the city of San Diego continuing to argue that loca… [+146 chars],,"Eine kalifornische Stadt verklagt eine wachsende Zahl von Einwohnern, Unternehmen und Opfern wegen Überschwemmungen. Die Frage, wer die Verantwortung für die Schäden durch die katastrophale Überschwemmung im Januar 2024 trägt, wird weiterhin in komplexen Rechtsstreitigkeiten geklärt – wobei die Stadt San Diego weiterhin argumentiert, dass Anwohner und Unternehmen mehr hätten tun sollen, um die Schäden aufrechtzuerhalten.","One California city is suing a growing number of residents, businesses and victims over flooding. The question of who bears responsibility for the damage from catastrophic flooding in January 2024 continues to play out in complex litigation — with the city of San Diego continuing to argue that local residents and companies should have done more to maintai…","Una civitas Californiae crescit numerum incolarum, negotia et victimas super inundationem impetrat. Quaestio eorum, qui responsalitatem de damno catastrophicae inundationis mense Ianuario 2024 gerit, in complexu lis agere pergit - cum San Diego urbe contendere continuans, incolas et societates locales plus habere debere ...",2026-01-07 21:55:04+00:00
53674b734fbb9581ba598808389a90d6,2025-08-25T12:09:28Z,'flooding rain',theconversation.com,en,0.0,Monsoon flooding has killed hundreds in Pakistan – climate change is pushing the rainy season from blessing to looming catastrophe,"More powerful storms and melting glaciers are flooding communities across the region again, with devastating effects, particularly in the mountains.",https://theconversation.com/monsoon-flooding-has-killed-hundreds-in-pakistan-climate-change-is-pushing-the-rainy-season-from-blessing-to-looming-catastrophe-263610,https://images.theconversation.com/files/687043/original/file-20250823-66-ymujzj.jpg?ixlib=rb-4.1.0&rect=0%2C294%2C4928%2C2464&q=45&auto=format&w=1356&h=668&fit=crop,https://web.archive.org/web/20250825123403/https://theconversation.com/monsoon-flooding-has-killed-hundreds-in-pakistan-climate-change-is-pushing-the-rainy-season-from-blessing-to-looming-catastrophe-263610,"Rescuers search for survivors on Aug. 18, 2025, after a flash flood submerged homes, killing at least 18 people in a village near Swabi, Pakistan. Hussain Ali/Anadolu via Getty Images
Farmers in Sou… [+5852 chars]",,"Monsun-Überschwemmungen haben Hunderte in Pakistan getötet – der Klimawandel verwandelt die Regenzeit von einem Segen in eine drohende Katastrophe. Stärkere Stürme und schmelzende Gletscher überschwemmen erneut Gemeinden in der gesamten Region, mit verheerenden Auswirkungen, insbesondere in den Bergen.","Monsoon flooding has killed hundreds in Pakistan – climate change is pushing the rainy season from blessing to looming catastrophe. More powerful storms and melting glaciers are flooding communities across the region again, with devastating effects, particularly in the mountains.","Monsoon inundatio centenas in Pakistania occidit - mutatio climatis tempus pluviae urget a benedictione ad calamitatem instat. Validiores tempestates et molibus liquefacientes sunt communitates inundantes per regionem iterum, effectibus vastis, praesertim in montibus.",2026-01-07 21:55:04+00:00
b32a5f4842d3297581f9c401544cbefd,2025-08-25T14:12:54Z,'flooding weather',timesofindia.indiatimes.com,en,0.0,"Jammu and Himachal schools shut amid torrential rains, flash flood threats: Here's what we know so far","Authorities have ordered the closure of all government and private schools in Jammu division on August 26 due to severe weather, including heavy rainfall, flooding, and landslides. Himachal Pradesh has similarly shut non-residential schools and colleges acros…",https://timesofindia.indiatimes.com/education/news/jammu-and-himachal-schools-shut-amid-torrential-rains-flash-flood-threats-heres-what-we-know-so-far/articleshow/123505724.cms,"https://static.toiimg.com/thumb/msid-123505741,width-1070,height-580,imgsize-109908,resizemode-75,overlay-toi_sw,pt-32,y_pad-40/photo.jpg",https://web.archive.org/web/20250825143859/https://timesofindia.indiatimes.com/education/news/jammu-and-himachal-schools-shut-amid-torrential-rains-flash-flood-threats-heres-what-we-know-so-far/articleshow/123505724.cms,"Most affordable electric cars under Rs 15 lakh: MG Comet, Nexon EV and more",,"Die Schulen in Jammu und Himachal wurden wegen heftiger Regenfälle und drohender Sturzflut geschlossen: Hier ist, was wir bisher wissen. Die Behörden haben am 26. August die Schließung aller staatlichen und privaten Schulen im Bezirk Jammu wegen Unwettern, darunter starke Regenfälle, Überschwemmungen und Erdrutsche, angeordnet. Himachal Pradesh hat in ähnlicher Weise Schulen und Hochschulen geschlossen, die nicht für Wohnzwecke genutzt werden.","Jammu and Himachal schools shut amid torrential rains, flash flood threats: Here's what we know so far. Authorities have ordered the closure of all government and private schools in Jammu division on August 26 due to severe weather, including heavy rainfall, flooding, and landslides. Himachal Pradesh has similarly shut non-residential schools and colleges acros…","Jammu et Himachal scholis inter imbres torrentia clauduntur, minas diluvii micant: Hic tantum scimus. Auctoritates iusserunt clausuram omnium rerum publicarum et scholarum privatarum in Jammu divisione Kalendas Septembris 26 ob tempestates graves, inclusas pluvias, inundationes et ruinas. Himachal Pradesh scholas non residentiales et collegia acros... similiter claudit.",2026-01-07 21:55:04+00:00
563de88045c8633a8902f8c59c298aa3,2025-08-25T15:52:54Z,'floods',www.insurancejournal.com,en,0.0,Emergency Recordings Show Chaos of Deadly Texas Floods,"Cries for help came from the pitch-black woods, from rooftops and from attics that shifted unsteadily as the water rose. Firefighters and police raced to help, having little guidance on where or how. Top emergency leaders were asleep or out …",https://www.insurancejournal.com/news/southcentral/2025/08/25/836887.htm,https://www.insurancejournal.com/app/uploads/2025/07/Texas-Flooding-Unpredictable--scaled.jpg,https://web.archive.org/web/20250825190439/https://www.insurancejournal.com/news/southcentral/2025/08/25/836887.htm,"Cries for help came from the pitch-black woods, from rooftops and from attics that shifted unsteadily as the water rose. Firefighters and police raced to help, having little guidance on where or how.… [+7709 chars]",,"Notfallaufnahmen zeigen das Chaos tödlicher Überschwemmungen in Texas. Hilferufe kamen aus den pechschwarzen Wäldern, von Dächern und Dachböden, die sich bei steigendem Wasser unsicher bewegten. Feuerwehrleute und Polizisten eilten herbei, um zu helfen, ohne dass sie wussten, wo und wie. Die obersten Notfallleiter schliefen oder waren draußen …","Emergency Recordings Show Chaos of Deadly Texas Floods. Cries for help came from the pitch-black woods, from rooftops and from attics that shifted unsteadily as the water rose. Firefighters and police raced to help, having little guidance on where or how. Top emergency leaders were asleep or out …","Subitis Recordings Monstrare Chaos mortiferum Texas Diluvium. Clamat e silvis piceis, tectis et ab Atticis instabilis ut rosa fluctuans. Firefighters et vigilum ad auxilium recursus, habens in quo vel quomodo parum ducatus. Top subitis principes somnum vel extra ...",2026-01-07 21:55:04+00:00
054dd40f1bde4f008017a31b470aed0f,2025-08-25T17:10:52Z,'flooding damage',indianexpress.com,en,0.0,Pekhubela Solar Project: CM Sukhu says Rs 50 crore forfeited of private company,"BJP MLA flagged that plant was at low elevation causing flooding, damaged multiple equipment",https://indianexpress.com/article/india/pekhubela-solar-project-cm-sukhu-says-rs-50-crore-forfeited-of-private-company-10211206/,https://images.indianexpress.com/2025/08/Sukhu-Pekhubela.jpg,,"Himachal Pradesh Chief Minister Sukhvinder Singh Sukhu Monday informed the Assembly that around Rs 50 crore belonging to the private company for the Pekhubela Solar Power Project in Una, was forfeite… [+2660 chars]",,"Pekhubela-Solarprojekt: CM Sukhu sagt, dass 50 Crore Rupien von Privatunternehmen eingebüßt wurden. BJP MLA wies darauf hin, dass sich die Anlage in geringer Höhe befinde, was zu Überschwemmungen und mehreren Schäden an der Ausrüstung geführt habe","Pekhubela Solar Project: CM Sukhu says Rs 50 crore forfeited of private company. BJP MLA flagged that plant was at low elevation causing flooding, damaged multiple equipment","Pekhubela Project solaris: CM Sukhu dicit Rs 50 crore amissum societatis privatae. BJP MLA languescit illa planta submissa elevatione faciens inundationem, multiplici apparatu laesa",2026-01-07 21:55:04+00:00
0425e77c17c27d22fb5e80a61b605509,2025-08-25T18:10:28Z,'flooding area',www.idahostatesman.com,en,0.0,"Thunderstorms, heavy rain headed to Boise area. Where could there be flooding?",A flash flood watch was issued for parts of Idaho and Oregon.,https://www.idahostatesman.com/news/weather-news/article311840243.html,https://media.zenfs.com/en/idaho_statesman_mcclatchy_articles_842/a33a9d82db918143c28944d2636bf059,,"Heavy rains are headed to Boise, putting some areas at risk for flash flooding, weather officials said.
Moderate/heavy rainfall
 is possible with stronger storms, particularly on Tuesday through Th… [+3862 chars]",,Gewitter und starker Regen führten in die Gegend von Boise. Wo könnte es zu Überschwemmungen kommen? Für Teile von Idaho und Oregon wurde eine Sturzflutwarnung herausgegeben.,"Thunderstorms, heavy rain headed to Boise area. Where could there be flooding?. A flash flood watch was issued for parts of Idaho and Oregon.","Procellae, pluviae virens ad Boise regio. Ubi inundatio?. Diluvium coruscationis vigiliae ad partes Idaho et Oregon editae sunt.",2026-01-07 21:55:04+00:00
ef4e83c0fe04f1f6b1cc534130364cd8,2025-08-25T23:19:44Z,'flooding area',www.cbc.ca,en,0.0,Mass evacuations as Typhoon Kajiki batters Vietnam's coast,"Typhoon Kajiki brought torrential rains to Vietnam's north central coast on Monday, felling trees and flooding homes, and triggering mass evacuations from coastal areas.",https://www.cbc.ca/news/world/typhoon-kajiki-vietnam-1.7617529,https://i.cbc.ca/1.7617555.1756162580!/cpImage/httpImage/image.jpg_gen/derivatives/16x9_1180/vietnam-asia-storm.jpg?im=Resize%3D620,,"Typhoon Kajiki brought torrential rains to Vietnam's north-central coast on Monday, felling trees, flooding homes and triggering mass evacuations from coastal areas.
Kajiki was on the coast of Nghe … [+3299 chars]",,"Massenevakuierungen, während Taifun Kajiki die Küste Vietnams heimsucht. Der Taifun Kajiki brachte am Montag sintflutartige Regenfälle an die Nordküste Vietnams, die Bäume fällten, Häuser überschwemmten und Massenevakuierungen aus Küstengebieten auslösten.","Mass evacuations as Typhoon Kajiki batters Vietnam's coast. Typhoon Kajiki brought torrential rains to Vietnam's north central coast on Monday, felling trees and flooding homes, and triggering mass evacuations from coastal areas.","Missae evacuationes ut Typhoon Kajiki arietat litus Vietnam. Typhoon Kajiki pluvias torrentiales ad oram maritimam in Vietnamia septentrionali die Lunae, arboribus cecidit et domos inundavit, et massas evacuationes ex locis maritimis excitat.",2026-01-07 21:55:04+00:00
6c13d77fd45bce078504b5a04889e074,2025-08-26T04:37:14Z,'floods',www.aljazeera.com,en,0.0,"Three killed after Typhoon Kajiki lashes Vietnam, floods Hanoi streets","Ten others wounded, nearly 7,000 homes damaged after Kajiki batters Vietnam with fierce winds and torrential rains.",https://www.aljazeera.com/news/2025/8/26/three-killed-after-typhoon-kajiki-lashes-vietnam-floods-hanoi-streets,https://www.aljazeera.com/wp-content/uploads/2025/08/AP25238098302044-1756180527.jpg?resize=1920%2C1440,https://web.archive.org/web/20250826055206/https://www.aljazeera.com/news/2025/8/26/three-killed-after-typhoon-kajiki-lashes-vietnam-floods-hanoi-streets,"At least three people have been killed in Vietnam after Typhoon Kajiki battered northern and central areas of the country, bringing fierce winds and torrential rains that collapsed homes, felled tree… [+2228 chars]",,"Drei Tote, nachdem Taifun Kajiki Vietnam verwüstet und die Straßen von Hanoi überschwemmt. Zehn weitere wurden verletzt, fast 7.000 Häuser beschädigt, nachdem Kajiki Vietnam mit heftigen Winden und sintflutartigen Regenfällen heimgesucht hatte.","Three killed after Typhoon Kajiki lashes Vietnam, floods Hanoi streets. Ten others wounded, nearly 7,000 homes damaged after Kajiki batters Vietnam with fierce winds and torrential rains.","Tres occisus est post Typhon Kajiki verbera Vietnam, inundationes Hanoi vias. Decem alii vulnerati, prope 7000 domos laesa post Kajiki arietat Vietnam cum ventis asperis et imbres torrentes.",2026-01-07 21:55:04+00:00
4a516bcca0b90c2a897b5affce9fb8a7,2025-08-26T05:02:21Z,'flooding storm',abcnews.go.com,en,0.0,Heavy rain falls in parts of Southeast Asia after tropical storm blows into Vietnam,"Heavy rain was falling in parts of Southeast Asia after a tropical storm made landfall in Vietnam, flooding streets in the capital, blowing away billboards and knocking down power poles and trees",https://abcnews.go.com/International/wireStory/heavy-rain-falls-parts-southeast-asia-after-tropical-124975946,https://i.abcnewsfe.com/a/25ae0dee-62ed-49a2-b4eb-a064f9bdf963/wirestory_33886f0ad98170545c2079d64f4e66d3_16x9.jpg?w=1600,,"HANOI, Vietnam -- Heavy rain fell Tuesday in parts of Southeast Asia after a tropical storm made landfall in Vietnam, flooding streets in the capital, blowing away billboards and knocking down power … [+1931 chars]",,"In Teilen Südostasiens fällt heftiger Regen, nachdem ein tropischer Sturm über Vietnam weht. In Teilen Südostasiens regnete es heftig, nachdem ein Tropensturm Vietnam erreicht hatte, Straßen in der Hauptstadt überschwemmte, Werbetafeln wegriss und Strommasten und Bäume umstürzte","Heavy rain falls in parts of Southeast Asia after tropical storm blows into Vietnam. Heavy rain was falling in parts of Southeast Asia after a tropical storm made landfall in Vietnam, flooding streets in the capital, blowing away billboards and knocking down power poles and trees","Imbribus gravis in partibus Asiae Meridianae post imbrem tropicum in Vietnam spirat. Imbribus gravis in partibus Asiae Meridianae postquam tempestas tropica in Vietnam facta est, plateas in urbe inundans, billboards exsufflavit et potentias polorum et arborum evertit.",2026-01-07 21:55:04+00:00
37637c9f3b0e3a297634de31ddade10b,2025-08-26T05:06:07Z,'flooding death',www.ibtimes.com,en,0.0,Typhoon Death Toll Rises In Vietnam As Downed Trees Hamper Rescuers,"The death toll from Typhoon Kajiki rose to three in Vietnam on Tuesday, as rescue workers battled uprooted trees and downed power lines and widespread flooding brought chaos to the streets of the capital Hanoi.",https://www.ibtimes.com/typhoon-death-toll-rises-vietnam-downed-trees-hamper-rescuers-3781671,https://d.ibtimes.com/en/full/4617867/typhoon-kajiki-downed-trees-tore-roofs-off-thousands-homes-vietnam.jpg,,"The death toll from Typhoon Kajiki rose to three in Vietnam on Tuesday, as rescue workers battled uprooted trees and downed power lines and widespread flooding brought chaos to the streets of the cap… [+2655 chars]",,"Die Zahl der Taifun-Todesopfer in Vietnam steigt, da umgestürzte Bäume Retter behindern. Die Zahl der Todesopfer durch den Taifun Kajiki stieg am Dienstag in Vietnam auf drei, als Rettungskräfte gegen entwurzelte Bäume und umgestürzte Stromleitungen kämpften und großflächige Überschwemmungen Chaos auf den Straßen der Hauptstadt Hanoi verursachten.","Typhoon Death Toll Rises In Vietnam As Downed Trees Hamper Rescuers. The death toll from Typhoon Kajiki rose to three in Vietnam on Tuesday, as rescue workers battled uprooted trees and downed power lines and widespread flooding brought chaos to the streets of the capital Hanoi.","Typhoon mors toll surgit in Vietnam sicut Downed arbores Hamper Rescuers. Mortuum vectigal ex Typhoon Kajiki ad tres in Vietnam die Martis surrexit, ut opifices ad arbores evulsas pugnatas liberarent et lineas virtutis diruerent et inundationes diffusas in vias urbis Hanoi chaos attulissent.",2026-01-07 21:55:04+00:00
3272cf63d62f590034a3dd59230bc153,2025-08-26T05:20:47Z,'flooding landslide',indianexpress.com,en,0.0,Traffic suspended on Jammu-Srinagar NH amid rains across Jammu,"Heavy rains continue to impact Jammu division, suspending traffic on the Jammu-Srinagar national highway due to safety concerns. Rivers are rising dangerously, leading to flooding and landslides across affected areas. Stay updated on the latest conditions.",https://indianexpress.com/article/india/traffic-suspended-jammu-srinagar-nh-rains-jammu-10211970/,https://images.indianexpress.com/2025/08/RAIN_1dacd7.jpg,,"Moderate to heavy rains lashed Jammu division for the third consecutive day on Tuesday, leading to suspension of traffic along the Jammu-Srinagar national highway, officials said.Almost all the river… [+2383 chars]",,"Der Verkehr auf der Strecke Jammu-Srinagar NH wurde aufgrund von Regenfällen in ganz Jammu eingestellt. Die Division Jammu wird weiterhin von starken Regenfällen heimgesucht, wodurch der Verkehr auf der Nationalstraße Jammu-Srinagar aus Sicherheitsgründen unterbrochen wird. Flüsse steigen gefährlich an, was zu Überschwemmungen und Erdrutschen in den betroffenen Gebieten führt. Bleiben Sie über die neuesten Bedingungen auf dem Laufenden.","Traffic suspended on Jammu-Srinagar NH amid rains across Jammu. Heavy rains continue to impact Jammu division, suspending traffic on the Jammu-Srinagar national highway due to safety concerns. Rivers are rising dangerously, leading to flooding and landslides across affected areas. Stay updated on the latest conditions.","Negotiatio suspensa in Jammu-Srinagar NH inter pluvias trans Jammu. Imbres graves pergunt ad divisionem Jammu ictum, commercium suspendens in via nationali Jammu-Srinagar propter curam salutis. Flumina periculose exsurgunt, ducens ad inundationem et per loca affectata proruit. Stay updated in latest conditions.",2026-01-07 21:55:04+00:00
4a739d8c87a7bf0ec7b7647b817a112d,2025-08-26T05:34:13Z,'flooding',www.rte.ie,en,0.0,Three people killed after Typhoon Kajiki hits Vietnam,"The death toll from Typhoon Kajiki has risen to three in Vietnam, as rescue workers battled uprooted trees and downed power lines and widespread flooding brought chaos to the streets of the capital Hanoi.",https://www.rte.ie/news/world/2025/0826/1530157-typhoon-kajiki-vietnam/,https://www.rte.ie/images/0023123d-1600.jpg,,"The death toll from Typhoon Kajiki has risen to three in Vietnam, as rescue workers battled uprooted trees and downed power lines and widespread flooding brought chaos to the streets of the capital H… [+2888 chars]",,"Drei Menschen starben, nachdem der Taifun Kajiki Vietnam getroffen hatte. Die Zahl der Todesopfer durch den Taifun Kajiki ist in Vietnam auf drei gestiegen, da Rettungskräfte gegen entwurzelte Bäume und umgestürzte Stromleitungen kämpften und großflächige Überschwemmungen Chaos auf den Straßen der Hauptstadt Hanoi verursachten.","Three people killed after Typhoon Kajiki hits Vietnam. The death toll from Typhoon Kajiki has risen to three in Vietnam, as rescue workers battled uprooted trees and downed power lines and widespread flooding brought chaos to the streets of the capital Hanoi.","Tres homines occisi post Typhon Kajiki Vietnam pervenit. Mortuum vectigal ex Typhoon Kajiki ad tres in Vietnam ortum est, ut opifices ad arbores exstirpatas pugnatas liberarent et lineas virtutis diruerent et inundationes diffusas ad vias urbis Hanoi chaos attulissent.",2026-01-07 21:55:04+00:00
9fe203defb8a168baa0d7edd5c11abb3,2025-08-26T08:32:24Z,'flooding',www.aljazeera.com,en,0.0,Death toll from Typhoon Kajiki rises in Vietnam,"Typhoon Kajiki kills three in Vietnam, causing flooding, power outages and evacuations across several provinces.",https://www.aljazeera.com/gallery/2025/8/26/death-toll-from-typhoon-kajiki-rises-in-vietnam,https://www.aljazeera.com/wp-content/uploads/2025/08/AFP__20250826__72FP9T3__v1__HighRes__VietnamTyphoonWeather-1756191415.jpg?resize=1920%2C1440,https://web.archive.org/web/20250826205955/https://www.aljazeera.com/gallery/2025/8/26/death-toll-from-typhoon-kajiki-rises-in-vietnam,"The death toll from Typhoon Kajiki in Vietnam has risen to three as rescue workers battled uprooted trees and downed power lines, while widespread flooding brought chaos to the streets of the capital… [+1316 chars]",,"In Vietnam steigt die Zahl der Todesopfer durch den Taifun Kajiki. Der Taifun Kajiki tötete drei Menschen in Vietnam und verursachte Überschwemmungen, Stromausfälle und Evakuierungen in mehreren Provinzen.","Death toll from Typhoon Kajiki rises in Vietnam. Typhoon Kajiki kills three in Vietnam, causing flooding, power outages and evacuations across several provinces.","Mortuus vectigal ex Typhoone Kajiki in Vietnam oritur. Typhoon Kajiki tres in Vietnam occidit, inundationes, potentias outages et evacuationes per plures provincias causans.",2026-01-07 21:55:04+00:00
f4dce81cfe82655305abb083e01ad4ea,2025-08-26T09:35:12Z,'floods',consent.yahoo.com,en,0.0,"Pakistan evacuates 150,000 people as rival India warns of floods",,https://consent.yahoo.com/v2/collectConsent?sessionId=1_cc-session_7d196b51-cdd0-483d-89cf-f5d4ec1efab4,,,"If you click 'Accept all', we and our partners, including 237 who are part of the IAB Transparency &amp; Consent Framework, will also store and/or access information on a device (in other words, use … [+714 chars]",,"Pakistan evakuiert 150.000 Menschen, da der Rivale Indien vor Überschwemmungen warnt. Nan","Pakistan evacuates 150,000 people as rival India warns of floods. nan",Pakistania evacuat 15000 hominum ut aemulam Indiae inundationes monet. nan,2026-01-07 21:55:04+00:00
9bdaa9544fcbda205e811fac9b00f277,2025-08-26T10:15:11Z,'flooding area',www.aljazeera.com,en,0.0,"Pakistan’s farmers battle floods, debt and climate-driven crisis",Farmers in Pakistan describe battling floods and droughts as 'gambling with nature' amid worsening climate impacts.,https://www.aljazeera.com/news/2025/8/26/one-year-floods-the-next-drought-farmers-battle-pakistans-climate-plight,https://www.aljazeera.com/wp-content/uploads/2023/07/crops-1688498487.jpg?resize=1920%2C1440,https://web.archive.org/web/20250826105438/https://www.aljazeera.com/news/2025/8/26/one-year-floods-the-next-drought-farmers-battle-pakistans-climate-plight,"Islamabad, Pakistan As a new wave of cloudbursts, monsoon rains and floods cause havoc across Pakistan, Iqbal Solangi sits in his small house in the southern coastal city of Karachi, feeling the pain… [+6436 chars]",,"Pakistans Bauern kämpfen mit Überschwemmungen, Schulden und einer klimabedingten Krise. Landwirte in Pakistan beschreiben den Kampf gegen Überschwemmungen und Dürren als „Spiel mit der Natur“ angesichts der sich verschlimmernden Klimaauswirkungen.","Pakistan’s farmers battle floods, debt and climate-driven crisis. Farmers in Pakistan describe battling floods and droughts as 'gambling with nature' amid worsening climate impacts.","Inundationes agricolae Pakistani pugnam, debitum et discrimen climatis agitatae. Agricolae in Pakistania describunt proelia inundationes et siccitates sicut 'alea cum natura' inter impulsus caeli crescente.",2026-01-07 21:55:04+00:00
f149d8310d8a26096281d72a0ca43fa4,2025-08-26T14:19:58Z,'floods',www.thehindubusinessline.com,en,0.0,"Rains, flash floods wreak havoc across Himachal, J&K, Uttarakhand","Relentless heavy rain led to a landslide on the route to the Mata Vaishno Devi shrine atop the Trikuta hill on Tuesday afternoon, killing at least five people and injuring 14, officials said",https://www.thehindubusinessline.com/news/rains-flash-floods-wreak-havoc-across-himachal-jk-uttarakhand/article69979695.ece,https://bl-i.thgim.com/public/incoming/2nxhxu/article69979932.ece/alternates/LANDSCAPE_1200/2025-08-26T125746Z_231793096_RC20FGAJD46B_RTRMADP_3_ASIA-WEATHER-INDIA.JPG,https://web.archive.org/web/20250826143744/https://www.thehindubusinessline.com/news/rains-flash-floods-wreak-havoc-across-himachal-jk-uttarakhand/article69979695.ece,"Highways were cut off with landslides and flash floods as torrential rain lashed the hill states of Himachal Pradesh, Uttarakhand and Jammu and Kashmir in the last 24 hours. 
Relentless heavy rain l… [+3877 chars]",,"Regenfälle und Sturzfluten richten verheerende Schäden in Himachal, J&K, Uttarakhand an. Unerbittlich starker Regen führte am Dienstagnachmittag auf dem Weg zum Mata Vaishno Devi-Schrein auf dem Trikuta-Hügel zu einem Erdrutsch, bei dem mindestens fünf Menschen getötet und 14 verletzt wurden, sagten Beamte","Rains, flash floods wreak havoc across Himachal, J&K, Uttarakhand. Relentless heavy rain led to a landslide on the route to the Mata Vaishno Devi shrine atop the Trikuta hill on Tuesday afternoon, killing at least five people and injuring 14, officials said","Imbres, flumina micant per Himachal, J&K, Uttarakhand vastant. Imbribus improbus ad prolapsionem per viam duxit Mata Vaishno Devi sacellum Trikuta super collem Martis post meridiem, occisio saltem quinque homines et laesio 14 magistratus dixit.",2026-01-07 21:55:04+00:00
50da5a72d0778f81ad05241357e3b7f6,2025-08-26T14:38:05Z,'flooding weather',www.usatoday.com,en,0.0,"Carnival cruise ship tilts amid rough weather, scattering dishes, flooding elevator","Carnival Cruise Line said the ship “encountered wind and rain that led to a listing,"" or leaning to one side.",https://www.usatoday.com/story/travel/cruises/2025/08/26/carnival-panorama-cruise-ship-tilts-weather/85830723007/,https://s.yimg.com/ny/api/res/1.2/Pw1TeIex1NAlkS3ziOvdfw--/YXBwaWQ9aGlnaGxhbmRlcjt3PTEyMDA7aD04MDA7Y2Y9d2VicA--/https://media.zenfs.com/en/usa_today_travel_320/9f9a29ac77a753756952cbce8ceab08f,https://web.archive.org/web/20250826212807/https://www.usatoday.com/story/travel/cruises/2025/08/26/carnival-panorama-cruise-ship-tilts-weather/85830723007/,"Rough weather hit a Carnival Cruise Line ship during a Mexican Riviera cruise, causing the ship to tilt.
Matt Lupoli, a spokesperson for the cruise line, told USA TODAY that the ship encountered win… [+1806 chars]",,"Carnival-Kreuzfahrtschiff kippt bei rauem Wetter, verstreutem Geschirr und überschwemmtem Aufzug. Carnival Cruise Line sagte, das Schiff sei „auf Wind und Regen gestoßen, die dazu führten, dass es auf der Seite lag“.","Carnival cruise ship tilts amid rough weather, scattering dishes, flooding elevator. Carnival Cruise Line said the ship “encountered wind and rain that led to a listing,"" or leaning to one side.","Carens lecythus navi per aspera tempestas spargens fercula, inundans attollo. Carens Cruise Linea dixit navem ""ventum et pluviam occurrisse quae ad enumerationem ducebat,"" vel ad unam partem inclinans.",2026-01-07 21:55:04+00:00
56961142c9edeb4eead5f41eb39591f7,2025-08-26T15:40:00Z,'deluge',www.lawnext.com,en,0.0,LexisNexis: Every Lawyer Will Have A Personalized AI Assistant,"Even though ILTACON ended more than a week ago now, I am still digging out from the deluge of briefings and meetings I attended there. One of particular note was a media briefing with LexisNexis execu...",https://www.lawnext.com/2025/08/lexisnexis-every-lawyer-will-have-a-personalized-ai-assistant.html,https://www.lawnext.com/wp-content/uploads/2025/08/LN-AIassistant-Vision-Featured.png,https://web.archive.org/web/20250826185253/https://www.lawnext.com/2025/08/lexisnexis-every-lawyer-will-have-a-personalized-ai-assistant.html,"Even though ILTACON ended more than a week ago now, I am still digging out from the deluge of briefings and meetings I attended there. One of particular note was a media briefing with LexisNexis exec… [+9196 chars]",,"LexisNexis: Jeder Anwalt wird einen personalisierten KI-Assistenten haben. Auch wenn die ILTACON nun schon vor mehr als einer Woche zu Ende ging, bin ich immer noch dabei, mich von der Flut an Briefings und Meetings zu erholen, an denen ich dort teilgenommen habe. Besonders hervorzuheben war ein Medienbriefing mit der Geschäftsleitung von LexisNexis...","LexisNexis: Every Lawyer Will Have A Personalized AI Assistant. Even though ILTACON ended more than a week ago now, I am still digging out from the deluge of briefings and meetings I attended there. One of particular note was a media briefing with LexisNexis execu...","LexisNexis: Omnis iurisconsultus personalem AI adiutorem habebit. Etsi ILTACON plus quam hebdomade iam finivit, adhuc e diluvio brevitatum et conventuum effossus sum ibi. Una notula praecipua erat media breviatio cum LexisNexis execu...",2026-01-07 21:55:04+00:00
f6826d2ce15de9ae99db4f7d0544c5bd,2025-08-26T19:57:24Z,'floods',skepticalscience.com,en,0.0,The surprising reasons floods and other disasters are deadlier at night,"This story by Kate Yoder was originally published by Grist and is part of Covering Climate Now, a global journalism collaboration strengthening coverage of the climate story.
It was 4 a.m. on July 4 at Camp La Junta in Kerr County when Kolton Taylor woke up t…",https://skepticalscience.com/floods-disasters-deadlier-at-night.html,https://skepticalscience.com/public/assets/images/og/button_sks_200.jpg,https://web.archive.org/web/20250826070841/https://skepticalscience.com/floods-disasters-deadlier-at-night.html,"Posted on 26 August 2025 by Guest Author
This story by Kate Yoder was originally published by Grist and is part of Covering Climate Now, a global journalism collaboration strengthening coverage of t… [+5745 chars]",,"Die überraschenden Gründe, warum Überschwemmungen und andere Katastrophen nachts tödlicher sind. Diese Geschichte von Kate Yoder wurde ursprünglich von Grist veröffentlicht und ist Teil von Covering Climate Now, einer globalen journalistischen Zusammenarbeit, die die Berichterstattung über die Klimageschichte stärkt.
Es war 4 Uhr morgens am 4. Juli im Camp La Junta im Kerr County, als Kolton Taylor aufwachte …","The surprising reasons floods and other disasters are deadlier at night. This story by Kate Yoder was originally published by Grist and is part of Covering Climate Now, a global journalism collaboration strengthening coverage of the climate story.
It was 4 a.m. on July 4 at Camp La Junta in Kerr County when Kolton Taylor woke up t…","Mirae rationes inundationes et aliae calamitates nocturno tempore funestiores sunt. Haec fabula a Kate Yoder originaliter a Grist  divulgata est et pars Clima Tegumenta est Nunc, collaboratio globalis diurnariae confirmans coverage de historia climatis.
Erat 4 a.m. die 4 mensis Iulii apud Castra La Junta in comitatu Kerr cum Kolton Taylor experrectus t…",2026-01-07 21:55:04+00:00
a014f94b699de3c1157d12bee3732153,2025-08-26T23:48:46Z,'flooding',www.kpbs.org,en,0.0,Hundreds still without power in the Imperial Valley after Monday's monsoon storms,"Thunderstorms and heavy rains arrived Monday afternoon, flooding a state highway near Westmoreland and toppling close to 300 power poles.",https://www.kpbs.org/news/environment/2025/08/26/monsoon-storms-strike-the-imperial-valley-leaving-hundreds-without-power,https://cdn.kpbs.org/dims4/default/e29eff0/2147483647/strip/true/crop/3000x1575+0+213/resize/1200x630!/quality/90/?url=http%3A%2F%2Fkpbs-brightspot.s3.us-west-2.amazonaws.com%2Ff5%2F7e%2F19bb159a4b078cee7daf3dddd354%2Fiid-photo.jpg,https://web.archive.org/web/20250827023338/https://www.kpbs.org/news/environment/2025/08/26/monsoon-storms-strike-the-imperial-valley-leaving-hundreds-without-power,"Hundreds of Imperial Valley residents were still without power Tuesday afternoon after heavy rains from a monsoon storm washed through the desert region a day earlier, toppling power poles and cuttin… [+3584 chars]",,"Hunderte sind im Imperial Valley nach den Monsunstürmen am Montag immer noch ohne Strom. Am Montagnachmittag kam es zu Gewittern und heftigen Regenfällen, die eine Staatsstraße in der Nähe von Westmoreland überschwemmten und fast 300 Strommasten umstürzten.","Hundreds still without power in the Imperial Valley after Monday's monsoon storms. Thunderstorms and heavy rains arrived Monday afternoon, flooding a state highway near Westmoreland and toppling close to 300 power poles.","Centum adhuc sine potestate in Valle Caesarea post Lunae procellas ETESIA. Tempestates et imbres Lunae post meridiem advenerunt, inundatio civitatis via prope Westmorland et pontus prope 300 polos potentiae.",2026-01-07 21:55:04+00:00
93e875c4855872b3823acdbdf8518ca6,2025-08-27T00:30:00Z,'flooding victims',www.bbc.co.uk,en,0.0,The Facebook grifters making money off AI Holocaust victims,"In Early June, the Auschwitz Memorial posted a warning about AI-generated Holocaust victims flooding Facebook. BBC Trending has since tracked several accounts pushing these false narratives and other pages posting so-called ‘AI slop’. The investigation has un…",https://www.bbc.co.uk/programmes/p0lz39ky,https://ichef.bbci.co.uk/images/ic/1200x675/p0hd1sss.jpg,,"In Early June, the Auschwitz Memorial posted a warning about AI-generated Holocaust victims flooding Facebook. BBC Trending has since tracked several accounts pushing these false narratives and other… [+255 chars]",,"Die Facebook-Gauner verdienen Geld mit KI-Holocaust-Opfern. Anfang Juni veröffentlichte die Auschwitz-Gedenkstätte eine Warnung vor KI-generierten Holocaust-Opfern, die Facebook überschwemmten. BBC Trending hat seitdem mehrere Accounts verfolgt, die diese falschen Narrative verbreiten, und andere Seiten, auf denen sogenannte „KI-Falschereien“ gepostet werden. Die Ermittlungen haben ...","The Facebook grifters making money off AI Holocaust victims. In Early June, the Auschwitz Memorial posted a warning about AI-generated Holocaust victims flooding Facebook. BBC Trending has since tracked several accounts pushing these false narratives and other pages posting so-called ‘AI slop’. The investigation has un…","Facebook grifters victimas Holocaustae pecuniam faciens ab AI. In primo Iunio, Auschwitz Memoriale monitionem circa AI generatae Holocaustae victimas Facebook inundantibus misit. BBC Trending ex quo plures rationes investigavit has falsas narrationes et alias paginas propellentibus, sic dictas 'AI slop'. Cognitio un…",2026-01-07 21:55:04+00:00
10177222bdbd2bc5d0cc489c84b62057,2025-08-27T03:05:47Z,'flooding rain',indianexpress.com,en,0.0,"Leaving Punjab reeling under floods, CM goes to Tamil Nadu, Opp slams Mann",The CM is in Tamil Nadu as the chief guest at the launch of the expansion of the state’s Chief Minister’s Breakfast Scheme for government-aided primary schools in urban areas.,https://indianexpress.com/article/cities/chandigarh/punjab-reeling-floods-cm-goes-tamil-nadu-opp-mann-10213724/,https://images.indianexpress.com/2025/08/mann-1600.jpg,https://web.archive.org/web/20250827035209/https://indianexpress.com/article/cities/chandigarh/punjab-reeling-floods-cm-goes-tamil-nadu-opp-mann-10213724/,The Opposition on Tuesday criticised Chief Minister Bhagwant Mann for attending an event in Chennai at a time when several parts of Punjab are reeling under floods and in need of urgent relief and re… [+4808 chars],,"Punjab wird von den Überschwemmungen heimgesucht, CM geht nach Tamil Nadu, Opp verprügelt Mann. Der CM ist in Tamil Nadu als Hauptgast beim Start der Ausweitung des Frühstücksprogramms des Chief Ministers des Staates für staatlich geförderte Grundschulen in städtischen Gebieten.","Leaving Punjab reeling under floods, CM goes to Tamil Nadu, Opp slams Mann. The CM is in Tamil Nadu as the chief guest at the launch of the expansion of the state’s Chief Minister’s Breakfast Scheme for government-aided primary schools in urban areas.","Relicto Punjab sub inundationibus nutat, CM ad Tamil Nadu, Opp slams Mann. CM est in Tamil Nadu ut summus hospes apud launch expansionem publici principis Ministeri's Prandium Scheme pro subsidiis primariis scholis in locis urbanis administrandis.",2026-01-07 21:55:04+00:00
741314909c423dcfb3a6a510158b4f4d,2025-08-27T05:38:00Z,'flooding landslide',www.channelnewsasia.com,en,0.0,"Over 30 people killed as heavy rain causes flooding, landslides in northern India","NEW DELHI: Heavy rain has caused flooding and landslides in northern parts of India, cutting off amenities and killing around 34 people, officials and local media reported, with more rain forecast for Wednesday (Aug 27). A landslide on Tuesday near the shrine…",https://www.channelnewsasia.com/asia/over-30-people-killed-heavy-rain-causes-flooding-landslides-northern-india-5316631,"https://dam.mediacorp.sg/image/upload/s--1tVHs3T3--/c_crop,h_450,w_800,x_0,y_0/fl_relative,g_south_east,l_mediacorp:cna:watermark:2024-04:reuters_1,w_0.1/f_auto,q_auto/c_fill,g_auto,h_676,w_1200/v1/one-cms/core/2025-08-27t045245z_2_lynxmpel7q03o_rtroptp_3_asia-weather-india.jpg?itok=Q8cIZ8-I",https://web.archive.org/web/20250827083915/https://www.channelnewsasia.com/asia/over-30-people-killed-heavy-rain-causes-flooding-landslides-northern-india-5316631,"""The immediate priority is restoration of electricity, water supply and mobile services, for which the authorities have been working continuously overnight,"" Jitendra Singh, India's science and techn… [+705 chars]",,"Über 30 Menschen kamen ums Leben, als heftige Regenfälle in Nordindien zu Überschwemmungen und Erdrutschen führten. NEU-DELHI: Starke Regenfälle haben in nördlichen Teilen Indiens zu Überschwemmungen und Erdrutschen geführt, die Versorgungsmöglichkeiten lahmgelegt und etwa 34 Menschen getötet, berichteten Beamte und lokale Medien. Für Mittwoch (27. August) sind weitere Regenfälle vorhergesagt. Ein Erdrutsch am Dienstag in der Nähe des Schreins…","Over 30 people killed as heavy rain causes flooding, landslides in northern India. NEW DELHI: Heavy rain has caused flooding and landslides in northern parts of India, cutting off amenities and killing around 34 people, officials and local media reported, with more rain forecast for Wednesday (Aug 27). A landslide on Tuesday near the shrine…","Plus XXX homines interfecerunt sicut pluviae inundationes, proruit in India septentrionali. NOVA DELHI: Imber gravis inundationem et proruit in partes septentrionales Indiae, amoenitates interclusit et caedes circa 34 homines, officiales et instrumentorum localium rettulit, cum pluvia plus Mercurii die (Aug. 27). A die Martis prope fanum LAPSUS ...",2026-01-07 21:55:04+00:00
234e203cd83709cda54a53c8a2320a05,2025-08-27T07:05:34Z,'flooding evacuation',economictimes.indiatimes.com,en,0.0,"Pakistan floods: India’s alert saves 1.5 lakh lives, next 48 hours critical","Pakistan floods news: Over 150,000 people evacuate from Pakistan's Punjab after India releases dam water. This action sparks fears of major flooding, adding to monsoon deaths. Evacuations continue along Sutlej, Ravi, and Chenab rivers. The army assists, and r…",https://economictimes.indiatimes.com/news/india/pakistan-floods-indias-alert-saves-1-5-lakh-lives-next-48-hours-critical/articleshow/123540554.cms,"https://img.etimg.com/thumb/msid-123540629,width-1200,height-630,imgsize-190262,overlay-economictimes/articleshow.jpg",https://web.archive.org/web/20250827072151/https://economictimes.indiatimes.com/news/india/pakistan-floods-indias-alert-saves-1-5-lakh-lives-next-48-hours-critical/articleshow/123540554.cms,"More than 150,000 people have been evacuated from villages in Pakistans Punjab province after India released water from overflowing dams into cross-border rivers, officials said on Tuesday. The move … [+4600 chars]",,"Überschwemmungen in Pakistan: Indiens Alarm rettet 1,5 Millionen Menschenleben, die nächsten 48 Stunden sind entscheidend. Nachrichten über Überschwemmungen in Pakistan: Über 150.000 Menschen werden aus dem pakistanischen Punjab evakuiert, nachdem Indien Stauwasser abgelassen hat. Diese Aktion schürt Ängste vor großen Überschwemmungen, die zu weiteren Todesfällen durch den Monsun führen. Die Evakuierungen entlang der Flüsse Sutlej, Ravi und Chenab dauern an. Die Armee hilft und r…","Pakistan floods: India’s alert saves 1.5 lakh lives, next 48 hours critical. Pakistan floods news: Over 150,000 people evacuate from Pakistan's Punjab after India releases dam water. This action sparks fears of major flooding, adding to monsoon deaths. Evacuations continue along Sutlej, Ravi, and Chenab rivers. The army assists, and r…","Inundationes Pakistan: Indiae vigilantes servat 1.5 lakh vitas, iuxta 48 horas criticas. Pakistan inundat nuntium: Plus 150,000 homines ex Pakistan scriptor Punjab emittunt post Indiam aquam emittit. Haec actio scintillae metuit maioris inundationis, mortes ETESIAE addens. Evacuationes pergunt per flumina Sutlej, Ravi et Chenab. Exercitum adiuvat, et r…",2026-01-07 21:55:04+00:00
eb1a5d0cf96a8f08030392f4eb529fc8,2025-08-27T07:42:07Z,'flooding',www.aljazeera.com,en,0.0,Building collapses into overflowing river during India floods,"A building collapsed into an overflowing river in Kullu in northern India, where heavy rains have caused flooding.",https://www.aljazeera.com/video/newsfeed/2025/8/27/building-collapses-into-overflowing-river-during-india-floods,https://www.aljazeera.com/wp-content/uploads/2025/08/image-1756280483.jpg?resize=1920%2C1080&quality=80,,"NewsFeed
Video shows the moment a building collapsed into an overflowing river in Kullu in northern India, where heavy rains have caused severe flooding and landslides. The floods have damaged roads… [+76 chars]",,"Bei Überschwemmungen in Indien stürzt ein Gebäude in einen überlaufenden Fluss. In Kullu im Norden Indiens stürzte ein Gebäude in einen überlaufenden Fluss, wo starke Regenfälle zu Überschwemmungen geführt haben.","Building collapses into overflowing river during India floods. A building collapsed into an overflowing river in Kullu in northern India, where heavy rains have caused flooding.","Aedificium in diluvia Indiae fluminis inundantem concidit. Aedificium concidit in Kullu flumen inundantem in India septentrionali, ubi pluviae inundationem fecerunt.",2026-01-07 21:55:04+00:00
a7395393828876a62f8c04a310c89f21,2025-08-27T08:44:18Z,'flooding rain',abcnews.go.com,en,0.0,"Floods leave 32 dead in Indian-controlled Kashmir as over 150,000 displaced","Indian media reports say intense rains have lashed parts of Pakistan and India and triggered flash floods in Indian-controlled Kashmir’s Jammu region, leaving at least 32 people dead and many missing following a landslide on a Hindu pilgrimage route",https://abcnews.go.com/International/wireStory/flash-floods-leave-32-dead-indian-controlled-kashmir-125012889,https://i.abcnewsfe.com/a/65010ceb-a59f-4695-9a19-fe37c5b1510d/wirestory_7764601f6012c24c72f36d4088b56b39_16x9.jpg?w=1600,https://web.archive.org/web/20250827135219/https://abcnews.go.com/International/wireStory/flash-floods-leave-32-dead-indian-controlled-kashmir-125012889,"NEW DELHI -- Intense rains have lashed parts of Pakistan and India and triggered flash floods in Indian-controlled Kashmirs Jammu region, leaving at least 32 people dead and many missing following a … [+2691 chars]",,"Überschwemmungen fordern im von Indien kontrollierten Kaschmir 32 Todesopfer und über 150.000 Vertriebene. Laut indischen Medienberichten haben heftige Regenfälle Teile Pakistans und Indiens heimgesucht und Sturzfluten in der von Indien kontrollierten Kaschmir-Region Jammu ausgelöst, wobei nach einem Erdrutsch auf einer hinduistischen Pilgerroute mindestens 32 Menschen ums Leben kamen und viele vermisst wurden","Floods leave 32 dead in Indian-controlled Kashmir as over 150,000 displaced. Indian media reports say intense rains have lashed parts of Pakistan and India and triggered flash floods in Indian-controlled Kashmir’s Jammu region, leaving at least 32 people dead and many missing following a landslide on a Hindu pilgrimage route","Inundationes 32 exeunt mortuae in Kashmir Indian continenti sicut supra 150,000 motae. Instrumenta Indiana nuntia dicunt vehementes pluvias partes Pakistan et Indiae laesisse et micare inundationes in regione Kashmir Kashmir's Jammu Indian continentis, relictis saltem 32 hominibus mortuis et multis absentibus sequentes in regione Prohibeo peregrinationis",2026-01-07 21:55:04+00:00
b93fd60e2f15fcbf8418ce8ab7888d84,2025-08-27T09:11:41Z,'flooding evacuation',economictimes.indiatimes.com,en,0.0,"Over 5,000 people evacuated from flooded parts of Jammu, efforts on to restore essential services","Heavy rainfall, the highest in over a century, triggered severe flooding in the Jammu region, leading to the evacuation of over 5,000 people. Rescue operations by the Army, NDRF, and SDRF are underway to assist those stranded in flood-hit areas. Authorities a…",https://economictimes.indiatimes.com/news/india/over-5000-people-evacuated-from-flooded-parts-of-jammu-efforts-on-to-restore-essential-services/articleshow/123542671.cms,"https://img.etimg.com/thumb/msid-123542779,width-1200,height-630,imgsize-14896,overlay-economictimes/articleshow.jpg",https://web.archive.org/web/20250827094027/https://economictimes.indiatimes.com/news/india/over-5000-people-evacuated-from-flooded-parts-of-jammu-efforts-on-to-restore-essential-services/articleshow/123542671.cms,"More than 5,000 people were evacuated from the banks of various flooded rivers and inundated low-lying areas in the Jammu region as rescue agencies and the administration continued to reach out to st… [+3462 chars]",,"Über 5.000 Menschen wurden aus überschwemmten Teilen von Jammu evakuiert und die Bemühungen zur Wiederherstellung lebenswichtiger Dienstleistungen werden fortgesetzt. Starke Regenfälle, die höchsten seit über einem Jahrhundert, lösten in der Region Jammu schwere Überschwemmungen aus, die zur Evakuierung von über 5.000 Menschen führten. Rettungsaktionen der Armee, der NDRF und der SDRF sind im Gange, um den in den Überschwemmungsgebieten gestrandeten Menschen zu helfen. Behörden a…","Over 5,000 people evacuated from flooded parts of Jammu, efforts on to restore essential services. Heavy rainfall, the highest in over a century, triggered severe flooding in the Jammu region, leading to the evacuation of over 5,000 people. Rescue operations by the Army, NDRF, and SDRF are underway to assist those stranded in flood-hit areas. Authorities a…","Plus 5,000 populus e partibus inundatis Jammu decessit, conatus ad officia essentialia restauranda. Imbribus gravis, summa in saeculo, gravis inundatio in regione Jammu Urguet, ducens ad evacuationem hominum supra 5,000 hominum. Exercitus, NDRF, et SDRF operationes liberate comparatis sunt ut adiuvent eas in locis inundationibus destituti. Auctoritates a…",2026-01-07 21:55:04+00:00
67f3d34175e9590681977b24266482ab,2025-08-27T09:25:00Z,'flooding storm',www.channelnewsasia.com,en,0.0,"Typhoon Kajiki kills 8 in Vietnam and Thailand, with warnings of more flooding to come","HANOI: Typhoon Kajiki and the flooding it triggered has killed eight people, including one in Thailand and seven in Vietnam, authorities said on Wednesday (Aug 27), with the Vietnamese government warning of more flash floods and mudslides to come. The storm,",https://www.channelnewsasia.com/asia/typhoon-kajiki-kills-8-vietnam-and-thailand-warnings-more-flooding-come-5316811,"https://dam.mediacorp.sg/image/upload/s--iCotC8Lp--/c_crop,h_2078,w_3695,x_1,y_324/fl_relative,g_south_east,l_one-cms:core:watermark:ap_data-1,w_0.1/f_auto,q_auto/c_fill,g_auto,h_676,w_1200/v1/mediacorp/cna/image/2025/08/27/ap25239202444539.jpg?itok=VL3yr8oO",https://web.archive.org/web/20250827095426/https://www.channelnewsasia.com/asia/typhoon-kajiki-kills-8-vietnam-and-thailand-warnings-more-flooding-come-5316811,"HANOI: Typhoon Kajiki and the flooding it triggered has killed eight people, including one in Thailand and seven in Vietnam, authorities said on Wednesday (Aug 27), with the Vietnamese government war… [+1653 chars]",,"Der Taifun Kajiki tötet in Vietnam und Thailand acht Menschen und es wird vor weiteren Überschwemmungen gewarnt. HANOI: Der Taifun Kajiki und die dadurch ausgelösten Überschwemmungen haben acht Menschen getötet, darunter einen in Thailand und sieben in Vietnam, teilten die Behörden am Mittwoch (27. August) mit. Die vietnamesische Regierung warnte vor weiteren Sturzfluten und Schlammlawinen. Der Sturm,","Typhoon Kajiki kills 8 in Vietnam and Thailand, with warnings of more flooding to come. HANOI: Typhoon Kajiki and the flooding it triggered has killed eight people, including one in Thailand and seven in Vietnam, authorities said on Wednesday (Aug 27), with the Vietnamese government warning of more flash floods and mudslides to come. The storm,","Typhoon Kajiki 8 in Vietnam et Thailandia necat, cum monita inundationis magis venturi sint. HANOI: Typhoon Kajiki et inundatio qua utitur octo homines occidit, inter unum in Thailandia et septem in Vietnam, auctoritates die Mercurii (Aug. 27) dixerunt, cum regimen Vietnamensis monitum magis diluvia et mudslides venire. gurges;",2026-01-07 21:55:04+00:00
2bdddfc08cfda6c6c2bb9b72deb39618,2025-08-27T09:30:46Z,'floods',www.bbc.com,en,0.0,Watch: Raging rivers cause destruction in parts of northern India,"At least 30 people have died since Tuesday, as flash floods swept away roads and submerged homes.",https://www.bbc.com/news/videos/cp94eg1p7rvo,https://ichef.bbci.co.uk/news/1024/branded_news/e7b3/live/23975000-831b-11f0-83cc-c5da98c419b8.jpg,,"Heavy rainfall has triggered landslides and flash floods across northern India. 
On Tuesday, more than 30 people were killed near a popular Hindu shrine in Indian-administered Kashmir. 
Rains have … [+238 chars]",,"Beobachten Sie: Wilde Flüsse verursachen in Teilen Nordindiens Zerstörung. Mindestens 30 Menschen sind seit Dienstag gestorben, als Sturzfluten Straßen wegfegten und Häuser überschwemmten.","Watch: Raging rivers cause destruction in parts of northern India. At least 30 people have died since Tuesday, as flash floods swept away roads and submerged homes.","Vide: Furentes flumina perniciem faciunt in partibus Indiae septentrionalis. 30 Saltem post Martis homines perierunt, Ut micare flumina raperentur viae, et mersae domos.",2026-01-07 21:55:04+00:00
c281727d2c7c3dded002da2dd4b01997,2025-08-27T11:00:40Z,'flooding',www.cbsnews.com,en,0.0,Bones found at site in Japan where forced laborers died in WWII,"In February 1942, part of the ceiling of a mine shaft collapsed, flooding the mine and killing the 183 workers inside.",https://www.cbsnews.com/news/bones-found-wwii-mine-japan-korean-forced-labor-deaths/,https://assets1.cbsnewsstatic.com/hub/i/r/2025/08/27/c31feefe-af65-4c5a-8317-878d1265ad2a/thumbnail/1200x630/73c7061846ca75ad0dcec9e3a40f33e8/ap25239107050548.jpg,https://web.archive.org/web/20250827113619/https://www.cbsnews.com/news/bones-found-wwii-mine-japan-korean-forced-labor-deaths/,"Police said Wednesday that a set of bones recovered at a wartime mine in Japan are human remains, and a Japanese group helping search for the remains said they are certain to belong to about 180 most… [+4162 chars]",,"Knochen, die an einem Ort in Japan gefunden wurden, an dem im Zweiten Weltkrieg Zwangsarbeiter starben. Im Februar 1942 stürzte ein Teil der Decke eines Minenschachts ein, wodurch die Mine überschwemmt wurde und die 183 Arbeiter darin starben.","Bones found at site in Japan where forced laborers died in WWII. In February 1942, part of the ceiling of a mine shaft collapsed, flooding the mine and killing the 183 workers inside.","Ossa ad locum in Iaponia inventa ubi operarii tributarii in WWII mortui sunt. Mense Februario MCMXLII, pars laquearia scapi fodinis collapsa, cuniculum inundans et 183 operarios intus necans.",2026-01-07 21:55:04+00:00
100ea32d9dac3a22714511b71d349331,2025-08-27T11:02:10Z,'flooding',abcnews.go.com,en,0.0,Photos show the effects of flooding in Kashmir after weeks of intense rain in the region,"Prolonged monsoon rains this season have badly battered South Asia. Rising waters sent people fleeing from their homes in the Indian-administered Jammu area in Kashmir, which is split between Pakistan and India and claimed by both sides.

Floods triggered by …",https://abcnews.go.com/International/wireStory/photos-show-effects-flooding-kashmir-after-weeks-intense-125007179,https://i.abcnewsfe.com/a/2b5924c3-c6da-4140-af15-8aa89cf23664/wirestory_bfef64a1a40380be7f878d9f5aafab91_16x9.jpg?w=1600,https://web.archive.org/web/20250827135041/https://abcnews.go.com/International/wireStory/photos-show-effects-flooding-kashmir-after-weeks-intense-125007179,"JAMMU, India -- Prolonged monsoon rains this season have badly battered South Asia. Rising waters sent people fleeing from their homes in the Indian-administered Jammu area in Kashmir, which is split… [+440 chars]",,"Fotos zeigen die Auswirkungen der Überschwemmungen in Kaschmir nach wochenlangen heftigen Regenfällen in der Region. Anhaltende Monsunregenfälle in dieser Saison haben Südasien schwer getroffen. Steigende Wassermassen führten dazu, dass Menschen aus ihren Häusern im von Indien verwalteten Jammu-Gebiet in Kaschmir flohen, das zwischen Pakistan und Indien aufgeteilt und von beiden Seiten beansprucht wird.

Überschwemmungen ausgelöst durch …","Photos show the effects of flooding in Kashmir after weeks of intense rain in the region. Prolonged monsoon rains this season have badly battered South Asia. Rising waters sent people fleeing from their homes in the Indian-administered Jammu area in Kashmir, which is split between Pakistan and India and claimed by both sides.

Floods triggered by …","Imagines ostendunt effectus inundationis in Kashmir post septimanas pluviae in regione magnae. Longae imbres ETESIAE hoc tempore male quassatae sunt South Asia. Aquae surgentes homines e sedibus suis fugientes in regionem Jammu Indian administravit in Kashmir, quae inter Pakistan et Indiam scinditur et ab utraque parte petita est.

Flumina Urguet ...",2026-01-07 21:55:04+00:00
55d90ebf1110a0b3ce9beecffe1a329c,2025-08-27T12:00:46Z,'floods',djmag.com,en,0.0,Forecast uncertain: how the climate crisis is threatening the future of festivals,"From floods and wildfires to overheating and even a toxic fungus, climate-related disasters are threatening to push an already under-pressure festival sector over the edge. Becca Inglis speaks to organisers, researchers and industry figures about protecting s…",https://djmag.com/features/forecast-uncertain-how-climate-crisis-threatening-future-of-festivals,https://djmag.com/sites/default/files/styles/djm_23_1005x565/public/2025-08/Climate-Crisis-HEADER_0.jpg.webp?itok=a24EZksY1191610071,https://web.archive.org/web/20250827153533/https://djmag.com/features/forecast-uncertain-how-climate-crisis-threatening-future-of-festivals,"This feature originally appeared in DJ Mag issue 662 (July - September 2025)
It took just two days for an atmospheric river (a narrow corridor in the sky that carries concentrated moisture from the … [+1938 chars]",,"Prognose ungewiss: Wie die Klimakrise die Zukunft der Festivals bedroht. Von Überschwemmungen und Waldbränden bis hin zu Überhitzung und sogar einem giftigen Pilz – klimabedingte Katastrophen drohen, einen bereits unter Druck geratenen Festivalsektor über den Haufen zu werfen. Becca Inglis spricht mit Organisatoren, Forschern und Branchenvertretern über den Schutz von…","Forecast uncertain: how the climate crisis is threatening the future of festivals. From floods and wildfires to overheating and even a toxic fungus, climate-related disasters are threatening to push an already under-pressure festival sector over the edge. Becca Inglis speaks to organisers, researchers and industry figures about protecting s…","Praedictio incerta: quomodo discrimen climatis festorum futurorum immineat. Ab inundationibus et incendiis ad exustionem ac etiam fungus toxici, calamitates climatis relatas minantur iam sub-pressione festus sectoris in extremis pellere. Becca Inglis loquitur cum organisatoribus, inquisitoribus et industria imaginum de tutelaris s…",2026-01-07 21:55:04+00:00
6520bc710ad78dfad077e13d8d838eb9,2025-08-27T12:19:01Z,'flooding landslide',indianexpress.com,en,0.0,Road and phone connectivity hit in Manali after heavy rain triggers flooding and landslides,"Meanwhile, the Kullu district administration has directed petrol pumps to maintain an emergency fuel reserve.",https://indianexpress.com/article/cities/chandigarh/road-phone-connectivity-hit-manali-heavy-rain-triggers-flooding-landslides-10214680/,https://images.indianexpress.com/2025/08/Untitled-design-3-6.jpg,,"Floods and landslides brought by torrential rains in Himachal Pradeshs Manali subdivision, a tourist destination, disrupted road access, mobile phone and internet connections, and electricity supply,… [+3402 chars]",,"In Manali ist die Straßen- und Telefonverbindung beeinträchtigt, nachdem heftiger Regen Überschwemmungen und Erdrutsche ausgelöst hat. In der Zwischenzeit hat die Bezirksverwaltung von Kullu die Zapfsäulen angewiesen, eine Notkraftstoffreserve vorzuhalten.","Road and phone connectivity hit in Manali after heavy rain triggers flooding and landslides. Meanwhile, the Kullu district administration has directed petrol pumps to maintain an emergency fuel reserve.",Via et phone connectivity ictus in Manali post pluviae graves inundationes et proruit. Interim administratio districtus Kullu iussit soleatus petrolei ut subsidia escae subitis conservarentur.,2026-01-07 21:55:04+00:00
7a82023d42a8a8f433880548b5a6e041,2025-08-27T12:54:26Z,'flooding',abcnews.go.com,en,0.0,"Heavy rain causes flooding, landslides and 8 deaths in Vietnam and Thailand","Heavy rain has caused flooding and landslides in parts of Southeast Asia, where at least eight deaths were reported in the aftermath of a tropical storm",https://abcnews.go.com/International/wireStory/heavy-rain-causes-flooding-landslides-8-deaths-vietnam-125011452,https://i.abcnewsfe.com/a/934ea5ed-a132-48d7-88cb-fcc5d3720fda/wirestory_2e6cc358d2b5d5d539097584d9afffea_16x9.jpg?w=1600,https://web.archive.org/web/20250827080503/https://abcnews.go.com/International/wireStory/heavy-rain-causes-flooding-landslides-8-deaths-vietnam-125011452,"HANOI, Vietnam -- Heavy rain caused flooding and landslides Wednesday in parts of Southeast Asia, where at least eight deaths were reported in the aftermath of a tropical storm.
Flooding occurred in… [+1667 chars]",,"Heftige Regenfälle verursachen Überschwemmungen, Erdrutsche und 8 Todesopfer in Vietnam und Thailand. Heftige Regenfälle haben in Teilen Südostasiens zu Überschwemmungen und Erdrutschen geführt, wo nach einem Tropensturm mindestens acht Todesopfer gemeldet wurden","Heavy rain causes flooding, landslides and 8 deaths in Vietnam and Thailand. Heavy rain has caused flooding and landslides in parts of Southeast Asia, where at least eight deaths were reported in the aftermath of a tropical storm","Imbribus gravis inundationem, proruit et 8 mortes in Vietnam et Thailandiam facit. Imber gravis inundationem proruit et in partibus Asiae Meridianae, ubi saltem octo funera nuntiata sunt in tempestatis tropicae reparatione.",2026-01-07 21:55:04+00:00
d3f219619bad60191ffc3906329fbd65,2025-08-27T14:27:00Z,'flooding landslide',www.thestar.com.my,en,0.0,"Malaysians stranded in flood-hit northern India to depart via earliest flights, says Wisma Putra","PUTRAJAYA: Malaysia is arranging the evacuation of its citizens stranded in northern India on the earliest available flights, amid flooding and landslides caused by continuous monsoon rains that have left dozens dead. Read full story",https://www.thestar.com.my/news/nation/2025/08/27/malaysians-stranded-in-flood-hit-northern-india-to-depart-via-earliest-flights-says-wisma-putra,https://apicms.thestar.com.my/uploads/images/2025/08/27/3490362.jpg,,"PUTRAJAYA: Malaysia is arranging the evacuation of its citizens stranded in northern India on the earliest available flights, amid flooding and landslides caused by continuous monsoon rains that have… [+1590 chars]",,"Laut Wisma Putra sind Malaysier im von Überschwemmungen heimgesuchten Norden Indiens gestrandet und müssen mit den frühesten Flügen abfliegen. PUTRAJAYA: Malaysia veranlasst die Evakuierung seiner in Nordindien gestrandeten Bürger mit den frühestmöglichen Flügen, da durch anhaltende Monsunregen Überschwemmungen und Erdrutsche Dutzende Menschen getötet haben. Lesen Sie die ganze Geschichte","Malaysians stranded in flood-hit northern India to depart via earliest flights, says Wisma Putra. PUTRAJAYA: Malaysia is arranging the evacuation of its citizens stranded in northern India on the earliest available flights, amid flooding and landslides caused by continuous monsoon rains that have left dozens dead. Read full story","Malaysians in diluvio hit India septentrionali destitutus ut per primos volatus discederet, dicit Wisma Putra. PUTRAJAYA: Malaysia disponit evacuationem civium suorum in India septentrionali in primis volatus promptis, inter inundationes et ruinas ex continuis imbribus monsoons qui justos mortuos reliquerunt. Read full story",2026-01-07 21:55:04+00:00
db05481194344eb3d3d95e6c6709ab3a,2025-08-27T15:31:25Z,'flooding',www.newsweek.com,en,0.0,Joshua Tree National Park Issues Warning to Visitors,Joshua Tree National Park officials urged caution after heavy storms caused flooding and road hazards this week.,https://www.newsweek.com/joshua-tree-national-park-issues-warning-visitors-2120155,https://d.newsweek.com/en/full/2710581/joshua-tree-national-park.jpg,,"The National Park Service (NPS) issued a safety advisory Tuesday for visitors to Joshua Tree National Park after heavy thunderstorms and flooding, warning that debris may be present on roadways.
Why… [+2797 chars]",,"Der Joshua-Tree-Nationalpark warnt Besucher. Beamte des Joshua-Tree-Nationalparks mahnten zur Vorsicht, nachdem schwere Stürme diese Woche zu Überschwemmungen und Straßengefahren geführt hatten.",Joshua Tree National Park Issues Warning to Visitors. Joshua Tree National Park officials urged caution after heavy storms caused flooding and road hazards this week.,Iosue Arbor National Park Exitus Monitum Visitatoribus. Iosue Arbor National Park magistratus cautelam hortatus est postquam graves tempestates inundationes et vias casus hac septimana attulerunt.,2026-01-07 21:55:04+00:00
1daa985dc1c27adb96fbe50c16ec9e69,2025-08-27T16:07:38Z,'flooding residents',www.bbc.com,en,0.0,Thousands evacuated as 'exceptionally high' flooding devastates parts of Pakistan's Punjab,"Some 200,000 people have been evacuated after authorities warned of flooding from three rivers.",https://www.bbc.com/news/articles/ckgywj819n7o,https://ichef.bbci.co.uk/news/1024/branded_news/f4e3/live/0560afd0-8345-11f0-ab3e-bd52082cd0ae.jpg,https://web.archive.org/web/20250828002759/https://www.bbc.com/news/articles/ckgywj819n7o,"Azadeh MoshiriPakistan correspondent, in Sialkot
Ian Aikman
Watch: Rescuers are rushing to evacuate residents from submerged areas in Punjab
Some 200,000 people have been evacuated as floods devas… [+3865 chars]",,"Tausende wurden evakuiert, da „außergewöhnlich hohe“ Überschwemmungen Teile des pakistanischen Punjab verwüsteten. Etwa 200.000 Menschen wurden evakuiert, nachdem die Behörden vor Überschwemmungen durch drei Flüsse gewarnt hatten.","Thousands evacuated as 'exceptionally high' flooding devastates parts of Pakistan's Punjab. Some 200,000 people have been evacuated after authorities warned of flooding from three rivers.",Milia emittuntur ut 'eximie altum' inundatio partes vastat Pakistani Punjab. Nonnulli trecenta milia hominum ex tribus fluminibus inundationem ab auctoribus inundatione evacuefactae sunt.,2026-01-07 21:55:04+00:00
98233293bcd72daf5dede6779797f626,2025-08-27T16:23:45Z,'flooding victims',www.cbc.ca,en,0.0,"Flash floods in Indian-controlled Kashmir leave 34 dead and over 200,000 displaced","Intense rains have left at least 34 people dead after lashing parts of Pakistan and India and triggering flash floods and landslides in Indian-controlled Kashmir, officials said Wednesday.",https://www.cbc.ca/news/world/india-pakistan-flooding-kashmir-1.7619028,https://i.cbc.ca/1.7619045.1756310092!/fileImage/httpImage/image.jpg_gen/derivatives/16x9_1180/pakistan-extrme-weather-south-asia-floods.jpg?im=Resize%3D620,,"Intense rains have left at least 34 people dead after lashing parts of Pakistan and India and triggering flash floods and landslides in Indian-controlled Kashmir, officials said Wednesday. 
Over 200… [+3105 chars]",,"Sturzfluten im von Indien kontrollierten Kaschmir fordern 34 Todesopfer und über 200.000 Vertriebene. Starke Regenfälle haben mindestens 34 Menschen das Leben gekostet, nachdem sie Teile Pakistans und Indiens verwüstet und Sturzfluten und Erdrutsche im von Indien kontrollierten Kaschmir ausgelöst hatten, sagten Beamte am Mittwoch.","Flash floods in Indian-controlled Kashmir leave 34 dead and over 200,000 displaced. Intense rains have left at least 34 people dead after lashing parts of Pakistan and India and triggering flash floods and landslides in Indian-controlled Kashmir, officials said Wednesday.","Inundationes Flash in Indian continenti Kashmir relinquunt 34 mortuum et supra 200,000 moti sunt. Imbres pluviae reliquerunt saltem 34 homines mortuos postquam verberaverunt partes Pakistan et Indiae et excitato diluvia et prolapsa in Kashmir Indian continenter ministri Mercurii dixerunt.",2026-01-07 21:55:04+00:00
48b4b970b6fcadc8db81c771245d89dd,2025-08-27T17:48:28Z,'deluge',www.cnn.com,en,0.0,‘It’s a real mess’: DC courts buckling as Trump’s crime crackdown brings deluge of new cases | CNN Politics,President Donald Trump’s plans to combat crime in Washington DC with more federal force has led to a deluge of cases flooding already maxed-out courts in the city.,https://www.cnn.com/2025/08/27/politics/dc-courts-overwhelmed-trump-crackdown-deluge-cases,"https://media.cnn.com/api/v1/images/stellar/prod/2025-08-15t031605z-1932940367-rc2e7ga51oon-rtrmadp-3-usa-trump-crime.jpg?c=16x9&q=w_800,c_fill",http://archive.md/20250827180327/https://www.cnn.com/2025/08/27/politics/dc-courts-overwhelmed-trump-crackdown-deluge-cases,"President Donald Trumps plan to combat crime in Washington, DC, with more federal force has led to a deluge of cases flooding already maxed-out courts in the city.
The DC US attorneys office, led by… [+7620 chars]",,"„Es ist ein echtes Durcheinander“: DC-Gerichte geben nach, als Trumps Vorgehen gegen die Kriminalität eine Flut neuer Fälle mit sich bringt | CNN-Politik. Die Pläne von Präsident Donald Trump, die Kriminalität in Washington D.C. mit mehr Bundesgewalt zu bekämpfen, haben zu einer Flut von Fällen geführt, die bereits überlastete Gerichte in der Stadt überschwemmen.",‘It’s a real mess’: DC courts buckling as Trump’s crime crackdown brings deluge of new cases | CNN Politics. President Donald Trump’s plans to combat crime in Washington DC with more federal force has led to a deluge of cases flooding already maxed-out courts in the city.,'Est verus nuntius': DC courts discinctus ut Trump’s crimen crackdown inundationem novorum casuum | Maecenas rhoncus. Praeses Donald Trump consilia criminis pugnandi in Washington DC cum vi foederati magis inundationem causarum inundationem iam maxed-outiorum in urbe duxit.,2026-01-07 21:55:04+00:00
5dfa9e491b3b349114fcadcb833bd70c,2025-08-27T18:38:02Z,'floods',www.pbs.org,en,0.0,Flash flooding and landslides kill at least 34 in Indian-controlled Kashmir,Officials say intense rains have left at least 34 people dead after lashing parts of Pakistan and India and triggering flash floods and landslides in Indian-controlled Kashmir.,https://www.pbs.org/newshour/world/flash-flooding-and-landslides-kill-at-least-34-in-indian-controlled-kashmir,https://d3i6fh83elv35t.cloudfront.net/static/2025/08/2025-08-27T064625Z_1566694922_RC20FGAJD46B_RTRMADP_3_ASIA-WEATHER-INDIA-1024x683.jpg,,"NEW DELHI (AP) Intense rains have left at least 34 people dead after lashing parts of Pakistan and India and triggering flash floods and landslides in Indian-controlled Kashmir, officials said Wednes… [+3725 chars]",,"Bei Sturzfluten und Erdrutschen kommen im von Indien kontrollierten Kaschmir mindestens 34 Menschen ums Leben. Beamte sagen, dass heftige Regenfälle mindestens 34 Menschen getötet haben, nachdem sie Teile Pakistans und Indiens verwüstet und Sturzfluten und Erdrutsche im von Indien kontrollierten Kaschmir ausgelöst haben.",Flash flooding and landslides kill at least 34 in Indian-controlled Kashmir. Officials say intense rains have left at least 34 people dead after lashing parts of Pakistan and India and triggering flash floods and landslides in Indian-controlled Kashmir.,Flash inundatio et proruit saltem 34 in Kashmir Indian continenti. Magistratus dicunt ingentes pluvias reliquisse saltem 34 homines mortuos post verbera partes Pakistan et Indiae et excitato diluvia et prolapsa in Kashmir Indian continenti.,2026-01-07 21:55:04+00:00
f3ce004efe2636ef296220b4a90ec3d7,2025-08-27T19:09:29Z,'deluge',www.denverpost.com,en,0.0,"Denver breaks daily precipitation record last set 81 years ago, more storms ahead",Denverites still drying out from Tuesday’s deluge can take some comfort that they did not survive any ordinary downpour.,https://www.denverpost.com/2025/08/27/denver-rain-record-weather/,https://www.denverpost.com/wp-content/uploads/2025/05/TDP-L-rain-RJS-00955.jpg?w=1024&h=774,http://archive.md/20250828011630/https://www.denverpost.com/2025/08/27/denver-rain-record-weather/,Denverites still drying out from Tuesdays deluge can take some comfort that they did not survive any ordinary downpour the storm broke the daily rainfall record for Aug. 26 that was last set 81 years… [+968 chars],,"Denver bricht den zuletzt vor 81 Jahren aufgestellten täglichen Niederschlagsrekord, weitere Stürme stehen bevor. Die Bewohner von Denver, die noch immer von der Überschwemmung am Dienstag ausgetrocknet sind, können sich ein wenig trösten, dass sie keinen gewöhnlichen Regenguss überlebt haben.","Denver breaks daily precipitation record last set 81 years ago, more storms ahead. Denverites still drying out from Tuesday’s deluge can take some comfort that they did not survive any ordinary downpour.","Denver cotidie praecipitatio recordum proximis ante 81 annos erumpit, plures tempestates antecedit. Denverites adhuc e diluvio Martis exsiccato aliquid consolationis capere possunt quod non superfuerint ordinarii imbres.",2026-01-07 21:55:04+00:00
c61c809dc26f71997ee138ca28efa667,2025-08-27T19:10:36Z,'flooding buildings',www.bostonherald.com,en,0.0,A Mississippi city’s tax break spurred post-Katrina building. But will homes stand the next storm?,Where to encourage building is a thorny decision for local governments in areas exposed to floods or wildfires.,https://www.bostonherald.com/2025/08/27/rebuilding-mississippi-hurricane-katrina/,https://www.bostonherald.com/wp-content/uploads/2025/08/Katrina-20_Years_Later_Rebuilding_Mississippi_04815-1.jpg?w=1024&h=768,,"By JEFF AMY, Associated Press
GULFPORT, Miss. (AP) Rocking on his front porch overlooking the Mississippi Sound, former Gulfport Mayor Billy Hewes questions how anyone wouldnt want to live there.
P… [+7971 chars]",,"Die Steuererleichterung einer Stadt in Mississippi beflügelte den Bau nach Katrina. Aber werden Häuser dem nächsten Sturm standhalten? In Gebieten, die Überschwemmungen oder Waldbränden ausgesetzt sind, ist es für die Kommunalverwaltungen eine heikle Entscheidung, wo Baumaßnahmen gefördert werden sollen.",A Mississippi city’s tax break spurred post-Katrina building. But will homes stand the next storm?. Where to encourage building is a thorny decision for local governments in areas exposed to floods or wildfires.,A Mississippi tributum confractum post-Katrina aedificium incitatum est. Sed stabunt domiciliis altera tempestas. Ubi ad aedificationem fovendam spinosa est sententia pro regiminibus localibus in locis diluviis vel incendiis obnoxiis.,2026-01-07 21:55:04+00:00
3c567745eb4d1ce1cefd25372ef99cd7,2025-08-27T22:52:55Z,'flooding rain',www.pbs.org,en,0.0,"At least 8 deaths reported after heavy rain causes flooding, landslides in Southeast Asia","Flooding occurred in several northern and central provinces of Vietnam, where seven people died, one was missing and 34 were injured, state media reported. In neighboring Thailand, heavy rain Tuesday evening into Wednesday triggered flooding in several northe…",https://www.pbs.org/newshour/world/at-least-8-deaths-reported-after-heavy-rain-causes-flooding-landslides-in-southeast-asia,https://d3i6fh83elv35t.cloudfront.net/static/2025/08/2025-08-25T072810Z_283449550_RC27EGAGHR09_RTRMADP_3_ASIA-WEATHER-VIETNAM-1024x683.jpg,,"HANOI, Vietnam (AP) Heavy rain caused flooding and landslides Wednesday in parts of Southeast Asia, where at least eight deaths were reported in the aftermath of a tropical storm.
Flooding occurred … [+1838 chars]",,"Mindestens 8 Todesfälle wurden gemeldet, nachdem heftige Regenfälle in Südostasien Überschwemmungen und Erdrutsche verursacht hatten. In mehreren nördlichen und zentralen Provinzen Vietnams kam es zu Überschwemmungen, bei denen sieben Menschen starben, einer vermisst wurde und 34 verletzt wurden, berichteten staatliche Medien. Im benachbarten Thailand lösten heftige Regenfälle von Dienstagabend bis Mittwoch Überschwemmungen in mehreren nördlichen Regionen aus.","At least 8 deaths reported after heavy rain causes flooding, landslides in Southeast Asia. Flooding occurred in several northern and central provinces of Vietnam, where seven people died, one was missing and 34 were injured, state media reported. In neighboring Thailand, heavy rain Tuesday evening into Wednesday triggered flooding in several northe…","Saltem 8 mortes nuntiatae sunt postquam graves pluviae inundationes causas in Asia Australi proruit. Inundatio facta est in pluribus provinciis Vietnamensis septentrionalibus et centralibus, ubi septem homines mortui sunt, unum deesse et 34 laesum esse, instrumenta publica relata sunt. In Thailand vicinia, pluviae Martis vesperae in Mercurii inundationem in pluribus septentrionibus utitur.",2026-01-07 21:55:04+00:00
fa2bbe65f889318d25bd9a7a51b83d3e,2025-08-28T08:36:19Z,'flooding',www.insurancejournal.com,en,0.0,"Hurricane Remnants Threaten Swiss Alps With Floods, Landslides","The remnants of Hurricane Erin will contribute to torrential rain across the Swiss Alps over the next two days, raising the risk of dangerous flooding and landslides. Switzerland’s state forecaster has issued the highest red alerts for parts of Ticino …",https://www.insurancejournal.com/news/international/2025/08/28/837291.htm,https://www.insurancejournal.com/app/uploads/2025/08/kleiner-nesthorn-peak-at-blatten-switzerland-getty-scaled.jpg,,"The remnants of Hurricane Erin will contribute to torrential rain across the Swiss Alps over the next two days, raising the risk of dangerous flooding and landslides.
Switzerland’s state forecaster … [+2059 chars]",,Hurrikanreste bedrohen Schweizer Alpen mit Überschwemmungen und Erdrutschen. Die Überreste des Hurrikans Erin werden in den nächsten zwei Tagen zu sintflutartigen Regenfällen in den Schweizer Alpen führen und das Risiko gefährlicher Überschwemmungen und Erdrutsche erhöhen. Der staatliche Wetterdienst der Schweiz hat für Teile des Tessins die höchste Alarmstufe Rot ausgegeben …,"Hurricane Remnants Threaten Swiss Alps With Floods, Landslides. The remnants of Hurricane Erin will contribute to torrential rain across the Swiss Alps over the next two days, raising the risk of dangerous flooding and landslides. Switzerland’s state forecaster has issued the highest red alerts for parts of Ticino …","Procellae reliquiae Helvetiae Alpes Threaten cum Inundationibus, Landslides. Reliquiae Procellae Erin conferent pluviam torrentialem per Helvetias Alpes proximo biduo sublato periculo inundationis periculosae et prolapsae. vatem status Helvetiae summas rubras in partibus Ticini ... edidit.",2026-01-07 21:55:04+00:00
8124dd768a66abbb59df7a19e324723c,2025-08-28T09:23:32Z,'floods',www.globalsecurity.org,en,0.0,Pakistan floods leave villages cut off as monsoon devastation continues,"Relentless monsoon rains continue to wreak havoc across Pakistan, leaving villages cut off, homes destroyed and families struggling to access food, clean water and medical care.",https://www.globalsecurity.org/wmd/library/news/pakistan/2025/pakistan-250827-unnews01.htm,,,"27 August 2025 - Relentless monsoon rains continue to wreak havoc across Pakistan, leaving villages cut off, homes destroyed and families struggling to access food, clean water and medical care.
Aid… [+2508 chars]",,"Überschwemmungen in Pakistan lassen Dörfer abgeschnitten, während die Monsun-Verwüstung anhält. Unerbittliche Monsunregen richten weiterhin verheerende Schäden in ganz Pakistan an. Dörfer werden abgeschnitten, Häuser zerstört und Familien haben Schwierigkeiten, Zugang zu Nahrungsmitteln, sauberem Wasser und medizinischer Versorgung zu erhalten.","Pakistan floods leave villages cut off as monsoon devastation continues. Relentless monsoon rains continue to wreak havoc across Pakistan, leaving villages cut off, homes destroyed and families struggling to access food, clean water and medical care.","Pakistania inundationes exeunt villas interclusas sicut ETESIA vastitas pergit. Imbres imbres crudeles pergunt ut vastitatem trans Pakistan pergant, villas abscindunt relinquentes, domos deleverunt et familiae laborantes accesserunt ad cibum, aquam mundam et ad curationem medicam.",2026-01-07 21:55:04+00:00
025b29276fbda7312605cc8e61cc1085,2025-08-28T10:00:00Z,'flooding residents',www.motherjones.com,en,0.0,They Survived Katrina and Started to Rebuild. Now Trump’s Cuts May Flood Them Out Again.,"After Hurricane Katrina and its related flooding inundated much of New Orleans in 2005, residents of a large Vietnamese community in the Algiers neighborhood were some of the first to return and rebuild. But 20 years later, their neighborhood is still prone t…",https://www.motherjones.com/politics/2025/08/they-survived-katrina-and-started-to-rebuild-now-trumps-cuts-may-flood-them-out-again/,https://www.motherjones.com/wp-content/uploads/2025/08/20250828_new-orleans-flooding_2000.png?w=1200&h=630&crop=1,,"Mother Jones; Justin Sullivan/Getty; Aaron Schwartz/Pool/Cnp/Zuma
Get your news from a source thats not owned and controlled by oligarchs. Sign up for the free Mother Jones Daily.
After Hurricane K… [+6817 chars]",,"Sie überlebten Katrina und begannen mit dem Wiederaufbau. Jetzt könnten Trumps Kürzungen sie erneut überschwemmen. Nachdem der Hurrikan Katrina und die damit verbundenen Überschwemmungen im Jahr 2005 einen Großteil von New Orleans überschwemmt hatten, gehörten die Bewohner einer großen vietnamesischen Gemeinde im Viertel Algier zu den ersten, die zurückkehrten und wieder aufbauten. Aber 20 Jahre später ist ihre Nachbarschaft immer noch anfällig für ...","They Survived Katrina and Started to Rebuild. Now Trump’s Cuts May Flood Them Out Again.. After Hurricane Katrina and its related flooding inundated much of New Orleans in 2005, residents of a large Vietnamese community in the Algiers neighborhood were some of the first to return and rebuild. But 20 years later, their neighborhood is still prone t…","Superfuerunt Katrina et reficere coepi. Nunc Trump's Cuts May Diluvium Relinquere.. Post Hurricane Katrina et eius affines inundationes multum inundaverunt Novae Orleans in 2005, incolas magnae communitatis Vietnamensis in vicinia Algeria nonnulli primi redierunt et reaedificaverunt. Sed post XX annos, vicinitas eorum adhuc prona est t…",2026-01-07 21:55:04+00:00
d071f83fea404e4d66f448b94afbe3e1,2025-08-28T10:00:00Z,'flooding',www.kut.org,en,0.0,A Texas Congressman Is Quietly Helping Elon Musk Pitch a $760M Plan to Build Tunnels Under Houston to Ease Flooding,"by Lauren McGaughy, The Texas Newsroom, and Yilun Cheng, Houston Chronicle 
 

 
 ProPublica is a nonprofit newsroom that investigates abuses of power. Sign up to receive our biggest stories as soon as they’re published.
This article is co-published with The …",https://www.kut.org/politics/2025-08-28/elon-musk-texas-houston-flood-hurricane-tunnels-boring,https://img.assets-c3.propublica.org/images/articles/OGtx-musk-tunnel-feature-DARK-v2-copy_preview_maxWidth_3000_maxHeight_3000_ppi_72_embedColorProfile_true_quality_95.jpg?crop=focalpoint&fit=crop&fp-x=0.5&fp-y=0.5&h=630&imgixProfile=propublicaAssets&q=90&w=1200&s=4b7648abe00fffe5227add880043833f,,"ProPublica is a nonprofit newsroom that investigates abuses of power. Sign up to receive our biggest stories as soon as theyre published.
This article is co-published with The Texas Newsroom, the Ho… [+21294 chars]",,"Ein texanischer Kongressabgeordneter hilft Elon Musk stillschweigend bei der Ausarbeitung eines 760-Millionen-Dollar-Plans zum Bau von Tunneln unter Houston, um Überschwemmungen zu lindern. von Lauren McGaughy, The Texas Newsroom, und Yilun Cheng, Houston Chronicle 
 

 
 ProPublica ist eine gemeinnützige Nachrichtenredaktion, die Machtmissbrauch untersucht. Melden Sie sich an, um unsere größten Geschichten zu erhalten, sobald sie veröffentlicht werden.
Dieser Artikel wurde gemeinsam mit The … veröffentlicht.","A Texas Congressman Is Quietly Helping Elon Musk Pitch a $760M Plan to Build Tunnels Under Houston to Ease Flooding. by Lauren McGaughy, The Texas Newsroom, and Yilun Cheng, Houston Chronicle 
 

 
 ProPublica is a nonprofit newsroom that investigates abuses of power. Sign up to receive our biggest stories as soon as they’re published.
This article is co-published with The …","A Texas Congressus quiete adiuvat Elon Musk Picem a $760M Plan ad cuniculos sub Houston aedificandi inundationem subleva. by Lauren McGaughy, The Texas Newsroom, and Yilun Cheng, Houston Chronicle 
 

 
 ProPublica nuntium non proficuum est quod abusus potestatis investigat. Inscribe ut maximas nostras fabulas quam primum editae sunt accipias.
Hic articulus co-edendus cum The ...",2026-01-07 21:55:04+00:00
165635e5d6cc52875519eb53fbad7cc4,2025-08-28T15:52:16Z,'flooding climate change',apnews.com,en,0.0,Nearly 250K people displaced by deadly floods in Pakistan,Floods have killed more than 800 people in Pakistan since late June.,https://apnews.com/article/pakistan-india-floods-million-affected-rescue-punjab-3800e85e1d2d743e1dd85e3f52e1ee94,https://nypost.com/wp-content/uploads/sites/2/2025/08/newspress-collage-ravcie0el-1756394345652.jpg?quality=75&strip=all&1756379993&w=1024,,"NAROWAL, Pakistan Rescuers in boats raced to reach stranded families in Pakistans populous eastern Punjab province Thursday, after three major rivers burst their banks because of heavy rain and the r… [+4773 chars]",,Fast 250.000 Menschen wurden durch tödliche Überschwemmungen in Pakistan vertrieben. Seit Ende Juni haben Überschwemmungen in Pakistan mehr als 800 Menschen das Leben gekostet.,Nearly 250K people displaced by deadly floods in Pakistan. Floods have killed more than 800 people in Pakistan since late June.,Fere 250K homines in Pakistania inundationibus lethalibus moti sunt. Inundationes plus quam 800 homines in Pakistania ex nuper Iunio interfecerunt.,2026-01-07 21:55:04+00:00
99765519cc8e610eaf825692991a136e,2025-08-28T16:10:51Z,'floods',www.theatlantic.com,en,0.0,The Future of Floods Is Getting Murkier,The Trump administration is holding the country back from predicting how bad extreme rainfall could get.,https://www.theatlantic.com/science/2025/08/floods-extreme-rainfall-noaa/684035/,https://cdn.theatlantic.com/thumbor/du1oDHAxSWnmdUuN9EoRa4299xc=/0x43:2000x1085/1200x625/media/img/mt/2025/08/2025_08_26_Gaffney_weather_prediction_final/original.jpg,,"On July 8, New Mexico’s Rio Ruidoso unbound from its banks for the second year in a row and swelled to 20 times its typical knee-high depth. The cascade of water roared like a train, Kathy Papasan, a… [+8412 chars]",,"Die Zukunft der Überschwemmungen wird immer düsterer. Die Trump-Regierung hält das Land davon ab, vorherzusagen, wie schlimm extreme Regenfälle werden könnten.",The Future of Floods Is Getting Murkier. The Trump administration is holding the country back from predicting how bad extreme rainfall could get.,Futurum diluvium questus Murkier. In administratione Trump patriam retentum est a praedicentibus quomodo malae pluviae extremae consequi possent.,2026-01-07 21:55:04+00:00
878b76dc445d6799addc483642edaa67,2025-08-28T17:26:24Z,'floods',statetimes.in,en,0.0,Will sit with officers to understand flood mitigation measures taken after 2014 deluge: CM Omar Abdullah,SRINAGAR: Chief Minister Omar Abdullah on Thursday said his government would seek answers from the administration to understand what flood mitigation measures were taken in Jammu and Kashmir after the 2014 deluge. His remarks came after flash floods triggered…,https://statetimes.in/will-sit-with-officers-to-understand-flood-mitigation-measures-taken-after-2014-deluge-cm-omar-abdullah/,https://statetimes.in/wp-content/uploads/2025/08/Chief-Minister-Omar-Abdullah-on-Thursday-said-his-government-would-seek-answers-from-the-administration-3-1024x577.jpg,,SRINAGAR: Chief Minister Omar Abdullah on Thursday said his government would seek answers from the administration to understand what flood mitigation measures were taken in Jammu and Kashmir after th… [+1648 chars],,"Wird mit Beamten zusammensitzen, um die nach der Überschwemmung 2014 ergriffenen Maßnahmen zum Schutz vor Überschwemmungen zu verstehen: CM Omar Abdullah. SRINAGAR: Ministerpräsident Omar Abdullah sagte am Donnerstag, seine Regierung werde die Regierung um Antworten bitten, um zu verstehen, welche Maßnahmen zur Eindämmung der Überschwemmungen in Jammu und Kaschmir nach der Überschwemmung 2014 ergriffen wurden. Seine Bemerkungen kamen, nachdem Sturzfluten ausgelöst wurden …",Will sit with officers to understand flood mitigation measures taken after 2014 deluge: CM Omar Abdullah. SRINAGAR: Chief Minister Omar Abdullah on Thursday said his government would seek answers from the administration to understand what flood mitigation measures were taken in Jammu and Kashmir after the 2014 deluge. His remarks came after flash floods triggered…,"Sedebunt duces ad intellegendum diluvium mitigationem mensurarum post 2014 diluvium: CM Omar Abdullah. SRINAGAR: dux minister Omar Abdullah die Iovis dixit suum regimen ab administratione responsa quaerere velle, quae mensurae diluvii mitigationis in Jammu et Kashmir post 2014 diluvium captae essent. His dictis post mico inundationes Urguet…",2026-01-07 21:55:04+00:00
b669c3b8d0f78b60bb00447aa07eb6e1,2025-08-28T19:55:40Z,'flooding',www.aljazeera.com,en,0.0,Famous Sikh shrine partially submerged after flooding in Pakistan,One of Pakistan’s most famous Sikh temples was flooded after heavy rains submerged parts of Punjab province.,https://www.aljazeera.com/video/newsfeed/2025/8/28/famous-sikh-shrine-partially-submerged-after-flooding-in-pakistan,https://www.aljazeera.com/wp-content/uploads/2025/08/image-1756410802.jpg?resize=1920%2C1080&quality=80,,"NewsFeed
One of Pakistans most famous Sikh temples was flooded after heavy rains in India caused three rivers to swell, submerging towns, farms, and heritage sites in Punjab province.",,"Berühmter Sikh-Schrein nach Überschwemmung in Pakistan teilweise überflutet. Einer der berühmtesten Sikh-Tempel Pakistans wurde überflutet, nachdem heftige Regenfälle Teile der Provinz Punjab überschwemmt hatten.",Famous Sikh shrine partially submerged after flooding in Pakistan. One of Pakistan’s most famous Sikh temples was flooded after heavy rains submerged parts of Punjab province.,Celebre Sikh fanum partim submersum est post inundationem in Pakistan. Una Pakistania templa celeberrima Sikh inundata est postquam pluviae partes Punjab provinciae demersae sunt.,2026-01-07 21:55:04+00:00
17cf0c0825e24a7d377dc5687f759aef,2025-08-28T22:08:38Z,'flooding area',www.mediaite.com,en,0.0,‘I’m Not Sure That He’s Even Aware’: JD Vance Can’t Say if Trump Knows About Wisconsin Disaster Relief Request,"Vice President JD Vance did not have much to offer a reporter in Wisconsin who asked about potential federal aid to the state amid historic floods.
The post ‘I’m Not Sure That He’s Even Aware’: JD Vance Can’t Say if Trump Knows About Wisconsin Disaster Relief…",https://www.mediaite.com/media/tv/im-not-sure-that-hes-even-aware-jd-vance-cant-say-if-trump-knows-about-wisconsin-disaster-relief-request/,https://www.mediaite.com/wp-content/uploads/2025/08/Screen-Shot-2025-08-28-at-3-05-52-PM.jpg,,"Vice President JD Vance did not have much to offer a reporter in Wisconsin who asked about potential federal aid to the state amid historic floods.
Earlier this month, heavy rains prompted substanti… [+1594 chars]",,"„Ich bin mir nicht sicher, ob er überhaupt Bescheid weiß“: JD Vance kann nicht sagen, ob Trump von der Katastrophenhilfeanfrage in Wisconsin weiß. Vizepräsident JD Vance hatte einem Reporter in Wisconsin, der nach möglichen Bundeshilfen für den Staat angesichts historischer Überschwemmungen fragte, nicht viel zu bieten.
Der Beitrag „Ich bin mir nicht sicher, ob er überhaupt Bescheid weiß“: JD Vance kann nicht sagen, ob Trump von der Katastrophenhilfe in Wisconsin weiß …","‘I’m Not Sure That He’s Even Aware’: JD Vance Can’t Say if Trump Knows About Wisconsin Disaster Relief Request. Vice President JD Vance did not have much to offer a reporter in Wisconsin who asked about potential federal aid to the state amid historic floods.
The post ‘I’m Not Sure That He’s Even Aware’: JD Vance Can’t Say if Trump Knows About Wisconsin Disaster Relief…","'Certus sum nescius': JD Vance dicere non potest si Trump scit de Disaster Relevamen Request Wisconsin. Vice Praeses JD Vance notario in Wisconsin multum offerre noluit qui auxilium foederatum potentialem civitati inter historicas inundationes quaesivit.
Post 'non sum certus se esse conscium': JD Vance Non potest dicere si Trump scit de Relevamen malum Wisconsin…",2026-01-07 21:55:04+00:00
4cb2a1c31c143309a67a969fcf709ea4,2025-08-29T07:19:49Z,'floods',www.aljazeera.com,en,0.0,"‘Everything has been lost’: Kashmir floods, landslides kill dozens","Overflowing rivers devastate communities, prompt questions about whether lessons from past floods were ever learned.",https://www.aljazeera.com/features/2025/8/29/everything-has-been-lost-kashmir-floods-landslides-kill-dozens,https://www.aljazeera.com/wp-content/uploads/2025/08/2025-08-26T135449Z_465405743_RC20FGA1TRK9_RTRMADP_3_ASIA-WEATHER-INDIA-1756450951.jpg?resize=1920%2C1440,https://web.archive.org/web/20250829082016/https://www.aljazeera.com/features/2025/8/29/everything-has-been-lost-kashmir-floods-landslides-kill-dozens,"Srinagar, Indian-administered Kashmir Forty-year-old Ruksana wails as she looks at her home, a desolate one-storey structure stripped of windows and doors next to the raging Tawi river in Jammus rund… [+10440 chars]",,"„Alles ist verloren“: Überschwemmungen in Kaschmir, Erdrutsche töten Dutzende. Übertretende Flüsse verwüsten Gemeinden und werfen die Frage auf, ob jemals Lehren aus vergangenen Überschwemmungen gezogen wurden.","‘Everything has been lost’: Kashmir floods, landslides kill dozens. Overflowing rivers devastate communities, prompt questions about whether lessons from past floods were ever learned.","'Omnia perierunt': Kashmir inundationes, proruit justos occidunt. Flumina inundantia communitates vastant, quaestiones promptae circa an lectiones e praeteritis inundationibus unquam discantur.",2026-01-07 21:55:04+00:00
0e9143437c6e472995cab3b0ec47a231,2025-08-29T07:47:45Z,'flooding disruption',www.thejournal.ie,en,0.0,Customers evacuated and cinema forced to shut after flooding at Galway shopping centre,One woman was taken to hospital as a precaution.,https://www.thejournal.ie/customers-evacuated-and-cinema-forced-to-shut-after-flooding-at-galway-shopping-centre-6802429-Aug2025/,https://img2.thejournal.ie/article/6802429/river/?height=400&version=6802482,,"A SHOPPING CENTRE in Galway was evacuated yesterday evening as parts of the building were damaged by heavy rain and sudden flooding.
One woman was taken to hospital as a precaution amid the incident… [+1867 chars]",,Kunden wurden evakuiert und das Kino musste nach Überschwemmung im Einkaufszentrum von Galway schließen. Eine Frau wurde vorsorglich ins Krankenhaus gebracht.,Customers evacuated and cinema forced to shut after flooding at Galway shopping centre. One woman was taken to hospital as a precaution.,Clientes excesserunt et cinematographico coacti sunt claudere post inundationem apud Galway centrum shopping. Una mulier in nosocomium ad cautelam deducta est.,2026-01-07 21:55:04+00:00
8ca736310ea8409052e37e41e8122ae4,2025-08-29T09:26:44Z,'floods',www.globalsecurity.org,en,0.0,"World News In Brief: Iran sanctions, Yemen floods appeal, new SDG advocates","The United Nations confirmed on Thursday that France, Germany and the United Kingdom have initiated a process that could lead to the reimposition of sanctions on Iran over its nuclear programme within the next 30 days.",https://www.globalsecurity.org/military/library/news/2025/08/mil-250828-unnews05.htm,,,"28 August 2025 - The United Nations confirmed on Thursday that France, Germany and the United Kingdom have initiated a process that could lead to the reimposition of sanctions on Iran over its nuclea… [+4050 chars]",,"Weltnachrichten in Kürze: Iran-Sanktionen, Appell wegen Überschwemmungen im Jemen, neue SDG-Befürworter. Die Vereinten Nationen bestätigten am Donnerstag, dass Frankreich, Deutschland und das Vereinigte Königreich einen Prozess eingeleitet haben, der dazu führen könnte, dass innerhalb der nächsten 30 Tage erneut Sanktionen gegen Iran wegen seines Atomprogramms verhängt werden.","World News In Brief: Iran sanctions, Yemen floods appeal, new SDG advocates. The United Nations confirmed on Thursday that France, Germany and the United Kingdom have initiated a process that could lead to the reimposition of sanctions on Iran over its nuclear programme within the next 30 days.","World News In Brief: Irania sanctiones, Yemen inundationes provocant, novos advocatos SDG. Nationes Unitae die Iovis confirmavit Galliam, Germaniam et Regnum Unitum instituisse processum qui perducere ad reimpositionem sanctionum in Irania super eius programmate nuclei intra dies XXX.",2026-01-07 21:55:04+00:00
33bc7d32da6cc3a3ad68da8547486c8c,2025-08-29T10:07:46Z,'flooding rain',economictimes.indiatimes.com,en,0.0,Pakistan blames India for Wagah border waterlogging after viral video,"Following heavy rainfall, Pakistan's side of the Wagah border parade path was waterlogged, contrasting sharply with the dry Indian side. Pakistan attributed the flooding to the elevated Grand Trunk Road on the Indian side, while India cited its rainwater harv…",https://economictimes.indiatimes.com/news/india/pakistan-blames-india-for-wagah-border-waterlogging-after-viral-video/articleshow/123582402.cms,"https://img.etimg.com/thumb/msid-123582577,width-1200,height-630,imgsize-25576,overlay-economictimes/articleshow.jpg",https://web.archive.org/web/20250903151406/https://economictimes.indiatimes.com/news/india/pakistan-blames-india-for-wagah-border-waterlogging-after-viral-video/articleshow/123582402.cms,"Embarrassed by a viral video showing its side of the Wagah border parade path waterlogged, with Rangers wading through knee-deep water while the Indian side looked dry, Pakistan has blamed India for … [+1444 chars]",,"Pakistan macht Indien nach einem viralen Video für Staunässe an der Grenze zu Wagah verantwortlich. Nach heftigen Regenfällen war die pakistanische Seite des Wagah-Grenzparadepfades mit Wasser überschwemmt, was einen scharfen Kontrast zur trockenen indischen Seite bildete. Pakistan führte die Überschwemmung auf die erhöhte Grand Trunk Road auf der indischen Seite zurück, während Indien seine Regenwasseraufbereitung anführte …","Pakistan blames India for Wagah border waterlogging after viral video. Following heavy rainfall, Pakistan's side of the Wagah border parade path was waterlogged, contrasting sharply with the dry Indian side. Pakistan attributed the flooding to the elevated Grand Trunk Road on the Indian side, while India cited its rainwater harv…","Pakistan reprehendit Indiam pro Wagah terminus waterlogging post viralem video. Sequens pluviam gravem, dui latus Wagah pompae terminus iter umoris erat, acriter cum parte arida Indica opponens. Pakistan inundationem attribuit Grandi trunco ​​Road in latere Indico, cum India citat aquam pluvialem harv…",2026-01-07 21:55:04+00:00
7eb17f97741d6302d4e2b393308915e1,2025-08-29T10:34:53Z,'floods',www.bbc.com,en,0.0,Watch: Luxury neighbourhood in Lahore submerged in floods,Watch: Luxury neighbourhood in Lahore submerged in floods,https://www.bbc.com/news/videos/cm2vdm1pnd8o,https://ichef.bbci.co.uk/news/1024/branded_news/6f01/live/204f2390-84c0-11f0-b391-6936825093bd.jpg,,"The government of Punjab says it has launched one of its largest rescue operations in years, as more than a million people have been affected by floods in Pakistan's most populous province. 
Hundred… [+318 chars]",,Beobachten Sie: Luxusviertel in Lahore von Überschwemmungen überschwemmt. Beobachten Sie: Luxusviertel in Lahore von Überschwemmungen überschwemmt,Watch: Luxury neighbourhood in Lahore submerged in floods. Watch: Luxury neighbourhood in Lahore submerged in floods,Vide: Luxuria vicinia in Lahore mersa inundationibus. Vide: Luxuria vicinia in Lahore mersa inundationibus,2026-01-07 21:55:04+00:00
363e204e63666a55e6371e3a66630125,2025-08-29T11:05:11Z,'flooding',www.bbc.com,en,0.0,Heavy rain leads to Devon and Cornwall flooding,Incidents include a family helped from their home by fire crews and a town badly hit by flooding.,https://www.bbc.com/news/articles/ckglewye400o,https://ichef.bbci.co.uk/news/1024/branded_news/66f5/live/851d3b30-849e-11f0-88a6-df8576d33bdd.jpg,https://web.archive.org/web/20250829115144/https://www.bbc.com/news/articles/ckglewye400o,"George ThorpeBBC News, South West and
Zhara SimpsonBBC News, South West
The Met Office downgraded a weather warning on Friday morning
Heavy rain overnight in Devon and Cornwall has led to flooding… [+5005 chars]",,"Starker Regen führt zu Überschwemmungen in Devon und Cornwall. Zu den Vorfällen zählen eine Familie, die von Feuerwehrleuten aus ihrem Haus gerettet wurde, und eine Stadt, die schwer von Überschwemmungen heimgesucht wurde.",Heavy rain leads to Devon and Cornwall flooding. Incidents include a family helped from their home by fire crews and a town badly hit by flooding.,Imber gravis ad Devoniam et Cornubiam inundationem ducit. Res includunt familiam adiutam e domo sua nautarum igne et oppidum inundatione male percussum.,2026-01-07 21:55:04+00:00
1d9386fe404d298ce88fdb29fd5c4e73,2025-08-29T12:26:08Z,'flooding death',www.insurancejournal.com,en,0.0,"Heavy Rain Causes Flooding, Landslides and Deaths in Vietnam and Thailand","Heavy rain caused flooding and landslides Wednesday in parts of Southeast Asia, where at least eight deaths were reported in the aftermath of a tropical storm. Flooding occurred in several northern and central provinces of Vietnam, where seven people died, …",https://www.insurancejournal.com/news/international/2025/08/29/837453.htm,https://www.insurancejournal.com/app/uploads/2025/08/flooding-Vietnam-typhoon-Kajiki-AP-scaled.jpg,,"Heavy rain caused flooding and landslides Wednesday in parts of Southeast Asia, where at least eight deaths were reported in the aftermath of a tropical storm.
Flooding occurred in several northern … [+1718 chars]",,"Heftiger Regen führt in Vietnam und Thailand zu Überschwemmungen, Erdrutschen und Todesfällen. Heftiger Regen verursachte am Mittwoch Überschwemmungen und Erdrutsche in Teilen Südostasiens, wo nach einem Tropensturm mindestens acht Todesopfer gemeldet wurden. In mehreren nördlichen und zentralen Provinzen Vietnams kam es zu Überschwemmungen, bei denen sieben Menschen starben, …","Heavy Rain Causes Flooding, Landslides and Deaths in Vietnam and Thailand. Heavy rain caused flooding and landslides Wednesday in parts of Southeast Asia, where at least eight deaths were reported in the aftermath of a tropical storm. Flooding occurred in several northern and central provinces of Vietnam, where seven people died, …","Gravis Pluviae Causae Inundatio, Landslides et Mortes in Vietnam et Thailandia. Imber gravis inundationem proruit et Mercurii in partibus Asiae Meridianae, ubi saltem octo funera nuntiata sunt in tempestatis tropicae reparatione. Inundatio facta est in pluribus provinciis Vietnamensis septentrionalibus et centralibus, ubi septem homines mortui sunt, …",2026-01-07 21:55:04+00:00
c9e389fb1246f718a980e2bfdf37a7a8,2025-08-29T13:00:00Z,'floods',www.snopes.com,en,0.0,Fake stories about Texas floods reached millions on Facebook. Foreign ad companies likely profited,A slew of fabricated stories duped Facebook users after the deadly floods — and sites promoting them had ties to ad tech firms in Southeast Asia.,https://www.snopes.com//news/2025/08/29/facebook-ai-posts-texas-floods/,https://mediaproxy.snopes.com/width/1200/https://media.snopes.com/2025/08/ai_slop_investigation.jpg,,"<ul><li>
In the aftermath of deadly floods in Texas in July 2025, Facebook posts circulated false stories about celebrities supposedly helping victims of the disaster. The posts targeted celebrities… [+15740 chars]",,"Gefälschte Geschichten über Überschwemmungen in Texas erreichten Millionen auf Facebook. Ausländische Werbefirmen dürften davon profitiert haben. Eine Menge erfundener Geschichten täuschte Facebook-Nutzer nach den tödlichen Überschwemmungen – und Websites, die sie bewarben, hatten Verbindungen zu Ad-Tech-Firmen in Südostasien.",Fake stories about Texas floods reached millions on Facebook. Foreign ad companies likely profited. A slew of fabricated stories duped Facebook users after the deadly floods — and sites promoting them had ties to ad tech firms in Southeast Asia.,Fake fabulae de inundationibus Texas decies centena millia in Facebook attigerunt. Aliena ad societates verisimile profuit. Interfecerunt fabulas fictas deluserunt Facebook utentes post inundationes funestas - et situs quos promovens ligavit ad firmas technas in Asia Meridiana.,2026-01-07 21:55:04+00:00
1e56c0eec89e0e1b9b4df729f005d6ab,2025-08-29T13:02:18Z,'flooding climate change',abcnews.go.com,en,0.0,Floods in Pakistan's Punjab leave many without aid as rescuers race to evacuate,Rescuers in Pakistan have been racing to evacuate tens of thousands of people stranded by floods in Punjab province,https://abcnews.go.com/International/wireStory/floods-pakistans-punjab-leave-aid-rescuers-race-evacuate-125091769,https://i.abcnewsfe.com/a/339e67fe-724e-4418-9076-a588cbfa3b88/wirestory_548db0e90022fe6c5f244e9349cd5b4e_16x9.jpg?w=1600,,"NAROWAL, Pakistan -- Rescuers raced to evacuate tens of thousands of stranded Pakistanis hit by floods earlier this week, while many were left with no food or medical supplies Friday as the governmen… [+3514 chars]",,"Überschwemmungen im pakistanischen Punjab lassen viele Menschen ohne Hilfe zurück, während Rettungskräfte zur Evakuierung eilen. Retter in Pakistan sind bestrebt, Zehntausende Menschen zu evakuieren, die durch Überschwemmungen in der Provinz Punjab gestrandet sind",Floods in Pakistan's Punjab leave many without aid as rescuers race to evacuate. Rescuers in Pakistan have been racing to evacuate tens of thousands of people stranded by floods in Punjab province,Inundationes in Pakistani Punjab multa sine auxilio relinquunt sicut salvatores generis decedere. Rescuers in Pakistan fuerunt currentes ad evacuandam decem milia hominum ab inundationibus in Asia destituti,2026-01-07 21:55:04+00:00
12774fd1b3c5e9f9e509c3bd90c9ad6d,2025-08-29T13:41:09Z,'floods',www.yahoo.com,en,0.0,Pakistan says floods made worse by Indian action,ISLAMABAD -Flooding in Pakistan from water flowing downstream from India was made worse by New Delhi’s suspension of a river-sharing treaty and the collapse ...,https://www.yahoo.com/news/articles/pakistan-says-floods-made-worse-134109474.html,https://media.zenfs.com/en/reuters.com/3c61a1ea7af002b2661876b1a88f9e94,,"By Saeed Shah
ISLAMABAD -Flooding in Pakistan from water flowing downstream from India was made worse by New Delhis suspension of a river-sharing treaty and the collapse of the gates on an Indian ba… [+3482 chars]",,"Pakistan sagt, dass die Überschwemmungen durch indische Maßnahmen verschlimmert wurden. ISLAMABAD – Die Überschwemmungen in Pakistan durch stromabwärts von Indien fließendes Wasser wurden durch die Aussetzung eines Flussteilungsvertrags durch Neu-Delhi und den Zusammenbruch verschlimmert ...",Pakistan says floods made worse by Indian action. ISLAMABAD -Flooding in Pakistan from water flowing downstream from India was made worse by New Delhi’s suspension of a river-sharing treaty and the collapse ...,Pakistan dicit inundationes actio Indica facta peius. ISLAMABAD -Flooding in Pakistan ex aqua amni ex India fluente peius facta est per suspensionem Novi Delhi foederis et ruinae fluminis.,2026-01-07 21:55:04+00:00
109b8b5d49d4c86a9b26388eac3d9dea,2025-08-29T13:41:53Z,'flooding',economictimes.indiatimes.com,en,0.0,'If the Indus Waters Treaty...': Pakistan blames India for its worst floods in almost 40 years,"Recent floods in Pakistan intensified. Pakistani officials claim India's treaty suspension and barrage damage contributed. India denies deliberate flooding, citing heavy rain. Information sharing stopped after treaty suspension. Pakistan evacuated over a mill…",https://economictimes.indiatimes.com/news/india/if-the-indus-waters-treaty-pakistan-blames-india-for-its-worst-floods-in-almost-40-years/articleshow/123586430.cms,"https://img.etimg.com/thumb/msid-123586475,width-1200,height-630,imgsize-187900,overlay-economictimes/articleshow.jpg",,"Flooding in Pakistan from water flowing downstream from India was made worse by New Delhi's suspension of a river-sharing treaty and the collapse of the gates on an Indian barrage, Pakistani official… [+3388 chars]",,"„Wenn der Indus-Wasser-Vertrag …“: Pakistan macht Indien für die schlimmsten Überschwemmungen seit fast 40 Jahren verantwortlich. Die jüngsten Überschwemmungen in Pakistan haben zugenommen. Pakistanische Beamte behaupten, dass Indiens Vertragsaufhebung und Sperrfeuerschäden dazu beigetragen hätten. Indien bestreitet vorsätzliche Überschwemmungen unter Berufung auf starken Regen. Der Informationsaustausch wurde nach der Aussetzung des Vertrags eingestellt. Pakistan wurde über eine Million evakuiert…","'If the Indus Waters Treaty...': Pakistan blames India for its worst floods in almost 40 years. Recent floods in Pakistan intensified. Pakistani officials claim India's treaty suspension and barrage damage contributed. India denies deliberate flooding, citing heavy rain. Information sharing stopped after treaty suspension. Pakistan evacuated over a mill…","'Si Tractatus aquae Indus...': Pakistan vituperat Indiam in diluviis suis pessimis fere 40 annis. Inundationes recentes in Pakistania augentur. Ministri Pakistani foederati Indiae affirmant suspensa et verberare damnum contributum. India inundationem deliberatam negat, pluviam gravem testans. Informationes communicatio post foedus suspensionis substitit. Pakistan molendini super excessum ...",2026-01-07 21:55:04+00:00
44ef40c9de6159e34c8e8664f0338d87,2025-08-29T13:45:00Z,'floods',www.thestar.com.my,en,0.0,Pakistan says floods made worse by Indian action,"ISLAMABAD -Flooding in Pakistan from water flowing downstream from India was made worse by New Delhi's suspension of a river-sharing treaty and the collapse of the gates on an Indian barrage, Pakistani officials said on Friday.  Read full story",https://www.thestar.com.my/news/world/2025/08/29/pakistan-says-floods-made-worse-by-indian-action,https://apicms.thestar.com.my/uploads/images/2025/08/29/3494389.jpg,,"ISLAMABAD -Flooding in Pakistan from water flowing downstream from India was made worse by New Delhis suspension of a river-sharing treaty and the collapse of the gates on an Indian barrage, Pakistan… [+3467 chars]",,"Pakistan sagt, dass die Überschwemmungen durch indische Maßnahmen verschlimmert wurden. ISLAMABAD – Die Überschwemmungen in Pakistan durch Wasser, das von Indien stromabwärts fließt, wurden durch die Aussetzung eines Flussteilungsvertrags durch Neu-Delhi und den Einsturz der Tore eines indischen Staudamms verschlimmert, sagten pakistanische Beamte am Freitag.  Lesen Sie die ganze Geschichte","Pakistan says floods made worse by Indian action. ISLAMABAD -Flooding in Pakistan from water flowing downstream from India was made worse by New Delhi's suspension of a river-sharing treaty and the collapse of the gates on an Indian barrage, Pakistani officials said on Friday.  Read full story","Pakistan dicit inundationes actio Indica facta peius. ISLAMABAD -Flooding in Pakistan ex aqua amni ex India defluentem facta peius facta est per suspensionem foederis fluminis-communis Novae Delhi et ruina portarum in verberatione Indicae, officiales Pakistani die Veneris dixerunt.  Read full story",2026-01-07 21:55:04+00:00
433b0d0edb207c26e1c54199987aa2ba,2025-08-29T14:10:32Z,'flooding',economictimes.indiatimes.com,en,0.0,22 dead as floods wreak havoc in Pakistan's Punjab; Lahore inundated after almost 40 yrs,"Severe floods hit Punjab province in Pakistan. Lahore faces inundation after 38 years. Twenty-two people died in the last 24 hours. Over 1,700 villages are underwater. Excess water released from India worsened the situation. The army has been called in for re…",https://economictimes.indiatimes.com/news/international/world-news/22-dead-as-floods-wreak-havoc-in-pakistans-punjab-lahore-inundated-after-almost-40-yrs/articleshow/123586887.cms,"https://img.etimg.com/thumb/msid-123586904,width-1200,height-630,imgsize-500208,overlay-economictimes/articleshow.jpg",,"At least 22 people died in the last 24 hours as several residential areas of Lahore remained submerged due to floodwaters entering the city, the first time in almost 40 years, in Pakistan's Punjab pr… [+3150 chars]",,22 Tote bei verheerender Überschwemmung im pakistanischen Punjab; Lahore wurde nach fast 40 Jahren überschwemmt. Schwere Überschwemmungen haben die Provinz Punjab in Pakistan heimgesucht. Nach 38 Jahren droht Lahore eine Überschwemmung. In den letzten 24 Stunden starben 22 Menschen. Über 1.700 Dörfer stehen unter Wasser. Überschüssiges aus Indien freigesetztes Wasser verschlimmerte die Situation. Die Armee wurde zur Wiederaufnahme einberufen …,"22 dead as floods wreak havoc in Pakistan's Punjab; Lahore inundated after almost 40 yrs. Severe floods hit Punjab province in Pakistan. Lahore faces inundation after 38 years. Twenty-two people died in the last 24 hours. Over 1,700 villages are underwater. Excess water released from India worsened the situation. The army has been called in for re…",22 sicut inundationes in Pakistania Punjab stragem fecerunt; Inundavit Lahore ann* XL fere. Provinciae Punjab in Pakistania graves inundationes ledo. Lahore vergit inundationem post 38 annos. Viginti duo homines proximis 24 horis mortui sunt. Plus 1.700 villae underwater sunt. Excessus aquae ex India emissus situ peioratur. Exercitus vocatus est pro re…,2026-01-07 21:55:04+00:00
f1b003d148e845f349480bab426cbd5b,2025-08-29T14:17:38Z,'flooding',www.gov.uk,en,0.0,Environment Agency highlighting flash flooding in Forest of Dean,Environment Agency is leading efforts to raise awareness of flash flooding in the Forest of Dean area.,https://www.gov.uk/government/news/environment-agency-highlighting-flash-flooding-in-forest-of-dean,https://assets.publishing.service.gov.uk/media/68b1a3ed11b4ded2da19fc6c/s960_IMG_0214.jpg,,<ul><li>Local councils supporting Environment Agency in visiting communities</li><li>Officers door knocking in Lydney area to talk to residents on Tuesday 2 September</li><li>Residents urged to learn… [+2610 chars],,"Umweltbehörde weist auf Sturzfluten im Forest of Dean hin. Die Umweltbehörde leitet die Bemühungen, das Bewusstsein für Sturzfluten im Gebiet Forest of Dean zu schärfen.",Environment Agency highlighting flash flooding in Forest of Dean. Environment Agency is leading efforts to raise awareness of flash flooding in the Forest of Dean area.,Procuratio environment inundatio inundatio in Foresta Decanus. Procuratio environment nisum ducit ad conscientias excitandas inundationis in saltu Decani area.,2026-01-07 21:55:04+00:00
93044c146e5a06d0e98071b5db365337,2025-08-29T14:38:56Z,'flooding storm',insidethemagic.net,en,0.0,Disney Guests Left Wading Through Water After Dramatic Floods at EPCOT,"Disney World guests have documented dramatic flooding at EPCOT. Things don’t always go as planned at Disney parks, and in Florida, the culprit is often the weather. Sudden downpours, tropical storms, and hurricane threats have long been part of the Disney Wor…",https://insidethemagic.net/2025/08/dramatic-floods-epcot-disney-world-cj1/,https://insidethemagic.net/wp-content/uploads/2023/09/rain-at-epcot-disney-world.png,https://web.archive.org/web/20250831101208/https://insidethemagic.net/2025/08/dramatic-floods-epcot-disney-world-cj1/,"Disney World guests have documented dramatic flooding at EPCOT.
Things dont always go as planned at Disney parks, and in Florida, the culprit is often the weather. Sudden downpours, tropical storms,… [+3578 chars]",,"Disney-Gäste verließen das EPCOT nach dramatischen Überschwemmungen und wateten durch das Wasser. Gäste von Disney World haben dramatische Überschwemmungen am EPCOT dokumentiert. In Disney-Parks läuft nicht immer alles wie geplant, und in Florida ist oft das Wetter dafür verantwortlich. Plötzliche Regengüsse, tropische Stürme und die Gefahr von Hurrikanen sind seit langem Teil der Disney World …","Disney Guests Left Wading Through Water After Dramatic Floods at EPCOT. Disney World guests have documented dramatic flooding at EPCOT. Things don’t always go as planned at Disney parks, and in Florida, the culprit is often the weather. Sudden downpours, tropical storms, and hurricane threats have long been part of the Disney Wor…","Disney Hospes Reliquit Wading per Aquas Post Dramatic Flumina apud EPCOT. Disney Mundi hospites scenicos in EPCOT inundationes testati sunt. Res non semper in hortis Disney et in Florida, saepe tempestas culpabilis est. Subitus imbres, procellae tropicae, minae procellae iamdudum fuerunt in parte Disney Wor...",2026-01-07 21:55:04+00:00
76aeafd0ce46213cc3c156f747f3c745,2025-08-29T14:44:00Z,'flooding',www.cbsnews.com,en,0.0,Remembering Hurricane Katrina 20 years after historic storm devastated communities,"In 2005, Hurricane Katrina barreled into the Gulf Coast of the U.S. In Louisiana, storm surge breached the levees in New Orleans, creating catastrophic flooding. CBS News meteorologist Rob Marciano reports on the changes made since.",https://www.cbsnews.com/video/remembering-hurricane-katrina-20-years-after-historic-storm-devastated-communities/,https://assets2.cbsnewsstatic.com/hub/i/r/2025/08/29/41491e56-a5e9-49e4-b33b-c1ad71b36c89/thumbnail/1200x630/a7c9afb2069cb3d5dccd73e4e0dca7e5/0829-cmo-marciano.jpg,https://web.archive.org/web/20250831101119/https://www.cbsnews.com/video/remembering-hurricane-katrina-20-years-after-historic-storm-devastated-communities/,Copyright ©2025 CBS Interactive Inc. All rights reserved.,,Gedenken an den Hurrikan Katrina 20 Jahre nachdem der historische Sturm Gemeinden verwüstet hat. Im Jahr 2005 wütete Hurrikan Katrina an der Golfküste der USA. In Louisiana durchbrach eine Sturmflut die Deiche in New Orleans und verursachte katastrophale Überschwemmungen. Der CBS News-Meteorologe Rob Marciano berichtet über die seitdem vorgenommenen Änderungen.,"Remembering Hurricane Katrina 20 years after historic storm devastated communities. In 2005, Hurricane Katrina barreled into the Gulf Coast of the U.S. In Louisiana, storm surge breached the levees in New Orleans, creating catastrophic flooding. CBS News meteorologist Rob Marciano reports on the changes made since.","Memorans Procellae Katrina XX annis post historicam tempestatem vastavit Communitates. Anno 2005, Turbo Katrina in Sinu Coast US In Louisiana cadens, tempestas aestus aggeribus in New Orleans interrupit, calamitosas inundationes creans. CBS Nuntii astrologus Rob Marciano de mutationibus factis cum tradit.",2026-01-07 21:55:04+00:00
6630332794b606360aab699cc624cc5b,2025-08-29T15:15:12Z,'flooding',economictimes.indiatimes.com,en,0.0,"Rain ravages: 5 killed in cloudbursts in Uttarakhand, a chunk of Manali washed away, Punjab submerged","Torrential rains across northern India triggered widespread devastation, with cloudbursts in Uttarakhand claiming lives and leaving many missing. Manali faced severe flooding, stranding tourists as roads were washed away. The Jammu-Srinagar National Highway r…",https://economictimes.indiatimes.com/news/india/rain-ravages-5-killed-in-cloudbursts-in-uttarakhand-a-chunk-of-manali-washed-away-punjab-submerged/articleshow/123587665.cms,"https://img.etimg.com/thumb/msid-123587680,width-1200,height-630,imgsize-456306,overlay-economictimes/articleshow.jpg",https://web.archive.org/web/20250829155136/https://economictimes.indiatimes.com/news/india/rain-ravages-5-killed-in-cloudbursts-in-uttarakhand-a-chunk-of-manali-washed-away-punjab-submerged/articleshow/123587665.cms,"Cloudbursts killed five and 11 people were missing across districts in Uttarakhand early Friday, while a swathe of Manali town along a river was washed away in rain, veritably turning into a riverbed… [+4965 chars]",,"Regen verheert: 5 Tote bei Wolkenbrüchen in Uttarakhand, ein Stück Manali wird weggeschwemmt, Punjab steht unter Wasser. Sintflutartige Regenfälle in ganz Nordindien lösten weitreichende Verwüstungen aus. Wolkenbrüche in Uttarakhand forderten Todesopfer und viele wurden vermisst. In Manali kam es zu schweren Überschwemmungen, bei denen Touristen festsaßen und Straßen weggeschwemmt wurden. Der Jammu-Srinagar National Highway r…","Rain ravages: 5 killed in cloudbursts in Uttarakhand, a chunk of Manali washed away, Punjab submerged. Torrential rains across northern India triggered widespread devastation, with cloudbursts in Uttarakhand claiming lives and leaving many missing. Manali faced severe flooding, stranding tourists as roads were washed away. The Jammu-Srinagar National Highway r…","Pluviis populatur: 5 occidit in nebulis in Uttarakhand, FRUSTUM Manali abluitur, Punjab demergitur. Imbres torrentes per Indiam septentrionalem magnam vastitatem urgent, cum nimbi in Uttarakhand vitam petentes et multa desunt relinquens. Manali inundationem gravem obversabantur, peregrinatores destituentes ut viae abluerentur. Jammu-Srinagar in National via r ...",2026-01-07 21:55:04+00:00
01051d653856c8a25b8b26b9bf3299d3,2025-08-29T15:28:48Z,'flooding',www.insurancejournal.com,en,0.0,A Texas Congressman is Quietly Helping Elon Musk Pitch Building $760M Tunnels Under Houston to Ease Flooding,"The devastating flooding in Houston caused by Hurricane Harvey in 2017 killed dozens of people, inundated hundreds of thousands of homes and left the community desperate for a solution. Since then, local flood experts have extensively studied the possibility …",https://www.insurancejournal.com/news/southcentral/2025/08/29/837475.htm,https://www.insurancejournal.com/img/social/opengraph/ij-social-flood-1200x630.png,https://web.archive.org/web/20250829162038/https://www.insurancejournal.com/news/southcentral/2025/08/29/837475.htm,"The devastating flooding in Houston caused by Hurricane Harvey in 2017 killed dozens of people, inundated hundreds of thousands of homes and left the community desperate for a solution.
Since then, … [+20237 chars]",,"Ein texanischer Kongressabgeordneter hilft Elon Musk stillschweigend beim Bau von 760-Millionen-Dollar-Tunneln unter Houston, um Überschwemmungen zu lindern. Bei den verheerenden Überschwemmungen in Houston durch Hurrikan Harvey im Jahr 2017 kamen Dutzende Menschen ums Leben, Hunderttausende Häuser wurden überschwemmt und die Gemeinde suchte verzweifelt nach einer Lösung. Seitdem haben örtliche Hochwasserexperten die Möglichkeit eingehend untersucht …","A Texas Congressman is Quietly Helping Elon Musk Pitch Building $760M Tunnels Under Houston to Ease Flooding. The devastating flooding in Houston caused by Hurricane Harvey in 2017 killed dozens of people, inundated hundreds of thousands of homes and left the community desperate for a solution. Since then, local flood experts have extensively studied the possibility …","A Texas Congressus quiete adiuvat Elon Musk Pitch Aedificium $760M cuniculis sub Houston ad sublevandam inundationem. Vastatio inundatio in Houston ab Hurricane Harvey anno 2017 duodecim hominum justos hominum occidit, centena milia domorum inundavit et communitatem desperatam solutionem reliquit. Cum igitur periti loci diluvii facultatem late investigaverunt ...",2026-01-07 21:55:04+00:00
90200df0e9645232b6a9d425540f7263,2025-08-29T16:32:31Z,'flooding',www.insurancejournal.com,en,0.0,Katrina’s Legacy: Louisiana Fortifies Itself Against the Next Storm,"When Hurricane Katrina made landfall in southern Louisiana 20 years ago, the region was ill-prepared for the 125 mph winds and catastrophic flooding that would follow. Louisiana, like the rest of the United States, was still adopting modern international buil…",https://www.insurancejournal.com/news/national/2025/08/29/837490.htm,https://www.insurancejournal.com/app/uploads/2015/07/Aerial-of-a-flooded-New-Orleans-neighborhood-with-a-roadway-going-down-into-flood-waters.-Jocelyn-AugustinoFEMA.jpg,,"When Hurricane Katrina made landfall in southern Louisiana 20 years ago, the region was ill-prepared for the 125 mph winds and catastrophic flooding that would follow.
Louisiana, like the rest of th… [+5158 chars]",,"Katrinas Vermächtnis: Louisiana wappnet sich gegen den nächsten Sturm. Als Hurrikan Katrina vor 20 Jahren im Süden Louisianas auf Land traf, war die Region schlecht auf die darauffolgenden Windgeschwindigkeiten von 125 Meilen pro Stunde und die katastrophalen Überschwemmungen vorbereitet. Louisiana war, wie der Rest der Vereinigten Staaten, immer noch dabei, moderne internationale Gebäude zu übernehmen …","Katrina’s Legacy: Louisiana Fortifies Itself Against the Next Storm. When Hurricane Katrina made landfall in southern Louisiana 20 years ago, the region was ill-prepared for the 125 mph winds and catastrophic flooding that would follow. Louisiana, like the rest of the United States, was still adopting modern international buil…","Legatum Katrina: Louisiana se munit Contra Proximum Storm. Cum Hurricane Katrina ante viginti annos in Louisiana australi ruinam fecerat, regio male parata erat pro 125 ventis mph et calamitosis inundationibus quae insequuntur. Louisiana, sicut caeteri Americae Foederatae Rei Publicae, etiam moderno internationali aedificata utebantur…",2026-01-07 21:55:04+00:00
34fae1c66679bbb2e67a6e154b4de58c,2025-08-29T21:13:18Z,'flooding',www.foxweather.com,en,0.0,Heavy rainfall in the South continues flood threats into Labor Day weekend,"Heavy rainfall from the Desert Southwest through the Southeast is expected to persist through Labor Day weekend, with NOAA’s Weather Prediction Center warning of the risk of excessive rainfall and isolated flooding.",https://www.foxweather.com/weather-news/heavy-rain-southwest-southeast-labor-day-weekend-weather-forecast,https://nypost.com/wp-content/uploads/sites/2/2025/08/ida-made-landfall-extremely-dangerous-110298676.jpg?quality=75&strip=all&w=1024,,"Heavy rainfall from the Desert Southwest through the Southeast is expected to persist through Labor Day weekend, with NOAAs Weather Prediction Center warning of the risk of excessive rainfall and iso… [+2732 chars]",,"Starke Regenfälle im Süden setzen die Überschwemmungsgefahr bis zum Labor-Day-Wochenende fort. Es wird erwartet, dass starke Regenfälle vom Südwesten der Wüste bis in den Südosten bis zum Labor-Day-Wochenende anhalten. Das Weather Prediction Center der NOAA warnt vor der Gefahr übermäßiger Regenfälle und vereinzelter Überschwemmungen.","Heavy rainfall in the South continues flood threats into Labor Day weekend. Heavy rainfall from the Desert Southwest through the Southeast is expected to persist through Labor Day weekend, with NOAA’s Weather Prediction Center warning of the risk of excessive rainfall and isolated flooding.","Pluviae graves in Meridiano pergunt minas diluvii in weekend in Labor Day. Imbres graves e Deserto Africo per meridiem exspectantur perdurare per volutpat laboris dies, cum Tempestas Praedictionis NOAA in Centro admonitio de periculo nimiae pluviae et inundationis solitariae.",2026-01-07 21:55:04+00:00
b142af529fe0bb94e3d2bb472b56b21b,2025-08-30T01:50:07Z,'floods',www.cbc.ca,en,0.0,Local groups rally to provide relief to people in Pakistan amid 'devastating'floods,"Organizations in the Greater Toronto Area are coming together to get food, blankets and hygiene kits to families in Pakistan after major floods have displaced hundreds of thousands of people in the country.",https://www.cbc.ca/news/canada/toronto/local-organizations-relief-efforts-pakistan-1.7621917,https://i.cbc.ca/1.7621933.1756516984!/cpImage/httpImage/image.jpg_gen/derivatives/16x9_1180/pakistan-extreme-weather-floods.jpg?im=Resize%3D620,,"Organizations in the Greater Toronto Area are coming together to get food, blankets and hygiene kits to families in Pakistan after major floods have displaced hundreds of thousands of people in the c… [+2829 chars]",,"Lokale Gruppen versammeln sich, um den Menschen in Pakistan inmitten „verheerender“ Überschwemmungen Hilfe zu leisten. Organisationen im Großraum Toronto kommen zusammen, um Lebensmittel, Decken und Hygieneartikel an Familien in Pakistan zu bringen, nachdem schwere Überschwemmungen Hunderttausende Menschen im Land vertrieben haben.","Local groups rally to provide relief to people in Pakistan amid 'devastating'floods. Organizations in the Greater Toronto Area are coming together to get food, blankets and hygiene kits to families in Pakistan after major floods have displaced hundreds of thousands of people in the country.","Circuli locales colligentes subsidio hominibus in Pakistania inter 'inundationes vastantes' adiuvant. Instituta in Maiori Toronto Area conveniunt ad victum, saga et rhoncus hygiene familiae in Pakistania postquam maiores inundationes centena milia hominum ruri emoverunt.",2026-01-07 21:55:04+00:00
e43946c3fd462f973ad35ecc1270b31b,2025-08-30T06:15:23Z,'flooding evacuation',economictimes.indiatimes.com,en,0.0,War then water: Pakistan's border villagers face back-to-back evacuations,"Pakistani villagers near the Indian border are facing repeated displacement due to both cross-border conflict and severe flooding. After fleeing fighting earlier this year, communities in Kasur are now struggling with monsoon floods exacerbated by the suspens…",https://economictimes.indiatimes.com/news/international/world-news/war-then-water-pakistans-border-villagers-face-back-to-back-evacuations/articleshow/123597523.cms,"https://img.etimg.com/thumb/msid-123597611,width-1200,height-630,imgsize-139776,overlay-economictimes/articleshow.jpg",,"When floodwaters from across the Indian border surged into her village in eastern Pakistan this month, Shama knew what to do: gather her four children and prepare to leave. It was the second time thi… [+4382 chars]",,"Erst Krieg, dann Wasser: Den Dorfbewohnern an der Grenze zu Pakistan droht eine aufeinanderfolgende Evakuierung. Pakistanische Dorfbewohner nahe der indischen Grenze sind aufgrund grenzüberschreitender Konflikte und schwerer Überschwemmungen wiederholt mit der Vertreibung konfrontiert. Nachdem die Gemeinden in Kasur Anfang des Jahres vor den Kämpfen geflohen waren, kämpfen sie nun mit Monsunüberschwemmungen, die durch die Spannungen noch verschärft werden.","War then water: Pakistan's border villagers face back-to-back evacuations. Pakistani villagers near the Indian border are facing repeated displacement due to both cross-border conflict and severe flooding. After fleeing fighting earlier this year, communities in Kasur are now struggling with monsoon floods exacerbated by the suspens…",Bellum ergo aqua: Vicani terminus Pakistan faciem evacuationes retro ad tergum. Pakistani vicani prope terminum Indicum spectant obsessio repetita ob utrumque conflictum crucis et inundationes graves. Communitates in Kasur iam ante pugnam fugientes inundationibus ETESIAE suspensis exacerbatae sunt.,2026-01-07 21:55:04+00:00
7cb912ec5c55774a57e4a008d2b931d7,2025-08-30T07:48:51Z,'flooding health',economictimes.indiatimes.com,en,0.0,"Fake ENO, toothpaste & cigarettes flooding Delhi: How criminals are making big money off everyday products, and putting your health at risk","Delhi Police have dismantled a counterfeit goods racket, arresting six individuals involved in the production of fake antacids, toothpastes, and cigarettes. The operation, prompted by complaints from brands and tip-offs, uncovered manufacturing units in Delhi…",https://economictimes.indiatimes.com/news/new-updates/fake-eno-toothpaste-cigarettes-flooding-delhi-how-criminals-are-making-big-money-off-everyday-products-and-putting-your-health-at-risk/articleshow/123598569.cms,"https://img.etimg.com/thumb/msid-123598576,width-1200,height-630,imgsize-1418849,overlay-economictimes/articleshow.jpg",https://web.archive.org/web/20250830083822/https://economictimes.indiatimes.com/news/new-updates/fake-eno-toothpaste-cigarettes-flooding-delhi-how-criminals-are-making-big-money-off-everyday-products-and-putting-your-health-at-risk/articleshow/123598569.cms,"If your antacid isnt giving relief, or that toothpaste tastes off, the reason might be more sinister than you think. Delhi Polices crime branch has busted a large-scale racket producing and distribut… [+2410 chars]",,"Gefälschte ENO, Zahnpasta und Zigaretten überschwemmen Delhi: Wie Kriminelle mit Alltagsprodukten viel Geld verdienen und Ihre Gesundheit gefährden. Die Polizei von Delhi hat eine Fälschungskriminalität aufgedeckt und sechs Personen festgenommen, die an der Herstellung gefälschter Antazida, Zahnpasten und Zigaretten beteiligt waren. Die durch Beschwerden von Marken und Hinweisen ausgelöste Operation deckte Produktionsstätten in Delhi auf …","Fake ENO, toothpaste & cigarettes flooding Delhi: How criminals are making big money off everyday products, and putting your health at risk. Delhi Police have dismantled a counterfeit goods racket, arresting six individuals involved in the production of fake antacids, toothpastes, and cigarettes. The operation, prompted by complaints from brands and tip-offs, uncovered manufacturing units in Delhi…","Fake ENO, dentifricium & cigarettes inundantia Delhi: Quomodo malefactores faciunt magnas pecunias de communibus productis, et in periculo salutis tuae ponendo. Delhi Polices bona adulterina reticulum everterunt, capientes sex homines implicatos in productione fictorum antacidarum, dentifricium et cigarettes. Operatio, querelis notarum et auricularum excitatarum, detexit unitates in Delhi fabricandis.",2026-01-07 21:55:04+00:00
e628012d8016f285954274c7398c0258,2025-08-30T11:24:00Z,'flooding',www.channelnewsasia.com,en,0.0,Pakistan evacuates half a million people stranded by floods,"LAHORE, Pakistan: Nearly half a million people have been displaced by flooding in eastern Pakistan after days of heavy rain swelled rivers, relief officials said Saturday (Aug 30), as they carried out a mas",https://www.channelnewsasia.com/asia/pakistan-floods-evacuation-people-stranded-5324131,"https://dam.mediacorp.sg/image/upload/s--We2TxizB--/c_crop,h_576,w_1024,x_0,y_0/f_auto,q_auto/c_fill,g_auto,h_676,w_1200/v1/mediacorp/cna/image/2025/08/30/pakistan_floods_1_0.jpg?itok=vwDiQkxY",,"LAHORE, Pakistan: Nearly half a million people have been displaced by flooding in eastern Pakistan after days of heavy rain swelled rivers, relief officials said Saturday (Aug 30), as they carried ou… [+773 chars]",,"Pakistan evakuiert eine halbe Million Menschen, die wegen Überschwemmungen gestrandet sind. LAHORE, Pakistan: Fast eine halbe Million Menschen wurden durch Überschwemmungen in Ostpakistan vertrieben, nachdem tagelang heftige Regenfälle Flüsse anschwellen ließen, teilten Hilfskräfte am Samstag (30. August) mit, als sie eine Mas-Maßnahme durchführten","Pakistan evacuates half a million people stranded by floods. LAHORE, Pakistan: Nearly half a million people have been displaced by flooding in eastern Pakistan after days of heavy rain swelled rivers, relief officials said Saturday (Aug 30), as they carried out a mas","Pakistan evacuat dimidium miliones hominum diluviis destitutus. LAHORE, Pakistan: Dimidium fere miliones hominum ab inundatione in Pakistania orientalis luxati sunt postquam dies pluviae magnae flumina intumuerunt, ministri subsidii Saturni dixerunt (30 Aug.), ut e mas",2026-01-07 21:55:04+00:00
ab7766c2f7a67765cd6c9217372de494,2025-08-30T12:20:31Z,'flooding health',economictimes.indiatimes.com,en,0.0,‘Where is Trump?’ Panic grows online as health rumors spiral out of control,"Rumors claiming Donald Trump is dead spread rapidly online this weekend, flooding X and TikTok with speculation. The viral trend left millions confused, but no credible evidence backs the claims. Here’s how the rumor started, why it spread so quickly, and wha…",https://economictimes.indiatimes.com/news/international/us/where-is-trump-panic-grows-online-as-health-rumors-spiral-out-of-control/articleshow/123602138.cms,"https://img.etimg.com/thumb/msid-123602156,width-1200,height-630,imgsize-33858,overlay-economictimes/articleshow.jpg",,"The phrase Donald Trump is dead exploded across social media this weekend, spreading from X (formerly Twitter) to TikTok in a matter of hours. The sudden rise of the hashtag sparked confusion, concer… [+4358 chars]",,"„Wo ist Trump?“ Im Internet wächst die Panik, während Gesundheitsgerüchte außer Kontrolle geraten. Gerüchte, dass Donald Trump tot sei, verbreiteten sich an diesem Wochenende schnell online und überschwemmten X und TikTok mit Spekulationen. Der virale Trend hat Millionen verwirrt, aber es gibt keine glaubwürdigen Beweise, die die Behauptungen stützen. Hier erfahren Sie, wie das Gerücht entstand, warum es sich so schnell verbreitete und was …","‘Where is Trump?’ Panic grows online as health rumors spiral out of control. Rumors claiming Donald Trump is dead spread rapidly online this weekend, flooding X and TikTok with speculation. The viral trend left millions confused, but no credible evidence backs the claims. Here’s how the rumor started, why it spread so quickly, and wha…","`Ubi est Trump? Pavor online crescit sicut rumores sani spirales de potestate. Rumores affirmantes Donald Trump mortuum esse hoc weekend celeriter online, inundantes X et TikTok cum speculatione divulgaverunt. Inclinatio viralis decies centena millia confusa reliquit, sed nullo credibili testimonio remittit postulata. Hic est quomodo rumor incepit, cur tam cito pervasit, et wha…",2026-01-07 21:55:04+00:00
adba0d9d905451fc5d295c06b13147b5,2025-08-31T04:15:12Z,'flooding rain',www.juancole.com,en,0.0,Monsoon flooding has killed hundreds in Pakistan – climate change is pushing the rainy season from blessing to looming catastrophe,"By Pintu Kumar Mahla, University of Arizona (The Conversation) - Farmers in South Asia rely on the summer monsoon’s rainfall, but extreme monsoon rains in recent years have been destructive and deadly. Since July, flooding during the 2025 summer monsoon has k…",https://www.juancole.com/2025/08/flooding-blessing-catastrophe.html,https://media.juancole.com/images/2025/08/asia-1296989_640.png,https://web.archive.org/web/20250831084945/https://www.juancole.com/2025/08/flooding-blessing-catastrophe.html,"By Pintu Kumar Mahla, University of Arizona
(The Conversation) – Farmers in South Asia rely on the summer monsoons rainfall, but extreme monsoon rains in recent years have been destructive and deadl… [+5773 chars]",,"Monsun-Überschwemmungen haben in Pakistan Hunderte Todesopfer gefordert – der Klimawandel verwandelt die Regenzeit von einem Segen in eine drohende Katastrophe. Von Pintu Kumar Mahla, University of Arizona (The Conversation) – Landwirte in Südasien sind auf die Regenfälle des Sommermonsuns angewiesen, doch die extremen Monsunregen der letzten Jahre waren zerstörerisch und tödlich. Seit Juli kam es während des Sommermonsuns 2025 zu Überschwemmungen.","Monsoon flooding has killed hundreds in Pakistan – climate change is pushing the rainy season from blessing to looming catastrophe. By Pintu Kumar Mahla, University of Arizona (The Conversation) - Farmers in South Asia rely on the summer monsoon’s rainfall, but extreme monsoon rains in recent years have been destructive and deadly. Since July, flooding during the 2025 summer monsoon has k…","Monsoon inundatio centenas in Pakistania occidit - mutatio climatis tempus pluviae impellit ab benedictione ad perniciem inpendendi. By Pintu Kumar Mahla, Universitas Arizona (The Conversation) - Agricolae in Asia Meridiana pluvia aestivi nituntur, sed pluviae extremae monsoon his annis perniciosae et mortiferae fuerunt. Cum Iulio, inundatio ETESIAE aestatis MMXXV per annum MMXXV habet k…",2026-01-07 21:55:04+00:00
2a38c50ed9c7a174706c2f01cf779159,2025-08-31T06:13:40Z,'flooding health',theconversation.com,en,0.0,Should governments pay businesses for climate disasters? Researchers unpack huge lawsuits in South Africa,Two South African insurance companies are suing the government after large companies suffered catastrophic damage in 2022 floods.,https://theconversation.com/should-governments-pay-businesses-for-climate-disasters-researchers-unpack-huge-lawsuits-in-south-africa-263647,https://images.theconversation.com/files/687569/original/file-20250826-55-kvemfr.jpg?ixlib=rb-4.1.0&rect=0%2C41%2C1440%2C720&q=45&auto=format&w=1356&h=668&fit=crop,https://web.archive.org/web/20250831092606/https://theconversation.com/should-governments-pay-businesses-for-climate-disasters-researchers-unpack-huge-lawsuits-in-south-africa-263647,The most catastrophic natural disaster ever recorded in South Africa’s KwaZulu-Natal province – also the worst flood in South Africa for more than a century – has sparked two major lawsuits by insura… [+9921 chars],,"Sollten Regierungen Unternehmen für Klimakatastrophen bezahlen? Forscher enthüllen riesige Klagen in Südafrika. Zwei südafrikanische Versicherungsunternehmen verklagen die Regierung, nachdem große Unternehmen bei den Überschwemmungen im Jahr 2022 katastrophale Schäden erlitten hatten.",Should governments pay businesses for climate disasters? Researchers unpack huge lawsuits in South Africa. Two South African insurance companies are suing the government after large companies suffered catastrophic damage in 2022 floods.,Nunquid imperia negotia pro calamitatibus climatis solvant? Investigatores ingentes causas in Africa Australi unpack. Duae societates assecurationis Africae Australis imperium petentes post magnas societates detrimentum calamitosum in 2022 inundationibus passi sunt.,2026-01-07 21:55:04+00:00
42fcb1872e59402d022607e11041fe12,2025-08-31T09:00:24Z,'floods',indianexpress.com,en,0.0,"Pakistan’s Punjab faces the biggest floods in its history, affecting 2 million people","India alerted its neighbour to the possibility of cross-border flooding last week, the first public diplomatic contact between the two countries since a crisis brought them close to war in May.",https://indianexpress.com/article/world/pakistans-punjab-faces-the-biggest-floods-in-its-history-affecting-2-million-people-10222038/,https://images.indianexpress.com/2025/08/Photo-69.jpg,https://web.archive.org/web/20250831092516/https://indianexpress.com/article/world/pakistans-punjab-faces-the-biggest-floods-in-its-history-affecting-2-million-people-10222038/,"Pakistans eastern Punjab province is dealing with the biggest flood in its history, a senior official said Sunday, as water levels of rivers rise to all-time highs. Global warming has worsened monsoo… [+1954 chars]",,"Der pakistanische Punjab ist mit den größten Überschwemmungen seiner Geschichte konfrontiert, von denen 2 Millionen Menschen betroffen sind. Indien machte sein Nachbarland letzte Woche auf die Möglichkeit grenzüberschreitender Überschwemmungen aufmerksam. Dies war der erste öffentliche diplomatische Kontakt zwischen den beiden Ländern seit einer Krise, die sie im Mai an den Rand eines Krieges brachte.","Pakistan’s Punjab faces the biggest floods in its history, affecting 2 million people. India alerted its neighbour to the possibility of cross-border flooding last week, the first public diplomatic contact between the two countries since a crisis brought them close to war in May.","Pakistan scriptor Punjab maximas inundationes in historia sua respicit, afficiens 2 miliones hominum. India proximum suum admonebat ad facultatem inundationis crucis limitis proxima septimana, prima commercium diplomaticum publicum inter duas terras cum discrimine proximos mense Maio bellum intulit.",2026-01-07 21:55:04+00:00
d3ba1b04a4f0f1ac00cba8095b32fdd5,2025-08-31T12:52:27Z,'flooding relief',www.aljazeera.com,en,0.0,Pakistan’s Punjab evacuates half a million people stranded by floods,"Floods in Punjab displace nearly 500,000 people and kill dozens amid the largest rescue in eastern province's history.",https://www.aljazeera.com/gallery/2025/8/31/pakistans-punjab-evacuates-half-a-million-people-stranded-by-floods,https://www.aljazeera.com/wp-content/uploads/2025/08/AFP__20250831__72XM2T3__v1__HighRes__PakistanEnvironmentClimateMonsoon-1756639728.jpg?resize=1920%2C1440,https://web.archive.org/web/20250831175133/https://www.aljazeera.com/gallery/2025/8/31/pakistans-punjab-evacuates-half-a-million-people-stranded-by-floods,"Nearly half a million people have been displaced by flooding in eastern Pakistan after days of heavy rain swelled rivers, relief officials said, as they carried out a massive rescue operation.
Three… [+1762 chars]",,"Pakistans Punjab evakuiert eine halbe Million Menschen, die wegen Überschwemmungen gestrandet sind. Überschwemmungen in Punjab vertreiben fast 500.000 Menschen und töten Dutzende – die größte Rettung in der Geschichte der östlichen Provinz.","Pakistan’s Punjab evacuates half a million people stranded by floods. Floods in Punjab displace nearly 500,000 people and kill dozens amid the largest rescue in eastern province's history.",Pakistan scriptor Punjab emittit dimidium miliones hominum inundationibus destituti. Flumina in Punjab depellunt fere 50 000 hominum et justos occidunt inter maximas subsidia in historia provinciae orientalis.,2026-01-07 21:55:04+00:00
8518159818c809a62e370b1bf8e9df61,2025-08-31T12:55:42Z,'flooding storm',www.fox26houston.com,en,0.0,Houston weather: Dodging storms for Labor Day weekend,A risk of street flooding is possible on Sunday and Monday due to heavy rainfall in the viewing area.,https://www.fox26houston.com/news/houston-weather-august-31-forecast,https://s.yimg.com/ny/api/res/1.2/Gp5KuAbls7K81744Gtn7YA--/YXBwaWQ9aGlnaGxhbmRlcjt3PTEyMDA7aD02NzU7Y2Y9d2VicA--/https://media.zenfs.com/en/kriv_fox_local_articles_563/6c52f64ac2910cb380fc26bb09b17fcc,,"The Brief
<ul><li>Ground Stop in effect for Bush Airport due to storms.
</li><li>A risk of street flooding is possible on Sunday and Monday due to heavy rainfall in the viewing area.
</li><li>Labo… [+1841 chars]",,Wetter in Houston: Stürmen am Labor-Day-Wochenende ausweichen. Aufgrund starker Regenfälle im Sichtbereich besteht am Sonntag und Montag die Gefahr einer Straßenüberschwemmung.,Houston weather: Dodging storms for Labor Day weekend. A risk of street flooding is possible on Sunday and Monday due to heavy rainfall in the viewing area.,Houston weather: Dodging procellae pro labore diei weekend. Periculum inundationis plateae die Dominico et Lunae ob gravibus pluviis in area intuitiva fieri potest.,2026-01-07 21:55:04+00:00
4d6265cd104021a30bd56cd91e0f6456,2025-08-31T13:19:00Z,'floods',economictimes.indiatimes.com,en,0.0,"India set for wetter September; IMD warns of flash floods, landslides","India is expected to receive above-normal rainfall in September, potentially leading to landslides and flash floods, particularly in Uttarakhand. The IMD warns of possible disruptions in south Haryana, Delhi, and north Rajasthan due to heavy rainfall. Northwe…",https://economictimes.indiatimes.com/news/india/india-set-for-wetter-september-imd-warns-of-flash-floods-landslides/articleshow/123616295.cms,"https://img.etimg.com/thumb/msid-123616339,width-1200,height-630,imgsize-19170,overlay-economictimes/articleshow.jpg",,"India is likely to receive above-normal rainfall in September, capping a season that has already seen several disasters triggered by heavy downpours in many parts of the country.The India Meteorologi… [+5304 chars]",,"Indien steht vor einem nasseren September; IMD warnt vor Sturzfluten und Erdrutschen. Es wird erwartet, dass es in Indien im September überdurchschnittliche Niederschläge geben wird, die möglicherweise zu Erdrutschen und Sturzfluten führen, insbesondere in Uttarakhand. Das IMD warnt vor möglichen Störungen in Süd-Haryana, Delhi und Nord-Rajasthan aufgrund starker Regenfälle. Nordwesten…","India set for wetter September; IMD warns of flash floods, landslides. India is expected to receive above-normal rainfall in September, potentially leading to landslides and flash floods, particularly in Uttarakhand. The IMD warns of possible disruptions in south Haryana, Delhi, and north Rajasthan due to heavy rainfall. Northwe…","Indiam aquosam Septembrem posuit; IMD monet fulmina, proruit. India expectatur supra normales pluvias mense Septembri recipere, potentia ducens ad prolapsa et diluvia, praesertim in Uttarakhand. IMD monet perturbationes fieri posse in Haryana, Delhi, et in septentrione Rajasthan ob pluvias graves. Northwe…",2026-01-07 21:55:04+00:00
e74478fa340061eb4644af003c3b4ae6,2025-08-31T13:27:23Z,'floods',dpa-international.com,en,0.0,More than 2 million affected by floods in Pakistan,"Pakistan’s central Punjab province is facing one of the worst flood emergencies in recent history, as raging waters affect the lives of more than 2 million...",https://dpa-international.com/general-news/urn:newsml:dpa.com:20090101:250831-99-882106/,https://media.zenfs.com/en/dpa_international_526/70c86146aeb1c7e84a66d992a09e6ef6,,"Pakistans central Punjab province is facing one of the worst flood emergencies in recent history, as raging waters affect the lives of more than 2 million people and claimed 33 lives over the past we… [+1624 chars]",,"Mehr als 2 Millionen Menschen sind in Pakistan von Überschwemmungen betroffen. Pakistans zentrale Provinz Punjab steht vor einer der schlimmsten Überschwemmungskatastrophen in der jüngeren Geschichte, da reißende Wassermassen das Leben von mehr als 2 Millionen Menschen beeinträchtigen.","More than 2 million affected by floods in Pakistan. Pakistan’s central Punjab province is facing one of the worst flood emergencies in recent history, as raging waters affect the lives of more than 2 million...","Plus quam 2 decies centena millia in Pakistania diluviis afficiuntur. Pakistania provincia centralis Punjab respicit unum ex pessimis periculis in historia recenti diluvii, sicut aquae rabidae plus quam 2 decies centena milia afficiunt...",2026-01-07 21:55:04+00:00
038ee96c4ca482e81107d6090c29b4b5,2025-08-31T13:49:17Z,'flooding',www.yahoo.com,en,0.0,Cold front to bring heavy rain and flooding risk to Central Florida this week,The cold front we have been watching for the last few days will start to shift down towards the south raising our rain chances through the end of this week.,https://www.yahoo.com/news/articles/cold-front-bring-heavy-rain-134917049.html,https://media.zenfs.com/en/wftv_cox_articles_135/e360b9c77abcb5c926929b1d0c5fa5dc,https://web.archive.org/web/20250901201650/https://www.yahoo.com/news/articles/cold-front-bring-heavy-rain-134917049.html,"The cold front we have been watching for the last few days will start to shift down towards the south raising our rain chances through the end of this week.
The front will cause a handful of thunder… [+725 chars]",,"Eine Kaltfront bringt diese Woche starken Regen und Überschwemmungsgefahr nach Zentralflorida. Die Kaltfront, die wir in den letzten Tagen beobachtet haben, wird beginnen, sich nach Süden zu verschieben, was unsere Regenwahrscheinlichkeit bis zum Ende dieser Woche erhöht.",Cold front to bring heavy rain and flooding risk to Central Florida this week. The cold front we have been watching for the last few days will start to shift down towards the south raising our rain chances through the end of this week.,Frons frigida pluviam gravem et inundantem periculum in Central Florida hac septimana afferat. Frons frigida perceptis proximis diebus incipiet ad meridiem versus transferre casus nostros pluviae per finem huius hebdomadis.,2026-01-07 21:55:04+00:00
908345948a34c749767676fcec1cdc6f,2025-08-31T14:00:30Z,'flooding',www.aljazeera.com,en,0.0,Pakistan’s Punjab province faces worst floods in its history,More than two million people have been affected by flooding in Pakistan’s worst-hit province of Punjab.,https://www.aljazeera.com/video/newsfeed/2025/8/31/pakistans-punjab-province-faces-worst-floods-in-its-history,https://www.aljazeera.com/wp-content/uploads/2025/08/image-1756648815.jpg?resize=1920%2C1080&quality=80,https://web.archive.org/web/20250831172753/https://www.aljazeera.com/video/newsfeed/2025/8/31/pakistans-punjab-province-faces-worst-floods-in-its-history,"NewsFeed
More than two million people have been affected by flooding in Pakistans worst-hit province of Punjab. Survivors tell us they have lost everything, and stagnant waters now pose serious heal… [+8 chars]",,Die pakistanische Provinz Punjab ist mit den schlimmsten Überschwemmungen ihrer Geschichte konfrontiert. Mehr als zwei Millionen Menschen sind von Überschwemmungen in Pakistans am stärksten betroffener Provinz Punjab betroffen.,Pakistan’s Punjab province faces worst floods in its history. More than two million people have been affected by flooding in Pakistan’s worst-hit province of Punjab.,Pakistan scriptor provincia Punjab in historia sua pessimos diluvia respicit. Plus duo miliones hominum inundatione in Pakistania provinciae Punjab pessimae affectae sunt.,2026-01-07 21:55:04+00:00
daff5d277020665335e24c688f81b663,2025-08-31T16:01:55Z,'floods',statetimes.in,en,0.0,"Threat of glacial lake outburst floods loom large over Kishtwar, warns report","JAMMU: Glacial lake outburst leading to floods is a serious threat for Jammu and Kashmir’s Kishtwar district, a comprehensive risk assessment has stated, warning that it puts lives, infrastructure, and the fragile ecosystem in grave danger. According to the G…",https://statetimes.in/threat-of-glacial-lake-outburst-floods-loom-large-over-kishtwar-warns-report/,https://statetimes.in/wp-content/uploads/2025/08/Glacial-lake-outburst-floods.jpg,,"JAMMU: Glacial lake outburst leading to floods is a serious threat for Jammu and Kashmir’s Kishtwar district, a comprehensive risk assessment has stated, warning that it puts lives, infrastructure, a… [+3937 chars]",,"Über Kishtwar droht die Gefahr von Überschwemmungen durch Gletscherseen, warnt ein Bericht. JAMMU: Der Ausbruch eines Gletschersees, der zu Überschwemmungen führt, stellt eine ernsthafte Bedrohung für den Distrikt Kishtwar in Jammu und Kaschmir dar, heißt es in einer umfassenden Risikobewertung, die davor warnt, dass er Leben, Infrastruktur und das fragile Ökosystem in große Gefahr bringt. Nach Angaben des G…","Threat of glacial lake outburst floods loom large over Kishtwar, warns report. JAMMU: Glacial lake outburst leading to floods is a serious threat for Jammu and Kashmir’s Kishtwar district, a comprehensive risk assessment has stated, warning that it puts lives, infrastructure, and the fragile ecosystem in grave danger. According to the G…","Comminatio lacus glacialis erupit inundationes magnas super Kishtwar, fama monet. JAMMU: Lacus glacialis eruptio ad inundationes gravis comminatio est pro regione Jammu et Kashmir's Kishtwar, aestimatio periculum comprehensivum affirmavit, monens vitam, infrastructuram et fragilem ecosystematis in gravi periculo ponere. Secundum G…",2026-01-07 21:55:04+00:00
9c8673db28a9aaed873e2b05244ccf62,2025-08-31T17:24:52Z,'floods',www.aljazeera.com,en,0.0,Two million impacted as Pakistan’s Punjab faces worst floods in its history,"While South Asia's seasonal monsoon brings rainfall that farmers depend on, climate change is making it deadly.",https://www.aljazeera.com/news/2025/8/31/two-million-impacted-as-pakistans-punjab-faces-worst-floods-in-its-history,https://www.aljazeera.com/wp-content/uploads/2025/08/2025-08-30T041620Z_1968586872_RC2ZGGASRUV4_RTRMADP_3_PAKISTAN-INDIA-FLOODS-1756620897.jpg?resize=1920%2C1440,,"Pakistans eastern Punjab province is dealing with the biggest flood in its history, a senior official has said, as water levels of rivers rise to all-time highs.
Global warming has worsened monsoon … [+3156 chars]",,"Zwei Millionen Menschen sind betroffen, da der pakistanische Punjab mit den schlimmsten Überschwemmungen seiner Geschichte konfrontiert ist. Während der saisonale Monsun in Südasien Niederschläge bringt, auf die die Landwirte angewiesen sind, macht der Klimawandel ihn tödlich.","Two million impacted as Pakistan’s Punjab faces worst floods in its history. While South Asia's seasonal monsoon brings rainfall that farmers depend on, climate change is making it deadly.","Duo decies centena millia impacta ut Pakistan scriptor Punjab in historia sua pessima inundationes facies. Dum mons temporis Asiae Australis pluviam in agricolae pendent, mutatio climatis mortiferam facit.",2026-01-07 21:55:04+00:00
a51105b2d74023640734c9c72a7a52d9,2025-08-31T17:47:04Z,'flooding rain',rollingout.com,en,0.0,Austin braces for dangerous Labor Day flooding threat,"Austin residents are preparing for a potentially treacherous Labor Day weekend as meteorologists warn of significant flooding risks across central Texas. The National Weather Service has issued a flood watch effective from noon Sunday through noon Monday, cov…",https://rollingout.com/2025/08/31/austin-braces-for-labor-day-flooding/,https://rollingout.com/wp-content/uploads/2025/08/shutterstock_2489729783-scaled.jpg,,Austin residents are preparing for a potentially treacherous Labor Day weekend as meteorologists warn of significant flooding risks across central Texas. The National Weather Service has issued a flo… [+4691 chars],,"Austin bereitet sich auf die gefährliche Überschwemmungsgefahr am Labor Day vor. Die Einwohner von Austin bereiten sich auf ein möglicherweise tückisches Labor-Day-Wochenende vor, da Meteorologen vor erheblichen Überschwemmungsrisiken in ganz Zentral-Texas warnen. Der Nationale Wetterdienst hat eine Hochwasserwarnung herausgegeben, die von Sonntagmittag bis Montagmittag gültig ist und …","Austin braces for dangerous Labor Day flooding threat. Austin residents are preparing for a potentially treacherous Labor Day weekend as meteorologists warn of significant flooding risks across central Texas. The National Weather Service has issued a flood watch effective from noon Sunday through noon Monday, cov…","Austin adstringit periculosos Labor Day inundationem minatur. Austin habitant in potentia praevaricatori Day Labor Day parat ut astrologi monent pericula significantes inundationes trans Texas centrales. Tempestatis Nationalis Service inundatio vigilia effectiva a meridie per diem Lunae, cov... edixit.",2026-01-07 21:55:04+00:00
b14f81f4c192a187e2e71c6ef1e45c73,2025-08-31T18:24:33Z,'floods',economictimes.indiatimes.com,en,0.0,"NDMA, J&K SDMA launch survey to study causes of cloudbursts, flash floods in Himalayas","NDMA and J&K SDMA have started a survey. The survey aims to understand cloudbursts and flash floods in Jammu & Kashmir, Uttarakhand, and Himachal Pradesh. ISRO is using satellite mapping. The goal is to find the source of water and reasons for the disasters. …",https://economictimes.indiatimes.com/news/india/ndma-jk-sdma-launch-survey-to-study-causes-of-cloudbursts-flash-floods-in-himalayas/articleshow/123620578.cms,"https://img.etimg.com/thumb/msid-123620564,width-1200,height-630,imgsize-230272,overlay-economictimes/articleshow.jpg",,"Kolkata: At a time when frequent cloudbursts, flash floods, landslides have led to mass disasters and loss of lives in Jammu &amp; Kashmir, Uttarakhand and Himachal Pradesh in the recent past, a comp… [+4221 chars]",,"NDMA und J&K SDMA starten Umfrage zur Untersuchung der Ursachen von Wolkenbrüchen und Sturzfluten im Himalaya. NDMA und J&K SDMA haben eine Umfrage gestartet. Ziel der Umfrage ist es, Wolkenbrüche und Sturzfluten in Jammu und Kashmir, Uttarakhand und Himachal Pradesh zu verstehen. ISRO verwendet Satellitenkartierung. Ziel ist es, die Wasserquelle und die Ursachen der Katastrophen zu finden. …","NDMA, J&K SDMA launch survey to study causes of cloudbursts, flash floods in Himalayas. NDMA and J&K SDMA have started a survey. The survey aims to understand cloudbursts and flash floods in Jammu & Kashmir, Uttarakhand, and Himachal Pradesh. ISRO is using satellite mapping. The goal is to find the source of water and reasons for the disasters. …","NDMA, J&K SDMA lustrare causas studiorum nubium, diluvia in Himalayas micare. NDMA et J&K SDMA lustrationem inceperunt. Contemplatio intendit intellegere nebulæ et flumina in Jammu & Kashmir, Uttarakhand, et Himachal Pradesh intelligere. ISRO utitur satellite mapping. Propositum est invenire fontem aquae et causas calamitatum. ...",2026-01-07 21:55:04+00:00
df350799e2f846d9c6165cc39960e825,2025-08-31T19:03:00Z,'flooding health',www.thestar.com.my,en,0.0,"Roundup: Yemenis voice loss, fear as continued floods deepen humanitarian crisis","ADEN, Yemen, Aug. 31 (Xinhua) -- As torrential rains since early August have continuously submerged homes and displacement camps across Yemeni provinces, affected residents are voicing despair over compounded losses in a country struggling with one of the wor…",https://www.thestar.com.my/news/world/2025/09/01/roundup-yemenis-voice-loss-fear-as-continued-floods-deepen-humanitarian-crisis,https://cdn.thestar.com.my/Themes/img/newTsol_logo_socmedia.png,https://web.archive.org/web/20250831212257/https://www.thestar.com.my/news/world/2025/09/01/roundup-yemenis-voice-loss-fear-as-continued-floods-deepen-humanitarian-crisis,"ADEN, Yemen, Aug. 31 (Xinhua) -- As torrential rains since early August have continuously submerged homes and displacement camps across Yemeni provinces, affected residents are voicing despair over c… [+3210 chars]",,"Zusammenfassung: Stimmverlust der Jemeniten, Angst vor anhaltenden Überschwemmungen, die die humanitäre Krise verschärfen. ADEN, Jemen, 31. August (Xinhua) – Während sintflutartige Regenfälle seit Anfang August kontinuierlich Häuser und Flüchtlingslager in den jemenitischen Provinzen überschwemmt haben, äußern die betroffenen Bewohner ihre Verzweiflung über die zunehmenden Verluste in einem Land, das mit einer der schlimmsten Katastrophen zu kämpfen hat.","Roundup: Yemenis voice loss, fear as continued floods deepen humanitarian crisis. ADEN, Yemen, Aug. 31 (Xinhua) -- As torrential rains since early August have continuously submerged homes and displacement camps across Yemeni provinces, affected residents are voicing despair over compounded losses in a country struggling with one of the wor…","Rotundus: Yemenis vocis amissio, timor continuae diluvii profundiorem discrimen humanitarium. ADEN, Yemen, 31 Aug. (Xinhua) -- Sicut imbres torrentes abeunte Augusto continenter submersae sunt domos et castra trans Yemeni provincias obsessio, incolas affectos deplorant desperationem de damno composito in patria luctantem cum uno ser…",2026-01-07 21:55:04+00:00
2a77d799186f0897f9924bc431c7ed9c,2025-08-31T22:40:00Z,'floods',thehillstimes.in,en,0.0,"India set for wetter September; IMD warns of flash floods, landslides","NEW DELHI, Aug 31: India is likely to receive above-normal rainfall in September, capping a season that has already seen several disasters triggered by heavy downpours in many parts of the country. The India Meteorological Department (IMD) said on Sunday that…",https://thehillstimes.in/national/india-set-for-wetter-september-imd-warns-of-flash-floods-landslides,https://thehillstimes.in/wp-content/uploads/2025/08/WhatsApp-Image-2025-08-31-at-11.58.40-PM.jpeg,,"NEW DELHI, Aug 31: India is likely to receive above-normal rainfall in September, capping a season that has already seen several disasters triggered by heavy downpours in many parts of the country.
… [+5257 chars]",,"Indien steht vor einem nasseren September; IMD warnt vor Sturzfluten und Erdrutschen. NEU-DELHI, 31. August: Indien dürfte im September überdurchschnittliche Regenfälle verzeichnen und damit eine Saison krönen, in der es in vielen Teilen des Landes bereits zu mehreren Katastrophen durch heftige Regenfälle gekommen ist. Das India Meteorological Department (IMD) sagte am Sonntag, dass…","India set for wetter September; IMD warns of flash floods, landslides. NEW DELHI, Aug 31: India is likely to receive above-normal rainfall in September, capping a season that has already seen several disasters triggered by heavy downpours in many parts of the country. The India Meteorological Department (IMD) said on Sunday that…","Indiam aquosam Septembrem posuit; IMD monet fulmina, proruit. NEW DELHI, Aug 31: India supra normales pluvias mense Septembri accepturas esse verisimile est, tempus captivum quod iam complures calamitates graves in multas regiones partes urguebant. India Meteorologica Department (IMD) dixit die Dominico quod…",2026-01-07 21:55:04+00:00
f5096db612a20e407cff72d68ece5596,2025-08-05T11:40:51Z,'flooding disaster',nep123.com,en,0.9,Uttarakhand Devastation: 4 Dead & 50 Missing After Catastrophic Floods ,"Uttarakhand Devastated by Cloudburst and Flooding: 4 Dead, 50 Missing The state of Uttarakhand in India is reeling from a catastrophic natural disaster after a devastating cloudburst triggered massive flooding in the Harshil area of Uttarkashi. The recent hea…",https://nep123.com/uttarakhand-devastation-4-dead-50-missing-after-catastrophic-floods/,https://nep123.com/wp-content/uploads/2025/07/city_road_ghanta.jpg,,The state of Uttarakhand in India is reeling from a catastrophic natural disaster after a devastating cloudburst triggered massive flooding in the Harshil area of Uttarkashi. The recent heavy rainfal… [+1805 chars],,"Verwüstung von Uttarakhand: 4 Tote und 50 Vermisste nach katastrophalen Überschwemmungen. Uttarakhand durch Wolkenbruch und Überschwemmung verwüstet: 4 Tote, 50 Vermisste Der Bundesstaat Uttarakhand in Indien leidet unter einer katastrophalen Naturkatastrophe, nachdem ein verheerender Wolkenbruch massive Überschwemmungen im Harshil-Gebiet von Uttarkashi ausgelöst hat. Der jüngste Kopf…","Uttarakhand Devastation: 4 Dead & 50 Missing After Catastrophic Floods . Uttarakhand Devastated by Cloudburst and Flooding: 4 Dead, 50 Missing The state of Uttarakhand in India is reeling from a catastrophic natural disaster after a devastating cloudburst triggered massive flooding in the Harshil area of Uttarkashi. The recent hea…","Uttarakhand vastitas: 4 Mortuus & 50 Absentis Post catastrophica flumina . Uttarakhand vastata per Cloudburst et Inundatio: 4 Mortuus, 50 Absentis Status Uttarakhand in India ex calamitate naturali titubat post calamitatem perniciosam vastitatem inundationem in Harshil area Uttarkashi excitat. Recens hea...",2026-02-06 21:55:04+00:00
8d862fb00b75ade93fd924b40cab053d,2025-08-06T22:15:31Z,'flooding storm',theeconomiccollapseblog.com,en,0.7,"“The Year Of The Flood” Gets Even Worse: Monster Storms Cause Catastrophic Flooding in Hong Kong, India, South Korea, Taiwan And China","We have never seen a year quite like this.  I wrote about “the year of the flood” on July 15th and July 27th, and now I am writing about it again.  If I haven’t convinced you by now that something really weird is going on, I don’t know what to tell you.  Reco…",http://theeconomiccollapseblog.com/the-year-of-the-flood-gets-even-worse-monster-storms-cause-catastrophic-flooding-in-hong-kong-india-south-korea-taiwan-and-china/,http://theeconomiccollapseblog.com/wp-content/uploads/2025/08/Countdown-To-Destruction-Pixabay.jpg,http://web.archive.org/web/20250806223825/http://theeconomiccollapseblog.com/the-year-of-the-flood-gets-even-worse-monster-storms-cause-catastrophic-flooding-in-hong-kong-india-south-korea-taiwan-and-china/,"We have never seen a year quite like this.  I wrote about “the year of the flood” on July 15th and July 27th, and now I am writing about it again.  If I haven’t convinced you by now that something re… [+7464 chars]",,"„Das Jahr der Flut“ wird noch schlimmer: Monsterstürme verursachen katastrophale Überschwemmungen in Hongkong, Indien, Südkorea, Taiwan und China. So ein Jahr haben wir noch nie erlebt.  Ich habe am 15. und 27. Juli über „das Jahr der Flut“ geschrieben, und jetzt schreibe ich wieder darüber.  Wenn ich Sie bis jetzt noch nicht davon überzeugt habe, dass etwas wirklich Seltsames vor sich geht, weiß ich nicht, was ich Ihnen sagen soll.  Reco…","“The Year Of The Flood” Gets Even Worse: Monster Storms Cause Catastrophic Flooding in Hong Kong, India, South Korea, Taiwan And China. We have never seen a year quite like this.  I wrote about “the year of the flood” on July 15th and July 27th, and now I am writing about it again.  If I haven’t convinced you by now that something really weird is going on, I don’t know what to tell you.  Reco…","""Annus Diluvii"" etiam pejus habet: monstri procellae causa catastrophica inundatio in Hong Kong, India, Corea Meridionalis, Taiwan et China. Nunquam hunc annum vidimus satis.  Scripsi de ""anno diluvii"" quinto decimo kalendas augusti et die 27 iulii, et nunc de illo iterum scribo.  Si non tibi persuasum est nunc aliquid vere fatum esse, quid tibi dicam nescio.  Reco…",2026-02-07 06:58:16+00:00
1f5677269a4a396a3723e5fa3b4e6800,2025-08-07T11:12:20Z,'floods',www.insurancejournal.com,en,0.7,Frequent Disasters Expose Climate Risks to Infrastructure in South Asia,"Floods that damaged hydropower dams in Nepal and destroyed the main bridge connecting the country to China show the vulnerability of infrastructure and need for smart rebuilding in a region bearing the brunt of a warming planet, experts say. The …",https://www.insurancejournal.com/news/international/2025/08/07/834866.htm,https://www.insurancejournal.com/app/uploads/2025/08/monsoon-rains-sweep-away-key-bridge-in-nepal-AP-scaled.jpg,http://web.archive.org/web/20250807112251/https://www.insurancejournal.com/news/international/2025/08/07/834866.htm,Floods that damaged hydropower dams in Nepal and destroyed the main bridge connecting the country to China show the vulnerability of infrastructure and need for smart rebuilding in a region bearing t… [+7252 chars],,"Häufige Katastrophen stellen Klimarisiken für die Infrastruktur in Südasien dar. Überschwemmungen, die Wasserkraftdämme in Nepal beschädigten und die Hauptbrücke, die das Land mit China verbindet, zerstörten, zeigen laut Experten die Verletzlichkeit der Infrastruktur und die Notwendigkeit eines intelligenten Wiederaufbaus in einer Region, die die Hauptlast der Erwärmung des Planeten trägt. Der …","Frequent Disasters Expose Climate Risks to Infrastructure in South Asia. Floods that damaged hydropower dams in Nepal and destroyed the main bridge connecting the country to China show the vulnerability of infrastructure and need for smart rebuilding in a region bearing the brunt of a warming planet, experts say. The …","Crebrae clades Clima pericula ad infrastructuram in Asia Australi expone. Inundationes, quae hydropotestatis molarum in Nepal laeduntur et destruxerunt pontem principalem in regione Sinae connectens ostendunt vulnerabilitatem infrastructuram et necessitatem reparationis acri in regione planetae calefactionis sustinentis, periti dicunt. The ...",2026-02-07 06:58:16+00:00
9cfaaa25382db640e36747bf7aac91f9,2025-08-06T09:43:00Z,'flooding rain',www.thestar.com.my,en,0.9,"Nigeria, expecting heavy rain, issues flood alert for 19 states","ABUJA (Reuters) -Nigeria's environment ministry issued a flood alert on Wednesday for 19 states, warning that heavy rainfall expected from August 5-9 could trigger flooding in various parts of the country. Read full story",https://www.thestar.com.my/news/world/2025/08/06/nigeria-expecting-heavy-rain-issues-flood-alert-for-19-states,https://cdn.thestar.com.my/Themes/img/newTsol_logo_socmedia.png,,"ABUJA (Reuters) -Nigeria's environment ministry issued a flood alert on Wednesday for 19 states, warning that heavy rainfall expected from August 5-9 could trigger flooding in various parts of the co… [+828 chars]",,"Nigeria erwartet starke Regenfälle und gibt für 19 Bundesstaaten Hochwasseralarm aus. ABUJA (Reuters) – Das nigerianische Umweltministerium hat am Mittwoch eine Überschwemmungswarnung für 19 Bundesstaaten herausgegeben und gewarnt, dass starke Regenfälle, die vom 5. bis 9. August erwartet werden, Überschwemmungen in verschiedenen Teilen des Landes auslösen könnten. Lesen Sie die ganze Geschichte","Nigeria, expecting heavy rain, issues flood alert for 19 states. ABUJA (Reuters) -Nigeria's environment ministry issued a flood alert on Wednesday for 19 states, warning that heavy rainfall expected from August 5-9 could trigger flooding in various parts of the country. Read full story","Nigeria, pluviam gravem exspectans, quaestiones diluvii in 19 civitatibus vigilat. ABUJA (Reuters) -Nigeria ambitus ministerii inundationem intenti die Mercurii pro XIX civitatibus edidit, monens graves pluvias ab Augusto 5-9 exspectari posse felis in variis nationis partibus inundationem fieri. Read full story",2026-02-07 06:58:16+00:00
2039d351221a42d664467fc30ddf5b0c,2025-08-08T10:17:40Z,'floods',biztoc.com,en,0.9,"At least 10 dead, 33 missing in floods in China","At least 10 people died in floods in the Gansu province in northwestern China, state media reported on Friday. Chinese President Xi Jinping called for ""all-out search and rescue efforts, and flood pre...",https://biztoc.com/x/e1b7b409dcec2260,https://biztoc.com/cdn/e1b7b409dcec2260_s.webp,http://web.archive.org/web/20250811070903/https://biztoc.com/x/e1b7b409dcec2260,"At least 10 people died in floods in the Gansu province in northwestern China, state media reported on Friday. Chinese President Xi Jinping called for ""all-out search and rescue efforts, and flood pr… [+69 chars]",,"Mindestens 10 Tote, 33 Vermisste bei Überschwemmungen in China. Mindestens zehn Menschen starben bei Überschwemmungen in der Provinz Gansu im Nordwesten Chinas, berichteten staatliche Medien am Freitag. Der chinesische Präsident Xi Jinping forderte „umfassende Such- und Rettungsmaßnahmen sowie einen Hochwasserschutz“","At least 10 dead, 33 missing in floods in China. At least 10 people died in floods in the Gansu province in northwestern China, state media reported on Friday. Chinese President Xi Jinping called for ""all-out search and rescue efforts, and flood pre...","Saltem X mortui, 33 in diluviis in Sinis desunt. Saltem decem homines in inundationibus Gansu provinciae in Sinis inter septentrionales et septentrionales in Sinis mortui, instrumenta publica die Veneris nuntiata sunt. Sinenses Praeses Xi Jinping vocavit ""omnia quaesita et conatus liberandi et diluvium prae...",2026-02-07 06:58:16+00:00
42f12a5a7c102ebb42ee4e48ee1b44e8,2025-08-10T20:09:52Z,'flooding',www.usatoday.com,en,0.9,Record rainfall leads to widespread flash flooding and chaos in Milwaukee: 'All is lost',"Record rainfall fell across much of the metro Milwaukee area late Aug. 9 and early Aug. 10, leading to major flash flooding across the region.",https://www.usatoday.com/story/news/weather/2025/08/10/milwaukee-flash-floods-trigger-chaos/85601376007/,https://s.yimg.com/ny/api/res/1.2/zEaI3VK_gLw_gZX.U7HAxA--/YXBwaWQ9aGlnaGxhbmRlcjt3PTEyMDA7aD04MDA7Y2Y9d2VicA--/https://media.zenfs.com/en/usa_today_news_641/ce18426920f734815b2199736e0c323d,http://web.archive.org/web/20250810215221/https://www.usatoday.com/story/news/weather/2025/08/10/milwaukee-flash-floods-trigger-chaos/85601376007/,"MILWAUKEE Record rainfall fell across much of the metro Milwaukee area late Aug. 9 and early Aug. 10, leading to major flash flooding across the region, cancelling concerts, submerging cars, and shut… [+5056 chars]",,"Rekordniederschläge führen zu großflächigen Sturzfluten und Chaos in Milwaukee: „Alles ist verloren“. Ende des 9. und Anfang des 10. August fielen in weiten Teilen der Metropolregion Milwaukee Rekordniederschläge, was zu schweren Sturzfluten in der gesamten Region führte.","Record rainfall leads to widespread flash flooding and chaos in Milwaukee: 'All is lost'. Record rainfall fell across much of the metro Milwaukee area late Aug. 9 and early Aug. 10, leading to major flash flooding across the region.","Plures recordationis ad clarum micum inundationem et chaos in Milwaukee ducit: 'Omnia perierunt'. Record pluviae multum in area metro Milwaukee nuper 9 Aug. et primo Aug. 10 ceciderunt, ducens ad maiorem mico inundationem per regionem.",2026-02-07 06:58:16+00:00
3939810950d571de2aeccd7160439457,2025-08-15T20:08:01Z,'flooding',www.commondreams.org,en,0.9,Nearly 200 Killed in One Day in Pakistan Flooding Fueled by Climate Crisis,"Five people on a helicopter rescue team were among nearly 200 people killed by extreme rainfall and flooding in Pakistan in a single day on Friday—the country's latest emergency caused by increasingly severe monsoon seasons, which scientists say are being fue…",https://www.commondreams.org/news/floods-in-pakistan,https://www.commondreams.org/media-library/image.jpg?id=61469420&width=1200&height=600&coordinates=0%2C450%2C0%2C450,http://web.archive.org/web/20250816000530/https://www.commondreams.org/news/floods-in-pakistan,Five people on a helicopter rescue team were among nearly 200 people killed by extreme rainfall and flooding in Pakistan in a single day on Fridaythe country's latest emergency caused by increasingly… [+3028 chars],,"Fast 200 Menschen an einem Tag bei Überschwemmungen in Pakistan getötet, die durch die Klimakrise angeheizt wurden. Fünf Personen eines Hubschrauberrettungsteams gehörten zu den fast 200 Menschen, die am Freitag an einem einzigen Tag durch extreme Regenfälle und Überschwemmungen in Pakistan ums Leben kamen – der jüngste Notfall des Landes, der durch die immer heftiger werdende Monsunzeit verursacht wurde, die nach Angaben von Wissenschaftlern gefährlich ist.","Nearly 200 Killed in One Day in Pakistan Flooding Fueled by Climate Crisis. Five people on a helicopter rescue team were among nearly 200 people killed by extreme rainfall and flooding in Pakistan in a single day on Friday—the country's latest emergency caused by increasingly severe monsoon seasons, which scientists say are being fue…","Fere 200 in uno die in Pakistan Inundatio Fueled a Clima Crisis occiditur. Quinque homines in quadrigis helicopteris liberandis inter fere CC homines interfectis maximis imbribus et inundatione in Pakistania uno die Veneris die - novissimae patriae casus in dies gravioribus temporibus monsoons causati sunt, qui physici dicunt se esse fue…",2026-02-07 06:58:16+00:00
477c2b0524ab66f4cb76ba18ccd504fc,2025-08-22T20:09:19Z,veryUnusualAndNeverUsedKeyword,grist.org,en,0.9,"In the wake of destructive floods, Wisconsin youth sue state utility regulator over failure to consider climate change","The case is part of a growing movement to force climate action through the courts, led in part by Indigenous youth.",https://grist.org/justice/in-the-wake-of-destructive-floods-wisconsin-youth-sue-state-utility-regulator-over-failure-to-consider-climate-change/,https://grist.org/wp-content/uploads/2025/08/Wisconsin-flooding-min.jpg?quality=75&strip=all,http://web.archive.org/web/20250822215511/https://grist.org/justice/in-the-wake-of-destructive-floods-wisconsin-youth-sue-state-utility-regulator-over-failure-to-consider-climate-change/,"On August 9 and 10, a massive storm over southeastern Wisconsin dropped up to 13 inches of rain in just a few hours, sending floodwater gushing downriver and destroying more than 1,800 homes in Milwa… [+5264 chars]",,"Nach verheerenden Überschwemmungen verklagen Jugendliche aus Wisconsin die staatliche Versorgungsbehörde wegen mangelnder Berücksichtigung des Klimawandels. Der Fall ist Teil einer wachsenden Bewegung, die Klimaschutzmaßnahmen vor Gericht durchsetzen will und die zum Teil von indigenen Jugendlichen angeführt wird.","In the wake of destructive floods, Wisconsin youth sue state utility regulator over failure to consider climate change. The case is part of a growing movement to force climate action through the courts, led in part by Indigenous youth.","In uigiliis inundationum perniciosorum, Wisconsin iuvenum statum petendae utilitatis moderator in defectum ad mutationem climatis considerans. Casus est pars motus crescentis ad vim actionis climatis per iudicia, partim ab adolescentia Indigena ducitur.",2026-02-07 06:58:16+00:00
5b59375385ec139f32758814a56adae6,2025-08-26T05:07:20Z,'flooding',www.digitaljournal.com,en,0.9,Typhoon death toll rises in Vietnam as downed trees hamper rescuers,"The death toll from Typhoon Kajiki rose to three in Vietnam on Tuesday, as rescue workers battled uprooted trees and downed power lines and widespread flooding brought chaos to the streets of the capital Hanoi. The typhoon hit central Vietnam on Monday with w…",https://www.digitaljournal.com/world/typhoon-death-toll-rises-in-vietnam-as-downed-trees-hamper-rescuers/article,https://www.digitaljournal.com/wp-content/uploads/2025/08/fdf89f46f8dcb450ca6dd4984c6cc1b7b82022ef.jpg,http://web.archive.org/web/20250826093826/https://www.digitaljournal.com/world/typhoon-death-toll-rises-in-vietnam-as-downed-trees-hamper-rescuers/article,"Typhoon Kajiki downed trees and tore roofs off thousands of homes in Vietnam - Copyright AFP Nhac NGUYEN
The death toll from Typhoon Kajiki rose to three in Vietnam on Tuesday, as rescue workers bat… [+2796 chars]",,"Die Zahl der Todesopfer durch einen Taifun in Vietnam steigt, da umgestürzte Bäume die Retter behindern. Die Zahl der Todesopfer durch den Taifun Kajiki stieg am Dienstag in Vietnam auf drei, als Rettungskräfte gegen entwurzelte Bäume und umgestürzte Stromleitungen kämpften und großflächige Überschwemmungen Chaos auf den Straßen der Hauptstadt Hanoi verursachten. Der Taifun traf am Montag Zentralvietnam mit w…","Typhoon death toll rises in Vietnam as downed trees hamper rescuers. The death toll from Typhoon Kajiki rose to three in Vietnam on Tuesday, as rescue workers battled uprooted trees and downed power lines and widespread flooding brought chaos to the streets of the capital Hanoi. The typhoon hit central Vietnam on Monday with w…","Typhoon mortuorum in Vietnam oritur sicut arbores destructae obstant salvatores. Mortuum vectigal ex Typhoon Kajiki ad tres in Vietnam die Martis surrexit, ut opifices ad arbores evulsas pugnatas liberarent et lineas virtutis diruerent et inundationes diffusas in vias urbis Hanoi chaos attulissent. Typhon ledo media Vietnam die Lunae cum w ...",2026-02-07 06:58:16+00:00
2654754fd363b5d5b5a52bace64d347e,2025-08-29T20:30:00Z,'floods',www.abc.net.au,en,0.9,"During floods and bushfires, bush choppers are ready at any moment","From the cockpit of his chopper, Jedd Manning is dropping supplies to disaster-affected areas one day and rounding up rebellious cattle the next.",https://www.abc.net.au/news/2025-08-30/helicopter-pilots-are-a-lifeline-helping-outback-communities/105702944,https://live-production.wcms.abc-cdn.net.au/7c764f02f1c1740a645d092e734f6280?impolicy=wcms_watermark_news&cropH=2268&cropW=4032&xPos=0&yPos=378&width=862&height=485&imformat=generic,http://web.archive.org/web/20250829221852/https://www.abc.net.au/news/2025-08-30/helicopter-pilots-are-a-lifeline-helping-outback-communities/105702944,"With a bird's eye view of outback Queensland, red dirt, rugged rocky outcrops and the occasional community dotted in the distance, a day at the office for Jed Manning looks a little different.
""It's… [+3977 chars]",,Bei Überschwemmungen und Buschbränden sind Buschhäcksler jederzeit einsatzbereit. Vom Cockpit seines Hubschraubers aus wirft Jedd Manning an einem Tag Vorräte in Katastrophengebiete ab und treibt am nächsten Tag rebellisches Vieh zusammen.,"During floods and bushfires, bush choppers are ready at any moment. From the cockpit of his chopper, Jedd Manning is dropping supplies to disaster-affected areas one day and rounding up rebellious cattle the next.","In inundationibus et bushfires, quovis momento parata sunt rubi choppers. Ex cippi sui cockpit, Jedd Manning commeatus in calamitatibus affectis areis uno die omittit et congregans rebelles greges proximos.",2026-02-07 06:58:16+00:00
