index,published,keyword,domain,language,valid,title,description,url,image,archive,content,quote,de,en,la,added
736eeeaffe614f97aa0dff6b272773c2,2025-05-01T06:00:00Z,'flooding death',www.naturalnews.com,en,0.0,"Overdue Cascadia megaquake may drown Pacific Northwest coast in minutes, experts warn","The Pacific Northwest faces an imminent catastrophic earthquake from the Cascadia Subduction Zone, potentially exceeding magnitude 9.0 and triggering a 100-foot tsunami. FEMA estimates 13,000 deaths and $134 billion in damages, with long-term flooding making …",https://www.naturalnews.com/2025-05-01-overdue-cascadia-megaquake-may-drown-coast.html,https://www.naturalnews.com/wp-content/uploads/sites/91/2025/05/Map-California-Coast-Cities.png,https://web.archive.org/web/20250502060701/https://www.naturalnews.com/2025-05-01-overdue-cascadia-megaquake-may-drown-coast.html,"<ul><li>The Pacific Northwest faces an imminent catastrophic earthquake from the Cascadia Subduction Zone, potentially exceeding magnitude 9.0 and triggering a 100-foot tsunami.</li><li>FEMA estimate… [+4390 chars]",,"Das überfällige Megabeben in Cascadia könnte innerhalb von Minuten die pazifische Nordwestküste ertränken, warnen Experten. Im pazifischen Nordwesten droht ein katastrophales Erdbeben aus der Cascadia-Subduktionszone, das möglicherweise die Stärke 9,0 überschreitet und einen 100 Fuß hohen Tsunami auslöst. FEMA schätzt 13.000 Tote und Schäden in Höhe von 134 Milliarden US-Dollar, wobei langfristige Überschwemmungen …","Overdue Cascadia megaquake may drown Pacific Northwest coast in minutes, experts warn. The Pacific Northwest faces an imminent catastrophic earthquake from the Cascadia Subduction Zone, potentially exceeding magnitude 9.0 and triggering a 100-foot tsunami. FEMA estimates 13,000 deaths and $134 billion in damages, with long-term flooding making …","Overdue Cascadia megaquake Pacifici Northwest oram demergat in minutis, periti monent. Pacificus Northwest respicit terrae motus calamitosos imminenti e Cascadia Subductione Zonae, potentia 9.0 excedente magnitudine et excitato tsunami 100 pede. FEMA aestimat mortes 13.000 et $134 sescenti in damnis, diuturno inundationis facto ...",2026-01-07 21:55:04+00:00
d352edcd60f15468f23adedcef91b566,2025-05-01T06:52:01Z,'deluge',www.neowin.net,en,0.0,Deluge 2.2.0,"Deluge is a free, lightweight, and open-source BitTorrent client with a simple interface, plugin support, and cross-platform compatibility, ideal for both casual and advanced torrent users. Read more...",https://www.neowin.net/software/deluge-220/,https://cdn.neowin.com/news/images/uploaded/2025/05/1746081033_deluge_story.jpg,https://web.archive.org/web/20250501081657/https://www.neowin.net/software/deluge-220/,"Deluge is a full-featured BitTorrent client for Linux, OS X, Unix and Windows. It uses libtorrent in it's backend and features multiple user-interfaces including: GTK+, web and console. It has been d… [+1659 chars]",,"Sintflut 2.2.0. Deluge ist ein kostenloser, leichter und Open-Source-BitTorrent-Client mit einer einfachen Benutzeroberfläche, Plugin-Unterstützung und plattformübergreifender Kompatibilität, ideal für Gelegenheits- und fortgeschrittene Torrent-Benutzer. Mehr lesen...","Deluge 2.2.0. Deluge is a free, lightweight, and open-source BitTorrent client with a simple interface, plugin support, and cross-platform compatibility, ideal for both casual and advanced torrent users. Read more...","Diluvium 2.2.0. Diluvium liberum, leve, ac fons apertus torrent clientem cum simplici interface, plugin auxilio, et compatibilitatis crucis suggestum, specimen utriusque fortuitae et torrentis utentis provectae. Lege plura...",2026-01-07 21:55:04+00:00
903aafa3299af28f6a04c32a0da3fa9a,2025-05-01T07:17:54Z,'floods',www.abc.net.au,en,0.0,"'There's no help': NT homelands cut off from food, fuel following floods",Hundreds of people living on remote homelands in the Northern Territory have been cut off from essential services following flooding in remote east Arnhem Land.,https://www.abc.net.au/news/2025-05-01/nt-east-arnhem-land-flooding-food-fuel-homelands-yol%C5%8Bu/105239574,https://live-production.wcms.abc-cdn.net.au/eec9d40d7c1e3683aec60cf189edf129?impolicy=wcms_watermark_news&cropH=297&cropW=528&xPos=15&yPos=0&width=862&height=485&imformat=generic,https://web.archive.org/web/20250501073552/https://www.abc.net.au/news/2025-05-01/nt-east-arnhem-land-flooding-food-fuel-homelands-yol%25C5%258Bu/105239574,"Hundreds of people living on remote homelands in the Northern Territory have been cut off from essential services following flooding in remote east Arnhem Land.
The situation comes one week after a … [+2459 chars]",,"„Es gibt keine Hilfe“: NT-Heimatländer sind nach Überschwemmungen von Nahrungsmitteln und Treibstoff abgeschnitten. Hunderte Menschen, die in abgelegenen Heimatgebieten im Northern Territory leben, sind nach Überschwemmungen im abgelegenen östlichen Arnhemland von der Grundversorgung abgeschnitten.","'There's no help': NT homelands cut off from food, fuel following floods. Hundreds of people living on remote homelands in the Northern Territory have been cut off from essential services following flooding in remote east Arnhem Land.","'Non est auxilium': nt patrias abscindant cibos, fomitem sequentes fluenta. Centum hominum in longinquis patrias habitantium in Territorio Septentrionali absciverunt ab officiis essentialibus sequentes inundationem in terra orientali remota Arnhem.",2026-01-07 21:55:04+00:00
0307b4960183a099cfb4b65cae13bc0e,2025-05-01T16:43:17Z,'deluge',nypost.com,en,0.0,"Coin toss! $800,000 in loose dimes spill onto highway in tractor-trailer accident, sparking 14-hour cleanup",Workers used shovels and brooms and shop vacs to painstakingly suck up the deluge of 10-cent pieces.,https://nypost.com/2025/05/01/us-news/800000-in-loose-dimes-spill-onto-texas-highway/,https://nypost.com/wp-content/uploads/sites/2/2025/05/103644820.jpg?quality=75&strip=all&w=1024,,"Brother, can you spare 8 million dimes?
A Texas highway was shut down all day after nearly $800,000 worth of dimes burst free after an 18-wheeler overturned around 5:30 a.m. Tuesday.
Video shows wo… [+1249 chars]",,"Münzwurf! 800.000 US-Dollar an losen Groschen verschütteten sich bei einem Traktor-Anhänger-Unfall auf der Autobahn und führten zu 14-stündigen Aufräumarbeiten. Arbeiter saugten mit Schaufeln, Besen und Staubsaugern mühsam die Flut von 10-Cent-Stücken auf.","Coin toss! $800,000 in loose dimes spill onto highway in tractor-trailer accident, sparking 14-hour cleanup. Workers used shovels and brooms and shop vacs to painstakingly suck up the deluge of 10-cent pieces.","Nummum iactant! $ 800.000 missis dimes in viam effundet in casu tractori-tralitoris, 14 horarum tersus scintillans. Laborantes scopas et scopas et scopas et tabernas vacs adhibebant ut diluvium 10-centum frusta sedulo exsugerent.",2026-01-07 21:55:04+00:00
2c7b72e68034f2a63e521c2be0823c45,2025-05-01T16:44:24Z,'floods',www.forbes.com,en,0.0,Eminem Fans Push Several Of His Biggest Albums Back To The Charts,"Eminem’s music floods the U.K. charts, as Curtain Call climbs and The Eminem Show and The Marshall Mathers LP return to the hip-hop tally.",https://www.forbes.com/sites/hughmcintyre/2025/05/01/eminem-fans-push-several-of-his-biggest-albums-back-to-the-charts/,"https://imageio.forbes.com/specials-images/imageserve/669a7e19560ee28e40f9ebb8/0x0.jpg?format=jpg&crop=3538,1991,x0,y0,safe&height=900&width=1600&fit=bounds",https://web.archive.org/web/20250501200112/https://www.forbes.com/sites/hughmcintyre/2025/05/01/eminem-fans-push-several-of-his-biggest-albums-back-to-the-charts/,"Eminems music floods the U.K. charts, as Curtain Call climbs and The Eminem Show and The Marshall ... More Mathers LP return to the hip-hop tally. INGLEWOOD, CALIFORNIA - FEBRUARY 13: Eminem performs… [+2989 chars]",,"Eminem-Fans bringen mehrere seiner größten Alben zurück in die Charts. Eminems Musik überschwemmt die britischen Charts, während „Curtain Call“ steigt und die LP „The Eminem Show“ und „The Marshall Mathers“ wieder in die Hip-Hop-Rangliste zurückkehren.","Eminem Fans Push Several Of His Biggest Albums Back To The Charts. Eminem’s music floods the U.K. charts, as Curtain Call climbs and The Eminem Show and The Marshall Mathers LP return to the hip-hop tally.","Eminem Fans Push Aliquot Eius Maximus Albums Back To The Charts. Eminem musica inundationes U.K. chartis, ut Curtain Call scandit et The Eminem Show et The Marshall Mathers LP ad tallia hip-hop.",2026-01-07 21:55:04+00:00
4ff9f2667ae03b00fd3bc3b313859d77,2025-05-01T16:53:01Z,'flooding storm',slashdot.org,en,0.0,Heavy Rains Cause Deadly Flooding In Oklahoma - The Weather Channel,"Heavy Rains Cause Deadly Flooding In OklahomaThe Weather Channel Fatal Storm Rips Through Oklahoma and Texas, Flooding RoadsThe New York Times 'We're just stuck': Blanchard residents stranded after floodwater washes away roadKOCO Oklahoma City roads and field…",https://slashdot.org/firehose.pl?op=view&amp;id=177239747,,,The Fine Print: The following comments are owned by whoever posted them. We are not responsible for them in any way.,,"Heftige Regenfälle verursachen tödliche Überschwemmungen in Oklahoma – The Weather Channel. Heftige Regenfälle verursachen tödliche Überschwemmungen in OklahomaThe Weather Channel Tödlicher Sturm fegt durch Oklahoma und Texas und überschwemmt StraßenDie New York Times „Wir stecken einfach fest“: Einwohner von Blanchard gestrandet, nachdem Hochwasser die Straße weggespült hatKOCO Straßen und Felder in Oklahoma City…","Heavy Rains Cause Deadly Flooding In Oklahoma - The Weather Channel. Heavy Rains Cause Deadly Flooding In OklahomaThe Weather Channel Fatal Storm Rips Through Oklahoma and Texas, Flooding RoadsThe New York Times 'We're just stuck': Blanchard residents stranded after floodwater washes away roadKOCO Oklahoma City roads and field…","Imbres graves causa inundatio in lacinia - Tempestas Channel. Imbres graves causa inundationis In lacinia Tempestas Channel Procella funesta Rips Per Oklahoma et Texas, inundatio viae The New York Times ""Iustus adhaesit"": Blanchard incolas destitutus postquam diluvium abluit roadKOCO Oklahoma urbem viae et campum…",2026-01-07 21:55:04+00:00
c1b26da1ab9f07084b5eac0fd2ad599e,2025-05-01T17:54:04Z,'deluge',sourcenm.com,en,0.0,WildEarth Guardians: Oil and gas spills in New Mexico amount to a “deluge”,"New Mexico oil and gas operators averaged a spill every seven hours in the beginning months of 2025, according to a recent report released by a local...",https://sourcenm.com/briefs/wildearth-guardians-oil-and-gas-spills-in-new-mexico-amount-to-a-deluge/,https://media.zenfs.com/en/source_new_mexico_articles_368/cd8e1c5e00a36d9a6f565f6a3036535a,https://web.archive.org/web/20250501181053/https://sourcenm.com/briefs/wildearth-guardians-oil-and-gas-spills-in-new-mexico-amount-to-a-deluge/,"The silhouette of a drill head, backlit by a vibrant sunset, is visible from Route 550 just outside Farmington, N.M., on Oct. 26, 2021. (Photo by Isabel Koyama / Howard Center for Investigative Journ… [+3743 chars]",,WildEarth Guardians: Öl- und Gasaustritte in New Mexico kommen einer „Überschwemmung“ gleich. Laut einem aktuellen Bericht einer örtlichen Behörde kam es in den ersten Monaten des Jahres 2025 bei Öl- und Gasbetreibern in New Mexico durchschnittlich alle sieben Stunden zu einem Ölaustritt.,"WildEarth Guardians: Oil and gas spills in New Mexico amount to a “deluge”. New Mexico oil and gas operators averaged a spill every seven hours in the beginning months of 2025, according to a recent report released by a local...","WildEarth Custodes: Oleum et gas in Novo Mexico redundat ad ""diluvium"". Novum Mexicum oleum et gasi operariorum fusuram singulis septem horis in initio mensis 2025 aestimaverunt, secundum recentem relationem a locali dimissam.",2026-01-07 21:55:04+00:00
a3c926c561c8daf1b42cffb16c1ebc8f,2025-05-01T20:08:38Z,'floods',crooksandliars.com,en,0.0,The 'Zone' Floods Back After They Flooded It,"For nearly eight years, I have regularly ridden my bicycle past a house that has faithfully flown a Trump flag, right underneath Old Glory, without interruption in all that time.
The flag has been refreshed over the years — from the original MAGA slogan, to “…",https://crooksandliars.com/2025/04/zone-floods-back-after-they-flooded-it,https://crooksandliars.com/files/primary_image/25/04/gettyimages-512717286.jpg,https://web.archive.org/web/20250501203100/https://crooksandliars.com/2025/04/zone-floods-back-after-they-flooded-it,"For nearly eight years, I have regularly ridden my bicycle past a house that has faithfully flown a Trump flag, right underneath Old Glory, without interruption in all that time.
The flag has been r… [+6542 chars]",,"Die „Zone“ wird wieder überschwemmt, nachdem sie überschwemmt wurde. Seit fast acht Jahren fahre ich regelmäßig mit dem Fahrrad an einem Haus vorbei, das genau unter Old Glory eine Trump-Flagge weht, und das ohne Unterbrechung.
Die Flagge wurde im Laufe der Jahre aktualisiert – vom ursprünglichen MAGA-Slogan bis hin zu „…“","The 'Zone' Floods Back After They Flooded It. For nearly eight years, I have regularly ridden my bicycle past a house that has faithfully flown a Trump flag, right underneath Old Glory, without interruption in all that time.
The flag has been refreshed over the years — from the original MAGA slogan, to “…","The 'Zone' inundationes Back postquam inundaverunt eam. Per octo fere annos birotam meam praeter domum regulariter equitavi, quae vexillum tubae fideliter volavit, sub Vetus Gloria recta, sine intermissione toto illo tempore.
Vexillum per annos refectum est — ab originali MAGA slogan ad “…",2026-01-07 21:55:04+00:00
341301eefe84eb3d1fd72ca6f9f4a36d,2025-05-01T21:15:57Z,'flooding',newrepublic.com,en,0.0,Trump Kills Program to Stop Literal Shit From Flooding People’s Homes,"The Trump administration has shut down a Biden-era program to end sewage backups into central Alabama homes, labeling the whole thing “illegal DEI.”
NBC News reports that Trump ended the $26 million effort to rebuild water infrastructure in Lowndes County, m…",https://newrepublic.com/post/194749/trump-ends-program-stop-shit-human-waste-flooding-homes-dei,https://images.newrepublic.com/e980ce9430fdc27905395130b1c2eee358a92b9f.jpeg?w=1200&h=630&crop=faces&fit=crop&fm=jpg,,"The move comes after Trumps first choice for the ambassadorship, Representative Elise Stefanik, withdrew her name from consideration after the Republican majority in the House of Representatives beca… [+1007 chars]",,"Trump Kills-Programm soll verhindern, dass die Häuser der Menschen buchstäblich mit Scheiße überschwemmt werden. Die Trump-Administration hat ein Programm aus der Biden-Ära zur Beendigung der Abwasserstaus in Häusern im Zentrum von Alabama eingestellt und das Ganze als „illegale DEI“ bezeichnet.
NBC News berichtet, dass Trump die 26-Millionen-Dollar-Bemühungen zum Wiederaufbau der Wasserinfrastruktur in Lowndes County, m..., beendet hat.","Trump Kills Program to Stop Literal Shit From Flooding People’s Homes. The Trump administration has shut down a Biden-era program to end sewage backups into central Alabama homes, labeling the whole thing “illegal DEI.”
NBC News reports that Trump ended the $26 million effort to rebuild water infrastructure in Lowndes County, m…","BUCINUM Occidit Programma ut Litterae Shit de Diluvio Populi Homes desinas. In administratione Trump a Biden-era rationem claudit ut tergum purgamentorum in domos medias Alabamae finiat, totam rem ""illegalem DEI"" labella.
NBC Nuntii nuntiat Trump finitum esse $26 miliones conatum ad aquam infrastructuram in Comitatu Lowndes reficere, m…",2026-01-07 21:55:04+00:00
0863aea873ae9957aa458e05302b6789,2025-05-02T00:39:38Z,'flooding',consent.yahoo.com,en,0.0,Bird's-Eye View Captures Extent of Flooding in Canterbury,,https://consent.yahoo.com/v2/collectConsent?sessionId=1_cc-session_1784a2fc-3870-4ca3-8247-1dcfebfbbeb7,,,"If you click 'Accept all', we and our partners, including 240 who are part of the IAB Transparency &amp; Consent Framework, will also store and/or access information on a device (in other words, use … [+702 chars]",,Die Vogelperspektive erfasst das Ausmaß der Überschwemmungen in Canterbury. Nan,Bird's-Eye View Captures Extent of Flooding in Canterbury. nan,Avis's-Eye View Captures extent of Flooding in Canterbury. nan,2026-01-07 21:55:04+00:00
29d1e2eb5e7edd7cf3d930c3821f4c2b,2025-05-02T04:13:05Z,'flooding',english.khabarhub.com,en,0.0,East-West Highway blocked after diversion swept away in Dumkibas,"NAWALPUR: Traffic along the Narayanghat-Butwal section of the East-West Highway has come to a halt after a diversion in Dumkibas was swept away by flooding. According to the District Police Office, the diversion—constructed to reroute traffic following the co…",https://english.khabarhub.com/2025/02/463329/,https://english.khabarhub.com/wp-content/uploads/2020/07/Flood-Dhanding-Prithivi-Highway.jpg,,"NAWALPUR: Traffic along the Narayanghat-Butwal section of the East-West Highway has come to a halt after a diversion in Dumkibas was swept away by flooding.
According to the District Police Office, … [+510 chars]",,"Ost-West-Autobahn blockiert, nachdem die Umleitung in Dumkibas weggeschwemmt wurde. NAWALPUR: Der Verkehr auf dem Abschnitt Narayanghat-Butwal der Ost-West-Autobahn ist zum Erliegen gekommen, nachdem eine Umleitung in Dumkibas durch Überschwemmungen hinweggeschwemmt wurde. Nach Angaben des Bezirkspolizeiamtes handelte es sich bei der Umleitung, die zur Umleitung des dem Co. folgenden Verkehrs dienen sollte, um …","East-West Highway blocked after diversion swept away in Dumkibas. NAWALPUR: Traffic along the Narayanghat-Butwal section of the East-West Highway has come to a halt after a diversion in Dumkibas was swept away by flooding. According to the District Police Office, the diversion—constructed to reroute traffic following the co…","East-Occidens via obstruxit post diversitatem in Dumkibas abreptam. NAWALPUR: Negotiatio per Sectionem Narayanghat-Butwal viarum orientalium-Occidentalium consistit post diversitatem Dumkibas in inundatione sternitur. Secundum Districtus Police officium, diversitas-constructum ad reroute negotiationis sequentem co…",2026-01-07 21:55:04+00:00
690612d62afe8d07c13accc3bf5a4550,2025-05-02T06:26:30Z,'floods',economictimes.indiatimes.com,en,0.0,New Zealand on the edge as central Canterbury floods cripple South Island,"The Selwyn district declared an emergency as New Zealand is facing a severe weather crisis with the central Canterbury floods. Wellington experienced strong winds, disrupting transport. Auckland faced thunderstorms, causing power outages. Roads were closed in…",https://economictimes.indiatimes.com/news/international/new-zealand/new-zealand-on-the-edge-as-central-canterbury-floods-cripple-south-island/articleshow/120813682.cms,"https://img.etimg.com/thumb/msid-120814359,width-1200,height-630,imgsize-138724,overlay-economictimes/articleshow.jpg",,New Zealand is grappling with the aftermath of severe weather events that have caused widespread disruptions and devastation across the country. From central Canterbury flooding to powerful winds in … [+5271 chars],,"Neuseeland am Abgrund, da Überschwemmungen im Zentrum von Canterbury die Südinsel lahmlegen. Der Bezirk Selwyn hat den Notstand ausgerufen, da Neuseeland mit den Überschwemmungen im Zentrum von Canterbury mit einer Unwetterkrise konfrontiert ist. Wellington erlebte starke Winde, die den Transport störten. In Auckland kam es zu Gewittern, die zu Stromausfällen führten. Straßen wurden gesperrt in…","New Zealand on the edge as central Canterbury floods cripple South Island. The Selwyn district declared an emergency as New Zealand is facing a severe weather crisis with the central Canterbury floods. Wellington experienced strong winds, disrupting transport. Auckland faced thunderstorms, causing power outages. Roads were closed in…",Nova Zelandia in ora centrali Cantua- riensis Islandiae meridionalis clauduntur. In regione Selwyn tumultum declaratum est quod Nova Zelandia contra gravem tempestatem discriminis centralis Cantuariensis inundat. Wellington periti ventos fortes onerariis perturbantes. Auckland versisque tonitribus vim outages causantes. Viae clausae sunt in…,2026-01-07 21:55:04+00:00
3deb380d67b6cd91100ee78c4589c7c1,2025-05-02T12:27:05Z,'floods',statetimes.in,en,0.0,"Heavy rain triggers mudslides in Ramban, Jammu-Srinagar NH closed","RAMBAN/JAMMU: The Jammu-Srinagar National Highway was closed after cloudburst-induced heavy rain triggered mudslides in Jammu and Kashmir’s Ramban district on Friday, a traffic police officer said. The heavy rain triggered flash floods in the Chenab river, pr…",https://statetimes.in/heavy-rain-triggers-mudslides-in-ramban-jammu-srinagar-nh-closed/,https://statetimes.in/wp-content/uploads/2025/05/Jammu-Srinagar-Highway-2.jpeg,https://web.archive.org/web/20250503033843/https://statetimes.in/heavy-rain-triggers-mudslides-in-ramban-jammu-srinagar-nh-closed/,"RAMBAN/JAMMU: The Jammu-Srinagar National Highway was closed after cloudburst-induced heavy rain triggered mudslides in Jammu and Kashmir’s Ramban district on Friday, a traffic police officer said.
… [+1455 chars]",,"Starker Regen löst Schlammlawinen in Ramban, Jammu-Srinagar, NH, aus. RAMBAN/JAMMU: Die Nationalstraße Jammu-Srinagar wurde gesperrt, nachdem durch Wolkenbrüche verursachter starker Regen am Freitag im Ramban-Bezirk von Jammu und Kashmir Schlammlawinen ausgelöst hatte, sagte ein Verkehrspolizist. Der starke Regen löste Sturzfluten im Chenab-Fluss aus, pr…","Heavy rain triggers mudslides in Ramban, Jammu-Srinagar NH closed. RAMBAN/JAMMU: The Jammu-Srinagar National Highway was closed after cloudburst-induced heavy rain triggered mudslides in Jammu and Kashmir’s Ramban district on Friday, a traffic police officer said. The heavy rain triggered flash floods in the Chenab river, pr…","Pluviae graves turbae in Ramban, Jammu-Srinagar NH clauduntur. RAMBAN/JAMMU: The Jammu-Srinagar National Highway clausa est postquam nebulosus inductus pluviae graves turbatae sunt in regione Jammu et Kashmir Ramban die Veneris, praefectus vigilum dixit. Imber gravis inundationes in Chenab flumine Urguet, pr...",2026-01-07 21:55:04+00:00
b15453b9b595b04ef3c93f7f23301f39,2025-05-02T12:43:00Z,'floods',www.thestar.com.my,en,0.0,Sabah floods: 272 individuals evacuated in Sook,KOTA KINABALU: A total of 272 individuals from 87 families were evacuated at 8pm on Friday (May 2) due to the flood disaster in Sook. Read full story,https://www.thestar.com.my/news/nation/2025/05/02/sabah-floods-272-individuals-evacuated-in-sook,https://apicms.thestar.com.my/uploads/images/2025/05/02/3295925.jpg,https://web.archive.org/web/20250502131306/https://www.thestar.com.my/news/nation/2025/05/02/sabah-floods-272-individuals-evacuated-in-sook,"KOTA KINABALU: A total of 272 individuals from 87 families were evacuated at 8pm on Friday (May 2) due to the flood disaster in Sook.
The Sabah State Disaster Management Committee Secretariat report… [+437 chars]",,Überschwemmungen in Sabah: 272 Personen in Sook evakuiert. KOTA KINABALU: Aufgrund der Flutkatastrophe in Sook wurden am Freitag (2. Mai) um 20 Uhr insgesamt 272 Personen aus 87 Familien evakuiert. Lesen Sie die ganze Geschichte,Sabah floods: 272 individuals evacuated in Sook. KOTA KINABALU: A total of 272 individuals from 87 families were evacuated at 8pm on Friday (May 2) due to the flood disaster in Sook. Read full story,Sabah inundationes: 272 hominum uacua in Sook. KOTA KINABALU: Summa 272 hominum e LXXXVII familiarum VIII post meridiem die Veneris (II Maii) ob diluvium cladis in Sook excessum est. Read full story,2026-01-07 21:55:04+00:00
a5444f6d1a4a3723946730ec2d93d5bc,2025-05-02T14:09:41Z,'flooding rain',www.statesman.com,en,0.0,Intense thunderstorms to hit Texas Friday ahead of looming omega block weather pattern,"""Intense"" thunderstorms roll into Texas Friday. An omega block is likely to bring flooding risks and low temperatures over the next several days.",https://www.statesman.com/story/weather/severe/2025/05/02/what-is-omega-block-texas-weather-thunderstorms-friday-flooding-severe-cooler-temperatures/83405492007/,https://s.yimg.com/ny/api/res/1.2/J_xNkd5.YsCfh09zvkqeFg--/YXBwaWQ9aGlnaGxhbmRlcjt3PTEyMDA7aD02NzU-/https://media.zenfs.com/en/austin_american_statesman_natl_articles_871/6c33b44b5626e8b4aad196dc43d37cf0,https://web.archive.org/web/20250502152624/https://www.statesman.com/story/weather/severe/2025/05/02/what-is-omega-block-texas-weather-thunderstorms-friday-flooding-severe-cooler-temperatures/83405492007/,"A weather pattern stretching across the U.S. is expected to bring heavy rain and ""upside down temperatures"" to much of the country. It will also trigger severe thunderstorms in Texas.
The pattern is… [+3556 chars]",,"Heftige Gewitter werden am Freitag Texas treffen, bevor sich ein Omega-Block-Wettermuster abzeichnet. „Heftige“ Gewitter rollen am Freitag über Texas hinweg. Ein Omega-Block wird in den nächsten Tagen wahrscheinlich Überschwemmungsrisiken und niedrige Temperaturen mit sich bringen.","Intense thunderstorms to hit Texas Friday ahead of looming omega block weather pattern. ""Intense"" thunderstorms roll into Texas Friday. An omega block is likely to bring flooding risks and low temperatures over the next several days.","Tonitruum vehemens est ut Texas ferias Veneris ante omega tempestas exemplaria tempestatum circumspiciat. ""Impensa"" tonitrua in Texas Veneris volvunt. Truncus omega est verisimile pericula inundationes et temperaturas humiles in proximos aliquot dies afferre.",2026-01-07 21:55:04+00:00
e45c7e8768af0cb9a95456af4370a55f,2025-05-02T15:18:02Z,'flooding',phys.org,en,0.0,How will 13 million farmers fight back against sea level rise?,"Researchers from the Institute for Environmental Sciences (IVM) at Vrije Universiteit Amsterdam have unveiled DYNAMO-M, a global agent-based model that projects how farmers across the world's coasts may respond to the growing threat of coastal flooding and sa…",https://phys.org/news/2025-05-million-farmers-sea.html,https://scx2.b-cdn.net/gfx/news/hires/2025/flooded-farmland.jpg,https://web.archive.org/web/20250502160634/https://phys.org/news/2025-05-million-farmers-sea.html,"Researchers from the Institute for Environmental Sciences (IVM) at Vrije Universiteit Amsterdam have unveiled DYNAMO-M, a global agent-based model that projects how farmers across the world's coasts … [+2678 chars]",,"Wie werden sich 13 Millionen Landwirte gegen den Anstieg des Meeresspiegels wehren? Forscher des Instituts für Umweltwissenschaften (IVM) der Vrije Universiteit Amsterdam haben DYNAMO-M vorgestellt, ein globales agentenbasiertes Modell, das projiziert, wie Landwirte an den Küsten der Welt auf die wachsende Bedrohung durch Küstenüberschwemmungen und Saatgut reagieren könnten.","How will 13 million farmers fight back against sea level rise?. Researchers from the Institute for Environmental Sciences (IVM) at Vrije Universiteit Amsterdam have unveiled DYNAMO-M, a global agent-based model that projects how farmers across the world's coasts may respond to the growing threat of coastal flooding and sa…","Quomodo XIII miliones agricolae contra planum maris regredi poterunt? Investigatores ab Instituto scientiarum Environmentalium apud Vrije Universiteit Amstelodami DYNAMO-M revelaverunt, exemplar agentis globalis fundatum, quod operantur quomodo agricolae per oras mundi respondeant crescenti comminationi inundationis maritimae et sa…",2026-01-07 21:55:04+00:00
d4ea319638e7394233a4bbb4ca282dfc,2025-05-02T16:50:31Z,'flooding',economictimes.indiatimes.com,en,0.0,"Earthquake may hit California, Washington, could sink Pacific Northwest region, claims study","A major earthquake may strike the Pacific Northwest region resulting in sinking the coastal land by almost seven feet, forcing people to face severe flooding in the area, as per a recent study. The lead author suggests the disaster could be ""on the scale of"" …",https://economictimes.indiatimes.com/news/international/us/earthquake-may-hit-california-washington-could-sink-pacific-northwest-region-claims-study/articleshow/120830104.cms,"https://img.etimg.com/thumb/msid-120830125,width-1200,height-630,imgsize-11988,overlay-economictimes/articleshow.jpg",,"A recent research study has warned that the next major earthquake in the Pacific Northwest region might end up sinking the coastal land by nearly seven feet. Northern parts of California and Oregon, … [+2899 chars]",,"Laut Studie könnte ein Erdbeben Kalifornien und Washington erschüttern und die Region im pazifischen Nordwesten versinken lassen. Laut einer aktuellen Studie könnte ein schweres Erdbeben die pazifische Nordwestregion erschüttern und dazu führen, dass das Küstenland um fast zwei Meter absinkt und die Menschen in der Region mit schweren Überschwemmungen konfrontiert werden. Der Hauptautor geht davon aus, dass die Katastrophe „das Ausmaß von“ haben könnte …","Earthquake may hit California, Washington, could sink Pacific Northwest region, claims study. A major earthquake may strike the Pacific Northwest region resulting in sinking the coastal land by almost seven feet, forcing people to face severe flooding in the area, as per a recent study. The lead author suggests the disaster could be ""on the scale of"" …","Terrae motus Californiae, Washingtoniae, Pacifici Northwest regionis subsidere potuit, studium vindicat. Maior terrae motus terram Pacificum Northwest consequi potest deprimendo terram maritimam a septem fere pedibus, cogens homines ad gravem inundationem in area obvenire, sicut per recentem studium. Plumbum auctor innuit calamitatem esse posse ""in scala"" ...",2026-01-07 21:55:04+00:00
efe7976b680ef0e57b1dcedde26c247b,2025-05-02T19:10:01Z,'flooding',www.memeorandum.com,en,0.0,Trump officials gut 25 centers that monitor flooding and drought in the US (Tom Perkins/The Guardian),"Tom Perkins / The Guardian:
Trump officials gut 25 centers that monitor flooding and drought in the US  —  White House orders closure of USGS water science centers, which shares data with weather service for flood warnings  —  The Trump administration has ord…",https://www.memeorandum.com/250502/p104,https://i.guim.co.uk/img/media/3ef0037323f40b52d40cb65056e5c762df79c4f4/105_0_3139_1884/master/3139.jpg?width=300&dpr=2&s=none,https://web.archive.org/web/20250503043511/https://www.memeorandum.com/250502/p104,"memeorandum is an auto-generated summary of the stories that US political commentators are discussing online right now.
Unlike sister sites Techmeme and Mediagazer, it is not a human-edited news out… [+72 chars]",,"Trump-Beamte zerstören 25 Zentren, die Überschwemmungen und Dürren in den USA überwachen (Tom Perkins/The Guardian). Tom Perkins / The Guardian:
Trump-Beamte entkernen 25 Zentren, die Überschwemmungen und Dürren in den USA überwachen. – Das Weiße Haus ordnet die Schließung von USGS-Wasserwissenschaftszentren an, die Daten mit dem Wetterdienst für Überschwemmungswarnungen teilen. – Die Trump-Regierung hat angeordnet …","Trump officials gut 25 centers that monitor flooding and drought in the US (Tom Perkins/The Guardian). Tom Perkins / The Guardian:
Trump officials gut 25 centers that monitor flooding and drought in the US  —  White House orders closure of USGS water science centers, which shares data with weather service for flood warnings  —  The Trump administration has ord…","Trump magistratus exinterare 25 centra quae monitorem inundationem et siccitatem in US (Tom Perkins/The Guardian). Tom Perkins / Custos:
BUCINUM magistratus exinterare 25 centra quae monitor inundationem et siccitatem in US  -  Domum Albam claudendam iubet centra scientiarum USGS aquarum, quae notitias cum servitio tempestatis ad monitiones inundationes communicat  —  BUCINUM administratio habet ord…",2026-01-07 21:55:04+00:00
cc11013cfaa986be1654e2b37682f98f,2025-05-02T22:08:37Z,'floods',www.fox6now.com,en,0.0,Wisconsin fire truck donated to flood-ravaged Kentucky community,A fire truck from Cedar Grove is being donated to a community in Kentucky that has been ravaged by floods.,https://www.fox6now.com/news/wisconsin-fire-truck-donated-flood-ravaged-kentucky-community,https://images.foxtv.com/static.fox6now.com/www.fox6now.com/content/uploads/2025/05/1280/720/5p-fire-truck-to-kentucky-pkg_witi36a0_186_mp4_00.01.43.16.jpg?ve=1&tl=1,,"CEDAR GROVE, Wis. - A fire truck left Wisconsin on Friday, May 2, headed for Kentucky. It is a potentially life-saving donation for a flood-ravaged community. 
Disaster relief from Wisconsin
What w… [+2164 chars]",,"Wisconsin-Feuerwehrauto wurde an die von Überschwemmungen verwüstete Gemeinde in Kentucky gespendet. Ein Feuerwehrauto aus Cedar Grove wird einer Gemeinde in Kentucky gespendet, die von Überschwemmungen heimgesucht wurde.",Wisconsin fire truck donated to flood-ravaged Kentucky community. A fire truck from Cedar Grove is being donated to a community in Kentucky that has been ravaged by floods.,"Wisconsin incendium extulit donata communitati Kentucky inundationi depopulatae. Salsissimus ignis a Cedar Grove donatus est communitati in Kentucky, quae diluviis vastata est.",2026-01-07 21:55:04+00:00
25de61a4fdeba08528a949e5d8fe5255,2025-05-02T22:33:57Z,'flooding rain',nypost.com,en,0.0,Northeast faces another soggy weekend as stalled storm threatens rain for days,This system was also responsible for the severe weather and flooding in the central U.S. earlier this week.,https://nypost.com/2025/05/02/us-news/northeast-faces-another-soggy-weekend-as-stalled-storm-threatens-rain-for-days/,https://nypost.com/wp-content/uploads/sites/2/2025/05/103722331.jpg?quality=75&strip=all&w=1024,https://web.archive.org/web/20250502230148/https://nypost.com/2025/05/02/us-news/northeast-faces-another-soggy-weekend-as-stalled-storm-threatens-rain-for-days/,"NEW YORK If the weekend forecast in the Northeast sounds familiar, thats because it is. More rain and thunderstorms are expected across the region, marking the sixth out of the past seven weekends th… [+3098 chars]",,"Dem Nordosten steht ein weiteres feuchtes Wochenende bevor, da ein festgefahrener Sturm tagelang mit Regen zu rechnen droht. Dieses System war auch für das Unwetter und die Überschwemmungen im Zentrum der USA Anfang dieser Woche verantwortlich.",Northeast faces another soggy weekend as stalled storm threatens rain for days. This system was also responsible for the severe weather and flooding in the central U.S. earlier this week.,Orientem brumalem alium volutpat vestibulum TRACTUOSUS spectat sicut tempestas stabulantur pluviam diebus minatur. Haec ratio etiam graves tempestates et inundationes in US centrali hac septimana anterius responsabilis fuit.,2026-01-07 21:55:04+00:00
7b5274a6be8553f4f06997efc7e789b7,2025-05-03T01:18:00Z,'floods',www.thestar.com.my,en,0.0,Floods: Number of evacuees in Sabah's Sook rises to 392,"KOTA KINABALU: The number of flood victims in Sook rose to 392 people from 126 families as of 8am Saturday (May 3), compared to 272 people from 87 families recorded at 8pm Friday (May 2). Read full story",https://www.thestar.com.my/news/nation/2025/05/03/floods-number-of-evacuees-in-sabah039s-sook-rises-to-392,https://apicms.thestar.com.my/uploads/images/2025/05/03/3296576.jpg,https://web.archive.org/web/20250503021405/https://www.thestar.com.my/news/nation/2025/05/03/floods-number-of-evacuees-in-sabah039s-sook-rises-to-392,"KOTA KINABALU: The number of flood victims in Sook rose to 392 people from 126 families as of 8am Saturday (May 3), compared to 272 people from 87 families recorded at 8pm Friday (May 2).
The State … [+520 chars]",,"Überschwemmungen: Die Zahl der Evakuierten in Sabahs Sook steigt auf 392. KOTA KINABALU: Die Zahl der Flutopfer in Sook stieg am Samstag (3. Mai) um 8 Uhr morgens auf 392 Menschen aus 126 Familien, verglichen mit 272 Menschen aus 87 Familien, die am Freitag (2. Mai) um 20 Uhr registriert wurden. Lesen Sie die ganze Geschichte","Floods: Number of evacuees in Sabah's Sook rises to 392. KOTA KINABALU: The number of flood victims in Sook rose to 392 people from 126 families as of 8am Saturday (May 3), compared to 272 people from 87 families recorded at 8pm Friday (May 2). Read full story","Diluvia: Numerus evacuorum in Sook Sabah ad 392. KOTA KINABALU: Numerus victimarum inundationum in Sook orta est 392 homines e 126 familiis sicut 8am Sabbati (maii 3), comparati 272 homines e 87 familiis ad 8pm Veneris (die Maii 2). Read full story",2026-01-07 21:55:04+00:00
90aede6caa7b03bd0f2db1b71e306fc3,2025-05-03T09:46:00Z,'floods',www.thestar.com.my,en,0.0,"Floods: Number of victims in Sabah rises to 1,243","KOTA KINABALU: The number of flood victims in Sabah surged to 1,243 individuals from 375 families as of 4pm on Saturday (May 3), compared to 392 people from 126 families at 8am. Read full story",https://www.thestar.com.my/news/nation/2025/05/03/floods-number-of-victims-in-sabah-rises-to-1243,https://apicms.thestar.com.my/uploads/images/2025/05/03/3296953.jpg,https://web.archive.org/web/20250503104036/https://www.thestar.com.my/news/nation/2025/05/03/floods-number-of-victims-in-sabah-rises-to-1243,"KOTA KINABALU: The number of flood victims in Sabah surged to 1,243 individuals from 375 families as of 4pm on Saturday (May 3), compared to 392 people from 126 families at 8am.
The Sabah State Disa… [+993 chars]",,"Überschwemmungen: Zahl der Opfer in Sabah steigt auf 1.243. KOTA KINABALU: Die Zahl der Flutopfer in Sabah stieg am Samstag (3. Mai) um 16 Uhr auf 1.243 Personen aus 375 Familien, verglichen mit 392 Personen aus 126 Familien um 8 Uhr morgens. Lesen Sie die ganze Geschichte","Floods: Number of victims in Sabah rises to 1,243. KOTA KINABALU: The number of flood victims in Sabah surged to 1,243 individuals from 375 families as of 4pm on Saturday (May 3), compared to 392 people from 126 families at 8am. Read full story","Inundationes: Numerus victimarum in Sabah surgit ad 1,243. KOTA KINABALU: Numerus victimarum inundationis in Sabah se ad 1,243 singulos e 375 familiis sicut 4pm die Sabbati (die Maii 3) comparatus est 392 homines e 126 familiis ad 8am. Read full story",2026-01-07 21:55:04+00:00
bee7a4171160029d44839536e4e55b15,2025-05-03T13:07:54Z,'flooding',nypost.com,en,0.0,"Heavy rain, flash flooding expected to douse NYC for days — making for another wet boro bike tour",Start building your ark.,https://nypost.com/2025/05/03/us-news/heavy-rain-flash-flooding-expected-to-douse-nyc-for-days/,https://nypost.com/wp-content/uploads/sites/2/2025/05/138-street-bronx-heading-toward-103754356.jpg?quality=75&strip=all&w=1024,https://web.archive.org/web/20250503132923/https://nypost.com/2025/05/03/us-news/heavy-rain-flash-flooding-expected-to-douse-nyc-for-days/,"Start building your ark.
Buckets of rain are forecast to pour over New York City for four consecutive days starting Saturday night — likely making NYC’s 5 Boro Bike Tour riders’ fears of yet another… [+2230 chars]",,Heftiger Regen und Sturzfluten werden NYC voraussichtlich tagelang überschwemmen – was zu einer weiteren nassen Boro-Radtour führt. Beginnen Sie mit dem Bau Ihrer Arche.,"Heavy rain, flash flooding expected to douse NYC for days — making for another wet boro bike tour. Start building your ark.","Imbribus gravis, mico inundatio exspectatur ad douse NYC per dies — faciens pro alio udo boro cursoriam pretium. Arcam tuam aedificare incipit.",2026-01-07 21:55:04+00:00
ce3dfa214c0d0bf503fa741eb171369d,2025-05-03T14:12:00Z,'floods',www.cbsnews.com,en,0.0,Nation's oldest distillery works to recover from historic Kentucky floods,"Historic flooding in Kentucky killed seven people last month, and 30 counties are seeking disaster assistance. The flooding also impacted the state's signature bourbon industry. Restoration efforts are underway at America's oldest distillery.",https://www.cbsnews.com/video/nations-oldest-distillery-works-to-recover-from-historic-kentucky-floods/,https://assets2.cbsnewsstatic.com/hub/i/r/2025/05/03/36a02276-bf50-477b-9d08-71c07667a6e4/thumbnail/1200x630/38685f16109f787aad55fae7c200f262/0503-satmo-sganga.jpg?v=7c5acc180b39394767372ab4e02619ce,https://web.archive.org/web/20250503150907/https://www.cbsnews.com/video/nations-oldest-distillery-works-to-recover-from-historic-kentucky-floods/,Copyright ©2025 CBS Interactive Inc. All rights reserved.,,"Die älteste Brennerei des Landes versucht, sich von den historischen Überschwemmungen in Kentucky zu erholen. Bei den historischen Überschwemmungen in Kentucky kamen letzten Monat sieben Menschen ums Leben, und 30 Bezirke suchen nach Katastrophenhilfe. Die Überschwemmung wirkte sich auch auf die charakteristische Bourbon-Industrie des Staates aus. In der ältesten Brennerei Amerikas sind derzeit Restaurierungsarbeiten im Gange.","Nation's oldest distillery works to recover from historic Kentucky floods. Historic flooding in Kentucky killed seven people last month, and 30 counties are seeking disaster assistance. The flooding also impacted the state's signature bourbon industry. Restoration efforts are underway at America's oldest distillery.",Vetustissima distilleria Nationis opera ex historicis inundationibus Kentucky recuperare possunt. Historic inundatio in Kentucky septem homines proximo mense necavit et 30 comitatus calamitatis subsidia quaerunt. Inundatio etiam borbon industriae subscriptionem publicam impacta est. Reparatio nisus comparata in distillario Americae vetustissimae sunt.,2026-01-07 21:55:04+00:00
b9876c9d6dbf550bf40af67a968e6936,2025-05-03T18:58:15Z,'flooding precipitation',www.cbc.ca,en,0.0,Communities along the Ottawa River brace for spring flooding,"People living near the Ottawa River are being cautioned about higher water levels this weekend, with several conservation authorities issuing flood warnings — although it likely won't be as bad as the devastating spring floods of 2017 or 2019.",https://www.cbc.ca/news/canada/ottawa/communities-along-the-ottawa-river-brace-for-spring-flooding-1.7523582,https://i.cbc.ca/1.5143941.1746229354!/fileImage/httpImage/image.JPG_gen/derivatives/16x9_1180/gerry-blyth.JPG?im=Resize%3D620,,"People living near the Ottawa River are being cautioned about higher water levels this weekend, with several conservation authorities issuing flood warnings.
Authorities that monitor the river say t… [+2881 chars]",,"Gemeinden entlang des Ottawa River bereiten sich auf Überschwemmungen im Frühjahr vor. Menschen, die in der Nähe des Ottawa River leben, werden an diesem Wochenende vor höheren Wasserständen gewarnt, und mehrere Naturschutzbehörden geben Hochwasserwarnungen heraus – obwohl es wahrscheinlich nicht so schlimm sein wird wie die verheerenden Frühjahrsüberschwemmungen von 2017 oder 2019.","Communities along the Ottawa River brace for spring flooding. People living near the Ottawa River are being cautioned about higher water levels this weekend, with several conservation authorities issuing flood warnings — although it likely won't be as bad as the devastating spring floods of 2017 or 2019.","Communitates per flumen Ottawa ue ad inundationem fontis. Homines prope flumen Ottawa habitantes de alioribus aquis huius auctoris volutpat caventur, cum pluribus auctoritatibus conservandis monitis diluvii prodentibus – licet verisimile non erit tam dissimiles esse quam vastatores fontium inundationes 2017 vel 2019 .",2026-01-07 21:55:04+00:00
b9f0208fc2eddf81ff4a6ce624620418,2025-05-03T22:50:00Z,'flooding disaster',www.cbsnews.com,en,0.0,"Kentucky distillery defies historic flooding and reopens for ""Derby Week""","Saturday is the 151st Kentucky Derby. While the race is legendary, so too is the state's bourbon. Nicole Sganga shows how one distillery hit by disaster has beat the odds and reopened.",https://www.cbsnews.com/video/kentucky-distillery-defies-historic-flooding-reopens-derby-week/,https://assets1.cbsnewsstatic.com/hub/i/r/2025/05/03/846b8db5-3968-4a9d-be2d-8732aebd085b/thumbnail/1200x630/e6c02eba5e44ec2e97df9b591e5d86c4/screenshot-2025-05-03-at-7-34-26-pm.png?v=7c5acc180b39394767372ab4e02619ce,https://web.archive.org/web/20250504001712/https://www.cbsnews.com/video/kentucky-distillery-defies-historic-flooding-reopens-derby-week/,Copyright ©2025 CBS Interactive Inc. All rights reserved.,,"Brennerei in Kentucky trotzt historischer Überschwemmung und öffnet zur „Derby Week“ wieder. Am Samstag findet das 151. Kentucky Derby statt. Während das Rennen legendär ist, ist es auch der Bourbon des Staates. Nicole Sganga zeigt, wie eine von einer Katastrophe betroffene Brennerei trotz aller Widrigkeiten wiedereröffnet wurde.","Kentucky distillery defies historic flooding and reopens for ""Derby Week"". Saturday is the 151st Kentucky Derby. While the race is legendary, so too is the state's bourbon. Nicole Sganga shows how one distillery hit by disaster has beat the odds and reopened.","Kentucky distillationis historicam inundationem respuit et ""Derby Hebdomadae"" reserat. Saturni 151st Kentucky Derby. Dum genus est fabulosum, sic etiam est status borbon. Nicole Sganga ostendit quomodo unum distillarium calamitate percussum dissident et rescissavit.",2026-01-07 21:55:04+00:00
1945aa5351f20286ab903567601c5e07,2025-05-03T22:56:07Z,'deluge',screenrant.com,en,0.0,"Assassin’s Creed Multiplayer Game Inspired By Fall Guys Among Deluge Of New Games In Coming Years, According To Report","Assassin’s Creed reportedly has a whopping nine games in development, including a multiplayer title that draws inspiration from Fall Guys.",https://screenrant.com/assassins-creed-multiplayer-game-fall-guys/,https://static1.srcdn.com/wordpress/wp-content/uploads/2025/04/pics-60.jpg,https://web.archive.org/web/20250504035559/https://screenrant.com/assassins-creed-multiplayer-game-fall-guys/,"This article covers a developing story. Continue to check back with us as we will be adding more information as it becomes available.
Ubisoft reportedly has bold ambitions for Assassin's Creed over … [+2422 chars]",,"Berichten zufolge wird das von Fall Guys inspirierte Multiplayer-Spiel Assassin’s Creed in den kommenden Jahren zu einer Flut neuer Spiele werden. Berichten zufolge befinden sich für Assassin’s Creed satte neun Spiele in der Entwicklung, darunter ein Multiplayer-Titel, der von Fall Guys inspiriert ist.","Assassin’s Creed Multiplayer Game Inspired By Fall Guys Among Deluge Of New Games In Coming Years, According To Report. Assassin’s Creed reportedly has a whopping nine games in development, including a multiplayer title that draws inspiration from Fall Guys.","Creed Multiplayer Ludus Assassini inspiratus Fall Guys Inter Deluge Of New Ludi In Coming Years, Secundum Nuntiare. Fidem Assassini parem habet qui novem ludos in evolutione habet, in iis titulus pluribus lusoribus qui inspirationem de Fall Guys haurit.",2026-01-07 21:55:04+00:00
933cb825ea8651aa495c32a47c980f6d,2025-05-03T23:59:01Z,'floods',www.cbsnews.com,en,0.0,America's oldest-running distillery reopens after historic floods,"Buffalo Trace Distillery in Frankfurt, Kentucky, ground to a halt last month when the nearby Kentucky River rose to over 48 feet.",https://www.cbsnews.com/news/distillery-reeling-historic-floods-reopens-kentucky-derby-buffalo-trace/,https://assets1.cbsnewsstatic.com/hub/i/r/2025/05/03/7ab33d3d-72bb-4b8d-b85a-826da25504d9/thumbnail/1200x630/c59ed91f7d80377b65888f3ee8d9fbe9/1746316535906.png?v=7c5acc180b39394767372ab4e02619ce,https://web.archive.org/web/20250504005028/https://www.cbsnews.com/news/distillery-reeling-historic-floods-reopens-kentucky-derby-buffalo-trace/,"Frankfort, Kentucky — For more than two centuries, the Buffalo Trace Distillery in Frankfurt, Kentucky, has bottled up scores of spirits on its 400-acre campus.
But America's oldest-running distille… [+1798 chars]",,"Amerikas älteste Brennerei wird nach historischen Überschwemmungen wiedereröffnet. Die Buffalo Trace Distillery in Frankfurt, Kentucky, kam letzten Monat zum Stillstand, als der nahegelegene Kentucky River auf über 48 Fuß anstieg.","America's oldest-running distillery reopens after historic floods. Buffalo Trace Distillery in Frankfurt, Kentucky, ground to a halt last month when the nearby Kentucky River rose to over 48 feet.","Americae vetustissimae distillationis post inundationes historicas renovat. Buffalo Trace Distillery in Frankfurt, Kentucky, terram ultimo mense sistere, cum flumen prope Kentucky super 48 pedes ascendit.",2026-01-07 21:55:04+00:00
412726093e9419ae25d01d8c70ec9fc2,2025-05-04T01:30:21Z,'flooding',www.ibtimes.com,en,0.0,US Researchers Seek To Legitimize AI Mental Health Care,"Researchers at Dartmouth College believe artificial intelligence can deliver reliable psychotherapy, distinguishing their work from the unproven and sometimes dubious mental health apps flooding today's market.",https://www.ibtimes.com/us-researchers-seek-legitimize-ai-mental-health-care-3772399,https://d.ibtimes.com/en/full/4598560/researchers-dartmouth-college-seen-here-believe-they-have-developed-reliable-ai-driven-app.jpg,https://web.archive.org/web/20250505021111/https://www.ibtimes.com/us-researchers-seek-legitimize-ai-mental-health-care-3772399,"Researchers at Dartmouth College believe artificial intelligence can deliver reliable psychotherapy, distinguishing their work from the unproven and sometimes dubious mental health apps flooding toda… [+4074 chars]",,"US-Forscher wollen die psychische Gesundheitsversorgung durch KI legitimieren. Forscher am Dartmouth College glauben, dass künstliche Intelligenz zuverlässige Psychotherapie liefern kann, was ihre Arbeit von den unbewiesenen und manchmal zweifelhaften Apps für psychische Gesundheit unterscheidet, die den heutigen Markt überschwemmen.","US Researchers Seek To Legitimize AI Mental Health Care. Researchers at Dartmouth College believe artificial intelligence can deliver reliable psychotherapy, distinguishing their work from the unproven and sometimes dubious mental health apps flooding today's market.","US Investigatores quaerite Legitimare AI Aliquam Tutela. Investigatores apud Dartmouth Collegium credunt intelligentiam artificialem certam psychotherapiam liberare posse, distinguentes opus suum a probatis et interdum dubiae mentis apps inundationem hodierni mercati.",2026-01-07 21:55:04+00:00
778971ac892236b940ca80b35ee8dec4,2025-05-04T01:32:49Z,'flooding',www.digitaljournal.com,en,0.0,US researchers seek to legitimize AI mental health care,"Researchers at Dartmouth College believe artificial intelligence can deliver reliable psychotherapy, distinguishing their work from the unproven and sometimes dubious mental health apps flooding today’s market. Their application, Therabot, addresses the criti…",https://www.digitaljournal.com/world/us-researchers-seek-to-legitimize-ai-mental-health-care/article,https://www.digitaljournal.com/wp-content/uploads/2025/05/b33c19ff820983151637c2548034c69bdf200239.jpg,https://web.archive.org/web/20250504020013/https://www.digitaljournal.com/world/us-researchers-seek-to-legitimize-ai-mental-health-care/article,"Researchers at Dartmouth College, seen here, believe they have developed a reliable AI-driven app to deliver psychotherapy, addressing a critical need for mental health care - Copyright GETTY IMAGES … [+4362 chars]",,"US-Forscher wollen die psychische Gesundheitsversorgung durch KI legitimieren. Forscher am Dartmouth College glauben, dass künstliche Intelligenz eine zuverlässige Psychotherapie ermöglichen kann, was ihre Arbeit von den unbewiesenen und manchmal zweifelhaften Apps für psychische Gesundheit unterscheidet, die heute den Markt überschwemmen. Ihre Anwendung, Therabot, geht auf die Kritik ein …","US researchers seek to legitimize AI mental health care. Researchers at Dartmouth College believe artificial intelligence can deliver reliable psychotherapy, distinguishing their work from the unproven and sometimes dubious mental health apps flooding today’s market. Their application, Therabot, addresses the criti…","Investigatores US quaerunt curam mentis AI statuere. Investigatores in Collegio Dartmouth credere possunt intelligentiam artificialem certissimam psychotherapiam eripere, distinguentes opera sua a probatis et interdum dubiae mentis apps inundationem hodierni mercati. Eorum applicationem, Therabot, criti alloquitur…",2026-01-07 21:55:04+00:00
10a68d763ce59823a9976171c51d6f4f,2025-05-04T03:01:01Z,'flooding',www.cbsnews.com,en,0.0,5/3: CBS Weekend News,"Warren Buffett steps down as CEO of Berkshire Hathaway, says Greg Abel should be successor; Kentucky distillery defies historic flooding and reopens for “Derby Week”",https://www.cbsnews.com/video/050325-cbs-weekend-news/,https://assets1.cbsnewsstatic.com/hub/i/r/2025/05/04/1b273d24-9279-4a66-8a58-d59240add02a/thumbnail/1200x630/ccb2dcb3762f6c813ad8ceae2dfdbb19/0503-wn-full-3729362-640x360.jpg?v=7c5acc180b39394767372ab4e02619ce,https://web.archive.org/web/20250504060323/https://www.cbsnews.com/video/050325-cbs-weekend-news/,Copyright ©2025 CBS Interactive Inc. All rights reserved.,,"5/3: CBS Weekend News. Warren Buffett tritt als CEO von Berkshire Hathaway zurück und sagt, dass Greg Abel sein Nachfolger sein sollte; Brennerei in Kentucky trotzt historischer Überschwemmung und öffnet zur „Derby Week“ wieder","5/3: CBS Weekend News. Warren Buffett steps down as CEO of Berkshire Hathaway, says Greg Abel should be successor; Kentucky distillery defies historic flooding and reopens for “Derby Week”","5/3: CBS Volutpat News. Warren Buffett descendit ut CEO de Berk' Hathaway, dicit Greg Abel successorem esse; Kentucky distillery historic inundationem respuit ac recludit ""Derby Hebdomadae""",2026-01-07 21:55:04+00:00
4da6ee5ff8f5e8a95566f5e25703bb39,2025-05-04T03:45:31Z,'flooding',english.khabarhub.com,en,0.0,KUKL suspends Melamchi water supply in Kathmandu,"KATHMANDU: The Kathmandu Upatyaka Khanepani Limited (KUKL) has announced the suspension of Melamchi water supply in the Kathmandu Valley. In a notice issued today, KUKL stated that water distribution has been halted until further notice due to flooding and in…",https://english.khabarhub.com/2025/04/463893/,https://english.khabarhub.com/wp-content/uploads/2024/05/Melamchi-Pani-1.jpg,,"KATHMANDU: The Kathmandu Upatyaka Khanepani Limited (KUKL) has announced the suspension of Melamchi water supply in the Kathmandu Valley.
In a notice issued today, KUKL stated that water distributio… [+401 chars]",,"KUKL stellt die Melamchi-Wasserversorgung in Kathmandu ein. KATHMANDU: Die Kathmandu Upatyaka Khanepani Limited (KUKL) hat die Einstellung der Melamchi-Wasserversorgung im Kathmandu-Tal angekündigt. In einer heute herausgegebenen Mitteilung erklärte KUKL, dass die Wasserverteilung aufgrund von Überschwemmungen bis auf weiteres eingestellt wurde und…","KUKL suspends Melamchi water supply in Kathmandu. KATHMANDU: The Kathmandu Upatyaka Khanepani Limited (KUKL) has announced the suspension of Melamchi water supply in the Kathmandu Valley. In a notice issued today, KUKL stated that water distribution has been halted until further notice due to flooding and in…",KUKL suspendit copiam aquae Melamchi in Kathmandu. KATHMANDU: Kathmandu Upatyaka Khanepani Limitata (KUKL) suspensionem Melamchi copia aquae Kathmandu in valle denuntiavit. In hodie edicto KUkl affirmavit distributionem aquarum repressam esse usque ad notitiam ulteriorem ob inundationem et in…,2026-01-07 21:55:04+00:00
452f979ae9e177156c6d107bf7665e40,2025-05-04T04:19:02Z,'flooding',seclists.org,en,0.0,"Re: outages list badly broken, flooding messages","Posted by Andy Ringsmuth via NANOG on May 03How goes the transition? Any help/resources/etc. needed? Or are things all sorted out and working?

-Andy",https://seclists.org/nanog/2025/May/5,https://seclists.org/images/nanog-img.png,,"nanog
mailing list archives
From: Andy Ringsmuth via NANOG &lt;nanog () lists nanog org&gt;Date: Sat, 3 May 2025 23:18:20 -0500
On Apr 27, 2025, at 5:48PM, Jared Mauch via NANOG &lt;nanog () lists… [+1393 chars]",,"Betreff: Ausfallliste stark beschädigt, Nachrichtenflut. Gepostet von Andy Ringsmuth über NANOG am 3. Mai. Wie verläuft der Übergang? Irgendwelche Hilfe/Ressourcen/usw. benötigt? Oder ist alles geklärt und funktioniert?

-Andy","Re: outages list badly broken, flooding messages. Posted by Andy Ringsmuth via NANOG on May 03How goes the transition? Any help/resources/etc. needed? Or are things all sorted out and working?

-Andy","Re: outages list male fracti, nuntii inundantes. Missae ab Andy Ringsmuth per NANOG die Maii 03How vadit transitus? Auxilium/facultates/etc. opus? An omnia sunt digesta et operata?

-Andy",2026-01-07 21:55:04+00:00
8ca04ef4af58dcdad23ef21c60949440,2025-05-04T12:02:01Z,'flooding',crooksandliars.com,en,0.0,Mike's Blog Roundup,"Froomkin - breathtakingly stupid and wrong, and he won't let it go;
Left Jabs - they flooded the zone, now the zone is flooding back;
Letters from an American - of messaging apps and propaganda on parade;
Pharyngula - Harvard + NYT op ed section = perfect mus…",https://crooksandliars.com/2025/05/mikes-blog-roundup-hold-sunday,https://crooksandliars.com/files/embeds/2025/05/65305.jpg,https://web.archive.org/web/20250504123132/https://crooksandliars.com/2025/05/mikes-blog-roundup-hold-sunday,"Froomkin - breathtakingly stupid and wrong, and he won't let it go;
Left Jabs - they flooded the zone, now the zone is flooding back;
Letters from an American - of messaging apps and propaganda on … [+209 chars]",,"Mikes Blog-Zusammenfassung. Froomkin – atemberaubend dumm und falsch, und er lässt es nicht locker;
Linke Jabs – sie haben die Zone überschwemmt, jetzt überschwemmt die Zone zurück;
Briefe eines Amerikaners – über Messaging-Apps und Propaganda auf der Parade;
Pharyngula – Harvard + NYT op ed section = perfekte Mus…","Mike's Blog Roundup. Froomkin - breathtakingly stupid and wrong, and he won't let it go;
Left Jabs - they flooded the zone, now the zone is flooding back;
Letters from an American - of messaging apps and propaganda on parade;
Pharyngula - Harvard + NYT op ed section = perfect mus…","Mike's Blog Roundup. Froomkin - stultus et stupendum nefas, et non dimittet;
Sinistra Jabs - zonam inundaverunt, nunc zona inundat retro;
Literae Americanae - de applis et propaganda in pompa;
Pharyngula - Harvard + NYT op ed section = perfectus mus...",2026-01-07 21:55:04+00:00
0630562a82113725dfac73c0a7d24571,2025-05-04T18:39:00Z,'flooding death',abcnews.go.com,en,0.0,"Heavy rains continue to pound Puerto Rico, flooding streets and causing 2nd death","Heavy rains were continuing to lash Puerto Rico and flash flood warnings persisted across the U.S. territory, submerging streets, stranding families and causing at least one death",https://abcnews.go.com/International/wireStory/heavy-rains-continue-pound-puerto-rico-flooding-streets-121451809,https://s.abcnews.com/images/US/abc_news_default_2000x2000_update_16x9_992.jpg,http://wayback.archive-it.org/all/20250505080824/https://abcnews.go.com/International/wireStory/heavy-rains-continue-pound-puerto-rico-flooding-streets-121451809,"SAN JUAN, Puerto Rico -- Heavy rains continued to lash Puerto Rico and flash flood warnings persisted across the U.S. territory, submerging streets, stranding families and causing at least one death … [+3220 chars]",,"In Puerto Rico kommt es weiterhin zu heftigen Regenfällen, die Straßen überschwemmen und einen zweiten Todesfall verursachen. In Puerto Rico kam es weiterhin zu heftigen Regenfällen, und im gesamten US-Territorium gab es weiterhin Warnungen vor Sturzfluten, die Straßen überschwemmten, Familien strandeten und mindestens einen Todesfall verursachten","Heavy rains continue to pound Puerto Rico, flooding streets and causing 2nd death. Heavy rains were continuing to lash Puerto Rico and flash flood warnings persisted across the U.S. territory, submerging streets, stranding families and causing at least one death","Imbres graves pergunt ad Puerto Rico librandas, vias inundantes et 2 mortem causantes. Imbres graves Puerto Rico verberare perseverabant et monita diluvii micare per territorium Americae perstiterunt, vias submerserunt, familias straverunt et mortem saltem unam faciebant.",2026-01-07 21:55:04+00:00
666a544157d9265ace7108776bdc54ca,2025-05-04T23:29:09Z,'floods',consent.yahoo.com,en,0.0,Hundreds of tourists evacuated amid flash floods in archaeological city of Petra,,https://consent.yahoo.com/v2/collectConsent?sessionId=1_cc-session_09767b52-5368-402b-8966-b805c61046f6,,,"If you click 'Accept all', we and our partners, including 240 who are part of the IAB Transparency &amp; Consent Framework, will also store and/or access information on a device (in other words, use … [+702 chars]",,Hunderte Touristen wurden wegen Sturzfluten in der archäologischen Stadt Petra evakuiert. Nan,Hundreds of tourists evacuated amid flash floods in archaeological city of Petra. nan,Centum peregrinatores inter micos eluviones in urbe Petrae archaeologica decesserunt. nan,2026-01-07 21:55:04+00:00
a316fb3c2c6162abb0d1f3edf3dc72ae,2025-05-05T01:00:00Z,'flooding',wattsupwiththat.com,en,0.0,Narrative Based Evidence Making`,"It is far easier for journalists, print or radio or television, to use a pre-determined storyline than to do real original journalism, easier when told by one’s editor to “write a story about the flooding in Arkansas showing how it is an example of the Climat…",https://wattsupwiththat.com/2025/05/04/narrative-based-evidence-making/,https://i0.wp.com/wattsupwiththat.com/wp-content/uploads/2025/05/featured-NBEM.webp?fit=1200%2C600&ssl=1,https://web.archive.org/web/20250506095723/https://wattsupwiththat.com/2025/05/04/narrative-based-evidence-making/,"Opinion by Kip Hansen 
This essay was inspired by a phrase used by Ted Nordhaus ( and here ) in his recent  piece at The Breakthrough Journal  titled:  The Worst Thing About the Climate Crisis Is Wh… [+9494 chars]",,"Narrative Based Evidence Making“. Für Journalisten, sei es in der Presse, im Radio oder im Fernsehen, ist es weitaus einfacher, eine vorgegebene Handlung zu verwenden, als echten Originaljournalismus zu betreiben. Es ist einfacher, wenn der eigene Redakteur ihm sagt, er solle „eine Geschichte über die Überschwemmung in Arkansas schreiben und zeigen, dass sie ein Beispiel für das Klima ist …“","Narrative Based Evidence Making`. It is far easier for journalists, print or radio or television, to use a pre-determined storyline than to do real original journalism, easier when told by one’s editor to “write a story about the flooding in Arkansas showing how it is an example of the Climat…","Narrative Based Evidence Making`. Multo facilius est diurnariis, imprimendis vel radiophonicis vel televisificis, praefinito storyline uti quam diurnarium realem originalem facere, facilius cum ab aliquo editore nuntiavit ""fabulam scribere de inundatione in Arkansas ostendens quomodo sit exemplum Climat…",2026-01-07 21:55:04+00:00
ed544f1debdd1e6a3aa2491029bc479b,2025-05-05T09:55:09Z,'flooding evacuation',abcnews.go.com,en,0.0,Bodies of a mother and son were recovered in southern Jordan after flash flooding,Jordanian police say search and rescue teams have recovered the bodies of a Belgian mother and her son,https://abcnews.go.com/International/wireStory/bodies-belgian-mother-son-recovered-southern-jordan-after-121462455,https://s.abcnews.com/images/US/abc_news_default_2000x2000_update_16x9_992.jpg,,"AMMAN, Jordan -- Search and rescue teams recovered the bodies of a Belgian mother and her son on Monday in Jordan, police said a day after the woman and her three children were reported missing in fl… [+1233 chars]",,Nach einer Sturzflut wurden im Süden Jordaniens die Leichen einer Mutter und ihres Sohnes geborgen. Nach Angaben der jordanischen Polizei haben Such- und Rettungsteams die Leichen einer belgischen Mutter und ihres Sohnes geborgen,Bodies of a mother and son were recovered in southern Jordan after flash flooding. Jordanian police say search and rescue teams have recovered the bodies of a Belgian mother and her son,Corpora matris et filii recuperata sunt in Jordane meridionali post coruscationem inundationem. Vigiles Iordani dicunt quaerere et liberare iunctiones corpora matris Belgicae et filii eius,2026-01-07 21:55:04+00:00
d49a69a0f99be189c34d64666239b36e,2025-05-05T10:09:00Z,'floods',www.thestar.com.my,en,0.0,"Hundreds of families remain in shelters as floods displace over 1,600 in Sabah","KOTA KINABALU: Hundreds of families in Sook and Beaufort remain in shelters as Sabah authorities continue responding to floods that have affected more than 1,600 people. Read full story",https://www.thestar.com.my/news/nation/2025/05/05/hundreds-of-families-remain-in-shelters-as-floods-displace-over-1600-in-sabah,https://apicms.thestar.com.my/uploads/images/2025/05/05/3299785.jpeg,,"KOTA KINABALU: Hundreds of families in Sook and Beaufort remain in shelters as Sabah authorities continue responding to floods that have affected more than 1,600 people.
As of noon on Monday (May 5)… [+1579 chars]",,"Hunderte Familien bleiben in Notunterkünften, während in Sabah über 1.600 Menschen durch Überschwemmungen vertrieben werden. KOTA KINABALU: Hunderte Familien in Sook und Beaufort bleiben in Notunterkünften, während die Behörden von Sabah weiterhin auf Überschwemmungen reagieren, von denen mehr als 1.600 Menschen betroffen waren. Lesen Sie die ganze Geschichte","Hundreds of families remain in shelters as floods displace over 1,600 in Sabah. KOTA KINABALU: Hundreds of families in Sook and Beaufort remain in shelters as Sabah authorities continue responding to floods that have affected more than 1,600 people. Read full story","Centum familiarum manent in tabernaculis sicut inundationes distendunt super 1,600 in Sabah. KOTA KINABALU: Centum familiarum in Sook et Beaufort in tabernaculis manent, sicut Sabah auctoritates respondent diluviis qui plus quam mille 600 homines affecti sunt. Read full story",2026-01-07 21:55:04+00:00
b6bb719d2c90c32eea00dde6dfe70b96,2025-05-05T15:12:37Z,'flooding rain',abcnews.go.com,en,0.0,"Thunderstorms, flash flooding threaten millions in south-central US","A severe weather threat looms across the south-central U.S. on Monday, with 7 million people under flood watches due to potentially heavy rainfall.",https://abcnews.go.com/US/severe-thunderstorms-flash-flooding-expected-hit-plains-south/story?id=121453478,https://i.abcnewsfe.com/a/57a0e2dd-ecb6-4dce-9681-f6becd57fa93/rainfall-reuters-mf-250505_1746452199330_hpMain_16x9.jpg?w=1600,https://web.archive.org/web/20250505014707/https://abcnews.go.com/US/severe-thunderstorms-flash-flooding-expected-hit-plains-south/story?id=121453478,"A severe weather threat looms across the south-central U.S. on Monday, from western New Mexico to Louisiana, with 7 million people under flood watches due to potentially heavy rainfall.
There were 5… [+2137 chars]",,"Gewitter und Sturzfluten bedrohen Millionen Menschen im Süden der USA. Am Montag droht im Süden der USA eine Unwettergefahr, bei der 7 Millionen Menschen wegen möglicher starker Regenfälle unter Überschwemmungswache stehen.","Thunderstorms, flash flooding threaten millions in south-central US. A severe weather threat looms across the south-central U.S. on Monday, with 7 million people under flood watches due to potentially heavy rainfall.","Tonitruum, fulgurum inundationes decies centena millia in US media minantur. Gravis comminatio tempestatis contra meridionalem-centralem Americae die Lunae imminet, cum 7 miliones hominum sub diluviis custodibus ob potentialiter pluvias graves.",2026-01-07 21:55:04+00:00
f57ef297d1dd2874e39ee374b13eb955,2025-05-05T15:24:01Z,'deluge',biztoc.com,en,0.0,MIT Joins Deluge of Colleges Selling Bonds Amid Funding Threats,,https://biztoc.com/x/cc27ceed9158a9da,https://biztoc.com/cdn/cc27ceed9158a9da_s.webp,,"{ window.open(this.href, '_blank'); }, 200); return false;""&gt;Why will the Fed keep rates unchanged this week? { window.open(this.href, '_blank'); }, 200); return false;""&gt;How will Sunocos Parklan… [+996 chars]",,"Das MIT schließt sich der Flut von Hochschulen an, die angesichts drohender Finanzierung Anleihen verkaufen. Nan",MIT Joins Deluge of Colleges Selling Bonds Amid Funding Threats. nan,MIT Joins Diluvium Collegiorum Vendere Vincula Inter Funding Minas. nan,2026-01-07 21:55:04+00:00
22d318ab638ab42ee484f2d7842dfabc,2025-05-05T16:18:05Z,'flooding',www.sciencedaily.com,en,0.0,Biological particles may be crucial for inducing heavy rain,"Atmospheric and climate scientists show that biological particles may induce rain events that could contribute to flooding and snowstorms, owing to their ability to precipitate ice formation in clouds. They call for an update of meteorological and climate mod…",https://www.sciencedaily.com/releases/2025/05/250505121805.htm,https://www.sciencedaily.com/images/scidaily-icon.png,https://web.archive.org/web/20250505225423/https://www.sciencedaily.com/releases/2025/05/250505121805.htm,"EPFL atmospheric and climate scientists show that biological particles may induce rain events that could contribute to flooding and snowstorms, owing to their ability to precipitate ice formation in … [+3809 chars]",,"Biologische Partikel können entscheidend für die Auslösung von Starkregen sein. Atmosphären- und Klimaforscher zeigen, dass biologische Partikel Regenereignisse auslösen können, die zu Überschwemmungen und Schneestürmen führen können, da sie die Eisbildung in Wolken auslösen können. Sie fordern eine Aktualisierung der meteorologischen und klimatischen Modalitäten.","Biological particles may be crucial for inducing heavy rain. Atmospheric and climate scientists show that biological particles may induce rain events that could contribute to flooding and snowstorms, owing to their ability to precipitate ice formation in clouds. They call for an update of meteorological and climate mod…","Particulae biologicae cruciales possunt esse pluviae inducendae. Docti atmosphaerici et climatis ostendunt particulas biologicas posse eventus pluvias inducere, qui ad inundationem et nives conferre possint, propter facultatem ad glaciem formationis in nubibus praecipitandam. Vocant renovationem meteorologicorum et climatis mod…",2026-01-07 21:55:04+00:00
36aabc45827bbd8a2ad6de90fffb51cf,2025-05-05T18:12:18Z,'flooding',www.newsweek.com,en,0.0,Animals Could Be Stranded by Major River Flooding in Texas,People were urged to move their livestock to higher ground as the Red River reached major flood stage.,https://www.newsweek.com/texas-river-flooding-animals-could-stranded-2068139,https://d.newsweek.com/en/full/2638759/animals-could-stranded-texas.jpg,https://web.archive.org/web/20250506035238/https://www.newsweek.com/texas-river-flooding-animals-could-stranded-2068139,"As severe weather continues to threaten much of northern and eastern Texas, local officials and federal agencies are urging residents to move livestock and property to higher ground, warning that fai… [+4145 chars]",,"Tiere könnten durch große Flussüberschwemmungen in Texas gestrandet sein. Die Menschen wurden aufgefordert, ihr Vieh auf höher gelegene Gebiete zu verlegen, als der Rote Fluss das Stadium einer großen Überschwemmung erreichte.",Animals Could Be Stranded by Major River Flooding in Texas. People were urged to move their livestock to higher ground as the Red River reached major flood stage.,"Animalia a maioribus fluminis inundatione Texas Homines incitati sunt ut pecora sua in altiorem terram moverent, sicut flumen Rubrum ad maiorem scaenam inundationis pervenit.",2026-01-07 21:55:04+00:00
66de4211ebde87ac7c00999c15ab025a,2025-05-05T18:20:54Z,'flooding',biztoc.com,en,0.0,Animals Could Be Stranded by Major River Flooding in Texas,People were urged to move their livestock to higher ground as the Red River reached major flood stage.,https://biztoc.com/x/d86d88379887d6cf,https://biztoc.com/cdn/930/og.png,,"People were urged to move their livestock to higher ground as the Red River reached major flood stage.
This story appeared on newsweek.com, 2025-05-05 18:12:18.",,"Tiere könnten durch große Flussüberschwemmungen in Texas gestrandet sein. Die Menschen wurden aufgefordert, ihr Vieh auf höher gelegene Gebiete zu verlegen, als der Rote Fluss das Stadium einer großen Überschwemmung erreichte.",Animals Could Be Stranded by Major River Flooding in Texas. People were urged to move their livestock to higher ground as the Red River reached major flood stage.,"Animalia a maioribus fluminis inundatione Texas Homines incitati sunt ut pecora sua in altiorem terram moverent, sicut flumen Rubrum ad maiorem scaenam inundationis pervenit.",2026-01-07 21:55:04+00:00
472d4e004cdf64c9f3c0501efcbf8075,2025-05-05T19:29:44Z,'flooding rain',www.ktalnews.com,en,0.0,SEVERE STORMS with FLOODING on Tuesday?,Most of the ArkLaTex has had its fair share of rain over the past few weeks. Our next shot of flood-producing rainfall will arrive on Tuesday when...,https://www.ktalnews.com/weather/severe-storms-with-flooding-on-tuesday/,https://media.zenfs.com/en/ktal_shreveport_articles_492/5aa6bf7d1b5938b8e2bd0312fac9e280,https://web.archive.org/web/20250507034309/https://www.ktalnews.com/weather/severe-storms-with-flooding-on-tuesday/,"SHREVEPORT, La. (KTAL/KMSS) Most of the ArkLaTex has had its fair share of rain over the past few weeks.  Our next shot of flood-producing rainfall will arrive on Tuesday when thunderstorms bring the… [+2542 chars]",,"Schwere Stürme mit Überschwemmungen am Dienstag? Der größte Teil des ArkLaTex hatte in den letzten Wochen ziemlich viel Regen. Unser nächster Schuss überschwemmungserzeugender Regenfälle wird am Dienstag eintreffen, wenn ...",SEVERE STORMS with FLOODING on Tuesday?. Most of the ArkLaTex has had its fair share of rain over the past few weeks. Our next shot of flood-producing rainfall will arrive on Tuesday when...,PROCELLA Martis inundatio ?. Plerique ArkLaTex aequam partem pluviae per hos dies paucos habuit. Proximum iactum imbrem inundationis producentis die Martis adveniet cum...,2026-01-07 21:55:04+00:00
1a67b3ac02bed6735255ce1e65927a98,2025-05-06T03:17:18Z,'flooding',www.eveningtribune.com,en,0.0,"Southwestern Steuben County struck by flooding, multiple roads closed. What we know",Multiple roads in Steuben County were closed Monday night due to flash flooding.,https://www.eveningtribune.com/story/news/local/2025/05/05/southwestern-steuben-county-struck-by-flash-flooding-roads-closed/83467927007/,https://s.yimg.com/ny/api/res/1.2/NYsicEtdc.mq9OjEM2Yg6g--/YXBwaWQ9aGlnaGxhbmRlcjt3PTEyMDA7aD04MzM-/https://media.zenfs.com/en/spectator/d361431ada67951c9b12aa1d9d673afb,https://web.archive.org/web/20250506051215/http://www.eveningtribune.com/story/news/local/2025/05/05/southwestern-steuben-county-struck-by-flash-flooding-roads-closed/83467927007/,"Flooding hit southwestern Steuben County Monday night as heavy rain lingered in the area.
Canisteo, Greenwood, Hartsville, Hornellsville, Jasper and Woodhull were hardest hit, according to the Steub… [+3477 chars]",,"Der südwestliche Steuben County wurde von Überschwemmungen heimgesucht, mehrere Straßen wurden gesperrt. Was wir wissen. Mehrere Straßen im Steuben County wurden am Montagabend wegen Sturzfluten gesperrt.","Southwestern Steuben County struck by flooding, multiple roads closed. What we know. Multiple roads in Steuben County were closed Monday night due to flash flooding.","Comitatus meridionalis Steuben inundatione percussit, multae viae clausae. Quod scimus. Multae viae in Comitatu Steuben clausae sunt nocte Lunae ob inundationem fulgurationem.",2026-01-07 21:55:04+00:00
1dc3172e27a882c249417e27a96e45a7,2025-05-06T09:09:04Z,'flooding',www.nationalobserver.com,en,0.0,Can Canada build homes away from flood zones?,"With the push to build more homes amidst the housing affordability crisis, municipalities may not be equipped to build homes out of harms way from flood zones. And with the threat of increased flooding from climate change on the horizon, new homeowners may be…",https://www.nationalobserver.com/2025/04/30/news/can-canada-build-homes-away-flood-zones,https://www.nationalobserver.com/sites/default/files/img/2025/04/30/download_0.jpeg,http://archive.md/20250506123812/https://www.nationalobserver.com/2025/04/30/news/can-canada-build-homes-away-flood-zones,"With the threat of increased flooding on the horizon, new homeowners may be the ones paying the price. 
Construction of an estimated 5.8 million new homes is needed by 2030 to restore affordability,… [+5235 chars]",,"Kann Kanada abseits von Überschwemmungsgebieten Häuser bauen? Angesichts der Bestrebungen, inmitten der Wohnungsbezahlbarkeitskrise mehr Wohnungen zu bauen, sind die Kommunen möglicherweise nicht in der Lage, Häuser außerhalb der Gefahrenzone von Überschwemmungsgebieten zu bauen. Und da die Gefahr zunehmender Überschwemmungen aufgrund des Klimawandels am Horizont droht, könnten neue Hausbesitzer …","Can Canada build homes away from flood zones?. With the push to build more homes amidst the housing affordability crisis, municipalities may not be equipped to build homes out of harms way from flood zones. And with the threat of increased flooding from climate change on the horizon, new homeowners may be…","Potest Canada domos a diluvio zonas aedificare?. Cum impulsus plures domos aedificare inter parabilis discriminis habitationum, municipia non possunt esse instructa ut domos ex incommodis e inundationibus zonis aedificandi sint. Et cum comminatione auctae inundationis e mutatione climatis in horizonte, novi possessores esse possunt…",2026-01-07 21:55:04+00:00
d30694dda46a9ce2449fd56ecd6e0414,2025-05-06T09:09:04Z,'flooding relief',www.nationalobserver.com,en,0.0,Spring flooding reignites First Nation's calls for relocation,Spring flooding is putting First Nations in northern Ontario at risk and reigniting calls for relocation.,https://www.nationalobserver.com/2025/05/05/news/spring-flooding-reignites-first-nations-calls-relocation,https://www.nationalobserver.com/sites/default/files/img/2025/05/05/winter_roads-39.jpg,http://archive.md/20250506132839/https://www.nationalobserver.com/2025/05/05/news/spring-flooding-reignites-first-nations-calls-relocation,"Spring flooding is putting First Nations in northern Ontario at risk and reigniting calls for relocation.
Kashechewan First Nation and Fort Albany First Nation located on the shores of James Bay bot… [+2765 chars]",,Überschwemmungen im Frühling entfachen erneut Forderungen der First Nation nach Umsiedlung. Überschwemmungen im Frühjahr gefährden die First Nations im Norden Ontarios und entfachen erneut Rufe nach Umsiedlungen.,Spring flooding reignites First Nation's calls for relocation. Spring flooding is putting First Nations in northern Ontario at risk and reigniting calls for relocation.,Ver inundatio regnantis Primae Nationis vocat relocationem. Ver inundatio Primum Nationes in Ontario septentrionali in periculo ponit et regnans in relocationem vocat.,2026-01-07 21:55:04+00:00
ca472e081eb9e31c423cc6b91af9ae51,2025-05-06T14:55:25Z,'flooding rain',nypost.com,en,0.0,NYC flash flood threat grows as Northeast is hammered by thunderstorms,The threat of flash flooding is growing in the Northeast due to relentless rounds of rain and some thunderstorms fueled by a stubborn Omega blocking pattern over the U.S.,https://nypost.com/2025/05/06/us-news/flash-flood-threat-grows-in-nyc-as-northeast-hammered-by-thunderstorms/,https://nypost.com/wp-content/uploads/sites/2/2025/05/Comp-Flood-Warning-2.jpg?quality=75&strip=all&w=1024,https://web.archive.org/web/20250506154224/https://nypost.com/2025/05/06/us-news/flash-flood-threat-grows-in-nyc-as-northeast-hammered-by-thunderstorms/,"NEW YORK  The threat of flash flooding is growing in the Northeast due to relentless rounds of rain and some thunderstorms fueled by a stubborn Omega blocking pattern over the U.S.
An “Omega block” … [+2511 chars]",,"Die Gefahr von Sturzfluten in NYC wächst, da der Nordosten von Gewittern heimgesucht wird. Die Gefahr von Sturzfluten wächst im Nordosten aufgrund unerbittlicher Regenfälle und einiger Gewitter, die durch ein hartnäckiges Omega-Blockierungsmuster über den USA angeheizt werden.",NYC flash flood threat grows as Northeast is hammered by thunderstorms. The threat of flash flooding is growing in the Northeast due to relentless rounds of rain and some thunderstorms fueled by a stubborn Omega blocking pattern over the U.S.,NYC mico diluvii comminatio crescit sicut Euroaquilo tonitrua percutitur. Mina mico inundationis in  Northestrio crescit ob impetuosas pluviae et promolorum aliquid a promotiva omega praestatio obturbationis per U.S.,2026-01-07 21:55:04+00:00
62b04f15597ed5beb0f97fc84f71c586,2025-05-07T08:15:30Z,'flooding',thechronicle.com.gh,en,0.0,Dredge Masters Speeds Up Dredging Of Odaw …To Avert Flooding And Works & Housing Committee Of Parliament Is Happy,"The chairman of the Parliamentary Select Committee on Works and Housing, Vincent Asamoah Oppong, has expressed satisfaction with the ongoing dredging works in both the Odaw and the Korle Lagoon in Accra. The projects are being executed by Dredge Masters Limit…",https://thechronicle.com.gh/dredge-masters-speeds-up-dredging-of-odaw-to-avert-flooding-and-works-housing-committee-of-parliament-is-happy/,https://thechronicle.com.gh/wp-content/uploads/2025/05/Mr.-Vincent-Asamoah-Oppong-addressing-the-media.jpeg,https://web.archive.org/web/20250508174701/https://thechronicle.com.gh/dredge-masters-speeds-up-dredging-of-odaw-to-avert-flooding-and-works-housing-committee-of-parliament-is-happy/,"The chairman of the Parliamentary Select Committee on Works and Housing, Vincent Asamoah Oppong, has expressed satisfaction with the ongoing dredging works in both the Odaw and the Korle Lagoon in Ac… [+4671 chars]",,"Dredge Masters beschleunigt das Ausbaggern von Odaw … um Überschwemmungen abzuwenden, und der Ausschuss für Bau und Wohnungsbau des Parlaments ist zufrieden. Der Vorsitzende des parlamentarischen Sonderausschusses für Bau und Wohnungsbau, Vincent Asamoah Oppong, zeigte sich zufrieden mit den laufenden Baggerarbeiten sowohl in der Odaw-Lagune als auch in der Korle-Lagune in Accra. Die Projekte werden von Dredge Masters Limit ausgeführt…","Dredge Masters Speeds Up Dredging Of Odaw …To Avert Flooding And Works & Housing Committee Of Parliament Is Happy. The chairman of the Parliamentary Select Committee on Works and Housing, Vincent Asamoah Oppong, has expressed satisfaction with the ongoing dredging works in both the Odaw and the Korle Lagoon in Accra. The projects are being executed by Dredge Masters Limit…","Dredge Masters speeds Dredging Of Odaw ... Ad avertat inundationem et opera & Praesent Committee parlamentum felix est. Praeses Legum Committee parlamentariae in Works et Housing, Vincentius Asamoah Oppong, satisfactionem declaravit de permanentibus dredging operibus tam in Odaw quam in Korle Lagoon in Accra. Incepta per Dredge Masters exercentur Limit…",2026-01-07 21:55:04+00:00
046e6d72c447ef2189fa6ce8e66c3431,2025-05-07T10:37:21Z,'deluge',biztoc.com,en,0.0,Curl project founder snaps over deluge of time-sucking AI slop bug reports,"Curl project founder snaps over deluge of time-sucking AI slop bug reports
Lead dev likens flood to 'effectively being DDoSed'
Curl project founder Daniel Stenberg is fed up with of the deluge of AI-generated ""slop"" bug reports and recently introduced a check…",https://biztoc.com/x/ebfef1491dd2775a,https://biztoc.com/cdn/ebfef1491dd2775a_s.webp,https://web.archive.org/web/20250509232550/https://biztoc.com/x/ebfef1491dd2775a,Curl project founder snaps over deluge of time-sucking AI slop bug reportsLead dev likens flood to 'effectively being DDoSed'Curl project founder Daniel Stenberg is fed up with of the deluge of AI-ge… [+146 chars],,"Der Gründer des Curl-Projekts schnappt nach einer Flut zeitraubender KI-Fehlermeldungen. Der Gründer des Curl-Projekts schnappt nach einer Flut zeitraubender KI-Fehlermeldungen
Leitender Entwickler vergleicht Flut mit „effektiver DDoS-Bekämpfung“
Der Gründer des Curl-Projekts, Daniel Stenberg, hat die Flut von KI-generierten „Slop“-Fehlermeldungen satt und hat kürzlich einen Check eingeführt…","Curl project founder snaps over deluge of time-sucking AI slop bug reports. Curl project founder snaps over deluge of time-sucking AI slop bug reports
Lead dev likens flood to 'effectively being DDoSed'
Curl project founder Daniel Stenberg is fed up with of the deluge of AI-generated ""slop"" bug reports and recently introduced a check…","Curl project conditor torsit super diluvium temporis sugentem AI slop bug tradit. Crispum project conditorem tortum in diluvio temporis lactantem AI slop bug tradit
Duc dev inundationem assimilat 'effective cum DDoSed'
Curl consilium conditor Daniel Stenberg nutritur cum diluvio AI generatae ""slop"" cimex tradit et nuper perscriptio inducta.",2026-01-07 21:55:04+00:00
43e68e334b7f9437f3babbf7a6983392,2025-05-07T12:32:17Z,'flooding',www.cbc.ca,en,0.0,National emergency alert system to be tested on Wednesday in much of Canada,"Canada's National Public Alerting System (NPAS) is running tests on television, radio and compatible wireless devices for the system used to warn Canadians of critical events such as tornadoes, flooding, fires and Amber alerts.",https://www.cbc.ca/news/canada/emergency-alert-test-canada-may2025-1.7528458,https://i.cbc.ca/1.7528463.1746618708!/fileImage/httpImage/image.JPG_gen/derivatives/16x9_1180/roaming-fees-20241008.JPG?im=Resize%3D620,,"Canada's National Public Alerting System (NPAS) is running tests on television, radio and compatible wireless devices across most of the country on Wednesday.
The tests will happen in eight province… [+1358 chars]",,"Das nationale Notfallwarnsystem soll am Mittwoch in weiten Teilen Kanadas getestet werden. Kanadas National Public Alerting System (NPAS) führt Tests im Fernsehen, Radio und kompatiblen drahtlosen Geräten für das System durch, mit dem Kanadier vor kritischen Ereignissen wie Tornados, Überschwemmungen, Bränden und Amber-Warnungen gewarnt werden sollen.","National emergency alert system to be tested on Wednesday in much of Canada. Canada's National Public Alerting System (NPAS) is running tests on television, radio and compatible wireless devices for the system used to warn Canadians of critical events such as tornadoes, flooding, fires and Amber alerts.","Systema intenti exploranda die Mercurii in majori Canada nationali subitis est. Canada National Publica Alerting System (NPAS) currit probationes in televisione, radiophonica et machinationibus wireless compatibiles pro systemate, quod Canadenses de eventibus criticis monent ut tornadoes, inundationes, ignes et Amber erectus.",2026-01-07 21:55:04+00:00
b8b903676b963bd18b815edde35b283b,2025-05-07T15:23:04Z,'floods',phys.org,en,0.0,Study finds that today's vulnerable youth will be most affected by continued greenhouse gas emissions,"Climate extremes, including heat waves, crop failures, river floods, tropical cyclones, wildfires and droughts, will intensify with continued atmospheric warming. Today's children will endure more climate extremes than any previous generation.",https://phys.org/news/2025-05-today-vulnerable-youth-affected-greenhouse.html,https://scx2.b-cdn.net/gfx/news/2025/will-you-live-an-unpre.jpg,https://web.archive.org/web/20250508025647/https://phys.org/news/2025-05-today-vulnerable-youth-affected-greenhouse.html,"Living an unprecedented lifean illustration. The figure shows the cumulative number of heat waves faced since birth by children born in Brussels, Belgium, in 2020 under three climate change scenarios… [+8637 chars]",,"Die Studie kommt zu dem Schluss, dass die gefährdete Jugend von heute am stärksten von den anhaltenden Treibhausgasemissionen betroffen sein wird. Klimaextreme, darunter Hitzewellen, Ernteausfälle, Flussüberschwemmungen, tropische Wirbelstürme, Waldbrände und Dürren, werden sich mit der anhaltenden Erwärmung der Atmosphäre verstärken. Die heutigen Kinder werden mehr Klimaextreme ertragen als jede frühere Generation.","Study finds that today's vulnerable youth will be most affected by continued greenhouse gas emissions. Climate extremes, including heat waves, crop failures, river floods, tropical cyclones, wildfires and droughts, will intensify with continued atmospheric warming. Today's children will endure more climate extremes than any previous generation.","Studium invenit quod hodie adulescens vulnerabilis emissiones gas CONSERVATORIUM continuas maxime afficiet. Extrema climata, etiam fluctus aestus, defectiones seges, flumina diluvia, cyclones tropicae, incendia et siccitates augebunt continua calefactione atmosphaerica. Pueri hodierni plura extrema caeli quam quaevis generationi anteacta erunt.",2026-01-07 21:55:04+00:00
dcf03b4b2ef15e662a1915725a26f929,2025-05-07T16:00:00Z,'flooding',subscriber.politicopro.com,en,0.0,"Stronger Flood-Related Building Codes Are Coming for New Hospitals, Schools and Apartments","The International Code Council has approved stronger building codes to protect hospitals, schools and other structures from flooding",https://subscriber.politicopro.com/article/eenews/2025/05/05/stronger-flood-standards-coming-for-new-hospitals-schools-apartments-00325200,https://static.scientificamerican.com/dam/m/b7faf07480f9ca1/original/Houston_Texas_flooding_Hurricane_Harvey.jpg?m=1746632159.908&w=1200,http://archive.md/20250505161408/https://subscriber.politicopro.com/article/eenews/2025/05/05/stronger-flood-standards-coming-for-new-hospitals-schools-apartments-00325200,"CLIMATEWIRE | Many new hospitals, schools, apartment buildings and other structures would be built with extra flood protection under a major revision to an international building code approved Friday… [+4753 chars]",,"Für neue Krankenhäuser, Schulen und Wohnungen gelten strengere Bauvorschriften im Zusammenhang mit Überschwemmungen. Der International Code Council hat strengere Bauvorschriften verabschiedet, um Krankenhäuser, Schulen und andere Bauwerke vor Überschwemmungen zu schützen","Stronger Flood-Related Building Codes Are Coming for New Hospitals, Schools and Apartments. The International Code Council has approved stronger building codes to protect hospitals, schools and other structures from flooding","Validior Diluvium Relativa Codicibus aedificandis veniunt ad Nova Hospitalia, Scholae et Apartments. Consilium Internationalis Codicis validiores codices aedificationes probavit ad tuenda nosocomia, scholas aliasque structuras ab inundatione",2026-01-07 21:55:04+00:00
b004ede0869a98f6383da21d3d16bd19,2025-05-08T04:10:02Z,'deluge',encyclopedia.thefreedictionary.com,en,0.0,The Deadly Yellow River,"Stretching 3,395 miles (5,464 km), the Yellow River, or Huang He, is the world's sixth longest river. Called the ""the cradle of Chinese civilization"" because its basin is the birthplace of the northern Chinese civilizations, the oft-flooding river has also ea…",https://encyclopedia.thefreedictionary.com/Yellow+River,http://img.tfd.com/TFDlogo1200x1200.png,,"""Huang He"" redirects here. For the actor, see Huang He (actor).
The Yellow River or Huang He is the third longest river in Asia, after the Yangtze River and Yenisei River, and the sixth-longest rive… [+31251 chars]",,"Der tödliche Gelbe Fluss. Mit einer Länge von 3.395 Meilen (5.464 km) ist der Gelbe Fluss, oder Huang He, der sechstlängste Fluss der Welt. Der oft überschwemmte Fluss wird auch als „Wiege der chinesischen Zivilisation“ bezeichnet, weil sein Becken der Geburtsort der nordchinesischen Zivilisationen ist.","The Deadly Yellow River. Stretching 3,395 miles (5,464 km), the Yellow River, or Huang He, is the world's sixth longest river. Called the ""the cradle of Chinese civilization"" because its basin is the birthplace of the northern Chinese civilizations, the oft-flooding river has also ea…","Crocus flumen mortiferum. Extendens ad 3,395 milia passuum (5,464 km), flumen Flavi seu Huang, est flumen mundi longissimum sextum. Vocatur ""cunabula civilis cultus Sinensium"", quod eius pelvis est natale civilizationum Sinensis septentrionalis, flumen saepe inundationem etiam ea ...",2026-01-07 21:55:04+00:00
fb6d2f1f2ea4a7f8256acd254f36edc2,2025-05-08T07:00:05Z,'flooding climate change',www.cbsnews.com,en,0.0,"Climate change made recent flooding in Midwest, South more intense, report finds","Analysis from World Weather Attribution, a climate science group, found that human-caused global warming made the record-breaking downpours in early April about 9% heavier.",https://www.cbsnews.com/news/climate-change-flooding-midwest-south-more-intense-report/,https://assets1.cbsnewsstatic.com/hub/i/r/2025/05/07/c88443c5-f674-4df1-af08-3b9717a8891d/thumbnail/1200x630/33279b2d8fb29074bac01c862b3043ba/gettyimages-2209104054.jpg?v=e61856d8e666e7ed5709adc37bb2d465,https://web.archive.org/web/20250508084223/https://www.cbsnews.com/news/climate-change-flooding-midwest-south-more-intense-report/,"The deadly storms that tore through eight U.S. states in early April, killing at least 24 people, were made significantly worse by climate change, according to a study released this week. 
Analysis … [+3186 chars]",,"Berichten zufolge hat der Klimawandel die jüngsten Überschwemmungen im Mittleren Westen und Süden verstärkt. Eine Analyse von World Weather Attribution, einer klimawissenschaftlichen Gruppe, ergab, dass die vom Menschen verursachte globale Erwärmung die rekordverdächtigen Regenfälle Anfang April um etwa 9 % verstärkte.","Climate change made recent flooding in Midwest, South more intense, report finds. Analysis from World Weather Attribution, a climate science group, found that human-caused global warming made the record-breaking downpours in early April about 9% heavier.","Mutatio climatis recentis inundationis in Midwest, Australi vehementiore, relationem invenit. Analysis ab Attributione Mundialis, Circulus scientiae climatis, invenit calefactionem globalem humanam effectam in primo Aprili circiter 9% graviorem recordationem naufragii fecisse.",2026-01-07 21:55:04+00:00
0f381e3352b12e623439675b90d34bb3,2025-05-08T10:09:05Z,'flooding storm',consent.yahoo.com,en,0.0,"Severe storms could bring hail to Tennessee, North Carolina ahead of days of flash flooding",,https://consent.yahoo.com/v2/collectConsent?sessionId=1_cc-session_89f60b5b-25da-4ab8-b6f1-82d7c6597d66,,,"If you click 'Accept all', we and our partners, including 241 who are part of the IAB Transparency &amp; Consent Framework, will also store and/or access information on a device (in other words, use … [+714 chars]",,"Schwere Stürme könnten Hagel nach Tennessee, North Carolina bringen, bevor es zu tagelangen Sturzfluten kommt. Nan","Severe storms could bring hail to Tennessee, North Carolina ahead of days of flash flooding. nan","Tempestates graves in Tennessee grandinem efficere potuerunt, Carolina Septentrionalis dies ante lucem inundationis emicuit. nan",2026-01-07 21:55:04+00:00
f1d7e029e07c9eee7f6bf9ca4479ee0f,2025-05-08T12:37:00Z,'flooding area',www.scientificamerican.com,en,0.0,"Denver, Dallas among the Major U.S. Cities Sinking into the Ground","Cities across the U.S., including inland ones such as Denver and Dallas, are settling into the earth, posing increased flooding risks and potentially damaging urban infrastructure",https://www.scientificamerican.com/article/denver-dallas-among-the-major-u-s-cities-sinking-into-the-ground/,https://static.scientificamerican.com/dam/m/718b2049519138ab/original/flooding_in_park_houston_texas.jpg?m=1746642248.775&w=1200,http://archive.md/20250508185514/https://www.scientificamerican.com/article/denver-dallas-among-the-major-u-s-cities-sinking-into-the-ground/,"All 28 of the most populous cities in the U.S. are sinking, worsening risks of flooding and damage to urban infrastructure, a new study finds. One of the main culprits is the extraction of groundwate… [+4920 chars]",,"Denver und Dallas gehören zu den großen US-Städten, die im Boden versinken. Städte überall in den USA, darunter auch im Landesinneren wie Denver und Dallas, versinken in der Erde, was zu einem erhöhten Überschwemmungsrisiko und möglicherweise zu Schäden an der städtischen Infrastruktur führt","Denver, Dallas among the Major U.S. Cities Sinking into the Ground. Cities across the U.S., including inland ones such as Denver and Dallas, are settling into the earth, posing increased flooding risks and potentially damaging urban infrastructure","Denver, Dallas inter Civitates Maiores Americae in Terram demersa. Urbes trans US, inter mediterraneas, ut Denver et Dallas, in terra morantur, ponentes inundationes periculorum auctas et substructuras urbanas potentia laedentes.",2026-01-07 21:55:04+00:00
062355ae3e81ed7ec32a216d27ec1d86,2025-05-08T14:24:34Z,'floods',rollingout.com,en,0.0,7 counties face devastating floods as rain ravages New York,"A powerful weather system unleashed torrential rainfall across New York’s Finger Lakes region Tuesday night, creating dangerous flooding conditions that closed roads and prompted urgent warnings from local officials. The deluge transformed normally peaceful s…",https://rollingout.com/2025/05/08/7-counties-floods-rain-ravages-new-york/,https://rollingout.com/wp-content/uploads/2025/05/shutterstock_2500705977-scaled.jpg,,"A powerful weather system unleashed torrential rainfall across New York’s Finger Lakes region Tuesday night, creating dangerous flooding conditions that closed roads and prompted urgent warnings from… [+7003 chars]",,"7 Bezirke sind mit verheerenden Überschwemmungen konfrontiert, während der Regen New York verwüstet. Ein starkes Wettersystem löste am Dienstagabend in der Region Finger Lakes in New York sintflutartige Regenfälle aus, die zu gefährlichen Überschwemmungen führten, die Straßen sperrten und dringende Warnungen der örtlichen Behörden auslösten. Die Sintflut veränderte den normalerweise friedlichen Ort …","7 counties face devastating floods as rain ravages New York. A powerful weather system unleashed torrential rainfall across New York’s Finger Lakes region Tuesday night, creating dangerous flooding conditions that closed roads and prompted urgent warnings from local officials. The deluge transformed normally peaceful s…","VII comitatus faciem tuam vastant inundationes sicut pluvia New York depopulatur. Systema tempestatum validum invehitur imbres torrentiales trans New York's Digitus Lacus regionis Martis noctis, condiciones inundationis periculosas creans quae vias clausas urgent et monita localium officialium excitaverunt. Diluvium regulariter pacificum s…",2026-01-07 21:55:04+00:00
ae5add24b232aa3ff44a111bd512bc2a,2025-05-08T16:02:27Z,'flooding relief',economictimes.indiatimes.com,en,0.0,"New York, Massachusetts, Texas could face heavy showers, flash floods; predicts weather forecast","Several areas in the southern and eastern parts of the United States, including New York and Massachusetts, will possibly experience widespread rains, accompanied by storms, over the work week, according to the National Weather Service. Here's the complete we…",https://economictimes.indiatimes.com/news/international/us/new-york-massachusetts-texas-could-face-heavy-showers-flash-floods-predicts-weather-forecast/articleshow/121004380.cms,"https://img.etimg.com/thumb/msid-121004409,width-1200,height-630,imgsize-68510,overlay-economictimes/articleshow.jpg",https://web.archive.org/web/20250508184001/https://economictimes.indiatimes.com/news/international/us/new-york-massachusetts-texas-could-face-heavy-showers-flash-floods-predicts-weather-forecast/articleshow/121004380.cms,"Residents of the eastern and southern part of the US have been warned to brace themselves for flash floods and thunderstorm threats in scattered areas, in the wake of the widespread heavy rainfall in… [+2928 chars]",,"New York, Massachusetts und Texas könnten mit heftigen Regenfällen und Sturzfluten rechnen; sagt die Wettervorhersage voraus. Nach Angaben des National Weather Service wird es in mehreren Gebieten im Süden und Osten der Vereinigten Staaten, darunter New York und Massachusetts, im Laufe der Arbeitswoche möglicherweise zu großflächigen Regenfällen mit Stürmen kommen. Hier ist unser komplettes…","New York, Massachusetts, Texas could face heavy showers, flash floods; predicts weather forecast. Several areas in the southern and eastern parts of the United States, including New York and Massachusetts, will possibly experience widespread rains, accompanied by storms, over the work week, according to the National Weather Service. Here's the complete we…","Novi Eboraci, Massachusetts, Texas pluviis saxisque concurrere poterat, diluvia micare; praedicit tempestas praenuntientur. Plures areae in partibus meridionalibus et orientalibus Civitatum Americae Unitarum, in iis Novi Eboraci et Massachusetts, pluvias latissime patentes, cum procellis, in hebdomada, secundum National Service Tempestatis, experientur. Hic est integrum nos...",2026-01-07 21:55:04+00:00
01a46bc60809d9ad6971e11a718293f2,2025-05-08T18:37:09Z,'floods',www.livescience.com,en,0.0,"Climate change made April's catastrophic floods worse, report finds",A report into April's deadly flooding has found that climate change made the central Mississippi River valley's extreme weather event more likely and more intense.,https://www.livescience.com/planet-earth/climate-change/climate-change-made-aprils-catastrophic-floods-worse-report-finds,https://cdn.mos.cms.futurecdn.net/5VunefTSqAw4RGokPSnhda.jpg,,"Climate change intensified the catastrophic floods
 that swept through several U.S. states at the beginning of April, a new report has found.
At least 15 people have died as a result of the floodin… [+3882 chars]",,"Berichten zufolge hat der Klimawandel die katastrophalen Überschwemmungen im April verschlimmert. Ein Bericht über die tödlichen Überschwemmungen im April ergab, dass der Klimawandel das extreme Wetterereignis im zentralen Mississippi-Tal wahrscheinlicher und intensiver gemacht hat.","Climate change made April's catastrophic floods worse, report finds. A report into April's deadly flooding has found that climate change made the central Mississippi River valley's extreme weather event more likely and more intense.","Mutatio climatis facta est in diluvia calamitosas Aprilis peius, fama invenit. Renuntiatio in funestum inundationem Aprilem invenit mutationem climatis mutationem mediae Mississippi fluminis vallis extremae tempestatis eventu magis ac magis intensiorem fecit.",2026-01-07 21:55:04+00:00
252ca7e5deaf8b2d99ca2288be6ca9a3,2025-05-08T23:45:24Z,'floods',www.pbs.org,en,0.0,U.S. stops tracking costs of extreme weather disasters fueled by climate change,"The National Oceanic and Atmospheric Administration will no longer track the cost of climate change-fueled weather disasters, including floods, heat waves, wildfires and more. It is the latest example of changes to the agency and the Trump administration limi…",https://www.pbs.org/newshour/science/u-s-stops-tracking-costs-of-extreme-weather-disasters-fueled-by-climate-change,https://d3i6fh83elv35t.cloudfront.net/static/2025/05/2025-01-25T000722Z_379048716_RC2MGCALYRGI_RTRMADP_3_STORM-HELENE-1024x748.jpg,https://web.archive.org/web/20250509021923/https://www.pbs.org/newshour/science/u-s-stops-tracking-costs-of-extreme-weather-disasters-fueled-by-climate-change,"The National Oceanic and Atmospheric Administration will no longer track the cost of climate change-fueled weather disasters, including floods, heat waves, wildfires and more. It is the latest exampl… [+4675 chars]",,"Die USA hören auf, die Kosten extremer Wetterkatastrophen zu erfassen, die durch den Klimawandel verursacht werden. Die National Oceanic and Atmospheric Administration wird die Kosten von durch den Klimawandel verursachten Wetterkatastrophen, einschließlich Überschwemmungen, Hitzewellen, Waldbränden und mehr, nicht mehr verfolgen. Es ist das jüngste Beispiel für Änderungen an der Behörde und den Beschränkungen der Trump-Administration …","U.S. stops tracking costs of extreme weather disasters fueled by climate change. The National Oceanic and Atmospheric Administration will no longer track the cost of climate change-fueled weather disasters, including floods, heat waves, wildfires and more. It is the latest example of changes to the agency and the Trump administration limi…","US sistit sumptibus tempestatis extremae calamitates tracking alitur per mutationem climatis. National Oceanica et Atmosphaerica Administrationis sumptus non amplius investigabit calamitates tempestatum mutationum caeli, inclusa diluvia, fluctus aestus, incendia et plura. Novissimum exemplum est mutationum intermediorum et BUCINUM administrationis limi…",2026-01-07 21:55:04+00:00
4337eaf897b53e47e608d4c7c9f2b3f2,2025-05-09T00:49:03Z,'flooding',www.abc.net.au,en,0.0,Stranded couple's makeshift 'beach holiday' in Queensland's outback,A couple who usually call the Sunshine Coast home spends more than a month in a tiny outback town after flooding.,https://www.abc.net.au/news/2025-05-09/tourists-stuck-in-bedourie-outback-qld-flooding/105266736,https://live-production.wcms.abc-cdn.net.au/72f73025e0f50b0a99b4052417221972?impolicy=wcms_watermark_news&cropH=506&cropW=900&xPos=0&yPos=530&width=862&height=485&imformat=generic,,"Scorched red dirt, hordes of flies, and life stuck on a time loop.
It could be mistaken for a scene from a Hollywood blockbuster, but this was the month-long reality for a Sunshine Coast couple stra… [+5514 chars]",,"Behelfsmäßiger „Strandurlaub“ eines gestrandeten Paares im Outback von Queensland. Ein Paar, das normalerweise an der Sunshine Coast zu Hause ist, verbringt nach einer Überschwemmung mehr als einen Monat in einer winzigen Stadt im Outback.",Stranded couple's makeshift 'beach holiday' in Queensland's outback. A couple who usually call the Sunshine Coast home spends more than a month in a tiny outback town after flooding.,"Coniuges destituti exstaret 'litus feriae' in Outback Reginensis. Coniuges, qui domum soleam Coast vocant, plus quam mensem in parvo outback oppido post inundationem insumit.",2026-01-07 21:55:04+00:00
2cc3c17b6b0bd9dbfe224aca799b1e29,2025-05-09T08:46:00Z,'flooding',www.globenewswire.com,en,0.0,Quietum Plus Review 2025: Side Effects & User Experiences Investigated,"CHICAGO, May 09, 2025 (GLOBE NEWSWIRE) -- With so many ear health supplements flooding the market, it's completely natural to feel curious—and maybe even a little skeptical—about which ones are worth your attention. If you've heard of Quietum Plus
, you’ve p…",https://www.globenewswire.com/news-release/2025/05/09/3077999/0/en/Quietum-Plus-Review-2025-Side-Effects-User-Experiences-Investigated.html,https://ml.globenewswire.com/Resource/Download/ec3d28c9-a674-4c5d-8328-566b5685f28f,https://web.archive.org/web/20250509085759/https://www.globenewswire.com/news-release/2025/05/09/3077999/0/en/Quietum-Plus-Review-2025-Side-Effects-User-Experiences-Investigated.html,"CHICAGO, May 09, 2025 (GLOBE NEWSWIRE) -- With so many ear health supplements flooding the market, it's completely natural to feel curiousand maybe even a little skepticalabout which ones are worth y… [+21169 chars]",,"Quietum Plus Review 2025: Nebenwirkungen und Benutzererfahrungen untersucht. CHICAGO, 9. Mai 2025 (GLOBE NEWSWIRE) – Bei so vielen Nahrungsergänzungsmitteln für die Ohrengesundheit, die den Markt überschwemmen, ist es völlig natürlich, neugierig – und vielleicht sogar ein wenig skeptisch – zu sein, welche davon Ihre Aufmerksamkeit wert sind. Wenn Sie von Quietum Plus gehört haben
, du hast p…","Quietum Plus Review 2025: Side Effects & User Experiences Investigated. CHICAGO, May 09, 2025 (GLOBE NEWSWIRE) -- With so many ear health supplements flooding the market, it's completely natural to feel curious—and maybe even a little skeptical—about which ones are worth your attention. If you've heard of Quietum Plus
, you’ve p…","Quietum Plus Review 2025: Side Effectus & Experientiae User Investigatae. CHICAGO, Maio 09, 2025 (GLOBE NEWSWIRE) - Cum tot aurium supplementis inundantibus fori, est omnino naturale ut curiosa sentiat, et fortasse etiam parum credibile, de quibus operae pretium sunt. Si audivi de Quieto Plus
, p…",2026-01-07 21:55:04+00:00
d6f64dc60e6c6e150cbb4f57cd4cf5db,2025-05-09T14:21:00Z,'floods',www.newser.com,en,0.0,US Database Tracking Climate Change Losses Goes Offline,"The National Oceanic and Atmospheric Administration is retiring its public database that tracks the cost of losses from climate change-fueled weather disasters—including floods, heat waves, and wildfires—in the latest example of the Trump administration limit…",https://www.newser.com/story/368413/us-database-tracking-climate-change-losses-goes-offline.html,https://img2-azrcdn.newser.com/image/1609623-12-20250509092102.jpeg,https://web.archive.org/web/20250509143032/http://www.newser.com/story/368413/us-database-tracking-climate-change-losses-goes-offline.html,"The National Oceanic and Atmospheric Administration is retiring its public database that tracks the cost of losses from climate change-fueled weather disasters—including floods, heat waves, and wildf… [+2272 chars]",,"US-Datenbank zur Verfolgung von Klimawandelverlusten wird offline geschaltet. Die National Oceanic and Atmospheric Administration stellt ihre öffentliche Datenbank ein, die die Kosten von Verlusten durch durch den Klimawandel verursachte Wetterkatastrophen – einschließlich Überschwemmungen, Hitzewellen und Waldbrände – erfasst – im jüngsten Beispiel der Grenzwerte der Trump-Regierung …","US Database Tracking Climate Change Losses Goes Offline. The National Oceanic and Atmospheric Administration is retiring its public database that tracks the cost of losses from climate change-fueled weather disasters—including floods, heat waves, and wildfires—in the latest example of the Trump administration limit…","US Database mauris Clima Mutationem damna Goes Offline. National Oceanica et Atmosphaerica Administrationis publicae database secedit, quod detrimenta e mutatione climatis tempestatum calamitatum fuelled vestigat, inclusa diluvia, fluctus aestus et incendia in extremo exemplo Trump administrationis limitis…",2026-01-07 21:55:04+00:00
76740c1a34abbebc8a8563d67ffc60d2,2025-05-09T16:50:20Z,'flooding climate change',freebeacon.com,en,0.0,Hawaii Sues Oil Industry for Causing Climate Change—But Spares State's Largest Refiner Whose Executives Donate to Dems,"The State of Hawaii filed a major lawsuit against a dozen major oil companies and the nation's largest oil industry group, accusing them of marketing and selling products that have caused higher temperatures, increased sea levels, more frequent flooding, coas…",https://freebeacon.com/energy/hawaii-sues-oil-industry-for-causing-climate-change-but-spares-states-largest-refiner-whose-executives-donate-to-dems/,https://freebeacon.com/wp-content/uploads/2025/05/president-biden-hosts-black-tie-dinner-for-visiting-governors-at-the-w-scaled.jpg,https://web.archive.org/web/20250509170108/https://freebeacon.com/energy/hawaii-sues-oil-industry-for-causing-climate-change-but-spares-states-largest-refiner-whose-executives-donate-to-dems/,"The State of Hawaii filed a major lawsuit against a dozen major oil companies and the nation's largest oil industry group, accusing them of marketing and selling products that have caused higher temp… [+6252 chars]",,"Hawaii verklagt Ölindustrie wegen Verursachung des Klimawandels – verschont aber den größten Raffineriebetreiber des Bundesstaates, dessen Führungskräfte an Demokraten spenden. Der Bundesstaat Hawaii reichte eine umfangreiche Klage gegen ein Dutzend großer Ölunternehmen und den größten Ölindustriekonzern des Landes ein und wirft ihnen vor, Produkte zu vermarkten und zu verkaufen, die höhere Temperaturen, einen Anstieg des Meeresspiegels, häufigere Überschwemmungen und Küsten verursacht haben.","Hawaii Sues Oil Industry for Causing Climate Change—But Spares State's Largest Refiner Whose Executives Donate to Dems. The State of Hawaii filed a major lawsuit against a dozen major oil companies and the nation's largest oil industry group, accusing them of marketing and selling products that have caused higher temperatures, increased sea levels, more frequent flooding, coas…","Hawaii sequitur oleum Industry causando Clima Mutationem, sed parcit rei publicae maximae conflator, cuius executives Donate ad Dems. Civitas Hawaii causam maiorem contra duodecim societates oleum maiorem et coetus maximae nationis oleum industriae interposuit, eos accusans de mercationibus et venditionibus productis, quae superiores temperaturae causaverunt, gradus maris auctos, frequentiores inundationes, coas...",2026-01-07 21:55:04+00:00
988d39f55adb55dbd69187a80e909fb6,2025-05-09T19:43:18Z,'flooding rain',biztoc.com,en,0.0,Your weather forecast is about to get a lot worse,"An aerial view of severe flooding in Frankfort, Kentucky, caused by days of heavy rainfall across the Midwest on April 7, 2025.﻿
Did you check the weather forecast today? 
Whether it was on your phone, the 5-day outlook in your newspaper, or your friendly TV …",https://biztoc.com/x/bc4cc364ca1cfdd6,https://biztoc.com/cdn/931/og.png,,"An aerial view of severe flooding in Frankfort, Kentucky, caused by days of heavy rainfall across the Midwest on April 7, 2025.Did you check the weather forecast today? Whether it was on your phone, … [+138 chars]",,"Ihre Wettervorhersage wird sich deutlich verschlechtern. Eine Luftaufnahme der schweren Überschwemmungen in Frankfort, Kentucky, verursacht durch tagelange starke Regenfälle im Mittleren Westen am 7. April 2025.﻿
Haben Sie heute die Wettervorhersage überprüft? 
Ob auf Ihrem Telefon, dem 5-Tage-Ausblick in Ihrer Zeitung oder Ihrem freundlichen Fernseher …","Your weather forecast is about to get a lot worse. An aerial view of severe flooding in Frankfort, Kentucky, caused by days of heavy rainfall across the Midwest on April 7, 2025.﻿
Did you check the weather forecast today? 
Whether it was on your phone, the 5-day outlook in your newspaper, or your friendly TV …","Tempestas tua praenuntientur futurum ut multum peius sit. Aerea conspectus gravis inundationis in Frankfort, Kentucky, causata est per dies pluviae gravissimae per meridiem die VII Aprilis MMDCCXXV.
Nonne tempestas praenuntientur hodie reprehendo? 
Utrum in telephonio tuo, mens V diei in diurna tua, an amica TV ...",2026-01-07 21:55:04+00:00
eaca0d599c2943fd036ebd197e57476b,2025-05-10T12:02:01Z,'flooding',crooksandliars.com,en,0.0,Mike's Blog Round Up,"Strangely Blogged: White House seal of approval. 
First Draft: China doll.
God's Spies: A Palantir primer.
Left Jabs: The zone is flooding back. 
Economic Policy Institute: 100 ways Trump has hurt workers in his first 100 days.
This installment by Batocchio. …",https://crooksandliars.com/2025/05/mikes-blog-round-4,https://crooksandliars.com/files/primary_image/25/05/winslow_homer_-_moonlight.jpg,https://web.archive.org/web/20250510121417/https://crooksandliars.com/2025/05/mikes-blog-round-4,"Strangely Blogged: White House seal of approval. 
First Draft: China doll.
God's Spies: A Palantir primer.
Left Jabs: The zone is flooding back. 
Economic Policy Institute: 100 ways Trump has hur… [+110 chars]",,"Mikes Blog-Zusammenfassung. Seltsam gebloggt: Gütesiegel des Weißen Hauses. 
Erster Entwurf: Chinapuppe.
Gottes Spione: Eine Einführung in Palantir.
Left Jabs: Die Zone überschwemmt zurück. 
Economic Policy Institute: 100 Arten, wie Trump Arbeiter in seinen ersten 100 Tagen verletzt hat.
Diese Folge von Batocchio. …","Mike's Blog Round Up. Strangely Blogged: White House seal of approval. 
First Draft: China doll.
God's Spies: A Palantir primer.
Left Jabs: The zone is flooding back. 
Economic Policy Institute: 100 ways Trump has hurt workers in his first 100 days.
This installment by Batocchio. …","Mike's Blog in circuitu. Mirum in Blogged: Domus Albae sigillum approbationis. 
Primum Draft: China pupa.
Dei Spies: A Palantiam Primam.
Sinistra Jabs: Zona inundat tergum. 
Instituti oeconomici Policy: 100 vias Trump operarios primo suo 100 dierum laedere fecit.
Hanc pensionem a Batochio. ...",2026-01-07 21:55:04+00:00
4e3f48694f5a63854aa0e8cffa7d193d,2025-05-10T13:41:00Z,'flooding',www.cbsnews.com,en,0.0,"Ahead of hurricane season, conservationists talk flooding prevention efforts","The Gulf Coast and the Atlantic region are on edge as $10 billion dedicated to storm preparation has been cut, just a month from hurricane season. Conservationists have long been working to shore up natural barriers to slow storm flooding, but those changes d…",https://www.cbsnews.com/video/ahead-of-hurricane-season-conservationists-talk-flooding-prevention-efforts/,https://assets3.cbsnewsstatic.com/hub/i/r/2025/05/10/725ca217-68c0-4fe3-93c0-0007aef210a3/thumbnail/1200x630/83a331c6f28f9e22d6d9efe8de464323/0510-satmo-miller.jpg?v=e61856d8e666e7ed5709adc37bb2d465,,Copyright ©2025 CBS Interactive Inc. All rights reserved.,,"Im Vorfeld der Hurrikansaison sprechen Naturschützer über Maßnahmen zur Überschwemmungsprävention. Die Golfküste und die Atlantikregion stehen unter Druck, da 10 Milliarden US-Dollar für die Sturmvorbereitung gekürzt wurden, nur einen Monat vor Beginn der Hurrikansaison. Naturschützer arbeiten seit langem daran, natürliche Barrieren zu stärken, um Sturmfluten zu verlangsamen, aber diese Veränderungen d…","Ahead of hurricane season, conservationists talk flooding prevention efforts. The Gulf Coast and the Atlantic region are on edge as $10 billion dedicated to storm preparation has been cut, just a month from hurricane season. Conservationists have long been working to shore up natural barriers to slow storm flooding, but those changes d…","Praevenerunt tempus tempestatis, conservationistae loquuntur inundationem praeventionis conatus. In ora Sinus Coast et Regio Atlantica sunt sicut $10 miliarda praeparationi tempestati dicata, sicut unus mensis ab tempore tempestatis abscisus est. Conservationistae iamdiu laboraverunt ut claustra naturalia curarent ut tempestas tarda inundaret, sed mutationes illae d…",2026-01-07 21:55:04+00:00
2618cf8e65fcc1b9219397c1d56b830c,2025-05-10T13:42:25Z,'flooding',abcnews.go.com,en,0.0,At least seven people die as heavy rains leave waist-high floodwaters in Somalia's capital,"At least seven people have died, and major roads cut off after heavy rains led to flooding in Somalia’s capital, Mogadishu on Friday night due to an overwhelmed drainage system and a growing urban population",https://abcnews.go.com/International/wireStory/people-die-heavy-rains-leave-waist-high-floodwaters-121667503,https://i.abcnewsfe.com/a/49646b48-b725-4cc2-80b8-2aa8ce763eb2/wirestory_ef96fa4023e4db330893896415f36b2f_16x9.jpg?w=1600,https://web.archive.org/web/20250510154005/https://abcnews.go.com/International/wireStory/people-die-heavy-rains-leave-waist-high-floodwaters-121667503,"MOGADISHU, Somalia -- At least seven people have died and major roads were cut off after heavy rains led to flooding in Somalias capital, Mogadishu, on Friday night due to an overwhelmed drainage sys… [+1513 chars]",,"Mindestens sieben Menschen sterben, als heftige Regenfälle in Somalias Hauptstadt hüfthohe Überschwemmungen hinterlassen. Mindestens sieben Menschen kamen ums Leben, und die Unterbrechung wichtiger Straßen nach heftigen Regenfällen führte am Freitagabend zu Überschwemmungen in der somalischen Hauptstadt Mogadischu, da das Entwässerungssystem überlastet war und die Stadtbevölkerung zunahm","At least seven people die as heavy rains leave waist-high floodwaters in Somalia's capital. At least seven people have died, and major roads cut off after heavy rains led to flooding in Somalia’s capital, Mogadishu on Friday night due to an overwhelmed drainage system and a growing urban population","Saltem septem homines moriuntur ut imbribus umoris aquae diluvii in Somalia capitali discedunt. Saltem septem homines mortui sunt, et viae maioris desectae cum gravibus imbribus ducti sunt ad inundationem in capitali Somalia, Mogadishu die Veneris noctis ob inficiose systematis oppressi et incolarum urbanorum crescentis",2026-01-07 21:55:04+00:00
21e1c368bd05452e796936c2ec11365f,2025-05-10T14:57:31Z,'flooding',consent.yahoo.com,en,0.0,"Storm crawling through Southeast will raise the risk for flooding, damaging thunderstorms",,https://consent.yahoo.com/v2/collectConsent?sessionId=1_cc-session_3c720c1a-2f14-4823-9e87-9f65f9d1fd23,,,"If you click 'Accept all', we and our partners, including 241 who are part of the IAB Transparency &amp; Consent Framework, will also store and/or access information on a device (in other words, use … [+714 chars]",,Der durch den Südosten ziehende Sturm erhöht die Gefahr von Überschwemmungen und verheerenden Gewittern. Nan,"Storm crawling through Southeast will raise the risk for flooding, damaging thunderstorms. nan","Tempestas per Africum reptans periculum pro inundatione, damnosa tonitribus excitabit. nan",2026-01-07 21:55:04+00:00
fb6a056447cca4e407c32789f99821c1,2025-05-10T16:39:10Z,'flooding',www.wkrg.com,en,0.0,Dauphin Island marina hit hard by storm with boat damage and debris (photos),"DAUPHIN ISLAND, Ala. (WKRG) — A strong storm roared through Dauphin Island before dawn Saturday morning. It left flooding and several damaged sites in its...",https://www.wkrg.com/mobile-county/dauphin-island-marina-hit-hard-by-storm-with-boat-damage-and-debris-photos/,https://media.zenfs.com/en/wkrg_articles_233/233fff2fcc6b769545c39e30e72c8fec,https://web.archive.org/web/20250510163929/http://www.wkrg.com/mobile-county/dauphin-island-marina-hit-hard-by-storm-with-boat-damage-and-debris-photos/,"DAUPHIN ISLAND, Ala. (WKRG) A strong storm roared through Dauphin Island before dawn Saturday morning. It left flooding and several damaged sites in its wake.
The most concentrated damage could be s… [+1314 chars]",,"Der Yachthafen von Dauphin Island wurde vom Sturm schwer getroffen, das Boot wurde beschädigt und Trümmer erlitten (Fotos). DAUPHIN ISLAND, Ala. (WKRG) – Ein starker Sturm tobte am Samstagmorgen vor Tagesanbruch über Dauphin Island. Es hinterließ Überschwemmungen und mehrere beschädigte Stellen in seinem...","Dauphin Island marina hit hard by storm with boat damage and debris (photos). DAUPHIN ISLAND, Ala. (WKRG) — A strong storm roared through Dauphin Island before dawn Saturday morning. It left flooding and several damaged sites in its...","Delphinus Island marina graviter tempestate in navi cum damno et strages (photos). DAUPHIN INSULA, Alaricus (WKRG) — Fortis tempestas per delphinum Island sonuit ante diluculum Sabbati mane. Inundationem reliquit et pluribus locis sauciis in suis...",2026-01-07 21:55:04+00:00
c31dca4d896f2ce03b472f3ba9604363,2025-05-10T17:09:52Z,'flooding',abcnews.go.com,en,0.0,Flooding in eastern Congo kills 62 people with 50 missing,"Heavy flooding following torrential rains in eastern Congo has washed away several villages along the shores of Lake Tanganyika in eastern Congo, leaving at least 62 dead and 50 missing",https://abcnews.go.com/International/wireStory/flooding-eastern-congo-kills-62-people-50-missing-121672543,https://s.abcnews.com/images/US/abc_news_default_2000x2000_update_16x9_992.jpg,https://web.archive.org/web/20250510181625/https://abcnews.go.com/International/wireStory/flooding-eastern-congo-kills-62-people-50-missing-121672543,"BUKAVU, Congo -- Heavy flooding following torrential rains in eastern Congo washed away several villages along the shores of Lake Tanganyika, leaving at least 62 dead and 50 missing, authorities said… [+867 chars]",,"Bei Überschwemmungen im Ostkongo kommen 62 Menschen ums Leben, 50 werden vermisst. Schwere Überschwemmungen infolge sintflutartiger Regenfälle im Osten des Kongo haben mehrere Dörfer an den Ufern des Tanganjikasees im Osten des Kongos weggespült und mindestens 62 Tote und 50 Vermisste hinterlassen","Flooding in eastern Congo kills 62 people with 50 missing. Heavy flooding following torrential rains in eastern Congo has washed away several villages along the shores of Lake Tanganyika in eastern Congo, leaving at least 62 dead and 50 missing","Inundatio in Congo Orientali 62 homines cum 50 numero necat. Gravis inundatio sequentes imbres torrentes in Congo Orientali complures vicos abluit per litora lacus Tanganyika in Congo orientali, relicto saltem 62 mortuo et 50 desunt.",2026-01-07 21:55:04+00:00
d20628f82a2df6e6fa66129da1bda0c0,2025-05-10T18:46:13Z,'flooding',www.cbsnews.com,en,0.0,At least 62 killed and dozens missing after flooding in eastern Congo,"Heavy flooding after torrential rains in eastern Congo washed away villages along the shores of Lake Tanganyika, leaving at least 62 dead.",https://www.cbsnews.com/news/eastern-congo-flooding-62-dead-dozens-missing/,https://assets3.cbsnewsstatic.com/hub/i/r/2023/05/06/50e63f48-2588-495c-abb6-f7de47e45797/thumbnail/1200x630/1777679840816b11c41d3cbea29909c8/ap23126541415166.jpg?v=e61856d8e666e7ed5709adc37bb2d465,https://web.archive.org/web/20250510185045/https://www.cbsnews.com/news/eastern-congo-flooding-62-dead-dozens-missing/,"Heavy flooding following torrential rains in eastern Congo washed away several villages along the shores of Lake Tanganyika, leaving at least 62 dead and 50 missing, authorities said Saturday.
Witne… [+865 chars]",,Mindestens 62 Tote und Dutzende Vermisste nach Überschwemmungen im Osten des Kongo. Schwere Überschwemmungen nach sintflutartigen Regenfällen im Osten des Kongo haben Dörfer entlang der Ufer des Tanganjikasees weggespült und mindestens 62 Todesopfer gefordert.,"At least 62 killed and dozens missing after flooding in eastern Congo. Heavy flooding after torrential rains in eastern Congo washed away villages along the shores of Lake Tanganyika, leaving at least 62 dead.","Saltem 62 occidit et justo absentis postquam inundationem in Congo Orientali. Gravis inundatio post imbres torrentes in Congo Orientali villas per lacum Tanganyika abluit, relicto saltem 62 mortuo.",2026-01-07 21:55:04+00:00
e3e1328d8b0c7d4ed1e313dab179a12a,2025-05-10T23:13:59Z,'flooding house',www.nzherald.co.nz,en,0.0,Auckland family says floods may force them out: ‘We thought it would never happen in our lifetime’,"'We thought it would never happen in our lifetime, but it's happened twice now.'",https://www.nzherald.co.nz/nz/auckland-family-says-floods-may-force-them-out-we-thought-it-would-never-happen-in-our-lifetime/NPZ64RU5EVDINHJKJPXNPK45LI/,https://www.nzherald.co.nz/resizer/v2/QVNDKQJJW5FSPJ4DXQVR5YMOSM.png?auth=9978f310357f56ac03ce875bfe6eb241d2f4eb3f2a0c7417c186ddad00b479a8&width=1200&height=675&quality=70&focal=391%2C411&smart=false,https://web.archive.org/web/20250510233051/https://www.nzherald.co.nz/nz/auckland-family-says-floods-may-force-them-out-we-thought-it-would-never-happen-in-our-lifetime/NPZ64RU5EVDINHJKJPXNPK45LI/,"We built to stay here, and for the kids and their kids to stay on here, she said.
But when the flooding struck on Good Friday, Hansell said she felt anxious to see it happen all over again.
She sai… [+1938 chars]",,"Familie aus Auckland sagt, Überschwemmungen könnten sie zur Flucht zwingen: „Wir dachten, das würde in unserem Leben nie passieren.“ „Wir dachten, das würde in unserem Leben nie passieren, aber jetzt ist es zweimal passiert.“","Auckland family says floods may force them out: ‘We thought it would never happen in our lifetime’. 'We thought it would never happen in our lifetime, but it's happened twice now.'","Auckland familia dicit inundationes eas extorquere posse: 'Numquam nobis vita nostra futurum esse putavimus'. ""Nunquam putavimus hoc in vita nostra futurum, sed nunc bis factum est.""",2026-01-07 21:55:04+00:00
cd7df66662be7b4493bb39d8c0f205f0,2025-05-11T04:09:00Z,'floods',www.bangkokpost.com,en,0.0,"Flash floods in Korat's Wang Nam Khiao cause damage, 1 missing","Heavy rains in Wang Nam Khiao, Nakhon Ratchasima, led to flash floods that caused significant damage and left one construction worker missing.",https://www.bangkokpost.com/thailand/general/3022790/flash-floods-in-korats-wang-nam-khiao-cause-damage-1-missing,https://static.bangkokpost.com/media/content/20250511/c1_3022790_250511110003_700.jpg,https://web.archive.org/web/20250511105200/https://www.bangkokpost.com/thailand/general/3022790/flash-floods-in-korats-wang-nam-khiao-cause-damage-1-missing,"Heavy rains in Wang Nam Khiao, Nakhon Ratchasima, led to flash floods that caused significant damage and left one construction worker missing. 
The incident occurred on Saturday in the Udomsap sub-d… [+782 chars]",,"Sturzfluten in Wang Nam Khiao in Korat verursachen Schäden, 1 wird vermisst. Heftige Regenfälle in Wang Nam Khiao, Nakhon Ratchasima, führten zu Sturzfluten, die erhebliche Schäden verursachten und einen Bauarbeiter vermissten.","Flash floods in Korat's Wang Nam Khiao cause damage, 1 missing. Heavy rains in Wang Nam Khiao, Nakhon Ratchasima, led to flash floods that caused significant damage and left one construction worker missing.","Flash inundationes in Korat's Wang Nam Khiao damnum causant, 1 deest. Imbres graves in Wang Nam Khiao, Nakhon Ratchasima duxerunt ut diluvia diluvia quae significant detrimentum attulit et unum artificem deesse reliquit.",2026-01-07 21:55:04+00:00
249b6d6d6dfa05bf99e9818e69b520ce,2025-05-11T05:24:00Z,'flooding storm',www.bangkokpost.com,en,0.0,"Thailand set for summer storms, heavy rain","The Meteorological Department has issued a warning for  summer storms  in upper Thailand and  heavy rain  in the south, posing a risk of short-term flooding.",https://www.bangkokpost.com/thailand/general/3022830/thailand-set-for-summer-storms-heavy-rain,https://static.bangkokpost.com/media/content/20250511/c1_3022830_250511121049_700.jpg,https://web.archive.org/web/20250511105200/https://www.bangkokpost.com/thailand/general/3022830/thailand-set-for-summer-storms-heavy-rain,"The Meteorological Department has issued a warning for summer storms in upper Thailand and heavy rain in the south, posing a risk of short-term flooding.
Sunday's announcement highlights the potenti… [+1679 chars]",,"Thailand steht vor Sommerstürmen und starkem Regen. Das Meteorologische Amt hat vor Sommerstürmen in Oberthailand und starken Regenfällen im Süden gewarnt, wodurch die Gefahr kurzfristiger Überschwemmungen besteht.","Thailand set for summer storms, heavy rain. The Meteorological Department has issued a warning for  summer storms  in upper Thailand and  heavy rain  in the south, posing a risk of short-term flooding.","Thailand tempestates aestates et pluvias graves constituunt. Department Meteorologicum monuit de procellis aestivis in Thailandia superiore et pluvia in meridiem posito, periculum breve tempus inundationis ponens.",2026-01-07 21:55:04+00:00
b932ca2ac8e116f0d989fb34c1740f4d,2025-05-11T09:17:01Z,'flooding',www.businessinsider.com,en,0.0,Skiplagged's CEO has tips on how to use the travel hack without getting caught by airlines,"Airlines hate the practice, but Skiplagged's CEO says young people are flooding the website looking for travel deals.",https://www.businessinsider.com/skiplagged-ceo-tips-travel-hack-cheap-tickets-not-get-caght-2025-5,https://i.insider.com/681e1838a466d2b74ab5828d?width=1200&format=jpeg,https://web.archive.org/web/20250511093115/https://www.businessinsider.com/skiplagged-ceo-tips-travel-hack-cheap-tickets-not-get-caght-2025-5,"Skiplagged.com CEO told BI he isn't worried about how much airlines hate him and his company.Courtesy of Aktarer Zaman
<ul><li>Skiplagged.com helps people book cheaper fares through a practice airli… [+7279 chars]",,"Der CEO von Skiplagged gibt Tipps, wie Sie den Reise-Hack nutzen können, ohne von Fluggesellschaften erwischt zu werden. Fluggesellschaften hassen diese Praxis, aber der CEO von Skiplagged sagt, dass junge Leute die Website auf der Suche nach Reiseangeboten überschwemmen.","Skiplagged's CEO has tips on how to use the travel hack without getting caught by airlines. Airlines hate the practice, but Skiplagged's CEO says young people are flooding the website looking for travel deals.","Skiplagged scriptor CEO apices habet in quomodo uti hack utere sine questus ab airlines deprehensus. Porttitor exercitationem odit, sed Skiplagged scriptor CEO dicit iuvenes inundantes website quod agit de peregrinatione quaerunt.",2026-01-07 21:55:04+00:00
7f0413e576b6409cfdb797abaad6faf7,2025-05-11T11:01:19Z,'floods',www.aljazeera.com,en,0.0,"Heavy rains cause flooding in Somali capital, killing seven","Heavy rains trigger flooding that damages roads, homes and key infrastructure in Mogadishu.",https://www.aljazeera.com/gallery/2025/5/11/heavy-rains-cause-flooding-in-somali-capital-killing-seven,https://www.aljazeera.com/wp-content/uploads/2025/05/AP25130427118796-1746944829.jpg?resize=1920%2C1440,https://web.archive.org/web/20250511145852/https://www.aljazeera.com/gallery/2025/5/11/heavy-rains-cause-flooding-in-somali-capital-killing-seven,"At least seven people have died, and main roads were cut off after heavy rains led to flooding in Somalias capital, Mogadishu.
The regional administration spokesperson, Abdinasir Hirsi Idle, said on… [+1397 chars]",,"Heftige Regenfälle verursachen Überschwemmungen in der somalischen Hauptstadt und fordern sieben Todesopfer. Heftige Regenfälle lösen Überschwemmungen aus, die Straßen, Häuser und wichtige Infrastruktur in Mogadischu beschädigen.","Heavy rains cause flooding in Somali capital, killing seven. Heavy rains trigger flooding that damages roads, homes and key infrastructure in Mogadishu.","Imbres graves causa inundationis in urbe Somaliana septem occidunt. Imbres graves inundationes trigger quae damna viarum, domorum et clavorum infrastructurae in Mogadishu sunt.",2026-01-07 21:55:04+00:00
dba596e46249f6c43da29553dc7326f6,2025-05-11T13:26:00Z,'flooding rain',news.sky.com,en,0.0,Thunderstorms forecast for large part of UK tomorrow,"The Met Office has issued a yellow weather warning for thunderstorms, which could lead to flooding and disruption in parts of the UK.",https://news.sky.com/story/thunderstorms-forecast-for-large-part-of-uk-tomorrow-13365857,https://e3.365dm.com/25/04/1600x900/skynews-rain-a38-devon-plymouth_6887267.jpg?20250415124742,https://web.archive.org/web/20250511181253/https://news.sky.com/story/thunderstorms-forecast-for-large-part-of-uk-tomorrow-13365857,"The Met Office has issued a yellow weather warning for thunderstorms, which could lead to flooding and disruption in parts of the UK.
Much of England and Wales is today enjoying sunshine and tempera… [+1490 chars]",,"Für morgen sind für weite Teile Großbritanniens Gewitter vorhergesagt. Das Met Office hat eine gelbe Wetterwarnung für Gewitter herausgegeben, die in Teilen des Vereinigten Königreichs zu Überschwemmungen und Störungen führen könnten.","Thunderstorms forecast for large part of UK tomorrow. The Met Office has issued a yellow weather warning for thunderstorms, which could lead to flooding and disruption in parts of the UK.",Magnis dis parturient cras augue. Met Officium flavum tempestatem denuntiavit de tonitribus quae inundationem et distractionem in partibus UK.,2026-01-07 21:55:04+00:00
6f510573dd327e886ab55357211a37ed,2025-05-11T15:40:31Z,'floods',www.bbc.com,en,0.0,Thunderstorms and floods forecast despite driest spring for decades,"A yellow warning has been issued for thunderstorms and floods, despite the UK experiencing its driest spring for nearly 70 years.",https://www.bbc.com/news/articles/c3wdpwv9n3jo,https://ichef.bbci.co.uk/news/1024/branded_news/1bb8/live/e8a36260-2e6d-11f0-a7db-8f86db302f9f.png,https://web.archive.org/web/20250511161921/https://www.bbc.com/news/articles/c3wdpwv9n3jo,"A yellow weather warning has been issued for thunderstorms, which could lead to flooding in parts of England and Wales.
The warning covers areas including Wales, the Midlands, west of England, Londo… [+1128 chars]",,"Trotz des trockensten Frühlings seit Jahrzehnten werden Gewitter und Überschwemmungen vorhergesagt. Für Gewitter und Überschwemmungen wurde eine gelbe Warnung ausgegeben, obwohl das Vereinigte Königreich den trockensten Frühling seit fast 70 Jahren erlebt.","Thunderstorms and floods forecast despite driest spring for decades. A yellow warning has been issued for thunderstorms and floods, despite the UK experiencing its driest spring for nearly 70 years.","Tonitrua et flumina praenuntiant, quamvis siccissima fontis decennia. Flavus admonitio pro tonitribus et inundationibus edita est, quamquam in UK aridissimum fontem suum per annos fere 70 experitur.",2026-01-07 21:55:04+00:00
0a64726378bc533e30a782fb9a9cda3c,2025-05-11T18:20:53Z,'flooding',www.aljazeera.com,en,0.0,"More than 100 dead after flooding in eastern DR Congo, officials say","The victims were mostly children and elderly people, with an additional 28 injured.",https://www.aljazeera.com/news/2025/5/11/more-than-100-dead-after-flooding-in-eastern-dr-congo-officials-say,https://www.aljazeera.com/wp-content/uploads/2021/08/DR.CONGO_KINSHASA_WEBMAP-1000x562-1.jpg?resize=1200%2C675,https://web.archive.org/web/20250511201842/https://www.aljazeera.com/news/2025/5/11/more-than-100-dead-after-flooding-in-eastern-dr-congo-officials-say,"Heavy overnight floods have washed away several villages in the Democratic Republic of the Congo, killing more than 100 people, according to local officials, in a nation suffering war and mass displa… [+2137 chars]",,"Mehr als 100 Tote bei Überschwemmungen im Osten der DR Kongo, sagen Beamte. Bei den Opfern handelte es sich hauptsächlich um Kinder und ältere Menschen, weitere 28 wurden verletzt.","More than 100 dead after flooding in eastern DR Congo, officials say. The victims were mostly children and elderly people, with an additional 28 injured.","Plus quam 100 mortui post inundationem in orientali DR Congo magistratus dicunt. Victimae plerunque infantes senesque erant, addito 28 laesi.",2026-01-07 21:55:04+00:00
26191fd2ddca09b634bbff316695f8a1,2025-05-11T23:35:19Z,'flooding rain',slashdot.org,en,0.0,Heavy Rain and Flooding Threaten the Southeast and Mid-Atlantic - The New York Times,"Heavy Rain and Flooding Threaten the Southeast and Mid-AtlanticThe New York Times Atmospheric River To Soak The Southeast, Including Drought-Stricken FloridaThe Weather Channel Heavy Rain on the WayWYFF Mother’s Day weekend in Naples could bring first major r…",https://slashdot.org/firehose.pl?op=view&amp;id=177451891,,,The Fine Print: The following comments are owned by whoever posted them. We are not responsible for them in any way.,,"Heftiger Regen und Überschwemmungen bedrohen den Südosten und den mittleren Atlantik – The New York Times. Heftige Regenfälle und Überschwemmungen bedrohen den Südosten und den mittleren Atlantik. Der atmosphärische Fluss der New York Times überschwemmt den Südosten, einschließlich des von Dürre heimgesuchten Florida.","Heavy Rain and Flooding Threaten the Southeast and Mid-Atlantic - The New York Times. Heavy Rain and Flooding Threaten the Southeast and Mid-AtlanticThe New York Times Atmospheric River To Soak The Southeast, Including Drought-Stricken FloridaThe Weather Channel Heavy Rain on the WayWYFF Mother’s Day weekend in Naples could bring first major r…","Pluviae graves et Inundationes Threaten the Southeast and Mid-Atlantic - The New York Times. Imber gravis et inundatio Threaten Southeast et Mid-AtlanticThe New York Times Atmosphaerae Flumen Ad Soak Southeast, Including Drought-Stricken FloridaThe Weather Channel Gravis Pluviae in WayWYFF Dies Matris in Neapolitano maiorem r…",2026-01-07 21:55:04+00:00
753e13cb054f04437ab492cbdf35ac45,2025-05-12T01:00:00Z,'floods',www.nzherald.co.nz,en,0.0,"Hawke’s Bay’s climate future revealed - droughts, floods and more hot days",The first climate change assessment report for Hawke's Bay has been released.,https://www.nzherald.co.nz/hawkes-bay-today/news/hawkes-bays-climate-future-revealed-droughts-floods-and-more-hot-days/HXUTJZAJ4BABREE2FDCXPMUKLQ/,https://www.nzherald.co.nz/resizer/v2/NARFG7S5ZZFCPKG45F6IEV3MEU.jfif?auth=7346294be35b87453794e784812166bc91c85eec21ae7b6592a7127ca257f420&width=1200&height=675&quality=70&focal=461%2C313&smart=false,https://web.archive.org/web/20250512060110/https://www.nzherald.co.nz/hawkes-bay-today/news/hawkes-bays-climate-future-revealed-droughts-floods-and-more-hot-days/HXUTJZAJ4BABREE2FDCXPMUKLQ/,"<ul><li>Ex-tropical cyclones are likely to become more intense, packing stronger winds and heavier rainfall.</li><li>Fire seasons will get longer and more dangerous, with increased risks of wildfires… [+5970 chars]",,"Die klimatische Zukunft von Hawke’s Bay wurde enthüllt – Dürren, Überschwemmungen und weitere heiße Tage. Der erste Bericht zur Bewertung des Klimawandels für Hawke's Bay wurde veröffentlicht.","Hawke’s Bay’s climate future revealed - droughts, floods and more hot days. The first climate change assessment report for Hawke's Bay has been released.","Clima in Bay Hawke futurum revelatum - siccitates, inundationes et dies calidiores sunt. Primam mutationem climatis aestimationem reportare pro Hawke's Bay dimissum est.",2026-01-07 21:55:04+00:00
0a5f4f73711815c59215f0b82b42bc53,2025-05-12T09:04:27Z,'flooding',economictimes.indiatimes.com,en,0.0,Delhi beer crisis: Why Bhutanese and Nepalese beers are flooding the national capital,"Delhi is currently experiencing a beer shortage. Popular beer brands are scarce in retail stores, bars, and restaurants. Beers from Bhutan and Nepal are now prominent. Experts attribute this to policy issues and profit incentives. Consumers are traveling to H…",https://economictimes.indiatimes.com/industry/cons-products/liquor/delhi-beer-crisis-why-bhutanese-and-nepalese-beers-are-flooding-the-national-capital/articleshow/121104336.cms,"https://img.etimg.com/thumb/msid-121104412,width-1200,height-630,imgsize-59273,overlay-economictimes/articleshow.jpg",https://web.archive.org/web/20250512102756/https://economictimes.indiatimes.com/industry/cons-products/liquor/delhi-beer-crisis-why-bhutanese-and-nepalese-beers-are-flooding-the-national-capital/articleshow/121104336.cms,"Delhi is in the midst of a beer crisisand not the kind you'd want before a house party. According to a Times of India report, the capital is facing an acute shortage of popular beer brands, with gove… [+2224 chars]",,"Bierkrise in Delhi: Warum bhutanische und nepalesische Biere die Landeshauptstadt überschwemmen. Delhi leidet derzeit unter Bierknappheit. Beliebte Biermarken sind in Einzelhandelsgeschäften, Bars und Restaurants Mangelware. Biere aus Bhutan und Nepal sind mittlerweile im Vordergrund. Experten führen dies auf politische Probleme und Gewinnanreize zurück. Verbraucher reisen nach H…","Delhi beer crisis: Why Bhutanese and Nepalese beers are flooding the national capital. Delhi is currently experiencing a beer shortage. Popular beer brands are scarce in retail stores, bars, and restaurants. Beers from Bhutan and Nepal are now prominent. Experts attribute this to policy issues and profit incentives. Consumers are traveling to H…","Discrimen cerevisiae Delhi: Cur cerevisiae Bhutanese et Nepalese capitis nationalem inundant. Delhi nunc dolor penuriam experitur. Faces cervisiae vulgaris vix in thesauris, vectibus et popinis sunt. Beers a Bhutan et Nepal nunc prominentes sunt. Periti hoc tribuunt quaestionibus et lucri incitamentis. Perussi iter ad H...",2026-01-07 21:55:04+00:00
4f5110c6a83603b3f5ded0a07d67a097,2025-05-12T09:10:26Z,'flooding',phys.org,en,0.0,UK towns harness nature to combat rising flood risk,"In a stream near Leicester in central England, six volunteers in waterproof overalls and boots busily reinforced mini wooden structures designed to combat the rising flooding threat.",https://phys.org/news/2025-05-uk-towns-harness-nature-combat.html,https://scx2.b-cdn.net/gfx/news/2025/a-volunteer-constructs.jpg,https://web.archive.org/web/20250512091622/https://phys.org/news/2025-05-uk-towns-harness-nature-combat.html,"In a stream near Leicester in central England, six volunteers in waterproof overalls and boots busily reinforced mini wooden structures designed to combat the rising flooding threat.
The city, like … [+4498 chars]",,"Britische Städte nutzen die Natur, um das steigende Hochwasserrisiko zu bekämpfen. In einem Bach in der Nähe von Leicester in Mittelengland verstärkten sechs Freiwillige in wasserdichten Overalls und Stiefeln fleißig Mini-Holzkonstruktionen, die der steigenden Überschwemmungsgefahr entgegenwirken sollten.","UK towns harness nature to combat rising flood risk. In a stream near Leicester in central England, six volunteers in waterproof overalls and boots busily reinforced mini wooden structures designed to combat the rising flooding threat.","UK oppidis phaleras naturae ad periculum inundationis ortu pugnare. In rivo prope Leicestriam in media Anglia, sex voluntarii in altioribus impervia et ocreis sedulo aucti, mini structuris ligneis destinati, ad minas inundationis ortu pugnare.",2026-01-07 21:55:04+00:00
8a8c5c3d9b363d2150b1061d2efa980f,2025-05-12T10:42:35Z,'flooding',weather.com,en,0.0,"Soaking Rain, Flooding Potential Remains For Southeast","More soaking rain is expected for the Southeast as an atmospheric river continues to feed an abundance of moisture into the region, bringing the potential...",https://weather.com/storms/severe/video/soaking-rain-flooding-potential-remains-for-southeast,https://s.yimg.com/ny/api/res/1.2/U.kCEESvpyUeDN3ZkuHwgA--/YXBwaWQ9aGlnaGxhbmRlcjt3PTEyMDA7aD02NzU-/https://media.zenfs.com/en/the_weather_channel_videos_110/3e0a2b23ba7fd034c7a404fdb12d029a,,"More soaking rain is expected for the Southeast as an atmospheric river continues to feed an abundance of moisture into the region, bringing the potential for flash flooding. Heavy rain, falling on a… [+350 chars]",,"Durchnässender Regen, Überschwemmungspotenzial bleibt für den Südosten bestehen. Für den Südosten wird mit weiteren Niederschlägen gerechnet, da ein atmosphärischer Fluss weiterhin reichlich Feuchtigkeit in die Region einspeist, was das Potenzial mit sich bringt...","Soaking Rain, Flooding Potential Remains For Southeast. More soaking rain is expected for the Southeast as an atmospheric river continues to feed an abundance of moisture into the region, bringing the potential...","Bibula Pluvia, Potentia Inundatio Reliquiae For Southeast. Plures bibula pluvia exspectatur pro Southeast sicut flumen atmosphaericum abundantiam humoris in regionem pascere pergit, potentialem afferens.",2026-01-07 21:55:04+00:00
9a2a355adcbaa5b645042541399f20f7,2025-05-12T11:55:34Z,'flooding',www.wftv.com,en,0.0,Soaking storms increase street flooding concerns in Central Florida,Soaking storms increase street flooding concerns in Central Floridawftv.com,https://www.wftv.com/news/local/soaking-storms-increase-street-flooding-concerns-central-florida/HEBAPDELMBFVRERPSGPACF25VE/,https://cmg-cmg-tv-10070-prod.cdn.arcpublishing.com/resizer/v2/https%3A%2F%2Fcloudfront-us-east-1.images.arcpublishing.com%2Fcmg%2FI53XYITY55HNRDY2GZXPOTVUHQ.jpg?auth=4a5dcf93b3a78f622126855b513af68462e2a07cc4c24122b63f2a0b3611f16c&width=1200&height=630&smart=true,,"ORLANDO, Fla. — Drivers are being urged to use extra caution on Monday in Central Florida. 
Strong to severe storms will be ongoing as a front moves through Florida.
Many areas have seen inches of … [+511 chars]",,Durchnässte Stürme verstärken die Sorge über Straßenüberschwemmungen in Zentralflorida. Durchnässte Stürme verstärken die Besorgnis über Straßenüberschwemmungen in Zentralfloridawftv.com,Soaking storms increase street flooding concerns in Central Florida. Soaking storms increase street flooding concerns in Central Floridawftv.com,Tempestates bibula augent plateas inundationes curas in Central Florida. Tempestates bibulae augent plateam inundationem curarum in Central Floridawftv.com,2026-01-07 21:55:04+00:00
26147027f3fb5bf53c6883f342d5a941,2025-05-12T12:00:00Z,'floods',news.un.org,en,0.0,Climate change takes increasingly extreme toll on African countries,"Devastating floods in South Sudan in recent months left thousands of herders without their most precious possessions: goats, cows and cattle. The animals are central to people’s lives and age-old customs including marriage and cultural traditions. All risk be…",https://news.un.org/en/story/2025/05/1163126,https://global.unitednations.entermediadb.net/assets/mediadb/services/module/asset/downloads/preset/Libraries/Production%20Library/08-05-2025_WMO_Heat_Report.jpg/image770x420cropped.jpg,https://web.archive.org/web/20250512145348/https://news.un.org/en/story/2025/05/1163126,"Extreme weather and climate change impacts are hitting every single aspect of socio-economic development in Africa andexacerbating hunger, insecurity and displacement, the UN World Meteorological Org… [+5794 chars]",,"Der Klimawandel fordert von den afrikanischen Ländern immer extremere Folgen. Die verheerenden Überschwemmungen im Südsudan haben in den letzten Monaten dazu geführt, dass Tausende von Hirten ihr wertvollstes Hab und Gut verloren haben: Ziegen, Kühe und Rinder. Die Tiere spielen eine zentrale Rolle im Leben der Menschen und in ihren jahrhundertealten Bräuchen, einschließlich der Ehe und kulturellen Traditionen. Es besteht die Gefahr, dass …","Climate change takes increasingly extreme toll on African countries. Devastating floods in South Sudan in recent months left thousands of herders without their most precious possessions: goats, cows and cattle. The animals are central to people’s lives and age-old customs including marriage and cultural traditions. All risk be…","Mutatio climatis magis magisque vectigal extremum in Africanis regionibus accipit. Inundationes vastantes in Sudania Australi proximis mensibus milia armentorum reliquerunt sine pretiosissimis possessionibus: capras, vaccas et pecora. Animalia centralia sunt hominum vitas et consuetudines antiquas possidet traditiones matrimoniales et culturales. Omnes periculum esto…",2026-01-07 21:55:04+00:00
8d17b825e64d91cee0ef93b99df30835,2025-05-12T13:35:57Z,'flooding rain',www.insurancejournal.com,en,0.0,"Tornadoes, Winds, Rain Hit Florida Panhandle and Parts of Alabama","Tornadoes, strong winds and flash flooding hit parts of north Florida and Alabama over the weekend, damaging dozens of homes and commercial and farm structures, weather and local news sites reported. In the Florida Panhandle, tornadoes ripped roofs from homes…",https://www.insurancejournal.com/news/southeast/2025/05/12/823330.htm,https://www.insurancejournal.com/img/social/opengraph/ij-social-default-1200x630.png,https://web.archive.org/web/20250515193507/https://www.insurancejournal.com/news/southeast/2025/05/12/823330.htm,"Tornadoes, strong winds and flash flooding hit parts of north Florida and Alabama over the weekend, damaging dozens of homes and commercial and farm structures, weather and local news sites reported.… [+766 chars]",,"Tornados, Winde und Regen trafen Florida Panhandle und Teile von Alabama. Tornados, starke Winde und Sturzfluten haben am Wochenende Teile Nordfloridas und Alabamas heimgesucht und Dutzende Häuser sowie Gewerbe- und Agrargebäude beschädigt, wie Wetter- und lokale Nachrichtenseiten berichteten. Im Florida Panhandle rissen Tornados Dächer von Häusern ab …","Tornadoes, Winds, Rain Hit Florida Panhandle and Parts of Alabama. Tornadoes, strong winds and flash flooding hit parts of north Florida and Alabama over the weekend, damaging dozens of homes and commercial and farm structures, weather and local news sites reported. In the Florida Panhandle, tornadoes ripped roofs from homes…","Tornadoes, Venti, Pluvia Hit Florida Panhandle et Partes Alabamae. Tornadoes, venti validi et inundationes hit partium Floridae septentrionalis et Alabamae super weekend, damnosae dozens domorum et structurarum mercatorum et firmarum, tempestatum et locorum nuntiorum situs nuntiaverunt. In Florida Panhandle, turbines e penatibus tecta diripuere…",2026-01-07 21:55:04+00:00
556b5c66394fdd8a1a3b0af84c260744,2025-05-12T14:00:00Z,'flooding rain',journals.plos.org,en,0.0,Clinical characteristics and serotype association of dengue and dengue like illness in Pakistan,"Author summary Dengue (DENV) is a mosquito-borne disease endemic in Pakistan, with seasonal outbreaks often triggered by monsoon rains and flooding. In this study, we describe the clinical characteristics of laboratory-confirmed Dengue patients and those with…",https://journals.plos.org/plosntds/article?id=10.1371/journal.pntd.0012978,https://journals.plos.org/plosntds/article/figure/image?id=10.1371/journal.pntd.0012978.g004&size=inline,https://web.archive.org/web/20250516022115/https://journals.plos.org/plosntds/article?id=10.1371/journal.pntd.0012978,"Citation: Iqbal NT, Ahmed K, Khalid A, Imtiaz K, Ali QM, Munir T, et al. (2025) Clinical characteristics and serotype association of dengue and dengue like illness in Pakistan. PLoS Negl Trop Dis 19(… [+33120 chars]",,"Klinische Merkmale und Serotyp-Assoziation von Dengue-Fieber und Dengue-ähnlichen Erkrankungen in Pakistan. Zusammenfassung des Autors Denguefieber (DENV) ist eine in Pakistan endemische, durch Mücken übertragene Krankheit, deren saisonale Ausbrüche oft durch Monsunregen und Überschwemmungen ausgelöst werden. In dieser Studie beschreiben wir die klinischen Merkmale von im Labor bestätigten Dengue-Patienten und solchen mit…","Clinical characteristics and serotype association of dengue and dengue like illness in Pakistan. Author summary Dengue (DENV) is a mosquito-borne disease endemic in Pakistan, with seasonal outbreaks often triggered by monsoon rains and flooding. In this study, we describe the clinical characteristics of laboratory-confirmed Dengue patients and those with…","Orci characteres et consociatio serotype de dengue et dengue sicut morbos in dui. Autor summarium Dengue (DENV) est morbus endemicus in Pakistania, cum tumultus temporis saepe utitur imbribus et inundationibus monsoon. In hoc studio describimus notas clinicas laboratorio-confirmatas dengue aegros et eos qui cum…",2026-01-07 21:55:04+00:00
b4fe96f9ef7e726f0b24241ace0bea7a,2025-05-12T14:37:48Z,'deluge',lwn.net,en,0.0,Security updates for Monday,"Security updates have been issued by Debian (libbson-xs-perl, postgresql-13, redis, and simplesamlphp), Fedora (chromium, deluge, epiphany, golang-github-nats-io-nkeys, libxmp, nodejs22, perl-Compress-Raw-Lzma, php-adodb, python-h11, and xz), Gentoo (firefox,…",https://lwn.net/Articles/1020884/,,https://web.archive.org/web/20250512175055/https://lwn.net/Articles/1020884/,"Copyright © 2025, Eklektix, Inc.Comments and public postings are copyrighted by their creators.Linux is a registered trademark of Linus Torvalds",,"Sicherheitsupdates für Montag. Sicherheitsupdates wurden von Debian (libbson-xs-perl, postgresql-13, redis und simplesamlphp), Fedora (chromium, deluge, epiphany, golang-github-nats-io-nkeys, libxmp, nodejs22, perl-Compress-Raw-Lzma, php-adodb, python-h11 und xz), Gentoo (firefox, …) herausgegeben.","Security updates for Monday. Security updates have been issued by Debian (libbson-xs-perl, postgresql-13, redis, and simplesamlphp), Fedora (chromium, deluge, epiphany, golang-github-nats-io-nkeys, libxmp, nodejs22, perl-Compress-Raw-Lzma, php-adodb, python-h11, and xz), Gentoo (firefox,…","Securitas updates pro Lunae. Securitatis updates edita sunt a Debian (libbson-xs-perl, postgresql-13, redis, et simplesamlphp), Fedora (chromium, diluvium, epiphania, golang-github-nats-io-nkeys, libxmp, nodejs22, perl-compress-Raw-Lzma, php-adodb, python-h11),",2026-01-07 21:55:04+00:00
34d312439d1598d17cbbe667d1623586,2025-05-12T16:20:32Z,'flooding storm',www.foxweather.com,en,0.0,Flooding hits Helene recovery area in western North Carolina,Torrential rain and thunderstorms are raising fears across areas of western North Carolina that were impacted by Hurricane Helene last year. FOX Weather...,https://www.foxweather.com/watch/fmc-j1bzbb5wvq4zn6t4,https://s.yimg.com/ny/api/res/1.2/tylL9u3Zwf2Naq6Z_dB6gg--/YXBwaWQ9aGlnaGxhbmRlcjt3PTEyMDA7aD02NzU-/https://media.zenfs.com/en/fox_weather_videos_202/d47912ce7b396c56934cafab32bd4c1e,,Torrential rain and thunderstorms are raising fears across areas of western North Carolina that were impacted by Hurricane Helene last year. FOX Weather Meteorologists Ari Sarsalari and Marissa Torre… [+50 chars],,"Überschwemmungen treffen das Erholungsgebiet Helene im Westen von North Carolina. Sintflutartige Regenfälle und Gewitter schüren in den Gebieten im Westen von North Carolina, die letztes Jahr vom Hurrikan Helene heimgesucht wurden, Ängste. FOX Wetter...",Flooding hits Helene recovery area in western North Carolina. Torrential rain and thunderstorms are raising fears across areas of western North Carolina that were impacted by Hurricane Helene last year. FOX Weather...,Inundatio Helene recuperationem aream in occidentali Carolina septentrionali pervenit. Imbres et tonitrua torrentia timores excitant per areas Carolinae septentrionalis occidentalis quae proximo anno ab Helene Hurricane impactae sunt. FOX Tempestas...,2026-01-07 21:55:04+00:00
a4cc00156b9e51c04afedf454f518040,2025-05-12T17:24:48Z,'flooding area',www.cbc.ca,en,0.0,"Rainfall warnings issued for much of western, central Alberta",A weather alert issued by Environment Canada said rainfall amounts may range from 50 to 70 millimeters. It also warned localized flooding in low-lying areas is possible,https://www.cbc.ca/news/canada/edmonton/heavy-rainfall-warning-western-alberta-1.7532751,https://i.cbc.ca/1.7532803.1747069661!/fileImage/httpImage/image.jpg_gen/derivatives/16x9_1180/may-12-western-central-alberta-rainfall-alert.jpg?im=Resize%3D620,,"A major downpour is expected on Monday in parts of western and central Alberta.
Rainfall warnings issued by Environment Canada said amounts could range from 50 to 70 millimetres. The warning states … [+1526 chars]",,"Für weite Teile West- und Zentral-Albertas wurden Regenwarnungen ausgegeben. Eine von Environment Canada herausgegebene Wetterwarnung besagte, dass die Niederschlagsmengen zwischen 50 und 70 Millimeter liegen könnten. Es warnte auch davor, dass örtliche Überschwemmungen in tiefer gelegenen Gebieten möglich seien","Rainfall warnings issued for much of western, central Alberta. A weather alert issued by Environment Canada said rainfall amounts may range from 50 to 70 millimeters. It also warned localized flooding in low-lying areas is possible","Imbribus monita multa occidentis, media Alberta edita. Tempestas erecta ab Environment Canada edita amounts pluvias dixit possunt ab 50 ad 70 millimetris vagari. Etiam monuit locales inundationes in locis humilibus iacentibus fieri posse",2026-01-07 21:55:04+00:00
db5a42b316ff7e8f55b3c21891633dac,2025-05-12T18:45:09Z,'deluge',www.arlnow.com,en,0.0,NEW: Flood Watch issued for Arlington ahead of Tuesday deluge,"Arlington County and areas west will be under a Flood Watch tomorrow. The National Weather Service expects 2-4 inches of rain to fall Tuesday in Northern Virginia, potentially flooding ""creeks, streams, and other low-lying and flood-prone locations."" The watc…",https://www.arlnow.com/2025/05/12/new-flood-watch-issued-for-arlington-ahead-of-tuesday-deluge/,https://www.arlnow.com/wp-content/uploads/2021/07/2021-07-09-ARL-Features-03.jpg,https://web.archive.org/web/20250512221700/https://www.arlnow.com/2025/05/12/new-flood-watch-issued-for-arlington-ahead-of-tuesday-deluge/,"Arlington County and areas west will be under a Flood Watch tomorrow.The National Weather Service expects 2-4 inches of rain to fall Tuesday in Northern Virginia, potentially flooding “creeks, stream… [+1229 chars]",,"NEU: Überschwemmungswarnung für Arlington vor der Überschwemmung am Dienstag herausgegeben. Arlington County und die Gebiete im Westen stehen morgen unter Hochwasserüberwachung. Der Nationale Wetterdienst geht davon aus, dass am Dienstag in Nord-Virginia 2 bis 4 Zoll Regen fallen werden, der möglicherweise „Bäche, Bäche und andere tief gelegene und überschwemmungsgefährdete Orte“ überschwemmt. Die Uhr…","NEW: Flood Watch issued for Arlington ahead of Tuesday deluge. Arlington County and areas west will be under a Flood Watch tomorrow. The National Weather Service expects 2-4 inches of rain to fall Tuesday in Northern Virginia, potentially flooding ""creeks, streams, and other low-lying and flood-prone locations."" The watc…","NOVUS: Diluvium Watch pro Arlington ante diluvium Martis edita. Arlington comitatus et areae occidentales erunt sub Diluvio Vigilia cras. Tempestas Nationalis Servitium expectat 2-4 pollices pluviae Martis in Virginia Septentrionali cadere, potentia inundationem ""fluminum, rivorum, et alia loca humiles et diluviosa"". The watc…",2026-01-07 21:55:04+00:00
ecacad45f377355354bc6e0bc5659d76,2025-05-12T19:55:59Z,'floods',www.abc.net.au,en,0.0,Donation of 400 sheep among 'kindest things ever' for flood victim,"In an ""unbelievable"" act of generosity, a Queensland man donates hundreds of his own sheep to a grazier who lost 2,500 livestock in the outback floods.",https://www.abc.net.au/news/2025-05-13/grazier-donates-hundreds-sheep-to-flood-hit-property/105281848,https://live-production.wcms.abc-cdn.net.au/3475940f9742207a597dc2850bfc0c13?impolicy=wcms_watermark_news&cropH=1361&cropW=2420&xPos=0&yPos=73&width=862&height=485&imformat=generic,,"There is an unwritten rule in the outback when a mate falls, you help them back up.
So, when Will Roberts heard about the livestock losses that Queensland graziers were dealing with after devastatin… [+3729 chars]",,"Die Spende von 400 Schafen gehört zu den „freundlichsten Dingen aller Zeiten“ für Flutopfer. In einem „unglaublichen“ Akt der Großzügigkeit spendet ein Mann aus Queensland Hunderte seiner eigenen Schafe an einen Viehzüchter, der bei den Überschwemmungen im Outback 2.500 Tiere verloren hat.","Donation of 400 sheep among 'kindest things ever' for flood victim. In an ""unbelievable"" act of generosity, a Queensland man donates hundreds of his own sheep to a grazier who lost 2,500 livestock in the outback floods.","400 Ovium donatio inter benignissima semper victima pro diluvio. In ""incredibili"" actu liberalitatis, Reginensis homo centenas oves proprias pecunario donat, qui mille milia quingentorum pecorum in inundationibus elapsus est.",2026-01-07 21:55:04+00:00
e84047c980b5447504ed4e6704ff44b8,2025-05-12T19:59:27Z,'flooding',www.foxweather.com,en,0.0,Flood danger returns to Western North Carolina as Helene recovery continues,"FOX Weather Correspondent Robert Ray reports from Swannanoa, North Carolina more than 8 months after Hurricane Helene's flooding. Western North Carolina...",https://www.foxweather.com/watch/fmc-udww4dkdwz4yjzv3,https://s.yimg.com/ny/api/res/1.2/jQDPFUpq6M7vrY2KhHItQg--/YXBwaWQ9aGlnaGxhbmRlcjt3PTEyMDA7aD02NzU-/https://media.zenfs.com/en/fox_weather_videos_202/850c8ebf17382f78a84f86bba6831487,,"FOX Weather Correspondent Robert Ray reports from Swannanoa, North Carolina more than 8 months after Hurricane Helene's flooding. Western North Carolina faces another flooding threat this week with t… [+50 chars]",,"Die Überschwemmungsgefahr kehrt nach West-North Carolina zurück, während die Erholung in Helene weiter voranschreitet. FOX-Wetterkorrespondent Robert Ray berichtet aus Swannanoa, North Carolina, mehr als acht Monate nach der Überschwemmung durch Hurrikan Helene. West-North Carolina...","Flood danger returns to Western North Carolina as Helene recovery continues. FOX Weather Correspondent Robert Ray reports from Swannanoa, North Carolina more than 8 months after Hurricane Helene's flooding. Western North Carolina...","Diluvium periculum redit in Carolinam Occidentalem septentrionalem cum Helena recuperatio pergit. FOX Tempestas Correspondentia Robert Ray a Swannanoa refert, Carolina Septentrionalis plus quam octo menses post inundationem Hurricanam Helene. Occidentis North Carolina...",2026-01-07 21:55:04+00:00
d2042bf1a3388b86295c712e34a23b08,2025-05-12T20:12:01Z,'flooding',economictimes.indiatimes.com,en,0.0,"US weather forecast: Heavy rains, flooding threaten 36 million people","A stalled storm system has unleashed relentless rain over Southeast US, causing flash flooding, power outages, and severe airport delays. From up to 10 inches of rainfall in 24 hours, cities from Florida to the Carolinas are inundated; meanwhile, forecasters …",https://economictimes.indiatimes.com/news/international/us/us-weather-forecast-heavy-rains-flooding-threaten-36-million-people/articleshow/121120712.cms,"https://img.etimg.com/thumb/msid-121121330,width-1200,height-630,imgsize-502596,overlay-economictimes/articleshow.jpg",https://web.archive.org/web/20250512224613/https://economictimes.indiatimes.com/news/international/us/us-weather-forecast-heavy-rains-flooding-threaten-36-million-people/articleshow/121120712.cms,"A major storm began unleashing torrential rains across the southeastern United States on Monday, May 12. This placed nearly 36 million residents at risk from severe weather, including flash floods, d… [+3433 chars]",,"US-Wettervorhersage: Starke Regenfälle und Überschwemmungen bedrohen 36 Millionen Menschen. Ein ins Stocken geratenes Sturmsystem hat über dem Südosten der USA unerbittlichen Regen ausgelöst, der zu Sturzfluten, Stromausfällen und schweren Verspätungen am Flughafen geführt hat. Städte von Florida bis zu den Carolinas werden mit bis zu 25 cm Niederschlag innerhalb von 24 Stunden überschwemmt; In der Zwischenzeit haben Prognostiker …","US weather forecast: Heavy rains, flooding threaten 36 million people. A stalled storm system has unleashed relentless rain over Southeast US, causing flash flooding, power outages, and severe airport delays. From up to 10 inches of rainfall in 24 hours, cities from Florida to the Carolinas are inundated; meanwhile, forecasters …","Tempestates US praenuntientur: Imbres graves et inundationes 36 miliones hominum minantur. Systema tempestatis stabularis imbrem crudelem in US meridiem invehitur, mico inundatione, potestate outages, et moras aeroportus graves causans. Ab usque ad 10 pollices pluviae in 24 horis, urbes a Florida ad Carolinas inundantur; interim forecasters ...",2026-01-07 21:55:04+00:00
8dcefba6a1ea59d34adb8f655761f44c,2025-05-12T20:31:50Z,'flooding',www.irishtimes.com,en,0.0,Ireland weather: Status yellow warning with thunderstorms and spot flooding,Met Éireann forecasts frequent lightening and scattered showers,https://www.irishtimes.com/ireland/2025/05/12/ireland-weather-status-yellow-warning-with-thunderstorms-and-spot-flooding/,https://www.irishtimes.com/resizer/v2/KJFGYJ5WRUYWQNQJ3SLVOZKR3Y.JPG?smart=true&auth=f1095c9b1f8564b693c558adc0bd5c080fe121d1ae678a2c15ffa41ed4aee5df&width=1200&height=630,http://archive.md/20250512210512/https://www.irishtimes.com/ireland/2025/05/12/ireland-weather-status-yellow-warning-with-thunderstorms-and-spot-flooding/,"Met Éireann has issued a status yellow warning for Dublin and Wicklow with thunderstorms and spot flooding throughout Monday evening. 
The sunny weather in Ireland took a turn on Sunday and widespre… [+507 chars]",,Wetter in Irland: Statusgelbe Warnung mit Gewittern und punktuellen Überschwemmungen. Met Éireann prognostiziert häufige Blitze und vereinzelte Schauer,Ireland weather: Status yellow warning with thunderstorms and spot flooding. Met Éireann forecasts frequent lightening and scattered showers,Hiberniae tempestates: Status fulvus monitus cum tonitribus et macula inundatione. Met Éireann praenuntiat crebris fulguribus et sparsis imbribus,2026-01-07 21:55:04+00:00
7081ebb392c6971a26b2bb93f2530137,2025-05-12T21:13:42Z,'floods',blogs.cisco.com,en,0.0,From floods to fires: Investing in technologies that make communities more resilient,Learn how the Cisco Foundation is supporting startups and organizations that are using innovative technologies to help communities adapt and build resilience.,https://blogs.cisco.com/our-corporate-purpose/from-floods-to-fires-investing-in-technologies-that-make-communities-more-resilient,https://storage.googleapis.com/blogs-images-new/ciscoblogs/1/2025/05/rsz_1yuba_pass_campground_project-1979-1-1024x683.jpg,,"Extreme weather events are becoming more frequent, intense, and costly. In 2024 alone, global natural disasters resulted in an estimated $368 billion in economic losses, with 60% of these losses unin… [+11471 chars]",,"Von Überschwemmungen bis zu Bränden: Investitionen in Technologien, die Gemeinden widerstandsfähiger machen. Erfahren Sie, wie die Cisco Foundation Start-ups und Organisationen unterstützt, die innovative Technologien nutzen, um Gemeinden bei der Anpassung und dem Aufbau von Widerstandsfähigkeit zu unterstützen.",From floods to fires: Investing in technologies that make communities more resilient. Learn how the Cisco Foundation is supporting startups and organizations that are using innovative technologies to help communities adapt and build resilience.,Ab inundationibus ad ignes: Circumsedere technologias quae communitates molliores faciunt. Disce quomodo Fundamentum Cisco fovet satus et Instituta quae technologias amet utentes ad communitates adiuvandas mollitiam accommodant et aedificant.,2026-01-07 21:55:04+00:00
f8c67777512e02d2318c5e6d99b30211,2025-05-13T03:19:45Z,'flooding',consent.yahoo.com,en,0.0,Road closures throughout the Coastal Empire caused by flooding,,https://consent.yahoo.com/v2/collectConsent?sessionId=1_cc-session_7a4cd627-c86c-47a6-8808-3967d5993a9f,,,"If you click 'Accept all', we and our partners, including 241 who are part of the IAB Transparency &amp; Consent Framework, will also store and/or access information on a device (in other words, use … [+714 chars]",,Straßensperrungen im gesamten Küstenreich aufgrund von Überschwemmungen. Nan,Road closures throughout the Coastal Empire caused by flooding. nan,Via commissuras per totum Imperium Maritimum inundationem effecit. nan,2026-01-07 21:55:04+00:00
63f9f9ba79071ee08ff02cf54fcd6bb7,2025-05-13T15:30:00Z,'floods',subscriber.politicopro.com,en,0.0,"Hurricanes, Wildfires and Other Disasters Displaced a Record 46 Million People Last Year","In 2024 disasters displaced a record number of people both globally and in the U.S. About 11 million U.S. residents had to relocate to another part of the country because of hurricanes, floods and wildfires",https://subscriber.politicopro.com/article/eenews/2025/05/13/disasters-displaced-a-record-number-of-people-last-year-00342676,https://static.scientificamerican.com/dam/m/2fa27b2dbb790322/original/Aerial_view_of_destroyed_houses_after_tornado.jpg?m=1747148462.517&w=1200,,"CLIMATEWIRE | Natural disasters and human conflict forced about 66 million people to flee within their own countries last year, and the United States led all nations with 11 million of these internal… [+4997 chars]",,"Hurrikane, Waldbrände und andere Katastrophen haben im vergangenen Jahr eine Rekordzahl von 46 Millionen Menschen vertrieben. Im Jahr 2024 wurden sowohl weltweit als auch in den USA durch Katastrophen eine Rekordzahl an Menschen vertrieben. Etwa 11 Millionen US-Bürger mussten aufgrund von Hurrikanen, Überschwemmungen und Waldbränden in einen anderen Teil des Landes umsiedeln","Hurricanes, Wildfires and Other Disasters Displaced a Record 46 Million People Last Year. In 2024 disasters displaced a record number of people both globally and in the U.S. About 11 million U.S. residents had to relocate to another part of the country because of hurricanes, floods and wildfires","Turbinum, Wildfires et aliae clades Displacet a Record XLVI Million populus Anno. In anno 2024 clades hominum tam globaliter quam in US circiter XI milium incolarum recordatio mota erat propter procellas, inundationes et incendia ignium in aliam partem patriae relocandam.",2026-01-07 21:55:04+00:00
2c5ce4110c4a3f826937541afe84ef08,2025-05-13T16:06:00Z,'flooding rain',lancasteronline.com,en,0.0,Flooding possible as second week of heavy rain could clear drought,Another round of midweek rain is expected to wash away Lancaster County’s seven-month drought.,https://lancasteronline.com/news/local/flooding-possible-as-second-week-of-heavy-rain-could-clear-drought/article_b9b99c7b-1c81-4b86-abf9-51e79bc85b6b.html,https://bloximages.newyork1.vip.townnews.com/lancasteronline.com/content/tncms/assets/v3/editorial/e/f4/ef456553-8f50-4fec-93a8-47910941cdf3/681e4d8ee3baf.image.jpg?crop=1923%2C1010%2C0%2C33&resize=1200%2C630&order=crop%2Cresize,https://web.archive.org/web/20250513221213/http://lancasteronline.com/news/local/flooding-possible-as-second-week-of-heavy-rain-could-clear-drought/article_b9b99c7b-1c81-4b86-abf9-51e79bc85b6b.html,"Another round of midweek rain is expected to wash away Lancaster Countys seven-month drought.
Millersville University meteorologist Kyle Elliott on Tuesday said many areas in the region will have re… [+2270 chars]",,"Überschwemmungen möglich, da starke Regenfälle in der zweiten Woche die Dürre beseitigen könnten. Es wird erwartet, dass eine weitere Regenrunde unter der Woche die siebenmonatige Dürre in Lancaster County wegspülen wird.",Flooding possible as second week of heavy rain could clear drought. Another round of midweek rain is expected to wash away Lancaster County’s seven-month drought.,Inundatio fieri potest ut secunda septimana pluviae gravis siccitas purgare posset. Alius circum pluviae mediae septimanae expectatur ut septimo mense siccitatis Comitatus Lancaster diluatur.,2026-01-07 21:55:04+00:00
a36de6c8ca34f143f2bb295a2490e5c7,2025-05-13T20:01:23Z,'floods',dirt.asla.org,en,0.0,Landscape Architects Are Reimagining a 9-mile-long Tributary of the Los Angeles River,"After major floods devastated Glendale, California in the 1930s, much of the Verdugo Wash became a concrete channel — a boundary, dividing communities. Now, landscape architecture firm Michael Van Valkenburgh Associates (MVVA) is leading the development of a …",https://dirt.asla.org/2025/05/13/landscape-architects-reimagining-9-mile-long-tributary-of-the-los-angeles-river/,https://dirt.asla.org/wp-content/uploads/2025/05/Verdugo2.jpg,https://web.archive.org/web/20250515044912/https://dirt.asla.org/2025/05/13/landscape-architects-reimagining-9-mile-long-tributary-of-the-los-angeles-river/,"Verdugo Wash, Glendale, California / Michael Van Valkenburgh Associates
After major floods devastated Glendale, California in the 1930s, much of the Verdugo Wash became a concrete channel — a bounda… [+3516 chars]",,"Landschaftsarchitekten entwerfen einen 9 Meilen langen Nebenfluss des Los Angeles River neu. Nachdem große Überschwemmungen in den 1930er Jahren Glendale, Kalifornien, verwüsteten, wurde ein Großteil des Verdugo Wash zu einem Betonkanal – einer Grenze, die Gemeinden trennte. Jetzt leitet das Landschaftsarchitekturbüro Michael Van Valkenburgh Associates (MVVA) die Entwicklung eines …","Landscape Architects Are Reimagining a 9-mile-long Tributary of the Los Angeles River. After major floods devastated Glendale, California in the 1930s, much of the Verdugo Wash became a concrete channel — a boundary, dividing communities. Now, landscape architecture firm Michael Van Valkenburgh Associates (MVVA) is leading the development of a …","Orbis Terrarum Architectus Recogitamus 9 milia passuum longi Tributarium Los Angeles Flumen. Post maiores inundationes Glendale vastaverunt, Californiae annis 1930, multum Verdugo Wash- alveus concretus factus est, communitates limitatio dividens. Nunc, architectura landscape firma Michael Van Valkenburgh Associates (MVVA) ducit progressionem cuiusdam ...",2026-01-07 21:55:04+00:00
8dd7a010db8e397e872471f8f23182ef,2025-05-13T21:15:47Z,'flooding',www.abc.net.au,en,0.0,Floods transform Channel Country into pelican paradise,Just add water to the Channel Country and watch it spring to life. It's a silver lining of recent devastating flooding in the outback.,https://www.abc.net.au/news/2025-05-14/channel-country-transforms-after-record-breaking-flooding/105274426,https://live-production.wcms.abc-cdn.net.au/1f51a7b36dc5ed35f30b0ad31ca2a980?impolicy=wcms_watermark_news&cropH=1152&cropW=2048&xPos=0&yPos=5&width=862&height=485&imformat=generic,https://web.archive.org/web/20250513220014/https://www.abc.net.au/news/2025-05-14/channel-country-transforms-after-record-breaking-flooding/105274426,"In the land of boom and bust, an ancient landscape of sand dunes and river channels is transforming.
Channels in the Barcoo Shire surrounded by greenery.(Supplied: Sean Scott)
Record-breaking flood… [+4266 chars]",,"Überschwemmungen verwandeln das Kanalland in ein Pelikanparadies. Geben Sie einfach Wasser in das Kanalland und beobachten Sie, wie es zum Leben erwacht. Es ist ein Lichtblick auf die jüngsten verheerenden Überschwemmungen im Outback.",Floods transform Channel Country into pelican paradise. Just add water to the Channel Country and watch it spring to life. It's a silver lining of recent devastating flooding in the outback.,Flumina transfigurant Channel patriae in paradisum pellicanum. Modo aquam ad Channel patriae adde et ad vitam illam specta. Est argentum oblinit recentis in outback inundationem vastare.,2026-01-07 21:55:04+00:00
2e4a861b736b0c5c110945ccbd7d930c,2025-05-13T23:00:49Z,'flooding rain',abcnews.go.com,en,0.0,Severe flooding forces evacuation of 2 elementary schools in this state,"Up to 5 inches of rain had fallen in parts of Allegany County, Maryland, as of Tuesday afternoon. Rainfall rates were up to 1 to 2 inches an hour.",https://abcnews.go.com/US/maryland-flooding-elementary-schools-evacuations/story?id=121773109,https://i.abcnewsfe.com/a/15857e77-1495-4fbf-8f91-7b038c47864b/maryland-flooding-04-ap-jt-250513_1747174510334_hpMain_16x9.jpg?w=1600,http://wayback.archive-it.org/all/20250514022939/https://abcnews.go.com/US/maryland-flooding-elementary-schools-evacuations/story?id=121773109,"A flash flood emergency has been issued for parts of northwestern Maryland on Tuesday, where severe flooding led to the evacuation of two elementary schools.
A flash flood emergency was issued for W… [+2526 chars]",,"Schwere Überschwemmungen erzwingen die Evakuierung von zwei Grundschulen in diesem Bundesstaat. Bis Dienstagnachmittag waren in Teilen von Allegany County, Maryland, bis zu 5 Zoll Regen gefallen. Die Niederschlagsmengen betrugen bis zu 1 bis 2 Zoll pro Stunde.","Severe flooding forces evacuation of 2 elementary schools in this state. Up to 5 inches of rain had fallen in parts of Allegany County, Maryland, as of Tuesday afternoon. Rainfall rates were up to 1 to 2 inches an hour.","Gravibus inundationibus copiae elementariarum scholarum in hac civitate evacuatione II. Usque ad 5 pollices pluviae in partibus Allegany Comitatus, Maryland, quasi post meridiem, ceciderunt. Pluuiae rates usque ad 1 ad 2 pollices horae erant.",2026-01-07 21:55:04+00:00
3cef54335fa804b8f7e2b1226d848ad8,2025-05-14T00:26:52Z,'flooding',www.nbcnews.com,en,0.0,Elementary schools in Maryland evacuated after heavy rains cause flooding,"Rescuers used boats to help evacuate two elementary schools in northwestern Maryland Tuesday as that state and others were flooded by heavy rains, officials said.",https://www.nbcnews.com/weather/floods/elementary-schools-maryland-evacuated-heavy-rains-cause-flooding-rcna206664,"https://media-cldnry.s-nbcnews.com/image/upload/t_nbcnews-fp-1200-630,f_auto,q_auto:best/rockcms/2025-05/250513-maryland-flooding-rescue-students-ugc-ac-820p-191b60.jpg",https://web.archive.org/web/20250514015911/https://www.nbcnews.com/weather/floods/elementary-schools-maryland-evacuated-heavy-rains-cause-flooding-rcna206664,"Rescuers used boats to help evacuate two elementary schools in northwestern Maryland Tuesday as that state and others were flooded by heavy rains, officials said.
Georges Creek Elementary School and… [+1270 chars]",,"Grundschulen in Maryland wurden evakuiert, nachdem heftige Regenfälle zu Überschwemmungen geführt hatten. Rettungskräfte setzten am Dienstag Boote ein, um bei der Evakuierung zweier Grundschulen im Nordwesten von Maryland zu helfen, da dieser und andere Bundesstaaten von heftigen Regenfällen überschwemmt wurden, sagten Beamte.","Elementary schools in Maryland evacuated after heavy rains cause flooding. Rescuers used boats to help evacuate two elementary schools in northwestern Maryland Tuesday as that state and others were flooded by heavy rains, officials said.","Scholae elementares in Maryland emittuntur postquam imbres inundationes causant. Rescuers navigia adhibita adiuvandis duabus elementariis scholis elementariis in Marylandia septentrionali die Martis adhibita est, ut status illius et alii magistratus gravibus imbribus inundarentur.",2026-01-07 21:55:04+00:00
1fc9c67b0d17e77cd6d88134b1c66d82,2025-05-14T01:50:55Z,'flooding',timesofindia.indiatimes.com,en,0.0,Flash flooding forces evacuation of elementary school in western Maryland,"Severe flooding in Westernport, Maryland, prompted the evacuation of Westernport Elementary, with 150 students and 50 adults rescued by boat. Homes and businesses were inundated after heavy rain, and surrounding areas saw additional evacuations. No injuries w…",https://timesofindia.indiatimes.com/world/us/flash-flooding-forces-evacuation-of-elementary-school-in-western-maryland/articleshow/121150159.cms,"https://static.toiimg.com/thumb/msid-121150276,width-1070,height-580,imgsize-1055349,resizemode-75,overlay-toi_sw,pt-32,y_pad-40/photo.jpg",https://web.archive.org/web/20250515024110/https://timesofindia.indiatimes.com/world/us/flash-flooding-forces-evacuation-of-elementary-school-in-western-maryland/articleshow/121150159.cms,Niharika Konidelas Enchanting Take on Fashion,,"Sturzfluten erzwingen die Evakuierung einer Grundschule im Westen von Maryland. Schwere Überschwemmungen in Westernport, Maryland, führten zur Evakuierung der Westernport Elementary, wobei 150 Schüler und 50 Erwachsene per Boot gerettet wurden. Häuser und Geschäfte wurden nach heftigen Regenfällen überschwemmt und in den umliegenden Gebieten kam es zu weiteren Evakuierungen. Keine Verletzungen w…","Flash flooding forces evacuation of elementary school in western Maryland. Severe flooding in Westernport, Maryland, prompted the evacuation of Westernport Elementary, with 150 students and 50 adults rescued by boat. Homes and businesses were inundated after heavy rain, and surrounding areas saw additional evacuations. No injuries w…","Flash inundationes copiae elementariae scholae in Western Maryland evacuationis. Gravis inundatio in Westernportum, Maryland, evacuationem Elementarii Occidentalis impulit, cum 150 alumnis et 50 adultis e navi ereptis. Domos et negotiationes post pluviam inundaverunt et regiones circumquaque evacuationes additas viderunt. Nullae iniuriae w…",2026-01-07 21:55:04+00:00
3936b78f52ff4302e85d71782bc04862,2025-05-14T08:30:00Z,'flooding climate change',www.cbc.ca,en,0.0,"As climate change worries grow, St. John's plans for future big storms","A new report indicates increased risk of flooding in some parts of St. John's, more extreme weather events and climate change concerns grow.",https://www.cbc.ca/news/canada/newfoundland-labrador/climate-change-planning-flood-st-johns-1.7534123,https://i.cbc.ca/1.6579745.1747170540!/fileImage/httpImage/image.jpg_gen/derivatives/16x9_1180/waterford-bridge-road-flood.jpg?im=Resize%3D620,,"A new report indicates increased risk of flooding in some parts of St. John's, more extreme weather events and climate change concerns grow.
The report, conducted by Stantec Consulting Ltd., looked … [+2016 chars]",,"Während die Sorgen um den Klimawandel zunehmen, plant St. John's für zukünftige große Stürme. Ein neuer Bericht weist auf ein erhöhtes Überschwemmungsrisiko in einigen Teilen von St. John's, mehr extreme Wetterereignisse und wachsende Bedenken hinsichtlich des Klimawandels hin.","As climate change worries grow, St. John's plans for future big storms. A new report indicates increased risk of flooding in some parts of St. John's, more extreme weather events and climate change concerns grow.","Cum curarum mutatio climatis augetur, consilia S. Ioannis magnas tempestates futuras habent. Nova relatio indicat periculum inundationis in nonnullis partibus S. Ioannis auctum, quo magis nimiae tempestatum eventus et mutationis climatis curas augeant.",2026-01-07 21:55:04+00:00
a6521dcbf585cc2334fb0d1a4b24b681,2025-05-14T08:34:39Z,'flooding area',www.cbsnews.com,en,0.0,"Boy missing in floodwaters as heavy rain hits Virginia, western Maryland","Torrential rain sparks floods in parts of Maryland, Virginia and Pennsylvania, leaving one boy missing and forcing dozens to evacuate from inundated homes and schools.",https://www.cbsnews.com/news/flooding-western-maryland-virginia-pennsylvania-boy-missing-rescues-evacuations/,https://assets2.cbsnewsstatic.com/hub/i/r/2025/05/14/2e5fb7a3-b9da-4b0e-b971-a9523f068268/thumbnail/1200x630/f291a8d4aff3961c238dfef3071400b2/maryland-flooding-2214387298.jpg?v=45a15310810b79948c864f87b07fc8a0,,"Flash floods sparked by heavy rain hit parts of Virginia, western Maryland and Pennsylvania on Tuesday, leaving a 12-year-old boy missing in Virginia and forcing elementary schools in rural Maryland … [+5326 chars]",,"Junge wird im Hochwasser vermisst, als heftiger Regen Virginia im Westen von Maryland heimsucht. Sintflutartige Regenfälle lösen in Teilen von Maryland, Virginia und Pennsylvania Überschwemmungen aus, wodurch ein Junge vermisst wird und Dutzende aus überschwemmten Häusern und Schulen evakuiert werden müssen.","Boy missing in floodwaters as heavy rain hits Virginia, western Maryland. Torrential rain sparks floods in parts of Maryland, Virginia and Pennsylvania, leaving one boy missing and forcing dozens to evacuate from inundated homes and schools.","Puer in diluviis deest sicut pluvia gravis Virginiam, occidentalem Maryland. Scintillae imbres torrentes in partibus Marylandiae, Virginia et Pennsylvania inundant, unum puerum absentem relinquentes et justos ex inundatis domibus et scholis decedere cogunt.",2026-01-07 21:55:04+00:00
b94098f3a7fa3d0fd6993fbde1930c87,2025-05-14T11:08:31Z,'flooding',www.today.com,en,0.0,Severe flooding forces evacuation of elementary school in Maryland,"Heavy rain caused severe flooding in the East Coast with flood water reaching the second floor of an elementary school in western Maryland, forcing roughly 200 students and staff to be evacuated by boat. It comes as an early season heat wave is gripping parts…",https://www.today.com/video/heavy-rain-hits-east-coast-record-heat-grips-midwest-and-south-239526469620,"https://media-cldnry.s-nbcnews.com/image/upload/t_social_share_1200x630_center,f_auto,q_auto:best/mpx/2704722219/2025_05/1747220905344_tdy_news_7a_ryan_chandler_al_roker_wx_250514_1920x1080-nvp11d.jpg",https://web.archive.org/web/20250514114047/https://www.today.com/video/heavy-rain-hits-east-coast-record-heat-grips-midwest-and-south-239526469620,"Heavy rain caused severe flooding in the East Coast with flood water reaching the second floor of an elementary school in western Maryland, forcing roughly 200 students and staff to be evacuated by b… [+169 chars]",,"Schwere Überschwemmungen erzwingen die Evakuierung einer Grundschule in Maryland. Heftiger Regen verursachte schwere Überschwemmungen an der Ostküste, wobei das Hochwasser bis zum zweiten Stock einer Grundschule im Westen von Maryland reichte und etwa 200 Schüler und Mitarbeiter per Boot evakuiert werden musste. Es kommt, als eine Hitzewelle zu Beginn der Saison Teile erfasst …","Severe flooding forces evacuation of elementary school in Maryland. Heavy rain caused severe flooding in the East Coast with flood water reaching the second floor of an elementary school in western Maryland, forcing roughly 200 students and staff to be evacuated by boat. It comes as an early season heat wave is gripping parts…","Gravis inundationes copiae elementariae scholae in Maryland evacuatione factae sunt. Imbribus gravis inundationem in Oriente Coast cum aqua diluvii in secunda area ludi litterarii in Western Maryland attingens, circiter 200 discipulos et baculum navigio evitandum coegit. Accedit quod primo tempore calor fluctus partes tenet.",2026-01-07 21:55:04+00:00
d9aedddf8e2fba4bd909100187cc3e66,2025-05-14T11:08:35Z,'flooding',consent.yahoo.com,en,0.0,Severe flooding forces evacuation of elementary school in Maryland,,https://consent.yahoo.com/v2/collectConsent?sessionId=1_cc-session_9cadf7fa-b03f-4862-8ef9-820f35923e8f,,,"If you click 'Accept all', we and our partners, including 241 who are part of the IAB Transparency &amp; Consent Framework, will also store and/or access information on a device (in other words, use … [+714 chars]",,Schwere Überschwemmungen erzwingen die Evakuierung einer Grundschule in Maryland. Nan,Severe flooding forces evacuation of elementary school in Maryland. nan,Gravis inundationes copiae elementariae scholae in Maryland evacuatione factae sunt. nan,2026-01-07 21:55:04+00:00
08a6f880f92d2a000b55fed963423fb5,2025-05-14T13:14:59Z,'flooding',www.nbcnews.com,en,0.0,"12-year-old boy remains missing, schools closed due to East Coast severe flooding","Flooding continues to inundate parts of the East Coast Wednesday, one day after high waters swept away a 12-year-old boy in Virginia, prompted water rescues, and led to school evacuations.",https://www.nbcnews.com/weather/floods/12-year-old-missing-east-coast-flooding-rcna206700,"https://media-cldnry.s-nbcnews.com/image/upload/t_nbcnews-fp-1200-630,f_auto,q_auto:best/rockcms/2025-05/250513-maryland-flooding-ugc-ac-817p-929cf0.jpg",https://web.archive.org/web/20250514135921/https://www.nbcnews.com/weather/floods/12-year-old-missing-east-coast-flooding-rcna206700,"Flooding continues to inundate parts of the East Coast Wednesday, one day after high waters swept away a 12-year-old boy in Virginia, prompted water rescues, and led to school evacuations. 
Heavy ra… [+2474 chars]",,"12-jähriger Junge bleibt vermisst, Schulen wegen schwerer Überschwemmung an der Ostküste geschlossen. Teile der Ostküste werden am Mittwoch weiterhin von Überschwemmungen überschwemmt, einen Tag nachdem Hochwasser einen 12-jährigen Jungen in Virginia weggeschwemmt, Wasserrettungsaktionen veranlasst und Schulen evakuiert hat.","12-year-old boy remains missing, schools closed due to East Coast severe flooding. Flooding continues to inundate parts of the East Coast Wednesday, one day after high waters swept away a 12-year-old boy in Virginia, prompted water rescues, and led to school evacuations.","Puer XII annorum manet absentis, scholae clausae ob inundationem orientalem Coast gravi. Inundatio partes inundare pergit Mercurii Orientis Coast, uno die post altas aquas raptus est puer XII annorum in Virginia, aquae liberator excitatus, et ad scholas evacuationes ducitur.",2026-01-07 21:55:04+00:00
2145121862b8a47c4a69aa6b2b11efa6,2025-05-14T13:48:00Z,'floods',www.constructiondive.com,en,0.0,"For AI, data is king: FutureTech presenters","Even as a litany of artificial intelligence-based offerings floods the market, experts say their outputs are only as good as the data they crunch.",https://www.constructiondive.com/news/ai-data-futuretech-enr-conference-san-francisco/748123/,https://s.yimg.com/ny/api/res/1.2/pTiNSLD_Zgupk76X4Gp63Q--/YXBwaWQ9aGlnaGxhbmRlcjt3PTEyMDA7aD02NzU-/https://media.zenfs.com/en/construction_dive_964/23892862af2083d9dc3b5d1fa3f953f4,https://web.archive.org/web/20250514214134/https://www.constructiondive.com/news/ai-data-futuretech-enr-conference-san-francisco/748123/,"This story was originally published on Construction Dive. To receive daily news and insights, subscribe to our free daily Construction Dive newsletter. 
SAN FRANCISCO — For the second year in a row,… [+4051 chars]",,"Für KI sind Daten König: FutureTech-Moderatoren. Auch wenn eine Vielzahl von auf künstlicher Intelligenz basierenden Angeboten den Markt überschwemmt, sagen Experten, dass ihre Ergebnisse nur so gut sind wie die Daten, die sie verarbeiten.","For AI, data is king: FutureTech presenters. Even as a litany of artificial intelligence-based offerings floods the market, experts say their outputs are only as good as the data they crunch.","Data enim AI, rex est: praesentatores FutureTech. Etiam ut litaniae artificialis intelligentiae fundatae oblationes inundant mercatum, periti dicunt suas outputationes tantum esse bonas ac rumpere datas.",2026-01-07 21:55:04+00:00
5b3c4932a1a85b0c381e70b3867f70b2,2025-05-14T14:54:27Z,'flooding evacuation',abcnews.go.com,en,0.0,Flash flooding forces evacuation of elementary school in western Maryland,Flooding in rural western Maryland has forced the evacuation of an elementary school as downtown homes and businesses have been inundated with rising floodwaters in Westernport,https://abcnews.go.com/US/wireStory/flash-flooding-forces-evacuation-elementary-school-western-maryland-121771639,https://i.abcnewsfe.com/a/4808d18e-c1fc-45f2-95ad-923164548fcd/wirestory_fff1579bafb51f61f2c8affaf0764f91_16x9.jpg?w=1600,https://web.archive.org/web/20250514162157/https://abcnews.go.com/US/wireStory/flash-flooding-forces-evacuation-elementary-school-western-maryland-121771639,"BALTIMORE -- Flooding in rural western Maryland forced the evacuation of an elementary school Tuesday afternoon as water began to breach the second floor, according to local officials. 
Homes and bu… [+4063 chars]",,"Sturzfluten erzwingen die Evakuierung einer Grundschule im Westen von Maryland. Überschwemmungen im ländlichen Westen von Maryland haben die Evakuierung einer Grundschule erzwungen, da Häuser und Geschäfte in der Innenstadt von Westernport vom steigenden Hochwasser überschwemmt wurden",Flash flooding forces evacuation of elementary school in western Maryland. Flooding in rural western Maryland has forced the evacuation of an elementary school as downtown homes and businesses have been inundated with rising floodwaters in Westernport,Flash inundationes copiae elementariae scholae in Western Maryland evacuationis. Inundatio ruris in Marylandia occidentali in scholam elementariam evacuationem coegit sicut domos et negotia media inundata aquis diluviis in Westernportum.,2026-01-07 21:55:04+00:00
a2f174b70b19c618777fc3713e7b29b5,2025-05-14T15:52:06Z,'flooding rain',www.newsweek.com,en,0.0,Atmospheric River Causes Flooding Chaos in Multiple States,"Parts of the Southeast and Mid-Atlantic were slammed with multiple inches rain, triggering flooding across multiple states.",https://www.newsweek.com/atmospheric-river-flooding-chaos-maryland-virginia-pennsylvania-west-virginia-2072156,https://d.newsweek.com/en/full/2644387/flood-sign.jpg,,"An atmospheric river deluged parts of the Mid-Atlantic and Southeast United States this week, triggering flooding, school evacuations, and emergency rescues. The rains swept across Maryland, Virginia… [+3288 chars]",,"Atmosphärischer Fluss verursacht Überschwemmungschaos in mehreren Bundesstaaten. Teile des Südostens und des Mittelatlantiks wurden von meterhohen Regenfällen heimgesucht, die in mehreren Bundesstaaten Überschwemmungen auslösten.","Atmospheric River Causes Flooding Chaos in Multiple States. Parts of the Southeast and Mid-Atlantic were slammed with multiple inches rain, triggering flooding across multiple states.","Flumen atmosphaericum Causae inundationis chaos in Civitates multiplices. Partes Meridiani et Medii-Atlantici multis digitis pluviae obstrictae sunt, per multas civitates inundationes excitatae.",2026-01-07 21:55:04+00:00
16f3ba7175cef1928d44a1fef4d3c2d9,2025-05-14T16:01:31Z,'deluge',biztoc.com,en,0.0,Atmospheric River Causes Flooding Chaos in Multiple States,"Voice is AI-generated. Inconsistencies may occur.
An atmospheric river deluged parts of the Mid-Atlantic and Southeast United States this week, triggering flooding, school evacuations, and emergency rescues. The rains swept across Maryland, Virginia, Pennsylv…",https://biztoc.com/x/dcbc4783cd19a2c5,https://biztoc.com/cdn/dcbc4783cd19a2c5_s.webp,https://web.archive.org/web/20250515052711/https://biztoc.com/x/dcbc4783cd19a2c5,"Voice is AI-generated. Inconsistencies may occur.An atmospheric river deluged parts of the Mid-Atlantic and Southeast United States this week, triggering flooding, school evacuations, and emergency r… [+140 chars]",,"Atmosphärischer Fluss verursacht Überschwemmungschaos in mehreren Bundesstaaten. Die Stimme wird KI-generiert. Es kann zu Inkonsistenzen kommen.
Ein atmosphärischer Fluss überschwemmte diese Woche Teile des Mittelatlantiks und des Südostens der Vereinigten Staaten und löste Überschwemmungen, Evakuierungen von Schulen und Notrettungen aus. Die Regenfälle fegten über Maryland, Virginia, Pennsylvania …","Atmospheric River Causes Flooding Chaos in Multiple States. Voice is AI-generated. Inconsistencies may occur.
An atmospheric river deluged parts of the Mid-Atlantic and Southeast United States this week, triggering flooding, school evacuations, and emergency rescues. The rains swept across Maryland, Virginia, Pennsylv…","Flumen atmosphaericum Causae inundationis chaos in Civitates multiplices. Vox est AI-generata. Inconvenientia fieri potest.
Flumen atmosphaericum inundavit partes Civitatum Americae Mid-Atlanticae et Meridianae hac septimana, excitato inundatione, scholae evacuationibus, et subitis liberat. Imbriae per Maryland, Virginia, Pennsylv...",2026-01-07 21:55:04+00:00
37361020044b46ab2beef8d9a45b11fe,2025-05-14T16:06:00Z,'flooding',www.cbsnews.com,en,0.0,Dangerous weather expected in U.S. as flooding consumes whole Pennsylvania town,"Meyersdale, Pennsylvania, is reeling from dangerous flooding as other parts of the U.S. await extreme heat. CBS News Bay Area meteorologist Jessica Burch has the latest weather forecast.",https://www.cbsnews.com/video/dangerous-weather-expected-in-us-as-flooding-consumes-whole-pennsylvania-town/,https://assets3.cbsnewsstatic.com/hub/i/r/2025/05/14/314a15a9-0c28-4fbe-954d-0967a4a59a78/thumbnail/1200x630/ad7e37cce7aa3877050eb432de6297e6/cbsn-fusion-dangerous-weather-expected-in-us-as-flooding-consumes-whole-pennsylvania-town-thumbnail.jpg?v=45a15310810b79948c864f87b07fc8a0,https://web.archive.org/web/20250515083007/https://www.cbsnews.com/video/dangerous-weather-expected-in-us-as-flooding-consumes-whole-pennsylvania-town/,Copyright ©2025 CBS Interactive Inc. All rights reserved.,,"Gefährliches Wetter wird in den USA erwartet, da eine ganze Stadt in Pennsylvania von Überschwemmungen heimgesucht wird. Meyersdale, Pennsylvania, leidet unter gefährlichen Überschwemmungen, während andere Teile der USA mit extremer Hitze rechnen müssen. CBS News Bay Area-Meteorologin Jessica Burch hat die neueste Wettervorhersage.","Dangerous weather expected in U.S. as flooding consumes whole Pennsylvania town. Meyersdale, Pennsylvania, is reeling from dangerous flooding as other parts of the U.S. await extreme heat. CBS News Bay Area meteorologist Jessica Burch has the latest weather forecast.","Tempestas periculosa expectata in US sicut inundatio totum oppidum Pennsylvania consumit. Meyersdale, Pennsylvania, ex periculoso inundatione nutat sicut aliae partes Americae extremae caloris exspectant. CBS News Sinus Area meteorologist Jessica Burch novissimam tempestatem praenuntiationem habet.",2026-01-07 21:55:04+00:00
b9b30f699ffd0c1ebf47df855e754ba2,2025-05-14T16:20:41Z,'floods',nypost.com,en,0.0,"200 trapped students, teachers stranded as flash floods engulf Appalachians","The body of a 12-year-old boy was found Wednesday morning after he was swept away by floodwaters Tuesday evening, according officials in Albermarle County, Virginia.",https://nypost.com/2025/05/14/us-news/200-trapped-students-teachers-stranded-as-flash-floods-engulf-appalachians/,https://nypost.com/wp-content/uploads/sites/2/2025/05/104469201-1.jpg?quality=75&strip=all&w=1024,https://web.archive.org/web/20250515015114/https://nypost.com/2025/05/14/us-news/200-trapped-students-teachers-stranded-as-flash-floods-engulf-appalachians/,"ALBEMARLE COUNTY, Va.  The body of a 12-year-old boy was found Wednesday morning after he was swept away by floodwaters Tuesday evening, according officials in Albermarle County, Virginia. 
That com… [+3462 chars]",,"200 eingeschlossene Schüler und gestrandete Lehrer, während Sturzfluten die Appalachen verschlingen. Nach Angaben von Beamten in Albermarle County, Virginia, wurde am Mittwochmorgen die Leiche eines 12-jährigen Jungen gefunden, nachdem er am Dienstagabend vom Hochwasser weggeschwemmt worden war.","200 trapped students, teachers stranded as flash floods engulf Appalachians. The body of a 12-year-old boy was found Wednesday morning after he was swept away by floodwaters Tuesday evening, according officials in Albermarle County, Virginia.","200 Alumni capti, doctores subductis ut Appalachiani mico diluvia ingerant. Corpus pueri XII annorum inventum est mane Mercurii postquam ab diluviis inundationibus die Martis vesperi abreptus est, secundum magistratus in Comitatu Albermarle Virginia.",2026-01-07 21:55:04+00:00
cd131cfee4d4f1b9777976f17bab92df,2025-05-14T21:49:54Z,'flooding area',www.cbc.ca,en,0.0,Overland flood watch issued for southwestern Manitoba starting Wednesday,"Residents in southwestern Manitoba are being warned to brace for overland flooding, as heavy rainfall is expected to hit the area between Wednesday and Friday.",https://www.cbc.ca/news/canada/manitoba/southwestern-manitoba-flood-watch-1.7535240,https://i.cbc.ca/1.6808760.1681349959!/fileImage/httpImage/image.jpg_gen/derivatives/16x9_1180/boissevain-flooding.jpg?im=Resize%3D620,,"Residents in southwestern Manitoba are being warned to brace for overland flooding, as heavy rainfall is expected to hit the area between Wednesday and Friday.
The province issued an overland flood … [+1890 chars]",,"Ab Mittwoch wird für den Südwesten von Manitoba eine Hochwasserwarnung auf dem Landweg herausgegeben. Einwohner im Südwesten von Manitoba werden gewarnt, sich auf Überlandüberschwemmungen vorzubereiten, da zwischen Mittwoch und Freitag starke Regenfälle in der Gegend erwartet werden.","Overland flood watch issued for southwestern Manitoba starting Wednesday. Residents in southwestern Manitoba are being warned to brace for overland flooding, as heavy rainfall is expected to hit the area between Wednesday and Friday.","TERRESTRIS inundatio vigiliae edita est Manitoba meridiem mercurii incipiens. Incolae in occidentali occidentali Manitoba admonentur ut inundatio terrestris accingatur, sicut pluviae gravis expectatur aream inter Mercurii et Veneris ferire.",2026-01-07 21:55:04+00:00
8d61a37b5b37990bac1169649b6178e9,2025-05-15T10:00:00Z,'flooding damage',heraldcourier.com,en,0.0,Route 58 to reopen next week; most highway infrastructure damage repaired,The 1.5-mile section of U.S. Route 58 damaged by flooding from Hurricane Helene is expected to reopen next week.,https://heraldcourier.com/news/local/article_22880710-5465-4ecf-834c-4adaf8372961.html,https://bloximages.newyork1.vip.townnews.com/roanoke.com/content/tncms/assets/v3/editorial/1/ee/1eebeed5-a1be-5b79-9fc7-9ec1c137f695/68251fb0d68b5.image.jpg?crop=1763%2C926%2C0%2C124&resize=1200%2C630&order=crop%2Cresize,http://archive.md/20250515123546/https://heraldcourier.com/news/local/article_22880710-5465-4ecf-834c-4adaf8372961.html,"DAVID MCGEE 
Bristol Herald Courier
Virginia Department of Transportations Bristol District Engineer Tabitha Crowder provided updates about roadways and bridges impacted by Hurricane Helene.
ABING… [+3851 chars]",,"Route 58 wird nächste Woche wiedereröffnet; Die meisten Schäden an der Autobahninfrastruktur wurden behoben. Der 1,5 Meilen lange Abschnitt der U.S. Route 58, der durch Überschwemmungen durch Hurrikan Helene beschädigt wurde, wird voraussichtlich nächste Woche wiedereröffnet.",Route 58 to reopen next week; most highway infrastructure damage repaired. The 1.5-mile section of U.S. Route 58 damaged by flooding from Hurricane Helene is expected to reopen next week.,Iter 58 sabbato proximo retractare; maxime stratam infrastructuram damni reparavit. 1.5 milia passuum sectio itineris 58 Americae Turris inundatione laesa expectatur altera septimana recludere.,2026-01-07 21:55:04+00:00
35546a638922dfa9da704d3ccce98311,2025-05-15T10:28:12Z,'flooding damage',www.cnn.com,en,0.0,432 Park Avenue: Condo owners sue over New York skyscraper ‘plagued’ with ‘thousands of cracks’,Apartment owners claim the super-skinny tower’s developers failed to disclose the extent of damage that has resulted in flooding and impacted the value of their multimillion-dollar properties.,https://www.cnn.com/2025/05/15/style/432-park-avenue-skyscraper-lawsuit,"https://media.cnn.com/api/v1/images/stellar/prod/gettyimages-1305381700.jpg?c=16x9&q=w_800,c_fill",http://archive.md/20250515095708/https://www.cnn.com/2025/05/15/style/432-park-avenue-skyscraper-lawsuit,Apartment owners at a luxury New York skyscraper are suing the buildings developers over a far-reaching fraud in which they allegedly hid structurally significant defects including thousands of sever… [+5724 chars],,"432 Park Avenue: Eigentümer von Eigentumswohnungen klagen wegen New Yorker Wolkenkratzer, der von „tausenden Rissen“ „geplagt“ ist. Wohnungseigentümer behaupten, die Entwickler des superschlanken Hochhauses hätten es versäumt, das Ausmaß der Schäden offenzulegen, die zu Überschwemmungen geführt und den Wert ihrer mehrere Millionen Dollar teuren Immobilien beeinträchtigt hätten.",432 Park Avenue: Condo owners sue over New York skyscraper ‘plagued’ with ‘thousands of cracks’. Apartment owners claim the super-skinny tower’s developers failed to disclose the extent of damage that has resulted in flooding and impacted the value of their multimillion-dollar properties.,432 Park Avenue: Condo domini rogant de New York skyscraper 'plagae' cum 'milia rimas'. Dominis conclavis petant turris super-macilentae tincidunt non detegere quantitatem damni quae consecuta est in inundatione et impactione pretii eorum multimillion puparum proprietatum.,2026-01-07 21:55:04+00:00
cbf02b18306dddeb08454fea5b096543,2025-05-15T13:55:48Z,'floods',www.thejournal.ie,en,0.0,Seamus Rafter Bridge in Enniscorthy could be demolished under town's flood relief plan,"Extreme flooding events have taken place consistently in Enniscorthy since 1924, the OPW has said.",https://www.thejournal.ie/seamus-rafter-bridge-demolished-6705929-May2025/,https://img2.thejournal.ie/article/6705929/river/?height=400&version=6705987,https://web.archive.org/web/20250515152556/https://www.thejournal.ie/seamus-rafter-bridge-demolished-6705929-May2025/,"SEAMUS RAFTER BRIDGE in Enniscorthy, Co Wexford, could be demolished as part of a flood relief scheme for the town.
Significant floods hit the town over Christmas 2021 as one-metre waves cause devas… [+1606 chars]",,Die Seamus Rafter Bridge in Enniscorthy könnte im Rahmen des Hochwasserschutzplans der Stadt abgerissen werden. Laut OPW kam es in Enniscorthy seit 1924 regelmäßig zu extremen Überschwemmungen.,"Seamus Rafter Bridge in Enniscorthy could be demolished under town's flood relief plan. Extreme flooding events have taken place consistently in Enniscorthy since 1924, the OPW has said.","Seamus Rafter Bridge in Enniscorthy potuit dirui sub subsidio oppidi inundatione consilii. Extremae eventus inundationes constanter in Enniscorthy ab anno 1924 factae sunt, quae OPW dixit.",2026-01-07 21:55:04+00:00
5cfd0fc7c66cad2d4cc4430a47a4caa6,2025-05-15T17:01:02Z,'flooding storm',www.cbsnews.com,en,0.0,5/15: CBS Mornings Plus,"Millions are under weather alerts as extreme heat scorches the South and severe storms bring flooding and damage to parts of the Midwest. Also, inside the NPR Tiny Desk phenomenon.",https://www.cbsnews.com/video/051525-cbs-mornings-plus/,https://assets2.cbsnewsstatic.com/hub/i/r/2025/05/15/0fd887ee-85f0-43dc-b0fb-b2118ccfbcc0/thumbnail/1200x630/2690a26209c83b609cc63ca6a9219ab8/cbsmorningsplus-full-3758087-640x360.jpg?v=6df9366690ed146f169dd0670c453f91,,Copyright ©2025 CBS Interactive Inc. All rights reserved.,,"15.05.: CBS Mornings Plus. Millionen Menschen stehen unter Wetterwarnungen, da extreme Hitze den Süden verbrennt und schwere Stürme Überschwemmungen und Schäden in Teilen des Mittleren Westens verursachen. Auch innerhalb des NPR Tiny Desk-Phänomens.","5/15: CBS Mornings Plus. Millions are under weather alerts as extreme heat scorches the South and severe storms bring flooding and damage to parts of the Midwest. Also, inside the NPR Tiny Desk phenomenon.","5/15: CBS Matutinis Plus. Milia sub summis tempestatibus sunt sicut calor nimius exurit Austrum et tempestates graves inundationem et damnum partibus Mediae afferunt. Etiam, intra NPR Vegrandis Desk phaenomenon.",2026-01-07 21:55:04+00:00
dc762cab64e9484ded267ba1fd2173a8,2025-05-15T20:30:00Z,'flooding',radaronline.com,en,0.0,INVESTIGATION: Donald Trump's 'Food Deal' With U.K. Exposes 'Horrors' Inside U.S. Beef Set to Flood Britain's Supermarket Shelves,Officials in Britain are worried contaminated beef from the U.S. could soon be flooding their supermarket shelves,https://radaronline.com/p/donald-trump-food-deal-uk-contaminated-beef-supermarket/,https://media.radaronline.com/brand-img/HWeNdeCdF/1200x628/trump-beef-injection-1747339839845.jpg,,"A new trade deal agreed to by the two nations will see 13,000 tons of U.S. beef shipped to the U.K. enough meat to serve one medium-sized steak to every adult in the country. 
However, consumers ove… [+2541 chars]",,"UNTERSUCHUNG: Donald Trumps „Lebensmitteldeal“ mit Großbritannien enthüllt „Horror“ im US-Rindfleisch, das die britischen Supermarktregale überschwemmen wird. Beamte in Großbritannien befürchten, dass kontaminiertes Rindfleisch aus den USA bald ihre Supermarktregale überschwemmen könnte",INVESTIGATION: Donald Trump's 'Food Deal' With U.K. Exposes 'Horrors' Inside U.S. Beef Set to Flood Britain's Supermarket Shelves. Officials in Britain are worried contaminated beef from the U.S. could soon be flooding their supermarket shelves,INVESTIGATIO: Donald BUCINUM scriptor 'Food Fac' Cum U.K. exponit 'horres' intra US bubulae ad diluvium Britanniam Supermarket Shelves. Magistratus in Britannia solliciti sunt bubulam ab Americae contaminatam cito inundare posse eorum macellum,2026-01-07 21:55:04+00:00
80530ce09917da4a67b0fa17dedb4b28,2025-05-15T21:41:14Z,'flooding',consent.yahoo.com,en,0.0,Carnival Cruise Line ship hit hard by flooding during storm,,https://consent.yahoo.com/v2/collectConsent?sessionId=1_cc-session_6fae286a-0cbf-4f91-950e-1164b312c483,,,"If you click 'Accept all', we and our partners, including 241 who are part of the IAB Transparency &amp; Consent Framework, will also store and/or access information on a device (in other words, use … [+714 chars]",,Das Schiff der Carnival Cruise Line wurde während des Sturms von Überschwemmungen schwer getroffen. Nan,Carnival Cruise Line ship hit hard by flooding during storm. nan,Carens Cruise Linea navis prope inundationem in tempestate hit. nan,2026-01-07 21:55:04+00:00
d6708cb3377407381d146c31e51c7dc7,2025-05-16T07:51:31Z,'flooding disaster',www.abc.net.au,en,0.0,Flooded residents welcome call to be included should another disaster strike,"Riverland resident Mike Fuller is pleased to see government agencies have admitted some faults, particularly in sourcing local knowledge, when managing major River Murray flooding.",https://www.abc.net.au/news/2025-05-16/riverland-residents-welcome-river-murray-flood-report/105299796,https://live-production.wcms.abc-cdn.net.au/5dc0c6b2c450412e46662ae3b2b80711?impolicy=wcms_watermark_news&cropH=1836&cropW=3264&xPos=0&yPos=0&width=862&height=485&imformat=generic,https://web.archive.org/web/20250516134847/https://www.abc.net.au/news/2025-05-16/riverland-residents-welcome-river-murray-flood-report/105299796,"Two and a half years on from the third highest flood on record in South Australia, a newly rebuilt bridge in the river community of Renmark has just reopened.
It was a long time coming for residents… [+5315 chars]",,"Überflutete Anwohner freuen sich über den Aufruf, einbezogen zu werden, falls es zu einer weiteren Katastrophe kommt. Der Einwohner von Riverland, Mike Fuller, freut sich, dass Regierungsbehörden bei der Bewältigung großer Überschwemmungen am Fluss Murray einige Fehler eingestanden haben, insbesondere bei der Beschaffung von lokalem Wissen.","Flooded residents welcome call to be included should another disaster strike. Riverland resident Mike Fuller is pleased to see government agencies have admitted some faults, particularly in sourcing local knowledge, when managing major River Murray flooding.","Inundata incolas grata vocatio comprehendi debet, alia calamitas percutiat. Mike Fuller residenti in Mesopotamia delectatur videre regimen institutionum quaedam vitia admisisse, praesertim ad cognitionem localem transmigrandi, cum maioris fluminis Moraviae inundatio administrandi.",2026-01-07 21:55:04+00:00
33540e7e66bbc42284540202d93b8fa2,2025-05-16T12:27:39Z,'flooding storm',www.insurancejournal.com,en,0.0,Boy Swept Away as Virginia and Maryland Hit With Heavy Rains and Flooding,Officials found the body of a 12-year-old boy who was swept away by rushing water on a Virginia roadway during a storm system that also forced a dozen students to stay overnight at a Maryland high school due to heavy …,https://www.insurancejournal.com/news/east/2025/05/16/824034.htm,https://www.insurancejournal.com/app/uploads/2025/05/Maryland-floods-AP-photo-scaled.jpg,https://web.archive.org/web/20250516184526/https://www.insurancejournal.com/news/east/2025/05/16/824034.htm,Officials found the body of a 12-year-old boy who was swept away by rushing water on a Virginia roadway during a storm system that also forced a dozen students to stay overnight at a Maryland high sc… [+4724 chars],,"Junge wurde davongeschwemmt, als Virginia und Maryland von heftigen Regenfällen und Überschwemmungen heimgesucht wurden. Beamte fanden die Leiche eines 12-jährigen Jungen, der während eines Sturmsystems von strömendem Wasser auf einer Straße in Virginia mitgerissen wurde, was auch ein Dutzend Schüler zwang, wegen schwerer Überlastung an einer Highschool in Maryland zu übernachten …",Boy Swept Away as Virginia and Maryland Hit With Heavy Rains and Flooding. Officials found the body of a 12-year-old boy who was swept away by rushing water on a Virginia roadway during a storm system that also forced a dozen students to stay overnight at a Maryland high school due to heavy …,"Puer rapuit ut Virginia et Maryland Hit Cum imbres et inundationes. Magistratus invenerunt corpus pueri 12 annorum, qui aquae in Virginia via tempestatis impetu raptus est, qui etiam duodecim discipulos pernoctare coegit apud Maryland alta schola propter gravem ...",2026-01-07 21:55:04+00:00
a1fb31e977599ba6de4f3369bbf53d31,2025-05-16T13:15:42Z,'flooding',www.newsweek.com,en,0.0,Thunderstorm Update: Millions Across Multiple States in Risk Zone,"Forecasters are also warning of high-risk zones where tornadoes, damaging winds, hail, and flash flooding are possible.",https://www.newsweek.com/tornado-warnings-map-thunderstorms-weather-2073143,https://d.newsweek.com/en/full/2645909/tstorm-map.jpg,https://web.archive.org/web/20250517144431/https://www.newsweek.com/tornado-warnings-map-thunderstorms-weather-2073143,"Severe weather is expected to continue on Friday, threatening major cities from the South and Midwest to the Eastern U.S.
Why It Matters
The renewed threat of severe weather comes after meteorologi… [+3342 chars]",,"Gewitter-Update: Millionen in mehreren Bundesstaaten in Risikozone. Meteorologen warnen auch vor Hochrisikogebieten, in denen Tornados, schädliche Winde, Hagel und Sturzfluten möglich sind.","Thunderstorm Update: Millions Across Multiple States in Risk Zone. Forecasters are also warning of high-risk zones where tornadoes, damaging winds, hail, and flash flooding are possible.","Procellae Tonitruales Update: Millions Per Civitates Multiplices in Risk Zonam. Vates quoque denuntiant zonarum periculorum summus ubi turbines, venti perniciosi, grandines et inundationes mico possibilia sunt.",2026-01-07 21:55:04+00:00
9e9542c2e01e541903a0b088f602e0a4,2025-05-16T15:55:07Z,'flooding',www.dailysignal.com,en,0.0,The Real First 100 Days,"Pundits are confused about what to make of the first 100 days of the second Trump administration. Supporters talk of “flooding the zone,” believing President... Read More
The post The Real First 100 Days appeared first on The Daily Signal.",https://www.dailysignal.com/2025/05/16/trump-real-first-100-days/,https://www.dailysignal.com/wp-content/uploads/2025/05/GettyImages-2215206485-scaled.jpg,https://web.archive.org/web/20250518055221/https://www.dailysignal.com/2025/05/16/trump-real-first-100-days/,"Pundits are confused about what to make of the first 100 days of the second Trump administration.
Supporters talk of “flooding the zone,” believing President Donald Trump is making so many changes s… [+5049 chars]",,"Die wahren ersten 100 Tage. Experten sind verwirrt darüber, was sie von den ersten 100 Tagen der zweiten Trump-Regierung halten sollen. Befürworter sprechen von einer „Überschwemmung der Zone“ und glauben, dass Präsident … Weiterlesen
Der Beitrag „The Real First 100 Days“ erschien zuerst auf The Daily Signal.","The Real First 100 Days. Pundits are confused about what to make of the first 100 days of the second Trump administration. Supporters talk of “flooding the zone,” believing President... Read More
The post The Real First 100 Days appeared first on The Daily Signal.","Primus dies Verus 100. Punditi confusae sunt de iis quae primae 100 dies secundi Trump administrandae faciunt. Fautores disputant ""inundationem zonam"" credentes Praeside... Read More
Postes Verus Primum 100 Dies primus apparuit in Signum Daily.",2026-01-07 21:55:04+00:00
38c7ed6634c14651eebcb2c3342ed4b9,2025-05-16T16:50:31Z,'flooding precipitation',www.theobserver.com,en,0.0,Tucci: Mud Hole mitigation quite successful,"The recent implementation of a strategic water management system in Nutley Township’s Memorial Park (the Mud Hole) has proven to be a major success in reducing flooding in local parks… 
The post Tucci: Mud Hole mitigation quite successful appeared first on Th…",https://www.theobserver.com/2025/05/16/nutley-dpw-mud-hole-mitigation-quite-successful/,https://www.theobserver.com/wp-content/uploads/2025/05/Mudhole-copy.jpg,https://web.archive.org/web/20250517063326/https://www.theobserver.com/2025/05/16/nutley-dpw-mud-hole-mitigation-quite-successful/,"The recent implementation of a strategic water management system in Nutley Townships Memorial Park (the Mud Hole) has proven to be a major success in reducing flooding in local parks and streets.
Th… [+3036 chars]",,"Tucci: Schlammlochbekämpfung ziemlich erfolgreich. Die kürzliche Implementierung eines strategischen Wassermanagementsystems im Memorial Park (dem Mud Hole) der Nutley Township hat sich als großer Erfolg bei der Reduzierung von Überschwemmungen in örtlichen Parks erwiesen … 
Der Beitrag Tucci: Mud Hole Milderung ziemlich erfolgreich erschien zuerst auf Th…","Tucci: Mud Hole mitigation quite successful. The recent implementation of a strategic water management system in Nutley Township’s Memorial Park (the Mud Hole) has proven to be a major success in reducing flooding in local parks… 
The post Tucci: Mud Hole mitigation quite successful appeared first on Th…","Tucci: Mud Hole mitigatio satis felix. Recens exsecutio aquae administrationis strategicae systematis in Nutley Township's Memorial Park (Mud Hole) demonstravit successum maiorem esse in inundatione in hortis localibus redigendo... 
Post Tucci: Mud Hole mitigatio satis prospere apparuit primo die Th…",2026-01-07 21:55:04+00:00
6f4d5f81a45aea1769db4256624352f7,2025-05-17T04:01:00Z,'flooding rain',www.staradvertiser.com,en,0.0,Flood advisory issued for Hawaii island,"A flood advisory is in effect for Hawaii County until 6 p.m. today due to flooding caused by excessive rainfall. Forecasters warn of minor flooding on roads,...",https://www.staradvertiser.com/2025/05/16/breaking-news/flood-advisory-issued-for-hawaii-island-5/,https://s.yimg.com/cv/apiv2/social/images/yahoo_default_logo-1200x1200.png,https://web.archive.org/web/20250517044822/https://www.staradvertiser.com/2025/05/16/breaking-news/flood-advisory-issued-for-hawaii-island-5/,"A flood advisory is in effect for Hawaii County until 6 p.m. today due to flooding caused by excessive rainfall.
Forecasters warn of minor flooding on roads, and drainage areas and in streams.
At 2… [+841 chars]",,"Hochwasserwarnung für die Insel Hawaii herausgegeben. Für Hawaii County gilt bis 18:00 Uhr eine Hochwasserwarnung. heute aufgrund von Überschwemmungen aufgrund übermäßiger Regenfälle. Meteorologen warnen vor leichten Überschwemmungen auf Straßen,...","Flood advisory issued for Hawaii island. A flood advisory is in effect for Hawaii County until 6 p.m. today due to flooding caused by excessive rainfall. Forecasters warn of minor flooding on roads,...","Diluvium consularium pro Hawaii insula edita. Diluvium consultorium effectum est in Comitatu Hawaii usque ad VI a.m. hodie ob inundationem nimiam pluviam. Vates minoris inundationem in viarum monent, ...",2026-01-07 21:55:04+00:00
a12a0effbc6d6b3f7f4e087f5bc48ccc,2025-05-17T16:04:00Z,'floods',www.thestar.com.my,en,0.0,"Severe floods hit Argentina farm region, thousands evacuate","BUENOS AIRES (Reuters) -Thousands of residents evacuated on Saturday as rains lashed the north of Argentina's Buenos Aires province, a vital agricultural hub, and caused severe flooding.  Read full story",https://www.thestar.com.my/news/world/2025/05/18/severe-floods-hit-argentina-farm-region-thousands-evacuate,https://apicms.thestar.com.my/uploads/images/2025/05/18/3320203.jpg,https://web.archive.org/web/20250517181904/https://www.thestar.com.my/news/world/2025/05/18/severe-floods-hit-argentina-farm-region-thousands-evacuate,"BUENOS AIRES (Reuters) -Thousands of residents evacuated on Saturday as rains lashed the north of Argentina's Buenos Aires province, a vital agricultural hub, and caused severe flooding.
The Nationa… [+1091 chars]",,"Schwere Überschwemmungen erschüttern argentinisches Agrargebiet, Tausende müssen evakuiert werden. BUENOS AIRES (Reuters) – Tausende Einwohner wurden am Samstag evakuiert, als Regenfälle den Norden der argentinischen Provinz Buenos Aires, einem wichtigen landwirtschaftlichen Zentrum, verwüsteten und schwere Überschwemmungen verursachten.  Lesen Sie die ganze Geschichte","Severe floods hit Argentina farm region, thousands evacuate. BUENOS AIRES (Reuters) -Thousands of residents evacuated on Saturday as rains lashed the north of Argentina's Buenos Aires province, a vital agricultural hub, and caused severe flooding.  Read full story","Inundationes gravissimae regionis Argentinae villam feriunt, mille evacuant. BUENOS Aires (Reuters) -Milia incolarum die Saturni ecesserunt sicut pluviae Buenos Aires provinciae Argentinae septentrionalis, centrum vitae agriculturae, graves inundationes effecit.  Read full story",2026-01-07 21:55:04+00:00
dbaf5b1ce689010fee6a10fcf99e65cf,2025-05-17T20:37:50Z,'floods',japantoday.com,en,0.0,"Severe floods hit Argentina farm region, thousands evacuate","Thousands of residents evacuated on Saturday as rains lashed the north of Argentina's Buenos Aires province, a vital agricultural hub, and caused severe flooding. The National Meteorological Service, which issued a red alert for the region on Friday evening, …",https://japantoday.com/category/world/severe-floods-hit-argentina-farm-region-thousands-evacuate,,,"Thousands of residents evacuated on Saturday as rains lashed the north of Argentina's Buenos Aires province, a vital agricultural hub, and caused severe flooding.
The National Meteorological Service… [+987 chars]",,"Schwere Überschwemmungen erschüttern argentinisches Agrargebiet, Tausende müssen evakuiert werden. Tausende Einwohner wurden am Samstag evakuiert, als Regenfälle den Norden der argentinischen Provinz Buenos Aires, einem wichtigen landwirtschaftlichen Zentrum, verwüsteten und schwere Überschwemmungen verursachten. Der Nationale Meteorologische Dienst, der am Freitagabend eine rote Warnung für die Region herausgab, …","Severe floods hit Argentina farm region, thousands evacuate. Thousands of residents evacuated on Saturday as rains lashed the north of Argentina's Buenos Aires province, a vital agricultural hub, and caused severe flooding. The National Meteorological Service, which issued a red alert for the region on Friday evening, …","Inundationes gravissimae regionis Argentinae villam feriunt, mille evacuant. Milia incolarum die Sabbati cessere sicut pluviae Argentinae Buenos Aires provinciae septentrionalis, centrum vitalis agriculturae, graves inundationes effecit. Officium Meteorologicum Nationale, quod rubeum erectum in regione Veneris vesperi edita est, …",2026-01-07 21:55:04+00:00
7deb0b48041fea309eeb99b331236578,2025-05-18T01:00:00Z,'flooding atmospheric river',wattsupwiththat.com,en,0.0,Atmosphere Hits Neutral: Wild Winter Weather Ahead?,"What are the implications of neutral conditions for next winter?

Increased chances of a major wind event from an approaching midlatitude low-pressure system.

Increased chance of a strong atmospheric river that produces major flooding.

Bottom line: neutral …",https://wattsupwiththat.com/2025/05/17/the-atmosphere-is-now-in-neutral/,https://i0.wp.com/wattsupwiththat.com/wp-content/uploads/2025/05/atmospheric-river3.webp?fit=1200%2C675&ssl=1,,"From the Cliff Mass Weather Blog
Cliff Mass,
Midway through May is a good time to check on the status of El Nino/La Nina,  since its status becomes clearer at this time of the year and will have a … [+1303 chars]",,"Atmosphäre wird neutral: Steht wildes Winterwetter bevor? Welche Auswirkungen haben neutrale Bedingungen auf den nächsten Winter?

Erhöhte Wahrscheinlichkeit eines größeren Windereignisses durch ein herannahendes Tiefdrucksystem mittlerer Breite.

Erhöhte Wahrscheinlichkeit eines starken atmosphärischen Flusses, der große Überschwemmungen verursacht.

Fazit: neutral …","Atmosphere Hits Neutral: Wild Winter Weather Ahead?. What are the implications of neutral conditions for next winter?

Increased chances of a major wind event from an approaching midlatitude low-pressure system.

Increased chance of a strong atmospheric river that produces major flooding.

Bottom line: neutral …","Atmosphaerae Hits Neutralis: Tempestas Wild Hiems Ante?. Quaenam sunt condiciones neutrae proximae hyemis implicatae?

Auxit casus venti maioris eventus ab accessu ad midlatudinem low-pressionis systematis.

Fors auxit fortis atmosphaerici fluminis quod maiorem inundationem producit.

Solum versus: neutrum ...",2026-01-07 21:55:04+00:00
5a4bfcc22ec0600c814e14117c3e4dd1,2025-05-18T21:54:27Z,'flooding rain',www.abc.net.au,en,0.0,Eight flood rescues as heavy rain lashes parts of NSW,The SES is urging communities across the Hunter and Mid North Coast to be on alert for flash flooding as heavy rainfall batters the coast.,https://www.abc.net.au/news/2025-05-19/nsw-flooding-warnings-hunter-mid-north-coast-heavy-rainfall/105306786,https://live-production.wcms.abc-cdn.net.au/d2514407aba535c9a326ecca7383a4e7?impolicy=wcms_watermark_news&cropH=417&cropW=742&xPos=0&yPos=132&width=862&height=485&imformat=generic,https://web.archive.org/web/20250518224004/https://www.abc.net.au/news/2025-05-19/nsw-flooding-warnings-hunter-mid-north-coast-heavy-rainfall/105306786,"The New South Wales State Emergency Service (SES) is urging communities across the Hunter and Mid North Coast to be wary of flash flooding as heavy rainfall lashes the coast.
The SES said falls of u… [+2471 chars]",,"Acht Flutrettungen, während heftiger Regen Teile von New South Wales heimsucht. Der SES fordert die Gemeinden an der Hunter- und Mid-North-Coast-Region auf, auf Sturzfluten zu achten, da heftige Regenfälle die Küste heimsuchen.",Eight flood rescues as heavy rain lashes parts of NSW. The SES is urging communities across the Hunter and Mid North Coast to be on alert for flash flooding as heavy rainfall batters the coast.,Octo diluvium sicut pluviae plagarum partes NSW liberat. SES societates per Hunter et Midiam Septentrionalem Coast hortatur ut vigilent ad inundationem fulguris quam graves pluviae litus quatit.,2026-01-07 21:55:04+00:00
21a46a4201b965717ff67fdfa8e03901,2025-05-19T09:00:12Z,'flooding',www.thejournal.ie,en,0.0,Thunderstorms and spot flooding possible today as sunny spell comes to abrupt end,Get the last minute beach trips in now – Met Éireann has warned that a “more permanent regime change” in the weather is coming this weekend.,https://www.thejournal.ie/thunderstorms-spot-flooding-weather-met-eireann-sunny-spell-6708666-May2025/,https://img2.thejournal.ie/article/6708666/river/?height=400&version=6708683,https://web.archive.org/web/20250519114005/https://www.thejournal.ie/thunderstorms-spot-flooding-weather-met-eireann-sunny-spell-6708666-May2025/,"THE RECENT SPELL of warm and sunny weather is set to sadly come to an end this week, with Met Éireann forecasting cloudier conditions from as soon as Saturday.
The country is set to see more of the … [+1621 chars]",,"Heute sind Gewitter und punktuelle Überschwemmungen möglich, da die Sonnenperiode abrupt zu Ende geht. Holen Sie sich jetzt die Last-Minute-Strandausflüge – Met Éireann hat gewarnt, dass an diesem Wochenende ein „dauerhafterer Regimewechsel“ des Wetters bevorsteht.",Thunderstorms and spot flooding possible today as sunny spell comes to abrupt end. Get the last minute beach trips in now – Met Éireann has warned that a “more permanent regime change” in the weather is coming this weekend.,"Tonitruum et maculae inundatio hodie fieri potest, ut serenum carmen in abruptum finem perveniat. Novissima itinera in litus nunc minutum obtine - Met Éireann monuit ""maiorem mutationem regiminis"" in tempestate hac volutpat venturum esse.",2026-01-07 21:55:04+00:00
2ad8270b0d5236b45ffafe866db446fe,2025-05-19T11:59:29Z,'flooding rain',economictimes.indiatimes.com,en,0.0,Bengaluru rains claim woman’s life in wall collapse; Opposition attacks Congress saying ‘from greater Bengaluru to submerged Bengaluru’,"A woman tragically died in Bengaluru due to a wall collapse during heavy rains, sparking political clashes. The BJP criticizes the Congress government for the city's inadequate infrastructure after 104 mm of rainfall caused widespread flooding and traffic cha…",https://economictimes.indiatimes.com/news/bengaluru-news/bengaluru-rains-claim-womans-life-in-wall-collapse-opposition-attacks-congress-saying-from-greater-bengaluru-to-submerged-bengaluru/articleshow/121269355.cms,"https://img.etimg.com/thumb/msid-121269353,width-1200,height-630,imgsize-966488,overlay-economictimes/articleshow.jpg",https://web.archive.org/web/20250520132654/https://economictimes.indiatimes.com/news/bengaluru-news/bengaluru-rains-claim-womans-life-in-wall-collapse-opposition-attacks-congress-saying-from-greater-bengaluru-to-submerged-bengaluru/articleshow/121269355.cms,"A 35-year-old woman was tragically killed on Monday after a wall collapsed during heavy rains in Bengaluru. The incident has sparked a fresh political debate, with the opposition BJP criticising the … [+3086 chars]",,"Regenfälle in Bengaluru fordern Frau bei Mauereinsturz das Leben; Die Opposition greift den Kongress mit den Worten „vom Großraum Bengaluru zum untergetauchten Bengaluru“ an. Eine Frau kam in Bengaluru auf tragische Weise ums Leben, als bei heftigen Regenfällen eine Mauer einstürzte, was zu politischen Auseinandersetzungen führte. Die BJP kritisiert die Kongressregierung für die unzureichende Infrastruktur der Stadt, nachdem 104 mm Niederschlag zu großflächigen Überschwemmungen und Verkehrsbehinderungen geführt hatten.","Bengaluru rains claim woman’s life in wall collapse; Opposition attacks Congress saying ‘from greater Bengaluru to submerged Bengaluru’. A woman tragically died in Bengaluru due to a wall collapse during heavy rains, sparking political clashes. The BJP criticizes the Congress government for the city's inadequate infrastructure after 104 mm of rainfall caused widespread flooding and traffic cha…","Bengaluru pluviae vindicant vitam mulieris in muro ruinae; Congressus oppositio impugnat dicens 'de maiore Bengaluru ad Bengaluru demergi'. Mulier tragice mortua est in Bengaluru ob parietis ruinam in imbribus gravibus, conflictus politicorum scintillantium. Congressus regimen reprehendit BJP propter infrastructuram urbis insufficiens post 104 mm pluviarum inundationem et commercium cha…",2026-01-07 21:55:04+00:00
3518c7840fa9ce823e291ae27492273c,2025-05-19T16:36:01Z,'floods',grist.org,en,0.0,11 States Are Eyeing Laws to Make Fossil Fuel Industry Pay for Climate Crisis,"States are facing enormous costs in the wake of floods, wildfires, and other disasters worsened by climate change.",https://grist.org/accountability/climate-superfund-law-maryland-california-vermont-new-york-trump-lawsuits/,https://truthout.org/app/uploads/2025/05/GettyImages-1493515795-scaled.jpg,https://web.archive.org/web/20250519093719/https://grist.org/accountability/climate-superfund-law-maryland-california-vermont-new-york-trump-lawsuits/,"This story was originally published by Grist. Sign up for Grist’s weekly newsletter here.
As climate disasters strain state budgets, a growing number of lawmakers want fossil fuel companies to pay f… [+10269 chars]",,"11 Staaten streben Gesetze an, um die Industrie für fossile Brennstoffe für die Klimakrise bezahlen zu lassen. Durch Überschwemmungen, Waldbrände und andere Katastrophen, die durch den Klimawandel noch schlimmer werden, entstehen den Staaten enorme Kosten.","11 States Are Eyeing Laws to Make Fossil Fuel Industry Pay for Climate Crisis. States are facing enormous costs in the wake of floods, wildfires, and other disasters worsened by climate change.","11 Civitates intendunt Leges ad Fossilia Fuel Industry Stipendium Clima Crisis. Civitates immensas impensas spectant in vicissitudines inundationes, incendia et alias clades mutatione climatis ingravescentes.",2026-01-07 21:55:04+00:00
084927bbec9bef0ab317976d780f3e4b,2025-05-19T20:44:37Z,'flooding residents',www.abc.net.au,en,0.0,"Overnight evacuations, flood warnings as heavy rain continues in NSW",Dozens of residents across parts of the Hunter region were forced out of their homes overnight after evacuation orders were issued due to fears of major flooding.,https://www.abc.net.au/news/2025-05-20/nsw-flooding-severe-weather-mid-north-coast-hunter-regions/105310154,https://live-production.wcms.abc-cdn.net.au/d2514407aba535c9a326ecca7383a4e7?impolicy=wcms_watermark_news&cropH=417&cropW=742&xPos=0&yPos=132&width=862&height=485&imformat=generic,https://web.archive.org/web/20250519215339/https://www.abc.net.au/news/2025-05-20/nsw-flooding-severe-weather-mid-north-coast-hunter-regions/105310154,"Dozens of residents across parts of the New South Wales Hunter region were forced out of their homes overnight after evacuation orders were issued due to fears of major flooding.
The State Emergency… [+3194 chars]",,"Evakuierungen über Nacht, Hochwasserwarnungen, da es in NSW weiterhin heftig regnet. Dutzende Bewohner in Teilen der Hunter-Region wurden aus Angst vor größeren Überschwemmungen über Nacht aus ihren Häusern vertrieben, nachdem Evakuierungsbefehle erlassen worden waren.","Overnight evacuations, flood warnings as heavy rain continues in NSW. Dozens of residents across parts of the Hunter region were forced out of their homes overnight after evacuation orders were issued due to fears of major flooding.","Pernoctare evacuationes, inundationes admonitiones sicut pluviae in NSW pergit. Dozens incolarum per partes regionis Venatoris coacti sunt e domibus pernoctare postquam ordines evacuationis edebantur ob metum maioris inundationis.",2026-01-07 21:55:04+00:00
98e44242dbdce8c157df5074d776ea4c,2025-05-20T03:00:00Z,'deluge',www.stltoday.com,en,0.0,Sonny Gray shines before rainstorm leads to deluge of offense from Cardinals vs. Tigers,Starter struck out a season-high 10 in his six shutout innings to guide Cardinals to an 11-4 victory against one of the top teams from the American League.,https://www.stltoday.com/sports/professional/mlb/cardinals/article_3c6d174f-429b-46c4-a108-12f2727fbd9b.html,https://bloximages.newyork1.vip.townnews.com/stltoday.com/content/tncms/assets/v3/editorial/3/c6/3c6d174f-429b-46c4-a108-12f2727fbd9b/682bdecd5d2c9.preview.jpg?crop=1707%2C896%2C0%2C158&resize=1200%2C630&order=crop%2Cresize,http://archive.md/20250520050840/https://www.stltoday.com/sports/professional/mlb/cardinals/article_3c6d174f-429b-46c4-a108-12f2727fbd9b.html,"Cardinals outfielder Lars Nootbaar is congratulated by teammates on Monday, May 19, 2025, after scoring on a single by Brendan Donovan in the first inning of a game against the Tigers at Busch Stadiu… [+7974 chars]",,"Sonny Gray glänzt, bevor der Regensturm zu einer Flut von Offensiven bei Cardinals vs. Tigers führt. Starter erzielte in seinen sechs Shutout-Innings eine Saisonbestleistung von 10 und führte die Cardinals zu einem 11:4-Sieg gegen eines der Topteams der American League.",Sonny Gray shines before rainstorm leads to deluge of offense from Cardinals vs. Tigers. Starter struck out a season-high 10 in his six shutout innings to guide Cardinals to an 11-4 victory against one of the top teams from the American League.,Sonny Gray praefulget ante imbrem in diluvio scandali a Cardinalibus vs. Tigres. Coepi per tempus altum 10 in sex inningibus suis exclusis percussit ut Cardinales ad 11-4 victoriam duceret contra unum praecipuum iunctum e foedere Americano.,2026-01-07 21:55:04+00:00
6d3a3554f867a8a68dced1b5007df084,2025-05-20T03:22:57Z,'flooding storm',timesofindia.indiatimes.com,en,0.0,"3 dead, 500 homes flooded, streets submerged: Marooned Bengaluru braces for 5 more days of heavy rain","Bengaluru is reeling from torrential rainfall, resulting in three fatalities, widespread flooding affecting 500 homes, and significant infrastructure disruptions. The intense downpour, exceeding stormwater drain capacity, submerged streets, uprooted trees, an…",https://timesofindia.indiatimes.com/city/bengaluru/3-dead-500-homes-flooded-streets-submerged-marooned-bengaluru-braces-for-5-more-days-of-heavy-rain/articleshow/121281055.cms,"https://static.toiimg.com/thumb/msid-121281257,width-1070,height-580,imgsize-965024,resizemode-75,overlay-toi_sw,pt-32,y_pad-40/photo.jpg",https://web.archive.org/web/20250520050132/https://timesofindia.indiatimes.com/city/bengaluru/3-dead-500-homes-flooded-streets-submerged-marooned-bengaluru-braces-for-5-more-days-of-heavy-rain/articleshow/121281055.cms,Monsoon break: 10 national parks in India closing soon for the season,,"3 Tote, 500 Häuser überschwemmt, Straßen überschwemmt: Das gestrandete Bengaluru bereitet sich auf fünf weitere Tage heftigen Regens vor. Bengaluru leidet unter sintflutartigen Regenfällen, die zu drei Todesopfern, großflächigen Überschwemmungen mit Auswirkungen auf 500 Häuser und erheblichen Störungen der Infrastruktur geführt haben. Der heftige Regenguss übersteigt die Abflusskapazität des Regenwassers, überflutete Straßen, entwurzelte Bäume und …","3 dead, 500 homes flooded, streets submerged: Marooned Bengaluru braces for 5 more days of heavy rain. Bengaluru is reeling from torrential rainfall, resulting in three fatalities, widespread flooding affecting 500 homes, and significant infrastructure disruptions. The intense downpour, exceeding stormwater drain capacity, submerged streets, uprooted trees, an…","3 mortuus, 500 domos inundata, plateae submersae: Marooned Bengaluru adstringit 5 ​​plus diebus pluviae gravis. Bengaluru fluctuat ex pluvia torrenti, ex tribus mortibus, inundatione late inundatione 500 domos afficientium, et disrumsiones infrastructuras significantes. Immensus imber, aquae procellae nimia capacitatem exhauriunt, plateae demersae, arbores evulsae, an…",2026-01-07 21:55:04+00:00
babe12a2bf019c218e2c3377d84cbfa9,2025-05-20T09:23:37Z,'flooding',economictimes.indiatimes.com,en,0.0,Bengaluru alert: A gaping deficit amid tech and biz surplus,"Bengaluru, India's tech hub, grapples with failing infrastructure amid rapid growth, leading to frequent flooding and poor road conditions. A resident's lawsuit has highlighted civic governance deficits, while experts warn of potential business relocation.",https://economictimes.indiatimes.com/news/india/bengaluru-alert-a-gaping-deficit-amid-tech-and-biz-surplus/articleshow/121288762.cms,"https://img.etimg.com/thumb/msid-121288797,width-1200,height-630,imgsize-235420,overlay-economictimes/articleshow.jpg",https://web.archive.org/web/20250520101009/https://economictimes.indiatimes.com/news/india/bengaluru-alert-a-gaping-deficit-amid-tech-and-biz-surplus/articleshow/121288762.cms,"Bengaluru is a bipolar metropolis. While it is India's poster town for its IT services industry and modern business hub with its startups, GCCs and financial services, the new India, it is also a tex… [+8007 chars]",,"Bengaluru-Alarm: Ein klaffendes Defizit inmitten eines Technologie- und Geschäftsüberschusses. Bengaluru, Indiens Technologiezentrum, hat angesichts des schnellen Wachstums mit einer mangelhaften Infrastruktur zu kämpfen, was zu häufigen Überschwemmungen und schlechten Straßenverhältnissen führt. Die Klage eines Anwohners hat Defizite in der staatsbürgerlichen Verwaltung aufgezeigt, während Experten vor einer möglichen Unternehmensverlagerung warnen.","Bengaluru alert: A gaping deficit amid tech and biz surplus. Bengaluru, India's tech hub, grapples with failing infrastructure amid rapid growth, leading to frequent flooding and poor road conditions. A resident's lawsuit has highlighted civic governance deficits, while experts warn of potential business relocation.","Bengaluru erectus: Deficit hiatus inter tech et biz superfluum. Bengaluru, centrum technicae Indiae, dimicat cum deficiente infrastructura inter celeri incremento, ad frequentes inundationes et pauperes viarum condiciones ducens. Causa incolarum defectum regiminis civilis illustravit, periti relocationem de negotiis potentialibus monent.",2026-01-07 21:55:04+00:00
d8c53986c8706f1022a4747c227b82ab,2025-05-20T09:52:46Z,'flooding',www.thejournal.ie,en,0.0,"Ten counties under thunderstorm warning today, with spot flooding and lightning damage possible",The alert is in place from 11am until 8pm.,https://www.thejournal.ie/ten-counties-under-thunderstorm-warning-6709569-May2025/,https://img2.thejournal.ie/article/6709569/river/?height=400&version=6709572,https://web.archive.org/web/20250520142541/https://www.thejournal.ie/ten-counties-under-thunderstorm-warning-6709569-May2025/,"TEN COUNTIES HAVE been placed under a Status Yellow thunderstorm warning.
Met Éireann warns that the possible impacts include spot flooding and lightning damage.
The alert is in place from 11am unt… [+1225 chars]",,"Zehn Landkreise unterliegen heute der Gewitterwarnung, es kann zu punktuellen Überschwemmungen und Blitzschäden kommen. Die Alarmierung gilt von 11 bis 20 Uhr.","Ten counties under thunderstorm warning today, with spot flooding and lightning damage possible. The alert is in place from 11am until 8pm.","Decem comitatus hodie sub tonitribus observant, cum macula inundatio et fulgurum damnum fieri potest. Intentus est in loco ab 11am usque ad 8pm.",2026-01-07 21:55:04+00:00
355753ed50fea5ab90a249f0b0be64ef,2025-05-20T13:38:25Z,'flooding',www.syllad.com,en,0.0,Bulldozer hits OKD Institute at Silsakoo in presence of DoHUA minister Jayanta Mallabaruah,"In a significant step towards mitigating urban flooding in Guwahati, Housing and Urban Affairs Minister Jayanta Mallabaruah was present on Tuesday during the eviction drive at the Omeo Kumar Das Institute of Social Change and Development (OKDISCD) in Silsakoo…",https://www.syllad.com/bulldozer-hits-okd-institute-at-silsakoo-in-presence-of-dohua-minister-jayanta-mallabaruah/,https://www.syllad.com/wp-content/uploads/2025/05/Urban-Affairs-Minister-Jayanta-Mallabaruah.jpg,https://web.archive.org/web/20250520141249/https://www.syllad.com/bulldozer-hits-okd-institute-at-silsakoo-in-presence-of-dohua-minister-jayanta-mallabaruah/,"Syllad | The Rising MeghalayaMay 20, 2025
In a significant step towards mitigating urban flooding in Guwahati, Housing and Urban Affairs Minister Jayanta Mallabaruah was present on Tuesday during th… [+4213 chars]",,"Bulldozer trifft OKD-Institut in Silsakoo in Anwesenheit von DoHUA-Minister Jayanta Mallabaruah. In einem wichtigen Schritt zur Eindämmung städtischer Überschwemmungen in Guwahati war der Minister für Wohnungsbau und Stadtangelegenheiten, Jayanta Mallabaruah, am Dienstag während der Räumungsaktion am Omeo Kumar Das Institute of Social Change and Development (OKDISCD) in Silsakoo anwesend.","Bulldozer hits OKD Institute at Silsakoo in presence of DoHUA minister Jayanta Mallabaruah. In a significant step towards mitigating urban flooding in Guwahati, Housing and Urban Affairs Minister Jayanta Mallabaruah was present on Tuesday during the eviction drive at the Omeo Kumar Das Institute of Social Change and Development (OKDISCD) in Silsakoo…","Bulldozer OKD Institutum in Silsakoo pervenit coram DoHUA ministro Jayanta Mallabaruah. In notabili gradu ad minuendam urbanam inundationem in Guwahati, habitationi et Urbani Negotiis Minister Jayanta Mallabaruah die Martis interfuit per evictionem coegi apud Omeo Kumar Das Institutum Socialis Mutationis et Progressus (OKDISCD) in Silsakoo…",2026-01-07 21:55:04+00:00
c3a7103df78935047cef4be1a0fd2e0f,2025-05-20T16:21:36Z,'floods',www.bbc.com,en,0.0,Three killed after floods ravage French Riviera region,One couple died after being trapped by rising waters in a resort town; a third victim died in their car.,https://www.bbc.com/news/articles/c8xgg82pr9no,https://ichef.bbci.co.uk/news/1024/branded_news/99fd/live/99fa8420-3590-11f0-8f95-179a79186756.jpg,https://web.archive.org/web/20250521150026/https://www.bbc.com/news/articles/c8xgg82pr9no,"At least three people have died in floods caused by heavy rainfall and storms which have battered southern France since Monday.
The bodies of an elderly couple were found in the seaside resort town … [+2130 chars]",,"Drei Tote nach Überschwemmungen in der Region Côte d’Azur. Ein Paar starb, nachdem es in einem Ferienort von steigendem Wasser eingeschlossen wurde; Ein drittes Opfer starb in seinem Auto.",Three killed after floods ravage French Riviera region. One couple died after being trapped by rising waters in a resort town; a third victim died in their car.,"Tres occisi sunt, postquam inundationes Galliae regionis Riviera depopulantur. Coniuges mortui sunt, postquam in civitate obstinati aquae ortu capti sunt; tertia victima in curru suo mortua est.",2026-01-07 21:55:04+00:00
dc207dee92426c4fe93a3447024e6469,2025-05-20T16:24:00Z,'flooding relief',www.thestar.com.my,en,0.0,"Somali gov't, aid agencies step up assistance to flash flood victims","MOGADISHU, May 20 (Xinhua) -- The Somali government and humanitarian partners have ramped up assistance to thousands of people affected by flash floods across the country, a United Nations relief agency said on Tuesday. Read full story",https://www.thestar.com.my/news/world/2025/05/21/somali-gov039t-aid-agencies-step-up-assistance-to-flash-flood-victims,https://cdn.thestar.com.my/Themes/img/newTsol_logo_socmedia.png,,"MOGADISHU, May 20 (Xinhua) -- The Somali government and humanitarian partners have ramped up assistance to thousands of people affected by flash floods across the country, a United Nations relief age… [+1146 chars]",,"Somalische Regierung und Hilfsorganisationen verstärken ihre Hilfe für Sturzflutopfer. MOGADISCHU, 20. Mai (Xinhua) – Die somalische Regierung und humanitäre Partner haben die Hilfe für Tausende von Menschen, die im ganzen Land von Sturzfluten betroffen sind, verstärkt, teilte ein Hilfswerk der Vereinten Nationen am Dienstag mit. Lesen Sie die ganze Geschichte","Somali gov't, aid agencies step up assistance to flash flood victims. MOGADISHU, May 20 (Xinhua) -- The Somali government and humanitarian partners have ramped up assistance to thousands of people affected by flash floods across the country, a United Nations relief agency said on Tuesday. Read full story","Somali gov't, auxilium agencies ascendat auxilium ut victimas diluvii micant. MOGADISHU, 20 Maii (Xinhua) -- Somali regimen et socii humanitarii auxilium ad milia hominum inundationibus micat per patriam affectis levaverunt, Nationes Unitae die Martis auxilium procurationis dixerunt. Read full story",2026-01-07 21:55:04+00:00
b29cded1222f82fbce7d8a401a3cf430,2025-05-20T17:36:37Z,'deluge',babylonbee.com,en,0.0,Chicago Mayor Insists He Has Never Discriminated Against White-Boy Honky Crackers,"CHICAGO, IL — Following a deluge of allegations of racist hiring practices to fill city official jobs, Chicago Mayor Brandon Johnson issued a statement insisting that he had never once discriminated against white-boy honky crackers.",https://babylonbee.com/news/chicago-mayor-insists-he-has-never-discriminated-against-white-boy-honky-crackers,https://media.babylonbee.com/articles/682cad815695b682cad815695c.jpg,,"CHICAGO, IL Following a deluge of allegations of racist hiring practices to fill city official jobs, Chicago Mayor Brandon Johnson issued a statement insisting that he had never once discriminated ag… [+1478 chars]",,"Der Bürgermeister von Chicago beharrt darauf, dass er White-Boy-Honky-Cracker nie diskriminiert hat. CHICAGO, IL – Nach einer Flut von Vorwürfen über rassistische Einstellungspraktiken zur Besetzung städtischer Beamtenstellen gab der Bürgermeister von Chicago, Brandon Johnson, eine Erklärung ab, in der er darauf beharrte, dass er niemals weiße, gutmütige Cracker diskriminiert habe.","Chicago Mayor Insists He Has Never Discriminated Against White-Boy Honky Crackers. CHICAGO, IL — Following a deluge of allegations of racist hiring practices to fill city official jobs, Chicago Mayor Brandon Johnson issued a statement insisting that he had never once discriminated against white-boy honky crackers.","Chicago Major insistit numquam diserte contra White-Puer Honky Crackers. CHICAGO, IL — Post diluvium allegationes racist exercitia conductionis ad officia civitatis implenda, Chicago Major Brandon Johnson denuntiavit affirmans se nunquam semel ab albo-puero sonosorum fragores distinxisse.",2026-01-07 21:55:04+00:00
b329f043ef0b0d33b6add6c3c8662806,2025-05-20T17:45:19Z,'deluge',www.zdnet.com,en,0.0,"Your Google Search experience will never be the same, thanks to 8 new AI features",Search got a deluge of AI updates at Google I/O 2025.,https://www.zdnet.com/article/your-google-search-experience-will-never-be-the-same-thanks-to-8-new-ai-features/,https://www.zdnet.com/a/img/resize/55494a349719ea396987f6a8c0d4e9a537f840c8/2025/05/19/0d7d3744-e387-4cf5-9a5e-e717c5e9746a/gettyimages-1241997300.jpg?auto=webp&fit=crop&height=675&width=1200,,"NurPhoto / Contributor / Getty Images
Google Search has dominated the market for decades, but the experience has remained relatively the same -- that is, until generative AI exploded in popularity. … [+4973 chars]",,Dank 8 neuen KI-Funktionen wird Ihr Google-Sucherlebnis nie mehr dasselbe sein. Die Suche erhielt auf der Google I/O 2025 eine Flut von KI-Updates.,"Your Google Search experience will never be the same, thanks to 8 new AI features. Search got a deluge of AI updates at Google I/O 2025.","Experientia Google tua numquam eadem erit, propter 8 novas AI lineamenta. Quaerere inundationem AI updates in Google I/O 2025 obtinuit.",2026-01-07 21:55:04+00:00
15f3e82040b86facf8e5bc47db156675,2025-05-20T17:45:56Z,'deluge',freerepublic.com,en,0.0,Chicago Mayor Insists He Has Never Discriminated Against White-Boy Honky Crackers,"CHICAGO, IL — Following a deluge of allegations of racist hiring practices to fill city official jobs, Chicago Mayor Brandon Johnson issued a statement insisting that he had never once discriminated against white-boy honky crackers. Mayor Johnson's statement …",https://freerepublic.com/focus/f-bloggers/4318117/posts,,,"Skip to comments.
Chicago Mayor Insists He Has Never Discriminated Against White-Boy Honky CrackersBabylon Bee ^
 | 05/20/2025
 | Babylon Bee
Posted on 05/20/2025 10:45:56 AM PDT by DFG
CHICAGO,… [+2401 chars]",,"Der Bürgermeister von Chicago beharrt darauf, dass er White-Boy-Honky-Cracker nie diskriminiert hat. CHICAGO, IL – Nach einer Flut von Vorwürfen über rassistische Einstellungspraktiken zur Besetzung städtischer Beamtenstellen gab der Bürgermeister von Chicago, Brandon Johnson, eine Erklärung ab, in der er darauf beharrte, dass er niemals weiße, gutmütige Cracker diskriminiert habe. Die Aussage von Bürgermeister Johnson …","Chicago Mayor Insists He Has Never Discriminated Against White-Boy Honky Crackers. CHICAGO, IL — Following a deluge of allegations of racist hiring practices to fill city official jobs, Chicago Mayor Brandon Johnson issued a statement insisting that he had never once discriminated against white-boy honky crackers. Mayor Johnson's statement …","Chicago Major insistit numquam diserte contra White-Puer Honky Crackers. CHICAGO, IL — Post diluvium allegationes racist exercitia conductionis ad officia civitatis implenda, Chicago Major Brandon Johnson denuntiavit affirmans se nunquam semel ab albo-puero sonosorum fragores distinxisse. Major Johnson editio ...",2026-01-07 21:55:04+00:00
df6ce34be2e8e07377cfe66cc1800da1,2025-05-20T19:14:34Z,'flooding storm',www.bbc.com,en,0.0,Watch: Fatal storms flood the south of France,At least three people have died in the flooding which swept across southern France.,https://www.bbc.com/news/videos/c1mggz2vzgmo,https://ichef.bbci.co.uk/news/1024/branded_news/8312/live/e4e802b0-35ad-11f0-96c3-cf669419a2b0.jpg,https://web.archive.org/web/20250520210338/https://www.bbc.com/news/videos/c1mggz2vzgmo,"Heavy rainfall and storms have been battering southern France since Monday. 
The rains have caused widespread damage across the region, flooding streets and causing power and water outages. 
At lea… [+110 chars]",,Beobachten Sie: Tödliche Stürme überschwemmen den Süden Frankreichs. Bei der Überschwemmung in Südfrankreich sind mindestens drei Menschen ums Leben gekommen.,Watch: Fatal storms flood the south of France. At least three people have died in the flooding which swept across southern France.,"Vide: Procellae funestae Galliam meridianam inundant. Saltem tres homines in inundatione quae trans Galliam meridianam transierunt, mortui sunt.",2026-01-07 21:55:04+00:00
ba35732f2a5b778c0cd0d8241cf32839,2025-05-20T19:29:13Z,'deluge',timesofindia.indiatimes.com,en,0.0,"State hit by surge in pre-monsoon rain: Pernem, Mapusa get 150+ mm","Panaji: With many areas of western India under a deluge, parts of Goa also faced a similar scenario, as a few centres recorded heavy to very heavy rai.",https://timesofindia.indiatimes.com/city/goa/state-hit-by-surge-in-pre-monsoon-rain-pernem-mapusa-get-150-mm/articleshow/121300373.cms,"https://static.toiimg.com/thumb/msid-121300379,width-1070,height-580,imgsize-556010,resizemode-75,overlay-toi_sw,pt-32,y_pad-40/photo.jpg",,11 benefits of eating soaked moong dal for breakfast,,"Bundesstaat von starkem Regen vor dem Monsun betroffen: Pernem und Mapusa erreichen mehr als 150 mm. Panaji: Da viele Gebiete im Westen Indiens von einer Überschwemmung heimgesucht wurden, sahen sich auch Teile von Goa mit einem ähnlichen Szenario konfrontiert, da in einigen Zentren starke bis sehr starke Regenfälle zu verzeichnen waren.","State hit by surge in pre-monsoon rain: Pernem, Mapusa get 150+ mm. Panaji: With many areas of western India under a deluge, parts of Goa also faced a similar scenario, as a few centres recorded heavy to very heavy rai.","Status impetus in pluvia prae monsoon: Pernem, Mapusa 150+ mm possides. Panaji: Cum multis locis Indiae occidentalis sub diluvio, partes Goae etiam in similem missionem spectantes, sicut pauca centra gravissima rai commemorantur.",2026-01-07 21:55:04+00:00
2447d85433bbb98ec275de79f5ec1354,2025-05-20T19:55:20Z,'flooding',www.abc.net.au,en,0.0,People climb onto roofs as record flooding hits NSW,"Homes have been inundated and people are on their roofs as record flooding swamps the NSW Mid North Coast, with heavy rainfall continuing on Wednesday.",https://www.abc.net.au/news/2025-05-21/evacuation-warnings-in-place-as-rain-continues-to-batter-nsw/105315042,https://live-production.wcms.abc-cdn.net.au/e55ae6883deea7cebd575a57627586c4?impolicy=wcms_watermark_news&cropH=1152&cropW=2048&xPos=0&yPos=0&width=862&height=485&imformat=generic,,"Homes have been inundated and people are on their roofs as record flooding swamps the New South Wales Mid North Coast.
The Manning River is flooding at a level never seen before at Taree, surpassing… [+3138 chars]",,"Menschen klettern auf Dächer, während NSW von Rekordüberschwemmungen heimgesucht wird. Häuser wurden überschwemmt und Menschen sitzen auf ihren Dächern, während Rekordüberschwemmungen die mittlere Nordküste von New South Wales überschwemmen und auch am Mittwoch weiterhin starke Regenfälle auftreten.","People climb onto roofs as record flooding hits NSW. Homes have been inundated and people are on their roofs as record flooding swamps the NSW Mid North Coast, with heavy rainfall continuing on Wednesday.","Homines in tecta ascendunt sicut inundationes NSW memorant. Domes inundatae sunt et homines in tectis suis memorant inundationem paludum NSW in Midia Septentrionali Coast, cum pluviis gravibus die Mercurii continuatis.",2026-01-07 21:55:04+00:00
26a95f1d88f719d08d83eb17f10928f4,2025-05-21T00:51:22Z,'floods',www.abc.net.au,en,0.0,NSW deluge to bring drought relief as it travels south,"As the Hunter and Mid North Coast regions reel from devastating floods, there is now high confidence the soaking will shift south during the coming days and bring drought relief to parts of the Murray Basin.",https://www.abc.net.au/news/2025-05-21/drought-relief-flood-rain-weather-nsw-coast-victoria-south-aus/105314212,https://live-production.wcms.abc-cdn.net.au/7254cdac469e6f995a602f97949e1ad4?impolicy=wcms_watermark_news&cropH=1130&cropW=2009&xPos=20&yPos=0&width=862&height=485&imformat=generic,,"There is high confidence the soaking along the NSW north coast will shift south in coming days and bring drought relief to parts of the Murray Basin.
However while inland farmers rejoice, flooding w… [+5428 chars]",,"NSW-Überschwemmung soll auf ihrem Weg nach Süden Linderung bei der Dürre bringen. Während die Regionen Hunter und Mid North Coast unter den verheerenden Überschwemmungen leiden, besteht nun große Zuversicht, dass sich die Überschwemmungen in den kommenden Tagen nach Süden verlagern und für eine Linderung der Dürre in Teilen des Murray Basin sorgen werden.","NSW deluge to bring drought relief as it travels south. As the Hunter and Mid North Coast regions reel from devastating floods, there is now high confidence the soaking will shift south during the coming days and bring drought relief to parts of the Murray Basin.","NSW diluvium ad levamen siccitatis afferendum quod ad meridiem tendit. Cum Venator et Medius Orae Septentrionalis regiones ab inundationibus vastandis titubant, nunc magna fiducia esus in meridiem in dies venientes transferet et siccitatem partibus Murray Rasin levabit.",2026-01-07 21:55:04+00:00
05b26448409600fb63b9bc4d992c96a6,2025-05-21T01:59:17Z,'flooding death',economictimes.indiatimes.com,en,0.0,"Bengaluru’s rain crisis: City records heaviest deluge since 2017, leaves five dead, hundreds of homes submerged in IT capital","Heavy pre-monsoon rainfall in Bengaluru has triggered severe flooding, traffic chaos, and tragic deaths across the city. In just 12 hours, parts of the city received 130 mm of rain, the second-highest in a decade. With five deaths reported, over 500 homes inu…",https://economictimes.indiatimes.com/news/bengaluru-news/bengalurus-rain-crisis-city-records-heaviest-deluge-since-2017-leaves-five-dead-hundreds-of-homes-submerged-in-indias-it-capital/articleshow/121303422.cms,"https://img.etimg.com/thumb/msid-121303917,width-1200,height-630,imgsize-138290,overlay-economictimes/articleshow.jpg",,"Bengaluru witnessed severe flooding and commuter chaos following heavy pre-monsoon rains, with 130 mm of rainfall recorded between Sunday evening and early Monday morning. It is the second-highest ra… [+3977 chars]",,"Regenkrise in Bengaluru: Die Stadt verzeichnet die schwerste Überschwemmung seit 2017, hinterlässt fünf Tote und Hunderte von Häusern stehen in der IT-Hauptstadt unter Wasser. Heftige Regenfälle vor dem Monsun haben in Bengaluru zu schweren Überschwemmungen, Verkehrschaos und tragischen Todesfällen in der ganzen Stadt geführt. In nur 12 Stunden regneten Teile der Stadt 130 mm, die zweithöchste Niederschlagsmenge seit einem Jahrzehnt. Bei fünf gemeldeten Todesfällen sind über 500 Häuser in Gefahr.","Bengaluru’s rain crisis: City records heaviest deluge since 2017, leaves five dead, hundreds of homes submerged in IT capital. Heavy pre-monsoon rainfall in Bengaluru has triggered severe flooding, traffic chaos, and tragic deaths across the city. In just 12 hours, parts of the city received 130 mm of rain, the second-highest in a decade. With five deaths reported, over 500 homes inu…","Discrimen pluviae Bengaluru: in urbe monumenta diluvii gravissima ex anno 2017, quinque mortuas, centena domorum in capitali IT demersa relinquit. Imbribus gravis prae-monsoon in Bengaluru graves inundationes, chaos negotiationis et mortes tragicas per urbem urit. In tantum 12 horis, partes urbis 130 mm pluviae, secunda-maxima in decennium, receperunt. Quinque funera nuntiata, super 500 domos inu…",2026-01-07 21:55:04+00:00
cebdb45741f3936d2e70d883200de153,2025-05-21T03:01:08Z,'flooding',economictimes.indiatimes.com,en,0.0,"Weather today: Pune, Mumbai, Guwahati join the list of rain-battered cities as Gujarat braces for showers this week","Unseasonal showers and thunderstorms are impacting India, fueled by a strengthening weather system in the Arabian Sea. South Peninsular India, Maharashtra, and Gujarat are under alert for heavy rainfall, localized flooding, and power interruptions. While Sout…",https://economictimes.indiatimes.com/news/india/weather-today-pune-mumbai-guwahati-join-the-list-of-rain-battered-cities-as-gujarat-braces-for-showers-this-week/articleshow/121304745.cms,"https://img.etimg.com/thumb/msid-121304954,width-1200,height-630,imgsize-368674,overlay-economictimes/articleshow.jpg",https://web.archive.org/web/20250521040840/https://economictimes.indiatimes.com/news/india/weather-today-pune-mumbai-guwahati-join-the-list-of-rain-battered-cities-as-gujarat-braces-for-showers-this-week/articleshow/121304745.cms,"Unseasonal showers and stormy skies have gripped large parts of India as a pre-monsoon weather system builds strength in the Arabian Sea. Cities like Pune, Bengaluru, and Guwahati have already witnes… [+3750 chars]",,"Wetter heute: Pune, Mumbai und Guwahati reihen sich in die Liste der vom Regen heimgesuchten Städte ein, während sich Gujarat diese Woche auf Schauer vorbereitet. Ungewöhnliche Schauer und Gewitter treffen Indien, angeheizt durch ein sich verstärkendes Wettersystem im Arabischen Meer. Die Südindien-Halbinsel, Maharashtra und Gujarat sind wegen starker Regenfälle, örtlicher Überschwemmungen und Stromausfällen in Alarmbereitschaft. Während Sout…","Weather today: Pune, Mumbai, Guwahati join the list of rain-battered cities as Gujarat braces for showers this week. Unseasonal showers and thunderstorms are impacting India, fueled by a strengthening weather system in the Arabian Sea. South Peninsular India, Maharashtra, and Gujarat are under alert for heavy rainfall, localized flooding, and power interruptions. While Sout…","Tempestas hodie: Pune, Mumbai, Guwahati catalogum civitatum quassarum pluviarum coniungunt sicut Gujarat capreolis pro imbribus hac septimana. Imbres et procellis intempestivos in Indiam impacti sunt, in mari Arabico tempestatum confirmato nutriuntur. India peninsularia, Maharashtra et Gujarat meridionalis intenti sunt propter imbres graves, inundationes locales, et interpellationes potentiae. Donec Sout…",2026-01-07 21:55:04+00:00
289ea8eb2f99b0a0cd2a8e5fb0d58038,2025-05-21T03:10:00Z,'flooding evacuation',www.thestar.com.my,en,0.0,"Flash floods cut off inland Australian towns, residents flee to rooftops","SYDNEY (Reuters) -Heavy rain in Australia's southeast triggered flash flooding and cut off entire towns on Wednesday, stranding some residents on the roofs of their homes, as authorities issued snap evacuation orders with rivers staying above danger levels. R…",https://www.thestar.com.my/news/world/2025/05/21/flash-floods-cut-off-inland-australian-towns-residents-flee-to-rooftops,https://cdn.thestar.com.my/Themes/img/newTsol_logo_socmedia.png,,"SYDNEY (Reuters) -Heavy rain in Australia's southeast triggered flash flooding and cut off entire towns on Wednesday, stranding some residents on the roofs of their homes, as authorities issued snap … [+1841 chars]",,"Sturzfluten haben Städte im Landesinneren Australiens abgeschnitten, Bewohner flüchten auf Dächer. SYDNEY (Reuters) – Heftige Regenfälle im Südosten Australiens lösten am Mittwoch Sturzfluten aus, schlossen ganze Städte vom Stromnetz ab und ließen einige Bewohner auf den Dächern ihrer Häuser stranden, während die Behörden sofortige Evakuierungsbefehle erließen, während die Flüsse über der Gefahrengrenze blieben. R…","Flash floods cut off inland Australian towns, residents flee to rooftops. SYDNEY (Reuters) -Heavy rain in Australia's southeast triggered flash flooding and cut off entire towns on Wednesday, stranding some residents on the roofs of their homes, as authorities issued snap evacuation orders with rivers staying above danger levels. R…","Inundationes Flash excisis in oppidis Australiae mediterraneis, habitant ad tecta fugiunt. SYDNEY (Reuters) - Pluviae graves in Australia meridiem inundationem inundationem excitat et tota oppida die Mercurii abscissa sunt, quosdam incolas in tectis domorum destituentes, cum auctoritates emissae ordines evacuationis frangere cum fluminibus supra gradus periculi commorantes. R…",2026-01-07 21:55:04+00:00
d9cb3c630fadb9f3a67fd3e30605f6b0,2025-05-21T04:21:00Z,'flooding rain',www.bangkokpost.com,en,0.0,Heavy rain forecast for much of Thailand,Widespread heavy rain is forecast across Thailand  from  May 23-27 with the risk of flash flooding from rising waterways and forest runoff in some areas.,https://www.bangkokpost.com/thailand/general/3030892/heavy-rain-forecast-for-much-of-thailand,https://static.bangkokpost.com/media/content/20250521/c1_3030892_700.jpg,,"Widespread heavy rain is forecast across Thailand from May 23-27 with the risk of flash flooding from rising waterways and forest runoff in some areas.
The meteorological department said on Wednesda… [+926 chars]",,"Für weite Teile Thailands wird heftiger Regen vorhergesagt. Vom 23. bis 27. Mai werden in ganz Thailand ausgedehnte starke Regenfälle vorhergesagt, wobei in einigen Gebieten die Gefahr von Sturzfluten durch steigende Wasserstraßen und Waldabflüsse besteht.",Heavy rain forecast for much of Thailand. Widespread heavy rain is forecast across Thailand  from  May 23-27 with the risk of flash flooding from rising waterways and forest runoff in some areas.,Pluviae graves multae Thailandiae praenuntientur. Imbrem latissimam praenuntiatur trans Thailandiam ab die 23 mensis Maii cum periculo inundationis fulguris ab ortu fluminum et saltuum runofforum in nonnullis locis.,2026-01-07 21:55:04+00:00
18bcdc7ccb7e323513ccb2bd620ff47a,2025-05-21T05:10:36Z,'flooding weather',www.insurancejournal.com,en,0.0,Europe’s Farm Sector Loses €28 Billion a Year From Climate Risks,"The European Union’s agriculture industry is losing €28 billion ($31.5 billion) a year due to increasing climate risks, such as droughts and flooding, according to a new study. Those losses from adverse weather equate to about 6% of production, according …",https://www.insurancejournal.com/news/international/2025/05/21/824536.htm,https://www.insurancejournal.com/img/social/opengraph/ij-social-agribusiness-1200x630.png,,"The European Union’s agriculture industry is losing 28 billion ($31.5 billion) a year due to increasing climate risks, such as droughts and flooding, according to a new study.
Those losses from adve… [+1107 chars]",,"Der europäische Agrarsektor verliert durch Klimarisiken jährlich 28 Milliarden Euro. Laut einer neuen Studie verliert die Agrarindustrie der Europäischen Union aufgrund zunehmender Klimarisiken wie Dürren und Überschwemmungen jährlich 28 Milliarden Euro (31,5 Milliarden US-Dollar). Diese wetterbedingten Verluste entsprechen laut … etwa 6 % der Produktion.","Europe’s Farm Sector Loses €28 Billion a Year From Climate Risks. The European Union’s agriculture industry is losing €28 billion ($31.5 billion) a year due to increasing climate risks, such as droughts and flooding, according to a new study. Those losses from adverse weather equate to about 6% of production, according …","Farm Sector Europam Loses €28 Billion in Anno Ex Clima Risks. Industria agriculturae Europaeae €28 miliardis ($31.5 billion) annum amittit propter periculum climatis augendum, sicut siccitates et inundationes, secundum novum studium. Damna ex tempestatibus adversa ad circiter 6% productionis aequant, secundum …",2026-01-07 21:55:04+00:00
dee262a11f2307b5d8cce5e657bc33d5,2025-05-21T06:15:06Z,'flooding rain',theconversation.com,en,0.0,NSW is copping rain and flooding while parts of Australia are in drought. What’s going on?,"In some areas of NSW, more than 200 mm of rain has fallen in 24 hours. At the same time, dry conditions have gripped much of the continent.",https://theconversation.com/nsw-is-copping-rain-and-flooding-while-parts-of-australia-are-in-drought-whats-going-on-257235,https://images.theconversation.com/files/669255/original/file-20250521-56-aqaa6i.jpg?ixlib=rb-4.1.0&rect=0%2C127%2C2048%2C1024&q=45&auto=format&w=1356&h=668&fit=crop,http://archive.md/20250522025037/https://theconversation.com/nsw-is-copping-rain-and-flooding-while-parts-of-australia-are-in-drought-whats-going-on-257235,"Emergency crews were scrambling to rescue residents trapped by floodwaters on Wednesday as heavy rain pummelled the Mid North Coast of New South Wales. 

In some areas, more than 200 mm of rain has f… [+4134 chars]",,"NSW kämpft mit Regen und Überschwemmungen, während Teile Australiens unter Dürre leiden. Was ist los?. In einigen Gebieten von New South Wales sind innerhalb von 24 Stunden mehr als 200 mm Regen gefallen. Gleichzeitig herrschte in weiten Teilen des Kontinents Trockenheit.","NSW is copping rain and flooding while parts of Australia are in drought. What’s going on?. In some areas of NSW, more than 200 mm of rain has fallen in 24 hours. At the same time, dry conditions have gripped much of the continent.",NSW pluviam copping et inundat dum partes Australiae in siccitate sunt. Quid agitur?. In nonnullis locis NSW plus quam 200 mm pluviae in 24 horis cecidit. Eodem tempore aridae conditiones multum continentis adprehenderunt.,2026-01-07 21:55:04+00:00
89b03fcdfb89258dddeecd2a99e08d26,2025-05-21T06:22:01Z,'flooding residents',www.ndtv.com,en,0.0,"Rain Likely In Mumbai Till May 24, Orange Alert In Few Maharashtra Districts","As the IMD predicts thunderstorms and moderate-to-heavy rains in Mumbai till Saturday, residents fear a repeat of Tuesday night&#039;s flooding.",https://www.ndtv.com/india-news/rain-likely-in-mumbai-till-may-24-orange-alert-in-few-maharashtra-districts-8468447,https://c.ndtvimg.com/2025-05/ra5tb35g_mumbai-rains_625x300_21_May_25.jpeg,,"New Delhi: The India Meteorological Department (IMD) has predicted thunderstorms and moderate-to-heavy rains till Saturday, a forecast that has raised concerns with monsoon yet to arrive in the city.… [+3107 chars]",,"In Mumbai wird es voraussichtlich bis zum 24. Mai regnen, in einigen Bezirken von Maharashtra herrscht Alarmstufe Orange. Da das IMD bis Samstag Gewitter und mäßige bis starke Regenfälle in Mumbai vorhersagt, befürchten die Bewohner eine Wiederholung der Überschwemmungen am Dienstagabend.","Rain Likely In Mumbai Till May 24, Orange Alert In Few Maharashtra Districts. As the IMD predicts thunderstorms and moderate-to-heavy rains in Mumbai till Saturday, residents fear a repeat of Tuesday night&#039;s flooding.","Pluet minime in Mumbai donec May XXIV, Aureum erecti in paucis Maharashtra Districts. Ut IMD praedicit tonitribus et modicis-ad-gravis pluviae in Mumbai usque ad diem Sabbati, incolas timent iterationem noctis Martis & # XXXIX inundationis.",2026-01-07 21:55:04+00:00
e5f1f5b852399945cb000de61822851e,2025-05-21T07:05:26Z,'floods',www.abc.net.au,en,0.0,Cattle wash up in coastal hamlet amid 'diabolical' NSW floods,Cattle have been found wandering on NSW beaches and in a caravan park after being washed downriver by major flooding.,https://www.abc.net.au/news/2025-05-21/mid-north-coast-hunter-farmers-devasted-by-flooding/105319008,https://live-production.wcms.abc-cdn.net.au/51f78db160aa6749fed0eee80789f119?impolicy=wcms_watermark_news&cropH=253&cropW=449&xPos=70&yPos=138&width=862&height=485&imformat=generic,,"Record-breaking floods along the NSW Mid North Coast and Hunter regions have left dairy farmers isolated, with stock losses and terrible conditions for their cows.
Flood heights are at record levels… [+4132 chars]",,"Rinder werden in einem Küstenort inmitten „teuflischer“ Überschwemmungen in New South Wales angespült. An den Stränden von New South Wales und in einem Wohnwagenpark wurden Rinder gefunden, die umherwanderten, nachdem sie durch große Überschwemmungen flussabwärts gespült worden waren.",Cattle wash up in coastal hamlet amid 'diabolical' NSW floods. Cattle have been found wandering on NSW beaches and in a caravan park after being washed downriver by major flooding.,Pecudes in viculo maritimo inter 'diabolicas' NSW inundationes lavant. Pecora in NSW litoribus vaga inventa sunt et in hortis caravana post diluviem fluminis maioris inundationis abluti sunt.,2026-01-07 21:55:04+00:00
e648836f9a11be102e0b9180748162af,2025-05-21T07:22:50Z,'floods',7news.com.au,en,0.0,Rescues by air as record floods swallow towns,Over 150 people have been taken to safety and hundreds more are isolated.,https://7news.com.au/news/residents-winched-to-safety-as-downpour-swells-flooding-in-nsw-c-18767611,https://images.7news.com.au/publication/C-18767611/2336d36449b2ee136823ddf7c987c81794494aad-16x9-x0y0w1280h720.jpg?imwidth=1200,,"Flooded residents have been warned to prepare for long periods of isolation after parts of Australias east copped four months of rain in two days.
Close to 300 rescues were carried out in the 24 hou… [+6911 chars]",,"Rettungsaktionen aus der Luft, während Rekordüberschwemmungen Städte verschlingen. Über 150 Menschen wurden in Sicherheit gebracht und Hunderte weitere sind isoliert.",Rescues by air as record floods swallow towns. Over 150 people have been taken to safety and hundreds more are isolated.,"Eripit ab aere, ut perhibent flumina vorant oppida. Plus 150 homines ad salutem adducti sunt et plus centum seducti sunt.",2026-01-07 21:55:04+00:00
6d4f325c41d9fdff5c5b69d1cb85a3fe,2025-05-21T09:08:58Z,'flooding',economictimes.indiatimes.com,en,0.0,"Manning River breaks 1929 flood record in South Wales, 50,000 isolated","Unprecedented flooding has struck Taree, with the Manning River reaching a record 6.4 meters, isolating nearly 50,000 people. The NSW SES has responded to hundreds of incidents, rescuing residents in affected areas. Emergency warnings are in place as more rai…",https://economictimes.indiatimes.com/news/international/new-zealand/manning-river-breaks-1929-flood-record-in-south-wales-50000-isolated/articleshow/121312832.cms,"https://img.etimg.com/thumb/msid-121312819,width-1200,height-630,imgsize-3076217,overlay-economictimes/articleshow.jpg",,"In the heart of Taree, the Manning River has surged beyond its banks, reaching an unprecedented 6.4 meters, breaking the previous 1929 record. This deluge has transformed familiar streets into waterw… [+1744 chars]",,"Manning River bricht den Hochwasserrekord von 1929 in Südwales, 50.000 Menschen sind isoliert. Taree wurde von beispiellosen Überschwemmungen heimgesucht, wobei der Manning River eine Rekordtiefe von 6,4 Metern erreichte und fast 50.000 Menschen isolierte. Der NSW SES hat auf Hunderte von Vorfällen reagiert und Bewohner in den betroffenen Gebieten gerettet. Es gibt Notfallwarnungen, da es immer mehr Regenfälle gibt.","Manning River breaks 1929 flood record in South Wales, 50,000 isolated. Unprecedented flooding has struck Taree, with the Manning River reaching a record 6.4 meters, isolating nearly 50,000 people. The NSW SES has responded to hundreds of incidents, rescuing residents in affected areas. Emergency warnings are in place as more rai…","Flumen Manning MCMXXIX inundatio recordationis in South Wales erumpit, 50,000 separata. Novus inundatio Taree percussit, cum flumen Manning in commentariis 6.4 metrorum attingit, fere 50.000 hominum inter se distrahens. NSW SES centum incidents respondit, incolas in locis affectis ereptos. Subitis admonitiones in loco ut magis rai…",2026-01-07 21:55:04+00:00
5da1d178a60b67f198e43acdd0bb7d7a,2025-05-21T11:19:26Z,'floods',economictimes.indiatimes.com,en,0.0,"Three dead, two missing as deadly storm and flood hit southern France","Southeastern France faced immense destruction due to severe storms and floods. The Var region is the most affected. At least three people died, and two are missing. An elderly couple died in Le Lavandou. Another woman died in Vidauban. Hundreds of homes are w…",https://economictimes.indiatimes.com/news/international/uk/three-dead-two-missing-as-deadly-storm-and-flood-hit-southern-france/articleshow/121315887.cms,"https://img.etimg.com/thumb/msid-121315866,width-1200,height-630,imgsize-270214,overlay-economictimes/articleshow.jpg",,"Severe storms and heavy rainfall have caused devastating floods in southeastern France, particularly in the Var region. At least three people have died, and two others are missing.An elderly couple, … [+1613 chars]",,"Drei Tote, zwei Vermisste, als tödlicher Sturm und Überschwemmung Südfrankreich heimsuchten. Der Südosten Frankreichs war durch schwere Stürme und Überschwemmungen mit enormen Zerstörungen konfrontiert. Am stärksten betroffen ist die Var-Region. Mindestens drei Menschen starben, zwei werden vermisst. In Le Lavandou starb ein älteres Ehepaar. Eine weitere Frau starb in Vidauban. Hunderte von Häusern sind w…","Three dead, two missing as deadly storm and flood hit southern France. Southeastern France faced immense destruction due to severe storms and floods. The Var region is the most affected. At least three people died, and two are missing. An elderly couple died in Le Lavandou. Another woman died in Vidauban. Hundreds of homes are w…","Tres mortui sunt, duo absentes ut pestifera tempestas et diluvium Franciam meridionalem pulsavit. Francia Australis ob immensam cladem gravibus tempestatibus et inundationibus obversatur. Varum regio est maxime affecta. Saltem tres homines mortui sunt, duo desunt. Coniuges senes in Le Lavandou decesserunt. Alia mulier in Vidauban mortua est. Centum domos sunt w…",2026-01-07 21:55:04+00:00
c116c47e6ac02308edc7c93c0e89ba46,2025-05-21T15:03:04Z,'flooding residents',phys.org,en,0.0,NSW is copping rain and flooding while parts of Australia are in drought. What's going on?,Emergency crews were scrambling to rescue residents trapped by floodwaters on Wednesday as heavy rain pummeled the Mid North Coast of New South Wales.,https://phys.org/news/2025-05-nsw-copping-australia-drought.html,https://scx2.b-cdn.net/gfx/news/2025/nsw-is-copping-rain-an.jpg,,"Emergency crews were scrambling to rescue residents trapped by floodwaters on Wednesday as heavy rain pummeled the Mid North Coast of New South Wales.
In some areas, more than 200 mm of rain has fal… [+4560 chars]",,"NSW kämpft mit Regen und Überschwemmungen, während Teile Australiens unter Dürre leiden. Was ist los?. Rettungskräfte waren am Mittwoch im Einsatz, um Bewohner zu retten, die im Hochwasser eingeschlossen waren, als heftiger Regen die mittlere Nordküste von New South Wales erschütterte.",NSW is copping rain and flooding while parts of Australia are in drought. What's going on?. Emergency crews were scrambling to rescue residents trapped by floodwaters on Wednesday as heavy rain pummeled the Mid North Coast of New South Wales.,NSW pluviam copping et inundat dum partes Australiae in siccitate sunt. Quid agitur?. Subitis nautae ruentes ad incolas aquarum diluviarum die Mercurii capti conservandos tam graves pluviae in medium septentrionalem plagam Novo-Walliae Novo-Walliae adflixerunt.,2026-01-07 21:55:04+00:00
34c40748a04e2484e9999c01f14c6f21,2025-05-21T16:19:51Z,'deluge',www.zdnet.com,en,0.0,How to mute a group text on Android when you need a break from the chat,"If you find yourself inundated with group texts, you can temporarily mute them on Android and go about your day without a deluge of notifications. Here's how.",https://www.zdnet.com/article/how-to-mute-a-group-text-on-android-when-you-need-a-break-from-the-chat/,https://www.zdnet.com/a/img/resize/22175f2c62158f8971f75d49127838cfa460d3d3/2025/05/21/2758277c-4ba7-49c5-8117-bd03454a92f2/how-to-mute-a-group-text-on-android.jpg?auto=webp&fit=crop&height=675&width=1200,,"Jack Wallen / Elyse Betters Picaro / ZDNET
There have been times when a group text gets out of hand. This can be especially true if there are a lot of people in that group. I've been part of group t… [+2095 chars]",,"So schalten Sie einen Gruppentext auf Android stumm, wenn Sie eine Pause vom Chat benötigen. Wenn Sie mit Gruppentexten überschwemmt werden, können Sie diese auf Android vorübergehend stummschalten und Ihren Tag ohne eine Flut von Benachrichtigungen verbringen. Hier erfahren Sie, wie.","How to mute a group text on Android when you need a break from the chat. If you find yourself inundated with group texts, you can temporarily mute them on Android and go about your day without a deluge of notifications. Here's how.","Quam coetus Android textum mutandum cum continuas ex chat. Si te inundatum cum textibus gregariis inveneris, eas in MASCULINUS ad tempus mutas et diem tuum sine notificationum diluvio circumire potes. Ecce quomodo.",2026-01-07 21:55:04+00:00
5e936cee01050fa7e41662f2fd2b9478,2025-05-21T16:30:52Z,'flooding',www.project-syndicate.org,en,0.0,Foreign Aid Looks Good Now That It’s Gone,"Soon after Donald Trump began his second presidency, his administration began frantically dismantling the US Agency for International Development and other foreign-assistance programs. Almost immediately, reports began flooding in: what was being defunded wer…",https://www.project-syndicate.org/commentary/high-costs-of-trump-administration-cuts-to-us-foreign-aid-by-jeffrey-frankel-2025-05,https://webapi.project-syndicate.org/library/a6919a9e82abef24adcbe6749bcb5c4b.2-1-super.1.jpg,http://archive.md/20250521174203/https://www.project-syndicate.org/commentary/high-costs-of-trump-administration-cuts-to-us-foreign-aid-by-jeffrey-frankel-2025-05,"Soon after Donald Trump began his second presidency, his administration began frantically dismantling the US Agency for International Development and other foreign-assistance programs. Almost immedia… [+6740 chars]",,"Die Auslandshilfe sieht jetzt gut aus, da sie weg ist. Kurz nachdem Donald Trump seine zweite Präsidentschaft angetreten hatte, begann seine Regierung hektisch mit der Auflösung der US-Agentur für internationale Entwicklung und anderer Auslandshilfeprogramme. Fast sofort strömten Meldungen ein: Was gestrichen wurde, war …","Foreign Aid Looks Good Now That It’s Gone. Soon after Donald Trump began his second presidency, his administration began frantically dismantling the US Agency for International Development and other foreign-assistance programs. Almost immediately, reports began flooding in: what was being defunded wer…","Foreign Aid looks Good Now That is gone. Paulo post Donald Trump secundum praesidentiam suam incepit, eius administratio furibenter discutere US Agency pro Progressu Internationali et alia programmata peregrina adiuvantia incepit. Fere statim rumores inundare coeperunt: quod fundebatur.",2026-01-07 21:55:04+00:00
e503d805ec4e0c4f7bb51c82ee9e8789,2025-05-21T17:54:23Z,'deluge',pypi.org,en,0.0,lm-deluge 0.0.3,Python utility for using LLM API models.,https://pypi.org/project/lm-deluge/0.0.3/,,,"A required part of this site couldnt load. This may be due to a browser
 extension, network issues, or browser settings. Please check your
 connection, disable any ad blockers, or try using a diffe… [+12 chars]",,lm-Deluge 0.0.3. Python-Dienstprogramm zur Verwendung von LLM-API-Modellen.,lm-deluge 0.0.3. Python utility for using LLM API models.,lm-diluvium 0.0.3. Pythonis utilitas ad exempla LLM API utendi.,2026-01-07 21:55:04+00:00
21bf040347a9aa8c2e7d5a6823797f4d,2025-05-21T18:31:31Z,'floods',www.newsweek.com,en,0.0,Video Shows Abandoned Animals During Severe Floods: 'Death Sentence',Some pets were abandoned after 15 inches of rain fell in parts of Argentina over a period of 72 hours last weekend.,https://www.newsweek.com/abandoned-animals-video-argentina-floods-death-sentence-2075356,https://d.newsweek.com/en/full/2649140/video-pets-abandoned-floods-argentina.jpg,https://web.archive.org/web/20250522183941/https://www.newsweek.com/abandoned-animals-video-argentina-floods-death-sentence-2075356,"A heartbreaking video shared on social media shows rescuers saving animals that were abandoned by their owners before the severe floods in Argentina over the weekend.
Newsweek reached out to AccuWea… [+3208 chars]",,"Video zeigt ausgesetzte Tiere bei schweren Überschwemmungen: „Todesurteil“. Einige Haustiere wurden ausgesetzt, nachdem am vergangenen Wochenende in Teilen Argentiniens über einen Zeitraum von 72 Stunden 15 Zoll Regen gefallen waren.",Video Shows Abandoned Animals During Severe Floods: 'Death Sentence'. Some pets were abandoned after 15 inches of rain fell in parts of Argentina over a period of 72 hours last weekend.,Videos ostendit relicta animalia in gravibus inundationibus: 'Mors sententia'. Aliquae cura relicta sunt post 15 uncias pluviae in partibus Argentinae per spatium 72 horarum ultimae weekend.,2026-01-07 21:55:04+00:00
0b5b7f3fd83ad939d8c226189371936f,2025-05-21T19:22:15Z,'floods',www.abc.net.au,en,0.0,Victoria's historic drought to persist while NSW floods,"Flooding rain in parts of Australia and forecast local showers during the coming week are unlikely to help Victoria's drought-stricken regions in any significant way, the Bureau of Meteorology says.",https://www.abc.net.au/news/2025-05-22/victoria-drought-warmer-winter-flooding-no-rain/105319412,https://live-production.wcms.abc-cdn.net.au/c8d1d87a390eb3e2a33436672dd782a7?impolicy=wcms_watermark_news&cropH=814&cropW=1447&xPos=0&yPos=1&width=862&height=485&imformat=generic,,"Victoria is in a historic drought and, despite the cold nights that are ahead, it is set to be a warmer-than-average winter.
Little rain is forecast for the state, and the Bureau of Meteorology says… [+3921 chars]",,"Victorias historische Dürre hält an, während NSW überschwemmt wird. Überschwemmungen in Teilen Australiens und für die kommende Woche vorhergesagte lokale Schauer dürften den von Dürre heimgesuchten Regionen Victorias in keiner nennenswerten Weise helfen, sagt das Bureau of Meteorology.","Victoria's historic drought to persist while NSW floods. Flooding rain in parts of Australia and forecast local showers during the coming week are unlikely to help Victoria's drought-stricken regions in any significant way, the Bureau of Meteorology says.","Siccitas historica Victoriae perseverare dum NSW inundat. Imbres inundantes in partibus Australiae et imbres locales in hebdomada futura praenuntiant, abhorret auxilium Victoriae siccitatis regiones quaslibet significanti modo, in hendrerit Meteorologico dicit.",2026-01-07 21:55:04+00:00
2781da6bfe64f60bb7576739a81ab398,2025-05-21T19:38:45Z,'flooding residents',www.abc.net.au,en,0.0,Live: Heavy rainfall continues around Mid North Coast with major flood warnings in place,Residents are urged to exercise caution as flooding continues in the Mid North Coast and the adjacent North Tablelands region. Follow live.,https://www.abc.net.au/news/2025-05-22/weather-warnings-for-nsw-blog/105321074,https://live-production.wcms.abc-cdn.net.au/e55ae6883deea7cebd575a57627586c4?impolicy=wcms_watermark_news&cropH=1152&cropW=2048&xPos=0&yPos=0&width=862&height=485&imformat=generic,https://web.archive.org/web/20250522050038/https://www.abc.net.au/news/2025-05-22/weather-warnings-for-nsw-blog/105321074,"Hello, and welcome to those tuning in to our live coverage of severe weather in New South Wales.
It's now the third day of heavy rainfall for the Mid North Coast and surrounds, with severe weather w… [+496 chars]",,"Live: An der mittleren Nordküste gibt es weiterhin heftige Regenfälle, es gelten große Überschwemmungswarnungen. Die Bewohner werden aufgefordert, Vorsicht walten zu lassen, da die Überschwemmungen an der mittleren Nordküste und der angrenzenden Region North Tablelands anhalten. Live verfolgen.",Live: Heavy rainfall continues around Mid North Coast with major flood warnings in place. Residents are urged to exercise caution as flooding continues in the Mid North Coast and the adjacent North Tablelands region. Follow live.,Vive: Gravis pluviae circa Midiam Septentrionalem plagam pergit cum monitis maioribus diluvii in loco. Residentes hortantur ad cautelam exercendam sicut inundatio pergit in Coast Medio Septentrionali et adiacentibus Tabulariis Septentrionalis regionis. Vivamus sequere.,2026-01-07 21:55:04+00:00
ccbdbf6439e462a6463b21c3aa3fc694,2025-05-21T20:12:34Z,'flooding',www.abc.net.au,en,0.0,"Flooding rains in NSW to become more widespread, tracking south to Sydney","Torrential falls will continue right through Thursday across the already flooded Mid North Coast catchments, with the potential for a fourth consecutive day of totals well above 100 millimetres.",https://www.abc.net.au/news/2025-05-22/nsw-flooding-rains-more-widespread-sydney-south-coast/105319958,https://live-production.wcms.abc-cdn.net.au/7cc1e1b64baccd1e4e44e15e7a1d916a?impolicy=wcms_watermark_news&cropH=1152&cropW=2048&xPos=0&yPos=192&width=862&height=485&imformat=generic,,"The major rain event devastating the NSW Mid North Coast will become more widespread during the next 48 hours, engulfing central and southern NSW, along with eastern Victoria.
While the soaking will… [+5291 chars]",,"Überschwemmungsregen in NSW werden sich weiter ausbreiten und ziehen nach Süden bis nach Sydney. In den bereits überschwemmten Einzugsgebieten der mittleren Nordküste werden die sintflutartigen Regenfälle bis zum Donnerstag andauern, wobei die Gefahr besteht, dass die Wasserfälle am vierten Tag in Folge deutlich über 100 Millimeter fallen.","Flooding rains in NSW to become more widespread, tracking south to Sydney. Torrential falls will continue right through Thursday across the already flooded Mid North Coast catchments, with the potential for a fourth consecutive day of totals well above 100 millimetres.","Imbres inundantes in NSW ut latius divulgentur, meridiem usque ad Sydney semitae sunt. Descensus torrentialis perget usque ad Iovis per transfretationem iam inundationem per medium Orae Septentrionalis captae, cum potentia ad quartum continuos dies summarum supra 100 millimetrarum.",2026-01-07 21:55:04+00:00
810e406b529ec7c686632700be4b16ed,2025-05-21T20:39:42Z,'flooding death',www.abc.net.au,en,0.0,The 2017 flooding of the Global Seed Vault inspired this literary thriller,"Charlotte McConaghy's latest novel, Wild Dark Shore, is a propulsive literary thriller set in one of the world's most remote and rugged locations.",https://www.abc.net.au/news/2025-05-22/charlotte-mcconaghy-interview-wild-dark-shore/105311050,https://live-production.wcms.abc-cdn.net.au/717834059c7441ff313ebaf341646c5e?impolicy=wcms_watermark_news&cropH=720&cropW=1280&xPos=0&yPos=67&width=862&height=485&imformat=generic,,"Australian author Charlotte McConaghy's third novel, Wild Dark Shore, opens with a woman washing up on a remote island halfway between New Zealand and Antarctica.
Who she is and why she's there is t… [+9140 chars]",,"Die Überschwemmung des Global Seed Vault im Jahr 2017 inspirierte diesen literarischen Thriller. Charlotte McConaghys neuester Roman „Wild Dark Shore“ ist ein mitreißender Literaturthriller, der an einem der entlegensten und rauesten Orte der Welt spielt.","The 2017 flooding of the Global Seed Vault inspired this literary thriller. Charlotte McConaghy's latest novel, Wild Dark Shore, is a propulsive literary thriller set in one of the world's most remote and rugged locations.","2017 inundatio Global Seminis Vault hanc litterariam thriller inspiravit. Charlotte McConaghy novissimae novae novae, Litus Obscurum Wild, est propulsivum litterarum admirator in uno mundi locis remotissimis et asperis.",2026-01-07 21:55:04+00:00
f051906b65ff7185845af4333e22dc97,2025-05-21T21:54:24Z,'flooding',7news.com.au,en,0.0,Man’s body found inside flooded home at Moto on NSW’s Mid North Coast,"Tens of thousands of people are isolated, and hundreds have been rescued from disastrous flooding.",https://7news.com.au/news/body-of-man-found-inside-flooded-home-at-moto-on-nsws-mid-north-coast-c-18774087,https://images.7news.com.au/publication/C-18774087/62e97f46e98d19872b5588633a2784aa65f1e147-16x9-x0y0w2000h1125.jpg?imwidth=1200,,"The body of a man has been found inside a flooded home on NSWs Mid North Coast amid a severe weather crisis gripping the region.
Tens of thousands of people are isolated, and hundreds have been resc… [+2506 chars]",,Die Leiche eines Mannes wurde in einem überschwemmten Haus in Moto an der mittleren Nordküste von New South Wales gefunden. Zehntausende Menschen sind isoliert und Hunderte wurden vor den verheerenden Überschwemmungen gerettet.,"Man’s body found inside flooded home at Moto on NSW’s Mid North Coast. Tens of thousands of people are isolated, and hundreds have been rescued from disastrous flooding.",Corpus hominis intus inundatum domi inventum apud Moto in NSW's Mid North Coast. Decem milia hominum separata sunt et centeni ex inundatione calamitosi erepti sunt.,2026-01-07 21:55:04+00:00
83bca632f1d6b8388b4d4e0106179379,2025-05-21T22:30:41Z,'floods',consent.yahoo.com,en,0.0,Heavy floods threaten Argentina's crops,,https://consent.yahoo.com/v2/collectConsent?sessionId=1_cc-session_aeff0ff3-5bda-4b29-a202-659b3f2aab2d,,,"If you click 'Accept all', we and our partners, including 241 who are part of the IAB Transparency &amp; Consent Framework, will also store and/or access information on a device (in other words, use … [+714 chars]",,Schwere Überschwemmungen bedrohen die Ernte Argentiniens. Nan,Heavy floods threaten Argentina's crops. nan,Argentinae segetes graves inundationes minantur. nan,2026-01-07 21:55:04+00:00
b49297079ddc4a54b0c40473cbe647fa,2025-05-22T00:15:54Z,'flooding',timesofindia.indiatimes.com,en,0.0,"Drain narrows from 50m to 12m: Flood-hit Sai Layout residents confront CM Siddaramaiah, deputy CM Shivakumar in Bengaluru","Bengaluru residents in Sai Layout confronted CM Siddaramaiah and Deputy CM DK Shivakumar over persistent flooding issues. Despite the CM's announcement of ₹13 crore for drainage improvements, residents expressed frustration with the lack of lasting solutions.…",https://timesofindia.indiatimes.com/city/bengaluru/drain-narrows-from-50m-to-12m-flood-hit-sai-layout-residents-confront-cm-siddaramaiah-deputy-cm-shivakumar-in-bengaluru/articleshow/121323792.cms,"https://static.toiimg.com/thumb/msid-121334156,width-1070,height-580,imgsize-1104674,resizemode-75,overlay-toi_sw,pt-32,y_pad-40/photo.jpg",,Lakshmi Menons stylish pictures are pure magic,,"Der Abfluss verengt sich von 50 m auf 12 m: Von der Überschwemmung betroffene Bewohner von Sai Layout konfrontieren CM Siddaramaiah und den stellvertretenden CM Shivakumar in Bengaluru. Einwohner von Bengaluru in Sai Layout konfrontierten CM Siddaramaiah und den stellvertretenden CM DK Shivakumar wegen anhaltender Überschwemmungsprobleme. Trotz der Ankündigung des CM, 13 Millionen ₹ für Entwässerungsverbesserungen bereitzustellen, äußerten die Bewohner ihre Frustration über den Mangel an dauerhaften Lösungen.…","Drain narrows from 50m to 12m: Flood-hit Sai Layout residents confront CM Siddaramaiah, deputy CM Shivakumar in Bengaluru. Bengaluru residents in Sai Layout confronted CM Siddaramaiah and Deputy CM DK Shivakumar over persistent flooding issues. Despite the CM's announcement of ₹13 crore for drainage improvements, residents expressed frustration with the lack of lasting solutions.…","Exhaurire angustias ab 50m ad 12m: Diluvium hit Sai Layout habitant obviam CM Siddaramaiah, vicarius CM Shivakumar in Bengaluru. Bengaluru habitant in Sai Layout contra CM Siddaramaiah et proregem CM DK Shivakumar super quaestiones inundationis persistentes. Quamvis CM nuntiatio ₹13 crore pro INCILE melioramentis, incolas frustrationem expressit cum solutionum diuturnarum carentia.…",2026-01-07 21:55:04+00:00
1c8105fb01bd449f775e70c69930befa,2025-05-22T00:17:00Z,'flooding',www.thestar.com.my,en,0.0,"Torrential rain ravages Australian towns, thousands brace for isolation","SYDNEY (Reuters) -Torrential rain pummelled Australia's southeast on Thursday, triggering flash flooding and forcing officials to issue fresh evacuation orders, while 50,000 residents were warned to prepare to isolate with more downpours expected over the nex…",https://www.thestar.com.my/news/world/2025/05/22/torrential-rain-ravages-australian-towns-thousands-brace-for-isolation,https://apicms.thestar.com.my/uploads/images/2025/05/22/3327902.jpg,,"SYDNEY (Reuters) -Torrential rain pummelled Australia's southeast on Thursday, triggering flash flooding and forcing officials to issue fresh evacuation orders, while 50,000 residents were warned to … [+1897 chars]",,"Sintflutartige Regenfälle verwüsten australische Städte, Tausende müssen sich auf die Isolation einstellen. SYDNEY (Reuters) – Sintflutartige Regenfälle erschütterten am Donnerstag den Südosten Australiens, lösten Sturzfluten aus und zwangen die Beamten, neue Evakuierungsbefehle zu erteilen, während 50.000 Einwohner gewarnt wurden, sich auf die Isolation vorzubereiten, da im nächsten Jahr mit weiteren Regenfällen zu rechnen ist …","Torrential rain ravages Australian towns, thousands brace for isolation. SYDNEY (Reuters) -Torrential rain pummelled Australia's southeast on Thursday, triggering flash flooding and forcing officials to issue fresh evacuation orders, while 50,000 residents were warned to prepare to isolate with more downpours expected over the nex…","Imbribus torrentibus depopulatur oppida Australiana, mille bracteola solitudo. SYDNEY (Reuters) -Torrentialis pluviae iactatae Australiae meridiem die Iovis, mico inundatione excitato et magistratus cogentes ut novas ordines decederent, cum 50.000 incolarum moniti sunt ut plus imbres in nexum exspectationem segregare pararent.",2026-01-07 21:55:04+00:00
dccbc66a087a8252b99ee3a0800aecf0,2025-05-22T00:28:26Z,'deluge',pypi.org,en,0.0,lm-deluge 0.0.6,Python utility for using LLM API models.,https://pypi.org/project/lm-deluge/0.0.6/,,,"A required part of this site couldnt load. This may be due to a browser
 extension, network issues, or browser settings. Please check your
 connection, disable any ad blockers, or try using a diffe… [+12 chars]",,lm-Deluge 0.0.6. Python-Dienstprogramm zur Verwendung von LLM-API-Modellen.,lm-deluge 0.0.6. Python utility for using LLM API models.,lm-diluvium 0.0.6. Pythonis utilitas ad exempla LLM API utendi.,2026-01-07 21:55:04+00:00
5c9f934ecf6f3e57af0d6952f0edcc55,2025-05-22T01:12:10Z,'floods',www.ibtimes.com,en,0.0,"One Dead, 50,000 Stranded In Eastern Australia Floods","Torrential rain continued to lash eastern Australia on Thursday, swelling already engorged rivers, engulfing roads and leaving almost 50,000 people stranded.",https://www.ibtimes.com/one-dead-50000-stranded-eastern-australia-floods-3774200,https://d.ibtimes.com/en/full/4602209/one-man-was-found-dead-flooded-home-eastern-australia.jpg,,"Torrential rain continued to lash eastern Australia on Thursday, swelling already engorged rivers, engulfing roads and leaving almost 50,000 people stranded.
Police found the body of a 63-year-old m… [+2498 chars]",,"Ein Toter, 50.000 gestrandet bei Überschwemmungen in Ostaustralien. Am Donnerstag wüteten weiterhin sintflutartige Regenfälle über Ostaustralien, die bereits überfüllte Flüsse anschwellen ließen, Straßen überschwemmten und fast 50.000 Menschen strandeten.","One Dead, 50,000 Stranded In Eastern Australia Floods. Torrential rain continued to lash eastern Australia on Thursday, swelling already engorged rivers, engulfing roads and leaving almost 50,000 people stranded.","Mortuus unus, 50.000 Inundationes Australiae Orientalis Stranded. Imber torrentia in Australia Orientali die Iovis verberare continuavit, tumentes iam flumina occupantia, itinera inmersa et fere 50.000 hominum destituta relinquens.",2026-01-07 21:55:04+00:00
4af8b69aed0611d82eff0226fb67459b,2025-05-22T01:12:20Z,'floods',www.digitaljournal.com,en,0.0,"One dead, 50,000 stranded in eastern Australia floods","Torrential rain continued to lash eastern Australia on Thursday, swelling already engorged rivers, engulfing roads and leaving almost 50,000 people stranded. Police found the body of a 63-year-old man inside a flooded home in the rural hamlet of Moto, about 4…",https://www.digitaljournal.com/world/one-dead-50000-stranded-in-eastern-australia-floods/article,https://www.digitaljournal.com/wp-content/uploads/2025/05/7cf03c013cc1ade036ea6d29e9fa203cd5563c6d.jpg,,"One man was found dead in a flooded home in eastern Australia - Copyright NEW SOUTH WALES POLICE/AFP Handout
Torrential rain continued to lash eastern Australia on Thursday, swelling already engorge… [+2653 chars]",,"Ein Toter, 50.000 Menschen stranden bei Überschwemmungen im Osten Australiens. Am Donnerstag wüteten weiterhin sintflutartige Regenfälle über Ostaustralien, die bereits überfüllte Flüsse anschwellen ließen, Straßen überschwemmten und fast 50.000 Menschen strandeten. Die Polizei fand die Leiche eines 63-jährigen Mannes in einem überfluteten Haus im ländlichen Weiler Moto, etwa 4…","One dead, 50,000 stranded in eastern Australia floods. Torrential rain continued to lash eastern Australia on Thursday, swelling already engorged rivers, engulfing roads and leaving almost 50,000 people stranded. Police found the body of a 63-year-old man inside a flooded home in the rural hamlet of Moto, about 4…","Mortuus unus, 50.000 in inundationibus Australiae orientalibus destitutus. Imber torrentia in Australia Orientali die Iovis verberare continuavit, tumentes iam flumina occupantia, itinera inmersa et fere 50.000 hominum destituta relinquens. Aliquam invenimus corpus hominis LXIII annorum intra domum inundatam in villa rustica Moto, circiter IIII.",2026-01-07 21:55:04+00:00
df970060a51769144e3b42d990df8e02,2025-05-22T02:12:00Z,'floods',www.bangkokpost.com,en,0.0,"One dead, 50,000 stranded in eastern Australia floods","SYDNEY - Torrential rain continued to lash eastern Australia on Thursday, swelling already engorged rivers, engulfing roads and leaving almost 50,000 people stranded.",https://www.bangkokpost.com/world/3031705/one-dead-50-000-stranded-in-eastern-australia-floods,https://static.bangkokpost.com/media/content/20250522/c1_5619560_700.jpg,,"SYDNEY - Torrential rain continued to lash eastern Australia on Thursday, swelling already engorged rivers, engulfing roads and leaving almost 50,000 people stranded.
Police found the body of a 63-y… [+2537 chars]",,"Ein Toter, 50.000 Menschen stranden bei Überschwemmungen im Osten Australiens. SYDNEY – Am Donnerstag wüteten weiterhin sintflutartige Regenfälle im Osten Australiens, die bereits überfüllte Flüsse anschwellen ließen, Straßen überschwemmten und fast 50.000 Menschen strandeten.","One dead, 50,000 stranded in eastern Australia floods. SYDNEY - Torrential rain continued to lash eastern Australia on Thursday, swelling already engorged rivers, engulfing roads and leaving almost 50,000 people stranded.","Mortuus unus, 50.000 in inundationibus Australiae orientalibus destitutus. SYDNEYEN - Pluviae torrentes in Australiam orientalem verberare continuaverunt die Iovis, fluminibus iam occupatis tumentibus, viae immersis ac paene 50.000 hominum destitutis relictis.",2026-01-07 21:55:04+00:00
3f694118e0b01696c8b8d74fb5574a37,2025-05-22T02:15:59Z,'flooding disaster',www.bbc.com,en,0.0,Cattle washed onto beaches in widespread Australia floods,"A natural disaster has been declared in New South Wales, as widespread flooding prompts nearly 50,000 people to evacuate.",https://www.bbc.com/news/videos/cgj8g6675xxo,https://ichef.bbci.co.uk/news/1024/branded_news/c40b/live/893468f0-36b1-11f0-96c3-cf669419a2b0.jpg,https://web.archive.org/web/20250523004531/https://www.bbc.com/news/videos/cgj8g6675xxo,"A natural disaster has been declared in New South Wales, Australia, as widespread flooding has prompted nearly 50,000 people to evacuate. Footage captured in the Mid North Coast shows cattle displace… [+226 chars]",,"Bei weit verbreiteten Überschwemmungen in Australien wurden Rinder an Strände gespült. In New South Wales wurde eine Naturkatastrophe ausgerufen, da weit verbreitete Überschwemmungen fast 50.000 Menschen zur Evakuierung veranlassten.","Cattle washed onto beaches in widespread Australia floods. A natural disaster has been declared in New South Wales, as widespread flooding prompts nearly 50,000 people to evacuate.","Boves in litora laverunt in inundationibus Australiae latis. Calamitas naturalis in Nova Wallia Australi declarata est, quod inundatio diffusa suadet ut fere 50.000 hominum decederet.",2026-01-07 21:55:04+00:00
e8c75278c8ffd0af77001317e1b21273,2025-05-22T02:22:00Z,'floods',news.sky.com,en,0.0,Natural disaster declared in New South Wales - as four months of rain falls in just two days,A natural disaster has been declared in Australia after unprecedented floods in New South Wales.,https://news.sky.com/story/australia-floods-natural-disaster-declared-in-new-south-wales-as-four-months-of-rain-falls-in-just-two-days-13372439,https://e3.365dm.com/25/05/1600x900/skynews-australia-floods_6923752.jpg?20250522032119,,"A natural disaster has been declared in Australia after unprecedented floods in New South Wales.
More than four months' worth of rain has fallen in the past two days - and at least one person is kno… [+2215 chars]",,In New South Wales wird eine Naturkatastrophe ausgerufen – vier Monate lang regnet es in nur zwei Tagen. Nach beispiellosen Überschwemmungen in New South Wales wurde in Australien eine Naturkatastrophe ausgerufen.,Natural disaster declared in New South Wales - as four months of rain falls in just two days. A natural disaster has been declared in Australia after unprecedented floods in New South Wales.,Clades naturalis in Nova Wallia Australi declarata - sicut quattuor menses pluviae duobus tantum diebus incidit. Clades naturalis in Australia declarata est post diluvia in Novo Wallia Australi inaudita.,2026-01-07 21:55:04+00:00
0ac4fc4c1322336422090c32844e4e77,2025-05-22T02:51:44Z,'flooding',www.abc.net.au,en,0.0,How lessons from Lismore are shaping the NSW flooding response,"Authorities say there have been ""improvements"" to the emergency severe weather response in the aftermath of Lismore's catastrophic flooding in 2022.",https://www.abc.net.au/news/2025-05-22/nsw-mid-north-coast-hunter-floods-ses-lismore-2022/105322370,https://live-production.wcms.abc-cdn.net.au/71dfecea1d6d7b8b6c94c7476005d9a2?impolicy=wcms_watermark_news&cropH=899&cropW=1598&xPos=58&yPos=245&width=862&height=485&imformat=generic,,"As severe weather inundates the Mid North Coast and Hunter region, emergency services say lessons have been both learned and applied since the last major floods along the NSW coastline. 
A person ha… [+4243 chars]",,"Wie die Lehren aus Lismore die Reaktion auf Überschwemmungen in New South Wales prägen. Die Behörden sagen, dass es nach der katastrophalen Überschwemmung in Lismore im Jahr 2022 „Verbesserungen“ bei der Notfallreaktion bei Unwettern gegeben habe.","How lessons from Lismore are shaping the NSW flooding response. Authorities say there have been ""improvements"" to the emergency severe weather response in the aftermath of Lismore's catastrophic flooding in 2022.","Quomodo lectiones Lismorensis NSW responsionem inundationem effingant. Auctoritates dicunt ""emendationes"" in subitis tempestatibus gravibus responsionibus catastrophicae inundationis Lismorensis anno 2022 reparatae.",2026-01-07 21:55:04+00:00
7f65736d7f3cd5333077298a204236b1,2025-05-22T03:28:59Z,'deluge',economictimes.indiatimes.com,en,0.0,FII tide has turned. Now wait for the deluge,"Foreign Institutional Investors (FIIs) are making a strong comeback to Indian markets, with $2.7 billion inflows since April. Despite global uncertainties and muted domestic earnings, FIIs are expected to bring in up to $100 billion over the next 3–4 years, s…",https://economictimes.indiatimes.com/markets/stocks/news/fii-tide-has-turned-now-wait-for-the-deluge/articleshow/121329115.cms,"https://img.etimg.com/thumb/msid-121329105,width-1200,height-630,imgsize-73944,overlay-etmarkets/articleshow.jpg",,"After a long hiatus, the tide of Foreign Institutional Investors (FIIs) is rising again - this time with the promise of a flood. Since April, FIIs have turned net buyers, of ~USD 2.7bn, reversing mon… [+3745 chars]",,"Das Blatt bei FII hat sich gewendet. Warten Sie nun auf die Sintflut. Ausländische institutionelle Investoren (FIIs) feiern mit Zuflüssen in Höhe von 2,7 Milliarden US-Dollar seit April ein starkes Comeback auf den indischen Märkten. Trotz globaler Unsicherheiten und gedämpfter inländischer Erträge wird erwartet, dass FIIs in den nächsten drei bis vier Jahren bis zu 100 Milliarden US-Dollar einbringen werden, s…","FII tide has turned. Now wait for the deluge. Foreign Institutional Investors (FIIs) are making a strong comeback to Indian markets, with $2.7 billion inflows since April. Despite global uncertainties and muted domestic earnings, FIIs are expected to bring in up to $100 billion over the next 3–4 years, s…","FII aestu verso. Nunc diluvium exspecta. Investors Institutorum exterorum (FIIs) validam regressionem ad mercatus Indianas faciunt, cum $2.7 miliardis influit ab Aprili. Quamvis incerta globalia et lucra domestica mutentur, expectatur FIIs ad $ 100 miliarda per proximos 3-4 annos introducendos, s ...",2026-01-07 21:55:04+00:00
da279b4ac7e9cf2551023f69f72dde82,2025-05-22T03:35:14Z,'floods',japantoday.com,en,0.0,"One dead, 50,000 stranded in eastern Australia floods","Torrential rain continued to lash eastern Australia on Thursday, swelling already engorged rivers, engulfing roads and leaving almost 50,000 people stranded. Police found the body of a 63-year-old man inside a flooded home in the rural hamlet of Moto, about 4…",https://japantoday.com/category/world/one-dead-50-000-stranded-in-eastern-australia-floods,,,"Torrential rain continued to lash eastern Australia on Thursday, swelling already engorged rivers, engulfing roads and leaving almost 50,000 people stranded.
Police found the body of a 63-year-old m… [+2493 chars]",,"Ein Toter, 50.000 Menschen stranden bei Überschwemmungen im Osten Australiens. Am Donnerstag wüteten weiterhin sintflutartige Regenfälle über Ostaustralien, die bereits überfüllte Flüsse anschwellen ließen, Straßen überschwemmten und fast 50.000 Menschen strandeten. Die Polizei fand die Leiche eines 63-jährigen Mannes in einem überfluteten Haus im ländlichen Weiler Moto, etwa 4…","One dead, 50,000 stranded in eastern Australia floods. Torrential rain continued to lash eastern Australia on Thursday, swelling already engorged rivers, engulfing roads and leaving almost 50,000 people stranded. Police found the body of a 63-year-old man inside a flooded home in the rural hamlet of Moto, about 4…","Mortuus unus, 50.000 in inundationibus Australiae orientalibus destitutus. Imber torrentia in Australia Orientali die Iovis verberare continuavit, tumentes iam flumina occupantia, itinera inmersa et fere 50.000 hominum destituta relinquens. Aliquam invenimus corpus hominis LXIII annorum intra domum inundatam in villa rustica Moto, circiter IIII.",2026-01-07 21:55:04+00:00
4a1bc5cb365f454f5b4827159b6248ce,2025-05-22T03:52:55Z,'flooding evacuation',www.abc.net.au,en,0.0,Community mourns death of David Knowles in NSW flooding,Residents of a rural community where a 63-year-old man died during flooding are devastated at the loss that came as people coordinated their own evacuations.,https://www.abc.net.au/news/2025-05-22/david-knowles-dead-in-floodwater-at-moto-mid-north-coast/105322290,https://live-production.wcms.abc-cdn.net.au/3a9fb5fd393fcf599ee5c3394f0ee308?impolicy=wcms_watermark_news&cropH=182&cropW=323&xPos=0&yPos=7&width=862&height=485&imformat=generic,https://web.archive.org/web/20250522050122/https://www.abc.net.au/news/2025-05-22/david-knowles-dead-in-floodwater-at-moto-mid-north-coast/105322290,"A rural community on the NSW Mid North Coast is mourning the loss of one of their own after the death of a 63-year-old man.
The body of David Knowles was found in a flooded home on North Moto Road, … [+3616 chars]",,"Gemeinde trauert um David Knowles bei Überschwemmung in New South Wales. Die Bewohner einer ländlichen Gemeinde, in der ein 63-jähriger Mann bei einer Überschwemmung ums Leben kam, sind am Boden zerstört über den Verlust, den die Menschen erlitten, als sie ihre Evakuierungen selbst koordinierten.",Community mourns death of David Knowles in NSW flooding. Residents of a rural community where a 63-year-old man died during flooding are devastated at the loss that came as people coordinated their own evacuations.,"Mors David Knowles in NSW inundatione sacra luget. Residentibus communitatis ruralis ubi homo LXIII annorum mortuus est in inundatione, devastatur amissione, quae venit sicut homines suas evacuationes ordinaverunt.",2026-01-07 21:55:04+00:00
06d6ae27f915431413b2bad08ddd50ca,2025-05-22T04:18:13Z,'flooding disaster',www.abc.net.au,en,0.0,Three maps that show the scale of the NSW flood disaster,"Large parts of NSW are experiencing flooding, with more than 50,000 people preparing to evacuate. The Mid North Coast is bearing the brunt of this weather event, with Taree and Port Macquarie particularly hard hit.",https://www.abc.net.au/news/2025-05-22/nsw-flooding-coast-rain-evacuations/105321974,https://live-production.wcms.abc-cdn.net.au/0caf34df76fcd68e68b7e8466ce134a3?impolicy=wcms_watermark_news&cropH=1975&cropW=3511&xPos=238&yPos=525&width=862&height=485&imformat=generic,https://web.archive.org/web/20250522050030/https://www.abc.net.au/news/2025-05-22/nsw-flooding-coast-rain-evacuations/105321974,"Just two months after Cyclone Alfred caused widespread flooding across NSW, the state is once again besieged by floodwaters.
On Thursday morning, there were 140 flood warnings for NSW, with 50,000 p… [+2744 chars]",,"Drei Karten, die das Ausmaß der Überschwemmungskatastrophe in New South Wales zeigen. Große Teile von New South Wales sind von Überschwemmungen betroffen und mehr als 50.000 Menschen bereiten sich auf die Evakuierung vor. Die mittlere Nordküste trägt die Hauptlast dieses Wetterereignisses, wobei Taree und Port Macquarie besonders stark betroffen sind.","Three maps that show the scale of the NSW flood disaster. Large parts of NSW are experiencing flooding, with more than 50,000 people preparing to evacuate. The Mid North Coast is bearing the brunt of this weather event, with Taree and Port Macquarie particularly hard hit.","Tres tabulae quae scalam diluvii cladis NSW ostendunt. Magnae partes NSW inundationem experiuntur, cum plus quam 50.000 hominum decedere parat. Medius Coast Septentrionalis huius tempestatis eventus impetum sustinet, cum Taree et Port Macquarie maxime atrox ictus est.",2026-01-07 21:55:04+00:00
c89ce29a4b25c3a0fc48f3c7939c1430,2025-05-22T04:59:26Z,'flooding residents',theconversation.com,en,0.0,NSW on alert: these maps show the areas at risk of flooding and storms,"The maps show the areas of immediate danger, current and predicted flooding, and where residents should be ready for storms.",https://theconversation.com/nsw-on-alert-these-maps-show-the-areas-at-risk-of-flooding-and-storms-257343,https://images.theconversation.com/files/669634/original/file-20250522-56-hezsg5.gif?ixlib=rb-4.1.0&rect=0%2C126%2C800%2C400&q=45&auto=format&w=1356&h=668&fit=crop,,"False colour satellite timelapse (infrared + Zehr) BoM Himawari-9 satellite, CC BY-SA
Two people are dead, at least three people are missing and tens of thousands are isolated after record-breaking … [+1874 chars]",,"NSW in Alarmbereitschaft: Diese Karten zeigen die Gebiete, die von Überschwemmungen und Stürmen bedroht sind. Die Karten zeigen die Gebiete mit unmittelbarer Gefahr, aktuelle und vorhergesagte Überschwemmungen und wo die Bewohner auf Stürme vorbereitet sein sollten.","NSW on alert: these maps show the areas at risk of flooding and storms. The maps show the areas of immediate danger, current and predicted flooding, and where residents should be ready for storms.","NSW erecti: hae tabulae geographicae in periculo inundationis et tempestatum ostendunt. Tabulae geographicae demonstrant areas imminentis periculi, currentis et inundationis praenuntiatae, et ubi incolas tempestatibus praesto esse debent.",2026-01-07 21:55:04+00:00
0e45d6d348d1c051b6326496681582a1,2025-05-22T05:08:24Z,'floods',theconversation.com,en,0.0,"In a flood, first responders balance helping others while their own families are at risk. It’s an impossible choice",Many volunteer first responders will have loved ones also affected by the Mid North Coast floods in NSW.,https://theconversation.com/in-a-flood-first-responders-balance-helping-others-while-their-own-families-are-at-risk-its-an-impossible-choice-257313,https://images.theconversation.com/files/669615/original/file-20250522-56-gajpwm.jpg?ixlib=rb-4.1.0&rect=0%2C657%2C5280%2C2640&q=45&auto=format&w=1356&h=668&fit=crop,,"As unprecedented flooding inundates towns and leaves residents stranded in parts of New South Wales, local first responders have rescued hundreds of people from floodwaters and rooftops.

Volunteerin… [+5963 chars]",,"Bei einer Überschwemmung müssen Ersthelfer versuchen, anderen zu helfen, während ihre eigenen Familien in Gefahr sind. Es ist eine unmögliche Wahl. Viele freiwillige Ersthelfer werden ihre Angehörigen betreuen, die ebenfalls von den Überschwemmungen an der mittleren Nordküste in NSW betroffen sind.","In a flood, first responders balance helping others while their own families are at risk. It’s an impossible choice. Many volunteer first responders will have loved ones also affected by the Mid North Coast floods in NSW.","In inundatione, primum respondentes stateram ponderis alios adiuvandi dum propriae familiae sunt in periculo. Electio impossibilis est. Multi voluntarii primi respondentes caris etiam affecti sunt in inundationibus Medii Coast Septentrionalis in NSW.",2026-01-07 21:55:04+00:00
387188462b2beeb749aa9795da0a68ac,2025-05-22T06:36:19Z,'flooding',thehillstimes.in,en,0.0,"Assam Moves Supreme Court Panel Over Hill Cutting in Meghalaya, Blames It for Guwahati Flooding","HT Digital GUWAHATI, MAY 22: Assam Chief Minister Himanta Biswa Sarma on Thursday announced that the state government has approached a Supreme Court-appointed committee to address the issue of hill cutting in neighbouring Meghalaya, which he blamed for the wo…",https://thehillstimes.in/assam/assam-moves-supreme-court-panel-over-hill-cutting-in-meghalaya-blames-it-for-guwahati-flooding,https://thehillstimes.in/wp-content/uploads/2024/07/supreme-court-1600-1.webp,,"HT Digital
GUWAHATI, MAY 22: Assam Chief Minister Himanta Biswa Sarma on Thursday announced that the state government has approached a Supreme Court-appointed committee to address the issue of hill … [+1591 chars]",,"Assam verlagert das Gremium des Obersten Gerichtshofs wegen Abholzung von Hügeln in Meghalaya und macht es für die Überschwemmung in Guwahati verantwortlich. HT Digital GUWAHATI, 22. MAI: Der Ministerpräsident von Assam, Himanta Biswa Sarma, gab am Donnerstag bekannt, dass die Landesregierung sich an einen vom Obersten Gerichtshof eingesetzten Ausschuss gewandt hat, um das Problem der Abholzung von Hügeln im benachbarten Meghalaya anzugehen, das er für die …","Assam Moves Supreme Court Panel Over Hill Cutting in Meghalaya, Blames It for Guwahati Flooding. HT Digital GUWAHATI, MAY 22: Assam Chief Minister Himanta Biswa Sarma on Thursday announced that the state government has approached a Supreme Court-appointed committee to address the issue of hill cutting in neighbouring Meghalaya, which he blamed for the wo…","Assam Supremum Tribunal Panel Super Hill Secans in Meghalaya, Guwahati inundationem culpat. HT Digital GUWAHATI, MAY 22: Assam princeps minister Himanta Biswa Sarma die Iovis nuntiatum est regimen civitatis Supremum aula constitutum accessisse ad colloquium collis incidendi in vicinis Meghalaya, quod reprehendit pro væ…",2026-01-07 21:55:04+00:00
9d2bd60bbd04696e6ed82a803821bd8f,2025-05-22T06:44:23Z,'floods',theconversation.com,en,0.0,"Floods, fires and even terrorist attacks: how ready are our hospitals to cope when disaster strikes?",Research shows hospital administrators can better plan for how they’d cope if a disaster or terrorist attack impacts a hospital’s ability to function as normal.,https://theconversation.com/floods-fires-and-even-terrorist-attacks-how-ready-are-our-hospitals-to-cope-when-disaster-strikes-257318,https://images.theconversation.com/files/669596/original/file-20250522-56-gxlsd8.jpg?ixlib=rb-4.1.0&rect=0%2C1076%2C5280%2C2640&q=45&auto=format&w=1356&h=668&fit=crop,,"Floodwaters have engulfed large parts of New South Wales, with at least one person dead and almost 50,000 evacuated after days of heavy rainfall in a “one-in-500-year” flood event. The scale of the d… [+6474 chars]",,"Überschwemmungen, Brände und sogar Terroranschläge: Wie gut sind unsere Krankenhäuser auf Katastrophen vorbereitet? Untersuchungen zeigen, dass Krankenhausverwalter besser planen können, wie sie damit umgehen, wenn eine Katastrophe oder ein Terroranschlag die normale Funktionsfähigkeit eines Krankenhauses beeinträchtigt.","Floods, fires and even terrorist attacks: how ready are our hospitals to cope when disaster strikes?. Research shows hospital administrators can better plan for how they’d cope if a disaster or terrorist attack impacts a hospital’s ability to function as normal.","Flumina, incendia, impetus etiam terroris: quam parata sunt hospitia nostra tolerare calamitatem? Investigationes ostendit administratores hospitalis melius consilium esse posse quomodo obire debebunt si casus vel terroristis impetus impactus facultatem hospitalis functionis normalem esse possit.",2026-01-07 21:55:04+00:00
fa866947ac01d2fe1275938a05dd7b5a,2025-05-22T07:12:33Z,'floods',www.bbc.co.uk,en,0.0,"Australia: Four dead, several missing in record NSW floods",Heavy rains moved further south overnight as thousands remain under evacuation orders,https://www.bbc.co.uk/news/articles/c861gqdd8x0o,https://ichef.bbci.co.uk/ace/branded_news/1200/cpsprodpb/8f31/live/8899e790-36ba-11f0-8519-3b5a01ebe413.jpg,,"Nearly 10,000 homes are at risk of flooding in the state's Mid North Coast.
""We are bracing for more bad news,"" Minns told reporters at a press conference yesterday.
""It's very difficult to get sup… [+821 chars]",,"Australien: Vier Tote, mehrere Vermisste bei Rekordüberschwemmungen in New South Wales. Heftige Regenfälle breiteten sich über Nacht weiter nach Süden aus, da Tausende weiterhin unter Evakuierungsbefehl stehen","Australia: Four dead, several missing in record NSW floods. Heavy rains moved further south overnight as thousands remain under evacuation orders","Australia: Quattuor mortui, complura inundationes NSW in memoria desunt. Imbres graves pernoctare meridionales longius moverunt, ut milia sub euacuatione ordines manent",2026-01-07 21:55:04+00:00
cb8d0e24552388215d4efe531db6beab,2025-05-22T07:14:01Z,'floods',www.bbc.com,en,0.0,"Australia floods: Two dead, several missing in record NSW floods",Heavy rains moved further south overnight as thousands remain under evacuation orders,https://www.bbc.com/news/articles/c861gqdd8x0o,https://ichef.bbci.co.uk/news/1024/branded_news/8f31/live/8899e790-36ba-11f0-8519-3b5a01ebe413.jpg,https://web.archive.org/web/20250523004501/https://www.bbc.com/news/articles/c861gqdd8x0o,"Ottilie Mitchell and James Chater
Watch: Cattle washed onto beaches in widespread Australia floods
Four people have died and several were missing as major flooding in New South Wales (NSW) left abo… [+3870 chars]",,"Überschwemmungen in Australien: Zwei Tote, mehrere Vermisste bei Rekordüberschwemmungen in New South Wales. Heftige Regenfälle breiteten sich über Nacht weiter nach Süden aus, da Tausende weiterhin unter Evakuierungsbefehl stehen","Australia floods: Two dead, several missing in record NSW floods. Heavy rains moved further south overnight as thousands remain under evacuation orders","Inundationes Australiae: Duo mortui, complures inundationes NSW desunt. Imbres graves pernoctare meridionales longius moverunt, ut milia sub euacuatione ordines manent",2026-01-07 21:55:04+00:00
5a9eb18305adbfa7035202c4bc2b118a,2025-05-22T07:42:46Z,'deluge',theconversation.com,en,0.0,The deluge in NSW sounds a warning to rural and regional communities elsewhere,Flooding in eastern NSW shows just how vulnerable rural catchments and regional communities are to extreme and extended rainfall events.,https://theconversation.com/the-deluge-in-nsw-sounds-a-warning-to-rural-and-regional-communities-elsewhere-256814,https://images.theconversation.com/files/669655/original/file-20250522-62-3kxxa7.jpg?ixlib=rb-4.1.0&rect=4%2C0%2C4794%2C2396&q=45&auto=format&w=1356&h=668&fit=crop,,"Heavy rain continues to fall across the Hunter and Mid North Coast of New South Wales. Rivers are bursting their banks and spreading over floodplains, leaving many areas on flood watch. And now, this… [+5580 chars]",,"Die Überschwemmung in NSW ist ein Warnsignal für ländliche und regionale Gemeinden anderswo. Überschwemmungen im Osten von New South Wales zeigen, wie anfällig ländliche Einzugsgebiete und regionale Gemeinden gegenüber extremen und ausgedehnten Regenfällen sind.",The deluge in NSW sounds a warning to rural and regional communities elsewhere. Flooding in eastern NSW shows just how vulnerable rural catchments and regional communities are to extreme and extended rainfall events.,Diluvium in NSW admonitionem sonat ad communitates rurales et regionales alibi. Inundatio in NSW orientali ostendit modo quomodo captationes rusticae vulnerabiles et communitates regionales ad pluvias eventus extremas et extensas sint.,2026-01-07 21:55:04+00:00
06c314f624cf5509257d5e380a09325d,2025-05-22T08:51:02Z,'floods',7news.com.au,en,0.0,NSW floods: Young parents welcome baby girl in Taree as rain submerges town centres and isolates thousands,NSW floods: Young parents welcome baby girl in Taree as rain submerges town centres and isolates thousands7news.com.au,https://7news.com.au/news/nsw-floods-young-parents-welcome-baby-girl-in-taree-as-rain-submerges-town-centres-and-isolates-thousands--c-18780996,https://images.7news.com.au/publication/C-18780996/43bd25074f51e7ebd1342c462b4f1b67e1ce46f0-16x9-x0y0w1280h720.jpg?imwidth=1200,,"Tireless hospital staff including some unable to return return home due to deadly flooding on Australias east coast have been praised after helping deliver a healthy baby girl.
Poppy Goulden was bor… [+3367 chars]",,"Überschwemmungen in New South Wales: Junge Eltern begrüßen ihr kleines Mädchen in Taree, während der Regen Stadtzentren überschwemmt und Tausende isoliert. Überschwemmungen in New South Wales: Junge Eltern begrüßen ihr kleines Mädchen in Taree, während Regen Stadtzentren überschwemmt und tausende7news.com.au isoliert",NSW floods: Young parents welcome baby girl in Taree as rain submerges town centres and isolates thousands. NSW floods: Young parents welcome baby girl in Taree as rain submerges town centres and isolates thousands7news.com.au,NSW inundationes: Iuvenes parentes suscipiunt puellam infantem Taree sicut pluviae centra oppidum submergit et milia segregat. NSW inundationes: Iuvenes parentes suscipiunt puellam infantem in Taree ut pluviam submergat centra oppidum et mille7news.com.au separat.,2026-01-07 21:55:04+00:00
90e414093b5360dcf3623f21f86dbfcc,2025-05-22T09:26:57Z,'floods',www.nbcnews.com,en,0.0,Two dead in Australia after torrential rain ravages rural towns,"Flash flooding on Australia’s southeast coast has killed two people, as officials warned Thursday that more downpours were expected over the next 24 hours.",https://www.nbcnews.com/world/australia/two-dead-australia-torrential-rain-ravages-rural-towns-rcna208444,"https://media-cldnry.s-nbcnews.com/image/upload/t_nbcnews-fp-1200-630,f_auto,q_auto:best/rockcms/2025-05/250522-Australia-floods3--RS-929b84.jpg",,"SYDNEY Flash flooding on Australias southeast coast has killed two people and cut off towns, isolating tens of thousands of residents, as officials warned Thursday that more downpours were expected o… [+3184 chars]",,"Zwei Tote in Australien, nachdem sintflutartige Regenfälle ländliche Städte verwüstet haben. Bei einer Sturzflut an der Südostküste Australiens kamen zwei Menschen ums Leben, da Beamte am Donnerstag warnten, dass in den nächsten 24 Stunden weitere Regenfälle zu erwarten seien.","Two dead in Australia after torrential rain ravages rural towns. Flash flooding on Australia’s southeast coast has killed two people, as officials warned Thursday that more downpours were expected over the next 24 hours.","Duo mortui in Australia post imbres torrentes oppida rustica populantur. Flash inundatio in oram australis Australiae duos homines occidit, cum ministri Iovis monuerunt plures imbres in proximis 24 horis expectari.",2026-01-07 21:55:04+00:00
df71453e3ddb37e7b79cd1c76b74ef67,2025-05-22T11:30:24Z,'floods',www.aljazeera.com,en,0.0,Deadly floods in Eastern Australia as torrential rains continue,"Heavy rains in New South Wales have caused record-breaking floods, killing two people and isolating tens of thousands of",https://www.aljazeera.com/video/newsfeed/2025/5/22/deadly-floods-in-eastern-australia-as-torrential-rains-continue,https://www.aljazeera.com/wp-content/uploads/2025/05/image-1747913216.jpg?resize=1920%2C1080&quality=80,,"NewsFeed
Heavy rains in New South Wales have caused record-breaking floods, killing two people and isolating tens of thousands of residents. Authorities warn of more rain and life-threatening flash … [+49 chars]",,"Tödliche Überschwemmungen in Ostaustralien, während die sintflutartigen Regenfälle anhalten. Heftige Regenfälle haben in New South Wales rekordverdächtige Überschwemmungen verursacht, bei denen zwei Menschen ums Leben kamen und Zehntausende isoliert wurden","Deadly floods in Eastern Australia as torrential rains continue. Heavy rains in New South Wales have caused record-breaking floods, killing two people and isolating tens of thousands of","Mortifera inundationes in Australia Orientali sicut imbres torrentes pergunt. Imbres graves in Nova Meridionali Wallia inundationes recordum solvendas effecit, ut duos homines occideret et decem milia secluderet.",2026-01-07 21:55:04+00:00
1ed8c922cb537932b19dec2584ebd4a0,2025-05-22T15:00:00Z,'floods',subscriber.politicopro.com,en,0.0,Trump Leaves Disaster-Struck States Waiting Weeks for Sign-Off on FEMA Aid,States and cities struck by deadly tornadoes and floods are begging the Trump administration for disaster aid,https://subscriber.politicopro.com/article/eenews/2025/05/22/trump-who-called-fema-very-slow-has-failed-to-act-on-17-disaster-requests-00364007,https://static.scientificamerican.com/dam/m/110284fad45568f4/original/Tornado_strikes_Kentucky.jpg?m=1747925047.329&w=1200,,CLIMATEWIRE | Public officials have started pleading with the Trump administration for help in recovering from deadly disasters as President Donald Trump triggers frustration in states struck by torn… [+7438 chars],,"Trump lässt die von der Katastrophe betroffenen Staaten wochenlang auf die Genehmigung der FEMA-Hilfe warten. Staaten und Städte, die von tödlichen Tornados und Überschwemmungen heimgesucht wurden, bitten die Trump-Regierung um Katastrophenhilfe",Trump Leaves Disaster-Struck States Waiting Weeks for Sign-Off on FEMA Aid. States and cities struck by deadly tornadoes and floods are begging the Trump administration for disaster aid,BUCINUM Folia clade-percussa Americae Exspecto septimanas ad Sign-Off in potenti Aid. Civitates et urbes funestae turbinibus et inundationibus ictae administrationem cladis tubae implorant,2026-01-07 21:55:04+00:00
e4d8af2b3296786d45cd6457fd401897,2025-05-22T16:48:54Z,'flooding buildings',www.sciencedaily.com,en,0.0,How property owners can work to prevent flooding,The risk of heavy rainfall and severe flooding increases with climate change. But property owners -- regardless of size -- often underestimate their own responsibility and are unaware of what preventive measures they can take themselves.,https://www.sciencedaily.com/releases/2025/05/250522124854.htm,https://www.sciencedaily.com/images/scidaily-icon.png,,The risk of heavy rainfall and severe flooding increases with climate change. But property owners -- regardless of size -- often underestimate their own responsibility and are unaware of what prevent… [+4188 chars],,"Wie Grundstückseigentümer gegen Überschwemmungen vorgehen können. Mit dem Klimawandel steigt die Gefahr von Starkregen und schweren Überschwemmungen. Doch Immobilieneigentümer – unabhängig von ihrer Größe – unterschätzen oft ihre eigene Verantwortung und wissen nicht, welche vorbeugenden Maßnahmen sie selbst ergreifen können.",How property owners can work to prevent flooding. The risk of heavy rainfall and severe flooding increases with climate change. But property owners -- regardless of size -- often underestimate their own responsibility and are unaware of what preventive measures they can take themselves.,"Quomodo possessores possessionum laborare possunt ad inundationem prohibendam. Periculum pluviae gravis et gravis inundationis cum mutatione climatis augetur. Sed possessores proprietatis, cuiuscumque magnitudinis, saepe suam responsabilitatem parvipendunt et nesciunt quid impedimenta se capere possint.",2026-01-07 21:55:04+00:00
06341abbdddfe80f501932c90c129bd1,2025-05-22T17:14:06Z,'flooding',www.yahoo.com,en,0.0,Memorial Day weekend weather forecast: Rare nor'easter brings cooler temperatures; Ozarks to Tennessee at risk for dangerous flooding,Memorial Day weekend may be a wash for parts of the U.S. Here's what you can expect.,https://www.yahoo.com/news/memorial-day-weekend-weather-forecast-rare-noreaster-brings-cooler-temperatures-ozarks-to-tennessee-at-risk-for-dangerous-flooding-171406776.html,https://s.yimg.com/ny/api/res/1.2/ceftXcBnEbVTybfGNDuYjg--/YXBwaWQ9aGlnaGxhbmRlcjt3PTEyMDA7aD02MzU-/https://s.yimg.com/os/creatr-uploaded-images/2025-05/a3fc4e50-372e-11f0-bebf-fb2c0284dd96,,"For some parts of the U.S., those planning outdoor activities for Memorial Day weekend might have to come up with a plan B.
A rare noreaster is underway in New England on Thursday, bringing strong w… [+4489 chars]",,Wettervorhersage für das Memorial Day-Wochenende: Seltener Nordosten bringt kühlere Temperaturen; Von Ozarks nach Tennessee besteht die Gefahr gefährlicher Überschwemmungen. Das Memorial Day-Wochenende könnte für Teile der USA eine Katastrophe sein. Folgendes können Sie erwarten.,Memorial Day weekend weather forecast: Rare nor'easter brings cooler temperatures; Ozarks to Tennessee at risk for dangerous flooding. Memorial Day weekend may be a wash for parts of the U.S. Here's what you can expect.,Memorial Dies volutpat tempestas praenuntiet: Rara nor'easter adfert frigidiores temperaturas; Ozarks to Tennessee in periculo inundationis periculosae. Memoriale diei weekend lava pro partibus Americae potest esse quid expectes.,2026-01-07 21:55:04+00:00
678037850951fe8c4b66445530617553,2025-05-22T17:18:53Z,'flooding',www.yahoo.com,en,0.0,"Downpours, storms to drench Memorial Day gatherings in southern US","While the West will be best, and some may shiver in the Northeast, dangerous conditions from flash flooding and severe thunderstorms will lurk from the...",https://www.yahoo.com/news/downpours-storms-drench-memorial-day-171853406.html,https://media.zenfs.com/en/accuweather_articles_339/55461ba0f2adb814e19f463e0dcdb187,https://web.archive.org/web/20250522190718/https://www.yahoo.com/news/downpours-storms-drench-memorial-day-171853406.html,"While some of the best weather in the nation will be from the Rockies to the West Coast on Memorial Day, the Northeast will be chilly but mainly dry. Downpours are likely to cause problems for parade… [+2861 chars]",,"Regengüsse und Stürme überschwemmen Versammlungen zum Memorial Day im Süden der USA. Während der Westen am besten sein wird und einige im Nordosten zittern könnten, lauern im Norden gefährliche Bedingungen wie Sturzfluten und schwere Gewitter ...","Downpours, storms to drench Memorial Day gatherings in southern US. While the West will be best, and some may shiver in the Northeast, dangerous conditions from flash flooding and severe thunderstorms will lurk from the...","Imbres, procellae ad memoriam diei collectiones in US meridianis perfundunt. Dum Occidente optimum erit, et quidam in Oriente tremebunt, condiciones periculosae ex mico inundatione et gravi tonitribus delitescentis...",2026-01-07 21:55:04+00:00
1a2c6de90553e8b947b9769303720a53,2025-05-22T19:13:43Z,'flooding disaster',www.abc.net.au,en,0.0,"Live: Three dead, one missing, thousands isolated as record floods thrash NSW","The death toll has risen to three as NSW floods hammer the Mid North Coast, with nearly 700 flood rescues responded to by the SES. Follow live.",https://www.abc.net.au/news/2025-05-23/weather-warnings-for-nsw-blog/105326094,https://live-production.wcms.abc-cdn.net.au/8bb9953cf12544faf6d46d0d877ff78e?impolicy=wcms_watermark_news&cropH=584&cropW=1038&xPos=0&yPos=194&width=862&height=485&imformat=generic,,"I'm Luke Cooper and I'm with you again, along with my colleagues across the ABC, to keep you up to date with all of the latest updates from the New South Wales flooding disaster.
Overnight, a third … [+642 chars]",,"Live: Drei Tote, einer vermisst, Tausende isoliert, während Rekordüberschwemmungen NSW heimsuchen. Die Zahl der Todesopfer ist auf drei gestiegen, da die Überschwemmungen in New South Wales die mittlere Nordküste heimgesucht haben und der SES fast 700 Hochwasserrettungen durchgeführt hat. Live verfolgen.","Live: Three dead, one missing, thousands isolated as record floods thrash NSW. The death toll has risen to three as NSW floods hammer the Mid North Coast, with nearly 700 flood rescues responded to by the SES. Follow live.","Vive: Tres mortuos, unus desit, mille separatim ut recordum flumina iactant NSW. Theloneum mortis ortum est ut tres inundationes NSW ad malleum Medii Coast Septentrionalis, cum 700 prope diluvium a SES responderit liberantis. Vivamus sequere.",2026-01-07 21:55:04+00:00
704654a34e345f55f5536323bcec4538,2025-05-22T19:56:33Z,'flooding area',economictimes.indiatimes.com,en,0.0,"Toronto rainfall warning: Heavy rainfall could flood streets today, here’s when it ends","Toronto is under a rainfall warning today, May 23, with Environment Canada forecasting 40 to 60 millimetres of rain through the day. The steady, widespread rain, originating from the U.S. Midwest, may cause local flooding, particularly in low-lying areas. Com…",https://economictimes.indiatimes.com/news/international/canada/toronto-rainfall-warning-heavy-rainfall-could-flood-streets-today-heres-when-it-ends/articleshow/121347803.cms,"https://img.etimg.com/thumb/msid-121347870,width-1200,height-630,imgsize-1186300,overlay-economictimes/articleshow.jpg",,"A rainfall warning is in effect for Toronto on May 23 as heavy rain moves into the region today. Environment Canada has warned that 40 to 60 millimetres of rain could fall through Thursday, May 23.Th… [+1814 chars]",,"Regenwarnung für Toronto: Starke Regenfälle könnten heute Straßen überschwemmen, hier ist das Ende. Für Toronto gilt heute, am 23. Mai, eine Regenwarnung. Environment Canada prognostiziert 40 bis 60 Millimeter Regen im Laufe des Tages. Der anhaltende, großflächige Regen, der aus dem Mittleren Westen der USA kommt, kann lokale Überschwemmungen verursachen, insbesondere in tiefer gelegenen Gebieten. Com…","Toronto rainfall warning: Heavy rainfall could flood streets today, here’s when it ends. Toronto is under a rainfall warning today, May 23, with Environment Canada forecasting 40 to 60 millimetres of rain through the day. The steady, widespread rain, originating from the U.S. Midwest, may cause local flooding, particularly in low-lying areas. Com…","Toronto pluviae monitum: Imbres graves hodie vias inundare potuerunt, hic cum desinit. Toronto hodie de pluviis monitum est, 23 Maii, cum Environment Canada praevidens 40 ad 60 milliumtra pluviarum per diem. Pluviae stabilis, late diffusa, orta ab Americae Midwest, loci inundationem facere potest, praesertim in locis humilibus iacentibus. Com…",2026-01-07 21:55:04+00:00
6e57b2f267c4afae8f3c6775f6adbe5c,2025-05-22T20:32:44Z,'flooding residents',www.abc.net.au,en,0.0,'Renewed' risk as deadly weather system tracks south,Three people are dead and one remains missing as record flooding in NSW continues.,https://www.abc.net.au/news/2025-05-23/nsw-flood-deaths-weather-system-tracking-south/105325192,https://live-production.wcms.abc-cdn.net.au/11b83a669f520f604a9a35268c7ecf02?impolicy=wcms_watermark_news&cropH=2268&cropW=4032&xPos=0&yPos=378&width=862&height=485&imformat=generic,https://web.archive.org/web/20250523120219/https://www.abc.net.au/news/2025-05-23/nsw-flood-deaths-weather-system-tracking-south/105325192,"Authorities are urging residents ""not to be complacent"" as record-breaking flooding continues to impact New South Wales. 
Three people have been confirmed dead following the recovery of a woman's bo… [+4542 chars]",,"„Erneutes“ Risiko, da sich das tödliche Wettersystem nach Süden bewegt. Drei Menschen sind tot und einer wird weiterhin vermisst, während die Rekordüberschwemmungen in New South Wales anhalten.",'Renewed' risk as deadly weather system tracks south. Three people are dead and one remains missing as record flooding in NSW continues.,"'renovavit' periculum, ut ratio tempestatum fatalis vestigat australem. Tres homines mortui sunt et una manet absentis ut record inundatio in NSW perstat.",2026-01-07 21:55:04+00:00
8061936f8b9d4522cd20dfb1b5a69aea,2025-05-22T21:12:05Z,'floods',www.abc.net.au,en,0.0,Family rescued from Taree floods sought refuge on roof of their new home,"Just hours after her family were airlifted from their roof with floodwaters swelling below, Seeanna Briscoe was preparing for another double shift at Taree Hospital.",https://www.abc.net.au/news/2025-05-23/family-rescued-ses-helicopter-from-roof-loses-home-taree-floods/105325222,https://live-production.wcms.abc-cdn.net.au/89df0ec1b50d0078464f9f17d48a1b6c?impolicy=wcms_watermark_news&cropH=375&cropW=666&xPos=0&yPos=32&width=862&height=485&imformat=generic,,"Just hours after her family were airlifted from their roof with floodwaters swelling below, Seeanna Briscoe was preparing for another double shift at Taree Hospital.
""What else am I going to do?"" sh… [+3901 chars]",,"Eine aus den Überschwemmungen in Taree gerettete Familie suchte Zuflucht auf dem Dach ihres neuen Zuhauses. Nur wenige Stunden, nachdem ihre Familie von ihrem Dach geflogen worden war, während das Wasser unter ihnen anstieg, bereitete sich Seeanna Briscoe auf eine weitere Doppelschicht im Taree Hospital vor.","Family rescued from Taree floods sought refuge on roof of their new home. Just hours after her family were airlifted from their roof with floodwaters swelling below, Seeanna Briscoe was preparing for another double shift at Taree Hospital.","Genus e Taree inundationibus ereptum ad tectum novae domus confugit. Mox horae postquam familia eius e tecto suo cum diluviis infra tumentibus elevabantur, Seeanna Briscoe aliam duplicem mutationem in Hospitali Taree parabat.",2026-01-07 21:55:04+00:00
81b47061f6a59e9af579b7823ff028ef,2025-05-22T21:20:09Z,'floods',7news.com.au,en,0.0,Flood crisis worsens as intense rainfall threatens more communities,Three people have died and there are fears for more still missing as floods wreak havoc in NSW.,https://7news.com.au/news/deadly-flood-crisis-worsens-as-intense-rainfall-threatens-more-communities-along-australias-east-coast-c-18784561,https://images.7news.com.au/publication/C-18784561/9f62b9adbde048a55b2f8d089d68cbfae84b8ec0-16x9-x0y0w1280h720.png?imwidth=1200,,"Heavy rain which fuelled deadly and devastating flooding along Australias east coast is moving south, leaving behind flooded communities to deal with a massive mop-up.
A slow-moving trough which del… [+2427 chars]",,"Die Überschwemmungskrise verschärft sich, da heftige Regenfälle mehr Gemeinden bedrohen. Drei Menschen sind gestorben und es besteht die Befürchtung, dass noch weitere vermisst werden, da Überschwemmungen in NSW verheerende Schäden anrichten.",Flood crisis worsens as intense rainfall threatens more communities. Three people have died and there are fears for more still missing as floods wreak havoc in NSW.,Diluvium discriminis magis augescit quam vehemens pluviis communitatibus plus minatur. Tres homines mortui sunt et metus plus adhuc defuit ut inundationes perdat in NSW.,2026-01-07 21:55:04+00:00
d0a2e94d44cf0639030d7ff2735a40db,2025-05-22T21:44:29Z,'flooding solidarity',www.crikey.com.au,en,0.0,Fury at Littleproud as the Coalition calls a truce,"Liberal and National MPs have expressed anger at David Littleproud over the on-again, off-again Coalition split debacle, and hundreds of NSW communities are at risk of flooding.
The post Fury at Littleproud as the Coalition calls a truce appeared first on Cri…",http://www.crikey.com.au/2025/05/23/david-littleproud-sussan-ley-coalition-truce-nsw-floods/,https://www.crikey.com.au/wp-content/uploads/sites/3/2025/05/davee.jpg?quality=70&w=1024,https://web.archive.org/web/20250522232230/https://www.crikey.com.au/2025/05/23/david-littleproud-sussan-ley-coalition-truce-nsw-floods/,"COALITION RISES AGAIN?
As the Friday morning sun rises over Australia, National and Liberal MPs will wake with mixed feelings of anger, confusion, and relief.
MPs in both parties are reportedly ang… [+12279 chars]",,"Wut auf Littleproud, als die Koalition einen Waffenstillstand ausruft. Liberale und nationale Abgeordnete haben ihre Wut über David Littleproud wegen des immer wiederkehrenden Spaltungsdebakels in der Koalition zum Ausdruck gebracht, und Hunderte von Gemeinden in New South Wales sind von Überschwemmungen bedroht.
Der Beitrag Wut auf Littleproud, während die Koalition einen Waffenstillstand ausruft, erschien zuerst auf Cri…","Fury at Littleproud as the Coalition calls a truce. Liberal and National MPs have expressed anger at David Littleproud over the on-again, off-again Coalition split debacle, and hundreds of NSW communities are at risk of flooding.
The post Fury at Littleproud as the Coalition calls a truce appeared first on Cri…","Furor apud Littleproud cum coitione inducias vocat. Liberales et nationales MPs iram apud David Littleproud expresserunt super iterum, off-iterum coitionem scissae stupri, et centum communitatum NSW in periculo inundationis sunt.
Post Erinnys apud Littleproud coitionem vocat indutias primum apparuerunt in Cri…",2026-01-07 21:55:04+00:00
336eb2471464d67f7881faccde11c01c,2025-05-22T23:09:56Z,'deluge',www.abc.net.au,en,0.0,Sydney suburbs cop more than 100mm of rain as deluge moves south,"Steady rain developed late on Thursday and built through the night in Sydney, with the biggest falls recorded in the city's west.",https://www.abc.net.au/news/2025-05-23/nsw-sydney-weather-flooding-rain-rainfall-lllawarra-wollongong/105325886,https://live-production.wcms.abc-cdn.net.au/e213166649d7219a4863671ee3abcd96?impolicy=wcms_watermark_news&cropH=3942&cropW=7008&xPos=0&yPos=365&width=862&height=485&imformat=generic,,"The weather system that dumped hundreds of millimetres of flooding rain on the Hunter and Mid North Coast has hit Sydney overnight.
Steady rain developed late on Thursday and built through the night… [+2709 chars]",,"In den Vororten von Sydney fallen mehr als 100 mm Regen, während die Überschwemmung nach Süden zieht. Am späten Donnerstag kam es zu anhaltenden Regenfällen, die sich die ganze Nacht über in Sydney verstärkten, wobei die größten Regenfälle im Westen der Stadt verzeichnet wurden.","Sydney suburbs cop more than 100mm of rain as deluge moves south. Steady rain developed late on Thursday and built through the night in Sydney, with the biggest falls recorded in the city's west.","Sydney suburbia cop plus quam 100 mm pluviae sicut diluvium meridiem movet. Pluviae stabilis sero die Iovis processit et per noctem in Sydney aedificata est, cum maximus casus in urbe occidens memoratur.",2026-01-07 21:55:04+00:00
8b4259d5df2ad1a544780047cae9394c,2025-05-22T23:45:21Z,'floods',www.ibtimes.com,en,0.0,Record Floods Devastate Eastern Australia,"Record floods cut a destructive path through eastern Australia on Friday, caking houses in silt, washing out roads and separating 50,000 people from help.",https://www.ibtimes.com/record-floods-devastate-eastern-australia-3774297,https://d.ibtimes.com/en/full/4602399/this-frame-grab-handout-video-footage-taken-between-may-21-22-2025-released-may-22-2025.jpg,,"Record floods cut a destructive path through eastern Australia on Friday, caking houses in silt, washing out roads and separating 50,000 people from help.
Four bodies have been pulled from vast tide… [+2850 chars]",,"Rekordüberschwemmungen verwüsten Ostaustralien. Rekordüberschwemmungen haben am Freitag eine zerstörerische Spur durch Ostaustralien gezogen, Häuser im Schlick verkrustet, Straßen unterspült und 50.000 Menschen von der Hilfe getrennt.","Record Floods Devastate Eastern Australia. Record floods cut a destructive path through eastern Australia on Friday, caking houses in silt, washing out roads and separating 50,000 people from help.","Record Flumina Australiae Orientalis vastant. Notae inundationes iter perniciosissimum per Australiam orientalem die Veneris inciderunt, tecta in silvestria, viae abluentes et 50.000 hominum ab auxilio seiungentes.",2026-01-07 21:55:04+00:00
372204600c1dfa3db87d924b29df47eb,2025-05-23T00:18:16Z,'floods',biztoc.com,en,0.0,"Four Die as Floods Hammer Area North of Sydney, More Rain Coming",,https://biztoc.com/x/6fe15f29066acd78,https://biztoc.com/cdn/6fe15f29066acd78_s.webp,,"{ window.open(this.href, '_blank'); }, 200); return false;""&gt;Why did House pass Trump's big tax bill? { window.open(this.href, '_blank'); }, 200); return false;""&gt;How will tariffs impact retail p… [+941 chars]",,"Vier Menschen kommen bei Überschwemmungen im Gebiet nördlich von Sydney ums Leben, weitere Regenfälle kommen. Nan","Four Die as Floods Hammer Area North of Sydney, More Rain Coming. nan","Quattuor Die ut Flumina Malleus Area Septentrionalis Sydnaeorum, Magis Pluviae Adventus. nan",2026-01-07 21:55:04+00:00
8bcbdba9ea0148afa97c1763153b1c08,2025-05-23T00:40:00Z,'floods',www.bangkokpost.com,en,0.0,"Four die as floods hammer area north of Sydney, more rain coming","SYDNEY &mdash; At least four people died, and thousands are without power as severe storms lashed Australia&rsquo;s most populous state.",https://www.bangkokpost.com/world/3032536/four-die-as-floods-hammer-area-north-of-sydney-more-rain-coming,https://static.bangkokpost.com/media/content/20250523/c1_3032536_700.jpg,,"SYDNEY — At least four people died, and thousands are without power as severe storms lashed Australia’s most populous state.
Large swaths of New South Wales state remain on high alert for floods and… [+1787 chars]",,"Vier Menschen kommen ums Leben, als Überschwemmungen ein Gebiet nördlich von Sydney erschüttern und weitere Regenfälle bevorstehen. SYDNEY &ndash; Mindestens vier Menschen starben, und Tausende sind ohne Strom, als schwere Stürme den bevölkerungsreichsten Bundesstaat Australiens heimsuchten.","Four die as floods hammer area north of Sydney, more rain coming. SYDNEY &mdash; At least four people died, and thousands are without power as severe storms lashed Australia&rsquo;s most populous state.","Quattuor moriuntur sicut inundationes malleo regio Sydney septentrionalis, magis pluvia veniens. SYDNEY ecfatam; Saltem quattuor homines mortui sunt, et millena potestate carent quam gravissimae tempestates Australiae et civitatis celeberrimae verberantur.",2026-01-07 21:55:04+00:00
2a27ecf7a7af66fde27e33b5508c98b7,2025-05-23T01:51:56Z,'floods',economictimes.indiatimes.com,en,0.0,"Australia’s deadliest floods in years kill 4, leave 50,000 stranded in crisis","Australia grapples with severe floods in New South Wales. Relentless rains submerge towns, causing deaths and isolating residents. Emergency services conduct numerous rescues. Power outages and infrastructure damage plague the Mid North Coast. Dairy stocks an…",https://economictimes.indiatimes.com/news/international/new-zealand/australias-deadliest-floods-in-years-kill-4-leave-50000-stranded-in-crisis/articleshow/121349988.cms,"https://img.etimg.com/thumb/msid-121350026,width-1200,height-630,imgsize-130146,overlay-economictimes/articleshow.jpg",https://web.archive.org/web/20250523043100/https://economictimes.indiatimes.com/news/international/new-zealand/australias-deadliest-floods-in-years-kill-4-leave-50000-stranded-in-crisis/articleshow/121349988.cms,"Australia is facing one of its most devastating flood crises in decades. In New South Wales, relentless torrential rains have submerged entire towns. The disaster has resulted in at least four confir… [+5355 chars]",,"Bei den tödlichsten Überschwemmungen in Australien seit Jahren kommen vier Menschen ums Leben, 50.000 bleiben in der Krise zurück. Australien hat in New South Wales mit schweren Überschwemmungen zu kämpfen. Unerbittliche Regenfälle überschwemmen Städte, verursachen Todesfälle und isolieren die Bewohner. Rettungsdienste führen zahlreiche Rettungseinsätze durch. Stromausfälle und Infrastrukturschäden plagen die mittlere Nordküste. Milchvorräte und…","Australia’s deadliest floods in years kill 4, leave 50,000 stranded in crisis. Australia grapples with severe floods in New South Wales. Relentless rains submerge towns, causing deaths and isolating residents. Emergency services conduct numerous rescues. Power outages and infrastructure damage plague the Mid North Coast. Dairy stocks an…","Inundationes Australiae gravissimas in annis occidunt 4, 50,000 destituti in discrimine relinquunt. Australia gravibus inundationibus in Nova Cambria Meridionalis dimicat. Imbres immites oppida submergunt, caedes et solitudines habitant. Subitis operas numerosas mores servat. Potentia outages et infrastructure damni in plaga Medii Coast North. Lacticiniis nervum an…",2026-01-07 21:55:04+00:00
348c12f41535bdd7d9cba40c27ed1882,2025-05-23T05:39:43Z,'flooding',www.npr.org,en,0.0,Record floodwaters in eastern Australia leave 4 dead and 1 missing,"Some 50,000 people have been isolated by the flooding in New South Wales, after days of heavy rain. Four bodies have been retrieved from floodwaters since Wednesday.",https://www.npr.org/2025/05/23/g-s1-68617/eastern-australia-floods-leave-4-dead,https://npr.brightspotcdn.com/dims3/default/strip/false/crop/4958x2789+0+258/resize/1400/quality/100/format/jpeg/?url=http%3A%2F%2Fnpr-brightspot.s3.amazonaws.com%2F66%2Fba%2Fff318383499490650c6e51371490%2Fap25143035134749.jpg,,"MELBOURNE, Australia Record floodwaters on Australia's east coast have left four people dead and one missing, officials said Friday as rain eased over the disaster area.
Some 50,000 people have been… [+2359 chars]",,Rekordhochwasser in Ostaustralien fordert vier Tote und eine Vermisste. Etwa 50.000 Menschen wurden durch die Überschwemmungen in New South Wales nach tagelangen heftigen Regenfällen isoliert. Seit Mittwoch wurden vier Leichen aus den Fluten geborgen.,"Record floodwaters in eastern Australia leave 4 dead and 1 missing. Some 50,000 people have been isolated by the flooding in New South Wales, after days of heavy rain. Four bodies have been retrieved from floodwaters since Wednesday.",Record aquae diluvii in Australia orientali relinquunt 4 mortua et 1 desunt. Nonnulli 50.000 hominum ab inundatione in Nova Wallia Australi post dies gravis pluviae separatae sunt. Quattuor corpora ab diluviis post mercurii recepta sunt.,2026-01-07 21:55:04+00:00
0acd8464af7ae0ac16e729e7ff93830e,2025-05-23T05:59:50Z,'flooding insurance',www.insurancejournal.com,en,0.0,"Four Die as Floods Hammer Area North of Sydney, With More Rain Coming",At least four people died and thousands are without power as severe storms lashed Australia’s most populous state. Large swaths of New South Wales state remain on high alert for floods and extreme weather. Heavy rainfall is expected to continue …,https://www.insurancejournal.com/news/international/2025/05/23/824927.htm,https://www.insurancejournal.com/app/uploads/2025/05/milsons-point-in-sydney-getty-scaled.jpg,,"Large swaths of New South Wales state remain on high alert for floods and extreme weather. Heavy rainfall is expected to continue into the weekend in central and southern regions, and coastal areas a… [+1800 chars]",,"Vier Menschen kommen bei Überschwemmungen im Gebiet nördlich von Sydney ums Leben, und es kommt zu weiteren Regenfällen. Mindestens vier Menschen starben und Tausende sind ohne Strom, als schwere Stürme Australiens bevölkerungsreichsten Bundesstaat heimsuchten. Große Teile des Bundesstaates New South Wales bleiben in höchster Alarmbereitschaft wegen Überschwemmungen und extremen Wetterbedingungen. Es wird mit weiterhin starken Regenfällen gerechnet …","Four Die as Floods Hammer Area North of Sydney, With More Rain Coming. At least four people died and thousands are without power as severe storms lashed Australia’s most populous state. Large swaths of New South Wales state remain on high alert for floods and extreme weather. Heavy rainfall is expected to continue …","Quatuor Mori ut Flumina Malleus Area Septentrionalis Sydnaeorum, Cum Pluribus Comibus. Saltem quattuor homines mortui sunt et milia sine potestate sunt ut tempestates gravissimas in statu celeberrimo Australiae verberarent. Magnae swaths status Novae Meridionalis Walliae in alto intento ad diluvia et extremam tempestatem manent. Imbribus gravis expectatur pergere ...",2026-01-07 21:55:04+00:00
177511ab52ee959a346f8d3bab4f46d3,2025-05-23T07:05:50Z,'flooding',www.globalsecurity.org,en,0.0,UN Emergency Fund allocates $10 million to address vulnerability and protection risks in South Sudan,"Amid escalating humanitarian needs driven by conflict, flooding, acute food insecurity and cholera outbreaks, the United Nations Central Emergency Response Fund (CERF) has urgently allocated US$10 million to support life-saving humanitarian assistance for mor…",https://www.globalsecurity.org/military/library/news/2025/05/mil-250522-unocha01.htm,,,"UNOCHA - United Nations Office for the Coordination of Humanitarian Affairs
Over 270,000 people affected by multiple shocks to receive life-saving, multi-sectoral assistance
(Juba, 22 May 2025) Ami… [+2689 chars]",,"Der UN-Nothilfefonds stellt 10 Millionen US-Dollar zur Bewältigung der Verwundbarkeit und Schutzrisiken im Südsudan bereit. Angesichts des steigenden Bedarfs an humanitärer Hilfe aufgrund von Konflikten, Überschwemmungen, akuter Ernährungsunsicherheit und Cholera-Ausbrüchen hat der Zentrale Nothilfefonds der Vereinten Nationen (CERF) dringend 10 Millionen US-Dollar bereitgestellt, um lebensrettende humanitäre Hilfe für mehr … zu unterstützen.","UN Emergency Fund allocates $10 million to address vulnerability and protection risks in South Sudan. Amid escalating humanitarian needs driven by conflict, flooding, acute food insecurity and cholera outbreaks, the United Nations Central Emergency Response Fund (CERF) has urgently allocated US$10 million to support life-saving humanitarian assistance for mor…","IR Subitis Fundi $10 miliones ad pericula vulnerabilitatem et tutelam in South Sudania collocant. Inter necessitates humanitarias evolutionis acti conflictus, inundationes, acuta cibi suspiciones et cholerae tumultus, Nationes Unitae Centralis Subitis Responsio Fundi (CERF) instanter collocavit US$10 miliones ad subsidium vitae salutaris humanitaria subsidia pro mor…",2026-01-07 21:55:04+00:00
db663389e99439035c72c217fc1861ec,2025-05-23T07:11:46Z,'flooding residents',www.abc.net.au,en,0.0,In pictures: The devastating impact NSW floods have had on residents,A fourth person has been confirmed dead and another is still missing in record floods on the NSW Mid North Coast. These pictures capture the impact the flooding has had on people's lives.,https://www.abc.net.au/news/2025-05-23/in-pictures-how-the-nsw-floods-impacted-people/105327638,https://live-production.wcms.abc-cdn.net.au/e454ea04580410898d237f91729986fe?impolicy=wcms_watermark_news&cropH=2250&cropW=4000&xPos=0&yPos=375&width=862&height=485&imformat=generic,,"A fourth person has been confirmed dead and another is still missing in record floods on the NSW Mid North Coast.
Over 6,000 people remain without power.
The SES said there are 50,000 people isolat… [+3727 chars]",,"In Bildern: Die verheerenden Auswirkungen der Überschwemmungen in New South Wales auf die Bewohner. Bei den Rekordüberschwemmungen an der mittleren Nordküste von New South Wales wurde bestätigt, dass ein vierter Mensch ums Leben gekommen ist und ein weiterer noch vermisst wird. Diese Bilder zeigen die Auswirkungen der Überschwemmung auf das Leben der Menschen.",In pictures: The devastating impact NSW floods have had on residents. A fourth person has been confirmed dead and another is still missing in record floods on the NSW Mid North Coast. These pictures capture the impact the flooding has had on people's lives.,In imaginibus: Depopulationes impulsum NSW inundationes in incolas habuerunt. Quartus homo mortuus confirmatus est et alius adhuc in inundationibus in NSW Mid North Coast absentis recordatus est. Hae imagines capere ictum inundationem in vita hominum habuit.,2026-01-07 21:55:04+00:00
9e856d97a10e5e564ef360b22544f879,2025-05-23T07:45:38Z,'floods',www.aljazeera.com,en,0.0,Record floods kill four and devastate eastern Australia,"About 50,000 people are still isolated after powerful weather system dumped months of rain in three days.",https://www.aljazeera.com/news/2025/5/23/record-floods-kill-four-and-devastate-eastern-australia,https://www.aljazeera.com/wp-content/uploads/2025/05/13072506-1747981057.jpg?resize=1200%2C675,,"Record-breaking floods in eastern Australia have killed four people and stranded tens of thousands after days of relentless rain.
Prime Minister Anthony Albanese and New South Wales Premier Christop… [+2016 chars]",,"Rekordüberschwemmungen töten vier Menschen und verwüsten Ostaustralien. Ungefähr 50.000 Menschen sind immer noch isoliert, nachdem das starke Wettersystem innerhalb von drei Tagen monatelange Regenfälle verursachte.","Record floods kill four and devastate eastern Australia. About 50,000 people are still isolated after powerful weather system dumped months of rain in three days.","Inundationes commemorant quattuor occidunt et Australiam orientalem vastant. Circiter 50,000 homines adhuc seiuncti sunt postquam systematis tempestatis validi menses pluviae in tres dies proiecerunt.",2026-01-07 21:55:04+00:00
b083267888876f7489d10810c4c9d22b,2025-05-23T08:00:00Z,'flooding',www.cbc.ca,en,0.0,How a $300 plumbing problem morphed into a $50K flooding bill for this Scarborough homeowner,"Linda Mangalathu’s problems began with an issue many homeowners in Toronto are familiar with: a minor basement flood. Now, three weeks later, she’s had to move out of her Scarborough house, her front yard is a construction zone, and neither her contractor nor…",https://www.cbc.ca/news/canada/toronto/how-a-300-plumbing-problem-morphed-into-a-50k-flooding-bill-1.7540547,https://i.cbc.ca/1.7540570.1747870171!/fileImage/httpImage/image.jpg_gen/derivatives/16x9_1180/leak-headline.jpg?im=Resize%3D620,,"Linda Mangalathu's problems began with an issue many homeowners in Toronto are familiar with: a minor basement flood.
Now, a little more than three weeks later, she's had to move out of her Scarboro… [+5628 chars]",,"Wie aus einem 300-Dollar-Sanitärproblem eine Überschwemmungsrechnung in Höhe von 50.000 US-Dollar für diesen Hausbesitzer aus Scarborough wurde. Die Probleme von Linda Mangalathu begannen mit einem Problem, das vielen Hausbesitzern in Toronto bekannt ist: einer geringfügigen Kellerüberschwemmung. Jetzt, drei Wochen später, musste sie aus ihrem Haus in Scarborough ausziehen, ihr Vorgarten ist eine Bauzone und weder ihr Bauunternehmer noch …","How a $300 plumbing problem morphed into a $50K flooding bill for this Scarborough homeowner. Linda Mangalathu’s problems began with an issue many homeowners in Toronto are familiar with: a minor basement flood. Now, three weeks later, she’s had to move out of her Scarborough house, her front yard is a construction zone, and neither her contractor nor…","Quomodo a $300 problema plumbing in $50K inundantem libellum de hac Scarborough homeowner obtigerunt. Linda Mangalathu quaestiones inceperunt cum constitutione multorum homeowners in Toronto familiares sunt cum: in diluvio minor basis. Nunc post tres septimanas, migrare de domo Scarborongh sui, hortum suum zona constructionis est, nec redemptore nec….",2026-01-07 21:55:04+00:00
a28e2b67957f3eacf0acbb8b6121658d,2025-05-23T10:46:07Z,'floods',www.newscientist.com,en,0.0,Flash floods sweep through vital sanctuary for Australian animals,Wildlife carers fostering some of Australia’s most precious animals have had to rescue them one by one from rising waters and are now racing to repair fencing that keeps feral predators away,https://www.newscientist.com/article/2481536-flash-floods-sweep-through-vital-sanctuary-for-australian-animals/,https://images.newscientist.com/wp-content/uploads/2025/05/23103310/SEI_252746367.jpg,http://archive.md/20250524080652/https://www.newscientist.com/article/2481536-flash-floods-sweep-through-vital-sanctuary-for-australian-animals/,"A Tasmanian devil is carried to safety by a ranger amid flooding at the Aussie Ark sanctuary
Aussie Ark
Conservation workers are racing to protect a precious group of Australian animals after recor… [+2463 chars]",,"Sturzfluten fegen über lebenswichtiges Schutzgebiet für australische Tiere. Wildtierpfleger, die einige der wertvollsten Tiere Australiens pflegen, mussten sie einzeln aus dem steigenden Wasser retten und kämpfen nun darum, Zäune zu reparieren, die wilde Raubtiere fernhalten",Flash floods sweep through vital sanctuary for Australian animals. Wildlife carers fostering some of Australia’s most precious animals have had to rescue them one by one from rising waters and are now racing to repair fencing that keeps feral predators away,Micare flumina per sanctuarium vitalia pro animalibus Australianis verrunt. Wildlife carers foventes nonnulla animalia pretiosissima Australiae ab aquis ortu liberare debebant et nunc currentes sunt ad claudendum reparandum quod predatores ferales custodit,2026-01-07 21:55:04+00:00
de639b252f663630bcd43bbeeeba9eda,2025-05-23T18:44:41Z,'flooding rain',www.abc.net.au,en,0.0,What turns heavy rain into a major flood?,Parts of NSW are experiencing some of their worst flooding on record. You'd be forgiven for thinking this is all about the rainfall. But it's not the only thing that matters.,https://www.abc.net.au/news/2025-05-24/how-much-rain-in-nsw-and-how-did-it-lead-to-flooding/105314358,https://live-production.wcms.abc-cdn.net.au/5fbe87dd9fff2e0f13f5e479819920a7?impolicy=wcms_watermark_news&cropH=534&cropW=950&xPos=125&yPos=190&width=862&height=485&imformat=generic,,"There is more at play than just rain to create a major flood.(ABC News: Alex Lim)
Parts of New South Wales are currently facing some of their worst floods in living memory, as heavy rain in the orde… [+5438 chars]",,"Was führt dazu, dass starker Regen zu einer großen Überschwemmung wird? Teile von NSW erleben einige der schlimmsten Überschwemmungen seit Beginn der Aufzeichnungen. Man könnte meinen, dass es hier nur um den Niederschlag geht. Aber es ist nicht das Einzige, was zählt.",What turns heavy rain into a major flood?. Parts of NSW are experiencing some of their worst flooding on record. You'd be forgiven for thinking this is all about the rainfall. But it's not the only thing that matters.,Quid pluviae in maiorem diluvium vertit? NSW partes aliquas pessimi inundationis suae memoriae experiuntur. Dimitti tibi velis ut haec omnia de pluviis putemus. Sed non nisi quam.,2026-01-07 21:55:04+00:00
251943fcf57676d33291cc0627221eca,2025-05-23T20:25:51Z,'flooding rain',www.abc.net.au,en,0.0,Live: Thousands without power as heavy rain heads towards Sydney,The weather system that has brought deadly flooding to parts of New South Wales is moving south and predicted to bring heavy rain to Sydney and Newcastle. Follow live.,https://www.abc.net.au/news/2025-05-24/nsw-flooding-live-updates-weather-warnings-may-24/105331622,https://live-production.wcms.abc-cdn.net.au/6e8ee6d5e770f3545dd8fdcbd5675ae6?impolicy=wcms_watermark_news&cropH=628&cropW=1117&xPos=0&yPos=43&width=862&height=485&imformat=generic,https://web.archive.org/web/20250523220207/https://www.abc.net.au/news/2025-05-24/nsw-flooding-live-updates-weather-warnings-may-24/105331622,"I'm Charmayne Allison and, along with my colleagues from across the ABC, I'll be with you this morning to bring you the latest on the New South Wales flooding disaster.
A fifth person was confirmed … [+733 chars]",,"Live: Tausende ohne Strom, während heftiger Regen auf Sydney zusteuert. Das Wettersystem, das in Teilen von New South Wales tödliche Überschwemmungen verursacht hat, verlagert sich nach Süden und wird voraussichtlich starke Regenfälle nach Sydney und Newcastle bringen. Live verfolgen.",Live: Thousands without power as heavy rain heads towards Sydney. The weather system that has brought deadly flooding to parts of New South Wales is moving south and predicted to bring heavy rain to Sydney and Newcastle. Follow live.,"Vive: Milia sine viribus ut pluviae gravia capita in Sydneyum. Systema tempestatum, quod funestum inundationem ad partes Novae Australis Walliae attulit, meridiem movetur et praedixit pluviam gravem Sydney et Novum Castrum afferre. Vivamus sequere.",2026-01-07 21:55:04+00:00
86804280666aef140f64b4a4afbc9d98,2025-05-24T01:25:58Z,'floods',economictimes.indiatimes.com,en,0.0,"Australia Floods: 5 dead, 10,000+ homes lost, Sydney faces tough times as streets turn into rivers and rooftops into islands",New South Wales faces devastating floods. The death toll rises. Thousands of properties are damaged. Many residents remain trapped. Rescue and relief operations are underway. Weather forecasts predict strong winds. Emergency warnings are in place. The governm…,https://economictimes.indiatimes.com/news/international/new-zealand/australia-floods-5-dead-10000-homes-lost-sydney-faces-tough-times-as-streets-turn-into-rivers-and-rooftops-into-islands/articleshow/121372198.cms,"https://img.etimg.com/thumb/msid-121372206,width-1200,height-630,imgsize-866618,overlay-economictimes/articleshow.jpg",https://web.archive.org/web/20250524022353/https://economictimes.indiatimes.com/news/international/new-zealand/australia-floods-5-dead-10000-homes-lost-sydney-faces-tough-times-as-streets-turn-into-rivers-and-rooftops-into-islands/articleshow/121372198.cms,"New South Wales continues to battle severe floods, with the death toll rising to 5, over 10,000 properties damaged, and more than 50,000 residents still trapped. The Insurance Council of Australia re… [+3114 chars]",,"Überschwemmungen in Australien: 5 Tote, mehr als 10.000 Häuser verloren – Sydney stehen schwere Zeiten bevor, da sich Straßen in Flüsse und Dächer in Inseln verwandeln. New South Wales steht vor verheerenden Überschwemmungen. Die Zahl der Todesopfer steigt. Tausende Immobilien werden beschädigt. Viele Bewohner bleiben gefangen. Rettungs- und Hilfsaktionen sind im Gange. Wettervorhersagen sagen starke Winde voraus. Es sind Notfallwarnungen vorhanden. Die Regierung…","Australia Floods: 5 dead, 10,000+ homes lost, Sydney faces tough times as streets turn into rivers and rooftops into islands. New South Wales faces devastating floods. The death toll rises. Thousands of properties are damaged. Many residents remain trapped. Rescue and relief operations are underway. Weather forecasts predict strong winds. Emergency warnings are in place. The governm…","Inundationes Australiae: 5 mortui, 10,000+ domus amissae, Sydney tempora difficilia respicit sicut plateae in flumina et tectorum in insulas vertunt. Novae Australis Walliae inundationes vastantes facies. Theloneo oritur. Millia proprietatum laeduntur. Multi capti incolas manent. Libera et subsidia comparata sunt. Tempestas praenuntiat ventos fortes. Monitiones subitis in loco. Imperium…",2026-01-07 21:55:04+00:00
4b1a63f5aca442ed7c07ffe2371732c8,2025-05-24T05:30:18Z,'flooding rain',www.ibtimes.com,en,0.0,Thousands Remain Isolated As Floods Ease In Eastern Australia,"Tens of thousands of Australians remained isolated and thousands were without power on Saturday, authorities said as conditions in New South Wales eased after days of heavy rain that caused widespread flooding.",https://www.ibtimes.com/thousands-remain-isolated-floods-ease-eastern-australia-3774401,https://d.ibtimes.com/en/full/4602575/nsw-emergency-authorities-estimated-10000-properties-had-been-damaged-flooding-mostly-central.jpg,,"Tens of thousands of Australians remained isolated and thousands were without power on Saturday, authorities said as conditions in New South Wales eased after days of heavy rain that caused widesprea… [+2097 chars]",,"Tausende bleiben isoliert, da die Überschwemmungen in Ostaustralien nachlassen. Zehntausende Australier blieben isoliert und Tausende waren am Samstag ohne Strom, teilten die Behörden mit, als sich die Bedingungen in New South Wales nach tagelangen heftigen Regenfällen, die weit verbreitete Überschwemmungen verursachten, entspannten.","Thousands Remain Isolated As Floods Ease In Eastern Australia. Tens of thousands of Australians remained isolated and thousands were without power on Saturday, authorities said as conditions in New South Wales eased after days of heavy rain that caused widespread flooding.","Milia in Australia Orientis solatur ut inundationes. Decem milia Australiarum solitaria manserunt et milia sine potestate die Sabbati manserunt, auctores condiciones in Nova Wallia Australi remissa sunt post dies pluviae gravis quae inundationem late diffudit.",2026-01-07 21:55:04+00:00
11af2c9e66577fbe352d921c1bf84ebc,2025-05-24T06:29:00Z,'flooding rain',www.bangkokpost.com,en,0.0,Phuket airport advises 4-hour arrival due to flooding,Phuket International Airport advised passengers to recheck the latest updates on their flight details and arrive early before the scheduled departure due to flooding caused by continuous heavy rain across the island province.,https://www.bangkokpost.com/thailand/general/3033337/phuket-airport-advises-4-hour-arrival-due-to-flooding,https://static.bangkokpost.com/media/content/20250524/c1_3033337_250524124205_700.jpg,,Phuket International Airport advised passengers to recheck the latest updates on their flight details and arrive early before the scheduled departure due to flooding caused by continuous heavy rain a… [+904 chars],,"Aufgrund der Überschwemmung empfiehlt der Flughafen Phuket eine Ankunftszeit von vier Stunden. Der internationale Flughafen Phuket riet den Passagieren, die neuesten Aktualisierungen ihrer Flugdaten noch einmal zu überprüfen und frühzeitig vor dem geplanten Abflug einzutreffen, da es in der gesamten Inselprovinz zu Überschwemmungen durch anhaltenden starken Regen kam.",Phuket airport advises 4-hour arrival due to flooding. Phuket International Airport advised passengers to recheck the latest updates on their flight details and arrive early before the scheduled departure due to flooding caused by continuous heavy rain across the island province.,Phuket aeroportus monet 4 horarum adventus propter inundationem. Phuket International Airport viatores monuit ut recentissimas updates in singulas fugae rationes reprimerent et mature venirent ante discessum horarium propter inundationem pluviae per provinciam insulam continuam causatam.,2026-01-07 21:55:04+00:00
0880d5bb95fe2d00cc9e283d25d865e9,2025-05-24T07:00:00Z,'flooding',tech.slashdot.org,en,0.0,Google's New AI Video Tool Floods Internet With Real-Looking Clips,"Google's new AI video tool, Veo 3, is being used to create hyperrealistic videos that are now flooding the internet, terrifying viewers ""with a sense that real and fake have become hopelessly blurred,"" reports Axios. From the report: Unlike OpenAI's video gen…",https://tech.slashdot.org/story/25/05/23/2240214/googles-new-ai-video-tool-floods-internet-with-real-looking-clips,https://a.fsdn.com/sd/topics/ai_64.png,https://web.archive.org/web/20250524093209/https://tech.slashdot.org/story/25/05/23/2240214/googles-new-ai-video-tool-floods-internet-with-real-looking-clips,"Unlike OpenAI's video generator Sora, released more widely last December, Google DeepMind's Veo 3 can include dialogue, soundtracks and sound effects. The model excels at following complex prompts an… [+984 chars]",,"Googles neues KI-Videotool überschwemmt das Internet mit echt aussehenden Clips. Mit Googles neuem KI-Videotool Veo 3 werden hyperrealistische Videos erstellt, die mittlerweile das Internet überschwemmen und den Zuschauern Angst einjagen, „mit dem Gefühl, dass Echtheit und Fälschung hoffnungslos verschwimmen“, berichtet Axios. Aus dem Bericht: Im Gegensatz zur Videogenerierung von OpenAI…","Google's New AI Video Tool Floods Internet With Real-Looking Clips. Google's new AI video tool, Veo 3, is being used to create hyperrealistic videos that are now flooding the internet, terrifying viewers ""with a sense that real and fake have become hopelessly blurred,"" reports Axios. From the report: Unlike OpenAI's video gen…","Google Nova AI Video Instrumentorum Fluminum Interreti Cum Verus-Looking Clips. Google novum AI instrumentum, Veo 3, adhibitum est ad videos hyperrealisticas creandas quae nunc interrete inundant, visores terrificos ""cum sensu reali et ficto nequaquam suffusi facti"" tradit Axios. Ex fama: Dissimilis OpenAI video gen…",2026-01-07 21:55:04+00:00
57096c9586ee4b0a3244690d2d6e0266,2025-05-24T14:30:57Z,'flooding residents',www.aljazeera.com,en,0.0,"Australia begins cleanup after floods kill 5, strand thousands","Hundreds of residents remain in evacuation centres, with 52 rescues made overnight despite conditions easing.",https://www.aljazeera.com/news/2025/5/24/australia-begins-clean-up-after-floods-kill-5-strand-thousands,https://www.aljazeera.com/wp-content/uploads/2025/05/2025-05-24T081417Z_1234258239_RC28OEAVL957_RTRMADP_3_AUSTRALIA-FLOODS-1748093827.jpg?resize=1920%2C1440,,"Prime Minister Anthony Albanese has announced the start of a cleanup operation in eastern Australia after record-breaking floods killed five people and stranded tens of thousands of people.
Damage a… [+1874 chars]",,"Australien beginnt mit den Aufräumarbeiten, nachdem bei Überschwemmungen fünf Menschen ums Leben kamen und Tausende strandeten. Hunderte Bewohner bleiben in Evakuierungszentren, und trotz der Lockerung der Bedingungen wurden über Nacht 52 Menschen gerettet.","Australia begins cleanup after floods kill 5, strand thousands. Hundreds of residents remain in evacuation centres, with 52 rescues made overnight despite conditions easing.","Australia tersus incipit postquam inundationes 5 occidunt milia litorum. Centum incolarum in centris evacuationis manent, cum 52 liberatis pernoctare factis non obstante condiciones levationis.",2026-01-07 21:55:04+00:00
888cc7a0b8dc4c0e01a4643d40d4538d,2025-05-24T17:45:00Z,'flooding rain',www.bangkokpost.com,en,0.0,Thousands remain isolated as floods ease in eastern Australia,"SYDNEY - Tens of thousands of Australians remained isolated and thousands were without power on Saturday, authorities said as conditions in New South Wales eased after days of heavy rain that caused widespread flooding.",https://www.bangkokpost.com/world/3033535/thousands-remain-isolated-as-floods-ease-in-eastern-australia,https://static.bangkokpost.com/media/content/20250525/c1_5623805_700.jpg,,"SYDNEY - Tens of thousands of Australians remained isolated and thousands were without power on Saturday, authorities said as conditions in New South Wales eased after days of heavy rain that caused … [+2106 chars]",,"Tausende bleiben isoliert, während die Überschwemmungen in Ostaustralien nachlassen. SYDNEY – Zehntausende Australier blieben am Samstag isoliert und Tausende waren ohne Strom, teilten die Behörden mit, als sich die Bedingungen in New South Wales nach tagelangen heftigen Regenfällen, die weit verbreitete Überschwemmungen verursachten, entspannten.","Thousands remain isolated as floods ease in eastern Australia. SYDNEY - Tens of thousands of Australians remained isolated and thousands were without power on Saturday, authorities said as conditions in New South Wales eased after days of heavy rain that caused widespread flooding.","Milia separatim sicut inundationes in Australia orientali manent. SYDNEY - Decem milia Australiarum solitaria manserunt et millena die Sabbati sine potestate fuerunt, auctores condiciones in Nova Wallia Australi remissas dixerunt post dies pluviae gravis quae late inundationem effecit.",2026-01-07 21:55:04+00:00
a0c078d8651d6d723699e40bacdfaf6b,2025-05-25T02:12:02Z,'floods',www.channelnewsasia.com,en,0.0,Australian authorities airdrop supplies to farmers stranded by flood crisis,SYDNEY: Helicopters were being used on Sunday (May 25) to drop animal feed to farmers in Australia's New South Wales state stranded by floods that have killed five and isolated tens of thousands in the country's southe,https://www.channelnewsasia.com/world/australia-floods-new-south-wales-deaths-thousands-isolated-property-damage-5151816,"https://dam.mediacorp.sg/image/upload/s--4I1nyA26--/c_crop,h_450,w_800,x_0,y_29/fl_relative,g_south_east,l_mediacorp:cna:watermark:2024-04:reuters_1,w_0.1/f_auto,q_auto/c_fill,g_auto,h_676,w_1200/v1/one-cms/core/2025-05-25t011220z_1_lynxnpel4o008_rtroptp_3_australia-floods.jpg?itok=ryvva25J",,SYDNEY: Helicopters were being used on Sunday (May 25) to drop animal feed to farmers in Australia's New South Wales state stranded by floods that have killed five and isolated tens of thousands in t… [+828 chars],,"Australische Behörden werfen Lieferungen aus der Luft an Landwirte ab, die wegen der Flutkatastrophe gestrandet sind. SYDNEY: Am Sonntag (25. Mai) wurden Hubschrauber eingesetzt, um Tierfutter für Landwirte im australischen Bundesstaat New South Wales abzuwerfen, der von Überschwemmungen gestrandet war, bei denen im Süden des Landes fünf Menschen ums Leben kamen und Zehntausende isoliert wurden",Australian authorities airdrop supplies to farmers stranded by flood crisis. SYDNEY: Helicopters were being used on Sunday (May 25) to drop animal feed to farmers in Australia's New South Wales state stranded by floods that have killed five and isolated tens of thousands in the country's southe,"Auctoritates Australiae airdrop agricolae commeatu crisi inundationis destituuntur. SYDNEY: Helicopteri adhibebantur die Dominico (25 Maii) ut agricolae in Australiae Novae Walliae statu destitutus ab inundationibus animalis cibaria stillaret, qui quinque et decem milia in australi patriae regione occiderunt.",2026-01-07 21:55:04+00:00
d8b827da60f8283a9fa0bb4bec2ed834,2025-05-25T07:29:16Z,'floods',economictimes.indiatimes.com,en,0.0,New Zealand sends emergency teams and aid to flood-hit Australia as NSW begins massive clean up,New Zealand dispatches emergency specialists to aid flood-stricken New South Wales. Catastrophic floods claimed lives and stranded thousands. Fire and Emergency New Zealand sends liaison officers after a request from NSW State Emergency Service. Communities a…,https://economictimes.indiatimes.com/news/international/new-zealand/new-zealand-sends-emergency-teams-and-aid-to-flood-hit-australia-as-nsw-begins-massive-clean-up/articleshow/121390948.cms,"https://img.etimg.com/thumb/msid-121390952,width-1200,height-630,imgsize-130146,overlay-economictimes/articleshow.jpg",https://web.archive.org/web/20250525083609/https://economictimes.indiatimes.com/news/international/new-zealand/new-zealand-sends-emergency-teams-and-aid-to-flood-hit-australia-as-nsw-begins-massive-clean-up/articleshow/121390948.cms,"New Zealand is sending six emergency specialists to assist with the catastrophic flooding that has devastated New South Wales. The flooding has claimed five lives and left over 32,000 people stranded… [+2399 chars]",,"Neuseeland schickt Notfallteams und Hilfsgüter in das von Überschwemmungen betroffene Australien, während NSW mit massiven Aufräumarbeiten beginnt. Neuseeland entsendet Notfallspezialisten, um dem von Überschwemmungen betroffenen New South Wales zu helfen. Katastrophale Überschwemmungen forderten Todesopfer und strandeten Tausende. Fire and Emergency New Zealand entsendet auf Anfrage des NSW State Emergency Service Verbindungsbeamte. Gemeinschaften a…",New Zealand sends emergency teams and aid to flood-hit Australia as NSW begins massive clean up. New Zealand dispatches emergency specialists to aid flood-stricken New South Wales. Catastrophic floods claimed lives and stranded thousands. Fire and Emergency New Zealand sends liaison officers after a request from NSW State Emergency Service. Communities a…,"Novus Zealand subitis iugis mittit et auxilium ad Australiae cataractae sicut NSW incipit, magnum mundum est. Nova Zelandia mittit speciales subitis artifices ut auxilium in cataractarum novarum Australiae Australis. Inundationes calamitosas petiverunt animas et subductis milibus. Ignis et tumultuarios Novae Zelandiae praefectos relationi mandat post postulatum NSW Civitatis Emergency Service. Communitates a…",2026-01-07 21:55:04+00:00
82d0bf1dfb90ecd1b7507615c10714b8,2025-05-25T09:31:00Z,'flooding',www.bangkokpost.com,en,0.0,"Thailand braces for heavy rain, flooding as monsoon intensifies","The Meteorological Department has issued a weather warning for May 25&ndash;27, urging people nationwide to prepare for heavy to very heavy rainfall, flash floods, and runoff, especially in low-lying areas and foothills near waterways.",https://www.bangkokpost.com/thailand/general/3034056/thailand-braces-for-heavy-rain-flooding-as-monsoon-intensifies,https://static.bangkokpost.com/media/content/20250525/c1_3034056_700.jpg,https://web.archive.org/web/20250525184509/https://www.bangkokpost.com/thailand/general/3034056/thailand-braces-for-heavy-rain-flooding-as-monsoon-intensifies,"The Meteorological Department has issued a weather warning for May 25–27, urging people nationwide to prepare for heavy to very heavy rainfall, flash floods, and runoff, especially in low-lying areas… [+1752 chars]",,"Thailand bereitet sich auf starken Regen und Überschwemmungen vor, während der Monsun zunimmt. Das Meteorologische Amt hat für den 25.–27. Mai eine Wetterwarnung herausgegeben und fordert die Menschen im ganzen Land auf, sich auf starke bis sehr starke Regenfälle, Sturzfluten und Abflüsse vorzubereiten, insbesondere in tiefer gelegenen Gebieten und Ausläufern in der Nähe von Wasserstraßen.","Thailand braces for heavy rain, flooding as monsoon intensifies. The Meteorological Department has issued a weather warning for May 25&ndash;27, urging people nationwide to prepare for heavy to very heavy rainfall, flash floods, and runoff, especially in low-lying areas and foothills near waterways.","Thailandia adstringit propter pluviam gravem, inundationem sicut monsoon auget. In Department Meteorologico ante diem septimum Kalendas Maii monitionem tempestatem edixit, 27 hortatus est populos nationum ad magnas gravissimas pluvias, diluvia et inundationes emicare, et runoffas, praesertim in locis humilibus et campestribus prope rivos aquarum praeparare.",2026-01-07 21:55:04+00:00
7127d99a8674f0c0cdaa87fd2ea5073f,2025-05-25T16:04:43Z,'flooding military',economictimes.indiatimes.com,en,0.0,"Even if India blocked water to Pakistan, it would require significant infrastructure: Pak researcher","A Pakistani researcher highlighted the significant infrastructure and financial investment India would require to block water flow under the Indus Waters Treaty, also noting the risk of flooding its own regions.",https://economictimes.indiatimes.com/news/international/world-news/even-if-india-blocked-water-to-pakistan-it-would-require-significant-infrastructure-pak-researcher/articleshow/121396320.cms,"https://img.etimg.com/thumb/msid-121396346,width-1200,height-630,imgsize-78078,overlay-economictimes/articleshow.jpg",,"A Pakistani researcher during an interactive seminar on the Pakistan-India conflict on Sunday said that even if India blocked water under the Indus Waters Treaty, it would require significant infrast… [+2180 chars]",,"Selbst wenn Indien die Wasserversorgung nach Pakistan blockieren würde, wäre dafür eine erhebliche Infrastruktur erforderlich, so ein pakistanischer Forscher. Ein pakistanischer Forscher betonte die erheblichen Infrastruktur- und Finanzinvestitionen, die Indien erfordern würde, um den Wasserfluss im Rahmen des Indus-Wasser-Vertrags zu blockieren, und wies auch auf die Gefahr einer Überschwemmung seiner eigenen Regionen hin.","Even if India blocked water to Pakistan, it would require significant infrastructure: Pak researcher. A Pakistani researcher highlighted the significant infrastructure and financial investment India would require to block water flow under the Indus Waters Treaty, also noting the risk of flooding its own regions.","Etiamsi India aquam in Pakistania obstruxit, significantem infrastructuram requireret: Pak indagator. A Pakistani indagator notabilem infrastructuram et collocationem nummariam illustravit India exigeret ut aquae obsisteret tractatu aquae sub Indo, etiam notans periculum inundationis proprias regiones.",2026-01-07 21:55:04+00:00
afd0ff1d7d5b29292052c21238968d62,2025-05-25T16:29:27Z,'flooding',www.newsweek.com,en,0.0,Flash Flood Warnings for Four States as Heavy Rainfall Hits,"Parts of the country will see severe thunderstorms and flash flooding Sunday into Monday, impacting Memorial Day travel and plans.",https://www.newsweek.com/flash-flood-warnings-four-states-heavy-rainfall-hits-2076873,https://d.newsweek.com/en/full/2651315/flash-flood-warning-dangerous-driving.jpg,,"Flash flooding will hit four states due to sudden and heavy rains expected Sunday into Monday morning, potentially impacting Memorial Day plans.
Why It Matters
This year, the American Automobile As… [+3216 chars]",,"Sturzflutwarnungen für vier Bundesstaaten aufgrund starker Regenfälle. Teile des Landes werden von Sonntag bis Montag schwere Gewitter und Sturzfluten erleben, die sich auf Reisen und Pläne für den Memorial Day auswirken.","Flash Flood Warnings for Four States as Heavy Rainfall Hits. Parts of the country will see severe thunderstorms and flash flooding Sunday into Monday, impacting Memorial Day travel and plans.","Flash Diluvium Admonitiones pro Quattuor Civitatibus ut Gravis Pluviae Hits. Partes patriae videbunt procellas graves et inundationem Solis in Lunae, impactionem diei Memorial iter et consilia.",2026-01-07 21:55:04+00:00
184198e9cb94046f626c013d173ce9c2,2025-05-25T18:56:01Z,'floods',www.abc.net.au,en,0.0,Floods displace 'unimaginable' number of families,"Of the more than 3,000 damaged properties on the NSW Mid North Coast that have been assessed, more than 500 are declared uninhabitable and unsafe, with the number expected to rise.",https://www.abc.net.au/news/2025-05-26/families-displaced-nsw-floods-properties-declared-uninhabitable/105334882,https://live-production.wcms.abc-cdn.net.au/6db6bb02248140bd8fc68cea2287929c?impolicy=wcms_watermark_news&cropH=900&cropW=1600&xPos=0&yPos=63&width=862&height=485&imformat=generic,,"A confronting picture of the number of New South Wales flood victims unable to return home is starting to emerge, with more than 500 properties declared uninhabitable and unsafe so far. 
Specialist … [+3423 chars]",,"Überschwemmungen vertreiben „unvorstellbar“ viele Familien. Von den mehr als 3.000 beschädigten Grundstücken an der mittleren Nordküste von New South Wales, die bewertet wurden, wurden mehr als 500 für unbewohnbar und unsicher erklärt, wobei die Zahl voraussichtlich noch steigen wird.","Floods displace 'unimaginable' number of families. Of the more than 3,000 damaged properties on the NSW Mid North Coast that have been assessed, more than 500 are declared uninhabitable and unsafe, with the number expected to rise.","Inundationes 'inestimabiles' numerum familiarum supplantant. Plus quam 3,000 detrimentum proprietatum in medio NSW Medii Coast Septentrionalis aestimatae sunt, plus quam 500 inhabitabiles et incolumes declarantur, cum numerus exspectatur ut resurgat.",2026-01-07 21:55:04+00:00
6b052c9483d70838d4817ac56ac7fd63,2025-05-25T19:53:36Z,'floods',www.abc.net.au,en,0.0,Inside NSW river community as it emerges from flood isolation,Emotions ran high but community grit and spirit prevailed in the five days that Port Macquarie's North Shore was isolated during the record-breaking NSW floods.,https://www.abc.net.au/news/2025-05-26/community-spirit-port-macquarie-north-shore-residents-nsw-floods/105334174,https://live-production.wcms.abc-cdn.net.au/cbbb3567d43afd84a7426d083dbbfb6b?impolicy=wcms_watermark_news&cropH=1080&cropW=1920&xPos=0&yPos=0&width=862&height=485&imformat=generic,https://web.archive.org/web/20250525203032/https://www.abc.net.au/news/2025-05-26/community-spirit-port-macquarie-north-shore-residents-nsw-floods/105334174,"Having lived in Port Macquarie's North Shore for more than 40 years, Carla McKern knows isolation well.
During times of flood though, that isolation goes to a new level.
The close-knit North Shore … [+5232 chars]",,"In der NSW-Flussgemeinschaft, wie sie aus der Hochwasserisolation hervorgeht. Die Emotionen kochten hoch, aber in den fünf Tagen, in denen die Nordküste von Port Macquarie während der rekordverdächtigen Überschwemmungen in New South Wales isoliert war, herrschten Gemeinschaftsgeist und -geist vor.",Inside NSW river community as it emerges from flood isolation. Emotions ran high but community grit and spirit prevailed in the five days that Port Macquarie's North Shore was isolated during the record-breaking NSW floods.,"Intus communitas fluminis NSW e diluvio solitudo oritur. Motus in altum currebant, sed communitas craticulae et spiritus in quinque diebus praevaluit quod Portus Macquarie's littus septentrionalis in inundationibus NSW record-fractionis semotus est.",2026-01-07 21:55:04+00:00
9a8a28d1a6202e2a9a82b5fe9c103bc5,2025-05-25T23:28:03Z,'flooding rain',www.ozarksfirst.com,en,0.0,Drone Footage | Local rivers approach near record levels,"The Finley River in the Ozarks has surged to near-record levels due to repeated thunderstorms, causing moderate flooding and affecting low-lying areas and...",https://www.ozarksfirst.com/top-stories/finley-river-near-record-levels/,https://media.zenfs.com/en/kolr_springfield_articles_251/173ce957916b2c86356dc9d732509c1f,,"After repeated rounds of thunderstorms across the Ozarks, local rivers are starting to surge to near-record levels.
The Finley River below Riverdale rose from just 2 feet on Friday to a current leve… [+827 chars]",,"Drohnenaufnahmen | Lokale Flüsse nähern sich Rekordwerten. Der Finley River in den Ozarks ist aufgrund wiederholter Gewitter auf nahezu Rekordniveau angestiegen, was zu mäßigen Überschwemmungen geführt hat und tief gelegene Gebiete und … beeinträchtigt hat.","Drone Footage | Local rivers approach near record levels. The Finley River in the Ozarks has surged to near-record levels due to repeated thunderstorms, causing moderate flooding and affecting low-lying areas and...","Drone Footage | Loci prope fluvii accedunt ment dit. Finley Flumen in Ozarks ad gradus prope recordos ob crebras tonitrua evigilavit, modice inundationes et humiles areas afficiens ac...",2026-01-07 21:55:04+00:00
6ff04568021f7507dfbd69b42f43271b,2025-05-26T00:57:00Z,'floods',www.bangkokpost.com,en,0.0,"Thailand braces for heavy rain, flooding as monsoon intensifies","The Meteorological Department has issued a weather warning for May 25&ndash;27, telling people nationwide to prepare for heavy to very heavy rainfall, flash floods and runoff.",https://www.bangkokpost.com/learning/easy/3034520/thailand-braces-for-heavy-rain-flooding-as-monsoon-intensifies,https://static.bangkokpost.com/media/content/20250526/c1_3034520_700.jpg,,"The Meteorological Department has issued a weather warning for May 25–27, telling people nationwide to prepare for heavy to very heavy rainfall, flash floods and runoff.
Authorities advise people to… [+528 chars]",,"Thailand bereitet sich auf starken Regen und Überschwemmungen vor, während der Monsun zunimmt. Das Meteorologische Amt hat eine Wetterwarnung für den 25.–27. Mai herausgegeben und fordert die Menschen im ganzen Land auf, sich auf starke bis sehr starke Regenfälle, Sturzfluten und Abflüsse vorzubereiten.","Thailand braces for heavy rain, flooding as monsoon intensifies. The Meteorological Department has issued a weather warning for May 25&ndash;27, telling people nationwide to prepare for heavy to very heavy rainfall, flash floods and runoff.","Thailandia adstringit propter pluviam gravem, inundationem sicut monsoon auget. Department meteorologicum denuntiavit tempestatem admonitionem ad 25&ndash;27, dicens homines nationes magnas praeparare ad gravissimas pluvias, inundationes et runoffas graves praeparare.",2026-01-07 21:55:04+00:00
a663b00ccea8fdec080c214703f47024,2025-05-26T01:25:22Z,'deluge',economictimes.indiatimes.com,en,0.0,"Nelson’s day of deluge: Floodwaters swallow streets, toss cows, and ground flights","Nelson faced intense flooding after record rainfall. Streets turned into rivers, and drainage systems failed. Fire and Emergency New Zealand responded to numerous incidents. A flight from Auckland experienced turbulence. Local authorities advised residents to…",https://economictimes.indiatimes.com/news/international/new-zealand/nelsons-day-of-deluge-floodwaters-swallow-streets-toss-cows-and-ground-flights/articleshow/121401621.cms,"https://img.etimg.com/thumb/msid-121401616,width-1200,height-630,imgsize-189979,overlay-economictimes/articleshow.jpg",https://web.archive.org/web/20250526054641/https://economictimes.indiatimes.com/news/international/new-zealand/nelsons-day-of-deluge-floodwaters-swallow-streets-toss-cows-and-ground-flights/articleshow/121401621.cms,"A sudden and intense deluge has transformed the city of Nelson into a scene of chaos, with streets resembling rivers, manholes erupting, and residents grappling with the aftermath of severe flooding.… [+2657 chars]",,"Nelsons Tag der Überschwemmung: Überschwemmungen verschlucken Straßen, werfen Kühe weg und fliegen über Land. Nach Rekordregenfällen war Nelson mit heftigen Überschwemmungen konfrontiert. Straßen verwandelten sich in Flüsse und Entwässerungssysteme versagten. Fire and Emergency New Zealand reagierte auf zahlreiche Vorfälle. Auf einem Flug aus Auckland kam es zu Turbulenzen. Die örtlichen Behörden rieten den Bewohnern,…","Nelson’s day of deluge: Floodwaters swallow streets, toss cows, and ground flights. Nelson faced intense flooding after record rainfall. Streets turned into rivers, and drainage systems failed. Fire and Emergency New Zealand responded to numerous incidents. A flight from Auckland experienced turbulence. Local authorities advised residents to…","Nelson dies diluvii: aquae diluvii vias deglutiunt, vaccas iactant, et volatus humus. Nelson intensioris inundationis versis post recordum pluviam. Plateae in fluminibus versae et systemata INCILE defecerunt. Ignis et tumultuarios Novae Zelandiae multis incidentibus respondit. Fuga ab Auckland periti turbulentum. Loci auctoritates consilium habitant ut…",2026-01-07 21:55:04+00:00
1fef29fba9c5febf4dde8ba405d1d9b5,2025-05-26T04:13:00Z,'flooding residents',www.bangkokpost.com,en,0.0,Flood-hit Australians overjoyed as calf returns mid-interview,"Amidst the thick mud in Ghinni Ghinni, a small rural Australian town recently hit by severe flooding, local residents Dan Patch and Heather Middleton were reunited with their calves, one mid-interview when speaking to Reuters on Sunday (May 25). - REUTERS",https://www.bangkokpost.com/video/world/3034581,https://static.bangkokpost.com/media/content/20250526/c1_3034581_700.jpg,,"Amidst the thick mud in Ghinni Ghinni, a small rural Australian town recently hit by severe flooding, local residents Dan Patch and Heather Middleton were reunited with their calves, one mid-intervie… [+55 chars]",,"Von der Überschwemmung betroffene Australier sind überglücklich, als das Kalb mitten im Interview zurückkehrt. Inmitten des dicken Schlamms in Ghinni Ghinni, einer kleinen ländlichen australischen Stadt, die kürzlich von schweren Überschwemmungen heimgesucht wurde, wurden die Anwohner Dan Patch und Heather Middleton mit ihren Kälbern wiedervereint, eines mitten in einem Interview, als sie am Sonntag (25. Mai) mit Reuters sprachen. - REUTERS","Flood-hit Australians overjoyed as calf returns mid-interview. Amidst the thick mud in Ghinni Ghinni, a small rural Australian town recently hit by severe flooding, local residents Dan Patch and Heather Middleton were reunited with their calves, one mid-interview when speaking to Reuters on Sunday (May 25). - REUTERS","Diluvium percussum Australians laetus ut vitulus redit medium colloquium. Inter lutum crassum in Ghinni Ghinni, parva villa rustica Australiae nuper gravi inundatione percussa, incolas locales Dan Patch et Heather Middleton cum vitulis sociaverunt, unum medium colloquium cum Reuters die Dominico (25 Maii). - REUTERS",2026-01-07 21:55:04+00:00
5ee645c2884f4fc004e285430576bff9,2025-05-26T04:41:49Z,'floods',www.abc.net.au,en,0.0,'Dangerous situation' as strong winds forecast for flood-stricken NSW,"Areas still recovering from last week's record floods are now bracing for gale-force winds, prompting concerns about falling trees.",https://www.abc.net.au/news/2025-05-26/gale-force-winds-to-hit-flood-affected-nsw-cold-front-approaches/105336706,https://live-production.wcms.abc-cdn.net.au/0a49375b94bba1df7acfc1a13fdeb9e5?impolicy=wcms_watermark_news&cropH=554&cropW=984&xPos=0&yPos=0&width=862&height=485&imformat=generic,,"Gale-force winds are expected to hit parts of New South Wales that are still reeling from the effects of record flooding.
National Emergency Management Agency (NEMA) deputy coordinator-general, Joe … [+4573 chars]",,"„Gefährliche Situation“, da starke Winde für das von Überschwemmungen heimgesuchte NSW vorhergesagt werden. Gebiete, die sich immer noch von den Rekordüberschwemmungen der letzten Woche erholen, bereiten sich nun auf stürmische Winde vor, was Anlass zur Sorge vor umstürzenden Bäumen gibt.","'Dangerous situation' as strong winds forecast for flood-stricken NSW. Areas still recovering from last week's record floods are now bracing for gale-force winds, prompting concerns about falling trees.","'Periculosum situm' quam venti validi praenuntiant pro incommodo NSW. Areae adhuc ex inundationibus recordationis proximae septimanae receptae nunc ad ventos vim ventorum comprehendentes, curas de arboribus cadentibus impellentes.",2026-01-07 21:55:04+00:00
3502c90dfffa463420247d857336d702,2025-05-26T09:54:49Z,'floods',www.insurancejournal.com,en,0.0,Australia’s East Coast Begins Flood Cleanup as Waters Recede,"Australia has drafted in emergency service teams from across the nation to help with clean-up operations after devastating floods in the eastern state of New South Wales. Almost 200 additional personnel will take up specialist roles including water rescue, an…",https://www.insurancejournal.com/news/international/2025/05/26/825043.htm,https://www.insurancejournal.com/app/uploads/2025/05/debris-outside-flood-damaged-house-in-taree-australia-getty-scaled.jpg,https://web.archive.org/web/20250526203339/https://www.insurancejournal.com/news/international/2025/05/26/825043.htm,"Australia has drafted in emergency service teams from across the nation to help with clean-up operations after devastating floods in the eastern state of New South Wales.
Almost 200 additional perso… [+2873 chars]",,"Australiens Ostküste beginnt mit der Beseitigung von Überschwemmungen, da das Wasser zurückgeht. Australien hat Notfallteams aus dem ganzen Land entsandt, um bei Aufräumarbeiten nach verheerenden Überschwemmungen im östlichen Bundesstaat New South Wales zu helfen. Fast 200 zusätzliche Mitarbeiter werden Spezialaufgaben übernehmen, darunter Wasserrettung,…","Australia’s East Coast Begins Flood Cleanup as Waters Recede. Australia has drafted in emergency service teams from across the nation to help with clean-up operations after devastating floods in the eastern state of New South Wales. Almost 200 additional personnel will take up specialist roles including water rescue, an…","Oriens Coast Australiae incipit Diluvium Tersus ut Aquae Recede. Australia iunctos servitii subitis e regione nationis movit ut adiuvaret operationibus mundis post diluvia vastata in statu orientali Novae Cambriae Australis. Fere 200 personae additae ad munus speciale adhibitae aquae liberandae capient, an…",2026-01-07 21:55:04+00:00
a45ef83aceeb3dd0e765620e40d0834b,2025-05-26T12:31:05Z,'flooding rain',phys.org,en,0.0,The drought is back—we need a new way to help farmers survive tough times,"Australia in 2025 is living up to Dorothy McKellar's poetic vision of a country stricken by ""drought and flooding rains"".",https://phys.org/news/2025-05-drought-farmers-survive-tough.html,https://scx2.b-cdn.net/gfx/news/hires/2023/drought.jpg,https://web.archive.org/web/20250526132338/https://phys.org/news/2025-05-drought-farmers-survive-tough.html,"Australia in 2025 is living up to Dorothy McKellar's poetic vision of a country stricken by ""drought and flooding rains"".
The clean-up is underway from the deadly floods in the Hunter and mid-north … [+5776 chars]",,"Die Dürre ist zurück – wir brauchen einen neuen Weg, um Landwirten zu helfen, schwierige Zeiten zu überstehen. Australien im Jahr 2025 wird Dorothy McKellars poetischer Vision eines von „Dürre und Überschwemmungen“ heimgesuchten Landes gerecht.","The drought is back—we need a new way to help farmers survive tough times. Australia in 2025 is living up to Dorothy McKellar's poetic vision of a country stricken by ""drought and flooding rains"".","Siccitas retro est – nova via opus est ut agricolae adiuvandi tempora difficilia evadant. Australia anno 2025 usque ad Dorotheam McKellar poeticam visionem patriae perculsae vivit ab "" siccitate et inundatione pluviarum"".",2026-01-07 21:55:04+00:00
1d381b1f8241dfb329c3618822c914df,2025-05-26T20:38:01Z,'floods',www.abc.net.au,en,0.0,'There's no feed': The farmers forced to send their cows to slaughter,These third-generation dairy farmers have 500 mouths to feed and nothing but a paddock of mud after the floods devastated their NSW Mid North Coast property.,https://www.abc.net.au/news/2025-05-27/recovery-to-take-a-long-time-nsw-farms-devastated-floods/105338344,https://live-production.wcms.abc-cdn.net.au/95205466e7c72088b09849eee69c5cfa?impolicy=wcms_watermark_news&cropH=1125&cropW=2000&xPos=0&yPos=139&width=862&height=485&imformat=generic,https://web.archive.org/web/20250526213929/https://www.abc.net.au/news/2025-05-27/recovery-to-take-a-long-time-nsw-farms-devastated-floods/105338344,"Tony Buttsworth describes his farm on NSW's Mid North Coast as ""the heart and soul"" of his family.
But right now, the proud third-generation farmer can barely stand to look at the land he has loved … [+4848 chars]",,"„Es gibt kein Futter“: Die Bauern sind gezwungen, ihre Kühe zum Schlachten zu schicken. Diese Milchbauern in der dritten Generation haben 500 Münder zu ernähren und nichts als eine Koppel aus Schlamm, nachdem die Überschwemmungen ihr Grundstück an der mittleren Nordküste von New South Wales verwüstet haben.",'There's no feed': The farmers forced to send their cows to slaughter. These third-generation dairy farmers have 500 mouths to feed and nothing but a paddock of mud after the floods devastated their NSW Mid North Coast property.,'Nulla pascuntur': vaccas suas agricolae ad caedem mittere coguntur. Haec tertia-generatio lacticiniis agricolae D ora habent ad alendum et nihil nisi pabulo luti post inundationes suas possessiones NSW Medio Coast Septentrionalis devastaverunt.,2026-01-07 21:55:04+00:00
e7dba4ef3b70765109a3e33a6b22981c,2025-05-26T21:24:49Z,'flooding weather',economictimes.indiatimes.com,en,0.0,"Coastal flood advisories issued across New Jersey, Pennsylvania, and Delaware; See if your city is in the danger zone","The National Weather Service issues flood warnings. These warnings are for coastal areas of Pennsylvania, New Jersey, and Delaware. Minor flooding is possible in low-lying areas. The advisories are in effect until early Tuesday. Residents should be cautious n…",https://economictimes.indiatimes.com/news/international/us/coastal-flood-advisories-issued-across-new-jersey-pennsylvania-and-delaware-see-if-your-city-is-in-the-danger-zone/articleshow/121421867.cms,"https://img.etimg.com/thumb/msid-121421872,width-1200,height-630,imgsize-175958,overlay-economictimes/articleshow.jpg",,"The National Weather Service (NWS) has issued coastal flood advisories for several counties across Pennsylvania, New Jersey, and Delaware. Through early Tuesday (May 27) morning, the advisories warn … [+1613 chars]",,"Überschwemmungswarnungen an der Küste in ganz New Jersey, Pennsylvania und Delaware; Sehen Sie, ob sich Ihre Stadt in der Gefahrenzone befindet. Der Nationale Wetterdienst gibt Hochwasserwarnungen heraus. Diese Warnungen gelten für die Küstengebiete von Pennsylvania, New Jersey und Delaware. In tiefer gelegenen Gebieten sind kleinere Überschwemmungen möglich. Die Hinweise gelten bis zum frühen Dienstag. Anwohner sollten vorsichtig sein …","Coastal flood advisories issued across New Jersey, Pennsylvania, and Delaware; See if your city is in the danger zone. The National Weather Service issues flood warnings. These warnings are for coastal areas of Pennsylvania, New Jersey, and Delaware. Minor flooding is possible in low-lying areas. The advisories are in effect until early Tuesday. Residents should be cautious n…","Consilia inundatio maritima edita trans Novam Jersey, Pennsylvania et Delaware; Vide an urbs tua in zona periculi sit. Tempestatis Nationalis Service inundatio monita procedit. Haec monita sunt pro locis maritimis Pennsylvania, New Jersey, et Delaware. Minor inundatio potest in locis humilibus iacentibus. Consilia in effectu sunt usque ad diem Martis mane. Residentibus cavendum sit n ...",2026-01-07 21:55:04+00:00
0ee406fa3690340a81e9d7415041fc78,2025-05-27T01:06:54Z,'flooding area',rpnradio.com,en,0.0,Bacolod: La Castellana residents warned of possible lahar flow,"Bacolod City – Amid continuing rains, the Office of Civil Defense (OCD) warned communities near waterways and low-lying areas of possible flooding and lahar flow, following a mudflow incident on Saturday along the highway of Sitio Tamburong in Barangay Biak N…",https://rpnradio.com/bacolod-la-castellana-residents-warned-of-possible-lahar-flow/,https://rpnradio.com/wp-content/uploads/2025/05/la-castellana-residents-warned.jpg,,"Bacolod City – Amid continuing rains, the Office of Civil Defense (OCD) warned communities near waterways and low-lying areas of possible flooding and lahar flow, following a mudflow incident on Satu… [+1877 chars]",,"Bacolod: Einwohner von La Castellana vor möglichem Lahar-Fluss gewarnt. Bacolod City – Inmitten anhaltender Regenfälle warnte das Office of Civil Defense (OCD) Gemeinden in der Nähe von Wasserstraßen und tiefer gelegenen Gebieten vor möglichen Überschwemmungen und Lahar-Flüssen, nachdem es am Samstag auf der Autobahn Sitio Tamburong in Barangay Biak N. zu einem Schlammlawinenvorfall gekommen war.","Bacolod: La Castellana residents warned of possible lahar flow. Bacolod City – Amid continuing rains, the Office of Civil Defense (OCD) warned communities near waterways and low-lying areas of possible flooding and lahar flow, following a mudflow incident on Saturday along the highway of Sitio Tamburong in Barangay Biak N…","Bacolod: La castellana incolas monuit lahar possibilis fluere. Civitas Bacolod - Inter imbres continuas, Officium Defensio Civilis (OCD) monuit communitates circa rivos et humiles areas possibilium inundationis et laharorum, sequentes incidentes obfluentes die Sabbati secundum viam Sitionis Tamburong in Barangay Biak N…",2026-01-07 21:55:04+00:00
d4c5e4966fdb0b69bc10cd67126f0128,2025-05-27T04:20:27Z,'flooding',economictimes.indiatimes.com,en,0.0,"San Antonio braces for severe storms, residents warned of hail, winds and flash flooding","San Antonio residents are on high alert as severe storms threaten the area with large hail, gusty winds and flash flooding. The National Weather Service has issued multiple warnings including a tornado watch. Storms are expected to intensify after 7 p.m. acro…",https://economictimes.indiatimes.com/news/international/us/san-antonio-braces-for-severe-storms-residents-warned-of-hail-winds-and-flash-flooding/articleshow/121427407.cms,"https://img.etimg.com/thumb/msid-121427410,width-1200,height-630,imgsize-241150,overlay-economictimes/articleshow.jpg",https://web.archive.org/web/20250527044233/https://economictimes.indiatimes.com/news/international/us/san-antonio-braces-for-severe-storms-residents-warned-of-hail-winds-and-flash-flooding/articleshow/121427407.cms,"Severe storm threat peaks after sunsetA Severe Thunderstorm Warning is in effect for northwestern Bexar County, east central Bandera County, southwestern Kendall County and southwestern Comal County … [+2232 chars]",,"San Antonio bereitet sich auf schwere Stürme vor, Anwohner warnten vor Hagel, Wind und Sturzfluten. Die Bewohner von San Antonio sind in höchster Alarmbereitschaft, da schwere Stürme das Gebiet mit großem Hagel, böigen Winden und Sturzfluten bedrohen. Der Nationale Wetterdienst hat mehrere Warnungen herausgegeben, darunter auch eine Tornado-Warnung. Es wird erwartet, dass sich die Stürme nach 19 Uhr verstärken. acro…","San Antonio braces for severe storms, residents warned of hail, winds and flash flooding. San Antonio residents are on high alert as severe storms threaten the area with large hail, gusty winds and flash flooding. The National Weather Service has issued multiple warnings including a tornado watch. Storms are expected to intensify after 7 p.m. acro…","San Antonio gravibus procellis adstringit, incolas monuit grandines, ventos et inundationes micare. San Antonio incolas in alto intentos esse ut procellae graves impendent aream magnis grandinibus, ventis procellosis et inundationibus mico. Tempestatis Nationalis Service multa monita in vigilia turbinis edidit. Tempestates expectantur augendae post VII a.m. acro…",2026-01-07 21:55:04+00:00
bde2b1386cf33b293054e0bae1561328,2025-05-27T05:04:44Z,'flooding',www.yahoo.com,en,0.0,"Australia floods recovery could take several months, PM says","SYDNEY (Reuters) -Australian Prime Minister Anthony Albanese said on Tuesday flooding in the southeast posed ""massive challenges"" and the recovery would take...",https://www.yahoo.com/news/australia-floods-recovery-could-several-050444769.html,https://media.zenfs.com/en/reuters.com/40cea5f9d9d353b3e24af927a8ece03d,https://web.archive.org/web/20250527084222/https://www.yahoo.com/news/australia-floods-recovery-could-several-050444769.html,"SYDNEY (Reuters) -Australian Prime Minister Anthony Albanese said on Tuesday flooding in the southeast posed ""massive challenges"" and the recovery would take several months.
Incessant rain over thre… [+1809 chars]",,"Die Erholung nach den Überschwemmungen in Australien könnte mehrere Monate dauern, sagt Premierminister. SYDNEY (Reuters) – Der australische Premierminister Anthony Albanese sagte am Dienstag, die Überschwemmungen im Südosten stellten „massive Herausforderungen“ dar und die Erholung werde dauern...","Australia floods recovery could take several months, PM says. SYDNEY (Reuters) -Australian Prime Minister Anthony Albanese said on Tuesday flooding in the southeast posed ""massive challenges"" and the recovery would take...","Inundationes Australiae complures menses recuperare posse, PM dicit. Sydney (Reuters) Primus minister Antonius Albanese -Australiae dixit die Martis inundationem in meridiem positam ""provocationes graves"" et receptam fore...",2026-01-07 21:55:04+00:00
f2b5016bbf785279f6d35623e0c57e8b,2025-05-27T05:06:00Z,'flooding',www.thestar.com.my,en,0.0,"Australia floods recovery could take several months, PM says","SYDNEY (Reuters) -Australian Prime Minister Anthony Albanese said on Tuesday flooding in the southeast posed ""massive challenges"" and the recovery would take several months. Read full story",https://www.thestar.com.my/news/world/2025/05/27/australia-floods-recovery-could-take-several-months-pm-says,https://apicms.thestar.com.my/uploads/images/2025/05/27/3336576.jpg,https://web.archive.org/web/20250527054744/https://www.thestar.com.my/news/world/2025/05/27/australia-floods-recovery-could-take-several-months-pm-says,"SYDNEY (Reuters) -Australian Prime Minister Anthony Albanese said on Tuesday flooding in the southeast posed ""massive challenges"" and the recovery would take several months.
Incessant rain over thre… [+1810 chars]",,"Die Erholung nach den Überschwemmungen in Australien könnte mehrere Monate dauern, sagt Premierminister. SYDNEY (Reuters) – Der australische Premierminister Anthony Albanese sagte am Dienstag, die Überschwemmungen im Südosten stellten „massive Herausforderungen“ dar und die Erholung werde mehrere Monate dauern. Lesen Sie die ganze Geschichte","Australia floods recovery could take several months, PM says. SYDNEY (Reuters) -Australian Prime Minister Anthony Albanese said on Tuesday flooding in the southeast posed ""massive challenges"" and the recovery would take several months. Read full story","Inundationes Australiae complures menses recuperare posse, PM dicit. Sydney (Reuters) - Primus minister Anthonius Albanese die Martis dixit inundationem in meridiem ""provocationes graves"" positas et per plures menses recuperationem facturum. Read full story",2026-01-07 21:55:04+00:00
c10a1135107c9e112f527615429807f3,2025-05-27T05:24:00Z,'flooding damage',www.bangkokpost.com,en,0.0,"Flash flooding in Chiang Mai's Chom Thong district, roads damaged","CHIANG MAI &ndash; Continuous rain has been causing landslides and flash flooding in areas along the Mae Klang River since Monday night, with some roads cut off.",https://www.bangkokpost.com/thailand/general/3035455/flash-flooding-in-chiang-mais-chom-thong-district-roads-damaged,https://static.bangkokpost.com/media/content/20250527/c1_3035455_250527112001_700.jpg,,"CHIANG MAI – Continuous rain has been causing landslides and flash flooding in areas along the Mae Klang River since Monday night, with some roads cut off. 
The water at the measuring gauge in Chom … [+1243 chars]",,"Sturzflut im Bezirk Chom Thong in Chiang Mai, Straßen beschädigt. CHIANG MAI &ndash; Dauerregen hat seit Montagnacht in Gebieten entlang des Flusses Mae Klang zu Erdrutschen und Sturzfluten geführt, wobei einige Straßen gesperrt waren.","Flash flooding in Chiang Mai's Chom Thong district, roads damaged. CHIANG MAI &ndash; Continuous rain has been causing landslides and flash flooding in areas along the Mae Klang River since Monday night, with some roads cut off.","Mico inundatio in regione Chiang Mai's Chom Thong, viae vexatae. CHIANG MAI&ndash; Imbribus continuis proruit et inundationem in locis per Mae Klang flumen cum Lunae nocte cum nonnullis itineribus abscissis inundationem fecit.",2026-01-07 21:55:04+00:00
8463839dc5c8be14dc97530120b76e34,2025-05-27T06:15:26Z,'flooding landslide',economictimes.indiatimes.com,en,0.0,"Mumbai’s mega money, mini drains: Why maximum city still sinks every monsoon","Mumbai, India's financial hub, is grappling with increased flooding due to early monsoon arrival and extreme rainfall, breaking a 107-year record. A significant portion of the population resides in flood-prone areas, exacerbating the city's vulnerability. Cli…",https://economictimes.indiatimes.com/news/mumbai-news/mumbais-mega-money-mini-drains-why-maximum-city-still-sinks-every-monsoon/articleshow/121427259.cms,"https://img.etimg.com/thumb/msid-121427401,width-1200,height-630,imgsize-270782,overlay-economictimes/articleshow.jpg",,"Mumbai, India's financial capital which contributes nearly 40% to Maharashtra's GDP, sinks every year with onset of monsoon, with life in a city which never sleeps coming to a standstill. Heavy rains… [+4011 chars]",,"Mumbais Mega-Geld, Mini-Abflüsse: Warum die größte Stadt immer noch bei jedem Monsun versinkt. Mumbai, Indiens Finanzzentrum, hat aufgrund des frühen Monsuns und extremer Regenfälle mit zunehmenden Überschwemmungen zu kämpfen und bricht damit einen 107-Jahres-Rekord. Ein erheblicher Teil der Bevölkerung lebt in überschwemmungsgefährdeten Gebieten, was die Anfälligkeit der Stadt erhöht. Kli…","Mumbai’s mega money, mini drains: Why maximum city still sinks every monsoon. Mumbai, India's financial hub, is grappling with increased flooding due to early monsoon arrival and extreme rainfall, breaking a 107-year record. A significant portion of the population resides in flood-prone areas, exacerbating the city's vulnerability. Cli…","Mumbai mega pecuniae, mini exhaurit: Cur civitas maxima usque ad omnem monsoon demergit. Mumbai, centrum oeconomici Indiae, iniecta est cum auctis inundationibus ob monstrum primos adventus et pluviae extremae, fractum CVII annorum recordum. Pars incolarum notabilis in locis diluviis pronis habitat, vulnerabilitatem urbis comprobans. Cli…",2026-01-07 21:55:04+00:00
49fb49f89cf0bd95e016b6fd084a042d,2025-05-27T10:06:08Z,'floods',www.rt.com,en,0.0,Earliest monsoon in decades floods Indian cities (VIDEO),"An unusually swift and intense onset of rain has caused major damage and flooding, with transport delays and crop loss Read Full Article at RT.com",https://www.rt.com/india/618198-earliest-monsoon-in-decades-floods/,https://mf.b37mrtl.ru/files/2025.05/article/683580c32030276de66b3679.jpg,https://web.archive.org/web/20250527103420/https://www.rt.com/india/618198-earliest-monsoon-in-decades-floods/,"Several regions across India, including Mumbai, are facing major disruption after heavy monsoon showers arrived earlier than expected. The sudden onset last week affected transport and agriculture, l… [+2569 chars]",,Frühester Monsun seit Jahrzehnten überschwemmt indische Städte (VIDEO). Ein ungewöhnlich schneller und heftiger Regeneinbruch hat zu großen Schäden und Überschwemmungen sowie zu Transportverzögerungen und Ernteausfällen geführt. Den vollständigen Artikel finden Sie auf RT.com,"Earliest monsoon in decades floods Indian cities (VIDEO). An unusually swift and intense onset of rain has caused major damage and flooding, with transport delays and crop loss Read Full Article at RT.com","Inundationes urbis Indicae antiquissimae monsoon in decenniis (VIDEO). Inusitato rapido et vehementi impetu pluviae maiorem iacturam et inundationem attulit, cum moras et segetes onerarias iacturas Read Full Article at RT.com",2026-01-07 21:55:04+00:00
b1f062ed57f281824d5178473993b00d,2025-05-27T14:47:35Z,'flooding residents',www.newsweek.com,en,0.0,California Mayor Issues Warning Over Mexican Sewage Flooding Beaches,"Coronado Mayor John Duncan said his biggest concern was that ""the reputation as 'the toilet of Mexico'"" would hurt the city.",https://www.newsweek.com/california-mayor-issues-warning-mexican-sewage-flooding-beaches-2077426,https://d.newsweek.com/en/full/2652103/coronado-beach.jpg,,"Millions of gallons of sewage, contaminated water and trash flood into California from Mexico every day, and beaches in Coronado, San Diego County, closed over the weekend because of it.
The city's … [+3143 chars]",,"Kaliforniens Bürgermeister warnt vor überschwemmten Stränden in Mexiko. Der Bürgermeister von Coronado, John Duncan, sagte, seine größte Sorge sei, dass „der Ruf als ‚Toilette Mexikos‘“ der Stadt schaden würde.","California Mayor Issues Warning Over Mexican Sewage Flooding Beaches. Coronado Mayor John Duncan said his biggest concern was that ""the reputation as 'the toilet of Mexico'"" would hurt the city.","California Major Exitus Monitum Plus Mexicanus Sewage Inundatio Beaches. Coronado Major John Duncan dixit suam maximam sollicitudinem fuisse ut ""fama ""latrinae Mexici"" urbem laederet.",2026-01-07 21:55:04+00:00
8c141a5a189f3946df50c280bbaae324,2025-05-27T18:30:00Z,'flooding',www.theblaze.com,en,0.0,Horrifying: Biden administration turned a blind eye to deadly child trafficking,"The Biden administration was behind not only the record amounts of illegal aliens flooding across our border, but over 300,000 unaccompanied children who are now unaccounted for.

“Nobody knows where they are. Nobody can find them,” BlazeTV host Sara Gonzales…",https://www.theblaze.com/shows/sara-gonzales-unfiltered/horrifying-biden-administration-turned-a-blind-eye-to-deadly-child-trafficking,https://www.theblaze.com/media-library/image.jpg?id=60328102&width=1200&height=600&coordinates=0%2C24%2C0%2C96,,"The Biden administration was behind not only the record amounts of illegal aliens flooding across our border, but over 300,000 unaccompanied children who are now unaccounted for.
Nobody knows where … [+2150 chars]",,"Erschreckend: Die Regierung von Biden hat die Augen vor dem tödlichen Kinderhandel verschlossen. Die Biden-Regierung war nicht nur hinter der Rekordzahl illegaler Einwanderer, die über unsere Grenze strömten, sondern auch hinter über 300.000 unbegleiteten Kindern, die jetzt vermisst werden.

„Niemand weiß, wo sie sind. Niemand kann sie finden“, BlazeTV-Moderatorin Sara Gonzales…","Horrifying: Biden administration turned a blind eye to deadly child trafficking. The Biden administration was behind not only the record amounts of illegal aliens flooding across our border, but over 300,000 unaccompanied children who are now unaccounted for.

“Nobody knows where they are. Nobody can find them,” BlazeTV host Sara Gonzales…","Horrifying: Biden administratio dissimulat ad lethiferam negotiationem pueri. Administratio Biden post non solum censum copiarum illegalium extraneorum trans fines nostros inundantium fuit, sed supra 300.000 puerorum sine liberis qui nunc sunt sine causa.

""Nemo scit ubi sint. Nemo invenire potest"" BlazeTV Saram exercitum Gonzales...",2026-01-07 21:55:04+00:00
e5c59f2beec85b6a7f0c33fde51c5969,2025-05-27T18:55:39Z,'flooding',www.abc.net.au,en,0.0,'Staggering': Aerial photos show impact of flooding on NSW farmland,Specialised imagery equipment fitted to planes flying over flood-impacted NSW show the devastating impact the Mid North Coast floods have had on the state's farmland.,https://www.abc.net.au/news/2025-05-28/aerial-photography-before-after-slider-nsw-floods-2025/105339330,https://live-production.wcms.abc-cdn.net.au/49f0d6a27b524eedc12d2a045c093616?impolicy=wcms_watermark_news&cropH=1080&cropW=1920&xPos=0&yPos=0&width=862&height=485&imformat=generic,,"Specialised imagery equipment fitted to planes flying over flood-impacted NSW show the devastating impact the Mid North Coast floods have had on the state's farmland.
Australian location intelligenc… [+5497 chars]",,"„Erschütternd“: Luftbilder zeigen die Auswirkungen der Überschwemmung auf Ackerland in New South Wales. Spezielle Bildgeräte, die an Flugzeugen angebracht sind, die über das von Überschwemmungen betroffene NSW fliegen, zeigen die verheerenden Auswirkungen der Überschwemmungen an der mittleren Nordküste auf das Ackerland des Staates.",'Staggering': Aerial photos show impact of flooding on NSW farmland. Specialised imagery equipment fitted to planes flying over flood-impacted NSW show the devastating impact the Mid North Coast floods have had on the state's farmland.,'Vertanter': Aeria imagines ostendunt ictum inundationis in arvum NSW. Apparatum imaginum specialium accommodatum ad plana volitans in diluvio impacto NSW ostendunt vastationes impulsum inundationes Medii Coast Septentrionalis in arvum civitatis habuisse.,2026-01-07 21:55:04+00:00
d4c0782108ffe8fe32ab529b6399dbb3,2025-05-27T20:21:29Z,'flooding',www.abc.net.au,en,0.0,Drivers endure 26-hour detour with highway flooding 'difficult' to fix,"Authorities are still calculating the flood damage bill on the main highway between Sydney and Brisbane, but it is estimated to be in the tens of millions of dollars.",https://www.abc.net.au/news/2025-05-28/pacific-highway-taree-closures-due-to-nsw-flooding/105339022,https://live-production.wcms.abc-cdn.net.au/6e8ee6d5e770f3545dd8fdcbd5675ae6?impolicy=wcms_watermark_news&cropH=628&cropW=1117&xPos=0&yPos=43&width=862&height=485&imformat=generic,,"Record-breaking flooding created unprecedented traffic chaos on New South Wales roads last week, costing tens of millions of dollars and casting a cloud of uncertainty over the road's flood resilienc… [+4637 chars]",,"Autofahrer müssen eine 26-stündige Umleitung hinnehmen, da die Überschwemmung auf der Autobahn „schwer“ zu beheben ist. Die Behörden berechnen noch immer die Kosten für die Überschwemmungsschäden an der Hauptstraße zwischen Sydney und Brisbane, sie werden jedoch auf zweistellige Millionenbeträge geschätzt.","Drivers endure 26-hour detour with highway flooding 'difficult' to fix. Authorities are still calculating the flood damage bill on the main highway between Sydney and Brisbane, but it is estimated to be in the tens of millions of dollars.","Duces patiuntur 26-hora circuitus cum via inundationis 'difficilis' figere. Auctoritates adhuc computant libellum damna diluvium in via principali inter Sydney et Brisbane, sed in decem miliones dollariorum esse aestimatur.",2026-01-07 21:55:04+00:00
5e131943a0bef2022764f08a5f4e5174,2025-05-27T21:27:04Z,'deluge',www.boredpanda.com,en,0.0,"New Cast For Harry, Hermione And Ron For Upcoming Harry Potter Series Divides The Internet","""Protect them from the deluge of hate they're about to get.""",https://www.boredpanda.com/lead-actors-announced-for-new-harry-potter-series-hbo/,https://www.boredpanda.com/blog/wp-content/uploads/2025/05/fb_image_68362069d8660.png,https://web.archive.org/web/20250528161956/https://www.boredpanda.com/lead-actors-announced-for-new-harry-potter-series-hbo/,"After months of speculation, HBO has officially unveiled the young actors who will bring the trio of Harry Potter, Hermione Granger, and Ron Weasley to life for its highly anticipated reboot of the b… [+6413 chars]",,"Neue Besetzung von Harry, Hermine und Ron für die kommende Harry-Potter-Serie spaltet das Internet. „Schützen Sie sie vor der Flut des Hasses, die ihnen bevorsteht.“","New Cast For Harry, Hermione And Ron For Upcoming Harry Potter Series Divides The Internet. ""Protect them from the deluge of hate they're about to get.""","New Cast For Harry, Hermione And Ron For Upcoming Harry Potter Series Divis the Internet. ""Protege eos a diluvio odii quod inventuri sunt.""",2026-01-07 21:55:04+00:00
1e9c1d44cb3a37ffc3b7cee69e9d6a73,2025-05-28T03:12:10Z,'deluge',www.xda-developers.com,en,0.0,"This new ""Scrolls-like"" title is currently beating Oblivion: Remastered at its own game","The answer to an Elder Scrolls deluge is more Elder Scrolls, apparently.",https://www.xda-developers.com/new-scrolls-like-title-beating-oblivion-remastered/,https://static1.xdaimages.com/wordpress/wp-content/uploads/sharedimages/2025/04/tainted-grail-the-fall-of-avalon-press-image-4.jpg,https://web.archive.org/web/20250528031740/https://www.xda-developers.com/new-scrolls-like-title-beating-oblivion-remastered/,"Summary
<ul><li>
 Oblivion: Remastered's shadow drop is not detrimental to Tainted Grail.
 </li><li>
 Tainted Grail outshines Oblivion in Twitch viewers and review scores.
 </li><li>
 Tainted G… [+2398 chars]",,Dieser neue „Scrolls-ähnliche“ Titel schlägt derzeit Oblivion: Remastered in seiner Klasse. Die Antwort auf eine Flut von Elder Scrolls sind offenbar mehr Elder Scrolls.,"This new ""Scrolls-like"" title is currently beating Oblivion: Remastered at its own game. The answer to an Elder Scrolls deluge is more Elder Scrolls, apparently.","Hic novus titulus ""Scrolls-similis"" Oblivion nunc verberans est: Remastered suo ipsius ludo. Responsio ad Scrolls Senioris Diluvium, carminum Seniorum magis, ut videtur.",2026-01-07 21:55:04+00:00
fe85c097b4e294f558fddab2fd6cfa47,2025-05-28T08:11:00Z,'floods',www.channelnewsasia.com,en,0.0,China issues flood warnings after heavy rain in southern regions,"HONG KONG: China's National Meteorological Centre on Wednesday (May 28) issued alerts for heavy rain and flooding in southern regions, forecasting the most intense storms of the year so far. The NMC flagged a high risk of mountain floods, geological disasters…",https://www.channelnewsasia.com/east-asia/china-issues-flood-warnings-after-heavy-rain-southern-regions-5156701,"https://dam.mediacorp.sg/image/upload/s--ykrL7PHf--/c_crop,h_450,w_800,x_0,y_83/fl_relative,g_south_east,l_mediacorp:cna:watermark:2024-04:reuters_1,w_0.1/f_auto,q_auto/c_fill,g_auto,h_676,w_1200/v1/one-cms/core/2025-05-28t064653z_1_lynxnpel4r072_rtroptp_3_asia-weather-china.jpg?itok=sHD4t0-7",https://web.archive.org/web/20250528082209/https://www.channelnewsasia.com/east-asia/china-issues-flood-warnings-after-heavy-rain-southern-regions-5156701,"HONG KONG: China's National Meteorological Centre on Wednesday (May 28) issued alerts for heavy rain and flooding in southern regions, forecasting the most intense storms of the year so far.
The NMC… [+1085 chars]",,China gibt nach heftigen Regenfällen in südlichen Regionen Hochwasserwarnungen heraus. HONGKONG: Chinas Nationales Meteorologisches Zentrum gab am Mittwoch (28. Mai) Warnungen vor starken Regenfällen und Überschwemmungen in den südlichen Regionen heraus und prognostizierte die bislang heftigsten Stürme des Jahres. Das NMC wies auf ein hohes Risiko von Bergüberschwemmungen und geologischen Katastrophen hin.,"China issues flood warnings after heavy rain in southern regions. HONG KONG: China's National Meteorological Centre on Wednesday (May 28) issued alerts for heavy rain and flooding in southern regions, forecasting the most intense storms of the year so far. The NMC flagged a high risk of mountain floods, geological disasters…","Sinae monita diluvii quaestiones cum gravibus pluviis in regionibus australibus sunt. HONG KONG: Centrum Meteorologicum Sinarum die mercurii (28 Maii) summis in pluvias et inundationes meridianas regiones edita est, tempestates anni eatenus intensissimas praevidens. In NMC magno periculo flumina montium, clades geologicae…",2026-01-07 21:55:04+00:00
5b0b0069e46febb47808598162eca265,2025-05-28T08:34:00Z,'flooding damage',www.dw.com,en,0.0,German court dismisses a climate case against energy giant RWE,Judges have dismissed a climate case brought against RWE by a Peruvian farmer asking the energy giant to help fund defenses against potential flooding due to melting glaciers.,https://www.dw.com/en/german-court-dismisses-a-climate-case-against-energy-giant-rwe/a-72693362,https://static.dw.com/image/71907923_6.jpg,,"In a decision that has been ten years in the making, judges in the western German city of Hamm have thrown out the case of a Peruvian farmer seeking damages from energy giant RWE for the risk of floo… [+4986 chars]",,"Deutsches Gericht weist Klimaklage gegen Energieriesen RWE ab. Richter haben eine Klimaklage gegen RWE abgewiesen, die ein peruanischer Landwirt eingereicht hatte und in der er den Energieriesen um Hilfe bei der Finanzierung von Verteidigungsmaßnahmen gegen mögliche Überschwemmungen aufgrund schmelzender Gletscher gebeten hatte.",German court dismisses a climate case against energy giant RWE. Judges have dismissed a climate case brought against RWE by a Peruvian farmer asking the energy giant to help fund defenses against potential flooding due to melting glaciers.,Curia Germanica contra industriam gigantem RWE causam climatis dimittit. Iudices dimiserunt causam climatis contra RWE factam a agricola Peruviano industriam rogantem gigantem ut subsidia defensiones contra potentialem inundationem ex molibus liquandis adiuvarent.,2026-01-07 21:55:04+00:00
b73c25a6f4a175a1c8511acf77371621,2025-05-28T23:08:00Z,'flooding precipitation',www.bangkokpost.com,en,0.0,Management hub to watch out for floods,The Office of the National Water Resources (ONWR) has ordered the creation of a front-line water management centre to closely monitor heavy rainfall in the North.,https://www.bangkokpost.com/thailand/general/3036910/management-hub-to-watch-out-for-floods,https://static.bangkokpost.com/media/content/dcx/2025/05/29/5630830_700.jpg,,"The Office of the National Water Resources (ONWR) has ordered the creation of a front-line water management centre to closely monitor heavy rainfall in the North.
The move comes amid growing fears t… [+2745 chars]",,"Management-Hub zur Überwachung von Überschwemmungen. Das Office of the National Water Resources (ONWR) hat die Einrichtung eines zentralen Wassermanagementzentrums angeordnet, um starke Regenfälle im Norden genau zu überwachen.",Management hub to watch out for floods. The Office of the National Water Resources (ONWR) has ordered the creation of a front-line water management centre to closely monitor heavy rainfall in the North.,Procuratio centrum ad cavendum inundationes. Officium Resources Aquae Nationalis (ONWR) creari centrum administrationis aquae ante-lineae iussit ad arcte monitorem pluviarum in septentrione gravem.,2026-01-07 21:55:04+00:00
07f71325ebabf0667b94f7b560816483,2025-05-29T03:02:57Z,'deluge',abcnews.go.com,en,0.0,WATCH: Swiss glacier collapse buries mountain village,"One person was reported missing after a huge chunk of a glacier in the Swiss Alps broke off, causing a deluge of ice, mud and rock that buried most of a mountain village on Wednesday, officials said.",https://abcnews.go.com/Travel/video/swiss-glacier-collapse-buries-mountain-village-122295997,https://i.abcnewsfe.com/a/95b33344-6068-4753-856b-e8aafadd7487/250528_abc_social_glacier_hpMain_16x9.jpg?w=992,https://web.archive.org/web/20250529034300/https://abcnews.go.com/Travel/video/swiss-glacier-collapse-buries-mountain-village-122295997,"<ul><li> Fmr. COVID response coordinator on RFK Jr.s changes to vaccine schedule
</li><li>2 suspects face charges after fatal jet ski hit-and-run in Texas over holiday weekend
</li><li>Hundreds sto… [+4521 chars]",,"ANSEHEN: Schweizer Gletscherkollaps begräbt Bergdorf. Eine Person wurde als vermisst gemeldet, nachdem ein riesiger Gletscherbrocken in den Schweizer Alpen abgebrochen war und eine Flut aus Eis, Schlamm und Gestein verursacht hatte, die am Mittwoch den größten Teil eines Bergdorfes begrub, sagten Beamte.","WATCH: Swiss glacier collapse buries mountain village. One person was reported missing after a huge chunk of a glacier in the Swiss Alps broke off, causing a deluge of ice, mud and rock that buried most of a mountain village on Wednesday, officials said.","VIG: Helvetica glaciei ruina oppidum montanum sepelit. Unus homo relatus est absentis postquam ingens fissile glaciei in Alpibus Helvetiis abrupit, causans inundationem glaciei, caeni et saxi, qui maxime montem vicum Mercurii die sepelivit, ministri dixerunt.",2026-01-07 21:55:04+00:00
ed7a296552cb792b4639381217246a81,2025-05-29T04:00:00Z,'flooding',www.americanthinker.com,en,0.0,"From body parts to data manipulation to rampant antisemitism, Harvard is broken","While Harvard may once have been the crown jewel in American academia, it is no longer. Shocking stories of modern grave robbery, alleged data manipulation, and rampant antisemitism have been flooding the airways. Taxpayers shouldn’t have to fu...",https://www.americanthinker.com/blog/2025/05/from_body_parts_to_data_manipulation_to_rampant_antisemitism_harvard_is_broken.html,https://images.americanthinker.com/as/asmlnk0sguf3ri7qyywk_800.jpg,,"While Harvard may once have been the crown jewel in American academia, it is no longer. Shocking stories of modern grave robbery, alleged data manipulation, and rampant antisemitism have been floodin… [+4253 chars]",,"Von Körperteilen über Datenmanipulation bis hin zum grassierenden Antisemitismus – Harvard ist kaputt. Während Harvard einst das Kronjuwel der amerikanischen Wissenschaft war, ist es das nicht mehr. Schockierende Geschichten über moderne Raubüberfälle, angebliche Datenmanipulation und grassierenden Antisemitismus überschwemmen die Atemwege. Steuerzahler sollten sich nicht darum kümmern müssen...","From body parts to data manipulation to rampant antisemitism, Harvard is broken. While Harvard may once have been the crown jewel in American academia, it is no longer. Shocking stories of modern grave robbery, alleged data manipulation, and rampant antisemitism have been flooding the airways. Taxpayers shouldn’t have to fu...","Ex partibus corporis ad notitia manipulationis ad antisemitismum erectus, Harvardiana contrita est. Dum Harvard quondam fuit gemma coronae in academia Americana, iam non est. Horrendae fabulae recentis rapinae graves, notitia manipulationis assertae, et antisemitismus erectus inundationem airviorum fuisse. Taxpayers non debet habere fu...",2026-01-07 21:55:04+00:00
bf5d8eb04f60d23607e0386dc17086c2,2025-05-29T13:50:23Z,'floods',economictimes.indiatimes.com,en,0.0,"Switzerland Glacier collapse: Two more villages in danger of being wiped out, risk of floods looms","Switzerland glacier collapse has left a quiet Alpine valley reeling, after a massive chunk of the Birch Glacier broke off and triggered a landslide that buried almost all of the small mountain village of Blatten. The devastating event happened on May 28, 2025…",https://economictimes.indiatimes.com/news/international/us/switzerland-glacier-collapse-two-more-villages-in-danger-of-being-wiped-out-risk-of-floods-looms/articleshow/121493102.cms,"https://img.etimg.com/thumb/msid-121493319,width-1200,height-630,imgsize-147610,overlay-economictimes/articleshow.jpg",,"Switzerland glacier collapse has triggered a disaster thats left much of the Alpine village of Blatten buried under a mountain of ice, rock, and debris. This massive landslide hit on Tuesday, May 28,… [+3337 chars]",,"Gletscherkollaps in der Schweiz: Zwei weitere Dörfer drohen ausgelöscht zu werden, es droht Überschwemmungsgefahr. Der Gletscherkollaps in der Schweiz hat ein ruhiges Alpental ins Wanken gebracht, nachdem ein gewaltiger Brocken des Birch-Gletschers abbrach und einen Erdrutsch auslöste, der fast das gesamte kleine Bergdorf Blatten begrub. Das verheerende Ereignis ereignete sich am 28. Mai 2025…","Switzerland Glacier collapse: Two more villages in danger of being wiped out, risk of floods looms. Switzerland glacier collapse has left a quiet Alpine valley reeling, after a massive chunk of the Birch Glacier broke off and triggered a landslide that buried almost all of the small mountain village of Blatten. The devastating event happened on May 28, 2025…","Helvetia Glacier construxit: duae villae periculum deletae, periculum inundationum imminet. Helvetia glacialis ruina quietam Alpinam vallem fluctuantem reliquit, postquam ingens FRUSTUM Birch Glacier abrupit et ruit terram quae paene omnes e monticulo parvo Blatten defossa est. Vastatio eventus die 28 mensis Maii anno 2025 accidit.",2026-01-07 21:55:04+00:00
9c33e4bcdbb5158d76fdb934e67a0f6d,2025-05-29T15:51:56Z,'floods',www.bbc.com,en,0.0,"Watch: Severe storm hammers Austin with hail, wind","Severe weather swept through the Central Texas city causing floods, damage and power outages.",https://www.bbc.com/news/videos/c706995ryego,https://ichef.bbci.co.uk/news/1024/branded_news/f9bd/live/9a33fec0-3ca3-11f0-aa24-d1c64c46ace6.jpg,https://web.archive.org/web/20250529161528/https://www.bbc.com/news/videos/c706995ryego,"Severe weather swept through the Central Texas city Wednesday bringing intense winds, large hail and flooding. 
Multiple structures were damaged including the dome of the state capitol building. 
A… [+144 chars]",,"Beobachten Sie: Schwerer Sturm erschüttert Austin mit Hagel und Wind. Unwetter fegten durch die Stadt im Zentrum von Texas und verursachten Überschwemmungen, Schäden und Stromausfälle.","Watch: Severe storm hammers Austin with hail, wind. Severe weather swept through the Central Texas city causing floods, damage and power outages.","Vide: Gravis procella mallet Austin cum grandine, vento. Tempestas saeva per Civitatem Texas Centralis inundationes, damnum et potentiam outages rapuit.",2026-01-07 21:55:04+00:00
69d5de16a31e506ff5396aa70343e0dd,2025-05-29T21:38:04Z,'deluge',japantoday.com,en,0.0,Swiss residents in shock after glacier debris buries village,"Residents struggled on Thursday to absorb the scale of devastation caused by a huge slab of glacier that buried most of their picturesque Swiss village, in what scientists suspect is a dramatic example of climate change's impact on the Alps. A deluge of milli…",https://japantoday.com/category/world/%27i-lost-everything%27-swiss-residents-in-shock-after-glacier-debris-buries-village3,,,"Residents struggled on Thursday to absorb the scale of devastation caused by a huge slab of glacier that buried most of their picturesque Swiss village, in what scientists suspect is a dramatic examp… [+3654 chars]",,"Schweizer Einwohner stehen unter Schock, nachdem Gletschertrümmer ihr Dorf begraben haben. Die Bewohner kämpften am Donnerstag darum, das Ausmaß der Verwüstung zu bewältigen, die durch eine riesige Gletscherplatte verursacht wurde, die den größten Teil ihres malerischen Schweizer Dorfes begrub. Wissenschaftler vermuten, dass dies ein dramatisches Beispiel für die Auswirkungen des Klimawandels auf die Alpen ist. Eine Flut von Millionen…","Swiss residents in shock after glacier debris buries village. Residents struggled on Thursday to absorb the scale of devastation caused by a huge slab of glacier that buried most of their picturesque Swiss village, in what scientists suspect is a dramatic example of climate change's impact on the Alps. A deluge of milli…","Helvetii incolas offensos post glaciem strages villae sepelit. Incolae die Iovis ad hauriendum scalam vastitatis per ingentem tabulam glaciei quae maxime sepelierunt in picturis Helvetiae pagi, in quo phisici suspicantur est exemplum dramaticum mutationis climatis in Alpibus impulsum. Diluvium milli…",2026-01-07 21:55:04+00:00
2f0c0694664685b69e542518285fb25d,2025-05-29T23:05:00Z,'flooding',www.bangkokpost.com,en,0.0,Flood threat grows along Chao Phraya,"Bangkok is on heightened alert for potential flooding as high sea levels threaten low-lying areas along the Chao Phraya River through to Sunday, with temporary and permanent flood protection measures underway.",https://www.bangkokpost.com/thailand/general/3037806/flood-threat-grows-along-chao-phraya,https://static.bangkokpost.com/media/content/dcx/2025/05/30/5632906_700.jpg,,"Bangkok is on heightened alert for potential flooding as high sea levels threaten low-lying areas along the Chao Phraya River through to Sunday, with temporary and permanent flood protection measures… [+2373 chars]",,"Entlang des Chao Phraya nimmt die Überschwemmungsgefahr zu. Bangkok ist wegen möglicher Überschwemmungen in höchster Alarmbereitschaft, da der hohe Meeresspiegel bis Sonntag tiefer gelegene Gebiete entlang des Flusses Chao Phraya bedroht und vorübergehende und dauerhafte Hochwasserschutzmaßnahmen im Gange sind.","Flood threat grows along Chao Phraya. Bangkok is on heightened alert for potential flooding as high sea levels threaten low-lying areas along the Chao Phraya River through to Sunday, with temporary and permanent flood protection measures underway.","Diluvium minae per Chao Phraya crescit. Bangkok in augendis intentis potentialibus inundationem quam altae maris gradus humiles regiones per Chao Phraya flumen usque ad Dominicam imminere, cum inundatione temporaria et permanentibus subsidiis adhibitis.",2026-01-07 21:55:04+00:00
4dd529e8409dcfb12e5382785d44bd52,2025-05-30T00:01:00Z,'deluge',www.japantimes.co.jp,en,0.0,Swiss residents in shock after glacier debris buries village,Scientists suspect the deluge is a dramatic example of climate change's impact on the Alps.,https://www.japantimes.co.jp/environment/2025/05/30/climate-change/switzerland-village-glacier-debris/,https://www.japantimes.co.jp/japantimes/uploads/images/2025/05/30/472258.JPG?v=3.1,https://web.archive.org/web/20250602202341/https://www.japantimes.co.jp/environment/2025/05/30/climate-change/switzerland-village-glacier-debris/,"WILER, Switzerland Residents struggled on Thursday to absorb the scale of devastation caused by a huge slab of glacier that buried most of their picturesque Swiss village, in what scientists suspect … [+3616 chars]",,"Schweizer Einwohner stehen unter Schock, nachdem Gletschertrümmer ihr Dorf begraben haben. Wissenschaftler vermuten, dass die Überschwemmung ein dramatisches Beispiel für die Auswirkungen des Klimawandels auf die Alpen ist.",Swiss residents in shock after glacier debris buries village. Scientists suspect the deluge is a dramatic example of climate change's impact on the Alps.,Helvetii incolas offensos post glaciem strages villae sepelit. Medici diluvium suspicantur exemplum dramaticum esse mutationis climatis in Alpibus impulsum.,2026-01-07 21:55:04+00:00
0f2c572dcc0298f5c20ddb4f8c75ab9c,2025-05-30T02:47:41Z,'flooding storm',timesofindia.indiatimes.com,en,0.0,"No choice left, either find solutions for flooding or will raze buildings: Karnataka deputy chief minister DK Shivakumar","Deputy CM DK Shivakumar has declared that the government will take decisive action, including demolishing structures obstructing stormwater drains, to prevent flooding in Bengaluru. He emphasized the invocation of the Disaster Management Act necessitates imme…",https://timesofindia.indiatimes.com/city/bengaluru/find-solutions-for-flooding-or-will-raze-buildings-karnataka-deputy-chief-minister-dk-shivakumar/articleshow/121502708.cms,"https://static.toiimg.com/thumb/msid-121502713,width-1070,height-580,imgsize-44460,resizemode-75,overlay-toi_sw,pt-32,y_pad-40/photo.jpg",,"Meet the most romantic bird in the world that builds a nest, dances, and decorates it",,"Keine andere Wahl, entweder Lösungen für Überschwemmungen zu finden oder Gebäude abzureißen: Karnatakas stellvertretender Ministerpräsident DK Shivakumar. Der stellvertretende Ministerpräsident DK Shivakumar hat erklärt, dass die Regierung entschlossene Maßnahmen ergreifen wird, einschließlich des Abrisses von Bauwerken, die die Regenwasserabflüsse blockieren, um Überschwemmungen in Bengaluru zu verhindern. Er betonte, dass die Inkraftsetzung des Katastrophenmanagementgesetzes eine sofortige…","No choice left, either find solutions for flooding or will raze buildings: Karnataka deputy chief minister DK Shivakumar. Deputy CM DK Shivakumar has declared that the government will take decisive action, including demolishing structures obstructing stormwater drains, to prevent flooding in Bengaluru. He emphasized the invocation of the Disaster Management Act necessitates imme…","Nulla electio supersunt, vel solutiones inundationis invenient vel aedificia exscindent: Karnataka vicarius capitalis minister DK Shivakumar. Prorex CM DK Shivakumar declaravit regimen actionis decisivae aget, inter structuras demolientes cloacarum tempestatum impedientium, ne inundatio in Bengaluru. Invocatio Calamitatis Management Act necesse imme…",2026-01-07 21:55:04+00:00
e82d1678f3dc50b7f78289fa268ddaea,2025-05-30T03:08:01Z,'floods',timesofindia.indiatimes.com,en,0.0,Will demolish buildings causing floods: DK Shivakumar,"Bengaluru: Deputy chief minister DK Shivakumar on Thursday said the govt will act decisively to prevent flooding in the city, even if it means razing .",https://timesofindia.indiatimes.com/city/bengaluru/will-demolish-buildings-causing-floods-dk-shivakumar/articleshow/121503779.cms,"https://static.toiimg.com/thumb/msid-117518782,width-1070,height-580,imgsize-94950,resizemode-75,overlay-toi_sw,pt-32,y_pad-40/photo.jpg",,"Meet the most romantic bird in the world that builds a nest, dances, and decorates it",,"Wird Gebäude abreißen und Überschwemmungen verursachen: DK Shivakumar. Bengaluru: Der stellvertretende Ministerpräsident DK Shivakumar sagte am Donnerstag, die Regierung werde entschlossen handeln, um Überschwemmungen in der Stadt zu verhindern, selbst wenn dies eine Zerstörung bedeuten würde.","Will demolish buildings causing floods: DK Shivakumar. Bengaluru: Deputy chief minister DK Shivakumar on Thursday said the govt will act decisively to prevent flooding in the city, even if it means razing .","Aedificia inundationes destruent: DK Shivakumar. Bengaluru: Prorex primarius minister DK Shivakumar die Iovis dixit govt aget ambigue ne inundatio in urbe, etiamsi exscinditur.",2026-01-07 21:55:04+00:00
5bce7b4af7f10facc898ceeebb155c59,2025-05-30T06:14:55Z,'flooding',economictimes.indiatimes.com,en,0.0,Flood risk threatens Swiss valley after village destroyed by glacier,"A massive landslide in southern Switzerland, triggered by glacial debris, buried the village of Blatten and blocked the River Lonza. The resulting lake formation behind the debris has prompted warnings of potential flooding, leading to evacuation preparations…",https://economictimes.indiatimes.com/news/international/world-news/flood-risk-threatens-swiss-valley-after-village-destroyed-by-glacier/articleshow/121508325.cms,"https://img.etimg.com/thumb/msid-121508352,width-1200,height-630,imgsize-74194,overlay-economictimes/articleshow.jpg",,Water trapped behind a mass of glacial debris that this week buried a village and blocked a river in southern Switzerland has sparked warnings that further evacuations may be needed amid the risk of … [+1360 chars],,"Hochwassergefahr bedroht Schweizer Tal, nachdem Dorf durch Gletscher zerstört wurde. Ein massiver Erdrutsch in der Südschweiz, ausgelöst durch Gletscherschutt, begrub das Dorf Blatten und blockierte den Fluss Lonza. Die daraus resultierende Seebildung hinter den Trümmern hat zu Warnungen vor möglichen Überschwemmungen geführt und Evakuierungsvorbereitungen eingeleitet …","Flood risk threatens Swiss valley after village destroyed by glacier. A massive landslide in southern Switzerland, triggered by glacial debris, buried the village of Blatten and blocked the River Lonza. The resulting lake formation behind the debris has prompted warnings of potential flooding, leading to evacuation preparations…","Diluvium periculum in valle Helvetiae imminet, postquam pagus glacie deletus est. Ingens lapsus in Helvetia meridionali, strages glacialis Urguet, vicum Blatten sepelivit et flumen Lonzium obstruxit. Inde lacum formatio post strages admovit admonitiones inundationis potentialis, ducens ad praeparationes evacuationis…",2026-01-07 21:55:04+00:00
d97d5571e54c55cef62f5511aafa508e,2025-05-30T08:16:49Z,'flooding landslide',thehillstimes.in,en,0.0,"Torrential Rain Disrupts Life in Assam; ASDMA Issues Alert Over Flooding, Landslide Risks","HT DIGITAL GUWAHATI, MAY 30: Heavy showers have lashed many areas of Assam from Thursday, causing life to go out of gear and also triggering fears of city flooding, traffic gridlocks, and landslides in sensitive regions. The rains, caused by a low-pressure sy…",https://thehillstimes.in/assam/torrential-rain-disrupts-life-in-assam-asdma-issues-alert-over-flooding-landslide-risks,https://thehillstimes.in/wp-content/uploads/2024/08/rainfall-and-monsoon.jpg,,"HT DIGITAL
GUWAHATI, MAY 30: Heavy showers have lashed many areas of Assam from Thursday, causing life to go out of gear and also triggering fears of city flooding, traffic gridlocks, and landslides… [+2356 chars]",,"Sintflutartiger Regen stört das Leben in Assam; ASDMA gibt Warnung vor Überschwemmungen und Erdrutschrisiken heraus. HT DIGITAL GUWAHATI, 30. MAI: Seit Donnerstag haben heftige Regenfälle viele Gebiete von Assam heimgesucht, was dazu geführt hat, dass das Leben aus dem Ruder gelaufen ist und auch Befürchtungen vor Überschwemmungen in Städten, Verkehrsstaus und Erdrutschen in sensiblen Regionen ausgelöst hat. Die Regenfälle, verursacht durch ein Tiefdrucksystem…","Torrential Rain Disrupts Life in Assam; ASDMA Issues Alert Over Flooding, Landslide Risks. HT DIGITAL GUWAHATI, MAY 30: Heavy showers have lashed many areas of Assam from Thursday, causing life to go out of gear and also triggering fears of city flooding, traffic gridlocks, and landslides in sensitive regions. The rains, caused by a low-pressure sy…","Pluvia Disrupts Vita in Assam; ASDMA Exitus erecti super inundationem, Landslide Pericula. HT DIGITALIS GUWAHATI, OCT 30: Imbres graves Assam multas regiones Iovis a Iovis verberaverunt, ut vitam e armis exire facerent ac etiam metus urbis inundationis, craticulae mercaturae, in sensitivas regiones prosternerentur. Imbres, ex humili pressu sy…",2026-01-07 21:55:04+00:00
c80b0beb38f5ad2256b9ae14deda1517,2025-05-30T10:11:13Z,'flooding rain',www.rt.com,en,0.0,Heavy rains trigger fatal flooding in African country (VIDEO),Torrential rains in Nigeria’s Niger State have caused flooding that destroyed homes Read Full Article at RT.com,https://www.rt.com/africa/618347-heavy-rains-kill-21-in-nigeria/,https://mf.b37mrtl.ru/files/2025.05/article/68397bec85f5404c8518d2c6.jpg,https://web.archive.org/web/20250530113742/https://www.rt.com/africa/618347-heavy-rains-kill-21-in-nigeria/,"Twenty-one people have died after heavy rains caused flooding in Niger State, Nigeria. The severe weather occurred on Thursday, submerging around 50 houses in two communities, according to local emer… [+1483 chars]",,"Heftige Regenfälle lösen in einem afrikanischen Land tödliche Überschwemmungen aus (VIDEO). Sintflutartige Regenfälle im nigerianischen Bundesstaat Niger haben zu Überschwemmungen geführt, die Häuser zerstört haben. Den vollständigen Artikel finden Sie auf RT.com",Heavy rains trigger fatal flooding in African country (VIDEO). Torrential rains in Nigeria’s Niger State have caused flooding that destroyed homes Read Full Article at RT.com,Imbres graves trigger inundationes funebres in regione Africae (VIDEO). Imbres imbres in Nigeriae Nigeria rem publicam inundantes inundantes domos deleverunt Read Full Article at RT.com,2026-01-07 21:55:04+00:00
b63d174a1cb7065efe3e15522d10983e,2025-05-30T11:57:01Z,'flooding rain',www.usatoday.com,en,0.0,"Deadly storms that rocked Texas shift focus to South, Mid-Atlantic","One person was killed in Texas earlier this week as an intense storm quickly tore through Austin, dumping rain that caused flash flooding.",https://www.usatoday.com/story/news/weather/2025/05/30/severe-thunderstorms-forecast-flash-flooding-texas-mid-atlantic/83940554007/,https://media.zenfs.com/en/usa_today_news_641/a1b3bd517b3551d0d38cd0a03cbf94b5,https://web.archive.org/web/20250530122331/https://www.usatoday.com/story/news/weather/2025/05/30/severe-thunderstorms-forecast-flash-flooding-texas-mid-atlantic/83940554007/,"Rounds of storms and heavy rain that killed a person in heavy Texas flooding earlier this week are shifting their focus to states in the Mid-Atlantic and South on May 30.
The person who died was swe… [+2328 chars]",,"Tödliche Stürme, die Texas erschütterten, verlagerten den Fokus auf den Süden, den Mittelatlantik. Anfang dieser Woche kam in Texas eine Person ums Leben, als ein heftiger Sturm schnell über Austin hinwegfegte und Regen niederprasselte, der Sturzfluten verursachte.","Deadly storms that rocked Texas shift focus to South, Mid-Atlantic. One person was killed in Texas earlier this week as an intense storm quickly tore through Austin, dumping rain that caused flash flooding.","Procellae mortiferae, quae movebantur Texas, focus in Meridiem, Medium Atlanticum, transferunt. Una persona in Texas ante hac septimana occisus est sicut tempestas vehemens per Augustinum celeriter erupit, dumping pluvia quae inundationem emicuit effecit.",2026-01-07 21:55:04+00:00
a43a8a78269c558c9c65ce2571336c96,2025-05-30T12:04:00Z,'floods',www.dw.com,en,0.0,Nigeria: Death toll from major floods passes 100,Torrential rains in central Nigeria on Wednesday triggered flooding and widespread damage. Rescuers say the death toll has surpassed 100 people.,https://www.dw.com/en/nigeria-death-toll-from-major-floods-passes-100/a-72737035,https://static.dw.com/image/72737157_6.jpg,,"The death toll from widespread floods in central Nigeria rose to at least 111 people on Friday.
After torrential rains earlier in the week, flood waters have swept away more than 50 homes in the mar… [+1743 chars]",,"Nigeria: Zahl der Todesopfer durch schwere Überschwemmungen übersteigt 100. Sintflutartige Regenfälle in Zentralnigeria lösten am Mittwoch Überschwemmungen und weitreichende Schäden aus. Retter sagen, dass die Zahl der Todesopfer 100 Menschen überschritten hat.",Nigeria: Death toll from major floods passes 100. Torrential rains in central Nigeria on Wednesday triggered flooding and widespread damage. Rescuers say the death toll has surpassed 100 people.,Nigeria: Mors vectigal ex inundationibus maioribus 100 transit. Imbres torrentes in Nigeria centralis die Mercurii inundationem et damnum late urunt. Elevatores dicunt vectigal superavit 100 homines.,2026-01-07 21:55:04+00:00
4fc4ea560fe63efe5bcc9a695fb4fe9a,2025-05-30T12:04:00Z,'flooding damage',www.dw.com,en,0.0,"At least 88 people have died in central Nigeria due to flooding, according to local officials and rescuers",Torrential rains in central Nigeria on Wednesday triggered flooding and widespread damage. Rescuers say the death toll has gone up to 88 people.,https://www.dw.com/en/nigeria-death-toll-from-major-floods-rises-to-88/a-72737035,https://static.dw.com/image/60539306_6.jpg,,"Following substantial rains and flooding in central Nigeriaon Wednesday, the death toll was revised up to 88 people on Friday.
Flood waters swept away more than 50 homes in the market town of Mokwa … [+329 chars]",,"Nach Angaben örtlicher Beamter und Retter sind in Zentralnigeria mindestens 88 Menschen durch Überschwemmungen gestorben. Sintflutartige Regenfälle führten am Mittwoch in Zentralnigeria zu Überschwemmungen und großen Schäden. Retter sagen, dass die Zahl der Todesopfer auf 88 Menschen gestiegen sei.","At least 88 people have died in central Nigeria due to flooding, according to local officials and rescuers. Torrential rains in central Nigeria on Wednesday triggered flooding and widespread damage. Rescuers say the death toll has gone up to 88 people.","Saltem 88 homines in Nigeria centrali mortui sunt propter inundationem, secundum officiales et liberatores locales. Imbres torrentes in Nigeria centralis die Mercurii inundationem et damnum late urunt. Elevatores dicunt mortis vectigal ascendit ad 88 populum.",2026-01-07 21:55:04+00:00
bc69cf44db27011959f30754d182c181,2025-05-30T12:34:46Z,'flooding rain',www.aljazeera.com,en,0.0,Flash flooding kills dozens in Nigeria,Rescuers in Nigeria are continuing to recover bodies after flash flooding killed at least 36 people.,https://www.aljazeera.com/video/newsfeed/2025/5/30/flash-flooding-kills-dozens-in-nigeria,https://www.aljazeera.com/wp-content/uploads/2025/05/image-1748608475.jpg?resize=1920%2C1080&quality=80,https://web.archive.org/web/20250530133057/https://www.aljazeera.com/video/newsfeed/2025/5/30/flash-flooding-kills-dozens-in-nigeria,"NewsFeed
Rescuers in Nigeria are continuing to recover bodies after flash flooding killed at least 36 people. Torrential rain swept away more than 50 homes in Niger state.",,"Bei Sturzfluten kommen in Nigeria Dutzende Menschen ums Leben. Retter in Nigeria bergen weiterhin Leichen, nachdem bei einer Sturzflut mindestens 36 Menschen ums Leben kamen.",Flash flooding kills dozens in Nigeria. Rescuers in Nigeria are continuing to recover bodies after flash flooding killed at least 36 people.,Fulgura inundatio justos in Nigeria necat. Restores in Nigeria corpora recuperare pergunt post inundationem ictuum occisi saltem 36 hominum.,2026-01-07 21:55:04+00:00
55a8f1c2d4ee223613084756c3363352,2025-05-30T13:13:01Z,'flooding',biztoc.com,en,0.0,Think You Don’t Need Flood Insurance? Think Again,"Inland areas have suffered severe flooding in recent years, experts note. And standard homeowner policies don’t cover flood damage.",https://biztoc.com/x/6a770bf3d713ec8c,https://biztoc.com/cdn/948/og.png,,"Inland areas have suffered severe flooding in recent years, experts note. And standard homeowner policies dont cover flood damage.
This story appeared on nytimes.com, 2025-05-30 13:00:14.",,"Denken Sie, dass Sie keine Hochwasserversicherung benötigen? Denken Sie noch einmal darüber nach. Experten weisen darauf hin, dass es im Landesinneren in den letzten Jahren zu schweren Überschwemmungen gekommen sei. Und die Standardversicherung für Eigenheimbesitzer deckt keine Überschwemmungsschäden ab.","Think You Don’t Need Flood Insurance? Think Again. Inland areas have suffered severe flooding in recent years, experts note. And standard homeowner policies don’t cover flood damage.",Noli putare te Diluvium Insurance? Cogita Iterum. Locis mediterraneis gravibus inundationem proximis annis passi periti notant. Commodus scire et consilia scire damna diluvium non tegunt.,2026-01-07 21:55:04+00:00
1e28857f16758bd725169e0d8e0331fb,2025-05-30T13:24:53Z,'flooding residents',www.cbsnews.com,en,0.0,"Floods submerge town in Nigeria, killing at least 88 people:",Communities along the banks of the Niger and Benue Rivers often face seasonal floods.,https://www.cbsnews.com/news/nigeria-flooding-death-toll-town-submerged/,https://assets1.cbsnewsstatic.com/hub/i/r/2025/05/30/507ce9ed-c455-4336-8204-85c5a49ae350/thumbnail/1200x630/301eb7a1a1149c0c3ce0df380676ad08/screenshot-2025-05-30-at-14-05-41.png?v=15603985a4508c8e7bc83d8e4e73c5d0,https://web.archive.org/web/20250530150419/https://www.cbsnews.com/news/nigeria-flooding-death-toll-town-submerged/,"At least 88 people have been confirmed dead after floods submerged Mokwa, a market town in Nigeria's Niger State, on Thursday, an official said.
Husseini Isah, head of the operations office in Minna… [+1202 chars]",,Überschwemmungen überschwemmen Stadt in Nigeria und töten mindestens 88 Menschen:. Gemeinden an den Ufern der Flüsse Niger und Benue sind häufig saisonalen Überschwemmungen ausgesetzt.,"Floods submerge town in Nigeria, killing at least 88 people:. Communities along the banks of the Niger and Benue Rivers often face seasonal floods.","Inundationes in Nigeria oppidum submergunt, caesis saltem LXXXVIII populis. Communitates in ripa fluminum Nigri et Benue saepe inundationes temporis obeunt.",2026-01-07 21:55:04+00:00
3e112a481812e98d849767988fa74915,2025-05-30T13:27:34Z,'floods',www.bbc.com,en,0.0,Floods kill at least 110 people after heavy rain in Nigeria,"Torrential rains in the central town of Mokwa led to the deadly floods, authorities say.",https://www.bbc.com/news/articles/cwy61v6wz1lo,https://ichef.bbci.co.uk/news/1024/branded_news/1e9f/live/c0e72490-3d5a-11f0-bace-e1270fc31f5e.jpg,,"At least 110 people have died in floods caused by torrential rain in central Nigeria, officials have told the BBC.
The rainfall lasted for several hours, said the head of the Niger State Emergency M… [+848 chars]",,Nach heftigen Regenfällen in Nigeria kommen bei Überschwemmungen mindestens 110 Menschen ums Leben. Nach Angaben der Behörden führten heftige Regenfälle in der Innenstadt von Mokwa zu tödlichen Überschwemmungen.,"Floods kill at least 110 people after heavy rain in Nigeria. Torrential rains in the central town of Mokwa led to the deadly floods, authorities say.",Diluvia saltem 110 homines ex pluvia in Nigeria occidunt. Imbres torrentes in media urbe Mokwa ducti ad inundationes letales auctores dicunt.,2026-01-07 21:55:04+00:00
1047d77e52f373e1381ef81a8fac8969,2025-05-30T14:37:55Z,'flooding rain',www.aljazeera.com,en,0.0,"More than 100 killed in heavy Nigeria flooding, rescue efforts ongoing",Local officials warn the death toll could rise after heavy rainfall flooded a market town in Niger State.,https://www.aljazeera.com/news/2025/5/30/at-least-88-killed-in-heavy-nigeria-flooding-rescue-efforts-ongoing,https://www.aljazeera.com/wp-content/uploads/2025/05/WEB-1000x562-NIGERIA-MOKWA-1748614112.jpg?resize=1200%2C675,https://web.archive.org/web/20250530145436/https://www.aljazeera.com/news/2025/5/30/at-least-88-killed-in-heavy-nigeria-flooding-rescue-efforts-ongoing,"At least 111 people have been killed after heavy flooding submerged the market town of Mokwa in Nigerias north-central Niger State, according to a local official, in a country beset by deadly storms … [+2051 chars]",,"Mehr als 100 Tote bei schweren Überschwemmungen in Nigeria, Rettungsmaßnahmen laufen. Lokale Beamte warnen, dass die Zahl der Todesopfer steigen könnte, nachdem heftige Regenfälle eine Marktgemeinde im Bundesstaat Niger überschwemmt haben.","More than 100 killed in heavy Nigeria flooding, rescue efforts ongoing. Local officials warn the death toll could rise after heavy rainfall flooded a market town in Niger State.","Plus quam 100 interfecerunt in inundatione Nigeria gravibus, nisus liberandi permanentis. Magistratus locales monent vectigal mortem posse oriri postquam gravibus pluviis inundata est oppidum mercatum in Niger res publica.",2026-01-07 21:55:04+00:00
ce28761cd9d0c0fd02c2436e022d33f9,2025-05-30T15:22:00Z,'flooding',www.thestar.com.my,en,0.0,Flood risk threatens Swiss valley after glacier destroys village,"ZURICH (Reuters) - A lake of water trapped behind a mass of glacial debris that buried a village and blocked a river in southern Switzerland this week has sparked fears of flooding in the Alpine valley, even as some water eased its way through the morass on F…",https://www.thestar.com.my/news/world/2025/05/30/flood-risk-threatens-swiss-valley-after-glacier-destroys-village,https://apicms.thestar.com.my/uploads/images/2025/05/30/3343914.jpg,https://web.archive.org/web/20250530210104/https://www.thestar.com.my/news/world/2025/05/30/flood-risk-threatens-swiss-valley-after-glacier-destroys-village,ZURICH (Reuters) - A lake of water trapped behind a mass of glacial debris that buried a village and blocked a river in southern Switzerland this week has sparked fears of flooding in the Alpine vall… [+2091 chars],,"Hochwassergefahr bedroht das Schweizer Tal, nachdem ein Gletscher ein Dorf zerstört hat. ZÜRICH (Reuters) – Ein Wassersee, der diese Woche hinter einer Masse aus Gletscherschutt eingeschlossen ist, die ein Dorf begrub und einen Fluss in der Südschweiz blockierte, hat im Alpental Angst vor Überschwemmungen geweckt, obwohl etwas Wasser sich seinen Weg durch den Morast auf F… gebahnt hat.","Flood risk threatens Swiss valley after glacier destroys village. ZURICH (Reuters) - A lake of water trapped behind a mass of glacial debris that buried a village and blocked a river in southern Switzerland this week has sparked fears of flooding in the Alpine valley, even as some water eased its way through the morass on F…","Diluvium periculum imminet Vallis Helvetiae post glaciem pagum destruit. ZURICH (Reuters) - Lacus aquae post molem strages glacialis quae castellum sepelivit inclusum et flumen in Helvetia australi obstruxit, hac septimana timores inundationis in valle alpina excussit, sicut aliqua aqua per paludem in F…",2026-01-07 21:55:04+00:00
5668f2dbedba65c3f6cf3dbae0b06d13,2025-05-30T15:32:00Z,'flooding',news.sky.com,en,0.0,At least 117 dead after heavy flooding in Nigeria,"At least 117 people have died and others are still missing after heavy flooding in Nigeria, an emergency official said.",https://news.sky.com/story/nigeria-floods-at-least-117-dead-as-heavy-flooding-submerges-thousands-of-houses-13377025,https://e3.365dm.com/25/05/1600x900/skynews-nigeria-flood_6931384.jpg?20250530165336,https://web.archive.org/web/20250530172204/https://news.sky.com/story/nigeria-floods-at-least-117-dead-as-heavy-flooding-submerges-thousands-of-houses-13377025,"At least 117 people have died and others are still missing after heavy flooding in Nigeria, an emergency official said.
Authorities initially said 21 people had died but this figure has today risen … [+1593 chars]",,"Mindestens 117 Tote nach schweren Überschwemmungen in Nigeria. Nach schweren Überschwemmungen in Nigeria sind mindestens 117 Menschen gestorben und weitere werden noch vermisst, sagte ein Notfallbeamter.","At least 117 dead after heavy flooding in Nigeria. At least 117 people have died and others are still missing after heavy flooding in Nigeria, an emergency official said.","117 saltern post graves inundationes in Nigeria mortui. Saltem 117 homines mortui sunt et alii desunt postquam graves inundationes in Nigeria, officialis tumultus, dixit.",2026-01-07 21:55:04+00:00
1d3dd36d02288f98dbc49f751c25bd08,2025-05-30T15:56:14Z,'flooding disaster',www.newsweek.com,en,0.0,Over 100 Dead After Devastating Flood Submerges Entire Town,The deadly flooding highlights Nigeria's vulnerability to extreme weather and aging infrastructure.,https://www.newsweek.com/over-100-dead-after-devastating-flood-submerges-entire-town-2079062,https://d.newsweek.com/en/full/2654263/flooding-nigeria.jpg,,"At least 111 people have been confirmed dead after massive flooding submerged the market town of Mokwa in central Nigeria's Niger State, officials said Friday. The disaster followed hours of torrenti… [+3028 chars]",,"Über 100 Tote nach verheerender Überschwemmung, die die ganze Stadt überschwemmt. Die tödlichen Überschwemmungen verdeutlichen die Anfälligkeit Nigerias gegenüber extremen Wetterbedingungen und einer alternden Infrastruktur.",Over 100 Dead After Devastating Flood Submerges Entire Town. The deadly flooding highlights Nigeria's vulnerability to extreme weather and aging infrastructure.,Over 100 Dead After Devastating Diluvium Submerges Totam Oppidum. Funesta inundatio vulnerabilitatem Nigeriae elucidat ad extremam tempestatem et infrastructuram senescentis.,2026-01-07 21:55:04+00:00
17fa7ad99a4d2c143cd02941080f2c12,2025-05-30T16:37:20Z,'flooding',www.digitaljournal.com,en,0.0,Death toll in central Nigeria flooding rises to 115,"Flash floods that ripped through parts of central Nigeria have killed at least 115 people, an emergency services official said on Friday, with the toll expected to rise further. Teams of rescuers continued to search for missing residents after torrential rain…",https://www.digitaljournal.com/world/death-toll-in-central-nigeria-flooding-rises-to-115/article,https://www.digitaljournal.com/wp-content/uploads/2025/05/2deac65baf63787836c9a446b93c7da0132cbb39.jpg,,"Nigerian emergency services conduct rescue operations after torrential rains wash away dozens of homes - Copyright AFP JOEL SAGET
Flash floods that ripped through parts of central Nigeria have kille… [+2709 chars]",,"Die Zahl der Todesopfer bei Überschwemmungen in Zentralnigeria steigt auf 115. Sturzfluten, die Teile Zentralnigerias heimgesucht haben, haben mindestens 115 Menschen getötet, sagte ein Beamter des Rettungsdienstes am Freitag, wobei die Zahl voraussichtlich weiter steigen wird. Rettungsteams suchten nach sintflutartigen Regenfällen weiter nach vermissten Bewohnern …","Death toll in central Nigeria flooding rises to 115. Flash floods that ripped through parts of central Nigeria have killed at least 115 people, an emergency services official said on Friday, with the toll expected to rise further. Teams of rescuers continued to search for missing residents after torrential rain…","Mortui vectigal in Nigeria centralis inundatio oritur 115. Inundationes Flash per partes centrales Nigeria divulsae saltem 115 homines occiderunt, officia officialia subitis die Veneris die dicta, cum theloneo longius surgere expectatum est. Partes liberatores perseveraverunt quaerere absentis incolas post imbrem torrentem...",2026-01-07 21:55:04+00:00
952f659d16f0670b6ea75458d302fccf,2025-05-30T16:40:03Z,'flooding donation',www.pbs.org,en,0.0,"At least 111 people dead after floods in Mokwa, a market town in central Nigeria","The heavy rains lasted for several hours Thursday, and media reports quoting local government officials said a dam collapse in a nearby town had worsened the situation. The flooding displaced large amounts of people, the reports said.",https://www.pbs.org/newshour/world/at-least-111-people-dead-after-floods-in-mokwa-a-market-town-in-central-nigeria,https://d3i6fh83elv35t.cloudfront.net/static/2025/05/GettyImages-2157386924-1024x683.jpg,https://web.archive.org/web/20250530164521/https://www.pbs.org/newshour/world/at-least-111-people-dead-after-floods-in-mokwa-a-market-town-in-central-nigeria,"ABUJA, Nigeria (AP) At least 111 people were confirmed dead in central Nigeria on Friday after floods submerged the market town of Mokwa in the country’s Niger State following torrential rains, offic… [+2102 chars]",,"Mindestens 111 Menschen sind bei Überschwemmungen in Mokwa, einer Marktstadt in Zentralnigeria, ums Leben gekommen. Die heftigen Regenfälle dauerten am Donnerstag mehrere Stunden, und Medienberichte unter Berufung auf lokale Regierungsbeamte sagten, ein Dammeinbruch in einer nahegelegenen Stadt habe die Situation verschlimmert. Den Berichten zufolge wurden durch die Überschwemmungen große Mengen Menschen vertrieben.","At least 111 people dead after floods in Mokwa, a market town in central Nigeria. The heavy rains lasted for several hours Thursday, and media reports quoting local government officials said a dam collapse in a nearby town had worsened the situation. The flooding displaced large amounts of people, the reports said.","Saltem 111 homines post diluvia in Mokwa mortui, oppidum mercatum Nigeria media. Imbres pluviae per aliquot horas Iovis duraverunt, et media nuntia nuntiantes magistratus locales gubernationem quandam ruinam in oppido vicino situ peiorasse dixerunt. Inundatio luxatis magnas hominum, rumores dixit.",2026-01-07 21:55:04+00:00
09040531287e2032d398fa152658d0c1,2025-05-30T19:45:00Z,'floods',www.bangkokpost.com,en,0.0,Death toll in central Nigeria flooding rises to 115,"MOKWA (NIGERIA) - Flash floods that ripped through parts of central Nigeria have killed at least 115 people, an emergency services official said on Friday, with the toll expected to rise further.",https://www.bangkokpost.com/world/3038440/death-toll-in-central-nigeria-flooding-rises-to-115,https://static.bangkokpost.com/media/content/20250531/c1_5634780_700.jpg,https://web.archive.org/web/20250530224338/https://www.bangkokpost.com/world/3038440/death-toll-in-central-nigeria-flooding-rises-to-115,"MOKWA (NIGERIA) - Flash floods that ripped through parts of central Nigeria have killed at least 115 people, an emergency services official said on Friday, with the toll expected to rise further.
Te… [+3221 chars]",,"Die Zahl der Todesopfer bei Überschwemmungen in Zentralnigeria steigt auf 115. MOKWA (NIGERIA) – Sturzfluten, die Teile Zentralnigerias heimgesucht haben, haben mindestens 115 Menschen getötet, sagte ein Mitarbeiter des Rettungsdienstes am Freitag, wobei die Zahl der Opfer voraussichtlich weiter steigen wird.","Death toll in central Nigeria flooding rises to 115. MOKWA (NIGERIA) - Flash floods that ripped through parts of central Nigeria have killed at least 115 people, an emergency services official said on Friday, with the toll expected to rise further.","Mortui vectigal in Nigeria centralis inundatio oritur 115. MOKWA (NIGERIA) - Inundationes Flash per partes centrales Nigeria divulsae saltem 115 homines occiderunt, officia subitis officialis die Veneris die, cum theloneo longius surgere arbitrati sunt.",2026-01-07 21:55:04+00:00
b3558857394ebf7e67963e842d0af76e,2025-05-30T22:25:31Z,'floods',www.phillymag.com,en,0.0,Climate Change Is Here. Philadelphia Isn’t Ready,Heavier rainfalls that lead to deadly flash floods. Droughts that spark wildfires. Soaring summertime temperatures. And a federal government content with doing nothing. Think Philadelphia is safe from the worst the planet has to offer? Think again.,https://www.phillymag.com/news/2025/05/30/climate-change-crisis-philadelphia/,https://cdn10.phillymag.com/wp-content/uploads/sites/3/2025/05/900-Climate_04.jpg,https://web.archive.org/web/20250601064349/https://www.phillymag.com/news/2025/05/30/climate-change-crisis-philadelphia/,LongformHeavier rainfalls that lead to deadly flash floods. Droughts that spark wildfires. Soaring summertime temperatures. And a federal government content with doing nothing. Think Philadelphia is … [+28882 chars],,"Der Klimawandel ist da. Philadelphia ist nicht bereit. Stärkere Regenfälle, die zu tödlichen Sturzfluten führen. Dürren, die Waldbrände auslösen. Steigende Sommertemperaturen. Und eine Bundesregierung, die sich damit zufrieden gibt, nichts zu tun. Glauben Sie, dass Philadelphia vor dem Schlimmsten, was der Planet zu bieten hat, sicher ist? Denken Sie noch einmal darüber nach.",Climate Change Is Here. Philadelphia Isn’t Ready. Heavier rainfalls that lead to deadly flash floods. Droughts that spark wildfires. Soaring summertime temperatures. And a federal government content with doing nothing. Think Philadelphia is safe from the worst the planet has to offer? Think again.,Clima mutatio hic est. Philadelphia paratus est. Graviores imbres ducunt letifera micare flumina. Siccitates illae scintillae wildfires. Nilum aestatis temperaturae. Et foederati imperio nihil agenti contenti sunt. Putasne Philadelphiam esse securum a pessimo tellure factam offerre? Cogita iterum.,2026-01-07 21:55:04+00:00
53e473b4e08a644d827749f67abd163a,2025-05-31T05:40:58Z,'flooding residents',www.abc.net.au,en,0.0,700 Mud Muster volunteers pull on gumboots to help clean flood-hit town,"Hundreds of volunteers have turned out for a Mud Muster in Taree, New South Wales to help the community clean up after last week's catastrophic floods.",https://www.abc.net.au/news/2025-05-31/mud-muster-volunteeers-help-clean-properties-hit-by-taree-floods/105361918,https://live-production.wcms.abc-cdn.net.au/35b9e2d42ed911fe7609160edf4f7781?impolicy=wcms_watermark_news&cropH=2295&cropW=4080&xPos=0&yPos=389&width=862&height=485&imformat=generic,https://web.archive.org/web/20250531061824/https://www.abc.net.au/news/2025-05-31/mud-muster-volunteeers-help-clean-properties-hit-by-taree-floods/105361918,"More than 700 volunteers are spending the weekend moving around flood-affected areas of Taree in New South Wales to help clean up in the wake of last week's catastrophic floods.
After experiencing m… [+3463 chars]",,"700 Freiwillige von Mud Muster ziehen Gummistiefel an, um bei der Reinigung der von Überschwemmungen betroffenen Stadt zu helfen. Hunderte Freiwillige haben sich zu einer Schlammprobe in Taree, New South Wales, gemeldet, um der Gemeinde bei den Aufräumarbeiten nach den katastrophalen Überschwemmungen der letzten Woche zu helfen.","700 Mud Muster volunteers pull on gumboots to help clean flood-hit town. Hundreds of volunteers have turned out for a Mud Muster in Taree, New South Wales to help the community clean up after last week's catastrophic floods.","700 Mud Muster voluntarii in gumboots trahere ad adiuvandum inundationis urbis mundae. Centum voluntariorum in Taree, Novae South Wales pro Muro Muster evaserunt ut communitati mundandae post ultima septimana catastrophicas diluvia adiuvarent.",2026-01-07 21:55:04+00:00
3efbdf12a49f67aa3896c898def76bd1,2025-05-31T07:05:54Z,'floods',economictimes.indiatimes.com,en,0.0,"Heavy rain causes floods in parts of Assam, 5 killed in landslides","In Assam, incessant rain has triggered landslides, resulting in five fatalities in Kamrup Metropolitan district within 24 hours. Flooding has impacted over 10,000 people across six districts, prompting the opening of relief camps.",https://economictimes.indiatimes.com/news/india/heavy-rain-causes-floods-in-parts-of-assam-5-killed-in-landslides/articleshow/121531540.cms,"https://img.etimg.com/thumb/msid-121531570,width-1200,height-630,imgsize-14550,overlay-economictimes/articleshow.jpg",,"Five persons have been killed in landslides in Assam in the last 24 hours as incessant rain has led to floods in six districts, affecting over 10,000 people, an official bulletin said on Saturday.The… [+2517 chars]",,"Heftige Regenfälle verursachen Überschwemmungen in Teilen von Assam, fünf Menschen kommen bei Erdrutschen ums Leben. In Assam hat der anhaltende Regen Erdrutsche ausgelöst, die im Stadtbezirk Kamrup innerhalb von 24 Stunden zu fünf Todesopfern führten. Über 10.000 Menschen in sechs Bezirken waren von Überschwemmungen betroffen, was zur Eröffnung von Hilfslagern führte.","Heavy rain causes floods in parts of Assam, 5 killed in landslides. In Assam, incessant rain has triggered landslides, resulting in five fatalities in Kamrup Metropolitan district within 24 hours. Flooding has impacted over 10,000 people across six districts, prompting the opening of relief camps.","Imber gravis inundationes in partibus Assam, 5 interemptus proruit. In Assam, pluvia assidua proruit urguebat, ex quinque mortibus in districtu Kamrup Metropolitanae intra 24 horas. Inundatio plus quam decem millia hominum per sex regiones impacta est, castris subsidiorum aperiendis impulsus.",2026-01-07 21:55:04+00:00
32e63d2cfb1614e90ed28daf976fa3a1,2025-05-31T08:00:58Z,'flooding rain',www.nbcnews.com,en,0.0,"Floods kill at least 111 as northern Nigeria battles climate change, dry spells and heavy rainfall","Torrents of predawn rain unleashed flooding that killed at least 111 people in northern Nigeria, officials said, predicting the death toll would grow.",https://www.nbcnews.com/world/africa/nigeria-floods-climate-change-rainfall-dry-spell-hundreds-killed-rcna210106,https://media-cldnry.s-nbcnews.com/image/upload/v1696280772/newsgroup-logos/nbcnews/social/primary-white-1680x840.png,https://web.archive.org/web/20250531081008/https://www.nbcnews.com/world/africa/nigeria-floods-climate-change-rainfall-dry-spell-hundreds-killed-rcna210106,"Torrents of predawn rain unleashed flooding that killed at least 111 people in a market town where northern Nigerian farmers sell their wares to traders from the south, officials said Friday, predict… [+2040 chars]",,"Bei Überschwemmungen kommen mindestens 111 Menschen ums Leben, während Nordnigeria mit dem Klimawandel, Dürreperioden und starken Regenfällen zu kämpfen hat. Sturzfluten vor dem Morgengrauen lösten Überschwemmungen aus, bei denen im Norden Nigerias mindestens 111 Menschen ums Leben kamen, sagten Beamte und prognostizierten, dass die Zahl der Todesopfer noch steigen werde.","Floods kill at least 111 as northern Nigeria battles climate change, dry spells and heavy rainfall. Torrents of predawn rain unleashed flooding that killed at least 111 people in northern Nigeria, officials said, predicting the death toll would grow.","Diluvia occidunt saltem 111 sicut Nigeria septentrionalia proelia mutatione climatis, incantationibus siccis et pluviis gravibus. Torrentes pluviae antelucanae inundationis inundationis qui occisi sunt saltem 111 homines in Nigeria septentrionali, magistratus dixerunt, portorium mortiferum futurum esse praedicentes.",2026-01-07 21:55:04+00:00
4d5702bcfb6f68dcbfaff26c29360f40,2025-05-31T08:14:26Z,'flooding rain',timesofindia.indiatimes.com,en,0.0,Nigeria: Death toll from major floods passes 100,"Torrential rains in central Nigeria have led to devastating floods, resulting in a tragic death toll of at least 111 people. Over 50 homes were swept away in Mokwa, Niger state, with rescue efforts ongoing. The flooding was exacerbated by the collapse of a ne…",https://timesofindia.indiatimes.com/world/rest-of-world/nigeria-death-toll-from-major-floods-passes-100/articleshow/121532411.cms,"https://static.toiimg.com/thumb/msid-121532423,width-1070,height-580,imgsize-1876552,resizemode-75,overlay-toi_sw,pt-32,y_pad-40/photo.jpg",,Aishwarya Rai proves red is her power colour in these 9 dazzling looks,,"Nigeria: Zahl der Todesopfer durch schwere Überschwemmungen übersteigt 100. Sintflutartige Regenfälle in Zentralnigeria haben zu verheerenden Überschwemmungen geführt, die eine tragische Zahl von mindestens 111 Todesopfern zur Folge hatten. Über 50 Häuser wurden in Mokwa, Bundesstaat Niger, weggeschwemmt, die Rettungsmaßnahmen laufen noch. Die Überschwemmung wurde durch den Einsturz eines neuen Gebäudes verschärft.","Nigeria: Death toll from major floods passes 100. Torrential rains in central Nigeria have led to devastating floods, resulting in a tragic death toll of at least 111 people. Over 50 homes were swept away in Mokwa, Niger state, with rescue efforts ongoing. The flooding was exacerbated by the collapse of a ne…","Nigeria: Mors vectigal ex inundationibus maioribus 100 transit. Imbres torrentes in media Nigeria ad inundationes vastandas perduxerunt, consequenter funestissimum vectigal saltem 111 hominum. Plus 50 domos in Mokwa, Niger statu elapsus est, cum perennem opem ferret. Inundatio exasperetur a ne…",2026-01-07 21:55:04+00:00
3dba18c889a139d11bd3a0884edfd057,2025-05-31T08:41:00Z,'flooding landslide',www.dw.com,en,0.0,India: Landslides kill 5 in Assam amid monsoon rain,Monsoon rains have battered parts of Assam in India's northeast. Landslides have left five people dead and urban flooding has affected thousands.,https://www.dw.com/en/india-landslides-kill-5-in-assam-amid-monsoon-rain/a-72742551,https://static.dw.com/image/72742516_6.jpg,,"At least five people were killed in India's northeastern state of Assam as torrential monsoon rains triggered landslides and floods, disaster management officials said on Saturday.
A red alert warni… [+1472 chars]",,"Indien: Erdrutsche töten 5 Menschen in Assam inmitten des Monsunregens. Monsunregen haben Teile von Assam im Nordosten Indiens heimgesucht. Bei Erdrutschen kamen fünf Menschen ums Leben, Tausende waren von städtischen Überschwemmungen betroffen.",India: Landslides kill 5 in Assam amid monsoon rain. Monsoon rains have battered parts of Assam in India's northeast. Landslides have left five people dead and urban flooding has affected thousands.,India: Landslides 5 in Assam inter ETESIA pluviam occidunt. Monsoon pluviae partes Assam in septentriones Indiae quassatae sunt. Prolapsae quinque homines mortuos reliquerunt et mille inundationes urbanas adfecit.,2026-01-07 21:55:04+00:00
043cee6b1f050b40bdde93110fceb044,2025-05-31T09:45:00Z,'flooding',www.bangkokpost.com,en,0.0,Rescue operations under way as Nigeria floods kill at least 150,"ABUJA - Flash flooding earlier this week in central Nigeria killed more than 150 people, a local disaster response spokesman told AFP on Saturday, while displacing 3,000, levelling more than 250 homes and washing away two bridges.",https://www.bangkokpost.com/world/3038875/rescue-operations-under-way-as-nigeria-floods-kill-at-least-150,https://static.bangkokpost.com/media/content/20250531/c1_5635610_700.jpg,https://web.archive.org/web/20250531110959/https://www.bangkokpost.com/world/3038875/rescue-operations-under-way-as-nigeria-floods-kill-at-least-150,"ABUJA - Flash flooding earlier this week in central Nigeria killed more than 150 people, a local disaster response spokesman told AFP on Saturday, while displacing 3,000, levelling more than 250 home… [+3593 chars]",,"Rettungsaktionen sind im Gange, da bei den Überschwemmungen in Nigeria mindestens 150 Menschen ums Leben kommen. ABUJA – Sturzfluten Anfang dieser Woche in Zentralnigeria töteten mehr als 150 Menschen, sagte ein lokaler Katastrophenschutzsprecher am Samstag gegenüber AFP. Dabei wurden 3.000 Menschen vertrieben, mehr als 250 Häuser dem Erdboden gleichgemacht und zwei Brücken weggespült.","Rescue operations under way as Nigeria floods kill at least 150. ABUJA - Flash flooding earlier this week in central Nigeria killed more than 150 people, a local disaster response spokesman told AFP on Saturday, while displacing 3,000, levelling more than 250 homes and washing away two bridges.","Operationes sub modo liberandas sicut Nigeria inundationes saltem 150 occidunt. ABUJA - Flash inundatio ante hac septimana in central Nigeria plus quam 150 homines necavit, responsio localis calamitatis loquentis die Sabbati nuntiavit AFP, cum 3,000 displicuit, plus quam 250 domos aequavit et duos pontes diluit.",2026-01-07 21:55:04+00:00
3152027d20cb7bdeb4d396c489eed31f,2025-05-31T10:37:30Z,'flooding',economictimes.indiatimes.com,en,0.0,"Death toll from reaches 151 in north-central Nigeria town submerged in floods, thousands displaced","Tragedy struck Nigeria as severe flooding in Mokwa claimed over 150 lives. The disaster in Niger state displaced more than 3,000 people. Heavy rainfall caused widespread devastation across three communities. Hundreds of homes were submerged, leaving residents…",https://economictimes.indiatimes.com/news/international/world-news/death-toll-from-reaches-151-in-north-central-nigeria-town-submerged-in-floods-thousands-displaced/articleshow/121534299.cms,"https://img.etimg.com/thumb/msid-121534307,width-1200,height-630,imgsize-396108,overlay-economictimes/articleshow.jpg",https://web.archive.org/web/20250531111849/https://economictimes.indiatimes.com/news/international/world-news/death-toll-from-reaches-151-in-north-central-nigeria-town-submerged-in-floods-thousands-displaced/articleshow/121534299.cms,"At least 151 people have now been confirmed dead after heavy rainfall unleashed flooding in a market town in north-central Nigeria, the local emergency services told The Associated Press on Saturday.… [+488 chars]",,"Die Zahl der Todesopfer in einer von Überschwemmungen überschwemmten Stadt im Norden Nigerias liegt bei 151, Tausende wurden vertrieben. Nigeria wurde von einer Tragödie heimgesucht, als schwere Überschwemmungen in Mokwa über 150 Menschenleben forderten. Die Katastrophe im Bundesstaat Niger hat mehr als 3.000 Menschen vertrieben. Heftige Regenfälle verursachten in drei Gemeinden weitreichende Verwüstungen. Hunderte Häuser standen unter Wasser und ließen die Bewohner zurück …","Death toll from reaches 151 in north-central Nigeria town submerged in floods, thousands displaced. Tragedy struck Nigeria as severe flooding in Mokwa claimed over 150 lives. The disaster in Niger state displaced more than 3,000 people. Heavy rainfall caused widespread devastation across three communities. Hundreds of homes were submerged, leaving residents…","Mortuus vectigal ab attingit 151 in oppido Nigeria mediae septentrionali in inundationibus submersis, mille motis. Tragoedia Nigeriam percussit ut gravem inundationem in Mokwa super 150 vitas asseruit. Clades statu Nigro plus quam 3,000 hominum emota est. Imbribus gravis strages per tres communitates divulgatam effecit. Centum domorum submersae sunt, habitantes relinquentes…",2026-01-07 21:55:04+00:00
5f8eca9bf44f12d8aa88ec9e954b9e17,2025-05-31T10:58:00Z,'flooding damage',www.dw.com,en,0.0,Nigeria: Death toll from major floods passes 150,Torrential rains in central Nigeria on Wednesday triggered flooding and widespread damage. Rescuers say the death toll has surpassed 150 people.,https://www.dw.com/en/nigeria-death-toll-from-major-floods-passes-150/a-72737035,https://static.dw.com/image/72737157_6.jpg,https://web.archive.org/web/20250531131450/https://www.dw.com/en/nigeria-death-toll-from-major-floods-passes-150/a-72737035,"The death toll from widespread floods in central Nigeria rose to more than 150 people on Saturday, local emergency services reported.
After torrential rains earlier in the week, flood waters have sw… [+2116 chars]",,"Nigeria: Zahl der Todesopfer durch schwere Überschwemmungen übersteigt 150. Sintflutartige Regenfälle in Zentralnigeria lösten am Mittwoch Überschwemmungen und weitreichende Schäden aus. Retter sagen, dass die Zahl der Todesopfer 150 Menschen überschritten hat.",Nigeria: Death toll from major floods passes 150. Torrential rains in central Nigeria on Wednesday triggered flooding and widespread damage. Rescuers say the death toll has surpassed 150 people.,Nigeria: Mors vectigal ex inundationibus maioribus 150. Imbres torrentes in Nigeria centralis die Mercurii inundationem et damnum late urunt. Elevatores dicunt mortis vectigal superasse 150 homines.,2026-01-07 21:55:04+00:00
04bf85f4022c86842a6fa3ab39ea1175,2025-05-31T11:13:35Z,'floods',abcnews.go.com,en,0.0,"Death toll reaches 151 in Nigeria town submerged in floods, thousands displaced","At least 151 people have now been confirmed dead after heavy rainfall unleashed flooding in a market town in north-central Nigeria, the local emergency services told The Associated Press on Saturday",https://abcnews.go.com/International/wireStory/death-toll-reaches-151-north-central-nigeria-town-122375799,https://i.abcnewsfe.com/a/c9fd2b2b-11c7-4b03-afac-a84718e91333/wirestory_c29db671f8b92972d8800a82adb2cd97_16x9.jpg?w=1600,https://web.archive.org/web/20250601041703/https://abcnews.go.com/International/wireStory/death-toll-reaches-151-north-central-nigeria-town-122375799,"ABUJA, Nigeria -- At least 151 people have now been confirmed dead after heavy rainfall unleashed flooding in a market town in north-central Nigeria, the local emergency services told The Associated … [+1529 chars]",,"Zahl der Todesopfer in einer von Überschwemmungen überschwemmten Stadt in Nigeria erreicht 151, Tausende wurden vertrieben. Mindestens 151 Menschen wurden inzwischen als tot bestätigt, nachdem heftige Regenfälle in einer Marktgemeinde im Norden Zentralnigerias zu Überschwemmungen geführt hatten, teilten die örtlichen Rettungsdienste am Samstag der Associated Press mit","Death toll reaches 151 in Nigeria town submerged in floods, thousands displaced. At least 151 people have now been confirmed dead after heavy rainfall unleashed flooding in a market town in north-central Nigeria, the local emergency services told The Associated Press on Saturday","Mors vectigal pervenit 151 in Nigeria oppidum in inundationibus submersum, mille motiis. Saltem 151 homines iam mortuos confirmati sunt post graves pluvias inundationem inundationem in oppido mercato Nigeria septentrionali centrali, officia localia subitis nuntiaverunt Die Saturni Press Associati",2026-01-07 21:55:04+00:00
611b24cbe0911109ec47ffe0a83150e7,2025-05-31T11:46:12Z,'flooding climate change',www.cbsnews.com,en,0.0,Death toll after floods submerge Nigeria town rises to 151; thousands displaced,Communities in northern Nigeria have been experiencing prolonged dry spells worsened by climate change and excessive rainfall that leads to severe flooding during the brief wet season.,https://www.cbsnews.com/news/mokwa-nigeria-floods-death-toll-latest/,https://assets2.cbsnewsstatic.com/hub/i/r/2025/05/31/54577aba-66e2-4fd4-b6bb-0909f9fe455e/thumbnail/1200x630/a6288ee9f802bf43701d314d0032a8e2/ap25150778236558.jpg?v=15603985a4508c8e7bc83d8e4e73c5d0,https://web.archive.org/web/20250531115315/https://www.cbsnews.com/news/mokwa-nigeria-floods-death-toll-latest/,"At least 151 people have now been confirmed dead after heavy rainfall unleashed flooding in a market town in north-central Nigeria, the local emergency services told The Associated Press on Saturday.… [+1736 chars]",,"Zahl der Todesopfer nach Überschwemmungen in nigerianischer Stadt steigt auf 151; Tausende vertrieben. Gemeinden im Norden Nigerias leiden unter anhaltenden Trockenperioden, die durch den Klimawandel und übermäßige Regenfälle verschlimmert werden und während der kurzen Regenzeit zu schweren Überschwemmungen führen.",Death toll after floods submerge Nigeria town rises to 151; thousands displaced. Communities in northern Nigeria have been experiencing prolonged dry spells worsened by climate change and excessive rainfall that leads to severe flooding during the brief wet season.,"Mortui vectigal, postquam inundationes Nigeria submergunt, oppidum insurgit 151; millia emota. Communitates in Nigeria septentrionali expertae sunt diuturnas incantationes aridas graviores per mutationem climatis et pluvias nimias quae graves inundationes per breve tempus humidum ducit.",2026-01-07 21:55:04+00:00
8df6e8158a83ea21fbceed51a5a62369,2025-05-31T11:47:43Z,'flooding rain',www.yahoo.com,en,0.0,Sudden hailstorm lashes Egypt's Alexandria,"An unseasonal rainstorm battered the Egyptian city of Alexandria on Saturday, flooding roads and damaging seafront businesses in the latest bout of erratic...",https://www.yahoo.com/news/sudden-hailstorm-lashes-egypts-alexandria-114743395.html,https://media.zenfs.com/en/afp.com/b6c135eaf7edefbbed418a4972fdc1e2,https://web.archive.org/web/20250531125546/https://www.yahoo.com/news/sudden-hailstorm-lashes-egypts-alexandria-114743395.html,"An unseasonal rainstorm battered the Egyptian city of Alexandria on Saturday, flooding roads and damaging seafront businesses in the latest bout of erratic weather to hit the region.
Hailstones pelt… [+1273 chars]",,"Plötzlicher Hagelsturm peitscht Ägyptens Alexandria. Ein für die Jahreszeit ungewöhnlicher Regensturm hat am Samstag die ägyptische Stadt Alexandria heimgesucht, Straßen überschwemmt und Geschäfte am Meer in der jüngsten unregelmäßigen Welle beschädigt...","Sudden hailstorm lashes Egypt's Alexandria. An unseasonal rainstorm battered the Egyptian city of Alexandria on Saturday, flooding roads and damaging seafront businesses in the latest bout of erratic...","Subita grandine Alexandriam Aegypti verberat. Imbribus intempestivos Alexandriam Saturni die Aegypti urbem quatiebat, inundans vias et detrimenta rerum maritimarum in ultimis IRCA erraticae ...",2026-01-07 21:55:04+00:00
fa71f9b990cf2dd4ef35182c035f8a29,2025-05-31T12:05:09Z,'flooding relief',www.huffpost.com,en,0.0,"Death Toll From Reaches 151 In Nigeria Town Submerged In Floods, Thousands Displaced",Torrents of predawn rainfall early Thursday unleashed the devastating flood on Mokwa in north-central Nigeria.,https://www.huffpost.com/entry/nigeria-floods-death-toll_n_683aeeb2e4b0c79438c3522d,https://img.huffingtonpost.com/asset/683aeeb51600002a0074593d.jpeg?ops=1200_630,https://web.archive.org/web/20250531121414/https://www.huffpost.com/entry/nigeria-floods-death-toll_n_683aeeb2e4b0c79438c3522d,"People search in flooded area following a downpour in Mokwa, Nigeria.
ABUJA, Nigeria (AP) The death toll from devastating flooding in a market town in Nigerias north-central state of Niger rose to a… [+3529 chars]",,"Die Zahl der Todesopfer liegt bei 151 in einer von Überschwemmungen überschwemmten Stadt in Nigeria, Tausende wurden vertrieben. Sturzfluten vor dem Morgengrauen lösten am frühen Donnerstag eine verheerende Überschwemmung in Mokwa im Norden Zentralnigerias aus.","Death Toll From Reaches 151 In Nigeria Town Submerged In Floods, Thousands Displaced. Torrents of predawn rainfall early Thursday unleashed the devastating flood on Mokwa in north-central Nigeria.","Mors Toll from Reaches 151 In Nigeria Urbs In Diluvio demersa, Milia emota. Torrentes pluviae antelucanae diei Iovis mane inundaverunt vastantem diluvium Mokwa in Nigeria septentrionali-centrali.",2026-01-07 21:55:04+00:00
1e30dfe74e36c598b3e58a76fa1f26f3,2025-05-31T12:42:19Z,'floods',www.aljazeera.com,en,0.0,Nigeria floods death toll crosses 150 as thousands displaced,"At least 3,018 people displaced and 265 houses destroyed in the floods in central Nigeria as more rains are feared.",https://www.aljazeera.com/news/2025/5/31/nigeria-floods-death-toll-crosses-150-as-thousands-displaced,https://www.aljazeera.com/wp-content/uploads/2025/05/ap_683adf3510657-1748688693.jpg?resize=1920%2C1440,https://web.archive.org/web/20250531131700/https://www.aljazeera.com/news/2025/5/31/nigeria-floods-death-toll-crosses-150-as-thousands-displaced,"More than 150 people have been killed and thousands displaced after floods devastated parts of central Nigeria, local authorities said, as rescue teams continue to recover bodies and search for the m… [+2509 chars]",,"Zahl der Todesopfer bei Überschwemmungen in Nigeria übersteigt 150, Tausende wurden vertrieben. Bei den Überschwemmungen in Zentralnigeria wurden mindestens 3.018 Menschen vertrieben und 265 Häuser zerstört, da weitere Regenfälle befürchtet werden.","Nigeria floods death toll crosses 150 as thousands displaced. At least 3,018 people displaced and 265 houses destroyed in the floods in central Nigeria as more rains are feared.","Nigeria inundationes mortuorum cruces 150 ut mille luxatis. Saltem 3,018 homines luxatis et 265 domuum in inundationibus in media Nigeria destructis, sicut plures pluviae timentur.",2026-01-07 21:55:04+00:00
642a274328661cada4c864ad1c85b7b6,2025-05-31T13:29:46Z,'flooding residents',www.thejournal.ie,en,0.0,'We lost many lives': Flooding in Nigerian town leaves at 151 people dead,Residents were mourning the dead today as some awaited news of their loved ones still unaccounted for.,https://www.thejournal.ie/flooding-in-nigerian-town-leaves-at-151-people-dead-6720509-May2025/,https://img2.thejournal.ie/article/6720509/river/?height=400&version=6720512,https://web.archive.org/web/20250531141838/https://www.thejournal.ie/flooding-in-nigerian-town-leaves-at-151-people-dead-6720509-May2025/,"AT LEAST 151 people have been confirmed dead after heavy rainfall unleashed devastating flooding in the market town of Mokwa in north-central Nigeria.
More than 3,000 people have been displaced by t… [+3310 chars]",,"„Wir haben viele Leben verloren“: Bei einer Überschwemmung in einer nigerianischen Stadt kommen 151 Menschen ums Leben. Die Bewohner trauerten heute um die Toten, während einige auf die Nachricht warteten, dass ihre Angehörigen immer noch vermisst würden.",'We lost many lives': Flooding in Nigerian town leaves at 151 people dead. Residents were mourning the dead today as some awaited news of their loved ones still unaccounted for.,"""Multam vitam amisimus"": inundatio in oppido Nigeria relinquit 151 homines mortuos. Residentes hodie mortui lugent sicut quidam exspectant nuntium suorum carorum adhuc inexplicabilem.",2026-01-07 21:55:04+00:00
c75688b708cf18d6e489d099c5b8832e,2025-05-31T13:30:00Z,'flooding rain',www.newser.com,en,0.0,"In Just Hours, the Waters Rose to Roof Level","The death toll from devastating flooding in a market town in Nigeria's north-central state of Niger rose to at least 151 on Saturday, the local emergency service said, amid efforts to find more victims. Torrents of predawn rainfall early Thursday unleashed th…",https://www.newser.com/story/369543/in-just-hours-the-waters-rose-to-roof-level.html,https://img1-azrcdn.newser.com/image/1613702-12-20250531083002.jpeg,https://web.archive.org/web/20250531162749/http://www.newser.com/story/369543/in-just-hours-the-waters-rose-to-roof-level.html,"The death toll from devastating flooding in a market town in Nigeria's north-central state of Niger rose to at least 151 on Saturday, the local emergency service said, amid efforts to find more victi… [+1992 chars]",,"In nur wenigen Stunden stieg das Wasser auf Dachniveau. Die Zahl der Todesopfer durch verheerende Überschwemmungen in einer Marktgemeinde im zentralnigerianischen Bundesstaat Niger stieg am Samstag auf mindestens 151, teilte der örtliche Rettungsdienst mit, während versucht wurde, weitere Opfer zu finden. Ströme von Regenfällen vor dem Morgengrauen lösten am frühen Donnerstag …","In Just Hours, the Waters Rose to Roof Level. The death toll from devastating flooding in a market town in Nigeria's north-central state of Niger rose to at least 151 on Saturday, the local emergency service said, amid efforts to find more victims. Torrents of predawn rainfall early Thursday unleashed th…","In Horis Justis, Aquae Rose ad Tectum Level. Theloneum mortis populatione inundationis in oppido emporio Nigeriae statu medio septentrionali Nigri exortus est ut saltem 151 die Sabbati, servitus localis necessitatis dixit, inter conatus plures victimas invenire. Torrentes antelucani pluviae primo Iovis invehitur th ...",2026-01-07 21:55:04+00:00
b3237114628270bd05b795a3433e5ca2,2025-05-31T13:55:10Z,'flooding residents',nypost.com,en,0.0,"Devastating flooding in Nigeria kills over 151, displaces thousands","The death toll from devastating flooding in a market town in Nigeria’s north-central state of Niger rose to at least 151 on Saturday, the local emergency service said, amid efforts to find more victims.",https://nypost.com/2025/05/31/world-news/deadly-flooding-hits-nigeria-thousands-displaced/,https://nypost.com/wp-content/uploads/sites/2/2025/05/newspress-collage-85zm3tk06-1748697086063.jpg?quality=75&strip=all&1748682703&w=1024,https://web.archive.org/web/20250531143900/https://nypost.com/2025/05/31/world-news/deadly-flooding-hits-nigeria-thousands-displaced/,"The death toll from devastating flooding in a market town in Nigerias north-central state of Niger rose to at least 151 on Saturday, the local emergency service said, amid efforts to find more victim… [+2341 chars]",,"Bei den verheerenden Überschwemmungen in Nigeria kommen über 151 Menschen ums Leben, Tausende werden vertrieben. Die Zahl der Todesopfer durch verheerende Überschwemmungen in einer Marktgemeinde im nördlich-zentralen nigerianischen Bundesstaat Niger stieg am Samstag auf mindestens 151, teilte der örtliche Rettungsdienst mit, während versucht wurde, weitere Opfer zu finden.","Devastating flooding in Nigeria kills over 151, displaces thousands. The death toll from devastating flooding in a market town in Nigeria’s north-central state of Niger rose to at least 151 on Saturday, the local emergency service said, amid efforts to find more victims.","Inundatio in Nigeria vastans plus quam CLI interficit, milia supplantat. Mortuum vectigal ex  inundatione  vastandi  in  oppido  mercatu  Nigriiae  in  statu  septentrionali  centri  Nigri  surrexit, ut saltem 151 die Sabbati, subitis loci officium dixit, inter conatus plures victimas invenire.",2026-01-07 21:55:04+00:00
6d7162e0c0485a4562275a50e9f78e4c,2025-05-31T13:59:26Z,'flooding landslide',economictimes.indiatimes.com,en,0.0,"Incessant rains trigger floods, landslides in Northeast India, kills over 20 people in one day","Northeast India faced severe flooding and landslides. Over twenty people died in the last 24 hours. Guwahati, Lakhimpur, and Arunachal Pradesh were badly hit. Landslides and house collapses caused many deaths. Assam issued red alerts in twelve districts. Reli…",https://economictimes.indiatimes.com/news/india/incessant-rain-triggers-floods-landslides-in-northeast-india-kills-over-20-people-in-one-day/articleshow/121536779.cms,"https://img.etimg.com/thumb/msid-121536755,width-1200,height-630,imgsize-424352,overlay-economictimes/articleshow.jpg",https://web.archive.org/web/20250531143610/https://economictimes.indiatimes.com/news/india/incessant-rain-triggers-floods-landslides-in-northeast-india-kills-over-20-people-in-one-day/articleshow/121536779.cms,Incessant rain triggered flooding and landslides leading to the death of over 20 people in the last 24 hours in Northeast India.At least five persons died in Guwahati in the past 24 hours as incessan… [+2979 chars],,"Unaufhörliche Regenfälle lösen Überschwemmungen und Erdrutsche im Nordosten Indiens aus, bei denen an einem Tag über 20 Menschen ums Leben kommen. Im Nordosten Indiens kam es zu schweren Überschwemmungen und Erdrutschen. In den letzten 24 Stunden starben über zwanzig Menschen. Guwahati, Lakhimpur und Arunachal Pradesh wurden schwer getroffen. Erdrutsche und Häusereinstürze verursachten viele Todesopfer. Assam gab in zwölf Bezirken Alarmstufe Rot aus. Reli…","Incessant rains trigger floods, landslides in Northeast India, kills over 20 people in one day. Northeast India faced severe flooding and landslides. Over twenty people died in the last 24 hours. Guwahati, Lakhimpur, and Arunachal Pradesh were badly hit. Landslides and house collapses caused many deaths. Assam issued red alerts in twelve districts. Reli…","Imbres crebrae inundationes trigger, proruit in India septentrionali, super viginti homines uno die necat. Indiae septentrionales graves inundationes et proruit adversa. Plus viginti homines in proximis 24 horis mortui sunt. Guwahati, Lakhimpur, et Arunachal Pradesh male percussi sunt. Proruit et domus collapsa multas mortes effecit. Assam summis rubris edita in duodecim regionibus. Reli…",2026-01-07 21:55:04+00:00
83ae5a9bd52a9a708ac6e74abe873243,2025-05-31T14:14:00Z,'flooding',news.sky.com,en,0.0,At least 150 killed after heavy flooding in Nigeria,"Torrents of water that barrelled through a market town in Nigeria’s north-central state of Niger this week have now killed at least 151 people, officials said on Saturday.",https://news.sky.com/story/at-least-150-killed-after-heavy-flooding-in-nigeria-13377304,https://e3.365dm.com/25/05/1600x900/skynews-nigeria-flooding-niger_6931918.jpg?20250531134759,https://web.archive.org/web/20250531143656/https://news.sky.com/story/at-least-150-killed-after-heavy-flooding-in-nigeria-13377304,"Torrents of water that barrelled through a market town in Nigerias north-central state of Niger this week have now killed at least 151 people, officials said on Saturday.
Heavy rain that began falli… [+3574 chars]",,"Mindestens 150 Tote nach schweren Überschwemmungen in Nigeria. Wasserströme, die diese Woche durch eine Marktgemeinde im nördlich-zentralen nigerianischen Bundesstaat Niger strömten, haben inzwischen mindestens 151 Menschen getötet, sagten Beamte am Samstag.","At least 150 killed after heavy flooding in Nigeria. Torrents of water that barrelled through a market town in Nigeria’s north-central state of Niger this week have now killed at least 151 people, officials said on Saturday.","Saltem 150 post gravem inundationem in Nigeria occisus est. Torrentes aquarum qui dolium per oppidum nundinae Nigeriae in statu septentrionali-mediali Nigri hac septimana nunc occiderunt saltem 151 homines, ministri die Saturni dixerunt.",2026-01-07 21:55:04+00:00
208fcec412c6746620284385ee6746f0,2025-05-31T14:17:29Z,'flooding',www.pbs.org,en,0.0,Death toll rises to 151 after flooding in north-central Nigeria,"More than 3,000 people were displaced in the flooding in the town of Mokwa in Niger state, more than 180 miles west of Abuja, the capital of Africa’s most populous nation, a Niger state emergency agency spokesman said.",https://www.pbs.org/newshour/world/death-toll-rises-to-151-after-flooding-in-north-central-nigeria,https://d3i6fh83elv35t.cloudfront.net/static/2025/05/GettyImages-2217219826-1024x768.jpg,https://web.archive.org/web/20250531143211/https://www.pbs.org/newshour/world/death-toll-rises-to-151-after-flooding-in-north-central-nigeria,"ABUJA, Nigeria (AP) The death toll from devastating flooding in a market town in Nigerias north-central state of Niger rose to at least 151 on Saturday, the local emergency service said, amid efforts… [+2215 chars]",,"Nach Überschwemmungen im Norden Nigerias steigt die Zahl der Todesopfer auf 151. Mehr als 3.000 Menschen wurden bei der Überschwemmung in der Stadt Mokwa im Bundesstaat Niger, mehr als 180 Meilen westlich von Abuja, der Hauptstadt des bevölkerungsreichsten Landes Afrikas, vertrieben, sagte ein Sprecher der staatlichen Nothilfebehörde des Staates Niger.","Death toll rises to 151 after flooding in north-central Nigeria. More than 3,000 people were displaced in the flooding in the town of Mokwa in Niger state, more than 180 miles west of Abuja, the capital of Africa’s most populous nation, a Niger state emergency agency spokesman said.","Mortuus vectigal ascendit 151 post inundationem Nigeria-medialis septentrionalis. Plus quam 3,000 homines in inundatione civitatis Mokwa in Nigro civitate expulsi sunt, plus quam CLXXX milia passuum occidentalis Abuja, caput celeberrimae nationis Africae, a Niger re publica subitis orator locutus est.",2026-01-07 21:55:04+00:00
f1290b57ed28ccf955378d4977b06ce0,2025-05-31T14:22:31Z,'flooding',abcnews.go.com,en,0.0,India's monsoon floods kill at least 22 people in the country's northeast,Landslides and flash flooding in India's northeast have killed at least 22 people,https://abcnews.go.com/International/wireStory/indias-monsoon-floods-kill-22-people-countrys-northeast-122378897,https://i.abcnewsfe.com/a/afa268f3-0463-4811-a33b-ad52a6e034ed/wirestory_4baee8dfd8518be63fae08cc2c2e58e0_16x9.jpg?w=1600,https://web.archive.org/web/20250601021159/https://abcnews.go.com/International/wireStory/indias-monsoon-floods-kill-22-people-countrys-northeast-122378897,"GUWAHATI, India -- Landslides and flash flooding triggered by days of torrential monsoon rains in Indias northeast have killed at least 22 people, officials said Saturday.
Five people, including thr… [+1448 chars]",,Bei den Monsunfluten in Indien kommen im Nordosten des Landes mindestens 22 Menschen ums Leben. Bei Erdrutschen und Sturzfluten im Nordosten Indiens kamen mindestens 22 Menschen ums Leben,India's monsoon floods kill at least 22 people in the country's northeast. Landslides and flash flooding in India's northeast have killed at least 22 people,ETESIA Indiae inundationes saltem viginti hominum inter septentriones patriae occidunt. Proruit et mico inundatio in India septentriones occidit saltem XXII populus,2026-01-07 21:55:04+00:00
a2a666648a00a6b688fc87524f2bf32f,2025-05-31T14:27:15Z,'flooding',biztoc.com,en,0.0,Death toll rises to 151 after flooding in north-central Nigeria,"More than 3,000 people were displaced in the flooding in the town of Mokwa in Niger state, more than 180 miles west of Abuja, the capital of Africa’s most populous nation, a Niger state emergency agency spokesman said.",https://biztoc.com/x/a123699580eb7240,https://biztoc.com/cdn/a123699580eb7240_s.webp,,"More than 3,000 people were displaced in the flooding in the town of Mokwa in Niger state, more than 180 miles west of Abuja, the capital of Africas most populous nation, a Niger state emergency agen… [+71 chars]",,"Nach Überschwemmungen im Norden Nigerias steigt die Zahl der Todesopfer auf 151. Mehr als 3.000 Menschen wurden bei der Überschwemmung in der Stadt Mokwa im Bundesstaat Niger, mehr als 180 Meilen westlich von Abuja, der Hauptstadt des bevölkerungsreichsten Landes Afrikas, vertrieben, sagte ein Sprecher der staatlichen Nothilfebehörde des Staates Niger.","Death toll rises to 151 after flooding in north-central Nigeria. More than 3,000 people were displaced in the flooding in the town of Mokwa in Niger state, more than 180 miles west of Abuja, the capital of Africa’s most populous nation, a Niger state emergency agency spokesman said.","Mortuus vectigal ascendit 151 post inundationem Nigeria-medialis septentrionalis. Plus quam 3,000 homines in inundatione civitatis Mokwa in Nigro civitate expulsi sunt, plus quam CLXXX milia passuum occidentalis Abuja, caput celeberrimae nationis Africae, a Niger re publica subitis orator locutus est.",2026-01-07 21:55:04+00:00
8de62406a009811cb11351783fa300d9,2025-05-31T14:40:29Z,'flooding mudslide',www.independent.ie,en,0.0,Flash flooding and landslides kill 22 in north-east India,Landslides and flash flooding triggered by days of torrential monsoon rains in India's north east have killed at least 22 people.,https://www.independent.ie/world-news/asia-pacific/flash-flooding-and-landslides-kill-22-in-north-east-india/a1645195575.html,https://focus.independent.ie/thumbor/cfcajg5muTvGnv7jaivS5e8-dWs=/0x0:3270x2179/629x0/prod-mh-ireland/4d5307a3-c514-468b-94aa-b29626208637/1d3ec33d-7e3d-4d3d-a542-506250dacefe/4d5307a3-c514-468b-94aa-b29626208637.jpg,https://web.archive.org/web/20250601001208/https://www.independent.ie/world-news/asia-pacific/flash-flooding-and-landslides-kill-22-in-north-east-india/a1645195575.html,"Landslides and flash flooding triggered by days of torrential monsoon rains in India's north east have killed at least 22 people.
Five people, including three from a single family, were killed on Sa… [+113 chars]",,"Bei Sturzfluten und Erdrutschen kommen im Nordosten Indiens 22 Menschen ums Leben. Erdrutsche und Sturzfluten, ausgelöst durch tagelange sintflutartige Monsunregenfälle im Nordosten Indiens, haben mindestens 22 Menschen das Leben gekostet.",Flash flooding and landslides kill 22 in north-east India. Landslides and flash flooding triggered by days of torrential monsoon rains in India's north east have killed at least 22 people.,"Fulgura inundatio et proruit 22 in India aquilo-orientali. Proruit et mico inundatio Urguet diebus pluviis torrentis ETESIAE in Oriente Indiae septentrionalis, saltem viginti homines occiderunt.",2026-01-07 21:55:04+00:00
06f2d05d0c847cf1b6c3b1ede1d43d7d,2025-05-31T14:40:39Z,'floods',www.bbc.com,en,0.0,Death toll from Nigeria flash floods rises to 151,Emergency services warn the number of victims may rise as recovery and rescue operations continue.,https://www.bbc.com/news/articles/c5ye22l7zg1o,https://ichef.bbci.co.uk/news/1024/branded_news/8d65/live/ccd39e40-3e28-11f0-bace-e1270fc31f5e.jpg,https://web.archive.org/web/20250531145427/https://www.bbc.com/news/articles/c5ye22l7zg1o,"At least 151 people in central Nigeria are now known to have died following flash floods that destroyed homes and displaced thousands of residents earlier this week.
The Niger State Emergency Manage… [+1559 chars]",,"Die Zahl der Todesopfer durch Sturzfluten in Nigeria steigt auf 151. Rettungsdienste warnen davor, dass die Zahl der Opfer steigen könnte, wenn die Bergungs- und Rettungsarbeiten fortgesetzt werden.",Death toll from Nigeria flash floods rises to 151. Emergency services warn the number of victims may rise as recovery and rescue operations continue.,"Mortuus vectigal ex Nigeria inundationes mico exoritur 151. Subitis officia moneo numerum victimarum oriri posse, ut res recuperare et operationes liberare perseverent.",2026-01-07 21:55:04+00:00
1c2dd229065e17c4350f3662b9a322ce,2025-05-31T15:20:00Z,'flooding',www.thestar.com.my,en,0.0,"18 killed as heavy rain trigger landslides, flood across India's Northeast and South","Heavy rainfall over the past two days triggered landslides and widespread flooding in India's northeast and south, killing at least 18 people and affecting thousands of others, officials said Saturday (May 31). Read full story",https://www.thestar.com.my/aseanplus/aseanplus-news/2025/05/31/18-killed-as-heavy-rain-trigger-landslides-flood-across-india039s-northeast-and-south,https://apicms.thestar.com.my/uploads/images/2025/05/31/3345133.jpg,https://web.archive.org/web/20250531160059/https://www.thestar.com.my/aseanplus/aseanplus-news/2025/05/31/18-killed-as-heavy-rain-trigger-landslides-flood-across-india039s-northeast-and-south,"NEW DELHI (Bernama-Xinhua): Heavy rainfall over the past two days triggered landslides and widespread flooding in India's northeast and south, killing at least 18 people and affecting thousands of ot… [+2247 chars]",,"18 Tote, als heftige Regenfälle Erdrutsche und Überschwemmungen im Nordosten und Süden Indiens auslösten. Starke Regenfälle in den letzten zwei Tagen lösten Erdrutsche und großflächige Überschwemmungen im Nordosten und Süden Indiens aus, bei denen mindestens 18 Menschen ums Leben kamen und Tausende weitere betroffen waren, sagten Beamte am Samstag (31. Mai). Lesen Sie die ganze Geschichte","18 killed as heavy rain trigger landslides, flood across India's Northeast and South. Heavy rainfall over the past two days triggered landslides and widespread flooding in India's northeast and south, killing at least 18 people and affecting thousands of others, officials said Saturday (May 31). Read full story","18 Interfecti sunt sicut pluviae felis proruit, inundatio per septentriones et meridiem Indiae. Imbribus gravis super praeteritum duos dies proruit et diffusa inundatio in Indiae septentrionalis et australis, saltem duodequadraginta homines occidens et mille alios afficiens, officiales Saturni dixerunt (31 Maii). Read full story",2026-01-07 21:55:04+00:00
61295a2f7995b965761889a3ba0f870d,2025-05-31T15:20:13Z,'floods',www.syllad.com,en,0.0,"Floods shatter NH-17 at Boko and Chaygaon, cutting Tura-Guwahati route; one drowns in Gijang River","Severe flooding in Assam and Meghalaya has wreaked havoc on road connectivity and claimed at least one life. A crucial stretch of National Highway 17 (NH-17) was washed away in Boko and Chaygaon, cutting off road communication between Tura and Guwahati for th…",https://www.syllad.com/floods-shatter-nh-17-at-boko-and-chaygaon-cutting-tura-guwahati-route-one-drowns-in-gijang-river/,https://www.syllad.com/wp-content/uploads/2025/05/NH17.jpg,https://web.archive.org/web/20250601102927/https://www.syllad.com/floods-shatter-nh-17-at-boko-and-chaygaon-cutting-tura-guwahati-route-one-drowns-in-gijang-river/,"Syllad | The Rising MeghalayaMay 31, 2025
Severe flooding in Assam and Meghalaya has wreaked havoc on road connectivity and claimed at least one life. A crucial stretch of National Highway 17 (NH-17… [+2316 chars]",,"Überschwemmungen zerstören NH-17 bei Boko und Chaygaon und unterbrechen die Route Tura-Guwahati; einer ertrinkt im Fluss Gijang. Schwere Überschwemmungen in Assam und Meghalaya haben die Straßenanbindung zerstört und mindestens ein Todesopfer gefordert. In Boko und Chaygaon wurde ein entscheidender Abschnitt des National Highway 17 (NH-17) weggespült, wodurch die Straßenverbindung zwischen Tura und Guwahati unterbrochen wurde.","Floods shatter NH-17 at Boko and Chaygaon, cutting Tura-Guwahati route; one drowns in Gijang River. Severe flooding in Assam and Meghalaya has wreaked havoc on road connectivity and claimed at least one life. A crucial stretch of National Highway 17 (NH-17) was washed away in Boko and Chaygaon, cutting off road communication between Tura and Guwahati for th…","Flumina NH-XVII conlidunt ad Boko et Chaygaon, itinere Tura-Guwahati secantes; unus Drowns in Gijang Flumen. Gravis inundatio in Assam et Meghalaya stragem in via conectivitatis incidit et unam saltem vitam petita est. Protentum cruciale nationalis via 17 (NH-17) in Boko et Chaygaon abluta est, interclusio itineris communicationis inter Tura et Guwahati pro th…",2026-01-07 21:55:04+00:00
3ae5754116082e2e8c54a6cd6a064579,2025-05-31T15:45:52Z,'flooding rain',timesofindia.indiatimes.com,en,0.0,Metro 3 services resume at Acharya Atre chowk after rain induced disruption,"Mumbai: Six days after it was shut due to heavy rainfall and flooding, passenger services at the Acharya Atre Chowk station on Metro Line 3 resumed on.",https://timesofindia.indiatimes.com/city/mumbai/metro-3-services-resume-at-acharya-atre-chowk-after-rain-induced-disruption/articleshow/121538074.cms,"https://static.toiimg.com/thumb/msid-117518375,width-1070,height-580,imgsize-419011,resizemode-75,overlay-toi_sw,pt-32,y_pad-40/photo.jpg",https://web.archive.org/web/20250531155945/https://timesofindia.indiatimes.com/city/mumbai/metro-3-services-resume-at-acharya-atre-chowk-after-rain-induced-disruption/articleshow/121538074.cms,"9 books that leave people in deep thought, awe, and dilemmas of life",,Der Verkehr der Metro 3 am Acharya Atre Chowk wird nach einer durch Regen verursachten Störung wieder aufgenommen. Mumbai: Sechs Tage nach der Schließung wegen starker Regenfälle und Überschwemmungen wurde der Personenverkehr an der Station Acharya Atre Chowk der U-Bahn-Linie 3 wieder aufgenommen.,"Metro 3 services resume at Acharya Atre chowk after rain induced disruption. Mumbai: Six days after it was shut due to heavy rainfall and flooding, passenger services at the Acharya Atre Chowk station on Metro Line 3 resumed on.","Metro 3 officia repetunt in Acharya Atre chowk post pluviam distractionem inductam. Mumbai: Sex dies postquam clausa erat ob pluvias graves et inundationem, officia vectoris apud stationem Acharya Atre Chowk in Metro Linea 3 resumpta est.",2026-01-07 21:55:04+00:00
852aaadd51eb65009ee5e188bca31537,2025-05-31T17:47:20Z,'flooding',www.digitaljournal.com,en,0.0,Rescuers fan out after Nigeria flooding kills more than 150,"Search teams fanned out several kilometres from the epicentre of deadly flash flooding in Nigeria Saturday, the Red Cross said, as the death toll from heavy rains in the north-central market town of Mokwa topped 150. The sharp rise in the toll came as bodies …",https://www.digitaljournal.com/world/rescuers-fan-out-after-nigeria-flooding-kills-more-than-150/article,https://www.digitaljournal.com/wp-content/uploads/2025/05/2b1fdae747e4c5de3e75980ecaabb2d6b5ee751f.jpg,,"Flooding, usually caused by heavy rains and poor infrastructure, wreaks havoc every year, killing hundreds of people in Nigeria - Copyright AFP Roman PILIPEY
Search teams fanned out several kilometr… [+3625 chars]",,"Retter schwärmen aus, nachdem bei Überschwemmungen in Nigeria mehr als 150 Menschen ums Leben kamen. Suchtrupps strömten am Samstag mehrere Kilometer vom Epizentrum der tödlichen Sturzfluten in Nigeria entfernt aus, teilte das Rote Kreuz mit, als die Zahl der Todesopfer durch heftige Regenfälle in der nördlich-zentralen Marktstadt Mokwa 150 überstieg. Der starke Anstieg der Zahl kam, als Leichen …","Rescuers fan out after Nigeria flooding kills more than 150. Search teams fanned out several kilometres from the epicentre of deadly flash flooding in Nigeria Saturday, the Red Cross said, as the death toll from heavy rains in the north-central market town of Mokwa topped 150. The sharp rise in the toll came as bodies …","Rescuers ventilantibus post Nigeria inundationem plus quam 150 necat. Partes quaesitae compluribus chiliometris agitatae sunt ab epicenter inundationis funestis in Nigeria Saturni, Crux Rubra dixit, sicut mortuorum portorium ex imbribus in oppido Mokwa cumulum 150. Acuti in theloneo oriuntur corpora ...",2026-01-07 21:55:04+00:00
485f23f21fa44058e4b634ab15a4679e,2025-05-31T17:54:40Z,'flooding rain',slashdot.org,en,0.0,"In Just Hours, the Waters Rose to Roof Level - Newser","In Just Hours, the Waters Rose to Roof LevelNewser Flooding in Nigeria Flattens a Town, Killing at Least 151The New York Times Nigeria floods: At least 110 die after torrential rains in Mokwa, Niger stateBBC Death toll in Nigeria floods rises to 151Reuters Ov…",https://slashdot.org/firehose.pl?op=view&amp;id=177883905,,,The Fine Print: The following comments are owned by whoever posted them. We are not responsible for them in any way.,,"In nur wenigen Stunden stieg das Wasser auf Dachniveau – Newser. In nur wenigen Stunden stieg das Wasser auf DachniveauNewser Überschwemmungen in Nigeria machen eine Stadt dem Erdboden gleich und töten mindestens 151The New York Times Überschwemmungen in Nigeria: Mindestens 110 sterben nach sintflutartigen Regenfällen in Mokwa, Bundesstaat NigerBBC Zahl der Todesopfer bei Überschwemmungen in Nigeria steigt auf 151Reuters Over…","In Just Hours, the Waters Rose to Roof Level - Newser. In Just Hours, the Waters Rose to Roof LevelNewser Flooding in Nigeria Flattens a Town, Killing at Least 151The New York Times Nigeria floods: At least 110 die after torrential rains in Mokwa, Niger stateBBC Death toll in Nigeria floods rises to 151Reuters Ov…","In Horis Justis, Aquae Rosae ad Tectum Level - Newser. In horis iustis, aquae Rose ad Tectum LevelNewser inundantes in Nigeria oppidum Flattens, Caedes ad minimum 151The New York Times Nigeria inundationes: Saltem 110 moriuntur post imbres torrentes in Mokwa, Niger stateBBC Mors vectigal in Nigeria inundationes surgit 151Reuters Ov…",2026-01-07 21:55:04+00:00
caa1995ada94d184ff79aed697beeb66,2025-05-31T21:08:19Z,'flooding',japantoday.com,en,0.0,"Death toll from reaches 151 in Nigeria town submerged in floods, thousands displaced","The death toll from devastating flooding in a market town in Nigeria’s north-central state of Niger rose to at least 151 on Saturday, the local emergency service said, amid efforts to find more victims. Torrents of predawn rainfall early Thursday unleashed th…",https://japantoday.com/category/world/death-toll-from-reaches-151-in-north-central-nigeria-town-submerged-in-floods-thousands-displaced,,,"The death toll from devastating flooding in a market town in Nigerias north-central state of Niger rose to at least 151 on Saturday, the local emergency service said, amid efforts to find more victim… [+2174 chars]",,"Zahl der Todesopfer in einer von Überschwemmungen überschwemmten Stadt in Nigeria erreicht 151, Tausende wurden vertrieben. Die Zahl der Todesopfer durch verheerende Überschwemmungen in einer Marktgemeinde im zentralnigerianischen Bundesstaat Niger stieg am Samstag auf mindestens 151, teilte der örtliche Rettungsdienst mit, während versucht wurde, weitere Opfer zu finden. Ströme von Regenfällen vor dem Morgengrauen lösten am frühen Donnerstag …","Death toll from reaches 151 in Nigeria town submerged in floods, thousands displaced. The death toll from devastating flooding in a market town in Nigeria’s north-central state of Niger rose to at least 151 on Saturday, the local emergency service said, amid efforts to find more victims. Torrents of predawn rainfall early Thursday unleashed th…","Mortuus vectigal ab attingit 151 in Nigeria oppidum in inundationibus submersum, mille motiis. Theloneum mortis de inundatione populationis in oppido mercatu Nigeriae in statu septentrionali-mediali Nigri exortus est ut saltem 151 die Sabbati, loci necessitatis officium dixit, inter conatus plures victimas invenire. Torrentes antelucani pluviae primo Iovis invehitur th ...",2026-01-07 21:55:04+00:00
24e819bd65424fcde149f3aa9c21454a,2025-05-31T22:12:10Z,'flooding victims',www.abc.net.au,en,0.0,"Nigerian floods kill more than 150, as search for victims continues",The sharp death toll rise comes as bodies are recovered nearly 10 kilometres from the epicentre of the flash flooding in north-central Nigeria.,https://www.abc.net.au/news/2025-06-01/nigerian-flood-victims-swept-away-by-niger-river/105362818,https://live-production.wcms.abc-cdn.net.au/e0a3f4ef130236a4043791bce7341f03?impolicy=wcms_watermark_news&cropH=2250&cropW=4000&xPos=0&yPos=375&width=862&height=485&imformat=generic,https://web.archive.org/web/20250531221831/https://www.abc.net.au/news/2025-06-01/nigerian-flood-victims-swept-away-by-niger-river/105362818,"The death toll from devastating flooding in Nigeria has risen to at least 151, the local emergency service says, amid efforts to find more victims. 
The sharp toll rise came as bodies were recovered… [+2690 chars]",,"Bei Überschwemmungen in Nigeria kommen mehr als 150 Menschen ums Leben, die Suche nach Opfern geht weiter. Der starke Anstieg der Zahl der Todesopfer ist darauf zurückzuführen, dass Leichen fast zehn Kilometer vom Epizentrum der Sturzflut im Norden Nigerias geborgen wurden.","Nigerian floods kill more than 150, as search for victims continues. The sharp death toll rise comes as bodies are recovered nearly 10 kilometres from the epicentre of the flash flooding in north-central Nigeria.","Inundationes Nigeriae plus quam 150 necant, cum quaerere pergit victimas. Acutus mortis vectigal oritur ut corpora fere 10 chiliometrorum ab epicente fulguri inundationis in Nigeria centrali septentrionali restituantur.",2026-01-07 21:55:04+00:00
f41fdcc236ab0dab4af567104badd486,2025-05-31T22:25:00Z,'floods',www.foxnews.com,en,0.0,"Floods kill at least 111 as northern Nigeria battles climate change, dry spells and heavy rainfall","Torrential rains in Mokwa, Nigeria, have caused severe flooding, killing at least 111 people. The disaster highlights the urgent need for infrastructure improvements.",https://www.foxnews.com/world/floods-kill-least-111-northern-nigeria-battles-climate-change-dry-spells-heavy-rainfall,https://static.foxnews.com/foxnews.com/content/uploads/2025/05/a-person-looks-on-in-his-collapsed-house-following-a-flooding-that-killed-151-people-and-forced-several-thousand-from-their-homes-in-mokwa-niger-state-nigeria-may-31-2025.-jpg.jpg,https://web.archive.org/web/20250531223128/https://www.foxnews.com/world/floods-kill-least-111-northern-nigeria-battles-climate-change-dry-spells-heavy-rainfall,"Torrents of predawn rain unleashed flooding that killed at least 111 people in a market town where northern Nigerian farmers sell their wares to traders from the south, officials said Friday, predict… [+2123 chars]",,"Bei Überschwemmungen kommen mindestens 111 Menschen ums Leben, während Nordnigeria mit dem Klimawandel, Dürreperioden und starken Regenfällen zu kämpfen hat. Sintflutartige Regenfälle haben in Mokwa, Nigeria, zu schweren Überschwemmungen geführt, bei denen mindestens 111 Menschen ums Leben kamen. Die Katastrophe verdeutlicht den dringenden Bedarf an Infrastrukturverbesserungen.","Floods kill at least 111 as northern Nigeria battles climate change, dry spells and heavy rainfall. Torrential rains in Mokwa, Nigeria, have caused severe flooding, killing at least 111 people. The disaster highlights the urgent need for infrastructure improvements.","Diluvia occidunt saltem 111 sicut Nigeria septentrionalia proelia mutatione climatis, incantationibus siccis et pluviis gravibus. Imbres torrentes in Mokwa, Nigeria graves inundationes attulerunt, saltem 111 homines occiderunt. Clades urgentem necessitatem emendandi infrastructuram effert.",2026-01-07 21:55:04+00:00
c1d25d20f3b978fea3e82362948ec02d,2025-05-31T23:12:00Z,'flooding rain',www.bangkokpost.com,en,0.0,Capital girds for big rains,"As Thailand officially enters the 2025 monsoon season, concerns about prolonged heavy rainfall and potential flooding are rising, particularly in Bangkok.",https://www.bangkokpost.com/thailand/special-reports/3039026/capital-girds-for-big-rains,https://static.bangkokpost.com/media/content/20250601/c1_3039026_250601061216_700.jpg,,"As Thailand officially enters the 2025 monsoon season, concerns about prolonged heavy rainfall and potential flooding are rising, particularly in Bangkok.
Already, fears abound that this year will b… [+7794 chars]",,"Kapitalgürtel für große Regenfälle. Während Thailand offiziell in die Monsunzeit 2025 eintritt, nehmen insbesondere in Bangkok die Sorgen über anhaltende starke Regenfälle und mögliche Überschwemmungen zu.","Capital girds for big rains. As Thailand officially enters the 2025 monsoon season, concerns about prolonged heavy rainfall and potential flooding are rising, particularly in Bangkok.","Capital cingit pro magnis imbribus. Cum Thailand officialiter intrat tempus 2025 ETESIA, curas de imbribus diuturnis et potentialibus inundationes oriuntur, praesertim in Bangkok.",2026-01-07 21:55:04+00:00
07bb29775528265f7ecdac3b54d50ff8,2025-05-01T23:17:54Z,'flooding weather',biztoc.com,en,0.9,Who should you trust for a weather forecast?,"Who should you trust for a weather forecast?
As the skies unleashed six months of rain in February over North Queensland, Australia, many locals endured sleepless nights, unsure what level of flooding and damage they would wake up to.
Perhaps none more so tha…",https://biztoc.com/x/6e031c9ad28e02ed,https://biztoc.com/cdn/6e031c9ad28e02ed_s.webp,http://web.archive.org/web/20250503013857/https://biztoc.com/x/6e031c9ad28e02ed,"Who should you trust for a weather forecast?As the skies unleashed six months of rain in February over North Queensland, Australia, many locals endured sleepless nights, unsure what level of flooding… [+129 chars]",,"Wem sollte man bei einer Wettervorhersage vertrauen? Wem sollte man bei einer Wettervorhersage vertrauen?
Als der Himmel im Februar über Nord-Queensland, Australien, sechs Monate lang Regen auslöste, erlebten viele Einheimische schlaflose Nächte und wussten nicht, mit welchem ​​Ausmaß an Überschwemmungen und Schäden sie aufwachen würden.
Vielleicht keine mehr, also …","Who should you trust for a weather forecast?. Who should you trust for a weather forecast?
As the skies unleashed six months of rain in February over North Queensland, Australia, many locals endured sleepless nights, unsure what level of flooding and damage they would wake up to.
Perhaps none more so tha…","Quis tibi fiduciam pro tempestas praenuntientur? Quis si confidis pro tempestas praenuntientur?
Cum caelum sex menses pluviae mense Februario in Australiam septentrionalem Reginam emitteret, multi incolae insomnes noctes pertulerunt, incertum quo gradu inundationis et damni excitarent.
Fortasse nemo magis tam tha…",2026-02-06 21:55:04+00:00
369391a370c563a875eb60ca51ae140d,2025-05-27T17:30:00Z,'flooding house',www.newser.com,en,0.7,It's a Happy Ending for Cow Swept Away in Flood,"Flooding has devastated farms across the Australian state of New South Wales, washing away people and cattle, though one cow has since reunited with her owner. The bovine was originally housed at a farm in Taree, a city intersected by the Manning River, which…",https://www.newser.com/story/369315/its-a-happy-ending-for-cow-swept-away-in-flood.html,https://img1-azrcdn.newser.com/image/1612974-12-20250527123002.jpeg,http://web.archive.org/web/20250527184802/https://www.newser.com/story/369315/its-a-happy-ending-for-cow-swept-away-in-flood.html,"Flooding has devastated farms across the Australian state of New South Wales, washing away people and cattle, though one cow has since reunited with her owner. The bovine was originally housed at a f… [+1384 chars]",,"Es ist ein Happy End für die von der Flut weggeschwemmte Kuh. Überschwemmungen haben landwirtschaftliche Betriebe im gesamten australischen Bundesstaat New South Wales verwüstet und Menschen und Vieh weggeschwemmt, obwohl eine Kuh inzwischen wieder mit ihrem Besitzer vereint ist. Das Rind wurde ursprünglich auf einer Farm in Taree gehalten, einer Stadt, die vom Manning River durchflossen wird, der…","It's a Happy Ending for Cow Swept Away in Flood. Flooding has devastated farms across the Australian state of New South Wales, washing away people and cattle, though one cow has since reunited with her owner. The bovine was originally housed at a farm in Taree, a city intersected by the Manning River, which…","It's a Happy Ending for Cow Swept away in Diluvium. Inundatio praedia trans statum Australiae Novae Cambriae vastavit, homines et pecora abluens, quamquam una vacca cum domino suo coniungitur. Bovinus primum in praedio Taree, urbs a Manning fluvio intercisa, quae…",2026-02-07 06:58:16+00:00
5de0a29abe210adb2c1755c7b2ea3e5a,2025-05-14T06:44:28Z,veryUnusualAndNeverUsedKeyword,timesofindia.indiatimes.com,en,0.9,Cyclone Shakti alert: What it means for travel and monsoon,"The India Meteorological Department forecasts a potential Cyclone Shakti. It may impact Odisha and West Bengal in India, plus Khulna and Chattogram in Bangladesh. An early monsoon onset is expected. Authorities are preparing for coastal flooding and heavy rai…",https://timesofindia.indiatimes.com/life-style/travel/news/cyclone-shakti-alert-what-it-means-for-travel-and-monsoon/articleshow/121155970.cms,"https://static.toiimg.com/thumb/msid-121155923,width-1070,height-580,imgsize-51804,resizemode-75,overlay-toi_sw,pt-32,y_pad-40/photo.jpg",,10 beautiful and intelligent freshwater aquarium fish,,Warnung vor Zyklon Shakti: Was das für Reisen und den Monsun bedeutet. Das India Meteorological Department prognostiziert einen möglichen Zyklon Shakti. Es könnte Auswirkungen auf Odisha und Westbengalen in Indien sowie Khulna und Chattogram in Bangladesch haben. Es wird mit einem frühen Beginn des Monsuns gerechnet. Die Behörden bereiten sich auf Überschwemmungen an der Küste und schwere Regenfälle vor.,"Cyclone Shakti alert: What it means for travel and monsoon. The India Meteorological Department forecasts a potential Cyclone Shakti. It may impact Odisha and West Bengal in India, plus Khulna and Chattogram in Bangladesh. An early monsoon onset is expected. Authorities are preparing for coastal flooding and heavy rai…","Cyclone Shakti erecti: Quid significat peregrinationem et monsoon. Indiae Department meteorologicum praenuntiat potentialem Cyclonem Shakti. Odisha et West Bengal in India, plus Khulna et Chattogram in Bangladesh attingere potest. Praesens expectatur monsoon. Auctoritates parant maritimae inundationes et graves rai…",2026-02-07 06:58:16+00:00
9aefb66173491fc121c9239f11ce7af1,2025-05-19T09:09:58Z,'flooding rain',timesofindia.indiatimes.com,en,0.9,"IMD weather alert till May 24: Heavy rainfall in Delhi, South, and Northeast; heatwave in UP, Rajasthan","India is bracing for contrasting weather as the IMD forecasts heavy rainfall and thunderstorms for southern and northeastern states from May 18-24, 2025. Karnataka and several northeastern states are under alert for potential flooding and landslides. Simultan…",https://timesofindia.indiatimes.com/life-style/travel/news/imd-weather-alert-till-may-24-heavy-rainfall-in-delhi-south-and-northeast-heatwave-in-up-rajasthan/articleshow/121265760.cms,"https://static.toiimg.com/thumb/msid-121265748,width-1070,height-580,imgsize-32606,resizemode-75,overlay-toi_sw,pt-32,y_pad-40/photo.jpg",http://web.archive.org/web/20250520011323/https://timesofindia.indiatimes.com/life-style/travel/news/imd-weather-alert-till-may-24-heavy-rainfall-in-delhi-south-and-northeast-heatwave-in-up-rajasthan/articleshow/121265760.cms,10 most beautiful and colourful fish found in the wild waters,,"IMD-Wetterwarnung bis 24. Mai: Starke Regenfälle in Delhi, im Süden und im Nordosten; Hitzewelle in UP, Rajasthan. Indien stellt sich auf kontrastierendes Wetter ein, da das IMD vom 18. bis 24. Mai 2025 starke Regenfälle und Gewitter für die südlichen und nordöstlichen Bundesstaaten vorhersagt. Karnataka und mehrere nordöstliche Bundesstaaten sind wegen möglicher Überschwemmungen und Erdrutsche in Alarmbereitschaft. Gleichzeitig…","IMD weather alert till May 24: Heavy rainfall in Delhi, South, and Northeast; heatwave in UP, Rajasthan. India is bracing for contrasting weather as the IMD forecasts heavy rainfall and thunderstorms for southern and northeastern states from May 18-24, 2025. Karnataka and several northeastern states are under alert for potential flooding and landslides. Simultan…","IMD tempestas erecta ad diem XXIV Maii heatwave in UP, Rajasthan. India comprehendit ad adversas tempestates sicut IMD praenuntiationes pluviae graves et tonitrua pro civitatibus meridionalibus et septentrionalibus a die 18 Maii 18-24, 2025. Karnataka et plures civitates septentrionales civitates in potentia inundationes et ruinas intentae sunt. Simultan…",2026-02-07 06:58:16+00:00
f184613d79a253a97b42a814b7ffede3,2025-05-22T10:18:37Z,'floods',economictimes.indiatimes.com,en,0.9,"Floods wreak havoc in Australia's New South Wales, 3 dead; authorities warn worst yet to come","Heavy floods hit New South Wales in Australia. Government declared it a natural disaster. Around 50,000 people evacuated. Sadly, three people died, and one is still missing. Rescuers are working hard in Mid North Coast and Sydney. Heavy rain caused the disast…",https://economictimes.indiatimes.com/news/international/new-zealand/floods-wreak-havoc-in-australias-new-south-wales-3-dead-authorities-warn-worst-yet-to-come/articleshow/121337448.cms,"https://img.etimg.com/thumb/msid-121338044,width-1200,height-630,imgsize-65574,overlay-economictimes/articleshow.jpg",http://web.archive.org/web/20250522102503/https://economictimes.indiatimes.com/news/international/new-zealand/floods-wreak-havoc-in-australias-new-south-wales-3-dead-authorities-warn-worst-yet-to-come/articleshow/121337448.cms,"Australia's New South Wales is facing one-in-several-centuries kind of flooding leading to a natural disaster declaration, the evacuation of nearly 50,000 people, and at least three people dead as of… [+6136 chars]",,"Überschwemmungen verheerende Schäden im australischen Bundesstaat New South Wales, 3 Tote; Die Behörden warnen, dass das Schlimmste noch bevorsteht. Schwere Überschwemmungen haben New South Wales in Australien heimgesucht. Die Regierung erklärte es zu einer Naturkatastrophe. Rund 50.000 Menschen wurden evakuiert. Leider starben drei Menschen und einer wird immer noch vermisst. Retter arbeiten hart an der mittleren Nordküste und in Sydney. Starker Regen verursachte die Katastrophe...","Floods wreak havoc in Australia's New South Wales, 3 dead; authorities warn worst yet to come. Heavy floods hit New South Wales in Australia. Government declared it a natural disaster. Around 50,000 people evacuated. Sadly, three people died, and one is still missing. Rescuers are working hard in Mid North Coast and Sydney. Heavy rain caused the disast…","Inundationes in Australiae Novae Australi Wallia 3 mortuos perdant; auctores pessime monent adhuc venire. Inundationes graves in Australia Australiam Novam Meridionalem feriunt. Imperium naturale malum declaravit. Circiter 50,000 hominum excessum est. Triste tres homines mortui sunt, et unus adhuc deest. Rescuers laborantes in Mid North Coast et Sydney laborant. Gravis pluvia calamitatem effecit…",2026-02-07 06:58:16+00:00
856c523b837d7a16423c519ec1073bfd,2025-05-22T11:11:07Z,'floods',www.hurriyetdailynews.com,en,0.9,"Massive floods strand over 50,000 in eastern Australia","Record floods stranded more than 50,000 people in eastern Australia on May 22, killing three as a muddy tide swept through towns and swollen rivers cut off roads.",https://www.hurriyetdailynews.com/massive-floods-strand-over-50-000-in-eastern-australia-209476,https://image.hurimg.com/i/hurriyet/75/200x200/682f06491e21aad48e6a04a5.jpg,http://web.archive.org/web/20250522122339/https://www.hurriyetdailynews.com/massive-floods-strand-over-50-000-in-eastern-australia-209476,"SYDNEY
Record floods stranded more than 50,000 people in eastern Australia on May 22, killing three as a muddy tide swept through towns and swollen rivers cut off roads.
Police have pulled three bo… [+1378 chars]",,"Über 50.000 Menschen werden im Osten Australiens von massiven Überschwemmungen heimgesucht. Rekordüberschwemmungen strandeten am 22. Mai in Ostaustralien mehr als 50.000 Menschen und töteten drei Menschen, als eine schlammige Flut durch Städte fegte und anschwellende Flüsse Straßen abschnitten.","Massive floods strand over 50,000 in eastern Australia. Record floods stranded more than 50,000 people in eastern Australia on May 22, killing three as a muddy tide swept through towns and swollen rivers cut off roads.",Inundationes ingentes super 50.000 in Australia orientali tendunt. Recordum inundationes plus quam 5000 hominum in Australia Orientali die 22 mensis Maii occiderunt tres ut aestus turbidus per oppida traxit et flumina tumida itinera abscissa sunt.,2026-02-07 06:58:16+00:00
25e6a6ef1789c2d8db14b503a344920c,2025-05-23T02:38:46Z,'flooding',www.abc.net.au,en,0.9,Pacific Highway remains closed amid floodwater warnings,One of the country's most travelled highways becomes a dual carriageway river as flooding severs the main coastal highway — but there are still roads open. Here's what to know.,https://www.abc.net.au/news/2025-05-23/nsw-floods-road-closures-pacific-highway/105327070,https://live-production.wcms.abc-cdn.net.au/6e8ee6d5e770f3545dd8fdcbd5675ae6?impolicy=wcms_watermark_news&cropH=628&cropW=1117&xPos=0&yPos=43&width=862&height=485&imformat=generic,http://web.archive.org/web/20250524033910/https://www.abc.net.au/news/2025-05-23/nsw-floods-road-closures-pacific-highway/105327070,"Motorists have been warned to drive cautiously in flood-hit New South Wales and parts of the Pacific Highway remain underwater.
Video released by the NSW government shows the highway has become a du… [+3995 chars]",,"Der Pacific Highway bleibt aufgrund von Hochwasserwarnungen gesperrt. Eine der am meisten befahrenen Autobahnen des Landes wird zu einem zweispurigen Fluss, da eine Überschwemmung die Hauptküstenstraße durchtrennt – aber es sind immer noch Straßen offen. Hier erfahren Sie, was Sie wissen sollten.",Pacific Highway remains closed amid floodwater warnings. One of the country's most travelled highways becomes a dual carriageway river as flooding severs the main coastal highway — but there are still roads open. Here's what to know.,Via Pacifica inter monita diluvii clausa manet. Una regione viarum maxime viarum fit duplex raeda flumen sicut inundatio pelagus separat viam maritimam — sed adhuc apertae sunt viae. Hic est quid sciam.,2026-02-07 06:58:16+00:00
4eedffe1695bb20178abea613262ea37,2025-05-24T02:43:01Z,'floods',www.ndtv.com,en,0.9,"Australia Begins Clean-Up After Floods Kill 5, Damage 10,000 Properties","Australian authorities started clean-up efforts after floods claimed five lives and inundated more than 10,000 properties in the country&#039;s southeast.",https://www.ndtv.com/world-news/australia-begins-clean-up-after-floods-kill-5-damage-10-000-properties-8493702,https://c.ndtvimg.com/2025-05/u68gnru8_australia-floods_625x300_24_May_25.jpeg,http://web.archive.org/web/20250818231916/https://www.ndtv.com/world-news/australia-begins-clean-up-after-floods-kill-5-damage-10-000-properties-8493702,"Sydney: Australian authorities started clean-up efforts on Saturday after floods claimed five lives and inundated more than 10,000 properties in the country's southeast.
The New South Wales emergenc… [+1672 chars]",,"Australien beginnt mit Aufräumarbeiten, nachdem Überschwemmungen fünf Menschen töteten und 10.000 Häuser beschädigten. Die australischen Behörden begannen mit Aufräumarbeiten, nachdem Überschwemmungen fünf Todesopfer forderten und mehr als 10.000 Grundstücke im Südosten des Landes überschwemmten.","Australia Begins Clean-Up After Floods Kill 5, Damage 10,000 Properties. Australian authorities started clean-up efforts after floods claimed five lives and inundated more than 10,000 properties in the country&#039;s southeast.","Australia incipit Tersus-Sursum post diluvia interfice V, damnum 10,000 Properties. Auctoritates Australiae mundae conatus post diluvia quinque vitam petita inceperunt et plus quam 10.000 possessiones in regione & # 039; meridiem versus inundaverunt.",2026-02-07 06:58:16+00:00
cab7a7be83bd9679b3655533d57df9c8,2025-05-25T04:25:13Z,'floods',japantoday.com,en,0.9,Australian authorities airdrop supplies to farmers stranded by flood crisis,Helicopters were being used on Sunday to drop animal feed to farmers in Australia's New South Wales state stranded by floods that have killed five and isolated tens of thousands in the country's southeast. Recovery is under way in the mid-north coast region o…,https://japantoday.com/category/world/australian-authorities-airdrop-supplies-to-farmers-stranded-by-flood-crisis,,,Helicopters were being used on Sunday to drop animal feed to farmers in Australia's New South Wales state stranded by floods that have killed five and isolated tens of thousands in the country's sout… [+1710 chars],,"Australische Behörden werfen Lieferungen aus der Luft an Landwirte ab, die wegen der Flutkatastrophe gestrandet sind. Am Sonntag wurden Hubschrauber eingesetzt, um Tierfutter für Landwirte im australischen Bundesstaat New South Wales abzuliefern, der von Überschwemmungen gestrandet war, bei denen im Südosten des Landes fünf Menschen ums Leben kamen und Zehntausende isoliert wurden. In der mittleren Nordküstenregion ist eine Erholung im Gange.",Australian authorities airdrop supplies to farmers stranded by flood crisis. Helicopters were being used on Sunday to drop animal feed to farmers in Australia's New South Wales state stranded by floods that have killed five and isolated tens of thousands in the country's southeast. Recovery is under way in the mid-north coast region o…,"Auctoritates Australiae airdrop agricolae commeatu crisi inundationis destituuntur. Helicopterae die Dominico ad pastum animalis demittendum adhibiti agricolae in Australia New South Wales inundationibus civitatis destituti sunt, qui quinque et decem milia in regione Meridiana interfecerunt. Recuperatio obvia est in regione media septentrionali o...",2026-02-07 06:58:16+00:00
d1b1089f9280b76f4456ec72041b6c18,2025-05-25T08:36:35Z,'flooding',www.ndtv.com,en,0.9,Australian Officials Airdrop Supplies To Farmers Stranded In Floods,"Recovery is under way in the mid-north coast region of Australia&#039;s most populous state after days of flooding cut off towns, swept away livestock and destroyed homes.",https://www.ndtv.com/world-news/australian-officials-airdrop-supplies-to-farmers-stranded-in-floods-8502786,https://c.ndtvimg.com/2025-05/tjqghat8_australia_625x300_25_May_25.jpeg,http://web.archive.org/web/20250525175431/https://www.ndtv.com/world-news/australian-officials-airdrop-supplies-to-farmers-stranded-in-floods-8502786,Sydney: Helicopters were being used on Sunday to drop animal feed to farmers in Australia's New South Wales state stranded by floods that have killed five and isolated tens of thousands in the countr… [+1835 chars],,"Australische Beamte werfen Lieferungen aus der Luft an in Überschwemmungen gestrandete Landwirte ab. In der mittleren Nordküstenregion des bevölkerungsreichsten Bundesstaates Australiens ist eine Erholung im Gange, nachdem tagelange Überschwemmungen Städte lahmgelegt, Vieh weggeschwemmt und Häuser zerstört haben.","Australian Officials Airdrop Supplies To Farmers Stranded In Floods. Recovery is under way in the mid-north coast region of Australia&#039;s most populous state after days of flooding cut off towns, swept away livestock and destroyed homes.","Officiales Australiae Airdrop commeatus agricolae stranded in diluviis. Recuperatio in media septentrionali oram regione Australiae &#039; status celeberrimus est post dies inundationis, abscissis oppidis, pecoribus direptis et domibus dirutis.",2026-02-07 06:58:16+00:00
9cc4f1f2257d38e3094332474c1493f4,2025-05-25T21:57:13Z,veryUnusualAndNeverUsedKeyword,www.crikey.com.au,en,0.9,NSW picks up the pieces after devastating floods,"Residents of the NSW Mid North Coast are picking up the pieces after devastating floods ripped through the region, and Russia has carried out its largest air raid against Ukraine since the war started.
The post NSW picks up the pieces after devastating floods…",http://www.crikey.com.au/2025/05/26/nsw-flood-clean-up-russia-strikes-ukraine/,https://www.crikey.com.au/wp-content/uploads/sites/3/2025/05/20250523161019755191-original-1.jpg?quality=70&w=1024,http://web.archive.org/web/20250525222831/https://www.crikey.com.au/2025/05/26/nsw-flood-clean-up-russia-strikes-ukraine/,"NSW CLEAN-UP BEGINS
Residents of the NSW Mid North Coast are slowly starting to pick up the pieces from the devastating floods that ripped through the region last week.
The ABC reports that of the … [+11305 chars]",,"NSW holt die Scherben nach verheerenden Überschwemmungen auf. Die Bewohner der mittleren Nordküste von New South Wales sammeln die Scherben wieder zusammen, nachdem verheerende Überschwemmungen die Region heimgesucht haben und Russland seinen größten Luftangriff auf die Ukraine seit Kriegsbeginn durchgeführt hat.
Der Beitrag NSW holt die Scherben nach verheerenden Überschwemmungen auf …","NSW picks up the pieces after devastating floods. Residents of the NSW Mid North Coast are picking up the pieces after devastating floods ripped through the region, and Russia has carried out its largest air raid against Ukraine since the war started.
The post NSW picks up the pieces after devastating floods…","VIC vastatis inundationum frusta colligit. Residentes NSW Medii Coast Septentrionalis frusta lecta sunt postquam inundationes vastatae per regionem discinduntur, et Russia maximam suam excursionem in Ucrainam ex quo bellum incepit aer effecit.
Post NSW carpit frusta vastatis inundationibus...",2026-02-07 06:58:16+00:00
57ef500039cfd77ec1116461c23a543a,2025-05-28T09:09:05Z,'flooding',www.nationalobserver.com,en,0.9,A weaponized AI chatbot is flooding city councils with climate misinformation,"Internal instructions accessed by Canada’s National Observer show that the chatbot produces tailored scripts, petitions, reports and even speeches for council chambers. The messaging is all framed to resonate with municipal officials’ duty to represent local …",https://www.nationalobserver.com/2025/05/28/investigations/weaponized-ai-chatbot-city-councils-climate-misinformation,https://www.nationalobserver.com/sites/default/files/img/2025/05/27/cno-chatbot.jpg,http://web.archive.org/web/20250528152353/https://www.nationalobserver.com/2025/05/28/investigations/weaponized-ai-chatbot-city-councils-climate-misinformation,"One morning in October of 2024, Fredericton city councillor Margo Sheppard received an email with the subject line: The Real Policy Crisis: Prioritizing Nature Over People. It was polished almost alg… [+11974 chars]",,"Ein bewaffneter KI-Chatbot überschwemmt Stadträte mit Klima-Fehlinformationen. Interne Anweisungen, auf die der kanadische National Observer zugegriffen hat, zeigen, dass der Chatbot maßgeschneiderte Skripte, Petitionen, Berichte und sogar Reden für Ratskammern erstellt. Die Botschaften sind alle so gestaltet, dass sie mit der Pflicht der Kommunalbeamten, die örtlichen Behörden zu vertreten, in Einklang stehen …","A weaponized AI chatbot is flooding city councils with climate misinformation. Internal instructions accessed by Canada’s National Observer show that the chatbot produces tailored scripts, petitions, reports and even speeches for council chambers. The messaging is all framed to resonate with municipal officials’ duty to represent local …","A telis AI chatbotus concilia civitatis cum misinformation climatis inundat. Instructiones internae accesserunt a Canada's National Observator ostendunt chatbotus scriptos, petitiones, relationes et etiam orationes pro cubiculis consiliorum formandis producere. Nuntius totus effictus est ad resonare cum officialibus municipalibus officium loci repraesentandi.",2026-02-07 06:58:16+00:00
0bd07c8772875c4899ed1e99d15c531c,2025-05-30T20:24:25Z,veryUnusualAndNeverUsedKeyword,www.abc.net.au,en,0.3,"At Kati Thanda-Lake Eyre, an 'inland tsunami' is making a sea","Australia’s biggest lake is believed to have reached capacity on only three occasions in the past 160 years, but the mass of floodwater now flowing into Kati Thanda-Lake Eyre is raising more than river levels.",https://www.abc.net.au/news/2025-05-31/kati-thanda-lake-eyre-is-about-to-fill-after-floods/105324080,https://live-production.wcms.abc-cdn.net.au/cdca026ce431ffa54e8101bb9b3b9f6c?impolicy=wcms_watermark_news&cropH=2108&cropW=3748&xPos=598&yPos=114&width=862&height=485&imformat=generic,,"Australia's biggest lake is believed to have reached capacity on only three occasions in the past 160 years, but the mass of floodwater now flowing into Kati Thanda-Lake Eyre is raising hope, as well… [+15977 chars]",,"Am Kati Thanda-Lake Eyre sorgt ein „Binnen-Tsunami“ für ein Meer. Es wird angenommen, dass Australiens größter See in den letzten 160 Jahren nur dreimal seine Kapazitätsgrenze erreicht hat, aber die Flutwassermassen, die jetzt in den Kati Thanda-Lake Eyre fließen, erhöhen den Pegelstand des Flusses um mehr als das.","At Kati Thanda-Lake Eyre, an 'inland tsunami' is making a sea. Australia’s biggest lake is believed to have reached capacity on only three occasions in the past 160 years, but the mass of floodwater now flowing into Kati Thanda-Lake Eyre is raising more than river levels.","Apud Kati Thana-Lake Eyre, quod 'tsunami mediterraneum' mare facit. Maximus lacus Australiae facultatem tribus tantum annis praeteritis 160 annis attigisse creditur, sed massa aquae diluvii nunc in Kati Thana-Lake influens plus quam gradus fluminis elevat.",2026-02-10 13:48:34+00:00
