week,sentiment_mean,sentiment_std,subjectivity_mean,subjectivity_std,counting
2025-00,-0.4396171581798342,0.7631339035871493,-0.325251963161325,1.0099476784140904,2.0
2025-01,0.03575270789122982,0.5662433414403051,0.13055652372573487,0.6173173905580932,13.0
2025-02,0.24981516176946536,0.7578204095967289,0.3247197842934021,0.8996949175605834,10.0
2025-03,0.2518093394039535,0.7577983736149807,0.014491321766541505,0.8771307016581221,37.0
2025-04,0.019278507206048404,0.8678447230848392,0.14784187365219226,0.6830577237357424,47.0
2025-05,-0.08757328918638525,0.8173254200171256,-0.11459027578139404,0.9396511399155274,48.0
2025-06,0.14202588519257608,0.7917607428691881,-0.010660389803341608,0.7760897293123455,64.0
2025-07,-0.3508790139105514,0.8308483158913588,0.2812607924265601,0.900338430963993,50.0
