topic,sentiment_mean,sentiment_std,subjectivity_mean,subjectivity_std,counting
Causes,-0.7071067811865476,1.0,0.7071067811865479,1.0,1.0
Hazard,0.013962300554374836,0.55504966593999,0.2648948599035589,0.6014283658124099,14.0
Impacts,0.08874950738129513,0.6106146199626897,0.12894261355485512,0.6796828316959911,6.0
