topic,sentiment_mean,sentiment_std,subjectivity_mean,subjectivity_std,counting
Causes,-0.038974207538087155,0.7236294523448024,0.17747548358568918,0.8323660587660949,22.0
Hazard,0.037733076347427806,0.7827116333899297,0.061107966064562834,0.7992957625184224,112.0
Impacts,-0.07406190266117915,0.8475370730799443,0.08803643487691226,0.8298041936165234,32.0
Mitigation,-0.03816568686431608,0.7399254106055624,0.26043337621575025,0.7169157551099946,9.0
