topic,sentiment_mean,sentiment_std,subjectivity_mean,subjectivity_std,counting
Causes,0.03647925686436047,0.9416784287071772,0.20372573697319432,0.9439707737412517,280.0
Hazard,0.007075522327254173,0.9306202104228757,0.023672429864344063,0.9418525956728503,2662.0
Impacts,-0.06302083330971145,0.9373278459266444,-0.011679410106716526,0.903263996721985,517.0
Mitigation,0.06700334904470612,0.9026979371154659,-0.041974080132337575,0.9258295665886265,216.0
