topic,sentiment_mean,sentiment_std,subjectivity_mean,subjectivity_std,counting
Causes,-0.1362517698235698,0.8833430607105942,0.2226974618901765,0.8528844158940032,53.0
Hazard,0.030210060375853734,0.8221058432149049,0.058641792966200194,0.835193888120803,214.0
Impacts,0.015783589733013064,0.8812730534104681,-0.13774932066176745,0.9201528328835661,54.0
Mitigation,0.03172874810926027,0.714796471880556,0.26502283411166405,0.6060490335660315,17.0
