week,sentiment_mean,sentiment_std,subjectivity_mean,subjectivity_std,counting
2025-01,-0.17644300113625658,0.4636136360097514,0.6071142974325525,0.18428666896278356,3.0
2025-03,0.2590816564872436,0.5393001706395115,0.07251683644205649,0.6981364639018081,9.0
2025-04,-0.1343045816159255,0.5758025913166686,0.2510236624628486,0.5940185291627487,8.0
2025-05,-0.7071067811865476,1.0,0.7071067811865479,1.0,1.0
