topic,sentiment_mean,sentiment_std,subjectivity_mean,subjectivity_std,counting
Causes,0.05929818796110306,0.9424952646254082,0.19779665243088818,0.9289988248900749,292.0
Hazard,0.005194244920638262,0.9312013547760668,0.024695715374618947,0.9457445469294431,2697.0
Impacts,-0.06890958786828752,0.9366806606018468,-0.018182920830684193,0.8957050223616478,523.0
Mitigation,0.07174802304014873,0.9050109024593936,-0.04189447282244045,0.9262690092442218,216.0
