topic,sentiment_mean,sentiment_std,subjectivity_mean,subjectivity_std,counting
Causes,-0.08855091056265758,0.8992263545683045,0.2451242307288234,0.981635092656717,67.0
Hazard,0.005702458261865689,0.855462942376978,0.08038414070159383,0.8369776109751104,333.0
Impacts,0.06657601189981865,0.8542724419957689,-0.20700623884371178,0.8929586648229806,73.0
Mitigation,0.11449350787491552,0.726879791443277,0.18769568964148506,0.7126094188624192,20.0
