topic,sentiment_mean,sentiment_std,subjectivity_mean,subjectivity_std,counting
Causes,0.03293779453438017,0.9397925092593363,0.19310869311458426,0.9370845583851237,278.0
Hazard,0.008825616732771114,0.9301097805479562,0.02543487706844396,0.9407642642591771,2585.0
Impacts,-0.0753579738802937,0.9326620328905231,-0.031834656819404554,0.9111900877789413,457.0
Mitigation,0.06828031025249902,0.9105894568496364,-0.015784067919470294,0.9188778458267629,172.0
