topic,sentiment_mean,sentiment_std,subjectivity_mean,subjectivity_std,counting
Causes,0.024214757918937728,0.9385048838790492,0.18854175336743167,0.9453025843363481,265.0
Hazard,0.009754482933659553,0.9277962992866151,0.027150928416061485,0.9388273199588677,2482.0
Impacts,-0.08134025060076738,0.9367717129372922,-0.038595829248901856,0.9135264559195307,438.0
Mitigation,0.0795734812533666,0.9222144819225078,-0.00862390125906793,0.917269198458288,169.0
