topic,sentiment_mean,sentiment_std,subjectivity_mean,subjectivity_std,counting
Causes,-0.18660294379542344,0.8382832506263438,0.2599506955450828,0.8254936149031876,45.0
Hazard,0.04441066610424899,0.8114573837349861,0.05040539402513182,0.8390984142838347,172.0
Impacts,0.007838190784532533,0.8544882315652279,-0.09001413956990463,0.8418119904005062,42.0
Mitigation,0.038505768992373735,0.6929984379118151,0.2169575422441077,0.6426040670187974,12.0
