topic,sentiment_mean,sentiment_std,subjectivity_mean,subjectivity_std,counting
Causes,-0.009436425724346907,0.7973408698857074,0.3075053068201079,0.8432161264889867,12.0
Hazard,0.03388967065130705,0.7744218717087701,0.11189189789334127,0.7955164438625737,62.0
Impacts,-0.09384440145819081,0.7505228441035385,0.05457060265131206,0.7691529513322206,20.0
Mitigation,-0.03680836619398953,0.28003871974453803,0.3279006295793714,0.44682935118521705,5.0
