topic,sentiment_mean,sentiment_std,subjectivity_mean,subjectivity_std,counting
Causes,-0.08068768796416129,0.945492826239475,0.24222143579578997,0.9163299553811067,78.0
Hazard,0.012775478225002457,0.8603039811538846,0.06055783420585587,0.8645002062801393,456.0
Impacts,0.04891159294953679,0.8770538228336725,-0.16848786853003914,0.9159816153959082,84.0
Mitigation,-0.0017243014113509036,0.8376079580656673,0.2756449922840955,0.8651817237384323,23.0
