keyword,sentiment_mean,sentiment_std,subjectivity_mean,subjectivity_std,counting
'flooding area',0.05555555555555555,0.039283710065919304,0.4194444444444444,0.03535533905932739,2.0
'flooding buildings',0.186513198258574,1.3383859537712384,-0.0381331113898552,1.4111255064289543,2.0
'flooding death',0.12777777777777777,0.0392837100659193,0.3388888888888889,0.06285393610547084,2.0
'flooding landslide',-0.125,1.0,0.375,1.0,1.0
'flooding precipitation',-0.7071067811865476,1.0,0.7071067811865479,1.0,1.0
'flooding rain',0.7071067811865475,1.0,-0.7071067811865465,1.0,1.0
'flooding residents',0.02891509221506723,1.0,-0.2028558736689368,1.0,1.0
'flooding',-0.1222939681428089,0.6896204478450907,0.2295056466714655,0.6939484216667211,8.0
'floods',0.11853535353535355,0.06790420474716319,0.5802335858585859,0.12086169803000606,3.0
