topic,sentiment_mean,sentiment_std,subjectivity_mean,subjectivity_std,counting
Causes,0.051898087686992736,0.9414709506837549,0.19831064232393014,0.9280258998770203,295.0
Hazard,0.005007636333319684,0.932072391090439,0.02441877043199084,0.946659694177846,2715.0
Impacts,-0.0649838390851978,0.9368078583160117,-0.01914488201075959,0.8944601587231541,528.0
Mitigation,0.07462226759193963,0.9049405442087317,-0.040981477752953625,0.927028906257484,217.0
