week,sentiment_mean,sentiment_std,subjectivity_mean,subjectivity_std,counting
2025-00,-0.3760421481172444,0.6732252621286288,-0.2537821267751771,0.9088740664962139,2.0
2025-01,0.10870299335914502,0.6302880983073108,0.12170929759630641,0.6723248978587245,13.0
2025-02,0.2616744289000945,0.7693941329735244,0.3318183066790983,0.9252917125147627,10.0
2025-03,0.2671337130506651,0.7823183979096652,0.013290993986686575,0.9423313492913323,37.0
2025-04,-0.02786231533539899,0.8304461645439775,0.11563687840908976,0.7071961919922672,54.0
2025-05,-0.03759540273988119,0.8014483507312296,-0.03127645178632226,0.9901465726902275,54.0
2025-06,0.09675357081244748,0.8034761499449653,-0.017385552175214793,0.8050287854754735,92.0
2025-07,-0.2621129908853749,0.9359159118262864,0.20807774232393528,0.8866814411846848,62.0
2025-08,-0.1334157464784107,0.9081623064710869,0.048415379858239585,0.7051834763557167,14.0
