week,sentiment_mean,sentiment_std,subjectivity_mean,subjectivity_std,counting
2025-00,-0.495544725589981,0.8422274279291143,-0.24895373072948748,0.9020456833238911,2.0
2025-01,0.013669255380841143,0.5862054575229432,0.278217924209705,0.6296332883550729,13.0
2025-02,0.0662429954474506,1.0431048968996623,0.2602600476694652,0.6162379673983476,4.0
2025-03,-0.025822685545734032,0.6208254510276273,0.049652145679666075,0.763525122448783,21.0
2025-04,0.08381219414415168,0.9007670890882329,0.35029849891717113,0.7466985013812081,34.0
2025-05,-0.07327713773785632,0.6882523983384949,-0.1501813285700122,0.8663593534148472,25.0
