topic,sentiment_mean,sentiment_std,subjectivity_mean,subjectivity_std,counting
Causes,0.024566717036530752,0.9370861136957999,0.19373589762131416,0.9424762428587976,273.0
Hazard,0.010715576252742495,0.9295214806932623,0.026153533620874154,0.9390199480928881,2533.0
Impacts,-0.08301611148036181,0.9304648260461014,-0.03153885946005587,0.9128793899177734,447.0
Mitigation,0.07214595168011945,0.9129627798416639,-0.013345459029922256,0.9196662676032348,170.0
