topic,sentiment_mean,sentiment_std,subjectivity_mean,subjectivity_std,counting
Causes,0.05491947109048013,0.9412095077863275,0.19689975336430773,0.9264852608261263,294.0
Hazard,0.005469404008122688,0.9314575152117291,0.02460877863593601,0.94614316356409,2701.0
Impacts,-0.0692810519142056,0.9375086606578591,-0.017677273572804537,0.8963859260078083,523.0
Mitigation,0.07419100240458841,0.9039339118442846,-0.04290081274069572,0.9251848422881483,217.0
