topic,sentiment_mean,sentiment_std,subjectivity_mean,subjectivity_std,counting
Causes,0.027429870662169405,0.9311371709091154,0.185702092003889,0.9495627926772001,262.0
Hazard,0.009564057389795991,0.9286702260679626,0.027683594576606175,0.9387415298945624,2469.0
Impacts,-0.08241739343199725,0.9372852985428172,-0.03787088175451374,0.913626979605683,438.0
Mitigation,0.0792495735161534,0.9246509444149036,-0.010299901576773303,0.9187859683772127,168.0
