week,sentiment_mean,sentiment_std,subjectivity_mean,subjectivity_std,counting
2025-00,-0.4396171581798342,0.7631339035871493,-0.325251963161325,1.0099476784140904,2.0
2025-01,-0.03859526083007402,0.6568551643277418,0.17574584433167986,0.6373816750851387,13.0
2025-02,-0.04159430148079844,0.790982828394383,0.36020162260020866,0.4716192363811431,8.0
2025-03,0.0892603172405128,0.7668495624236213,0.14951000246997462,0.8325187480088974,33.0
2025-04,-0.029594795848216296,0.8613939688034907,0.23383048565188014,0.75338791207213,42.0
2025-05,-0.21007040155698015,0.7197121040294314,-0.07125558227272899,0.912044656556633,40.0
2025-06,0.2451117312459947,0.7771065805838627,-0.013801975098667072,0.7932533624739941,37.0
