,phrase,label,sentiment,subjectivity,language,count,gnd,geonames,geotype,latitude,longitude,continent,country,ipcc
Indonesia,Indonesia,GPE,-0.05289871,0.39975590,en,197.20000000,4026761-1,1643084,X,-5.00000000,120.00000000,ASIA,Indonesia,SEA
Sri Lanka,Sri Lanka,GPE,-0.02716473,0.37859680,en,108.50000000,4009696-8,1227603,X,7.00000000,81.00000000,INDIAN,Sri Lanka,BOB
Philippines,Philippines,GPE,0.01923331,0.97739068,en,89.60000000,4045771-0,1694008,X,13.00000000,122.00000000,ASIA,,SEA
California,California,GPE,0.02983042,0.86601402,en,87.50000000,,0,,,,,,
Washington,Washington,GPE,-0.01160711,0.48326806,en,84.30000000,4118995-4,5815135,X,47.50012000,-120.50146900,NORTH-AMERICA,United States,WNA
Thailand,Thailand,GPE,-0.05849856,0.46111517,en,79.00000000,4078228-1,1605651,X,15.00000000,100.00000000,ASIA,Thailand,SEA
Vietnam,Vietnam,GPE,-0.11867346,0.75445846,en,73.00000000,4063514-4,1562822,X,16.16666900,107.83333000,ASIA,Vietnam,SEA
India,India,GPE,-0.21699278,1.57121340,en,54.70000000,,0,,,,,,
Jamaica,Jamaica,GPE,-0.07349611,0.60720317,en,53.50000000,4028456-6,3489940,X,18.25000000,-77.50000000,CENTRAL-AMERICA,Jamaica,CAR
Pakistan,Pakistan,GPE,-0.10040475,2.17983258,en,52.30000000,4075812-6,1168579,X,30.00000000,70.00000000,ASIA,Pakistan,WCA
Asia,Asia,LOC,-0.07108301,0.33372868,en,46.50000000,,0,,,,,,
Sumatra,Sumatra,GPE,0.02381282,0.28287668,en,45.10000000,,0,,,,,,
Gaza,Gaza,GPE,-0.05200438,0.46431836,en,43.10000000,,0,,,,,,
Texas,Texas,GPE,-1.36582595,7.35920074,en,42.70000000,4059594-8,4736286,X,31.25044000,-99.25060900,NORTH-AMERICA,United States,CNA
Southern California,Southern California,LOC,0.03788171,0.70702555,en,40.10000000,,0,,,,,,
Malaysia,Malaysia,GPE,0.03456995,0.46195594,en,32.00000000,4037203-0,1733045,X,2.50000000,112.50000000,ASIA,Malaysia,SEA
Arizona,Arizona,GPE,-0.10428104,0.52882232,en,27.10000000,4002920-7,5551752,X,34.50030000,-111.50097900,NORTH-AMERICA,United States,WNA
U.S.,U.S.,GPE,-0.10908152,3.47887192,en,26.60000000,,0,,,,,,
Bali,Bali,GPE,-0.10476640,0.50287811,en,26.50000000,,0,,,,,,
the Pacific Northwest,the Pacific Northwest,LOC,0.00212626,0.47620949,en,25.80000000,,0,,,,,,
Southeast Asia,Southeast Asia,LOC,-0.07643685,0.54910407,en,25.50000000,,0,,,,,,
US,US,GPE,-0.27185182,3.46704743,en,25.40000000,,0,,,,,,
Nepal,Nepal,GPE,-0.00350926,1.29832709,en,24.70000000,4041612-4,1282988,X,28.00000000,84.00000000,ASIA,Nepal,TIB
Spain,Spain,GPE,-0.06033567,0.68960695,en,24.50000000,4055964-6,2510769,X,40.00000000,-4.00000000,EUROPE-AFRICA,Spain,MED
Punjab,Punjab,GPE,-0.05077801,0.63132204,en,24.10000000,,0,,,,,,
Taiwan,Taiwan,GPE,0.17560658,0.87373110,en,22.80000000,4017875-4,1668284,X,24.00000000,121.00000000,ASIA,Taiwan,EAS
Jakarta,Jakarta,GPE,0.01425592,0.72042876,en,22.20000000,4012546-4,1642911,X,-6.21462000,106.84512900,ASIA,Indonesia,SEA
Los Angeles,Los Angeles,GPE,-0.06824331,1.72780373,en,20.20000000,,0,,,,,,
Oregon,Oregon,GPE,0.03337686,0.33519513,en,20.20000000,4043760-7,5744337,X,44.29999900,-120.50139000,NORTH-AMERICA,United States,WNA
Valencia,Valencia,GPE,-0.03952825,0.58846985,en,18.30000000,4062284-8,2509954,X,39.46972200,-0.37722200,EUROPE-AFRICA,Spain,MED
Morocco,Morocco,GPE,-0.13565891,0.22829457,en,17.20000000,4037680-1,2542007,X,32.00000000,-5.00000000,EUROPE-AFRICA,Morocco,MED
Caribbean,Caribbean,LOC,0.00861541,1.29681105,en,16.60000000,,0,,,,,,
Pacific Northwest,Pacific Northwest,GPE,0.04895784,0.72545637,en,16.60000000,,0,,,,,,
Alaska,Alaska,GPE,0.04309700,1.34499343,en,15.50000000,4001016-8,5879092,X,64.80000000,-150.80000000,NORTH-AMERICA,United States,NWN
China,China,GPE,0.21532818,4.45185592,en,15.30000000,4009937-4,1814991,X,35.00000000,105.00000000,ASIA,China,EAS
UK,UK,GPE,0.12139262,0.89390380,en,14.90000000,,0,,,,,,
Florida,Florida,GPE,0.06647866,1.81520866,en,13.70000000,4017585-6,4155751,X,28.75054000,-82.50010000,NORTH-AMERICA,United States,ENA
Aceh,Aceh,GPE,0.01041667,0.32975899,en,13.60000000,,0,,,,,,
Wash.,Wash.,GPE,-0.04711056,0.54447460,en,13.40000000,,0,,,,,,
Haiti,Haiti,GPE,-0.14287423,0.53164730,en,13.30000000,4022974-9,3723988,X,19.00000000,-72.41666900,CENTRAL-AMERICA,Haiti,CAR
Canada,Canada,GPE,0.11963135,1.31718762,en,12.70000000,4029456-0,6251999,X,60.10866900,-113.64257900,NORTH-AMERICA,Canada,NWN
Mexico,Mexico,GPE,-0.62202714,3.39124946,en,12.50000000,,0,,,,,,
North Sumatra,North Sumatra,GPE,0.03319209,0.33768832,en,11.80000000,4118901-2,1213642,X,2.00000000,99.00000000,ASIA,Indonesia,SEA
Wales,Wales,GPE,-0.09355681,0.73730159,en,11.40000000,,0,,,,,,
the United States,the United States,GPE,0.23226481,2.27450091,en,11.20000000,,0,,,,,,
Typhoon Bualoi,Typhoon Bualoi,LOC,0.03973351,0.57284112,en,10.90000000,,0,,,,,,
Cebu,Cebu,LOC,-0.11761541,0.51251028,en,10.70000000,,0,,,,,,
LOS ANGELES,LOS ANGELES,GPE,0.18258626,0.52720972,en,10.10000000,,0,,,,,,
Brazil,Brazil,GPE,-0.01808712,0.41345092,en,9.60000000,4008003-1,3469034,X,-10.00000000,-55.00000000,SOUTH-AMERICA,Brazil,SAM
Pacific,Pacific,LOC,0.10285505,1.20933166,en,9.50000000,,0,,,,,,
Wexford,Wexford,GPE,-0.15767477,0.27520263,en,9.40000000,4405190-6,2960964,X,52.33417000,-6.45749900,EUROPE,,NEU
Israel,Israel,GPE,0.03494385,0.80723362,en,9.40000000,4027808-6,294640,X,31.50000000,34.75000000,EUROPE-AFRICA,Israel,MED
Kolkata,Kolkata,GPE,0.01113699,0.57675121,en,9.20000000,4029344-0,1275004,X,22.56262900,88.36303900,ASIA,India,SAS
South Asia,South Asia,LOC,-0.33052067,0.73881476,en,9.10000000,,0,,,,,,
Hong Kong,Hong Kong,GPE,-0.00397480,1.29852317,en,9.10000000,4025822-1,1819730,X,22.25000000,114.16666600,ASIA,Hong Kong,EAS
Greece,Greece,GPE,0.01979801,0.51602148,en,9.10000000,,0,,,,,,
New York City,New York City,GPE,0.44471044,2.41830452,en,8.50000000,4042011-5,5128581,X,40.71416600,-74.00597000,NORTH-AMERICA,United States,ENA
West Sumatra,West Sumatra,GPE,0.03709350,0.36399051,en,8.20000000,,0,,,,,,
New York,New York,GPE,0.48443878,3.89342967,en,8.10000000,,0,,,,,,
Ireland,Ireland,GPE,0.16196181,0.83508681,en,8.00000000,4027667-3,2963597,X,53.00000000,-8.00000000,EUROPE,Ireland,NEU
Punjab province,Punjab province,GPE,-0.02992312,1.05272817,en,8.00000000,,0,,,,,,
Kelantan,Kelantan,GPE,0.03974781,0.46716009,en,7.60000000,4097779-1,1733044,X,5.33333000,102.00000000,ASIA,Malaysia,SEA
Indonesias Sumatra,Indonesias Sumatra,GPE,-0.20525114,0.51038813,en,7.30000000,,0,,,,,,
Safi,Safi,GPE,-0.08949772,0.32191781,en,7.30000000,4482785-4,2537881,X,32.29944400,-9.23722200,EUROPE-AFRICA,Morocco,MED
Ilam,Ilam,GPE,0.07979222,0.44258433,en,7.20000000,,0,,,,,,
Jammu,Jammu,GPE,-0.27675907,1.67540321,en,7.00000000,4387357-1,1269321,X,32.73568900,74.86911000,ASIA,India,WCA
Delhi,Delhi,GPE,-0.16580087,1.17820346,en,7.00000000,4011371-1,1273294,X,28.65381000,77.22897000,ASIA,India,SAS
Seattle,Seattle,GPE,0.12686335,0.34382333,en,6.90000000,,0,,,,,,
Wisconsin,Wisconsin,GPE,0.09743761,0.99840315,en,6.80000000,4119135-3,5279468,X,44.50023900,-90.10000000,NORTH-AMERICA,United States,CNA
B.C.,B.C.,GPE,0.01741294,0.21890547,en,6.70000000,,0,,,,,,
Dublin,Dublin,GPE,-0.08147655,0.56695096,en,6.70000000,4013170-1,2964574,X,53.33306000,-6.24889000,EUROPE,Ireland,NEU
Calif.,Calif.,GPE,0.10498657,0.58520879,en,6.50000000,,0,,,,,,
HANOI,HANOI,GPE,-0.15068721,0.95840413,en,6.50000000,,0,,,,,,
Sumatra island,Sumatra island,LOC,-0.11562500,0.33281250,en,6.40000000,,0,,,,,,
Mumbai,Mumbai,GPE,-0.08495107,1.67472183,en,6.40000000,10013721-0,1275339,X,19.07277700,72.88250000,ASIA,India,SAS
Japan,Japan,GPE,0.10603484,1.08376566,en,6.30000000,4028495-5,1861060,X,35.68536000,139.75308900,ASIA,Japan,EAS
London,London,GPE,0.20895883,1.08118338,en,6.20000000,4074335-4,2643743,X,51.50853000,-0.12574000,EUROPE,United Kingdom,NEU
Tenerife,Tenerife,GPE,0.00277778,0.36111111,en,6.00000000,,0,,,,,,
Kashmir,Kashmir,LOC,-0.81293030,3.03002428,en,6.00000000,,0,,,,,,
Denpasar,Denpasar,GPE,-0.05555556,0.40555556,en,6.00000000,4329689-0,1645528,X,-8.65000000,115.21666900,ASIA,Indonesia,SEA
Ibiza,Ibiza,GPE,0.02777778,0.08888889,en,6.00000000,,0,,,,,,
Northern California,Northern California,LOC,-0.22413793,0.44827586,en,5.80000000,,0,,,,,,
Wicklow,Wicklow,GPE,-0.16071429,0.28509852,en,5.80000000,,0,,,,,,
Monmouth,Monmouth,GPE,-0.05044130,0.49938424,en,5.80000000,4641124-0,2642313,X,51.81264900,-2.71363000,EUROPE,United Kingdom,NEU
Scotland,Scotland,GPE,0.06896552,0.30205570,en,5.80000000,4053233-1,2638360,X,56.00000000,-4.00000000,EUROPE,United Kingdom,NEU
Atlantic,Atlantic,LOC,-0.03505892,1.47404795,en,5.80000000,,0,,,,,,
South Wales,South Wales,GPE,-0.21454678,0.51096491,en,5.70000000,,0,,,,,,
Sabah,Sabah,GPE,0.16038012,2.50185185,en,5.70000000,4042495-9,1733039,X,5.50000000,117.00000000,ASIA,Malaysia,SEA
MOUNT VERNON,MOUNT VERNON,GPE,-0.08769513,0.56290174,en,5.50000000,,0,,,,,,
Arctic,Arctic,LOC,0.01993802,0.31797521,en,5.50000000,,0,,,,,,
San Diego County,San Diego County,GPE,-0.07678571,0.24826840,en,5.50000000,,0,,,,,,
Phoenix,Phoenix,GPE,-0.29090909,0.50909091,en,5.50000000,,0,,,,,,
Portugal,Portugal,GPE,-0.16767677,0.25656566,en,5.50000000,4046843-4,2264397,X,39.50000000,-8.00000000,EUROPE-AFRICA,Portugal,MED
Los Angeles County,Los Angeles County,GPE,0.08146648,0.99419927,en,5.50000000,,0,,,,,,
Cuba,Cuba,GPE,-0.15847830,1.24595024,en,5.40000000,,0,,,,,,
South Sudan,South Sudan,GPE,-0.09669811,0.42374214,en,5.30000000,,0,,,,,,
Ore.,Ore.,GPE,0.11666667,0.73023504,en,5.20000000,,0,,,,,,
Pahang,Pahang,GPE,0.08169935,0.60130719,en,5.10000000,4301609-1,1733042,X,3.50000000,102.75000000,ASIA,Malaysia,SEA
MANILA,MANILA,GPE,-0.28283536,1.12775593,en,5.10000000,,0,,,,,,
Queensland,Queensland,GPE,-0.34246068,10.02836652,en,5.00000000,4103475-2,2152274,X,-20.00000000,145.00000000,OCEANIA,Australia,NAU
the Atlantic Ocean,the Atlantic Ocean,LOC,0.15666667,0.56666667,en,5.00000000,,0,,,,,,
NEW DELHI,NEW DELHI,GPE,0.01186414,0.96214602,en,5.00000000,,0,,,,,,
San Diego,San Diego,GPE,0.14685185,0.82314815,en,5.00000000,,0,,,,,,
Titusville,Titusville,GPE,-0.02000000,0.42000000,en,5.00000000,,0,,,,,,
the West Coast,the West Coast,LOC,0.18801042,0.50948313,en,4.70000000,,0,,,,,,
Sri Lanka's,Sri Lanka's,GPE,0.09913538,0.43642951,en,4.60000000,,0,,,,,,
Skagit,Skagit,GPE,0.10144928,0.18114295,en,4.60000000,,0,,,,,,
BANGKOK,BANGKOK,GPE,-0.27608696,0.48043478,en,4.60000000,,0,,,,,,
Abbotsford,Abbotsford,GPE,0.04619565,0.15380435,en,4.60000000,,0,,,,,,
Britain,Britain,GPE,-0.09534201,0.53897672,en,4.60000000,,0,,,,,,
arctic,arctic,LOC,-0.24637681,0.78260870,en,4.60000000,,0,,,,,,
Redding,Redding,GPE,0.17226614,0.74028327,en,4.60000000,,0,,,,,,
Corfu,Corfu,GPE,0.01268116,0.33152174,en,4.60000000,,0,,,,,,
South,South,LOC,-1.86056842,9.89803234,en,4.60000000,,0,,,,,,
America,America,GPE,-0.70588664,2.44660213,en,4.50000000,,0,,,,,,
Tokyo,Tokyo,GPE,0.06296296,0.81481481,en,4.50000000,4078337-6,1850147,X,35.68950000,139.69171000,ASIA,Japan,EAS
the Gaza Strip,the Gaza Strip,GPE,-0.05134680,0.57094276,en,4.50000000,,0,,,,,,
Colombo,Colombo,GPE,-0.00277778,0.36111111,en,4.50000000,4010404-7,1248991,X,6.93194000,79.84778000,INDIAN,Sri Lanka,EIO
Darjeeling,Darjeeling,GPE,-0.54009740,0.85106421,en,4.20000000,4011057-6,1273467,X,27.03332900,88.26667000,ASIA,India,TIB
Typhoon Halong,Typhoon Halong,GPE,0.00638448,1.30986332,en,4.20000000,,0,,,,,,
Tooele County,Tooele County,GPE,-0.04761905,0.11904762,en,4.20000000,,0,,,,,,
Salt Lake City,Salt Lake City,GPE,-0.04761905,0.11904762,en,4.20000000,,0,,,,,,
Utah,Utah,GPE,-0.02439024,0.38821138,en,4.10000000,4062214-9,5549030,X,39.25023900,-111.75103000,NORTH-AMERICA,United States,WNA
the Dominican Republic,the Dominican Republic,GPE,-0.14725610,0.44512195,en,4.10000000,,0,,,,,,
the Pacific Ocean,the Pacific Ocean,LOC,-0.03140244,0.44878049,en,4.10000000,,0,,,,,,
Beaufort,Beaufort,GPE,0.38291667,1.67854167,en,4.00000000,,0,,,,,,
San Antonio,San Antonio,GPE,-0.92532418,4.05025968,en,4.00000000,,0,,,,,,
Massachusetts,Massachusetts,GPE,0.03018128,1.03225108,en,4.00000000,4037858-5,6254926,X,42.36565000,-71.10832000,NORTH-AMERICA,United States,ENA
Himachal Pradesh,Himachal Pradesh,GPE,-0.08295455,0.48055556,en,4.00000000,4240080-6,1270101,X,31.00000000,78.00000000,ASIA,India,TIB
Gulf,Gulf,LOC,-0.16304113,0.58311688,en,4.00000000,,0,,,,,,
Papar,Papar,GPE,-0.01875000,0.37259615,en,4.00000000,,0,,,,,,
Kerr County,Kerr County,GPE,-0.10171272,6.54006719,en,3.90000000,,0,,,,,,
U.S,U.S,GPE,-0.18085988,1.83555102,en,3.90000000,,0,,,,,,
New Jersey,New Jersey,GPE,1.19476426,6.83612915,en,3.90000000,4042004-8,5101760,X,40.16705900,-74.49987000,NORTH-AMERICA,United States,ENA
Brevard County,Brevard County,GPE,0.26243895,0.90880647,en,3.90000000,,0,,,,,,
Kenya,Kenya,GPE,-0.31907895,0.54605263,en,3.80000000,4030236-2,192950,X,1.00000000,38.00000000,AFRICA,Kenya,SEAF
Kathmandu,Kathmandu,GPE,0.28406955,1.28344298,en,3.80000000,4030036-5,1283240,X,27.70168900,85.32059900,ASIA,Nepal,TIB
MILWAUKEE,MILWAUKEE,GPE,-0.12125199,0.42535885,en,3.80000000,,0,,,,,,
Midwest,Midwest,LOC,-1.57421610,15.47035445,en,3.70000000,,0,,,,,,
Hat Yai,Hat Yai,GPE,0.11742278,0.28334942,en,3.70000000,4415782-4,1610780,X,7.00835900,100.47668000,ASIA,Thailand,SEA
Northern Ireland,Northern Ireland,GPE,-0.10810811,0.16891892,en,3.70000000,4075462-5,2641364,X,54.50000000,-6.50000000,EUROPE,United Kingdom,NEU
South-East Asia,South-East Asia,LOC,0.04279279,0.57657658,en,3.70000000,,0,,,,,,
Iran,Iran,GPE,0.29233210,1.77680521,en,3.70000000,4027653-3,130758,X,32.00000000,53.00000000,ASIA,Iran,WCA
the Snoqualmie River,the Snoqualmie River,LOC,0.00000000,0.00000000,en,3.70000000,,0,,,,,,
COLOMBO,COLOMBO,GPE,0.13738739,0.44819820,en,3.70000000,,0,,,,,,
United States,United States,GPE,-1.30477945,4.80216158,en,3.70000000,,0,,,,,,
Aceh province,Aceh province,GPE,0.00810811,0.31081081,en,3.70000000,,0,,,,,,
Perak,Perak,GPE,0.16722973,0.49831081,en,3.70000000,4304095-0,1733041,X,5.00000000,101.00000000,ASIA,Malaysia,SEA
Co Wexford,Co Wexford,GPE,-0.03603604,0.10810811,en,3.70000000,,0,,,,,,
Skagit County,Skagit County,GPE,0.21947516,0.46171171,en,3.70000000,,0,,,,,,
Miami,Miami,GPE,-0.30370370,1.63904321,en,3.60000000,,0,,,,,,
Southeast,Southeast,LOC,-0.22521511,2.86552279,en,3.60000000,,0,,,,,,
Newfoundland,Newfoundland,GPE,0.12384259,0.93865741,en,3.60000000,,0,,,,,,
Tamil Nadu,Tamil Nadu,GPE,0.01504630,0.33449074,en,3.60000000,4078142-2,1255053,X,11.00000000,78.00000000,ASIA,India,SAS
Europe,Europe,LOC,0.29715368,2.78035354,en,3.50000000,,0,,,,,,
PORTLAND,PORTLAND,GPE,0.12696078,0.87745098,en,3.40000000,,0,,,,,,
Pradesh,Pradesh,GPE,-0.13146168,1.99313725,en,3.40000000,,0,,,,,,
Washington State,Washington State,GPE,0.20661157,0.27961433,en,3.30000000,4118995-4,5815135,X,47.50012000,-120.50146900,NORTH-AMERICA,United States,WNA
Atmospheric River,Atmospheric River,LOC,0.00000000,0.00000000,en,3.20000000,,0,,,,,,
North Carolina,North Carolina,GPE,1.03428425,9.17077415,en,3.20000000,4042551-4,4482348,X,35.50068900,-80.20000000,NORTH-AMERICA,United States,ENA
Northeast,Northeast,LOC,-0.58693572,6.86329202,en,3.10000000,,0,,,,,,
England,England,GPE,0.18404378,2.09389401,en,3.10000000,4014770-8,6269131,X,52.16044900,-0.70312000,EUROPE,United Kingdom,NEU
Maharashtra,Maharashtra,GPE,-0.17580645,1.02075269,en,3.10000000,4037057-4,1264418,X,19.50000000,75.00000000,ASIA,India,SAS
Mediterranean,Mediterranean,LOC,0.10000000,0.15000000,en,3.00000000,,0,,,,,,
Formentera,Formentera,GPE,0.00000000,0.01111111,en,3.00000000,,0,,,,,,
West Java,West Java,GPE,0.29444444,0.58333333,en,3.00000000,,0,,,,,,
Pakistans Punjab province,Pakistans Punjab province,GPE,0.19333333,0.68666667,en,3.00000000,,0,,,,,,
Chenab,Chenab,GPE,-0.02727273,0.30909091,en,3.00000000,,0,,,,,,
Yamuna river,Yamuna river,LOC,-0.13333333,0.33333333,en,3.00000000,,0,,,,,,
Manhattan,Manhattan,GPE,-0.40290404,1.04217172,en,3.00000000,,0,,,,,,
Hunt,Hunt,GPE,0.17327160,1.49570988,en,3.00000000,,0,,,,,,
Sukabumi District,Sukabumi District,GPE,0.01111111,0.18888889,en,3.00000000,,0,,,,,,
Türkiye,Türkiye,GPE,-0.19629630,0.75370370,en,3.00000000,4061163-2,298795,X,39.05901000,34.91154900,EUROPE-AFRICA,Turkey,MED
Surrey,Surrey,GPE,0.05555556,0.32222222,en,3.00000000,4118910-3,2636512,X,51.25000000,-0.33333300,EUROPE,United Kingdom,NEU
Himachal,Himachal,GPE,-0.18954545,1.70055556,en,3.00000000,,0,,,,,,
Indus,Indus,GPE,0.16666667,0.16666667,en,3.00000000,,0,,,,,,
Bhairahawa,Bhairahawa,GPE,-0.10000000,0.26111111,en,3.00000000,,0,,,,,,
Sweden,Sweden,GPE,0.00000000,0.16666667,en,3.00000000,4077258-5,2661886,X,62.00000000,15.00000000,EUROPE,Sweden,NEU
Milwaukee,Milwaukee,GPE,0.04761364,0.92264731,en,3.00000000,,0,,,,,,
Gaza City,Gaza City,GPE,-0.37634970,0.62034134,en,2.90000000,,0,,,,,,
West Bengal,West Bengal,LOC,-0.03103448,0.35862069,en,2.90000000,4079196-8,1252881,X,24.00000000,88.00000000,ASIA,India,SAS
East Coast,East Coast,LOC,-0.66205155,1.91448972,en,2.90000000,,0,,,,,,
the East Coast,the East Coast,LOC,0.46549487,6.11659194,en,2.80000000,,0,,,,,,
Labrador,Labrador,GPE,0.02976190,0.55952381,en,2.80000000,,0,,,,,,
Kuantan,Kuantan,GPE,-0.04464286,0.36607143,en,2.80000000,7619150-3,1735227,X,3.80770000,103.32599900,ASIA,Malaysia,SEA
Earth,Earth,LOC,0.49490886,2.06941174,en,2.80000000,,0,,,,,,
Shan State,Shan State,GPE,-0.07455357,0.62291667,en,2.80000000,,0,,,,,,
Zakynthos,Zakynthos,GPE,-0.09104437,0.41517857,en,2.80000000,,0,,,,,,
Dubai,Dubai,GPE,0.17425595,0.66190476,en,2.80000000,4204043-7,292224,X,25.00000000,55.33333300,ASIA,United Arab Emirates,ARP
Kilkenny,Kilkenny,GPE,-0.03571429,0.08928571,en,2.80000000,4265639-4,2963398,X,52.65417000,-7.25222000,EUROPE,Ireland,NEU
Cyprus,Cyprus,GPE,0.04151786,0.36294643,en,2.80000000,,0,,,,,,
Clackamas County,Clackamas County,GPE,-0.01755952,0.49603175,en,2.80000000,,0,,,,,,
Palestine,Palestine,GPE,0.02976190,0.18849206,en,2.80000000,,0,,,,,,
the Klang Valley,the Klang Valley,LOC,0.13180272,0.43452381,en,2.80000000,,0,,,,,,
Shasta County,Shasta County,GPE,-0.07440476,0.35416667,en,2.80000000,,0,,,,,,
Oxnard,Oxnard,GPE,-0.21428571,0.53571429,en,2.80000000,,0,,,,,,
Nevada,Nevada,GPE,0.21291667,0.89750000,en,2.80000000,4041996-4,5509151,X,39.25021000,-116.75118900,NORTH-AMERICA,United States,WNA
Enniscorthy,Enniscorthy,GPE,-0.02529762,0.36607143,en,2.80000000,1284310965,2964403,X,52.50083300,-6.55777700,EUROPE,Ireland,NEU
Los Angles,Los Angles,GPE,-0.21428571,0.53571429,en,2.80000000,,0,,,,,,
Snohomish,Snohomish,GPE,0.15043290,0.24347944,en,2.80000000,,0,,,,,,
Fraser Valley,Fraser Valley,LOC,-0.07142857,0.38095238,en,2.80000000,,0,,,,,,
Muwasi,Muwasi,GPE,0.07539683,0.48412698,en,2.80000000,,0,,,,,,
Gaza Strip,Gaza Strip,GPE,0.05753968,0.18650794,en,2.80000000,,0,,,,,,
Molalla,Molalla,GPE,-0.01250000,0.21428571,en,2.80000000,,0,,,,,,
Bachok,Bachok,GPE,-0.04081633,0.29931973,en,2.80000000,7603790-3,1736380,X,6.06667000,102.40000000,ASIA,,SEA
Albania,Albania,GPE,-0.17602041,0.46938776,en,2.80000000,4001028-4,783754,X,41.00000000,20.00000000,EUROPE-AFRICA,Albania,MED
Guwahati,Guwahati,GPE,-0.64647393,1.90822523,en,2.80000000,4368296-0,1271476,X,26.18617000,91.75095000,ASIA,India,SAS
Northwest Montana,Northwest Montana,GPE,-0.08730159,0.32473545,en,2.80000000,,0,,,,,,
Bay Area,Bay Area,LOC,0.05633503,0.36139456,en,2.80000000,,0,,,,,,
Idaho,Idaho,GPE,0.03630952,0.38630952,en,2.80000000,4026462-2,5596512,X,44.50019900,-114.25118000,NORTH-AMERICA,United States,WNA
Orlando,Orlando,GPE,-0.21428571,0.56547619,en,2.80000000,,0,,,,,,
Atmospheric river,Atmospheric river,LOC,0.01546073,0.37523191,en,2.80000000,,0,,,,,,
Sao Paulo,Sao Paulo,GPE,-0.20000000,0.27678571,en,2.80000000,,0,,,,,,
Istanbul,Istanbul,GPE,-0.05257937,0.56547619,en,2.80000000,4027821-9,745044,X,41.01361100,28.94944400,EUROPE-AFRICA,Turkey,MED
Wis.,Wis.,GPE,-0.16842532,0.52637987,en,2.80000000,,0,,,,,,
Safi province,Safi province,GPE,-0.10714286,0.14285714,en,2.80000000,,0,,,,,,
Kajang,Kajang,GPE,-0.10714286,0.14285714,en,2.80000000,,0,,,,,,
Central Florida,Central Florida,LOC,0.05401235,2.52623457,en,2.70000000,,0,,,,,,
Chennai,Chennai,GPE,0.00000000,0.00000000,en,2.70000000,5351481-6,1264527,X,13.08777700,80.27833300,ASIA,India,SAS
TAIPEI,TAIPEI,GPE,0.05833333,0.47129630,en,2.70000000,,0,,,,,,
Russia,Russia,GPE,0.25593920,1.89162782,en,2.60000000,,0,,,,,,
Bahamas,Bahamas,GPE,-0.45576923,1.06153846,en,2.60000000,4069081-7,3572887,X,25.04082000,-77.37121900,NORTH-AMERICA,Bahamas,ENA
Tasmania,Tasmania,GPE,0.18461538,0.57692308,en,2.60000000,,0,,,,,,
Jhapa,Jhapa,GPE,-0.16346154,0.29807692,en,2.60000000,,0,,,,,,
Uttarakhand,Uttarakhand,GPE,-0.37067793,2.66287879,en,2.60000000,1358877971,1444366,X,30.25000000,79.25000000,ASIA,India,TIB
VERNON,VERNON,GPE,0.09375000,0.22115385,en,2.60000000,,0,,,,,,
Hanoi,Hanoi,GPE,0.24542125,0.70109890,en,2.60000000,4094713-0,1581130,X,21.02449900,105.84117000,ASIA,Vietnam,EAS
New Orleans,New Orleans,GPE,0.20755633,1.84033328,en,2.60000000,,0,,,,,,
Mount Everest,Mount Everest,LOC,-0.03846154,0.69230769,en,2.60000000,,0,,,,,,
Afghanistan,Afghanistan,GPE,0.48810606,1.34840909,en,2.50000000,4000687-6,1149361,X,33.00000000,66.00000000,ASIA,Afghanistan,WCA
Oman,Oman,GPE,0.06036325,0.27029915,en,2.40000000,4075653-1,286963,X,21.00000000,57.00000000,ASIA,Oman,ARP
Manila,Manila,GPE,-0.14595258,0.98265292,en,2.40000000,4037344-7,1701668,X,14.60420000,120.98220000,ASIA,Philippines,SEA
Venezuela,Venezuela,GPE,0.04452130,1.66007905,en,2.30000000,4062512-6,3625428,X,8.00000000,-66.00000000,SOUTH-AMERICA,Venezuela,NSA
Fla.,Fla.,GPE,0.17481884,1.48369565,en,2.30000000,,0,,,,,,
Kerrville,Kerrville,GPE,0.57371724,3.72730933,en,2.30000000,,0,,,,,,
Brooklyn,Brooklyn,GPE,0.03336627,0.96218709,en,2.30000000,,0,,,,,,
Asheville,Asheville,GPE,-0.04870130,0.55357143,en,2.20000000,,0,,,,,,
King County,King County,GPE,-0.19791667,0.42518939,en,2.20000000,,0,,,,,,
N.J.,N.J.,GPE,0.06973140,1.98622590,en,2.20000000,,0,,,,,,
East,East,LOC,-0.15625000,0.76893939,en,2.20000000,,0,,,,,,
West Richland,West Richland,GPE,0.02777778,0.71031746,en,2.10000000,,0,,,,,,
the Sultanah Aminah Hospital,the Sultanah Aminah Hospital,LOC,-0.01458333,0.36041667,en,2.00000000,,0,,,,,,
Stablecoin,Stablecoin,GPE,0.00000000,0.00000000,en,2.00000000,,0,,,,,,
Ethereum,Ethereum,GPE,0.18888889,0.57500000,en,2.00000000,,0,,,,,,
Delhi-NCR,Delhi-NCR,GPE,-0.25000000,0.52500000,en,2.00000000,,0,,,,,,
Black Sea,Black Sea,LOC,-0.11944444,0.30555556,en,2.00000000,,0,,,,,,
stablecoin,stablecoin,GPE,0.18888889,0.57500000,en,2.00000000,,0,,,,,,
Indias,Indias,GPE,-0.24166667,0.61250000,en,2.00000000,,0,,,,,,
Spains Canary Islands,Spains Canary Islands,LOC,0.11666667,0.36666667,en,2.00000000,,0,,,,,,
LA,LA,GPE,-0.34663510,2.14237374,en,2.00000000,,0,,,,,,
NCR,NCR,GPE,-0.25000000,0.50000000,en,2.00000000,,0,,,,,,
Kansas,Kansas,GPE,0.01570617,1.65726461,en,2.00000000,4114131-3,4273857,X,38.50028900,-98.50063000,NORTH-AMERICA,United States,CNA
MIAMI,MIAMI,GPE,-0.07878788,0.76931818,en,2.00000000,,0,,,,,,
NYC,NYC,GPE,-0.15856271,3.56835859,en,2.00000000,,0,,,,,,
Hyderabad,Hyderabad,GPE,0.10714286,0.21428571,en,2.00000000,,0,,,,,,
Sungai Kaiduan,Sungai Kaiduan,GPE,-0.12500000,0.55000000,en,2.00000000,,0,,,,,,
Altadena,Altadena,GPE,-0.05416667,0.21180556,en,2.00000000,,0,,,,,,
Capitol Hill,Capitol Hill,LOC,0.13562500,0.53000000,en,2.00000000,,0,,,,,,
Kullu,Kullu,GPE,-0.67310606,1.45416667,en,2.00000000,4402577-4,1265709,X,31.95635000,77.11036000,ASIA,India,TIB
Sacramento,Sacramento,GPE,-0.03333333,0.55000000,en,2.00000000,,0,,,,,,
Bongawan,Bongawan,GPE,0.08750000,0.19519231,en,2.00000000,,0,,,,,,
Bomba,Bomba,GPE,0.01250000,0.43750000,en,2.00000000,,0,,,,,,
Amritsar,Amritsar,GPE,0.02272727,0.14242424,en,2.00000000,4079760-0,1278710,X,31.63661000,74.87475900,ASIA,India,WCA
Islamabad,Islamabad,GPE,0.00467172,0.67714646,en,2.00000000,4245023-8,7331475,X,31.21747900,72.33948900,ASIA,Pakistan,WCA
ISLAMABAD,ISLAMABAD,GPE,-0.01431818,1.10060606,en,2.00000000,,0,,,,,,
Arlington,Arlington,GPE,0.08415404,0.32171717,en,2.00000000,,0,,,,,,
Attica,Attica,GPE,0.27222222,0.55555556,en,2.00000000,,0,,,,,,
NJ,NJ,GPE,-0.02664983,0.70404040,en,2.00000000,,0,,,,,,
Tawi river,Tawi river,LOC,0.00000000,0.00000000,en,2.00000000,,0,,,,,,
Sindh,Sindh,GPE,0.30000000,0.45000000,en,2.00000000,,0,,,,,,
North Coast,North Coast,LOC,0.21534091,0.56780303,en,2.00000000,,0,,,,,,
Talisay City,Talisay City,GPE,0.05000000,0.30000000,en,2.00000000,,0,,,,,,
the Tawi river,the Tawi river,LOC,0.05000000,0.27500000,en,2.00000000,,0,,,,,,
Mexicos,Mexicos,LOC,-0.12083333,0.86500000,en,2.00000000,,0,,,,,,
Typhoon Fung-wong,Typhoon Fung-wong,GPE,-0.35555556,1.18888889,en,2.00000000,,0,,,,,,
Maine,Maine,GPE,0.10000000,0.72500000,en,2.00000000,4114929-4,4971068,X,45.50032000,-69.24976900,NORTH-AMERICA,United States,ENA
Canary Islands,Canary Islands,LOC,-0.06666667,0.38333333,en,2.00000000,,0,,,,,,
Globe,Globe,GPE,-0.23333333,0.63333333,en,2.00000000,,0,,,,,,
JAMMU,JAMMU,GPE,-0.53958333,1.32500000,en,2.00000000,,0,,,,,,
Salal Dam,Salal Dam,LOC,-0.18125000,0.46875000,en,2.00000000,,0,,,,,,
Burlington,Burlington,GPE,0.40769537,0.97607656,en,1.90000000,,0,,,,,,
Sudan,Sudan,GPE,0.00000000,1.05263158,en,1.90000000,4058378-8,366755,X,16.00000000,30.00000000,AFRICA,Sudan,SAH
JUBA,JUBA,GPE,0.09210526,0.14473684,en,1.90000000,,0,,,,,,
the Tasman Sea,the Tasman Sea,LOC,-0.21889952,0.44138756,en,1.90000000,,0,,,,,,
ISTANBUL,ISTANBUL,GPE,0.11915205,0.69298246,en,1.90000000,,0,,,,,,
the South East Asian,the South East Asian,LOC,0.19736842,0.40350877,en,1.90000000,,0,,,,,,
the Fraser Valley,the Fraser Valley,LOC,-0.64473684,0.67807018,en,1.90000000,,0,,,,,,
North Island,North Island,LOC,-0.18421053,0.44736842,en,1.90000000,,0,,,,,,
Bulgaria,Bulgaria,GPE,-0.14035088,0.14035088,en,1.90000000,4008866-2,732800,X,43.00000000,25.00000000,EUROPE-AFRICA,Bulgaria,MED
Bahini river,Bahini river,LOC,-0.10526316,0.19298246,en,1.90000000,,0,,,,,,
Dead Sea,Dead Sea,LOC,-0.33245614,0.65350877,en,1.90000000,,0,,,,,,
East River Park,East River Park,LOC,0.07177033,0.76555024,en,1.90000000,,0,,,,,,
the High Desert,the High Desert,LOC,0.08538012,0.50233918,en,1.90000000,,0,,,,,,
Munster,Munster,GPE,-0.26315789,0.57017544,en,1.90000000,,0,,,,,,
Kedah,Kedah,GPE,0.23289474,0.92763158,en,1.90000000,4260409-6,1733048,X,6.00000000,100.66666900,ASIA,Malaysia,SEA
USA,USA,GPE,0.00000000,0.00000000,en,1.90000000,4078704-7,6252001,X,39.75999900,-98.50000000,NORTH-AMERICA,United States,CNA
Houston,Houston,GPE,-0.27192982,3.33406433,en,1.90000000,,0,,,,,,
Auckland,Auckland,GPE,0.26116427,1.77990431,en,1.90000000,4086091-7,2193733,X,-36.86666600,174.76666600,OCEANIA,New Zealand,NZ
REDDING,REDDING,GPE,-0.03508772,0.66666667,en,1.90000000,,0,,,,,,
Johor,Johor,GPE,2.27716862,5.96186647,en,1.90000000,,0,,,,,,
Mountain,Mountain,LOC,0.00000000,0.00000000,en,1.90000000,,0,,,,,,
Terengganu,Terengganu,GPE,0.23245614,0.86695906,en,1.90000000,,0,,,,,,
Alabama,Alabama,GPE,0.24145401,2.47482722,en,1.90000000,4084839-5,4829764,X,32.75041000,-86.75025900,NORTH-AMERICA,United States,ENA
British Columbia,British Columbia,GPE,0.05921053,0.16184211,en,1.90000000,4069670-4,5909050,X,53.99983000,-125.00320000,NORTH-AMERICA,Canada,NWN
Brisbane,Brisbane,GPE,1.07717305,2.79393939,en,1.90000000,4212528-5,2174003,X,-27.46793900,153.02808900,OCEANIA,Australia,EAU
Sarawak,Sarawak,GPE,0.82236842,4.00219298,en,1.90000000,4051682-9,1733038,X,2.50000000,113.50000000,ASIA,Malaysia,SEA
Bogor,Bogor,GPE,-0.42105263,0.52631579,en,1.90000000,4229201-3,1648473,X,-6.59443900,106.78916900,ASIA,Indonesia,SEA
Central Oregon,Central Oregon,LOC,0.09210526,0.41666667,en,1.90000000,,0,,,,,,
the Shah Alam interchange,the Shah Alam interchange,LOC,0.00000000,0.00000000,en,1.90000000,,0,,,,,,
Indian Ocean,Indian Ocean,LOC,-0.21052632,0.47368421,en,1.90000000,,0,,,,,,
Lanka,Lanka,GPE,0.05090377,0.40486443,en,1.90000000,,0,,,,,,
Nanding,Nanding,GPE,0.06140351,0.27192982,en,1.90000000,,0,,,,,,
Calgary,Calgary,GPE,-0.20406699,1.02284689,en,1.90000000,4085122-9,5913490,X,51.05000000,-114.08527700,NORTH-AMERICA,Canada,NWN
Anadolu,Anadolu,GPE,0.00000000,0.00000000,en,1.90000000,,0,,,,,,
West,West,LOC,-0.02741228,0.68421053,en,1.90000000,,0,,,,,,
the United Kingdom,the United Kingdom,GPE,0.21052632,1.05263158,en,1.90000000,,0,,,,,,
Alberta,Alberta,GPE,0.20657895,0.50263158,en,1.90000000,4001049-1,5883102,X,52.28332900,-117.46899900,NORTH-AMERICA,Canada,NWN
Sri,Sri,GPE,0.17690058,0.28508772,en,1.90000000,,0,,,,,,
Kwigillingok,Kwigillingok,GPE,-0.18421053,0.52631579,en,1.90000000,,0,,,,,,
Padang,Padang,GPE,-0.09649123,0.29824561,en,1.90000000,4694891-0,1633419,X,-0.94924000,100.35426900,ASIA,Indonesia,SEA
Portland,Portland,GPE,0.10795739,1.49893484,en,1.90000000,,0,,,,,,
the Bay Area,the Bay Area,LOC,0.17543860,1.10526316,en,1.90000000,,0,,,,,,
Pierce County,Pierce County,GPE,-0.05263158,0.05263158,en,1.90000000,,0,,,,,,
San Francisco,San Francisco,GPE,0.36842105,1.00000000,en,1.90000000,,0,,,,,,
Kemenhut,Kemenhut,GPE,0.00000000,0.42105263,en,1.90000000,,0,,,,,,
south Seattle,south Seattle,GPE,-0.18421053,0.50000000,en,1.90000000,,0,,,,,,
Laconia,Laconia,GPE,-0.02013557,0.42178363,en,1.90000000,,0,,,,,,
CALIFORNIA,CALIFORNIA,GPE,-0.07017544,0.45614035,en,1.90000000,,0,,,,,,
Greater Tel Aviv,Greater Tel Aviv,LOC,0.19444444,0.47326650,en,1.90000000,,0,,,,,,
the Yakima River,the Yakima River,LOC,0.21052632,0.47368421,en,1.90000000,,0,,,,,,
British Columbia's,British Columbia's,GPE,-0.10526316,0.56140351,en,1.90000000,,0,,,,,,
Whatcom,Whatcom,GPE,0.08771930,0.14254386,en,1.90000000,,0,,,,,,
Western Washington,Western Washington,LOC,0.00000000,0.00000000,en,1.90000000,,0,,,,,,
BURLINGTON,BURLINGTON,GPE,-0.19298246,0.26315789,en,1.90000000,,0,,,,,,
St. Louis,St. Louis,GPE,0.52631579,1.21052632,en,1.90000000,4118223-6,4407066,X,38.62727000,-90.19789000,NORTH-AMERICA,United States,CNA
The United States,The United States,GPE,-0.00877193,1.24561404,en,1.90000000,,0,,,,,,
North Tapanuli,North Tapanuli,GPE,-0.10526316,0.26315789,en,1.90000000,,0,,,,,,
Connecticut,Connecticut,GPE,1.02049442,2.54872408,en,1.90000000,4010487-4,4831725,X,41.66704000,-72.66648000,NORTH-AMERICA,United States,ENA
Skagit River,Skagit River,LOC,0.04049541,0.28947368,en,1.90000000,,0,,,,,,
West Coast,West Coast,LOC,0.17105263,0.36842105,en,1.90000000,,0,,,,,,
Yakima,Yakima,GPE,-0.34210526,0.57894737,en,1.90000000,,0,,,,,,
MONROE,MONROE,GPE,0.00000000,1.05263158,en,1.90000000,,0,,,,,,
Kingdom,Kingdom,GPE,0.15789474,0.65789474,en,1.90000000,,0,,,,,,
North,North,LOC,-0.19783360,1.07861510,en,1.90000000,,0,,,,,,
Lagos,Lagos,GPE,-0.09539474,0.65460526,en,1.90000000,4111183-7,2332459,X,6.45305900,3.39583000,AFRICA,,WAF
Shah Alam toll plaza,Shah Alam toll plaza,LOC,0.00000000,0.00000000,en,1.90000000,,0,,,,,,
Aitoloakarnania,Aitoloakarnania,GPE,0.10526316,0.31578947,en,1.90000000,,0,,,,,,
Laois,Laois,GPE,-0.21052632,0.43859649,en,1.90000000,,0,,,,,,
SAO PAULO,SAO PAULO,GPE,-0.17631579,0.28289474,en,1.90000000,,0,,,,,,
Maricopa County,Maricopa County,GPE,-0.42105263,0.73684211,en,1.90000000,,0,,,,,,
Southern Thailand,Southern Thailand,LOC,-0.07894737,0.10526316,en,1.90000000,,0,,,,,,
MEDAN,MEDAN,GPE,0.00000000,0.61403509,en,1.90000000,,0,,,,,,
Storm Claudia,Storm Claudia,LOC,-0.05263158,0.39473684,en,1.90000000,,0,,,,,,
Songkhla,Songkhla,GPE,-0.05723684,0.26842105,en,1.90000000,,0,,,,,,
Pacific Ocean,Pacific Ocean,LOC,0.14473684,0.26315789,en,1.90000000,,0,,,,,,
Beijing,Beijing,GPE,-1.87271018,12.07324466,en,1.90000000,4075971-4,1816670,X,39.90750000,116.39722200,ASIA,China,EAS
GAZA,GAZA,GPE,-0.21052632,0.63157895,en,1.90000000,,0,,,,,,
Jalan,Jalan,GPE,0.18421053,0.28947368,en,1.90000000,,0,,,,,,
Endau,Endau,GPE,0.17105263,0.46052632,en,1.90000000,,0,,,,,,
Typhoon Matmo,Typhoon Matmo,GPE,-0.18518519,0.16666667,en,1.80000000,,0,,,,,,
Tibet,Tibet,GPE,-0.36805556,1.55555556,en,1.80000000,,0,,,,,,
Launceston,Launceston,GPE,-0.05555556,0.05555556,en,1.80000000,,0,,,,,,
Pontian,Pontian,GPE,0.09722222,0.98611111,en,1.80000000,,0,,,,,,
Brevard,Brevard,GPE,-1.07638889,1.47916667,en,1.80000000,,0,,,,,,
Puducherry,Puducherry,GPE,0.17592593,0.67592593,en,1.80000000,16023115-2,1259425,X,11.93380900,79.82979000,ASIA,India,SAS
Pacific coast,Pacific coast,LOC,-0.27932099,2.18209877,en,1.80000000,,0,,,,,,
Hawaii,Hawaii,GPE,0.27777778,0.50000000,en,1.80000000,4023877-5,5855797,X,20.75028000,-156.50028000,PACIFIC,,NPO
Ukraine,Ukraine,GPE,0.37084288,3.82633902,en,1.70000000,4061496-7,690791,X,49.00000000,32.00000000,EUROPE,Ukraine,WCE
Guadalupe River,Guadalupe River,LOC,0.57450980,3.26862745,en,1.70000000,,0,,,,,,
Tenn.,Tenn.,GPE,-0.17557932,1.55592692,en,1.70000000,,0,,,,,,
Puyallup,Puyallup,GPE,-0.07352941,0.22058824,en,1.70000000,,0,,,,,,
TOKYO,TOKYO,GPE,0.17973856,1.00653595,en,1.70000000,,0,,,,,,
Ramdhuni,Ramdhuni,GPE,0.00000000,0.07843137,en,1.70000000,,0,,,,,,
Colorado,Colorado,GPE,-0.01715686,1.19802665,en,1.70000000,,0,,,,,,
the Tennessee River,the Tennessee River,LOC,0.23529412,1.17647059,en,1.70000000,,0,,,,,,
Kanagawa,Kanagawa,GPE,0.22549020,0.68627451,en,1.70000000,,0,,,,,,
LOUISVILLE,LOUISVILLE,GPE,-0.47100840,2.21148459,en,1.70000000,,0,,,,,,
Central Park,Central Park,LOC,0.38636364,0.59425134,en,1.70000000,,0,,,,,,
Venice,Venice,GPE,-0.01069519,0.30748663,en,1.70000000,4062501-1,3164603,X,45.43860900,12.32667000,EUROPE,Italy,WCE
Louisville,Louisville,GPE,-1.27485994,2.34698880,en,1.70000000,,0,,,,,,
West Virginia,West Virginia,GPE,-0.94323706,8.59234646,en,1.60000000,4119079-8,4826850,X,38.50037900,-80.50009000,NORTH-AMERICA,United States,ENA
Palm Springs,Palm Springs,GPE,-0.03125000,0.43750000,en,1.60000000,,0,,,,,,
North Bengal,North Bengal,LOC,-0.56770833,1.56250000,en,1.60000000,,0,,,,,,
Bengal,Bengal,GPE,-0.15277778,0.48611111,en,1.60000000,,0,,,,,,
South Carolina,South Carolina,GPE,0.13515625,1.71614583,en,1.60000000,4055656-6,4597040,X,34.30000000,-81.00000000,NORTH-AMERICA,United States,ENA
Thessaloniki,Thessaloniki,GPE,-0.26041667,0.53819444,en,1.60000000,4051394-4,734077,X,40.64361100,22.93083300,EUROPE-AFRICA,Greece,MED
Chalkidiki,Chalkidiki,GPE,-0.26041667,0.53819444,en,1.60000000,,0,,,,,,
the Roshi River,the Roshi River,LOC,-0.12500000,0.31250000,en,1.60000000,,0,,,,,,
Virginia,Virginia,GPE,-0.48983586,7.53677399,en,1.60000000,4063592-2,6254928,X,37.54811900,-77.44674900,NORTH-AMERICA,United States,ENA
Bhutan,Bhutan,GPE,0.16666667,1.05208333,en,1.60000000,4006397-5,1252634,X,27.50000000,90.50000000,ASIA,Bhutan,TIB
Western North Carolina,Western North Carolina,LOC,0.00000000,0.00000000,en,1.60000000,,0,,,,,,
the east coast,the east coast,LOC,-0.18232323,1.86818182,en,1.50000000,,0,,,,,,
Germany,Germany,GPE,0.72424242,2.99191919,en,1.50000000,,0,,,,,,
Philadelphia,Philadelphia,GPE,-0.31313131,2.92474747,en,1.50000000,,0,,,,,,
the Pacific coast,the Pacific coast,LOC,0.01666667,0.78333333,en,1.50000000,,0,,,,,,
eastern Pennsylvania,eastern Pennsylvania,LOC,0.33333333,0.33333333,en,1.50000000,,0,,,,,,
NC,NC,GPE,-0.77083333,2.30952381,en,1.40000000,,0,,,,,,
Strip,Strip,LOC,0.53571429,1.00000000,en,1.40000000,,0,,,,,,
Hong Kongs,Hong Kongs,GPE,0.16706349,0.61626984,en,1.40000000,,0,,,,,,
glacial lake,glacial lake,LOC,0.03928571,1.08928571,en,1.40000000,,0,,,,,,
Arunachal,Arunachal,GPE,-0.17500000,2.33928571,en,1.40000000,,0,,,,,,
New Mexico,New Mexico,GPE,-0.08366316,18.12796331,en,1.40000000,4042006-1,5481136,X,34.50034000,-106.49999900,NORTH-AMERICA,United States,WNA
Typhoon Ragasa,Typhoon Ragasa,GPE,0.00000000,0.00000000,en,1.40000000,,0,,,,,,
west coast,west coast,LOC,0.00000000,0.00000000,en,1.40000000,,0,,,,,,
Hualien,Hualien,GPE,-0.28571429,0.07142857,en,1.40000000,4406400-7,1674504,X,23.97693900,121.60443900,ASIA,Taiwan,EAS
EL PASO,EL PASO,GPE,-0.30079365,1.58650794,en,1.40000000,,0,,,,,,
Southwest,Southwest,LOC,-0.03571429,0.76785714,en,1.40000000,,0,,,,,,
Baja California,Baja California,LOC,-0.04910714,0.35714286,en,1.40000000,,0,,,,,,
North America,North America,LOC,-0.35714286,0.71428571,en,1.40000000,,0,,,,,,
Himalayas,Himalayas,GPE,-0.57051282,1.61666667,en,1.30000000,,0,,,,,,
Queens,Queens,GPE,0.45922411,1.20547231,en,1.30000000,,0,,,,,,
Myanmar,Myanmar,GPE,-0.27612665,3.57886558,en,1.30000000,,0,,,,,,
Cambodia,Cambodia,GPE,-0.11282051,0.24358974,en,1.30000000,4029400-6,1831722,X,13.00000000,105.00000000,ASIA,Cambodia,SEA
Pa.,Pa.,GPE,0.38461538,1.80769231,en,1.30000000,,0,,,,,,
TEXAS,TEXAS,GPE,0.82692308,1.66666667,en,1.30000000,,0,,,,,,
KERRVILLE,KERRVILLE,GPE,0.22905983,2.38311966,en,1.30000000,,0,,,,,,
the Guadalupe River,the Guadalupe River,LOC,-1.51125680,20.01463675,en,1.30000000,,0,,,,,,
Lancaster,Lancaster,GPE,-0.03365385,0.55128205,en,1.30000000,,0,,,,,,
South West,South West,GPE,0.00000000,0.52884615,en,1.30000000,,0,,,,,,
the Nile River,the Nile River,LOC,0.00000000,1.53846154,en,1.30000000,,0,,,,,,
Pennsylvania,Pennsylvania,GPE,-1.00848873,6.40810023,en,1.30000000,4045103-3,6254927,X,40.27244900,-76.90567000,NORTH-AMERICA,United States,ENA
Australia,Australia,GPE,2.19776404,31.61164530,en,1.30000000,,0,,,,,,
Lehigh Valley,Lehigh Valley,LOC,-0.15384615,0.76923077,en,1.30000000,,0,,,,,,
Iowa,Iowa,GPE,-0.09615385,1.07692308,en,1.30000000,4109226-0,4862182,X,42.70000000,-93.50048900,NORTH-AMERICA,United States,CNA
Argentina,Argentina,GPE,0.56015779,10.27206607,en,1.30000000,,0,,,,,,
Hollywood,Hollywood,GPE,-0.11538462,2.12500000,en,1.30000000,,0,,,,,,
Michigan,Michigan,GPE,0.83343799,2.73116170,en,1.30000000,4115139-2,5001836,X,44.25028900,-85.50033000,NORTH-AMERICA,United States,ENA
Western Australia's,Western Australia's,LOC,0.21602564,1.63653846,en,1.30000000,,0,,,,,,
Hoi An and,Hoi An and,GPE,-0.09615385,0.94230769,en,1.30000000,,0,,,,,,
Northeast Wisconsin,Northeast Wisconsin,GPE,-0.32307692,0.53846154,en,1.30000000,,0,,,,,,
DC,DC,GPE,0.61538462,1.37179487,en,1.30000000,,0,,,,,,
Rift Valley,Rift Valley,LOC,-0.19097222,0.59375000,en,1.20000000,,0,,,,,,
Kyiv,Kyiv,GPE,-0.07916667,0.38472222,en,1.20000000,4030522-3,703448,X,50.45472200,30.52388800,EUROPE,Ukraine,WCE
Oshawa,Oshawa,GPE,-0.10416667,0.31250000,en,1.20000000,,0,,,,,,
Georgia,Georgia,GPE,0.07102273,1.99494949,en,1.20000000,4020273-2,4197000,X,32.75041900,-83.50018000,NORTH-AMERICA,United States,ENA
Liloan,Liloan,GPE,-0.17222222,0.73703704,en,1.20000000,,0,,,,,,
Africa,Africa,LOC,1.80496032,3.88627646,en,1.20000000,,0,,,,,,
Polk County,Polk County,GPE,-0.66666667,1.20833333,en,1.20000000,,0,,,,,,
North East,North East,LOC,-0.20833333,0.61111111,en,1.20000000,,0,,,,,,
the North East,the North East,LOC,-0.12500000,0.65277778,en,1.20000000,,0,,,,,,
the Yangtze River Estuary,the Yangtze River Estuary,LOC,0.00000000,0.22727273,en,1.10000000,,0,,,,,,
Darling Downs,Darling Downs,GPE,0.10389610,0.75324675,en,1.10000000,,0,,,,,,
Missouri,Missouri,GPE,0.48840024,7.30516529,en,1.10000000,,0,,,,,,
Halong,Halong,GPE,-0.03030303,0.95757576,en,1.10000000,,0,,,,,,
Kharkiv,Kharkiv,GPE,0.00000000,0.06060606,en,1.10000000,4009782-1,706483,X,49.98080900,36.25271900,EUROPE,Ukraine,WCE
Sumy,Sumy,GPE,0.00000000,0.06060606,en,1.10000000,4238867-3,692194,X,50.92159900,34.80028900,EUROPE,Ukraine,WCE
Indiana,Indiana,GPE,1.19696970,5.18939394,en,1.10000000,4109219-3,4921868,X,40.20000000,-86.25027000,NORTH-AMERICA,United States,ENA
Ocala,Ocala,GPE,0.00000000,0.00000000,en,1.10000000,,0,,,,,,
Bronx,Bronx,GPE,0.09070248,0.37355372,en,1.10000000,,0,,,,,,
Rio Bonito,Rio Bonito,GPE,0.00000000,0.00000000,en,1.10000000,,0,,,,,,
Durham Region,Durham Region,GPE,-0.11363636,0.34090909,en,1.10000000,,0,,,,,,
JAMAICA,JAMAICA,GPE,0.00000000,0.00000000,en,1.10000000,,0,,,,,,
Chivirico,Chivirico,GPE,0.12121212,0.56060606,en,1.10000000,,0,,,,,,
JUNEAU,JUNEAU,GPE,0.33371212,0.60189394,en,1.10000000,,0,,,,,,
the South China Sea,the South China Sea,LOC,-0.16666667,0.92727273,en,1.10000000,,0,,,,,,
Ohio,Ohio,GPE,-1.06301216,9.35707508,en,1.10000000,,0,,,,,,
Haywood County,Haywood County,GPE,0.17424242,0.33838384,en,1.10000000,,0,,,,,,
Typhoon Uwan,Typhoon Uwan,GPE,-0.23232323,1.17929293,en,1.10000000,,0,,,,,,
New York Citys,New York Citys,GPE,0.05126550,1.40052514,en,1.10000000,,0,,,,,,
Latin America,Latin America,LOC,0.09848485,0.52272727,en,1.10000000,,0,,,,,,
Red River Estuary,Red River Estuary,LOC,0.00000000,0.22727273,en,1.10000000,,0,,,,,,
L.A.,L.A.,GPE,0.13633740,2.05356815,en,1.10000000,,0,,,,,,
Hiroshima,Hiroshima,GPE,0.00000000,0.17045455,en,1.10000000,,0,,,,,,
the Caribbean Sea,the Caribbean Sea,LOC,-0.20454545,1.42424242,en,1.10000000,,0,,,,,,
Montego Bay,Montego Bay,LOC,0.12121212,0.67424242,en,1.10000000,4366583-4,3489460,X,18.47116000,-77.91882900,CENTRAL-AMERICA,Jamaica,CAR
Aurora,Aurora,GPE,0.00000000,1.81818182,en,1.10000000,,0,,,,,,
Montrose,Montrose,GPE,-0.07575758,0.55555556,en,1.10000000,,0,,,,,,
New York City’s,New York City’s,GPE,-0.32330488,2.49905918,en,1.10000000,,0,,,,,,
Jacksonville,Jacksonville,GPE,0.00000000,0.00000000,en,1.10000000,,0,,,,,,
Bicol,Bicol,GPE,0.31969697,0.81515152,en,1.10000000,,0,,,,,,
South Florida,South Florida,GPE,0.31818182,1.09848485,en,1.10000000,,0,,,,,,
the North Sea,the North Sea,LOC,0.11363636,0.48484848,en,1.10000000,,0,,,,,,
Suriname,Suriname,GPE,0.00000000,0.00000000,en,1.10000000,4058664-9,3382998,X,4.00000000,-56.00000000,SOUTH-AMERICA,Suriname,NSA
Kentucky,Kentucky,GPE,-14.06735045,72.44318728,en,1.10000000,4097823-0,6254925,X,38.20042000,-84.87761900,NORTH-AMERICA,United States,ENA
NASHVILLE,NASHVILLE,GPE,0.00000000,0.24242424,en,1.10000000,,0,,,,,,
Toronto,Toronto,GPE,1.01404467,4.62770563,en,1.10000000,4060459-7,6167865,X,43.70011000,-79.41630000,NORTH-AMERICA,Canada,ENA
Camden,Camden,GPE,-0.72727273,1.31818182,en,1.10000000,,0,,,,,,
the Carter Lake Dam,the Carter Lake Dam,LOC,-0.72727273,1.31818182,en,1.10000000,,0,,,,,,
North America’s,North America’s,LOC,0.00000000,0.00000000,en,1.00000000,,0,,,,,,
CHARLOTTE,CHARLOTTE,GPE,-0.20000000,0.50000000,en,1.00000000,,0,,,,,,
Kandy,Kandy,GPE,0.00000000,0.10000000,en,1.00000000,4109992-8,1241622,X,7.29549900,80.63559900,INDIAN,Sri Lanka,BOB
Latvia,Latvia,GPE,0.00000000,0.00000000,en,1.00000000,4074187-4,458258,X,57.00000000,25.00000000,EUROPE,Latvia,WCE
the Queen City,the Queen City,GPE,-0.20000000,0.50000000,en,1.00000000,,0,,,,,,
ANCHORAGE,ANCHORAGE,GPE,-0.16666667,0.16666667,en,1.00000000,,0,,,,,,
GPT-5,GPT-5,GPE,0.25000000,0.31250000,en,1.00000000,,0,,,,,,
NEWTON COUNTY,NEWTON COUNTY,GPE,-0.30000000,0.40000000,en,1.00000000,,0,,,,,,
Yakima River,Yakima River,LOC,0.00000000,0.62500000,en,1.00000000,,0,,,,,,
Ga.,Ga.,GPE,-0.30000000,0.40000000,en,1.00000000,,0,,,,,,
Queen City,Queen City,GPE,-0.10000000,0.25000000,en,1.00000000,,0,,,,,,
OpenAI,OpenAI,GPE,0.25000000,0.31250000,en,1.00000000,,0,,,,,,
Harsil Valley,Harsil Valley,LOC,-0.85416667,1.42916667,en,1.00000000,,0,,,,,,
Hong Kong Sets Rainfall Record as Deluge Disrupts Flights,Hong Kong Sets Rainfall Record as Deluge Disrupts Flights,GPE,0.00000000,0.00000000,en,1.00000000,,0,,,,,,
Uttarkashi,Uttarkashi,GPE,-0.40833333,1.45833333,en,1.00000000,,0,,,,,,
Torrential monsoon,Torrential monsoon,LOC,0.00000000,0.00000000,en,1.00000000,,0,,,,,,
RIGA,RIGA,GPE,0.60000000,0.80000000,en,1.00000000,,0,,,,,,
Uttar,Uttar,GPE,0.00000000,0.00000000,en,1.00000000,,0,,,,,,
Southeast Queens,Southeast Queens,LOC,-0.23805916,0.91056999,en,1.00000000,,0,,,,,,
Rawalpindi city,Rawalpindi city,GPE,0.00000000,0.00000000,en,1.00000000,,0,,,,,,
the Sea of Japan coast,the Sea of Japan coast,LOC,0.50000000,0.50000000,en,1.00000000,,0,,,,,,
Gansu province,Gansu province,GPE,-0.08833333,1.09083333,en,1.00000000,,0,,,,,,
Nearmap,Nearmap,GPE,0.00000000,0.00000000,en,1.00000000,,0,,,,,,
Hokuriku,Hokuriku,GPE,0.50000000,0.50000000,en,1.00000000,,0,,,,,,
Chinas Gansu province,Chinas Gansu province,GPE,-0.23333333,0.15000000,en,1.00000000,,0,,,,,,
GUANGZHOU,GUANGZHOU,GPE,0.17500000,0.27500000,en,1.00000000,,0,,,,,,
Sea of Japan coast,Sea of Japan coast,LOC,-0.20000000,0.50000000,en,1.00000000,,0,,,,,,
Breitbar,Breitbar,GPE,-0.08750000,0.37916667,en,1.00000000,,0,,,,,,
Pingtou,Pingtou,GPE,0.17500000,0.27500000,en,1.00000000,,0,,,,,,
Indias Uttarakhand,Indias Uttarakhand,GPE,-0.20000000,0.40000000,en,1.00000000,,0,,,,,,
North Bend,North Bend,GPE,0.13825758,0.26363636,en,1.00000000,,0,,,,,,
Hartford,Hartford,GPE,0.27272727,0.90909091,en,1.00000000,,0,,,,,,
Roja,Roja,GPE,-0.01666667,0.51666667,en,1.00000000,,0,,,,,,
Covington,Covington,GPE,-0.60000000,0.80000000,en,1.00000000,,0,,,,,,
ATLANTA,ATLANTA,GPE,-0.42857143,1.21428571,en,1.00000000,,0,,,,,,
MARYLAND,MARYLAND,GPE,0.04123377,0.61720779,en,1.00000000,,0,,,,,,
the Hudson Valley,the Hudson Valley,LOC,0.10021645,0.42770563,en,1.00000000,,0,,,,,,
Broșteni,Broșteni,GPE,0.00000000,0.00000000,en,1.00000000,,0,,,,,,
W. Richland,W. Richland,GPE,-0.10000000,0.10000000,en,1.00000000,,0,,,,,,
Dien Bien,Dien Bien,LOC,-0.63166667,1.12666667,en,1.00000000,,0,,,,,,
Que,Que,GPE,0.00000000,0.50000000,en,1.00000000,,0,,,,,,
LIRR,LIRR,GPE,0.04444444,0.15555556,en,1.00000000,,0,,,,,,
Queens NYC,Queens NYC,GPE,0.04444444,0.15555556,en,1.00000000,,0,,,,,,
Richland,Richland,GPE,0.00000000,0.00000000,en,1.00000000,,0,,,,,,
Lincoln County,Lincoln County,GPE,-0.02222222,0.22962963,en,1.00000000,,0,,,,,,
the south west,the south west,LOC,-0.10000000,0.40000000,en,1.00000000,,0,,,,,,
Kerr Countys,Kerr Countys,GPE,-0.02500000,0.55000000,en,1.00000000,,0,,,,,,
Bengkulu,Bengkulu,GPE,0.28888889,0.82222222,en,1.00000000,,0,,,,,,
Shandong,Shandong,GPE,-0.13000000,0.45000000,en,1.00000000,4052070-5,1796328,X,36.33333300,118.25000000,ASIA,China,EAS
the Galloway Hills,the Galloway Hills,LOC,-0.10000000,0.40000000,en,1.00000000,,0,,,,,,
Liaoning,Liaoning,GPE,-0.13000000,0.45000000,en,1.00000000,4254136-0,2036115,X,41.00000000,123.00000000,ASIA,China,EAS
mideast,mideast,LOC,-0.26666667,0.56666667,en,1.00000000,,0,,,,,,
Banda Aceh,Banda Aceh,GPE,0.00000000,0.00000000,en,1.00000000,,0,,,,,,
Mississauga,Mississauga,GPE,-0.06250000,1.44166667,en,1.00000000,,0,,,,,,
Central Texas Floods,Central Texas Floods,LOC,0.00000000,0.25000000,en,1.00000000,,0,,,,,,
Russias Far East coast,Russias Far East coast,LOC,-0.14444444,0.67777778,en,1.00000000,,0,,,,,,
MOSCOW,MOSCOW,GPE,-0.14444444,0.67777778,en,1.00000000,,0,,,,,,
Suceava County,Suceava County,GPE,0.00000000,0.00000000,en,1.00000000,,0,,,,,,
South Sumatra,South Sumatra,GPE,0.28888889,0.82222222,en,1.00000000,,0,,,,,,
Maryland Heights,Maryland Heights,GPE,-0.40000000,0.60000000,en,1.00000000,,0,,,,,,
Kyushu,Kyushu,GPE,0.02222222,1.79444444,en,1.00000000,,0,,,,,,
passe…,passe…,GPE,-0.13333333,0.50000000,en,1.00000000,,0,,,,,,
North Americas Pacific Northwest,North Americas Pacific Northwest,LOC,0.10000000,1.00000000,en,1.00000000,,0,,,,,,
Southern Taiwan,Southern Taiwan,LOC,0.10000000,0.30000000,en,1.00000000,,0,,,,,,
Gulmi,Gulmi,GPE,0.02604167,0.83680556,en,1.00000000,,0,,,,,,
Uttar Pradesh,Uttar Pradesh,GPE,-0.18888889,0.22222222,en,1.00000000,,0,,,,,,
North-East,North-East,LOC,0.13333333,0.27500000,en,1.00000000,,0,,,,,,
Mount Airy,Mount Airy,GPE,0.30000000,1.00000000,en,1.00000000,,0,,,,,,
Bedfo,Bedfo,GPE,0.00000000,0.00000000,en,1.00000000,,0,,,,,,
southw,southw,GPE,0.00000000,0.00000000,en,1.00000000,,0,,,,,,
Tri-State,Tri-State,GPE,0.13912458,2.21171717,en,1.00000000,,0,,,,,,
the Northern Plains,the Northern Plains,LOC,0.00000000,0.00000000,en,1.00000000,,0,,,,,,
Pacific Northwest Intensifies,Pacific Northwest Intensifies,LOC,0.00000000,0.00000000,en,1.00000000,,0,,,,,,
Romania,Romania,GPE,0.00000000,0.00000000,en,1.00000000,4288396-9,4560808,X,39.79341900,-79.04474900,NORTH-AMERICA,United States,ENA
BUCHAREST,BUCHAREST,GPE,0.00000000,0.00000000,en,1.00000000,,0,,,,,,
Marin County's,Marin County's,GPE,0.00000000,0.06666667,en,1.00000000,,0,,,,,,
Laputa,Laputa,GPE,-0.40000000,0.80000000,en,1.00000000,,0,,,,,,
MOUNT AIRY,MOUNT AIRY,GPE,0.00000000,0.00000000,en,1.00000000,,0,,,,,,
Md.,Md.,GPE,-0.20000000,0.25000000,en,1.00000000,,0,,,,,,
the East Coast MOUNT,the East Coast MOUNT,LOC,-0.20000000,0.25000000,en,1.00000000,,0,,,,,,
Samaritan,Samaritan,GPE,0.08333333,0.55000000,en,1.00000000,,0,,,,,,
Longhorn,Longhorn,LOC,0.00000000,0.25000000,en,1.00000000,,0,,,,,,
Minneapolis,Minneapolis,GPE,0.02083333,0.58888889,en,1.00000000,,0,,,,,,
Fukuoka Prefecture,Fukuoka Prefecture,GPE,-0.20000000,0.50000000,en,1.00000000,,0,,,,,,
North Carolina's,North Carolina's,GPE,0.81666667,3.23333333,en,1.00000000,,0,,,,,,
the Atlantic Inn,the Atlantic Inn,LOC,0.50000000,0.66666667,en,1.00000000,,0,,,,,,
Mechelen,Mechelen,GPE,-0.20000000,1.50000000,en,1.00000000,4074654-9,2791537,X,51.02573900,4.47761900,EUROPE,Belgium,WCE
Antwerp,Antwerp,GPE,0.00000000,1.00000000,en,1.00000000,1266617345,5107253,X,44.19916600,-75.60694400,NORTH-AMERICA,United States,ENA
Malacca,Malacca,GPE,0.00000000,0.00000000,en,1.00000000,4037200-5,1734759,X,2.19600000,102.24049900,ASIA,Malaysia,SEA
Ill.,Ill.,GPE,0.01111111,0.57777778,en,1.00000000,,0,,,,,,
CARY,CARY,GPE,0.01111111,0.57777778,en,1.00000000,,0,,,,,,
The Village of Cary,The Village of Cary,GPE,0.02222222,1.15555556,en,1.00000000,,0,,,,,,
Camp Osborn,Camp Osborn,GPE,0.02222222,0.53333333,en,1.00000000,,0,,,,,,
Buner,Buner,GPE,-0.25000000,0.20000000,en,1.00000000,,0,,,,,,
Pakhtunkhwa province,Pakhtunkhwa province,GPE,0.13636364,0.45454545,en,1.00000000,,0,,,,,,
U.S. East Coast,U.S. East Coast,LOC,0.00000000,0.00000000,en,1.00000000,,0,,,,,,
Zambada,Zambada,GPE,-0.12500000,0.25000000,en,1.00000000,,0,,,,,,
Sinaloa,Sinaloa,GPE,-0.31250000,0.68750000,en,1.00000000,,0,,,,,,
the U.S. East Coast,the U.S. East Coast,LOC,-0.60000000,0.90000000,en,1.00000000,,0,,,,,,
Hatteras Island,Hatteras Island,GPE,0.50000000,0.66666667,en,1.00000000,,0,,,,,,
Ocracoke Islands,Ocracoke Islands,GPE,0.00000000,0.00000000,en,1.00000000,,0,,,,,,
Hatteras,Hatteras,GPE,0.00000000,0.00000000,en,1.00000000,,0,,,,,,
East Aceh,East Aceh,GPE,-0.20000000,0.40000000,en,1.00000000,,0,,,,,,
New Pakistan,New Pakistan,GPE,0.06818182,0.22727273,en,1.00000000,,0,,,,,,
Ocracoke Island,Ocracoke Island,GPE,-0.22500000,0.77500000,en,1.00000000,,0,,,,,,
Khyber Pakhtunkhwa province,Khyber Pakhtunkhwa province,GPE,-0.56363636,1.05454545,en,1.00000000,,0,,,,,,
North Carolinas,North Carolinas,GPE,0.85000000,1.40000000,en,1.00000000,,0,,,,,,
the Windy City,the Windy City,LOC,0.00000000,0.00000000,en,1.00000000,,0,,,,,,
the Virgin Islands,the Virgin Islands,GPE,-0.20000000,1.50000000,en,1.00000000,,0,,,,,,
Ganyliel,Ganyliel,GPE,-0.20000000,0.50000000,en,1.00000000,,0,,,,,,
distric,distric,GPE,-0.10000000,0.42500000,en,1.00000000,,0,,,,,,
the Surwal Dam,the Surwal Dam,LOC,-0.10000000,1.42500000,en,1.00000000,,0,,,,,,
Tenggara,Tenggara,GPE,0.40000000,0.85000000,en,1.00000000,,0,,,,,,
West Nusa,West Nusa,GPE,0.40000000,0.85000000,en,1.00000000,,0,,,,,,
Swabi,Swabi,GPE,-0.35000000,0.80000000,en,1.00000000,,0,,,,,,
TN,TN,GPE,0.25000000,0.75000000,en,1.00000000,,0,,,,,,
Margate City,Margate City,GPE,0.13636364,0.45454545,en,1.00000000,,0,,,,,,
Appalachian,Appalachian,GPE,0.00000000,0.40000000,en,1.00000000,,0,,,,,,
Hazard,Hazard,GPE,-0.62500000,0.70000000,en,1.00000000,,0,,,,,,
Peoria,Peoria,GPE,-0.26805556,0.52638889,en,1.00000000,,0,,,,,,
Kagoshima Prefecture,Kagoshima Prefecture,LOC,0.20000000,0.80000000,en,1.00000000,,0,,,,,,
Hioki City,Hioki City,GPE,0.20000000,0.80000000,en,1.00000000,,0,,,,,,
Strait,Strait,LOC,0.00000000,0.00000000,en,1.00000000,,0,,,,,,
Rockaway Beach,Rockaway Beach,GPE,0.18714286,0.48428571,en,1.00000000,,0,,,,,,
Sidharth-Kiara,Sidharth-Kiara,GPE,0.50000000,0.75000000,en,1.00000000,,0,,,,,,
Erin,Erin,LOC,0.00000000,0.00000000,en,1.00000000,,0,,,,,,
KARACHI,KARACHI,GPE,0.04000000,0.42111111,en,1.00000000,,0,,,,,,
Karachi,Karachi,GPE,-0.39121212,2.13929293,en,1.00000000,4097647-6,1174872,X,24.90559900,67.08220000,ASIA,Pakistan,SAS
Mithi river,Mithi river,LOC,0.10000000,0.40000000,en,1.00000000,,0,,,,,,
North West Slopes,North West Slopes,LOC,0.10000000,0.47500000,en,1.00000000,,0,,,,,,
Panyijiar County,Panyijiar County,GPE,-0.20000000,0.50000000,en,1.00000000,,0,,,,,,
Puerto Rico Erin,Puerto Rico Erin,GPE,0.10000000,0.55000000,en,1.00000000,,0,,,,,,
Virgin Islands,Virgin Islands,GPE,0.00000000,0.00000000,en,1.00000000,,0,,,,,,
Forest Park,Forest Park,GPE,0.00000000,0.00000000,en,1.00000000,,0,,,,,,
Northwest,Northwest,LOC,0.15000000,0.50000000,en,1.00000000,,0,,,,,,
Washington - KGW,Washington - KGW,GPE,0.00000000,0.00000000,en,1.00000000,,0,,,,,,
ar,ar,GPE,0.00000000,0.00000000,en,1.00000000,,0,,,,,,
FALL CITY,FALL CITY,GPE,0.00729167,0.54166667,en,1.00000000,,0,,,,,,
Chattanooga,Chattanooga,GPE,0.30000000,1.10000000,en,1.00000000,,0,,,,,,
Aceh Tamiang,Aceh Tamiang,GPE,-1.00000000,1.00000000,en,1.00000000,,0,,,,,,
Odessa,Odessa,GPE,-0.27500000,1.05833333,en,1.00000000,4043115-0,698740,X,46.47746900,30.73262000,EUROPE,Ukraine,WCE
Manchester City,Manchester City,GPE,0.00000000,0.00000000,en,1.00000000,,0,,,,,,
northwest America,northwest America,LOC,0.00000000,0.00000000,en,1.00000000,,0,,,,,,
Man City,Man City,GPE,0.00000000,0.00000000,en,1.00000000,,0,,,,,,
NY,NY,GPE,-0.18750000,0.40416667,en,1.00000000,,0,,,,,,
Carmel region,Carmel region,LOC,0.24444444,0.57777778,en,1.00000000,,0,,,,,,
Juneau,Juneau,GPE,0.74500000,1.95500000,en,1.00000000,,0,,,,,,
Far East,Far East,LOC,-0.07777778,1.11111111,en,1.00000000,,0,,,,,,
GILGIT,GILGIT,GPE,-0.06000000,0.46000000,en,1.00000000,,0,,,,,,
the Judean Desert,the Judean Desert,LOC,-0.20000000,0.40000000,en,1.00000000,,0,,,,,,
Nagasu,Nagasu,GPE,-0.20000000,0.50000000,en,1.00000000,,0,,,,,,
Tamana,Tamana,GPE,-0.20000000,0.50000000,en,1.00000000,,0,,,,,,
Nebraska,Nebraska,GPE,-0.43500000,0.88500000,en,1.00000000,4117792-7,5073708,X,41.50027900,-99.75066900,NORTH-AMERICA,United States,CNA
Carmel,Carmel,LOC,0.12500000,0.32142857,en,1.00000000,,0,,,,,,
Milwaukee County,Milwaukee County,GPE,0.36500000,1.38500000,en,1.00000000,,0,,,,,,
Southeast Wisconsin,Southeast Wisconsin,GPE,0.60000000,0.90000000,en,1.00000000,,0,,,,,,
Noida,Noida,GPE,-0.60000000,1.10000000,en,1.00000000,7669301-6,7279746,X,28.57999900,77.32999900,ASIA,India,SAS
São Vicente,São Vicente,GPE,-0.25000000,0.25000000,en,1.00000000,,0,,,,,,
Khyber Pakhtunkhwa,Khyber Pakhtunkhwa,LOC,0.00000000,0.00000000,en,1.00000000,4581264-0,1168873,X,34.45992900,72.50236900,ASIA,Pakistan,WCA
Western WA,Western WA,GPE,0.06444129,0.25000000,en,1.00000000,,0,,,,,,
Chositi,Chositi,GPE,-0.35000000,0.40000000,en,1.00000000,,0,,,,,,
the Kanawha River Basin,the Kanawha River Basin,LOC,-0.10000000,0.80000000,en,1.00000000,,0,,,,,,
Indian Kashmir,Indian Kashmir,LOC,1.50000000,1.50000000,en,1.00000000,,0,,,,,,
southwest England,southwest England,LOC,-0.06250000,0.22083333,en,1.00000000,,0,,,,,,
Chasoti,Chasoti,GPE,0.00000000,0.00000000,en,1.00000000,,0,,,,,,
Chisoti,Chisoti,LOC,0.00000000,0.00000000,en,1.00000000,,0,,,,,,
Indian Kashmir Mountain Village,Indian Kashmir Mountain Village,LOC,0.00000000,0.00000000,en,1.00000000,,0,,,,,,
Indian Himalayas,Indian Himalayas,LOC,-0.23333333,0.28333333,en,1.00000000,,0,,,,,,
Kishtwar district,Kishtwar district,LOC,-0.36363636,1.70454545,en,1.00000000,,0,,,,,,
Kishtwar,Kishtwar,GPE,1.11428571,1.45357143,en,1.00000000,,0,,,,,,
Northern Irel,Northern Irel,LOC,0.50000000,0.50000000,en,1.00000000,,0,,,,,,
Hong …,Hong …,GPE,-0.33333333,0.58333333,en,1.00000000,,0,,,,,,
the Lower Yakima River,the Lower Yakima River,LOC,-0.34166667,0.59166667,en,1.00000000,,0,,,,,,
Hong Kong’s,Hong Kong’s,GPE,-0.66666667,1.16666667,en,1.00000000,,0,,,,,,
Podul Skirts City,Podul Skirts City,GPE,0.00000000,0.00000000,en,1.00000000,,0,,,,,,
Hong Kong Extends Record Rain Warnings,Hong Kong Extends Record Rain Warnings,GPE,0.00000000,0.00000000,en,1.00000000,,0,,,,,,
West Allis,West Allis,LOC,0.10416667,0.43750000,en,1.00000000,,0,,,,,,
WEST BEND,WEST BEND,GPE,0.10416667,0.43750000,en,1.00000000,,0,,,,,,
Pendleton,Pendleton,GPE,0.00000000,0.00000000,en,1.00000000,,0,,,,,,
Suicide Basin,Suicide Basin,LOC,0.00000000,0.00000000,en,1.00000000,,0,,,,,,
the Mendenhall Glacier,the Mendenhall Glacier,LOC,0.00000000,0.00000000,en,1.00000000,,0,,,,,,
Far East ',Far East ',LOC,0.08125000,0.75000000,en,1.00000000,,0,,,,,,
Rasuwaga,Rasuwaga,GPE,-0.33333333,0.68333333,en,1.00000000,,0,,,,,,
Moroccos Atlantic,Moroccos Atlantic,GPE,-0.25000000,0.20000000,en,1.00000000,,0,,,,,,
Severo-Kurilsk,Severo-Kurilsk,GPE,0.15000000,0.50000000,en,1.00000000,,0,,,,,,
Kerrville City,Kerrville City,GPE,0.00000000,0.12500000,en,1.00000000,,0,,,,,,
Valley,Valley,LOC,0.07500000,0.87500000,en,1.00000000,,0,,,,,,
Emirates,Emirates,GPE,0.00000000,0.00000000,en,1.00000000,,0,,,,,,
Jigawa State,Jigawa State,GPE,-0.35937500,0.75000000,en,1.00000000,,0,,,,,,
Central Oregon e,Central Oregon e,LOC,0.07500000,0.37500000,en,1.00000000,,0,,,,,,
"The West Coast Is Being Absolutely Pummeled By Trillions Of Gallons Of Rain, Wind Speeds Of Up T","The West Coast Is Being Absolutely Pummeled By Trillions Of Gallons Of Rain, Wind Speeds Of Up T",LOC,0.19375000,0.46250000,en,1.00000000,,0,,,,,,
2nd atmospheric river,2nd atmospheric river,LOC,0.00000000,0.00000000,en,1.00000000,,0,,,,,,
Waukesha Ai,Waukesha Ai,GPE,0.00000000,0.00000000,en,1.00000000,,0,,,,,,
Kansas City,Kansas City,GPE,0.27777778,1.30555556,en,1.00000000,,0,,,,,,
the Gulf Coast,the Gulf Coast,LOC,0.00000000,0.00000000,en,1.00000000,,0,,,,,,
Thundery,Thundery,GPE,0.14041667,0.42125000,en,1.00000000,,0,,,,,,
Leavenworth,Leavenworth,GPE,0.10000000,0.40000000,en,1.00000000,,0,,,,,,
Udupi,Udupi,GPE,0.15000000,0.55000000,en,1.00000000,4834009-1,1253952,X,13.33466900,74.74617000,ASIA,India,SAS
Kokkada village,Kokkada village,GPE,0.10000000,0.40000000,en,1.00000000,,0,,,,,,
Mannagundi,Mannagundi,GPE,0.10000000,0.40000000,en,1.00000000,,0,,,,,,
Churachandpur,Churachandpur,GPE,-0.12500000,0.49285714,en,1.00000000,,0,,,,,,
Southern Calif,Southern Calif,LOC,-0.17916667,0.46666667,en,1.00000000,,0,,,,,,
Gulf Coast,Gulf Coast,LOC,0.72954545,4.43181818,en,1.00000000,,0,,,,,,
Wrightwood,Wrightwood,GPE,-0.25000000,0.37500000,en,1.00000000,,0,,,,,,
San Bernardino Coun,San Bernardino Coun,GPE,-0.25000000,0.37500000,en,1.00000000,,0,,,,,,
Mount Pleasant,Mount Pleasant,LOC,0.00000000,0.00000000,en,1.00000000,,0,,,,,,
South Chungcheong province,South Chungcheong province,GPE,-0.10000000,0.12500000,en,1.00000000,,0,,,,,,
Alaskaâs,Alaskaâs,LOC,0.00000000,0.00000000,en,1.00000000,,0,,,,,,
Sand Point,Sand Point,GPE,0.15625000,1.93750000,en,1.00000000,,0,,,,,,
Dawn,Dawn,GPE,-0.23333333,0.30000000,en,1.00000000,,0,,,,,,
Russian Far East,Russian Far East,LOC,0.05000000,0.50000000,en,1.00000000,,0,,,,,,
Ajmer,Ajmer,GPE,-0.07500000,1.37500000,en,1.00000000,4278137-1,1279159,X,26.45222200,74.63861100,ASIA,India,SAS
the Mid North Coast of NSW,the Mid North Coast of NSW,LOC,0.07000000,0.39000000,en,1.00000000,,0,,,,,,
DALLAS,DALLAS,GPE,-0.35368266,1.31574074,en,1.00000000,,0,,,,,,
Rajasthan,Rajasthan,GPE,-0.06250000,2.84583333,en,1.00000000,4076502-7,1258899,X,26.00000000,74.00000000,ASIA,India,SAS
Jharkhand,Jharkhand,GPE,0.30833333,0.53333333,en,1.00000000,4364512-4,1444365,X,23.75000000,85.50000000,ASIA,India,SAS
the Indus River,the Indus River,LOC,-0.15000000,0.41666667,en,1.00000000,,0,,,,,,
Lahore,Lahore,GPE,0.11500000,1.55166667,en,1.00000000,4034107-0,1172451,X,31.54972000,74.34360900,ASIA,Pakistan,WCA
rescu,rescu,GPE,-0.15000000,0.41666667,en,1.00000000,,0,,,,,,
Kalabagh,Kalabagh,GPE,0.00000000,0.00000000,en,1.00000000,,0,,,,,,
Sharjah,Sharjah,GPE,0.18125000,0.70000000,en,1.00000000,,0,,,,,,
Lake Tahoe,Lake Tahoe,LOC,0.13000000,0.47000000,en,1.00000000,,0,,,,,,
Sumas,Sumas,GPE,0.03125000,0.45000000,en,1.00000000,,0,,,,,,
Indus River,Indus River,LOC,0.00000000,0.00000000,en,1.00000000,,0,,,,,,
the Kali Gandaki River,the Kali Gandaki River,LOC,0.00000000,2.00000000,en,1.00000000,,0,,,,,,
BC,BC,GPE,-1.00000000,1.00000000,en,1.00000000,,0,,,,,,
New Dams,New Dams,GPE,0.17045455,0.45454545,en,1.00000000,,0,,,,,,
New Dam Construction,New Dam Construction,GPE,0.17045455,0.45454545,en,1.00000000,,0,,,,,,
Kali Gandaki,Kali Gandaki,GPE,-0.25000000,0.10000000,en,1.00000000,,0,,,,,,
Aleutian,Aleutian,GPE,0.10000000,0.40000000,en,1.00000000,,0,,,,,,
southcentral,southcentral,GPE,0.00000000,0.50000000,en,1.00000000,,0,,,,,,
York County,York County,GPE,0.00000000,0.00000000,en,1.00000000,,0,,,,,,
York,York,GPE,0.00000000,0.50000000,en,1.00000000,4067205-0,2633352,X,53.95750000,-1.08277700,EUROPE,United Kingdom,NEU
Lee County,Lee County,GPE,-0.05000000,0.20000000,en,1.00000000,,0,,,,,,
New Jersey’s,New Jersey’s,GPE,0.06818182,0.47727273,en,1.00000000,,0,,,,,,
Woodland Hills,Woodland Hills,GPE,0.00000000,0.00000000,en,1.00000000,,0,,,,,,
Jefferson,Jefferson,GPE,0.11666667,0.27777778,en,1.00000000,,0,,,,,,
Franklin County,Franklin County,GPE,0.00000000,0.00000000,en,1.00000000,,0,,,,,,
Palmdale,Palmdale,GPE,0.00000000,0.00000000,en,1.00000000,,0,,,,,,
Baltimore,Baltimore,GPE,-0.05000000,2.39206349,en,1.00000000,,0,,,,,,
South Dakota,South Dakota,GPE,0.09666667,0.93111111,en,1.00000000,4055657-8,5769223,X,44.50025900,-100.25069000,NORTH-AMERICA,United States,CNA
Newark Valley,Newark Valley,LOC,-0.20000000,0.50000000,en,1.00000000,,0,,,,,,
Tioga County,Tioga County,GPE,0.00000000,0.00000000,en,1.00000000,,0,,,,,,
Fort Myers,Fort Myers,GPE,-0.05000000,0.20000000,en,1.00000000,,0,,,,,,
the Eastern United States,the Eastern United States,GPE,0.04848485,0.93939394,en,1.00000000,,0,,,,,,
the Grand Canyon,the Grand Canyon,LOC,0.50500000,1.78000000,en,1.00000000,,0,,,,,,
Southeastern U.S.,Southeastern U.S.,LOC,0.04567100,0.55064935,en,1.00000000,,0,,,,,,
RV,RV,GPE,-0.08750000,0.07500000,en,1.00000000,,0,,,,,,
Gallinas,Gallinas,GPE,0.25568182,0.66477273,en,1.00000000,,0,,,,,,
the Gallinas River,the Gallinas River,LOC,0.25568182,0.66477273,en,1.00000000,,0,,,,,,
Presiden,Presiden,GPE,0.00000000,0.00000000,en,1.00000000,,0,,,,,,
Texa,Texa,GPE,-0.20000000,0.40000000,en,1.00000000,,0,,,,,,
Vt.,Vt.,GPE,-0.10833333,0.29166667,en,1.00000000,,0,,,,,,
Kerr County’s,Kerr County’s,GPE,-0.25000000,1.55000000,en,1.00000000,,0,,,,,,
Southeast Texas,Southeast Texas,LOC,-0.75000000,0.90000000,en,1.00000000,,0,,,,,,
New,New,GPE,0.02424242,0.46969697,en,1.00000000,,0,,,,,,
the Bhotekoshi River,the Bhotekoshi River,LOC,-0.43000000,2.21333333,en,1.00000000,,0,,,,,,
Floodwater,Floodwater,GPE,0.03333333,0.53333333,en,1.00000000,,0,,,,,,
PNW,PNW,LOC,0.00416667,0.60416667,en,1.00000000,,0,,,,,,
Kavrepalanchok,Kavrepalanchok,GPE,-0.06250000,0.68750000,en,1.00000000,,0,,,,,,
Koshi River Area,Koshi River Area,LOC,0.00000000,0.53333333,en,1.00000000,,0,,,,,,
Gulf coast,Gulf coast,LOC,-0.09889971,0.43428932,en,1.00000000,,0,,,,,,
Gulf tropical,Gulf tropical,LOC,0.03746392,0.88883478,en,1.00000000,,0,,,,,,
Green Bay,Green Bay,LOC,-0.40000000,0.60000000,en,1.00000000,,0,,,,,,
Comfort,Comfort,GPE,0.12500000,0.16666667,en,1.00000000,,0,,,,,,
Wimberley,Wimberley,GPE,-1.00000000,1.00000000,en,1.00000000,,0,,,,,,
the Upper West Side,the Upper West Side,LOC,0.22636364,0.77454545,en,1.00000000,,0,,,,,,
AMC,AMC,GPE,-0.24337121,0.88112374,en,1.00000000,,0,,,,,,
New York G,New York G,GPE,0.13636364,0.45454545,en,1.00000000,,0,,,,,,
ev,ev,GPE,0.00000000,0.00000000,en,1.00000000,,0,,,,,,
High Desert,High Desert,GPE,0.08000000,0.27000000,en,1.00000000,,0,,,,,,
the San Francisco Bay Area,the San Francisco Bay Area,LOC,0.10000000,0.40000000,en,1.00000000,,0,,,,,,
NEW YORK CITY - SEPTEMBER,NEW YORK CITY - SEPTEMBER,GPE,0.09977273,0.41090909,en,1.00000000,,0,,,,,,
Ingleside,Ingleside,GPE,0.00000000,0.00000000,en,1.00000000,,0,,,,,,
Journalismfund Europe,Journalismfund Europe,LOC,0.00000000,0.00000000,en,1.00000000,,0,,,,,,
New Jersey's,New Jersey's,GPE,0.10227273,0.34090909,en,1.00000000,,0,,,,,,
New Jersey Flash Flooding,New Jersey Flash Flooding,GPE,0.13636364,0.46969697,en,1.00000000,,0,,,,,,
the U.S. Northeast,the U.S. Northeast,LOC,0.11727273,1.11090909,en,1.00000000,,0,,,,,,
Empire State,Empire State,LOC,0.46666667,1.03333333,en,1.00000000,,0,,,,,,
Yakutia,Yakutia,GPE,0.08750000,0.43750000,en,1.00000000,,0,,,,,,
the west coast,the west coast,LOC,0.00000000,0.00000000,en,1.00000000,,0,,,,,,
Hampton Roads,Hampton Roads,LOC,0.66969697,1.05454545,en,1.00000000,,0,,,,,,
Beijin,Beijin,GPE,-0.20000000,0.27500000,en,1.00000000,,0,,,,,,
Mass,Mass,GPE,0.18750000,0.68750000,en,1.00000000,,0,,,,,,
Scripps,Scripps,GPE,0.15000000,0.45000000,en,1.00000000,,0,,,,,,
TV):UPDATE,TV):UPDATE,GPE,-0.10416667,0.31666667,en,1.00000000,,0,,,,,,
CHINA,CHINA,GPE,-0.10416667,0.31666667,en,1.00000000,,0,,,,,,
Miyun,Miyun,LOC,0.25000000,0.25000000,en,1.00000000,,0,,,,,,
Beijings,Beijings,GPE,0.00000000,0.00000000,en,1.00000000,,0,,,,,,
downpour,downpour,GPE,-0.25000000,0.45000000,en,1.00000000,,0,,,,,,
Tianjin,Tianjin,GPE,0.00000000,0.00000000,en,1.00000000,4198006-2,1792947,X,39.14222200,117.17666600,ASIA,China,EAS
Earth Island,Earth Island,GPE,-0.17500000,0.42500000,en,1.00000000,,0,,,,,,
Center Point,Center Point,GPE,0.10000000,0.23333333,en,1.00000000,,0,,,,,,
Rome,Rome,GPE,0.00000000,0.00000000,en,1.00000000,,0,,,,,,
Patagonia,Patagonia,GPE,-0.17500000,0.42500000,en,1.00000000,,0,,,,,,
Texas County Flagged Need for,Texas County Flagged Need for,GPE,-0.05212121,0.63757576,en,1.00000000,,0,,,,,,
Miyun district,Miyun district,LOC,-0.13125000,0.21875000,en,1.00000000,,0,,,,,,
Doveton,Doveton,GPE,0.00000000,0.00000000,en,1.00000000,,0,,,,,,
Shanxi province,Shanxi province,GPE,-0.15000000,0.13750000,en,1.00000000,,0,,,,,,
Chengde City,Chengde City,GPE,0.00000000,0.00000000,en,1.00000000,,0,,,,,,
Hebei,Hebei,GPE,-0.33000000,0.95000000,en,1.00000000,,0,,,,,,
West El Paso,West El Paso,GPE,-0.20000000,0.50000000,en,1.00000000,,0,,,,,,
the Washington St,the Washington St,GPE,-0.10000000,0.10000000,en,1.00000000,,0,,,,,,
Texas City,Texas City,GPE,0.00000000,0.00000000,en,1.00000000,,0,,,,,,
northwest Lancaster County,northwest Lancaster County,GPE,-0.20000000,0.80000000,en,1.00000000,,0,,,,,,
Rasuwagadhi,Rasuwagadhi,GPE,-0.50000000,0.62500000,en,1.00000000,,0,,,,,,
Chengde city,Chengde city,GPE,-0.02500000,0.35500000,en,1.00000000,,0,,,,,,
the Banke district,the Banke district,LOC,0.61250000,1.51250000,en,1.00000000,,0,,,,,,
Banke,Banke,GPE,0.37500000,0.87500000,en,1.00000000,,0,,,,,,
the Chicago River,the Chicago River,LOC,-0.00227273,0.46250000,en,1.00000000,,0,,,,,,
West Central King County,West Central King County,LOC,0.00000000,0.25000000,en,1.00000000,,0,,,,,,
Russias Kamchatka Peninsula,Russias Kamchatka Peninsula,LOC,0.00000000,0.58125000,en,1.00000000,,0,,,,,,
Fort Bragg,Fort Bragg,GPE,0.34444444,0.87777778,en,1.00000000,,0,,,,,,
Kamchatka Peninsula,Kamchatka Peninsula,LOC,0.15000000,0.55000000,en,1.00000000,,0,,,,,,
San Diego Bay Area,San Diego Bay Area,GPE,0.00000000,0.00000000,en,1.00000000,,0,,,,,,
Texa…,Texa…,GPE,-0.21428571,0.60714286,en,1.00000000,,0,,,,,,
The City of Kerrville,The City of Kerrville,GPE,0.20000000,0.46666667,en,1.00000000,,0,,,,,,
Melbourne,Melbourne,GPE,0.00000000,0.00000000,en,1.00000000,4038526-7,2158177,X,-37.81400000,144.96332000,OCEANIA,Australia,SAU
LEESBURG,LEESBURG,GPE,0.00000000,0.00000000,en,1.00000000,,0,,,,,,
DEIR AL-BALAH,DEIR AL-BALAH,GPE,0.00000000,0.00000000,en,1.00000000,,0,,,,,,
Leesburg,Leesburg,GPE,0.00000000,0.00000000,en,1.00000000,,0,,,,,,
Boise Creek,Boise Creek,GPE,-0.10000000,0.10000000,en,1.00000000,,0,,,,,,
Stockholm,Stockholm,GPE,0.43484848,1.24393939,en,1.00000000,4057648-6,2673730,X,59.33258000,18.06490000,EUROPE,,NEU
VIETNAM,VIETNAM,GPE,-0.05000000,0.32500000,en,1.00000000,,0,,,,,,
Yola,Yola,LOC,0.20000000,2.00000000,en,1.00000000,,0,,,,,,
Adamawa,Adamawa,GPE,-0.10000000,1.40000000,en,1.00000000,,0,,,,,,
TX,TX,GPE,-0.10000000,0.05000000,en,1.00000000,,0,,,,,,
Ramechhap,Ramechhap,GPE,0.22291667,1.08541667,en,1.00000000,,0,,,,,,
Yakutia Republic,Yakutia Republic,GPE,0.08750000,0.43750000,en,1.00000000,,0,,,,,,
Khyber,Khyber,GPE,0.37500000,0.87500000,en,1.00000000,,0,,,,,,
Louise Hays Park,Louise Hays Park,GPE,0.00000000,0.00000000,en,1.00000000,,0,,,,,,
Gulmi district,Gulmi district,LOC,0.33333333,0.66666667,en,1.00000000,,0,,,,,,
Chimney Rock,Chimney Rock,GPE,-0.06875000,0.40625000,en,1.00000000,,0,,,,,,
Lake Lure,Lake Lure,LOC,-0.13750000,0.81250000,en,1.00000000,,0,,,,,,
Rocky Broad River,Rocky Broad River,LOC,-0.06875000,0.40625000,en,1.00000000,,0,,,,,,
Tillamook County Coast,Tillamook County Coast,GPE,0.10000000,0.30000000,en,1.00000000,,0,,,,,,
Okhaldhunga,Okhaldhunga,GPE,0.03000000,0.57000000,en,1.00000000,,0,,,,,,
Typhoon Wipha,Typhoon Wipha,LOC,-0.06666667,0.16666667,en,1.00000000,,0,,,,,,
Gilgit-Baltistan,Gilgit-Baltistan,GPE,0.00000000,0.46666667,en,1.00000000,,0,,,,,,
Korea,Korea,GPE,0.00000000,0.00000000,en,1.00000000,,0,,,,,,
Robe,Robe,GPE,0.00000000,0.00000000,en,1.00000000,,0,,,,,,
Montgomery County,Montgomery County,GPE,0.34500000,0.70500000,en,1.00000000,,0,,,,,,
Gapyeong,Gapyeong,GPE,-0.05000000,0.35000000,en,1.00000000,,0,,,,,,
Sancheong county,Sancheong county,GPE,0.08750000,0.26666667,en,1.00000000,,0,,,,,,
the Hewa Rive… PANCHTHAR,the Hewa Rive… PANCHTHAR,LOC,-0.06250000,0.18750000,en,1.00000000,,0,,,,,,
the Tamor Corridor,the Tamor Corridor,LOC,-0.12500000,0.37500000,en,1.00000000,,0,,,,,,
Mid-Hill,Mid-Hill,GPE,-0.12500000,0.37500000,en,1.00000000,,0,,,,,,
Pushpalal,Pushpalal,GPE,-0.12500000,0.37500000,en,1.00000000,,0,,,,,,
Panchthar,Panchthar,GPE,-0.06250000,0.87500000,en,1.00000000,,0,,,,,,
Texas county,Texas county,GPE,-0.11388889,0.28472222,en,1.00000000,,0,,,,,,
Kingston South East,Kingston South East,LOC,0.00000000,0.00000000,en,1.00000000,,0,,,,,,
Jhang,Jhang,GPE,0.00000000,0.00000000,en,1.00000000,,0,,,,,,
Republica,Republica,LOC,0.00000000,0.00000000,en,1.00000000,,0,,,,,,
Wayne,Wayne,GPE,0.11500000,0.53500000,en,1.00000000,,0,,,,,,
Bhatauli River,Bhatauli River,LOC,0.22291667,1.08541667,en,1.00000000,,0,,,,,,
Pakhtunkhwa province t,Pakhtunkhwa province t,GPE,0.00000000,0.00000000,en,1.00000000,,0,,,,,,
Thasang Rural Municipality,Thasang Rural Municipality,GPE,-0.03625000,0.62375000,en,1.00000000,,0,,,,,,
Mustang,Mustang,GPE,-0.61625000,0.85375000,en,1.00000000,,0,,,,,,
the North-Central U.S,the North-Central U.S,LOC,-0.05000000,0.82500000,en,1.00000000,,0,,,,,,
Larchung village,Larchung village,GPE,-0.50000000,0.50000000,en,1.00000000,,0,,,,,,
Larchung Village,Larchung Village,GPE,-0.50000000,0.50000000,en,1.00000000,,0,,,,,,
Nepal Village,Nepal Village,GPE,0.00000000,0.00000000,en,1.00000000,,0,,,,,,
Syria,Syria,GPE,-0.20000000,0.33333333,en,1.00000000,4058794-0,163843,X,35.00000000,38.00000000,EUROPE-AFRICA,Syria,MED
the Lehigh Valley,the Lehigh Valley,LOC,0.00000000,0.00000000,en,1.00000000,,0,,,,,,
Sutlej,Sutlej,GPE,0.00000000,0.00000000,en,1.00000000,,0,,,,,,
Easton,Easton,GPE,-0.20000000,0.60000000,en,1.00000000,,0,,,,,,
Bulacan,Bulacan,GPE,-0.08333333,0.39583333,en,1.00000000,,0,,,,,,
BULACAN,BULACAN,GPE,0.25000000,0.50000000,en,1.00000000,,0,,,,,,
the Guadalupe River at Comfort,the Guadalupe River at Comfort,LOC,0.46666667,1.03333333,en,1.00000000,,0,,,,,,
the North Atlantic Ocean,the North Atlantic Ocean,LOC,0.07500000,0.98750000,en,1.00000000,,0,,,,,,
Wipha,Wipha,GPE,-0.16333333,1.38000000,en,1.00000000,,0,,,,,,
Jhelum,Jhelum,GPE,0.00000000,0.00000000,en,1.00000000,7713233-6,1175864,X,32.93312900,73.72637000,ASIA,Pakistan,WCA
EASTON,EASTON,GPE,0.00000000,0.40000000,en,1.00000000,,0,,,,,,
Clatsop County Coast,Clatsop County Coast,GPE,0.10000000,0.30000000,en,1.00000000,,0,,,,,,
Wellampitiya,Wellampitiya,GPE,0.00000000,0.10000000,en,1.00000000,,0,,,,,,
West Palm Beach,West Palm Beach,GPE,-0.31111111,0.57777778,en,1.00000000,,0,,,,,,
Typhoon Kajiki,Typhoon Kajiki,LOC,0.98333333,2.44166667,en,1.00000000,,0,,,,,,
the Pacific Northwest's,the Pacific Northwest's,LOC,0.00000000,0.00000000,en,1.00000000,,0,,,,,,
municip,municip,GPE,0.00000000,0.00000000,en,1.00000000,,0,,,,,,
Groww,Groww,GPE,0.00000000,0.00000000,en,1.00000000,,0,,,,,,
Gemini,Gemini,GPE,0.01666667,0.03333333,en,1.00000000,,0,,,,,,
NEW MEXICO,NEW MEXICO,GPE,-0.08181818,0.42727273,en,1.00000000,,0,,,,,,
SAN JUAN COUNTY,SAN JUAN COUNTY,GPE,-0.08181818,0.42727273,en,1.00000000,,0,,,,,,
Puebla,Puebla,GPE,0.05000000,0.32500000,en,1.00000000,,0,,,,,,
Native Alaska,Native Alaska,LOC,0.00000000,0.00000000,en,1.00000000,,0,,,,,,
San Luis Obispo County,San Luis Obispo County,GPE,0.16527778,0.41111111,en,1.00000000,,0,,,,,,
SLO County,SLO County,GPE,0.40416667,0.80416667,en,1.00000000,,0,,,,,,
the Yukon-Kuskokwim Delta,the Yukon-Kuskokwim Delta,LOC,0.10000000,0.40000000,en,1.00000000,,0,,,,,,
Alicante,Alicante,GPE,-0.10000000,0.40000000,en,1.00000000,4079702-8,2521978,X,38.34517000,-0.48149000,EUROPE-AFRICA,Spain,MED
northwest Oregon,northwest Oregon,GPE,0.00000000,0.00000000,en,1.00000000,,0,,,,,,
the Empire Wind,the Empire Wind,LOC,-0.10000000,0.33333333,en,1.00000000,,0,,,,,,
Priscilla,Priscilla,GPE,-0.10000000,0.25000000,en,1.00000000,,0,,,,,,
the Middle East,the Middle East,LOC,0.15000000,0.23055556,en,1.00000000,,0,,,,,,
the Northeast Monsoon,the Northeast Monsoon,LOC,-0.05625000,0.56875000,en,1.00000000,,0,,,,,,
La Niña,La Niña,GPE,0.10000000,0.30000000,en,1.00000000,,0,,,,,,
Mayorga,Mayorga,GPE,0.02500000,0.62500000,en,1.00000000,,0,,,,,,
Aegean,Aegean,GPE,0.30000000,0.53333333,en,1.00000000,,0,,,,,,
Papua,Papua,GPE,-0.16666667,0.33333333,en,1.00000000,,0,,,,,,
Tala,Tala,GPE,0.00000000,0.00000000,en,1.00000000,,0,,,,,,
MUMBAI,MUMBAI,GPE,0.10000000,0.30000000,en,1.00000000,,0,,,,,,
the south east,the south east,LOC,-0.30000000,0.40000000,en,1.00000000,,0,,,,,,
Black Rock City,Black Rock City,GPE,-0.33333333,0.86666667,en,1.00000000,,0,,,,,,
Mexic,Mexic,GPE,-0.15000000,0.30000000,en,1.00000000,,0,,,,,,
Westchester County,Westchester County,GPE,0.05757576,1.23636364,en,1.00000000,,0,,,,,,
Alaskas,Alaskas,GPE,0.01666667,0.46666667,en,1.00000000,,0,,,,,,
PORTSMOUTH,PORTSMOUTH,GPE,-0.15000000,0.31666667,en,1.00000000,,0,,,,,,
Phidim,Phidim,LOC,0.00000000,0.00000000,en,1.00000000,,0,,,,,,
the Feme River,the Feme River,LOC,0.00000000,0.00000000,en,1.00000000,,0,,,,,,
Virginia Beach,Virginia Beach,GPE,0.00000000,0.00000000,en,1.00000000,,0,,,,,,
POZA RICA,POZA RICA,GPE,1.01250000,2.40000000,en,1.00000000,,0,,,,,,
Kenyas western Rift Valley,Kenyas western Rift Valley,LOC,-0.04000000,0.28000000,en,1.00000000,,0,,,,,,
Khabarovsk,Khabarovsk,LOC,0.13636364,0.45454545,en,1.00000000,4369945-5,2022890,X,48.48272000,135.08378900,ASIA,Russia,RFE
the Jersey Shore,the Jersey Shore,LOC,0.33333333,0.60000000,en,1.00000000,,0,,,,,,
Jersey Shore,Jersey Shore,GPE,0.20000000,0.80000000,en,1.00000000,,0,,,,,,
Catalonia,Catalonia,GPE,-0.10000000,0.00000000,en,1.00000000,4029916-8,3336901,X,41.82045900,1.86768000,EUROPE-AFRICA,Spain,MED
Norfolk,Norfolk,GPE,0.16000000,0.54000000,en,1.00000000,4117918-3,2641455,X,52.66666600,1.00000000,EUROPE,United Kingdom,NEU
the East Ocean View,the East Ocean View,LOC,0.32000000,1.08000000,en,1.00000000,,0,,,,,,
NORFOLK,NORFOLK,GPE,0.32000000,1.08000000,en,1.00000000,,0,,,,,,
New Jerseys,New Jerseys,LOC,-0.04898990,0.59040404,en,1.00000000,,0,,,,,,
N.J,N.J,GPE,-0.04898990,0.59040404,en,1.00000000,,0,,,,,,
Pyongyang,Pyongyang,GPE,-0.15000000,0.25000000,en,1.00000000,4285178-6,1871859,X,39.03385000,125.75432000,ASIA,North Korea,EAS
Emlyn,Emlyn,GPE,0.20555556,0.46666667,en,1.00000000,,0,,,,,,
Southern New,Southern New,LOC,0.06325758,0.28863636,en,1.00000000,,0,,,,,,
SoHo street,SoHo street,LOC,0.48333333,0.57777778,en,1.00000000,,0,,,,,,
Nile,Nile,LOC,0.23409091,0.57613636,en,1.00000000,,0,,,,,,
surroundi,surroundi,GPE,0.04375000,0.46875000,en,1.00000000,,0,,,,,,
ove…,ove…,GPE,0.00000000,0.00000000,en,1.00000000,,0,,,,,,
eastern hill,eastern hill,LOC,-0.14000000,0.09000000,en,1.00000000,,0,,,,,,
Western Jamaica,Western Jamaica,LOC,0.00000000,0.00000000,en,1.00000000,,0,,,,,,
Volusia,Volusia,GPE,0.00000000,0.00000000,en,1.00000000,,0,,,,,,
Prague,Prague,GPE,0.10909091,0.33863636,en,1.00000000,4076310-9,3067696,X,50.08803900,14.42075900,EUROPE,Czechia,WCE
Des Moines,Des Moines,GPE,0.80000000,1.85000000,en,1.00000000,,0,,,,,,
Chilterns,Chilterns,GPE,-0.50000000,1.00000000,en,1.00000000,,0,,,,,,
KHARTOUM,KHARTOUM,GPE,0.00000000,1.00000000,en,1.00000000,,0,,,,,,
Mindanao,Mindanao,GPE,0.00000000,0.00000000,en,1.00000000,,0,,,,,,
Parana,Parana,GPE,0.00000000,0.00000000,en,1.00000000,,0,,,,,,
The South Asian,The South Asian,LOC,-0.03125000,0.50000000,en,1.00000000,,0,,,,,,
Historic Mining Town,Historic Mining Town,LOC,-0.10000000,0.20000000,en,1.00000000,,0,,,,,,
Ottawa,Ottawa,GPE,1.33333333,2.00000000,en,1.00000000,4122012-2,6094817,X,45.41111100,-75.69805500,NORTH-AMERICA,Canada,ENA
Gatineau,Gatineau,GPE,2.66666667,4.00000000,en,1.00000000,,0,,,,,,
Outaouais,Outaouais,GPE,0.35000000,0.55000000,en,1.00000000,,0,,,,,,
Tesasini,Tesasini,GPE,0.00000000,0.00000000,en,1.00000000,,0,,,,,,
Zibi,Zibi,GPE,0.00000000,0.00000000,en,1.00000000,,0,,,,,,
Mahayuti,Mahayuti,LOC,0.00000000,0.00000000,en,1.00000000,,0,,,,,,
Tropical Storm Imelda,Tropical Storm Imelda,LOC,0.00000000,0.40000000,en,1.00000000,,0,,,,,,
Scottsdale,Scottsdale,GPE,-0.20000000,0.40000000,en,1.00000000,,0,,,,,,
Gila County,Gila County,GPE,0.00000000,0.00000000,en,1.00000000,,0,,,,,,
Ariz.,Ariz.,GPE,-0.10000000,0.02500000,en,1.00000000,,0,,,,,,
Arizona GLOBE,Arizona GLOBE,GPE,-0.10000000,0.02500000,en,1.00000000,,0,,,,,,
Gia Lai province,Gia Lai province,GPE,0.00000000,0.25000000,en,1.00000000,,0,,,,,,
Rhodes,Rhodes,GPE,-0.21666667,0.36111111,en,1.00000000,,0,,,,,,
Aetoliko,Aetoliko,GPE,-0.21666667,0.36111111,en,1.00000000,,0,,,,,,
New York State,New York State,GPE,0.15584416,0.48376623,en,1.00000000,,0,,,,,,
Darjeeling hills,Darjeeling hills,GPE,-0.20000000,0.05000000,en,1.00000000,,0,,,,,,
Placentia Bay,Placentia Bay,LOC,0.08000000,0.32000000,en,1.00000000,,0,,,,,,
the Yorkshire Dales,the Yorkshire Dales,LOC,0.00000000,0.00000000,en,1.00000000,,0,,,,,,
Burin Peninsula,Burin Peninsula,LOC,0.21666667,0.36666667,en,1.00000000,,0,,,,,,
Jalpaiguri,Jalpaiguri,GPE,-0.16666667,0.13333333,en,1.00000000,,0,,,,,,
Woodside,Woodside,GPE,0.06818182,0.25227273,en,1.00000000,,0,,,,,,
Cebu City,Cebu City,GPE,0.17500000,0.57500000,en,1.00000000,,0,,,,,,
Darjeeling Hills,Darjeeling Hills,GPE,-0.20000000,0.00000000,en,1.00000000,,0,,,,,,
Illam,Illam,GPE,-0.25000000,0.20000000,en,1.00000000,,0,,,,,,
Carmarthenshire,Carmarthenshire,GPE,0.00000000,0.50000000,en,1.00000000,,0,,,,,,
East Vidarbha,East Vidarbha,LOC,-0.02666667,0.54466667,en,1.00000000,,0,,,,,,
“BPBD,“BPBD,GPE,0.00000000,0.50000000,en,1.00000000,,0,,,,,,
TENNESSEE,TENNESSEE,GPE,0.00000000,0.00000000,en,1.00000000,,0,,,,,,
Ukraines Kharkiv,Ukraines Kharkiv,GPE,-0.15000000,0.10000000,en,1.00000000,,0,,,,,,
SALT LAKE CITY,SALT LAKE CITY,GPE,0.00000000,0.00000000,en,1.00000000,,0,,,,,,
DAK LAK,DAK LAK,GPE,-0.20000000,0.30000000,en,1.00000000,,0,,,,,,
TOOELE,TOOELE,GPE,0.00000000,0.00000000,en,1.00000000,,0,,,,,,
Salt,Salt,GPE,0.00000000,0.00000000,en,1.00000000,,0,,,,,,
KWIGILLINGOK,KWIGILLINGOK,GPE,-0.07000000,0.33333333,en,1.00000000,,0,,,,,,
Dak Lak,Dak Lak,GPE,-0.25000000,0.25000000,en,1.00000000,,0,,,,,,
Guiana,Guiana,GPE,0.02727273,0.45000000,en,1.00000000,4072186-3,3378535,X,5.00000000,-59.00000000,SOUTH-AMERICA,Guyana,NSA
East Coast With Floods,East Coast With Floods,LOC,0.23000000,0.77000000,en,1.00000000,,0,,,,,,
Atlantic City,Atlantic City,GPE,0.16545455,0.66484848,en,1.00000000,,0,,,,,,
landfalling Atlantic,landfalling Atlantic,LOC,0.00000000,0.00000000,en,1.00000000,,0,,,,,,
North Dakota,North Dakota,GPE,-1.20000000,1.65000000,en,1.00000000,4075498-4,5690763,X,47.50027000,-100.80000000,NORTH-AMERICA,United States,CNA
Paramaribo,Paramaribo,GPE,0.00000000,0.00000000,en,1.00000000,4406196-1,3383330,X,5.86638000,-55.16682000,SOUTH-AMERICA,Suriname,NSA
St. Andrew,St. Andrew,GPE,-0.10000000,0.75000000,en,1.00000000,,0,,,,,,
St. Thomas,St. Thomas,GPE,-0.10000000,0.75000000,en,1.00000000,,0,,,,,,
li></li,li></li,GPE,0.16818182,0.50000000,en,1.00000000,,0,,,,,,
Western Maryland,Western Maryland,LOC,0.08541667,0.55000000,en,1.00000000,,0,,,,,,
BACOLOD,BACOLOD,GPE,0.00000000,0.62500000,en,1.00000000,,0,,,,,,
BACOLOD CITY,BACOLOD CITY,GPE,0.00000000,1.00000000,en,1.00000000,,0,,,,,,
east Wales,east Wales,GPE,-0.20000000,0.50000000,en,1.00000000,,0,,,,,,
Space Coast,Space Coast,LOC,-0.28333333,1.38333333,en,1.00000000,,0,,,,,,
Mahabubabad,Mahabubabad,GPE,-0.06250000,0.18750000,en,1.00000000,,0,,,,,,
WATAGUA COUNTY,WATAGUA COUNTY,GPE,0.15909091,0.31363636,en,1.00000000,,0,,,,,,
Valle,Valle,GPE,0.31818182,0.62727273,en,1.00000000,,0,,,,,,
Gundratimadugu,Gundratimadugu,GPE,-0.06250000,0.18750000,en,1.00000000,,0,,,,,,
Telangana,Telangana,GPE,-0.20000000,0.50000000,en,1.00000000,,0,,,,,,
Adilabad,Adilabad,GPE,-0.20000000,0.50000000,en,1.00000000,,0,,,,,,
Nirmal,Nirmal,GPE,-0.20000000,0.50000000,en,1.00000000,,0,,,,,,
Vishwamitri River,Vishwamitri River,LOC,0.60000000,0.95000000,en,1.00000000,,0,,,,,,
Vishwamitri river,Vishwamitri river,LOC,0.00000000,0.00000000,en,1.00000000,,0,,,,,,
Vadodara,Vadodara,GPE,0.60000000,0.95000000,en,1.00000000,4349634-9,1253573,X,22.29939900,73.20811900,ASIA,India,SAS
Energys,Energys,GPE,-0.02500000,0.47500000,en,1.00000000,,0,,,,,,
Hispaniola,Hispaniola,GPE,-0.60000000,0.90000000,en,1.00000000,,0,,,,,,
Kingston,Kingston,GPE,-0.10000000,0.75000000,en,1.00000000,,0,,,,,,
Benfica,Benfica,GPE,-0.06666667,0.05555556,en,1.00000000,,0,,,,,,
Hoi An,Hoi An,GPE,0.08571429,0.71130952,en,1.00000000,,0,,,,,,
Merritt Island,Merritt Island,GPE,-0.20000000,0.50000000,en,1.00000000,,0,,,,,,
KINGSTON,KINGSTON,GPE,-0.10000000,0.40000000,en,1.00000000,,0,,,,,,
Lake County,Lake County,GPE,0.60000000,1.80000000,en,1.00000000,,0,,,,,,
Kr,Kr,GPE,0.00000000,0.00000000,en,1.00000000,,0,,,,,,
the Western Atlantic,the Western Atlantic,LOC,-0.18500000,0.52500000,en,1.00000000,,0,,,,,,
Jamaica KINGSTON,Jamaica KINGSTON,GPE,0.06250000,0.50000000,en,1.00000000,,0,,,,,,
Texas Gulf,Texas Gulf,LOC,0.25000000,0.33333333,en,1.00000000,,0,,,,,,
Hue,Hue,GPE,0.47916667,1.08833333,en,1.00000000,,0,,,,,,
CW39,CW39,GPE,0.25000000,0.33333333,en,1.00000000,,0,,,,,,
HOUSTON,HOUSTON,GPE,0.25000000,0.33333333,en,1.00000000,,0,,,,,,
Taiping,Taiping,GPE,-0.25833333,1.30833333,en,1.00000000,,0,,,,,,
Erie County,Erie County,GPE,0.37500000,0.87500000,en,1.00000000,,0,,,,,,
Portmore,Portmore,GPE,0.00000000,0.00000000,en,1.00000000,,0,,,,,,
South Lebanon,South Lebanon,GPE,0.00000000,0.33333333,en,1.00000000,,0,,,,,,
Brewster County,Brewster County,GPE,0.00000000,0.42500000,en,1.00000000,,0,,,,,,
CLEARWATER,CLEARWATER,GPE,0.25000000,0.95000000,en,1.00000000,,0,,,,,,
Selama District,Selama District,LOC,-0.08125000,0.74375000,en,1.00000000,,0,,,,,,
Matang,Matang,GPE,-0.08125000,0.74375000,en,1.00000000,,0,,,,,,
Larut,Larut,GPE,-0.08125000,0.74375000,en,1.00000000,4432131-4,1734586,X,4.84999900,100.73332900,ASIA,Malaysia,SEA
Bermuda,Bermuda,LOC,-0.41000000,0.83500000,en,1.00000000,4005759-8,3573345,X,32.33332900,-64.75000000,ATLANTIC,,NAO
Chiva,Chiva,GPE,0.00000000,0.00000000,en,1.00000000,4767413-1,2519464,X,39.46667000,-0.71667000,EUROPE-AFRICA,Spain,MED
Chapula,Chapula,GPE,-0.10000000,0.34500000,en,1.00000000,,0,,,,,,
Northern Cal,Northern Cal,LOC,0.00000000,0.00000000,en,1.00000000,,0,,,,,,
Attleboro,Attleboro,GPE,0.05000000,0.81666667,en,1.00000000,,0,,,,,,
Washington Heights,Washington Heights,GPE,-0.12500000,0.37500000,en,1.00000000,,0,,,,,,
West Midlands,West Midlands,GPE,0.10000000,0.10000000,en,1.00000000,,0,,,,,,
Black River Market,Black River Market,LOC,-0.12500000,0.28333333,en,1.00000000,,0,,,,,,
Hsihseng,Hsihseng,GPE,0.03125000,0.70416667,en,1.00000000,,0,,,,,,
Hopong,Hopong,GPE,0.03125000,0.70416667,en,1.00000000,,0,,,,,,
Taunggyi,Taunggyi,GPE,0.03125000,0.70416667,en,1.00000000,,0,,,,,,
Pong Inn,Pong Inn,GPE,0.03125000,0.70416667,en,1.00000000,,0,,,,,,
Westmeath,Westmeath,GPE,0.21428571,0.42857143,en,1.00000000,,0,,,,,,
Offaly,Offaly,GPE,0.42857143,0.85714286,en,1.00000000,,0,,,,,,
Mandeville Canyon,Mandeville Canyon,LOC,0.10000000,0.40000000,en,1.00000000,,0,,,,,,
Lipis,Lipis,GPE,0.07291667,0.96875000,en,1.00000000,,0,,,,,,
Eugowra,Eugowra,GPE,0.20000000,0.55000000,en,1.00000000,,0,,,,,,
Central West,Central West,LOC,-0.10000000,0.57500000,en,1.00000000,,0,,,,,,
Black River,Black River,LOC,-0.12500000,0.28333333,en,1.00000000,,0,,,,,,
Poza Rica,Poza Rica,GPE,0.00000000,0.00000000,en,1.00000000,,0,,,,,,
Azusa,Azusa,GPE,0.14285714,0.26785714,en,1.00000000,,0,,,,,,
Pacific Palisades,Pacific Palisades,GPE,0.00000000,0.00000000,en,1.00000000,,0,,,,,,
Veracruz,Veracruz,GPE,0.00000000,0.00000000,en,1.00000000,4672198-8,3514783,X,19.18083300,-96.14277700,CENTRAL-AMERICA,Mexico,SCA
riverside communities,riverside communities,GPE,-0.06666667,0.16666667,en,1.00000000,,0,,,,,,
Pagosa Springs,Pagosa Springs,GPE,-0.03333333,0.36666667,en,1.00000000,,0,,,,,,
Archuleta County Sheriff,Archuleta County Sheriff,GPE,-0.03333333,0.36666667,en,1.00000000,,0,,,,,,
Communities,Communities,LOC,0.05000000,0.22857143,en,1.00000000,,0,,,,,,
the West Mid,the West Mid,GPE,0.05000000,0.22857143,en,1.00000000,,0,,,,,,
Central Vietnam,Central Vietnam,LOC,0.00000000,0.25000000,en,1.00000000,,0,,,,,,
Hurricane Melissa,Hurricane Melissa,GPE,-0.15000000,0.20000000,en,1.00000000,,0,,,,,,
Chignecto Isthmus,Chignecto Isthmus,LOC,0.00000000,0.00000000,en,1.00000000,,0,,,,,,
Newcastle County,Newcastle County,GPE,-0.15555556,0.28888889,en,1.00000000,,0,,,,,,
Armagh,Armagh,GPE,-0.07777778,0.14444444,en,1.00000000,4293636-6,2657060,X,54.35000000,-6.66666900,EUROPE,United Kingdom,NEU
Antrim,Antrim,GPE,-0.07777778,0.14444444,en,1.00000000,4079799-5,2657255,X,54.70000000,-6.20000000,EUROPE,United Kingdom,NEU
Luzon,Luzon,LOC,-0.12222222,0.38055556,en,1.00000000,,0,,,,,,
Idukki district,Idukki district,LOC,0.00000000,0.00000000,en,1.00000000,,0,,,,,,
recordis,recordis,GPE,0.00000000,0.00000000,en,1.00000000,,0,,,,,,
Island,Island,LOC,-0.10000000,0.10000000,en,1.00000000,4027754-9,2629691,X,65.00000000,-18.00000000,POLAR,Iceland,GIC
Corpus Christi,Corpus Christi,GPE,0.25000000,0.85000000,en,1.00000000,,0,,,,,,
New Hope,New Hope,GPE,0.11818182,0.42727273,en,1.00000000,,0,,,,,,
Qui,Qui,GPE,0.00000000,0.15000000,en,1.00000000,,0,,,,,,
Treasure Beach,Treasure Beach,GPE,0.16666667,0.33333333,en,1.00000000,,0,,,,,,
the Rare Earth Trap,the Rare Earth Trap,LOC,0.30000000,0.90000000,en,1.00000000,,0,,,,,,
Downdetector,Downdetector,GPE,-0.50000000,0.50000000,en,1.00000000,,0,,,,,,
Lower East Side,Lower East Side,LOC,0.50000000,0.50000000,en,1.00000000,,0,,,,,,
Huehuetla,Huehuetla,GPE,-0.20000000,0.25000000,en,1.00000000,,0,,,,,,
RUSSIA,RUSSIA,GPE,-0.52500000,0.57500000,en,1.00000000,,0,,,,,,
Typhoon Halong’s,Typhoon Halong’s,GPE,-0.12500000,0.12500000,en,1.00000000,,0,,,,,,
Typhoon Halong's,Typhoon Halong's,GPE,-0.16666667,0.13333333,en,1.00000000,,0,,,,,,
Western Alaska,Western Alaska,LOC,-0.29166667,0.25833333,en,1.00000000,,0,,,,,,
BARCELONA,BARCELONA,GPE,0.11666667,0.36666667,en,1.00000000,,0,,,,,,
Fix Auckland,Fix Auckland,GPE,0.00000000,0.00000000,en,1.00000000,,0,,,,,,
MEXICO CITY,MEXICO CITY,GPE,-0.56083333,2.53916667,en,1.00000000,,0,,,,,,
LAHORE,LAHORE,GPE,-0.36666667,0.66666667,en,1.00000000,,0,,,,,,
Trans-Yamuna,Trans-Yamuna,LOC,0.00000000,0.00000000,en,1.00000000,,0,,,,,,
glacial lakes,glacial lakes,LOC,0.00000000,0.50000000,en,1.00000000,,0,,,,,,
Ladakh,Ladakh,GPE,-0.60000000,0.60000000,en,1.00000000,,0,,,,,,
Himalayan glacial,Himalayan glacial,LOC,-0.60000000,0.60000000,en,1.00000000,,0,,,,,,
PUNJAB,PUNJAB,GPE,0.00000000,0.43333333,en,1.00000000,,0,,,,,,
Senedd,Senedd,GPE,0.00000000,0.00000000,en,1.00000000,,0,,,,,,
BBC Wales,BBC Wales,GPE,0.00000000,0.10000000,en,1.00000000,,0,,,,,,
Dumfries,Dumfries,GPE,0.25000000,0.28846154,en,1.00000000,7521306-0,2650798,X,55.06958900,-3.61139000,EUROPE,United Kingdom,NEU
Millennium City,Millennium City,GPE,-0.20000000,0.10000000,en,1.00000000,,0,,,,,,
the Chenab River,the Chenab River,LOC,-0.20000000,0.50000000,en,1.00000000,,0,,,,,,
Reasi district,Reasi district,LOC,-0.20000000,0.50000000,en,1.00000000,,0,,,,,,
Chenab River,Chenab River,LOC,-0.16250000,0.43750000,en,1.00000000,,0,,,,,,
West Dublin,West Dublin,GPE,0.06250000,0.50000000,en,1.00000000,,0,,,,,,
ADEN,ADEN,GPE,0.20000000,0.60000000,en,1.00000000,,0,,,,,,
South Asia's,South Asia's,LOC,-0.20000000,0.40000000,en,1.00000000,,0,,,,,,
Glacial lake,Glacial lake,LOC,-0.50000000,1.25000000,en,1.00000000,,0,,,,,,
south Haryana,south Haryana,GPE,-0.10833333,0.62500000,en,1.00000000,,0,,,,,,
eastern province's,eastern province's,GPE,0.10000000,0.40000000,en,1.00000000,,0,,,,,,
Kildare,Kildare,GPE,0.06250000,0.50000000,en,1.00000000,,0,,,,,,
Bukit,Bukit,GPE,0.14285714,0.32857143,en,1.00000000,,0,,,,,,
monsoon,monsoon,LOC,-0.23125000,0.56250000,en,1.00000000,,0,,,,,,
Badulla,Badulla,GPE,0.00000000,0.25000000,en,1.00000000,,0,,,,,,
Sumatra Island,Sumatra Island,LOC,-0.03333333,0.03333333,en,1.00000000,,0,,,,,,
Wazirabad,Wazirabad,GPE,0.00000000,0.00000000,en,1.00000000,,0,,,,,,
Pacific basin,Pacific basin,LOC,-0.06666667,0.50000000,en,1.00000000,,0,,,,,,
North India,North India,GPE,-0.20000000,0.00000000,en,1.00000000,,0,,,,,,
Belém,Belém,GPE,0.00000000,0.00000000,en,1.00000000,,0,,,,,,
Sherman Park,Sherman Park,GPE,0.23333333,0.30000000,en,1.00000000,,0,,,,,,
BJP,BJP,GPE,0.13750000,0.53750000,en,1.00000000,,0,,,,,,
Mass.,Mass.,GPE,0.00000000,0.00000000,en,1.00000000,,0,,,,,,
New Yo,New Yo,GPE,0.13636364,0.45454545,en,1.00000000,,0,,,,,,
Minas Gerais,Minas Gerais,GPE,-0.00625000,0.31875000,en,1.00000000,,0,,,,,,
the Sargasso Sea,the Sargasso Sea,LOC,0.00000000,0.00000000,en,1.00000000,,0,,,,,,
Beaconsfield,Beaconsfield,GPE,0.00000000,0.50000000,en,1.00000000,,0,,,,,,
Desert Southwest,Desert Southwest,GPE,-0.03181818,0.42727273,en,1.00000000,,0,,,,,,
Hathnikund,Hathnikund,GPE,0.00000000,0.00000000,en,1.00000000,,0,,,,,,
GST,GST,LOC,0.11562500,0.60000000,en,1.00000000,,0,,,,,,
Sindh province,Sindh province,GPE,0.25000000,0.25000000,en,1.00000000,,0,,,,,,
Alexander County,Alexander County,GPE,0.00000000,0.00000000,en,1.00000000,,0,,,,,,
More Rain Forecast,More Rain Forecast,LOC,0.15000000,0.45000000,en,1.00000000,,0,,,,,,
preparedn,preparedn,GPE,0.00000000,0.25000000,en,1.00000000,,0,,,,,,
Thai City As Southeast Asia Battles Deadly Floods,Thai City As Southeast Asia Battles Deadly Floods,GPE,-0.20000000,0.40000000,en,1.00000000,,0,,,,,,
Jamaliwala,Jamaliwala,GPE,0.06666667,0.46666667,en,1.00000000,,0,,,,,,
Ferozepur,Ferozepur,GPE,0.00000000,0.00000000,en,1.00000000,,0,,,,,,
Oluwasinaayomi,Oluwasinaayomi,GPE,-0.35000000,0.78333333,en,1.00000000,,0,,,,,,
floodsBBC,floodsBBC,GPE,0.08611111,0.25833333,en,1.00000000,,0,,,,,,
Kasur,Kasur,GPE,0.00000000,0.50000000,en,1.00000000,,0,,,,,,
Pulwama district,Pulwama district,LOC,-0.13000000,0.46000000,en,1.00000000,,0,,,,,,
the Desert Southwest,the Desert Southwest,LOC,-0.48863636,1.85454545,en,1.00000000,,0,,,,,,
Indonesias Aceh Province,Indonesias Aceh Province,GPE,0.00000000,0.06666667,en,1.00000000,,0,,,,,,
Kashmirs Jammu,Kashmirs Jammu,GPE,0.01048951,0.41188811,en,1.00000000,,0,,,,,,
Geneva,Geneva,GPE,0.42500000,0.52500000,en,1.00000000,4020137-5,2660646,X,46.20222200,6.14555500,EUROPE,Switzerland,WCE
Viet Nam,Viet Nam,GPE,0.42500000,0.52500000,en,1.00000000,,0,,,,,,
Lake,Lake,LOC,-0.25000000,0.50000000,en,1.00000000,,0,,,,,,
Opp,Opp,GPE,0.00000000,0.00000000,en,1.00000000,,0,,,,,,
Matamata,Matamata,GPE,0.10000000,0.40000000,en,1.00000000,,0,,,,,,
Imperial Valley,Imperial Valley,LOC,-0.10000000,0.50000000,en,1.00000000,,0,,,,,,
Westmoreland,Westmoreland,GPE,-0.05000000,0.45000000,en,1.00000000,,0,,,,,,
the Imperial Valley,the Imperial Valley,LOC,0.00000000,0.00000000,en,1.00000000,,0,,,,,,
the Kaimai Range,the Kaimai Range,GPE,0.10000000,0.40000000,en,1.00000000,,0,,,,,,
J&K,J&K,GPE,0.00000000,0.00000000,en,1.00000000,,0,,,,,,
Kajiki,Kajiki,LOC,0.05000000,0.20000000,en,1.00000000,,0,,,,,,
San Jose,San Jose,GPE,0.40000000,0.77500000,en,1.00000000,,0,,,,,,
Boise,Boise,GPE,-0.40000000,1.00000000,en,1.00000000,,0,,,,,,
Una,Una,GPE,0.00000000,0.22500000,en,1.00000000,,0,,,,,,
Sou…,Sou…,GPE,0.00000000,0.00000000,en,1.00000000,,0,,,,,,
Coyote Creek,Coyote Creek,LOC,0.40000000,0.77500000,en,1.00000000,,0,,,,,,
New ... NEW DELHI/ISLAMABAD,New ... NEW DELHI/ISLAMABAD,GPE,0.09090909,0.63636364,en,1.00000000,,0,,,,,,
NEW DELHI/ISLAMABAD,NEW DELHI/ISLAMABAD,GPE,0.09090909,0.63636364,en,1.00000000,,0,,,,,,
Sungai Serai,Sungai Serai,GPE,-0.10000000,0.10000000,en,1.00000000,,0,,,,,,
Washington DC,Washington DC,GPE,0.50000000,0.50000000,en,1.00000000,,0,,,,,,
Mississippi city,Mississippi city,GPE,0.00000000,0.00000000,en,1.00000000,,0,,,,,,
Miss.,Miss.,GPE,0.00000000,0.00000000,en,1.00000000,,0,,,,,,
"South West
","South West
",LOC,-0.20000000,0.50000000,en,1.00000000,,0,,,,,,
Lydney,Lydney,GPE,0.25000000,0.25000000,en,1.00000000,,0,,,,,,
Meureudu,Meureudu,GPE,0.00000000,0.00000000,en,1.00000000,,0,,,,,,
Pidie Jaya,Pidie Jaya,GPE,0.00000000,0.00000000,en,1.00000000,,0,,,,,,
Forest of Dean,Forest of Dean,LOC,0.00000000,0.00000000,en,1.00000000,,0,,,,,,
New Delhi's,New Delhi's,GPE,-0.26363636,1.05454545,en,1.00000000,,0,,,,,,
SRI LANKA,SRI LANKA,GPE,-0.24000000,0.35000000,en,1.00000000,,0,,,,,,
New Delhis,New Delhis,GPE,-0.10303030,1.06212121,en,1.00000000,,0,,,,,,
NAROWAL,NAROWAL,GPE,0.12500000,0.25000000,en,1.00000000,,0,,,,,,
South East Asian,South East Asian,LOC,0.05000000,0.20000000,en,1.00000000,,0,,,,,,
Honduras,Honduras,GPE,-0.15000000,0.45000000,en,1.00000000,4025814-2,3608932,X,15.00000000,-86.50000000,CENTRAL-AMERICA,Honduras,SCA
the Mississippi Sound,the Mississippi Sound,LOC,0.17878788,0.30000000,en,1.00000000,,0,,,,,,
Cornwall,Cornwall,GPE,-0.40000000,1.00000000,en,1.00000000,4010579-9,2652355,X,50.41666600,-4.75000000,EUROPE,United Kingdom,NEU
Devon,Devon,GPE,-0.40000000,1.00000000,en,1.00000000,4070441-5,2651292,X,50.75000000,-3.75000000,EUROPE,United Kingdom,NEU
Wagah,Wagah,GPE,-0.06722222,1.04777778,en,1.00000000,,0,,,,,,
Edmonton,Edmonton,GPE,0.00000000,0.00000000,en,1.00000000,,0,,,,,,
Yemen,Yemen,GPE,0.26818182,0.99393939,en,1.00000000,4073009-8,69543,X,15.50000000,47.50000000,ASIA,Yemen,ARP
Jammus,Jammus,GPE,0.00000000,0.00000000,en,1.00000000,,0,,,,,,
Medan,Medan,GPE,0.00000000,0.06666667,en,1.00000000,4469031-9,1214520,X,3.58333000,98.66666900,ASIA,Indonesia,SEA
Srinagar,Srinagar,GPE,0.00000000,0.00000000,en,1.00000000,,0,,,,,,
Ticino,Ticino,GPE,-0.20000000,0.30000000,en,1.00000000,4078208-6,2658370,X,46.25000000,8.58333000,EUROPE,Switzerland,WCE
south Kashmir,south Kashmir,LOC,-0.13000000,0.46000000,en,1.00000000,,0,,,,,,
Amazonia,Amazonia,GPE,0.00000000,0.50000000,en,1.00000000,,0,,,,,,
Mexico City,Mexico City,GPE,0.00000000,0.25000000,en,1.00000000,4039060-3,3530597,X,19.42833300,-99.12750000,CENTRAL-AMERICA,Mexico,NCA
Californias,Californias,GPE,0.05909091,0.18863636,en,1.00000000,,0,,,,,,
San Bernardino County Fire Protection District,San Bernardino County Fire Protection District,GPE,0.00000000,0.00000000,en,1.00000000,,0,,,,,,
San Bernardino,San Bernardino,GPE,0.16000000,0.54000000,en,1.00000000,,0,,,,,,
Barstow,Barstow,GPE,-0.80000000,1.05000000,en,1.00000000,,0,,,,,,
Zomato,Zomato,GPE,0.00000000,0.00000000,en,1.00000000,,0,,,,,,
Swiggy,Swiggy,GPE,0.00000000,0.00000000,en,1.00000000,,0,,,,,,
Southeast U.S,Southeast U.S,LOC,0.00000000,0.00000000,en,1.00000000,,0,,,,,,
Judea,Judea,GPE,0.99375000,1.91458333,en,1.00000000,,0,,,,,,
the Island of the Gods,the Island of the Gods,LOC,0.00000000,0.00000000,en,1.00000000,,0,,,,,,
Samaria,Samaria,GPE,0.99375000,1.91458333,en,1.00000000,,0,,,,,,
the North Bay,the North Bay,LOC,0.00000000,0.50000000,en,1.00000000,,0,,,,,,
KHANEWAL,KHANEWAL,GPE,0.50000000,0.50000000,en,1.00000000,,0,,,,,,
Putrajaya,Putrajaya,GPE,0.00000000,0.00000000,en,1.00000000,7653184-3,6697380,X,2.93527000,101.69111900,ASIA,Malaysia,SEA
Washington Free Beacon,Washington Free Beacon,GPE,0.40000000,0.80000000,en,1.00000000,,0,,,,,,
Ethelbert,Ethelbert,GPE,0.07333333,0.14000000,en,1.00000000,,0,,,,,,
Superstorm Sandy,Superstorm Sandy,LOC,0.00000000,0.00000000,en,1.00000000,,0,,,,,,
Battery Park City,Battery Park City,LOC,0.00000000,0.00000000,en,1.00000000,,0,,,,,,
Park City,Park City,GPE,0.00000000,0.00000000,en,1.00000000,,0,,,,,,
Västernorrland,Västernorrland,GPE,-0.16666667,0.16666667,en,1.00000000,,0,,,,,,
the Iril River,the Iril River,LOC,-0.06250000,0.18750000,en,1.00000000,,0,,,,,,
South Hampstead,South Hampstead,GPE,0.34166667,0.55277778,en,1.00000000,,0,,,,,,
Emery County S,Emery County S,GPE,0.00000000,0.00000000,en,1.00000000,,0,,,,,,
Forest Falls,Forest Falls,GPE,0.00000000,0.00000000,en,1.00000000,,0,,,,,,
San Bernardino County,San Bernardino County,GPE,0.00000000,0.00000000,en,1.00000000,,0,,,,,,
San Bernardino C,San Bernardino C,GPE,0.00000000,0.00000000,en,1.00000000,,0,,,,,,
Luvenia Brown,Luvenia Brown,GPE,0.05000000,0.36666667,en,1.00000000,,0,,,,,,
Charlotte,Charlotte,GPE,0.10000000,1.40000000,en,1.00000000,,0,,,,,,
"Long Island
","Long Island
",LOC,-0.02500000,0.20000000,en,1.00000000,,0,,,,,,
HUNTINGTON,HUNTINGTON,GPE,0.14818182,0.49727273,en,1.00000000,,0,,,,,,
Huntington,Huntington,GPE,-0.05181818,0.99727273,en,1.00000000,,0,,,,,,
Southern China,Southern China,LOC,-0.33333333,0.60000000,en,1.00000000,,0,,,,,,
Space City,Space City,GPE,0.03333333,0.18333333,en,1.00000000,,0,,,,,,
on Bay Area,on Bay Area,LOC,-0.05000000,0.20000000,en,1.00000000,,0,,,,,,
South East Asia,South East Asia,LOC,0.00000000,1.00000000,en,1.00000000,,0,,,,,,
Redlands,Redlands,GPE,-0.20000000,0.46666667,en,1.00000000,,0,,,,,,
Rosemont,Rosemont,GPE,0.05000000,0.36666667,en,1.00000000,,0,,,,,,
Gurdaspur,Gurdaspur,GPE,0.06666667,0.19166667,en,1.00000000,,0,,,,,,
South Carolinas,South Carolinas,GPE,0.05000000,0.36666667,en,1.00000000,,0,,,,,,
SC,SC,GPE,0.00000000,0.00000000,en,1.00000000,,0,,,,,,
Charleston,Charleston,GPE,-0.40000000,1.23333333,en,1.00000000,,0,,,,,,
Babuyan,Babuyan,GPE,0.00000000,0.10000000,en,1.00000000,,0,,,,,,
Türkiyes Black Sea,Türkiyes Black Sea,LOC,-0.05555556,0.14444444,en,1.00000000,,0,,,,,,
Waterford,Waterford,GPE,0.00000000,0.00000000,en,1.00000000,4471434-8,2960992,X,52.25833000,-7.11193900,EUROPE,Ireland,NEU
Majha,Majha,GPE,-0.27083333,0.39583333,en,1.00000000,,0,,,,,,
the Isle of Man,the Isle of Man,GPE,-0.20000000,0.50000000,en,1.00000000,,0,,,,,,
Super Typhoon Ragasa,Super Typhoon Ragasa,LOC,0.05833333,0.42500000,en,1.00000000,,0,,,,,,
GREEN RIVER,GREEN RIVER,GPE,-0.05000000,0.13750000,en,1.00000000,,0,,,,,,
South California,South California,LOC,0.00000000,0.10000000,en,1.00000000,,0,,,,,,
Kashmir valley,Kashmir valley,LOC,0.00000000,0.25000000,en,1.00000000,,0,,,,,,
SAN DIEGO,SAN DIEGO,GPE,-0.02857143,0.39047619,en,1.00000000,,0,,,,,,
Lake Naivasha,Lake Naivasha,LOC,0.00000000,0.00000000,en,1.00000000,,0,,,,,,
the Coachella Valley,the Coachella Valley,LOC,0.25000000,0.45000000,en,1.00000000,,0,,,,,,
Ajah,Ajah,GPE,-0.18125000,0.24375000,en,1.00000000,,0,,,,,,
Vjosa,Vjosa,GPE,-0.25000000,0.45000000,en,1.00000000,,0,,,,,,
Kosovo,Kosovo,GPE,-0.25000000,0.45000000,en,1.00000000,4032571-4,831053,X,42.58333300,20.91666600,EUROPE-AFRICA,Kosovo,MED
Myers,Myers,GPE,0.00000000,0.00000000,en,1.00000000,,0,,,,,,
JOHOR,JOHOR,GPE,-0.10000000,0.40000000,en,1.00000000,,0,,,,,,
the Prairie Creek Watershed,the Prairie Creek Watershed,LOC,0.10000000,0.40000000,en,1.00000000,,0,,,,,,
Multan,Multan,GPE,0.00000000,0.00000000,en,1.00000000,4246341-5,1169825,X,30.19556000,71.47527900,ASIA,Pakistan,WCA
Jalalpur Pirwala,Jalalpur Pirwala,GPE,0.00000000,0.00000000,en,1.00000000,,0,,,,,,
N.,N.,GPE,0.00000000,0.00000000,en,1.00000000,,0,,,,,,
Meituan,Meituan,GPE,0.33333333,1.47222222,en,1.00000000,,0,,,,,,
Alibaba,Alibaba,GPE,0.33333333,1.47222222,en,1.00000000,,0,,,,,,
the Korean Peninsula,the Korean Peninsula,LOC,0.40000000,0.45000000,en,1.00000000,,0,,,,,,
Yamaguchi Prefecture,Yamaguchi Prefecture,LOC,0.40000000,0.45000000,en,1.00000000,,0,,,,,,
Chosei,Chosei,GPE,0.40000000,0.45000000,en,1.00000000,,0,,,,,,
Great Southern,Great Southern,LOC,0.20000000,0.18750000,en,1.00000000,,0,,,,,,
UNIVERSITY CITY,UNIVERSITY CITY,GPE,0.02857143,0.46666667,en,1.00000000,,0,,,,,,
JALALPUR PIRWALA,JALALPUR PIRWALA,GPE,0.50000000,0.50000000,en,1.00000000,,0,,,,,,
eastern city,eastern city,LOC,0.00000000,0.00000000,en,1.00000000,,0,,,,,,
TAMPA,TAMPA,GPE,0.00000000,0.25000000,en,1.00000000,,0,,,,,,
Togoshi Ginza,Togoshi Ginza,GPE,0.15000000,0.50000000,en,1.00000000,,0,,,,,,
str…,str…,GPE,0.15000000,0.50000000,en,1.00000000,,0,,,,,,
Tropical Storm,Tropical Storm,GPE,0.00000000,1.00000000,en,1.00000000,,0,,,,,,
Canberra,Canberra,GPE,1.00000000,1.00000000,en,1.00000000,4085133-3,2172517,X,-35.28345900,149.12807000,OCEANIA,Australia,SAU
Southern Californi,Southern Californi,LOC,-0.11190476,0.30000000,en,1.00000000,,0,,,,,,
Sg Kaiduan,Sg Kaiduan,LOC,0.00000000,0.00000000,en,1.00000000,,0,,,,,,
Monm,Monm,GPE,0.60000000,0.90000000,en,1.00000000,,0,,,,,,
Breadbasket Of Punjab,Breadbasket Of Punjab,LOC,0.00000000,0.00000000,en,1.00000000,,0,,,,,,
Dehradun,Dehradun,GPE,0.02500000,0.30000000,en,1.00000000,4085403-6,1273313,X,30.32444400,78.03388800,ASIA,India,TIB
River Iril,River Iril,LOC,0.07142857,0.47619048,en,1.00000000,,0,,,,,,
Java&rsquo;s northern,Java&rsquo;s northern,LOC,0.03333333,0.86666667,en,1.00000000,,0,,,,,,
Wyoming County,Wyoming County,GPE,-0.66666667,1.00000000,en,1.00000000,,0,,,,,,
GAZA CITY,GAZA CITY,GPE,-0.25000000,0.25000000,en,1.00000000,,0,,,,,,
the Central Coast,the Central Coast,LOC,-0.00833333,0.88333333,en,1.00000000,,0,,,,,,
Munich,Munich,GPE,-0.16666667,0.49166667,en,1.00000000,,0,,,,,,
Khaj,Khaj,GPE,0.00000000,0.00000000,en,1.00000000,,0,,,,,,
Monmouthshire,Monmouthshire,GPE,0.00000000,0.10000000,en,1.00000000,,0,,,,,,
south Wales,south Wales,GPE,0.09702381,0.27142857,en,1.00000000,,0,,,,,,
Cwmbwrla,Cwmbwrla,GPE,0.00000000,0.00000000,en,1.00000000,,0,,,,,,
Abu Dhabi,Abu Dhabi,GPE,0.00000000,0.00000000,en,1.00000000,4000287-1,292968,X,24.46667000,54.36666900,ASIA,United Arab Emirates,ARP
Netherlands,Netherlands,GPE,-0.20000000,0.30000000,en,1.00000000,4042203-3,2750405,X,52.50000000,5.75000000,EUROPE,The Netherlands,NEU
the Brisbane River,the Brisbane River,LOC,0.00000000,0.00000000,en,1.00000000,,0,,,,,,
Man.,Man.,GPE,0.70000000,0.60000000,en,1.00000000,,0,,,,,,
Steinbach,Steinbach,GPE,0.82500000,0.76666667,en,1.00000000,,0,,,,,,
"East
","East
",LOC,-0.30000000,0.50000000,en,1.00000000,,0,,,,,,
Sirmaur,Sirmaur,GPE,-0.82121212,1.53333333,en,1.00000000,4641185-9,1256072,X,24.83539000,81.36605000,ASIA,India,SAS
Point,Point,GPE,0.10000000,0.23333333,en,1.00000000,,0,,,,,,
New York City's,New York City's,GPE,0.06590909,0.97247475,en,1.00000000,,0,,,,,,
Marina Bay,Marina Bay,LOC,0.00000000,0.17500000,en,1.00000000,,0,,,,,,
the Amazon River,the Amazon River,LOC,0.00000000,0.00000000,en,1.00000000,,0,,,,,,
Palisades,Palisades,LOC,0.00000000,0.00000000,en,1.00000000,,0,,,,,,
Tenaga Nasional Bhd,Tenaga Nasional Bhd,GPE,0.00000000,0.55000000,en,1.00000000,,0,,,,,,
K'tan,K'tan,GPE,0.00000000,0.55000000,en,1.00000000,,0,,,,,,
Northeast monsoon,Northeast monsoon,LOC,0.00000000,0.00000000,en,1.00000000,,0,,,,,,
Indah,Indah,GPE,0.17500000,0.27500000,en,1.00000000,,0,,,,,,
Taman,Taman,GPE,0.17500000,0.27500000,en,1.00000000,,0,,,,,,
TMJ,TMJ,LOC,0.00000000,0.00000000,en,1.00000000,,0,,,,,,
JB,JB,GPE,-1.00000000,1.00000000,en,1.00000000,,0,,,,,,
Kluang,Kluang,GPE,0.67500000,1.02500000,en,1.00000000,,0,,,,,,
BOSTON,BOSTON,GPE,0.02545455,0.46909091,en,1.00000000,,0,,,,,,
Bangkok,Bangkok,GPE,0.02722222,5.13111111,en,1.00000000,4004432-4,1609350,X,13.75398000,100.50144000,ASIA,Thailand,SEA
Barcelona,Barcelona,GPE,0.40714286,0.83809524,en,1.00000000,4004503-1,3128760,X,41.38879000,2.15899000,EUROPE-AFRICA,Spain,MED
Norway,Norway,GPE,0.37777778,1.02500000,en,1.00000000,4042640-3,3144096,X,62.00000000,10.00000000,EUROPE,Norway,NEU
Liverpool,Liverpool,GPE,0.35714286,0.57142857,en,1.00000000,4036068-4,2644210,X,53.41058000,-2.97793900,EUROPE,United Kingdom,NEU
TALLMADGE,TALLMADGE,GPE,0.35000000,0.50000000,en,1.00000000,,0,,,,,,
Galway,Galway,GPE,-0.07142857,1.80714286,en,1.00000000,4086664-6,2964180,X,53.27194000,-9.04889000,EUROPE,Ireland,NEU
Rajang River,Rajang River,LOC,0.00000000,0.00000000,en,1.00000000,,0,,,,,,
JUPITER,JUPITER,GPE,0.15833333,0.55000000,en,1.00000000,,0,,,,,,
Iperu,Iperu,GPE,0.00000000,1.00000000,en,1.00000000,,0,,,,,,
Sagamu,Sagamu,GPE,0.00000000,1.00000000,en,1.00000000,,0,,,,,,
Ijebu-Ode,Ijebu-Ode,GPE,0.00000000,0.00000000,en,1.00000000,4566581-3,2338400,X,6.81609000,3.91588000,AFRICA,Nigeria,WAF
Yemule River,Yemule River,LOC,0.00000000,0.00000000,en,1.00000000,,0,,,,,,
Warewa,Warewa,GPE,0.00000000,0.00000000,en,1.00000000,,0,,,,,,
Akute,Akute,GPE,0.00000000,0.00000000,en,1.00000000,,0,,,,,,
Kampung,Kampung,GPE,-0.11000000,1.23500000,en,1.00000000,,0,,,,,,
Beluran,Beluran,GPE,-0.11770833,1.74583333,en,1.00000000,,0,,,,,,
SEATTLE,SEATTLE,GPE,0.50000000,0.50000000,en,1.00000000,,0,,,,,,
OSLO,OSLO,GPE,0.06190476,0.33214286,en,1.00000000,,0,,,,,,
Sandakan,Sandakan,GPE,-0.16770833,2.34583333,en,1.00000000,4342595-1,1734052,X,5.84020000,118.11790000,ASIA,,SEA
South Texas,South Texas,LOC,-0.03273810,2.16369048,en,1.00000000,,0,,,,,,
East Kalimantan,East Kalimantan,GPE,0.00000000,0.25000000,en,1.00000000,,0,,,,,,
Queenslands southwest,Queenslands southwest,GPE,0.30000000,0.57500000,en,1.00000000,,0,,,,,,
Thargomindah,Thargomindah,GPE,0.30000000,0.57500000,en,1.00000000,,0,,,,,,
Central Queensland,Central Queensland,LOC,0.00000000,0.25000000,en,1.00000000,,0,,,,,,
Thargomi,Thargomi,GPE,0.07500000,0.29166667,en,1.00000000,,0,,,,,,
Storm Babet,Storm Babet,LOC,-0.03125000,0.61875000,en,1.00000000,,0,,,,,,
Midleton,Midleton,GPE,-0.03125000,0.61875000,en,1.00000000,,0,,,,,,
Co Roscommon,Co Roscommon,GPE,0.00000000,0.06666667,en,1.00000000,,0,,,,,,
Lough Funshinagh,Lough Funshinagh,GPE,0.00000000,0.06666667,en,1.00000000,,0,,,,,,
Roscommon,Roscommon,GPE,0.42857143,0.85714286,en,1.00000000,,0,,,,,,
Rio Grande Valley,Rio Grande Valley,GPE,0.15000000,0.45000000,en,1.00000000,,0,,,,,,
Binance,Binance,GPE,0.00000000,0.10000000,en,1.00000000,,0,,,,,,
Beaverton,Beaverton,GPE,0.35000000,0.15625000,en,1.00000000,,0,,,,,,
Cambridgeshire,Cambridgeshire,GPE,-0.19166667,0.36666667,en,1.00000000,,0,,,,,,
Outback Qld,Outback Qld,GPE,0.00000000,0.00000000,en,1.00000000,,0,,,,,,
El Niño,El Niño,GPE,0.00000000,1.00000000,en,1.00000000,,0,,,,,,
North Carolina’s,North Carolina’s,GPE,0.45378788,0.90984848,en,1.00000000,,0,,,,,,
Small Island Developing States,Small Island Developing States,LOC,0.08333333,0.40000000,en,1.00000000,,0,,,,,,
Latin America &amp,Latin America &amp,LOC,0.08333333,0.40000000,en,1.00000000,,0,,,,,,
Region,Region,LOC,0.08333333,0.40000000,en,1.00000000,,0,,,,,,
Solukhumbu,Solukhumbu,GPE,0.00000000,0.50000000,en,1.00000000,,0,,,,,,
Thame,Thame,GPE,0.00000000,0.50000000,en,1.00000000,4522614-3,2636066,X,51.74839900,-0.97624000,EUROPE,United Kingdom,NEU
Grande Valley,Grande Valley,LOC,-0.08571429,0.54285714,en,1.00000000,,0,,,,,,
the Rio Grande Valley,the Rio Grande Valley,LOC,-0.68571429,1.34285714,en,1.00000000,,0,,,,,,
Qld,Qld,GPE,0.50000000,0.50000000,en,1.00000000,,0,,,,,,
Coachella Valley,Coachella Valley,LOC,0.10000000,1.25000000,en,1.00000000,,0,,,,,,
coachella valley,coachella valley,LOC,0.40000000,2.70000000,en,1.00000000,,0,,,,,,
Mount Robson Provincial Park,Mount Robson Provincial Park,GPE,0.00000000,0.10000000,en,1.00000000,,0,,,,,,
Andalusia,Andalusia,GPE,-0.21500000,0.46000000,en,1.00000000,,0,,,,,,
Alps,Alps,LOC,-0.67777778,2.31666667,en,1.00000000,,0,,,,,,
LISMORE,LISMORE,GPE,0.07708333,0.62708333,en,1.00000000,,0,,,,,,
Plaquemines,Plaquemines,GPE,0.00000000,0.00000000,en,1.00000000,,0,,,,,,
Arkansas,Arkansas,GPE,1.91312500,8.74916667,en,1.00000000,4079828-8,4099753,X,34.75036900,-92.50043900,NORTH-AMERICA,United States,CNA
Los Angeles Tornado,Los Angeles Tornado,GPE,-0.15000000,0.56000000,en,1.00000000,,0,,,,,,
The West Coast,The West Coast,LOC,-0.13333333,1.20000000,en,1.00000000,,0,,,,,,
Rancho Palos Verdes,Rancho Palos Verdes,GPE,0.00000000,0.00000000,en,1.00000000,,0,,,,,,
North Atlantic,North Atlantic,LOC,0.33125000,0.70000000,en,1.00000000,,0,,,,,,
Selling Sunset,Selling Sunset,LOC,0.00000000,0.06666667,en,1.00000000,,0,,,,,,
EUROPE,EUROPE,LOC,-0.20000000,0.60000000,en,1.00000000,,0,,,,,,
BEAUFORT,BEAUFORT,GPE,0.35000000,0.55000000,en,1.00000000,,0,,,,,,
the Old Continent,the Old Continent,LOC,0.31136364,0.59954545,en,1.00000000,,0,,,,,,
Nhill,Nhill,GPE,0.18750000,0.47500000,en,1.00000000,4620756-9,2155370,X,-36.33332900,141.65005900,OCEANIA,Australia,SAU
FRANCE,FRANCE,GPE,-0.37500000,1.00000000,en,1.00000000,,0,,,,,,
Louisiana,Louisiana,GPE,-0.03583153,3.88409993,en,1.00000000,4036394-6,4331987,X,31.69999900,-92.99999900,NORTH-AMERICA,United States,CNA
the Mississippi River,the Mississippi River,LOC,-0.33750000,1.20000000,en,1.00000000,,0,,,,,,
Southwest California,Southwest California,LOC,-0.20000000,0.50000000,en,1.00000000,,0,,,,,,
the Great Plains,the Great Plains,LOC,0.37500000,0.58750000,en,1.00000000,,0,,,,,,
Southern,Southern,LOC,0.04805195,0.36493506,en,1.00000000,,0,,,,,,
the NSW Northern Rivers,the NSW Northern Rivers,LOC,0.00000000,0.00000000,en,1.00000000,,0,,,,,,
Lawrence,Lawrence,GPE,-0.20833333,0.53333333,en,1.00000000,,0,,,,,,
Argentinas,Argentinas,GPE,-0.35000000,0.63750000,en,1.00000000,,0,,,,,,
Logan,Logan,GPE,0.00000000,0.00000000,en,1.00000000,,0,,,,,,
the Lockyer Valley,the Lockyer Valley,LOC,-0.20000000,0.50000000,en,1.00000000,,0,,,,,,
Lockyer Valley,Lockyer Valley,LOC,0.08625000,0.72833333,en,1.00000000,,0,,,,,,
Northern New South Wales,Northern New South Wales,LOC,-0.23181818,0.67727273,en,1.00000000,,0,,,,,,
South East Queensland,South East Queensland,LOC,-0.23181818,0.67727273,en,1.00000000,,0,,,,,,
QLD,QLD,GPE,0.00000000,0.00000000,en,1.00000000,,0,,,,,,
the Sunshine Coast,the Sunshine Coast,LOC,0.05000000,1.30000000,en,1.00000000,,0,,,,,,
Murwillumbah,Murwillumbah,GPE,0.10000000,0.40000000,en,1.00000000,,0,,,,,,
the Tweed River,the Tweed River,LOC,0.10000000,0.40000000,en,1.00000000,,0,,,,,,
Illinois,Illinois,GPE,-0.20000000,1.43333333,en,1.00000000,4109206-5,4896861,X,40.20000000,-89.25037000,NORTH-AMERICA,United States,ENA
WA,WA,GPE,0.00000000,0.00000000,en,1.00000000,,0,,,,,,
District,District,LOC,0.00000000,0.00000000,en,1.00000000,,0,,,,,,
Fraser Island,Fraser Island,GPE,-0.30833333,0.64166667,en,1.00000000,,0,,,,,,
VALENCIA,VALENCIA,GPE,-0.21666667,1.09444444,en,1.00000000,,0,,,,,,
Ontario,Ontario,GPE,1.07916667,2.71805556,en,1.00000000,4102089-3,6093943,X,49.25014000,-84.49983000,NORTH-AMERICA,Canada,ENA
MISSISSAUGA,MISSISSAUGA,GPE,0.12500000,0.16666667,en,1.00000000,,0,,,,,,
the Mount Everest,the Mount Everest,LOC,0.00000000,0.00000000,en,1.00000000,,0,,,,,,
ABUJA,ABUJA,GPE,-0.38500000,4.55750000,en,1.00000000,,0,,,,,,
Drummondville,Drummondville,GPE,0.14000000,0.18000000,en,1.00000000,4085496-6,5942845,X,45.88336000,-72.48241000,NORTH-AMERICA,Canada,ENA
Quebec,Quebec,GPE,0.14000000,0.18000000,en,1.00000000,,0,,,,,,
MADRID,MADRID,GPE,-0.23703704,0.52592593,en,1.00000000,,0,,,,,,
Lane County,Lane County,GPE,0.00000000,0.00000000,en,1.00000000,,0,,,,,,
Plantersville,Plantersville,GPE,0.13636364,0.45454545,en,1.00000000,,0,,,,,,
Fraser Island Retreat,Fraser Island Retreat,GPE,-0.07500000,0.27500000,en,1.00000000,,0,,,,,,
K'gari,K'gari,GPE,-0.07500000,0.27500000,en,1.00000000,,0,,,,,,
Easter,Easter,GPE,-0.23333333,0.36666667,en,1.00000000,,0,,,,,,
Laidley,Laidley,GPE,0.00000000,0.00000000,en,1.00000000,,0,,,,,,
Albany,Albany,GPE,-0.05625000,0.86875000,en,1.00000000,,0,,,,,,
Huaraz,Huaraz,GPE,0.25000000,0.71666667,en,1.00000000,4350438-3,3696378,X,-9.52778900,-77.52778000,SOUTH-AMERICA,Peru,NWS
Blanca,Blanca,LOC,0.25000000,0.71666667,en,1.00000000,,0,,,,,,
Cordillera,Cordillera,GPE,0.25000000,0.71666667,en,1.00000000,,0,,,,,,
Andes,Andes,LOC,0.25000000,0.71666667,en,1.00000000,,0,,,,,,
Peru,Peru,GPE,0.50000000,1.43333333,en,1.00000000,4045312-1,3932488,X,-10.00000000,-76.00000000,SOUTH-AMERICA,Peru,NWS
ROME,ROME,GPE,-0.00833333,0.23333333,en,1.00000000,,0,,,,,,
Emilia-Romagna,Emilia-Romagna,GPE,-0.01666667,0.46666667,en,1.00000000,4014571-2,3177401,X,44.75000000,11.00000000,EUROPE-AFRICA,Italy,MED
Riverside County,Riverside County,GPE,0.00000000,0.00000000,en,1.00000000,,0,,,,,,
Pico Rivera,Pico Rivera,GPE,0.07222222,0.59444444,en,1.00000000,,0,,,,,,
Tuscany,Tuscany,GPE,-0.01666667,0.71666667,en,1.00000000,4060485-8,3165361,X,43.41667000,11.00000000,EUROPE-AFRICA,Italy,MED
Italy,Italy,GPE,-0.10000000,0.90000000,en,1.00000000,,0,,,,,,
Pisa,Pisa,GPE,-0.20000000,0.50000000,en,1.00000000,4046151-8,3170647,X,43.71553000,10.39658900,EUROPE-AFRICA,Italy,MED
Florence,Florence,GPE,-0.10000000,0.90000000,en,1.00000000,,0,,,,,,
Berau District,Berau District,LOC,0.00000000,0.50000000,en,1.00000000,,0,,,,,,
Kalimantan,Kalimantan,GPE,0.00000000,0.50000000,en,1.00000000,,0,,,,,,
South Korea,South Korea,GPE,-1.10424242,3.30018398,en,1.00000000,4078029-6,1835841,X,37.00000000,127.50000000,ASIA,South Korea,EAS
the Democratic Republic of Co,the Democratic Republic of Co,GPE,0.50000000,0.50000000,en,1.00000000,,0,,,,,,
Adelaide,Adelaide,GPE,0.00000000,0.00000000,en,1.00000000,4079623-1,2078025,X,-34.92866000,138.59863000,OCEANIA,Australia,SAU
South Australia,South Australia,LOC,-0.11010101,0.40707071,en,1.00000000,,0,,,,,,
the National Oceanic,the National Oceanic,LOC,-0.21250000,0.50000000,en,1.00000000,,0,,,,,,
Ghana,Ghana,GPE,0.00000000,0.00000000,en,1.00000000,4020949-0,2300660,X,8.09999900,-1.19999900,AFRICA,Ghana,WAF
Bullitt County,Bullitt County,GPE,0.00000000,0.00000000,en,1.00000000,,0,,,,,,
LEBANON JUNCTION,LEBANON JUNCTION,GPE,0.00000000,0.00000000,en,1.00000000,,0,,,,,,
Lebanon,Lebanon,GPE,0.00000000,0.50000000,en,1.00000000,,0,,,,,,
Somalia,Somalia,GPE,-0.70000000,1.98333333,en,1.00000000,4077509-4,51537,X,6.00000000,48.00000000,AFRICA,Somalia,NEAF
Ethiopia,Ethiopia,GPE,0.56818182,0.75000000,en,1.00000000,4000639-6,337996,X,8.00000000,38.00000000,AFRICA,Ethiopia,NEAF
Bayou La Batre,Bayou La Batre,LOC,0.10000000,0.73333333,en,1.00000000,,0,,,,,,
Tiny Gulf Town,Tiny Gulf Town,LOC,0.00000000,0.30000000,en,1.00000000,,0,,,,,,
the Democratic Republic of Congo,the Democratic Republic of Congo,GPE,-0.23571429,2.21726190,en,1.00000000,,0,,,,,,
Democratic Republic of Congo,Democratic Republic of Congo,GPE,-0.30000000,0.40000000,en,1.00000000,,0,,,,,,
the Democratic Republic of Congo's,the Democratic Republic of Congo's,GPE,0.50000000,0.50000000,en,1.00000000,,0,,,,,,
The Ohio River,The Ohio River,LOC,-1.00000000,1.00000000,en,1.00000000,,0,,,,,,
the Ohio River,the Ohio River,LOC,-0.60000000,0.60000000,en,1.00000000,,0,,,,,,
the Paroo River,the Paroo River,LOC,0.00000000,0.00000000,en,1.00000000,,0,,,,,,
Southern US,Southern US,LOC,-0.02619048,0.25714286,en,1.00000000,,0,,,,,,
Kentuck,Kentuck,GPE,-0.07916667,0.36666667,en,1.00000000,,0,,,,,,
Mississippi river,Mississippi river,LOC,-0.46666667,1.13333333,en,1.00000000,,0,,,,,,
Ohio River,Ohio River,LOC,0.00000000,0.00000000,en,1.00000000,,0,,,,,,
the Mississippi River Valley,the Mississippi River Valley,LOC,-0.25000000,0.40000000,en,1.00000000,,0,,,,,,
MONTEREY,MONTEREY,GPE,-0.25000000,0.40000000,en,1.00000000,,0,,,,,,
Frankfort,Frankfort,GPE,0.38750000,1.50000000,en,1.00000000,,0,,,,,,
The Kentucky River,The Kentucky River,LOC,0.00000000,0.00000000,en,1.00000000,,0,,,,,,
San Jacinto,San Jacinto,GPE,-0.10000000,0.28333333,en,1.00000000,,0,,,,,,
Glendale,Glendale,GPE,-0.35625000,1.93333333,en,1.00000000,1278468358,4882164,X,41.58888800,-91.01694400,NORTH-AMERICA,United States,CNA
the Democratic Republic of the Congo,the Democratic Republic of the Congo,GPE,-0.08437500,0.60000000,en,1.00000000,,0,,,,,,
Tennessee Valley,Tennessee Valley,LOC,-0.08787879,0.41818182,en,1.00000000,,0,,,,,,
the Middle of America,the Middle of America,LOC,-0.06250000,0.50000000,en,1.00000000,,0,,,,,,
New … Rescue,New … Rescue,GPE,0.10909091,0.66363636,en,1.00000000,,0,,,,,,
South Sulawesi Province,South Sulawesi Province,GPE,-0.20000000,0.33333333,en,1.00000000,,0,,,,,,
River,River,LOC,0.18831169,0.38961039,en,1.00000000,,0,,,,,,
Semisonic,Semisonic,GPE,0.27878788,0.43484848,en,1.00000000,,0,,,,,,
Meath,Meath,GPE,-0.10000000,0.25000000,en,1.00000000,,0,,,,,,
Louth,Louth,GPE,-0.10000000,0.25000000,en,1.00000000,,0,,,,,,
BRUSSELS,BRUSSELS,GPE,0.58333333,0.96111111,en,1.00000000,,0,,,,,,
James Bay Coast,James Bay Coast,LOC,0.50000000,0.66666667,en,1.00000000,,0,,,,,,
the Lagos Island,the Lagos Island,LOC,0.60000000,0.80000000,en,1.00000000,,0,,,,,,
Delta,Delta,LOC,0.50000000,1.00000000,en,1.00000000,,0,,,,,,
Chinas,Chinas,GPE,1.25166667,2.94333333,en,1.00000000,,0,,,,,,
landsli,landsli,GPE,-0.06250000,0.70833333,en,1.00000000,,0,,,,,,
DRC,DRC,GPE,0.00000000,0.14583333,en,1.00000000,,0,,,,,,
ACI Africa,ACI Africa,GPE,0.00000000,0.14583333,en,1.00000000,,0,,,,,,
Kakamega,Kakamega,GPE,0.00000000,0.00000000,en,1.00000000,4317531-4,195272,X,0.28422000,34.75227900,AFRICA,Kenya,SEAF
Luwu District,Luwu District,GPE,-0.20000000,0.33333333,en,1.00000000,,0,,,,,,
Tailfin,Tailfin,GPE,0.60101010,0.91540404,en,1.00000000,,0,,,,,,
S Sulawesi's,S Sulawesi's,LOC,-0.20000000,0.50000000,en,1.00000000,,0,,,,,,
Delaware,Delaware,GPE,0.29090909,1.61136364,en,1.00000000,4085407-3,4142224,X,39.90000000,-75.49992000,NORTH-AMERICA,United States,ENA
Shah Alam,Shah Alam,LOC,0.00000000,0.10000000,en,1.00000000,,0,,,,,,
Subang Jaya,Subang Jaya,GPE,0.00000000,0.00000000,en,1.00000000,,0,,,,,,
Berhad,Berhad,GPE,0.67500000,0.42500000,en,1.00000000,,0,,,,,,
Hulu Langat,Hulu Langat,GPE,0.00000000,0.00000000,en,1.00000000,,0,,,,,,
Klang,Klang,GPE,0.00000000,0.00000000,en,1.00000000,,0,,,,,,
Petaling,Petaling,GPE,0.00000000,0.00000000,en,1.00000000,,0,,,,,,
Abuja,Abuja,GPE,1.45000000,1.63333333,en,1.00000000,,0,,,,,,
Puchong,Puchong,GPE,0.00000000,0.00000000,en,1.00000000,,0,,,,,,
Selangor,Selangor,LOC,-0.35333333,1.68833333,en,1.00000000,4461681-8,1733037,X,3.16666900,101.50000000,ASIA,Malaysia,SEA
States,States,GPE,-0.06666667,0.43333333,en,1.00000000,,0,,,,,,
Salsa,Salsa,GPE,0.30934343,0.37373737,en,1.00000000,,0,,,,,,
Mississippi River Valley,Mississippi River Valley,LOC,0.00000000,0.45000000,en,1.00000000,,0,,,,,,
Miss,Miss,GPE,-0.11428571,0.11428571,en,1.00000000,,0,,,,,,
UNITED STATES,UNITED STATES,GPE,-1.02857143,1.08571429,en,1.00000000,,0,,,,,,
Indianapolis,Indianapolis,GPE,0.00000000,0.45000000,en,1.00000000,,0,,,,,,
East Tennessee,East Tennessee,GPE,-0.40000000,0.88333333,en,1.00000000,,0,,,,,,
South Australia's,South Australia's,GPE,-0.75000000,1.45000000,en,1.00000000,,0,,,,,,
SA,SA,LOC,0.01250000,1.07083333,en,1.00000000,,0,,,,,,
Southern U.S.,Southern U.S.,LOC,0.17785714,0.44071429,en,1.00000000,,0,,,,,,
an Atmospheric River,an Atmospheric River,LOC,0.00000000,0.00000000,en,1.00000000,,0,,,,,,
northeast Arkansas,northeast Arkansas,GPE,0.03333333,0.13333333,en,1.00000000,,0,,,,,,
west Tennessee,west Tennessee,GPE,0.03333333,0.13333333,en,1.00000000,,0,,,,,,
Oklahoma,Oklahoma,GPE,-1.65103175,14.07467893,en,1.00000000,4102053-4,4544379,X,35.49208900,-97.50328000,NORTH-AMERICA,United States,CNA
The North Island,The North Island,LOC,0.21161616,0.51464646,en,1.00000000,,0,,,,,,
Marlborough,Marlborough,GPE,0.09242424,0.67196970,en,1.00000000,7588388-0,2643010,X,51.42061900,-1.72751000,EUROPE,United Kingdom,NEU
Lake City,Lake City,GPE,0.50000000,0.50000000,en,1.00000000,,0,,,,,,
The National Oceanic,The National Oceanic,LOC,0.32500000,0.80666667,en,1.00000000,,0,,,,,,
Kampung Pengkalan Bukit,Kampung Pengkalan Bukit,GPE,0.15000000,0.37500000,en,1.00000000,,0,,,,,,
the Gulf of,the Gulf of,LOC,0.00000000,0.00000000,en,1.00000000,,0,,,,,,
LITTLE ROCK,LITTLE ROCK,GPE,-0.18750000,0.50000000,en,1.00000000,,0,,,,,,
Paros island,Paros island,LOC,0.17500000,1.37500000,en,1.00000000,,0,,,,,,
multiday,multiday,GPE,0.00000000,0.00000000,en,1.00000000,,0,,,,,,
the Ohio Valley,the Ohio Valley,LOC,0.06875000,1.79791667,en,1.00000000,,0,,,,,,
the Central Plains,the Central Plains,LOC,-0.08125000,1.29791667,en,1.00000000,,0,,,,,,
Outback,Outback,GPE,0.33750000,0.56250000,en,1.00000000,,0,,,,,,
Aegean Sea,Aegean Sea,LOC,-0.03333333,0.60555556,en,1.00000000,,0,,,,,,
Cyclades,Cyclades,GPE,-0.03333333,0.60555556,en,1.00000000,,0,,,,,,
Crete,Crete,GPE,0.00000000,0.00000000,en,1.00000000,,0,,,,,,
Paros,Paros,GPE,-0.20000000,0.50000000,en,1.00000000,,0,,,,,,
the North Island,the North Island,LOC,-0.26565657,1.02929293,en,1.00000000,,0,,,,,,
the South Island,the South Island,LOC,0.20116162,1.36479798,en,1.00000000,,0,,,,,,
South Island,South Island,LOC,0.02102273,0.68465909,en,1.00000000,,0,,,,,,
KY,KY,GPE,-0.25000000,1.00000000,en,1.00000000,,0,,,,,,
Nashville,Nashville,GPE,-0.15000000,3.25000000,en,1.00000000,,0,,,,,,
Middle Tennessee,Middle Tennessee,GPE,-0.03000000,0.46000000,en,1.00000000,,0,,,,,,
US South,US South,LOC,-0.45000000,0.80000000,en,1.00000000,,0,,,,,,
Northland,Northland,GPE,0.24621212,2.13181818,en,1.00000000,,0,,,,,,
Kinshasa,Kinshasa,GPE,-0.40000000,1.03333333,en,1.00000000,4030682-3,2314302,X,-4.32141900,15.30807000,AFRICA,Democratic Republic of the Congo,CAF
the Democratic Republic of,the Democratic Republic of,GPE,-0.30083333,0.78000000,en,1.00000000,,0,,,,,,
Ndjili River,Ndjili River,LOC,-0.06666667,0.52222222,en,1.00000000,,0,,,,,,
Democratic Republic of Congo's,Democratic Republic of Congo's,GPE,0.45000000,1.55000000,en,1.00000000,,0,,,,,,
Congo,Congo,GPE,-3.32123016,6.90753968,en,1.00000000,,0,,,,,,
CENTRAL ARKANSAS,CENTRAL ARKANSAS,GPE,0.00000000,0.25000000,en,1.00000000,,0,,,,,,
Central Arkansas,Central Arkansas,LOC,0.00000000,0.25000000,en,1.00000000,,0,,,,,,
Southwest Ohio,Southwest Ohio,LOC,0.01666667,0.41666667,en,1.00000000,,0,,,,,,
Northern Kentucky,Northern Kentucky,LOC,0.01666667,0.41666667,en,1.00000000,,0,,,,,,
NKY,NKY,GPE,0.33000000,0.52000000,en,1.00000000,,0,,,,,,
Greater Cincinnati,Greater Cincinnati,GPE,0.34666667,0.93666667,en,1.00000000,,0,,,,,,
U.S. South,U.S. South,GPE,-0.51357143,2.24202381,en,1.00000000,,0,,,,,,
Getty,Getty,GPE,0.00000000,0.00000000,en,1.00000000,,0,,,,,,
Paducah,Paducah,GPE,0.00000000,0.00000000,en,1.00000000,,0,,,,,,
ARKANSAS,ARKANSAS,GPE,-0.43333333,0.46666667,en,1.00000000,,0,,,,,,
FRANKFORT,FRANKFORT,GPE,-0.74511905,4.67911376,en,1.00000000,,0,,,,,,
Americ,Americ,GPE,0.00000000,0.00000000,en,1.00000000,,0,,,,,,
Brussels,Brussels,GPE,-0.70000000,0.20000000,en,1.00000000,4008460-7,2800866,X,50.85027700,4.34861100,EUROPE,Belgium,WCE
Paris,Paris,GPE,0.00250000,0.98000000,en,1.00000000,4044660-8,2988507,X,48.85340900,2.34880000,EUROPE,France,WCE
DYERSBURG,DYERSBURG,GPE,-0.20000000,0.45000000,en,1.00000000,,0,,,,,,
Hopkinsville,Hopkinsville,GPE,-0.20000000,0.50000000,en,1.00000000,,0,,,,,,
Atmospheric River Flooding,Atmospheric River Flooding,LOC,0.00000000,0.00000000,en,1.00000000,,0,,,,,,
Thargom,Thargom,GPE,0.00000000,0.00000000,en,1.00000000,,0,,,,,,
Gulf of Mexico,Gulf of Mexico,LOC,-0.40000000,0.60000000,en,1.00000000,,0,,,,,,
Ark.,Ark.,GPE,-0.31750000,0.71000000,en,1.00000000,,0,,,,,,
LAKE CITY,LAKE CITY,GPE,0.00000000,0.00000000,en,1.00000000,,0,,,,,,
Merthyr,Merthyr,LOC,0.02500000,0.42500000,en,1.00000000,,0,,,,,,
Keningau,Keningau,GPE,-0.44166667,1.90000000,en,1.00000000,,0,,,,,,
Tenom,Tenom,GPE,-0.05000000,1.28333333,en,1.00000000,7671517-6,1733885,X,5.13332900,115.95000000,ASIA,Malaysia,SEA
Port City,Port City,GPE,-0.50000000,0.70000000,en,1.00000000,,0,,,,,,
North Qld,North Qld,GPE,0.00000000,0.00000000,en,1.00000000,,0,,,,,,
Pacific Coast,Pacific Coast,LOC,-0.11875000,0.55000000,en,1.00000000,,0,,,,,,
Northeast Australia,Northeast Australia,LOC,0.00000000,0.00000000,en,1.00000000,,0,,,,,,
NEW ORLEANS,NEW ORLEANS,GPE,0.16717172,0.42992424,en,1.00000000,,0,,,,,,
"South Lanarkshire
","South Lanarkshire
",GPE,0.11111111,0.22222222,en,1.00000000,,0,,,,,,
South Lanarkshire,South Lanarkshire,GPE,0.00000000,0.00000000,en,1.00000000,,0,,,,,,
Glasgow,Glasgow,GPE,0.00000000,0.00000000,en,1.00000000,4021159-9,2648579,X,55.86514900,-4.25762900,EUROPE,United Kingdom,NEU
Australias,Australias,GPE,-0.19696970,1.25454545,en,1.00000000,,0,,,,,,
Monsoon,Monsoon,GPE,0.03636364,0.50454545,en,1.00000000,,0,,,,,,
New Zealand,New Zealand,GPE,2.08202381,11.81988095,en,1.00000000,,0,,,,,,
WELLINGTON,WELLINGTON,GPE,-0.03181818,0.27727273,en,1.00000000,,0,,,,,,
the Green River,the Green River,LOC,-0.10000000,0.50000000,en,1.00000000,,0,,,,,,
SIBU,SIBU,GPE,0.25555556,0.92277778,en,1.00000000,,0,,,,,,
Sibu,Sibu,GPE,0.16944444,1.07555556,en,1.00000000,7653332-3,1735902,X,2.29999900,111.81667000,ASIA,Malaysia,SEA
JERUSALEM,JERUSALEM,GPE,0.00000000,0.00000000,en,1.00000000,,0,,,,,,
SAN FRANCISCO,SAN FRANCISCO,GPE,-0.28125000,0.61041667,en,1.00000000,,0,,,,,,
Nanga Penyarai,Nanga Penyarai,LOC,0.00000000,0.00000000,en,1.00000000,,0,,,,,,
Sydney,Sydney,GPE,0.61988636,8.96748737,en,1.00000000,4058708-3,2147714,X,-33.86784900,151.20732000,OCEANIA,,EAU
North Queensland,North Queensland,GPE,0.71875000,3.59375000,en,1.00000000,,0,,,,,,
Ingham,Ingham,GPE,-0.05000000,0.82500000,en,1.00000000,,0,,,,,,
Cairns,Cairns,GPE,0.22142857,0.84285714,en,1.00000000,4376462-9,2172797,X,-16.92304000,145.76625000,OCEANIA,Australia,NAU
Townsville,Townsville,GPE,0.19920635,2.76507937,en,1.00000000,,0,,,,,,
north Queensland,north Queensland,GPE,0.03437500,1.92708333,en,1.00000000,,0,,,,,,
SYDNEY,SYDNEY,GPE,0.68162879,6.53390152,en,1.00000000,,0,,,,,,
Philly,Philly,LOC,0.00000000,0.30000000,en,1.00000000,,0,,,,,,
Maryland,Maryland,GPE,0.01210317,18.04452381,en,1.00000000,4037776-3,4361885,X,39.90000000,-76.74997000,NORTH-AMERICA,United States,ENA
Bethesda,Bethesda,GPE,-0.04000000,0.25000000,en,1.00000000,,0,,,,,,
Innisfail,Innisfail,LOC,0.20000000,1.00000000,en,1.00000000,,0,,,,,,
Éowyn,Éowyn,GPE,0.00000000,0.00000000,en,1.00000000,,0,,,,,,
Pacific Coast Highway,Pacific Coast Highway,LOC,-0.50625000,1.09875000,en,1.00000000,,0,,,,,,
Russian River,Russian River,LOC,-0.03333333,0.13333333,en,1.00000000,,0,,,,,,
Chinatown,Chinatown,GPE,0.07638889,0.44444444,en,1.00000000,,0,,,,,,
Cardwell,Cardwell,GPE,0.04166667,1.12708333,en,1.00000000,,0,,,,,,
Santa Barbara,Santa Barbara,GPE,-0.09930556,0.36597222,en,1.00000000,,0,,,,,,
The Bay Area,The Bay Area,LOC,0.00000000,0.00000000,en,1.00000000,,0,,,,,,
WAYNESVILLE,WAYNESVILLE,GPE,0.00000000,0.00000000,en,1.00000000,,0,,,,,,
consu,consu,GPE,0.40277778,0.68055556,en,1.00000000,,0,,,,,,
Sarajevo,Sarajevo,GPE,-0.40555556,0.53333333,en,1.00000000,4077016-3,3191281,X,43.84864000,18.35643900,EUROPE-AFRICA,Bosnia and Herzegovina,MED
SARAJEVO,SARAJEVO,GPE,-0.40555556,0.53333333,en,1.00000000,,0,,,,,,
WV,WV,GPE,0.00000000,0.00000000,en,1.00000000,,0,,,,,,
Love,Love,GPE,0.40000000,0.60000000,en,1.00000000,,0,,,,,,
the Milky W,the Milky W,LOC,0.40000000,0.63333333,en,1.00000000,,0,,,,,,
Moon,Moon,GPE,0.01964286,1.04285714,en,1.00000000,,0,,,,,,
W.Va.,W.Va.,GPE,-0.00181818,0.86393939,en,1.00000000,,0,,,,,,
CHARLESTON,CHARLESTON,GPE,-0.15000000,0.36666667,en,1.00000000,,0,,,,,,
Brittany,Brittany,GPE,0.00000000,0.00000000,en,1.00000000,,0,,,,,,
N.C.,N.C.,GPE,0.87909812,6.22579004,en,1.00000000,,0,,,,,,
Atmospheric River Rain,Atmospheric River Rain,LOC,-0.03333333,0.13333333,en,1.00000000,,0,,,,,,
RALEIGH,RALEIGH,GPE,0.29262626,1.69032828,en,1.00000000,,0,,,,,,
the Sacramento River,the Sacramento River,LOC,-0.06666667,0.26666667,en,1.00000000,,0,,,,,,
TEHAMA COUNTY,TEHAMA COUNTY,GPE,0.00000000,0.00000000,en,1.00000000,,0,,,,,,
Tehama County,Tehama County,GPE,-0.25000000,0.75000000,en,1.00000000,,0,,,,,,
Putatan,Putatan,GPE,0.32500000,0.85000000,en,1.00000000,,0,,,,,,
Penampang,Penampang,GPE,0.32500000,0.85000000,en,1.00000000,,0,,,,,,
Borno State,Borno State,GPE,0.00000000,0.00000000,en,1.00000000,4447904-9,2346795,X,8.59999900,12.41666900,AFRICA,Nigeria,CAF
the Alau Dam,the Alau Dam,LOC,0.00000000,0.00000000,en,1.00000000,,0,,,,,,
CHP,CHP,GPE,-0.10000000,0.10000000,en,1.00000000,,0,,,,,,
Marin County,Marin County,GPE,-0.15000000,0.15000000,en,1.00000000,,0,,,,,,
Mendocino County,Mendocino County,GPE,-0.03333333,0.23333333,en,1.00000000,,0,,,,,,
Hopland,Hopland,GPE,-0.03333333,0.23333333,en,1.00000000,,0,,,,,,
the Russian River,the Russian River,LOC,-0.11666667,0.46666667,en,1.00000000,,0,,,,,,
Clarksville,Clarksville,GPE,1.00000000,2.38333333,en,1.00000000,,0,,,,,,
Bakun,Bakun,GPE,0.00000000,0.00000000,en,1.00000000,,0,,,,,,
Selangau,Selangau,GPE,0.00000000,0.00000000,en,1.00000000,,0,,,,,,
Tennessee,Tennessee,GPE,-2.98252345,19.85227633,en,1.00000000,4119557-7,4662168,X,35.75034900,-86.25027000,NORTH-AMERICA,United States,ENA
Indonesias,Indonesias,GPE,0.15555556,0.29444444,en,1.00000000,,0,,,,,,
JAKARTA,JAKARTA,GPE,0.46666667,0.88333333,en,1.00000000,,0,,,,,,
Carolina,Carolina,GPE,0.03333333,0.60000000,en,1.00000000,,0,,,,,,
Java island,Java island,LOC,-0.65000000,0.95000000,en,1.00000000,,0,,,,,,
Pilbara,Pilbara,GPE,-0.52500000,1.08333333,en,1.00000000,,0,,,,,,
Saratok district,Saratok district,LOC,-0.01250000,0.83750000,en,1.00000000,,0,,,,,,
KUCHING,KUCHING,GPE,-0.10833333,1.39166667,en,1.00000000,,0,,,,,,
Central America,Central America,LOC,-0.08518519,0.21296296,en,1.00000000,,0,,,,,,
Cleveland,Cleveland,GPE,0.03333333,0.21666667,en,1.00000000,,0,,,,,,
Las Vegas,Las Vegas,GPE,-0.24000000,0.94000000,en,1.00000000,,0,,,,,,
Kure City,Kure City,GPE,0.00000000,0.18750000,en,1.00000000,,0,,,,,,
Western Japan,Western Japan,LOC,0.00000000,0.18750000,en,1.00000000,,0,,,,,,
Greater Manchester,Greater Manchester,GPE,0.00834879,0.42068646,en,1.00000000,,0,,,,,,
France,France,GPE,-1.25236111,6.94430556,en,1.00000000,,0,,,,,,
Serian,Serian,GPE,0.00000000,0.00000000,en,1.00000000,,0,,,,,,
Madagascar,Madagascar,GPE,-0.15000000,0.25000000,en,1.00000000,4074425-5,1062947,X,-20.00000000,47.00000000,AFRICA,Madagascar,MDG
Mayotte,Mayotte,GPE,0.00000000,0.00000000,en,1.00000000,4115054-5,1024031,X,-12.83333000,45.16667000,AFRICA,Mayotte,MDG
SINGAPORE,SINGAPORE,GPE,-0.35500000,1.39666667,en,1.00000000,,0,,,,,,
Singapore,Singapore,GPE,-0.27424242,2.46363636,en,1.00000000,4055089-8,1880251,X,1.36667000,103.79999900,ASIA,Singapore,SEA
Changi,Changi,GPE,0.11666667,0.55000000,en,1.00000000,,0,,,,,,
the Pasor Percuma Ganu Kite,the Pasor Percuma Ganu Kite,LOC,0.01666667,0.40555556,en,1.00000000,,0,,,,,,
Hydroclimate,Hydroclimate,LOC,0.00000000,0.00000000,en,1.00000000,,0,,,,,,
Saudi Arabia,Saudi Arabia,GPE,0.60000000,1.40000000,en,1.00000000,4051788-3,102358,X,25.00000000,45.00000000,ASIA,Saudi Arabia,ARP
Mecca,Mecca,GPE,0.60000000,1.40000000,en,1.00000000,4038514-0,104515,X,21.42638800,39.82555500,ASIA,Saudi Arabia,ARP
Engla,Engla,GPE,0.50000000,0.50000000,en,1.00000000,,0,,,,,,
Midlands,Midlands,GPE,1.16000000,1.54000000,en,1.00000000,,0,,,,,,
U.K.,U.K.,GPE,0.17456710,2.66720779,en,1.00000000,,0,,,,,,
LONDON,LONDON,GPE,-0.41666667,0.68333333,en,1.00000000,,0,,,,,,
Chollas Creek,Chollas Creek,GPE,-0.40000000,1.00000000,en,1.00000000,,0,,,,,,
INDONESIA,INDONESIA,GPE,0.31111111,0.58888889,en,1.00000000,,0,,,,,,
Indonesias Central Java province,Indonesias Central Java province,LOC,0.00000000,0.25000000,en,1.00000000,,0,,,,,,
WASHINGTON,WASHINGTON,GPE,-0.78531746,4.45357143,en,1.00000000,,0,,,,,,
Queenslands coast,Queenslands coast,LOC,-0.10000000,0.67500000,en,1.00000000,,0,,,,,,
New Delhi,New Delhi,GPE,0.22689394,2.88825758,en,1.00000000,4011371-1,1273294,X,28.65381000,77.22897000,ASIA,India,SAS
North Attleboro,North Attleboro,GPE,0.10000000,0.40000000,en,1.00000000,,0,,,,,,
Chicago,Chicago,GPE,0.01111111,4.70000000,en,1.00000000,4009921-0,4887398,X,41.85002900,-87.65004900,NORTH-AMERICA,United States,ENA
Sierra Nevada,Sierra Nevada,LOC,0.43333333,1.10000000,en,1.00000000,,0,,,,,,
the Tule River Tribe,the Tule River Tribe,LOC,0.50000000,0.50000000,en,1.00000000,,0,,,,,,
the Tule River Indian Reservation,the Tule River Indian Reservation,LOC,0.00000000,0.00000000,en,1.00000000,,0,,,,,,
Somerset,Somerset,GPE,0.28125000,0.56250000,en,1.00000000,,0,,,,,,
Plainfield,Plainfield,GPE,0.17045455,2.09318182,en,1.00000000,,0,,,,,,
Vermont,Vermont,GPE,-1.68849206,2.71666667,en,1.00000000,4063093-6,5242283,X,44.40000000,-72.74983000,NORTH-AMERICA,United States,ENA
Coral reef,Coral reef,LOC,0.00000000,0.00000000,en,1.00000000,,0,,,,,,
Puerto Rico,Puerto Rico,GPE,-0.84848485,5.33838384,en,1.00000000,4076429-1,4566966,X,18.24829000,-66.49988900,CENTRAL-AMERICA,Puerto Rico,CAR
Mozambique,Mozambique,GPE,0.31818182,0.47727273,en,1.00000000,,0,,,,,,
Bangladesh,Bangladesh,GPE,0.03484848,3.21893939,en,1.00000000,4130903-0,1210997,X,24.00000000,90.00000000,ASIA,Bangladesh,SAS
UNICEF,UNICEF,GPE,0.13636364,0.50454545,en,1.00000000,,0,,,,,,
Kwara State,Kwara State,GPE,0.54166667,1.12500000,en,1.00000000,,0,,,,,,
Shonga,Shonga,GPE,0.54166667,1.12500000,en,1.00000000,,0,,,,,,
Kwara,Kwara,GPE,0.10000000,0.11666667,en,1.00000000,,0,,,,,,
Mudslides,Mudslides,GPE,0.22500000,0.47500000,en,1.00000000,,0,,,,,,
the Mediterranean Sea,the Mediterranean Sea,LOC,0.06428571,1.00714286,en,1.00000000,,0,,,,,,
Mediterranean Sea,Mediterranean Sea,LOC,-0.03571429,0.60714286,en,1.00000000,,0,,,,,,
Bintulu,Bintulu,GPE,0.64583333,2.79583333,en,1.00000000,,0,,,,,,
Betong,Betong,GPE,0.35000000,0.55000000,en,1.00000000,,0,,,,,,
Scott County's,Scott County's,GPE,0.16000000,0.54000000,en,1.00000000,,0,,,,,,
Scott County,Scott County,GPE,0.00000000,0.00000000,en,1.00000000,,0,,,,,,
This Iowa County Is Ready For Anything,This Iowa County Is Ready For Anything,GPE,0.20000000,0.50000000,en,1.00000000,,0,,,,,,
D.C.,D.C.,GPE,1.56901515,4.19893939,en,1.00000000,,0,,,,,,
Marina Barrage,Marina Barrage,GPE,0.07638889,0.44444444,en,1.00000000,,-1,,,,,,
Kinabatangan,Kinabatangan,GPE,0.71500000,2.01000000,en,1.00000000,,-1,,,,,,
Fraser Coast,Fraser Coast,LOC,-0.20000000,0.50000000,en,1.00000000,,0,,,,,,
PARIS,PARIS,GPE,-0.47500000,1.25000000,en,1.00000000,,-1,,,,,,
east coast,east coast,LOC,4.02083333,5.45416667,en,1.00000000,,-1,,,,,,
Bekasi,Bekasi,GPE,0.66666667,1.00000000,en,1.00000000,,-1,,,,,,
Spains Gran Canaria,Spains Gran Canaria,GPE,0.60000000,1.00000000,en,1.00000000,,-1,,,,,,
New South Wales,New South Wales,GPE,3.37101371,29.75238636,en,1.00000000,,-1,,,,,,
the Ogun River,the Ogun River,LOC,0.00000000,0.00000000,en,1.00000000,,-1,,,,,,
Ogun State,Ogun State,GPE,0.00000000,0.00000000,en,1.00000000,,-1,,,,,,
Kara,Kara,GPE,0.00000000,0.00000000,en,1.00000000,,-1,,,,,,
Isheri,Isheri,GPE,0.00000000,0.00000000,en,1.00000000,,-1,,,,,,
Ogun River,Ogun River,LOC,0.50000000,0.50000000,en,1.00000000,,-1,,,,,,
Minnesota,Minnesota,GPE,0.10000000,0.33333333,en,1.00000000,,-1,,,,,,
Paitan,Paitan,GPE,0.35000000,0.55000000,en,1.00000000,,-1,,,,,,
Olympic Village,Olympic Village,GPE,0.08333333,0.20000000,en,1.00000000,,-1,,,,,,
Vancouver,Vancouver,GPE,0.22777778,0.77222222,en,1.00000000,,-1,,,,,,
Reunion,Reunion,LOC,-0.20000000,0.50000000,en,1.00000000,,-1,,,,,,
Sunshine Coast,Sunshine Coast,LOC,-0.21666667,1.06666667,en,1.00000000,,-1,,,,,,
French Indian Ocean,French Indian Ocean,LOC,0.00000000,0.00000000,en,1.00000000,,-1,,,,,,
Willow Creek,Willow Creek,GPE,0.00000000,0.00000000,en,1.00000000,,-1,,,,,,
Vancouver Island,Vancouver Island,GPE,0.00000000,0.00000000,en,1.00000000,,-1,,,,,,
Riverland,Riverland,LOC,-0.43181818,0.72727273,en,1.00000000,,-1,,,,,,
Pontypridd,Pontypridd,GPE,-0.33333333,0.45000000,en,1.00000000,,-1,,,,,,
the North Fork,the North Fork,LOC,0.00000000,0.00000000,en,1.00000000,,-1,,,,,,
Avalon Peninsula,Avalon Peninsula,LOC,0.20000000,0.20000000,en,1.00000000,,-1,,,,,,
the Burin Peninsula,the Burin Peninsula,LOC,0.20000000,0.20000000,en,1.00000000,,-1,,,,,,
the Kentucky River,the Kentucky River,LOC,-0.58571429,2.35714286,en,1.00000000,,-1,,,,,,
Kentucky River,Kentucky River,LOC,0.30000000,0.50833333,en,1.00000000,,-1,,,,,,
Lancaster city,Lancaster city,GPE,-0.21250000,0.35416667,en,1.00000000,,-1,,,,,,
Appalachia,Appalachia,LOC,0.53693182,2.03977273,en,1.00000000,,-1,,,,,,
BOTSWANA,BOTSWANA,GPE,0.10000000,1.35000000,en,1.00000000,,-1,,,,,,
Australia&#039;s east coast,Australia&#039;s east coast,LOC,0.65416667,1.05416667,en,1.00000000,,-1,,,,,,
Gold Coast,Gold Coast,LOC,0.00000000,0.35000000,en,1.00000000,,-1,,,,,,
Shonga Rice F,Shonga Rice F,GPE,0.29629630,0.49444444,en,1.00000000,,-1,,,,,,
Bahia Blanca,Bahia Blanca,GPE,-0.35785714,7.14630952,en,1.00000000,,-1,,,,,,
Hervey Bay,Hervey Bay,GPE,-1.08541667,2.79166667,en,1.00000000,,0,,,,,,
Grafton,Grafton,GPE,0.00000000,0.00000000,en,1.00000000,,0,,,,,,
Ballina,Ballina,GPE,0.00000000,0.00000000,en,1.00000000,,0,,,,,,
Buenos Aires province,Buenos Aires province,GPE,1.07500000,2.42500000,en,1.00000000,,0,,,,,,
Carolinas,Carolinas,GPE,0.52810606,3.91924242,en,1.00000000,,0,,,,,,
BRISBANE,BRISBANE,GPE,-0.25333333,0.87555556,en,1.00000000,,0,,,,,,
batter east coast,batter east coast,LOC,-0.20000000,0.36666667,en,1.00000000,,0,,,,,,
New South,New South,GPE,0.13636364,0.45454545,en,1.00000000,,-1,,,,,,
Buenos Aires,Buenos Aires,GPE,-0.09500000,0.99500000,en,1.00000000,,-1,,,,,,
Melaka,Melaka,GPE,0.44126984,1.78968254,en,1.00000000,,-1,,,,,,
Bahia,Bahia,GPE,-0.45000000,0.30000000,en,1.00000000,,-1,,,,,,
Chaba,Chaba,GPE,0.02857143,0.34523810,en,1.00000000,,-1,,,,,,
Bahía Blanca,Bahía Blanca,GPE,0.25714286,1.49047619,en,1.00000000,,-1,,,,,,
Sukamahi Dam,Sukamahi Dam,LOC,0.20000000,0.46666667,en,1.00000000,,-1,,,,,,
Gowanus,Gowanus,GPE,0.15000000,0.85625000,en,1.00000000,,-1,,,,,,
Sukamahi,Sukamahi,GPE,0.00000000,0.00000000,en,1.00000000,,-1,,,,,,
Ciawi,Ciawi,GPE,0.00000000,0.00000000,en,1.00000000,,-1,,,,,,
Menucha Junction to Tzukim Junction,Menucha Junction to Tzukim Junction,LOC,-0.14500000,0.27500000,en,1.00000000,,-1,,,,,,
Menucha Junction,Menucha Junction,LOC,-0.14500000,0.27500000,en,1.00000000,,-1,,,,,,
Ein Gedi,Ein Gedi,LOC,-0.29000000,0.55000000,en,1.00000000,,-1,,,,,,
West Java Province,West Java Province,GPE,0.01666667,0.28333333,en,1.00000000,,-1,,,,,,
West Java's,West Java's,GPE,0.00000000,0.00000000,en,1.00000000,,-1,,,,,,
the Northern Rivers,the Northern Rivers,LOC,0.39204545,1.11931818,en,1.00000000,,-1,,,,,,
Northern Rivers,Northern Rivers,LOC,-0.01302083,0.39583333,en,1.00000000,,-1,,,,,,
NSW,NSW,GPE,1.45375000,7.20448413,en,1.00000000,,-1,,,,,,
Lismore,Lismore,GPE,-0.71306818,1.81268939,en,1.00000000,,-1,,,,,,
Irelands,Irelands,GPE,-0.29428571,1.57904762,en,1.00000000,,-1,,,,,,
Ipswich,Ipswich,GPE,-0.33875000,2.02000000,en,1.00000000,,-1,,,,,,
Botswana,Botswana,GPE,-0.45000000,2.37500000,en,1.00000000,,-1,,,,,,
the South West,the South West,LOC,0.16000000,0.60666667,en,1.00000000,,-1,,,,,,
Mid-Wales,Mid-Wales,GPE,0.16000000,0.54000000,en,1.00000000,,-1,,,,,,
Los Angeles',Los Angeles',GPE,0.50000000,0.50000000,en,1.00000000,,-1,,,,,,
the Warren County,the Warren County,GPE,-0.10000000,0.21666667,en,1.00000000,,-1,,,,,,
Ky.,Ky.,GPE,-3.19265873,10.75285714,en,1.00000000,,-1,,,,,,
Eastern US,Eastern US,LOC,0.06250000,0.50000000,en,1.00000000,,-1,,,,,,
Bengaluru,Bengaluru,GPE,0.37121212,3.13181818,en,1.00000000,,-1,,,,,,
Mississippi valley,Mississippi valley,LOC,-0.06666667,0.43333333,en,1.00000000,,-1,,,,,,
Henry County,Henry County,GPE,0.21000000,1.84000000,en,1.00000000,,-1,,,,,,
New England,New England,LOC,0.86005051,5.40007576,en,1.00000000,,-1,,,,,,
the Upper Midwest,the Upper Midwest,LOC,0.09078283,0.44936869,en,1.00000000,,-1,,,,,,
East Bengaluru,East Bengaluru,GPE,0.48194444,1.30833333,en,1.00000000,,-1,,,,,,
San Fernand,San Fernand,GPE,0.00000000,0.00000000,en,1.00000000,,-1,,,,,,
Malibu,Malibu,GPE,0.00000000,0.00000000,en,1.00000000,,-1,,,,,,
Western Australia,Western Australia,LOC,-0.37500000,0.45000000,en,1.00000000,,-1,,,,,,
LA County,LA County,GPE,-0.20000000,0.50000000,en,1.00000000,,-1,,,,,,
Santa Cruz,Santa Cruz,GPE,0.10000000,0.40000000,en,1.00000000,,-1,,,,,,
mont,mont,GPE,0.05000000,0.26250000,en,1.00000000,,-1,,,,,,
West London,West London,GPE,0.00000000,0.00000000,en,1.00000000,,-1,,,,,,
Egypt,Egypt,GPE,0.85075758,3.04280303,en,1.00000000,,-1,,,,,,
Noses Creek,Noses Creek,LOC,0.02500000,0.30000000,en,1.00000000,,-1,,,,,,
Cobb County,Cobb County,GPE,-0.05000000,0.60000000,en,1.00000000,,-1,,,,,,
Zelia,Zelia,GPE,-0.94431818,2.05000000,en,1.00000000,,-1,,,,,,
the Klabava River,the Klabava River,LOC,0.00000000,0.00000000,en,1.00000000,,-1,,,,,,
Transy,Transy,GPE,-0.23055556,0.81666667,en,1.00000000,,-1,,,,,,
Transylvania,Transylvania,GPE,-0.20694444,0.36666667,en,1.00000000,,-1,,,,,,
Birdsville,Birdsville,GPE,-0.25000000,0.25000000,en,1.00000000,,-1,,,,,,
Southern Californias,Southern Californias,LOC,0.22916667,0.32361111,en,1.00000000,,-1,,,,,,
Babar Mahal,Babar Mahal,GPE,0.00000000,0.00000000,en,1.00000000,,-1,,,,,,
Babarmahal,Babarmahal,LOC,0.02500000,0.63125000,en,1.00000000,,-1,,,,,,
Nigeria,Nigeria,GPE,-8.28705868,43.61244769,en,1.00000000,,-1,,,,,,
Bowling Green,Bowling Green,GPE,0.05000000,0.81666667,en,1.00000000,,-1,,,,,,
Northern Plains,Northern Plains,LOC,-0.14000000,0.60000000,en,1.00000000,,-1,,,,,,
Mississippi,Mississippi,GPE,0.66250000,2.50000000,en,1.00000000,,-1,,,,,,
Southwestern Pennsylvania,Southwestern Pennsylvania,LOC,-0.36515152,1.43333333,en,1.00000000,,0,,,,,,
Great Basin,Great Basin,LOC,0.20000000,0.41666667,en,1.00000000,,-1,,,,,,
Latrobe,Latrobe,GPE,0.78000000,1.00000000,en,1.00000000,,-1,,,,,,
Boston,Boston,GPE,0.24526515,2.76060606,en,1.00000000,,-1,,,,,,
San José,San José,GPE,0.19062500,0.79583333,en,1.00000000,,-1,,,,,,
Kumalak River,Kumalak River,LOC,0.26666667,0.63333333,en,1.00000000,,-1,,,,,,
Tianshan Region,Tianshan Region,GPE,0.00000000,0.00000000,en,1.00000000,,-1,,,,,,
Kumalak River Catchment,Kumalak River Catchment,LOC,0.00000000,0.00000000,en,1.00000000,,-1,,,,,,
Great Northern Highwa,Great Northern Highwa,GPE,0.80000000,0.75000000,en,1.00000000,,-1,,,,,,
Long Beach,Long Beach,GPE,-0.04375000,0.34375000,en,1.00000000,,-1,,,,,,
indus,indus,GPE,0.00000000,0.00000000,en,1.00000000,,-1,,,,,,
SEOUL,SEOUL,GPE,-0.10000000,0.98571429,en,1.00000000,,-1,,,,,,
West Virgi,West Virgi,GPE,-0.03666667,0.30000000,en,1.00000000,,-1,,,,,,
West VirginiaThe,West VirginiaThe,GPE,-0.03666667,0.30000000,en,1.00000000,,-1,,,,,,
South Kor,South Kor,GPE,0.00000000,0.75000000,en,1.00000000,,-1,,,,,,
Mid-Atlantic,Mid-Atlantic,GPE,-0.23181818,0.87727273,en,1.00000000,,-1,,,,,,
Buchanan County,Buchanan County,GPE,-0.68750000,1.12500000,en,1.00000000,,-1,,,,,,
East Texas,East Texas,LOC,-0.65000000,1.60000000,en,1.00000000,,-1,,,,,,
West Texas,West Texas,LOC,-0.65000000,1.60000000,en,1.00000000,,-1,,,,,,
RIVES,RIVES,GPE,-0.25833333,0.35000000,en,1.00000000,,-1,,,,,,
Pikeville,Pikeville,GPE,-1.77000000,2.83500000,en,1.00000000,,-1,,,,,,
U.S. LOUISVILLE,U.S. LOUISVILLE,GPE,-0.14583333,0.51250000,en,1.00000000,,-1,,,,,,
the Rocky Mountains,the Rocky Mountains,LOC,-0.37500000,0.93333333,en,1.00000000,,-1,,,,,,
Plains,Plains,LOC,-1.77091270,6.11416667,en,1.00000000,,-1,,,,,,
Rockies,Rockies,LOC,-1.21646825,5.27559524,en,1.00000000,,-1,,,,,,
Atlanta,Atlanta,GPE,-0.20000000,0.00000000,en,1.00000000,,-1,,,,,,
CHICAGO,CHICAGO,GPE,-0.19375000,1.65000000,en,1.00000000,,-1,,,,,,
PITTSBURGH,PITTSBURGH,GPE,0.08333333,0.80000000,en,1.00000000,,-1,,,,,,
Lismore NSW,Lismore NSW,GPE,0.00000000,0.00000000,en,1.00000000,,-1,,,,,,
Leinster,Leinster,GPE,0.00000000,0.50000000,en,1.00000000,,-1,,,,,,
Center,Center,GPE,0.10000000,0.23333333,en,1.00000000,,0,,,,,,
Chiapas,Chiapas,GPE,0.18888889,0.57777778,en,1.00000000,,-1,,,,,,
Puerto Angel,Puerto Angel,GPE,0.00000000,0.25000000,en,1.00000000,,-1,,,,,,
Acapulco,Acapulco,GPE,-0.44444444,0.83888889,en,1.00000000,,-1,,,,,,
The Eastern Cape,The Eastern Cape,LOC,0.00000000,0.00000000,en,1.00000000,,-1,,,,,,
JOHANNESBURG,JOHANNESBURG,GPE,0.30000000,0.60000000,en,1.00000000,,-1,,,,,,
MEMPHIS,MEMPHIS,GPE,0.20000000,0.60000000,en,1.00000000,,-1,,,,,,
the Mid-South,the Mid-South,GPE,0.20000000,1.60000000,en,1.00000000,,-1,,,,,,
Memphis,Memphis,GPE,0.00000000,1.00000000,en,1.00000000,,-1,,,,,,
Mexicos Pacific,Mexicos Pacific,LOC,-0.26666667,0.46666667,en,1.00000000,,-1,,,,,,
CBD,CBD,GPE,-0.02847222,0.37430556,en,1.00000000,,-1,,,,,,
PUERTO ESCONDIDO,PUERTO ESCONDIDO,GPE,-0.30000000,0.45000000,en,1.00000000,,-1,,,,,,
Guangdong,Guangdong,GPE,0.75000000,2.30000000,en,1.00000000,,-1,,,,,,
Zhaoqing city,Zhaoqing city,GPE,0.80000000,1.90000000,en,1.00000000,,-1,,,,,,
Mexicos Pacific coast,Mexicos Pacific coast,LOC,0.25000000,0.50000000,en,1.00000000,,-1,,,,,,
Oaxaca,Oaxaca,GPE,0.40555556,2.71944444,en,1.00000000,,-1,,,,,,
Smoky Mountains,Smoky Mountains,LOC,-0.50000000,1.40000000,en,1.00000000,,-1,,,,,,
the United States National Hurricane Center,the United States National Hurricane Center,GPE,-0.24000000,0.93333333,en,1.00000000,,-1,,,,,,
possibl…,possibl…,GPE,0.01750000,0.45750000,en,1.00000000,,-1,,,,,,
Sindhupalchok,Sindhupalchok,GPE,0.03500000,0.91500000,en,1.00000000,,-1,,,,,,
Sunkoshi,Sunkoshi,GPE,-0.16500000,1.41500000,en,1.00000000,,-1,,,,,,
Crestview,Crestview,GPE,0.00000000,0.00000000,en,1.00000000,,-1,,,,,,
Wichita,Wichita,GPE,0.37500000,0.87500000,en,1.00000000,,-1,,,,,,
Kananaskis,Kananaskis,GPE,0.40000000,0.40000000,en,1.00000000,,-1,,,,,,
G7 Summit,G7 Summit,LOC,0.40000000,0.40000000,en,1.00000000,,-1,,,,,,
Southeast Michigan,Southeast Michigan,LOC,0.55000000,0.65000000,en,1.00000000,,-1,,,,,,
Metro Detroit,Metro Detroit,GPE,0.32142857,1.14285714,en,1.00000000,,-1,,,,,,
the Manning River's,the Manning River's,LOC,0.05000000,0.45000000,en,1.00000000,,-1,,,,,,
West Virginia City,West Virginia City,GPE,-0.07500000,0.20000000,en,1.00000000,,-1,,,,,,
Mangaluru,Mangaluru,GPE,0.03333333,0.65000000,en,1.00000000,,-1,,,,,,
the Tijuana River,the Tijuana River,LOC,0.00000000,0.00000000,en,1.00000000,,-1,,,,,,
HARTFORD,HARTFORD,GPE,-0.00681818,0.34090909,en,1.00000000,,-1,,,,,,
Fresno,Fresno,GPE,-0.14583333,0.27083333,en,1.00000000,,-1,,,,,,
Tehran,Tehran,GPE,-0.15555556,0.35555556,en,1.00000000,,-1,,,,,,
Hermes,Hermes,LOC,0.00000000,0.00000000,en,1.00000000,,-1,,,,,,
Chimney Rock Village,Chimney Rock Village,GPE,0.12500000,0.62500000,en,1.00000000,,-1,,,,,,
the Broad River,the Broad River,LOC,0.12500000,0.62500000,en,1.00000000,,-1,,,,,,
Yazoo Backwater,Yazoo Backwater,LOC,0.33333333,0.66666667,en,1.00000000,,-1,,,,,,
the Mississippi Delta's,the Mississippi Delta's,LOC,0.33333333,0.66666667,en,1.00000000,,-1,,,,,,
offic… JAMMU,offic… JAMMU,GPE,-0.10000000,0.55000000,en,1.00000000,,-1,,,,,,
Kathua,Kathua,LOC,-0.10000000,0.55000000,en,1.00000000,,-1,,,,,,
Rajouri,Rajouri,GPE,-0.20000000,1.10000000,en,1.00000000,,-1,,,,,,
Rongjiang county,Rongjiang county,GPE,0.21428571,0.42857143,en,1.00000000,,-1,,,,,,
Guizhou,Guizhou,GPE,0.61428571,0.92857143,en,1.00000000,,-1,,,,,,
Guizhou province,Guizhou province,GPE,0.17833333,1.80833333,en,1.00000000,,-1,,,,,,
bangladesh,bangladesh,GPE,0.00000000,0.00000000,en,1.00000000,,-1,,,,,,
Long Island,Long Island,GPE,0.12173160,2.85664502,en,1.00000000,,-1,,,,,,
Tel Aviv,Tel Aviv,GPE,-0.15555556,0.35555556,en,1.00000000,,-1,,,,,,
East Asia,East Asia,LOC,0.53105952,2.57792857,en,1.00000000,,-1,,,,,,
the Bow River,the Bow River,LOC,0.00000000,0.00000000,en,1.00000000,,-1,,,,,,
Bow River,Bow River,LOC,0.00000000,0.00000000,en,1.00000000,,-1,,,,,,
South Halmahera,South Halmahera,GPE,0.00000000,0.00000000,en,1.00000000,,-1,,,,,,
North Maluku,North Maluku,GPE,0.00000000,0.00000000,en,1.00000000,,-1,,,,,,
Borderland,Borderland,LOC,-0.11666667,0.50000000,en,1.00000000,,-1,,,,,,
El Paso,El Paso,GPE,-0.60292929,2.94838384,en,1.00000000,,-1,,,,,,
Taman Bukit,Taman Bukit,GPE,0.11666667,0.46666667,en,1.00000000,,-1,,,,,,
Taman Bukit Kemuning,Taman Bukit Kemuning,GPE,0.00000000,0.42500000,en,1.00000000,,-1,,,,,,
Marion,Marion,GPE,0.00000000,0.00000000,en,1.00000000,,-1,,,,,,
West Virginia's,West Virginia's,GPE,0.00000000,0.00000000,en,1.00000000,,-1,,,,,,
Chongqi,Chongqi,GPE,0.08916667,0.38166667,en,1.00000000,,-1,,,,,,
Hunan,Hunan,GPE,0.08916667,0.38166667,en,1.00000000,,-1,,,,,,
Guangxi,Guangxi,GPE,0.08916667,0.38166667,en,1.00000000,,-1,,,,,,
West Virgina,West Virgina,GPE,-0.17500000,0.21250000,en,1.00000000,,-1,,,,,,
Mt Marapi's,Mt Marapi's,GPE,-0.60000000,1.00000000,en,1.00000000,,-1,,,,,,
Ulster,Ulster,GPE,0.00000000,0.50000000,en,1.00000000,,-1,,,,,,
Dibrugarh,Dibrugarh,GPE,0.00000000,1.50000000,en,1.00000000,,-1,,,,,,
Irpin valley,Irpin valley,GPE,0.00000000,0.00000000,en,1.00000000,,-1,,,,,,
Russian Invasion,Russian Invasion,LOC,0.00000000,0.00000000,en,1.00000000,,-1,,,,,,
Jersey,Jersey,GPE,0.00000000,0.00000000,en,1.00000000,,-1,,,,,,
Kagoshima,Kagoshima,GPE,-0.20000000,1.50000000,en,1.00000000,,-1,,,,,,
Honshu,Honshu,GPE,-0.20000000,1.50000000,en,1.00000000,,-1,,,,,,
Belagavi,Belagavi,GPE,-0.01333333,0.48666667,en,1.00000000,,-1,,,,,,
Dharwad,Dharwad,GPE,-0.01333333,0.48666667,en,1.00000000,,-1,,,,,,
the New South Wales Mid North Coast,the New South Wales Mid North Coast,LOC,-0.17829545,1.27318182,en,1.00000000,,-1,,,,,,
Shaboozey,Shaboozey,GPE,0.25000000,0.25000000,en,1.00000000,,-1,,,,,,
Southwestern Mexico,Southwestern Mexico,LOC,-0.10000000,0.10000000,en,1.00000000,,-1,,,,,,
ALLEGHENY COUNTY,ALLEGHENY COUNTY,GPE,0.00000000,0.00000000,en,1.00000000,,-1,,,,,,
Allegheny County,Allegheny County,GPE,-0.50000000,1.58333333,en,1.00000000,,-1,,,,,,
the Buri Dehing River,the Buri Dehing River,LOC,0.00000000,1.25000000,en,1.00000000,,-1,,,,,,
Lubbock,Lubbock,GPE,-0.20000000,0.50000000,en,1.00000000,,-1,,,,,,
Eastern Cape,Eastern Cape,LOC,-0.10434524,5.71944444,en,1.00000000,,-1,,,,,,
Mississippi Valley,Mississippi Valley,LOC,0.00000000,0.00000000,en,1.00000000,,-1,,,,,,
the Bay of Fundy,the Bay of Fundy,LOC,0.29166667,0.45833333,en,1.00000000,,-1,,,,,,
N.S.,N.S.,GPE,-0.02500000,0.20000000,en,1.00000000,,-1,,,,,,
GUWAHATI,GUWAHATI,GPE,0.10312500,0.50833333,en,1.00000000,,-1,,,,,,
MONTREAL,MONTREAL,GPE,0.04375000,0.48541667,en,1.00000000,,-1,,,,,,
Montreal,Montreal,GPE,0.54375000,1.48541667,en,1.00000000,,-1,,,,,,
Southern Nevada,Southern Nevada,LOC,-0.10000000,0.25000000,en,1.00000000,,-1,,,,,,
Mid Coast,Mid Coast,LOC,0.00000000,0.00000000,en,1.00000000,,-1,,,,,,
the NSW Mid North Coast,the NSW Mid North Coast,LOC,-0.13333333,0.26666667,en,1.00000000,,-1,,,,,,
Hino et al.,Hino et al.,GPE,0.12166667,0.86166667,en,1.00000000,,-1,,,,,,
CM Sarma,CM Sarma,LOC,0.00000000,0.00000000,en,1.00000000,,-1,,,,,,
North Carolina State University,North Carolina State University,GPE,0.14242424,0.53030303,en,1.00000000,,-1,,,,,,
the Serchio River,the Serchio River,LOC,-0.12500000,0.46875000,en,1.00000000,,-1,,,,,,
Butler County,Butler County,GPE,0.00000000,0.00000000,en,1.00000000,,-1,,,,,,
South Africa,South Africa,GPE,-1.27324675,11.88335859,en,1.00000000,,-1,,,,,,
week Ireland,week Ireland,GPE,0.12516667,0.39150000,en,1.00000000,,-1,,,,,,
Hainan Island,Hainan Island,GPE,-0.20000000,0.30000000,en,1.00000000,,-1,,,,,,
Kerala,Kerala,GPE,-0.42500000,2.80833333,en,1.00000000,,-1,,,,,,
South Africa's,South Africa's,GPE,-0.31250000,1.46666667,en,1.00000000,,-1,,,,,,
San Antoni,San Antoni,GPE,0.13614719,0.55064935,en,1.00000000,,-1,,,,,,
Kent,Kent,GPE,0.27500000,1.27500000,en,1.00000000,,-1,,,,,,
Dover,Dover,GPE,0.13750000,0.63750000,en,1.00000000,,-1,,,,,,
Manchester,Manchester,GPE,-0.21250000,0.60000000,en,1.00000000,,-1,,,,,,
San Antonio FloodingThe,San Antonio FloodingThe,GPE,0.09329913,1.27676187,en,1.00000000,,-1,,,,,,
San AntonioCNN,San AntonioCNN,LOC,-0.01130536,0.32342657,en,1.00000000,,-1,,,,,,
SAN ANTONIO,SAN ANTONIO,GPE,-0.00000000,0.77500000,en,1.00000000,,-1,,,,,,
Lake Eyre Turns,Lake Eyre Turns,GPE,-0.05000000,0.15000000,en,1.00000000,,-1,,,,,,
expe,expe,GPE,-0.33333333,0.40000000,en,1.00000000,,-1,,,,,,
South Africa’s,South Africa’s,GPE,-0.56333333,2.43416667,en,1.00000000,,-1,,,,,,
San Antonio Floods,San Antonio Floods,GPE,-0.20000000,0.22500000,en,1.00000000,,-1,,,,,,
Hainan,Hainan,GPE,-0.04000000,0.10000000,en,1.00000000,,-1,,,,,,
CAPE TOWN,CAPE TOWN,GPE,-1.29848485,3.96113636,en,1.00000000,,-1,,,,,,
Typhoon Wutip,Typhoon Wutip,LOC,0.08333333,0.61666667,en,1.00000000,,-1,,,,,,
Northeast Side,Northeast Side,LOC,-0.08761364,0.71378788,en,1.00000000,,-1,,,,,,
Perrin Beitel,Perrin Beitel,GPE,-0.05000000,0.45000000,en,1.00000000,,-1,,,,,,
CAPE,CAPE,LOC,0.00000000,0.00000000,en,1.00000000,,-1,,,,,,
Dipayal,Dipayal,GPE,-0.09000000,0.31000000,en,1.00000000,,-1,,,,,,
Dadeldhura,Dadeldhura,LOC,0.00000000,0.00000000,en,1.00000000,,-1,,,,,,
Doti,Doti,GPE,-0.09000000,0.31000000,en,1.00000000,,-1,,,,,,
Google Earth,Google Earth,LOC,-0.03571429,0.19642857,en,1.00000000,,-1,,,,,,
The City of Dawson Creek,The City of Dawson Creek,GPE,-0.20000000,0.80000000,en,1.00000000,,-1,,,,,,
Dawson Creek,Dawson Creek,GPE,0.00000000,0.00000000,en,1.00000000,,-1,,,,,,
South Africas,South Africas,LOC,0.71875000,2.31666667,en,1.00000000,,-1,,,,,,
Bollywood,Bollywood,GPE,-0.20000000,0.40000000,en,1.00000000,,-1,,,,,,
the Eastern Cape Province of South Africa,the Eastern Cape Province of South Africa,LOC,-0.20000000,0.52500000,en,1.00000000,,-1,,,,,,
Eastern Kentucky,Eastern Kentucky,LOC,0.00000000,0.00000000,en,1.00000000,,-1,,,,,,
accor,accor,GPE,0.12000000,0.40000000,en,1.00000000,,-1,,,,,,
West Virginia Flooding,West Virginia Flooding,LOC,0.67927609,1.25104377,en,1.00000000,,-1,,,,,,
Shakira Donates Portion of Concert Proceeds to Victims & Families of Deadly Texas Floods,Shakira Donates Portion of Concert Proceeds to Victims & Families of Deadly Texas Floods,GPE,-0.20000000,0.40000000,en,1.00000000,,0,,,,,,
Cow Creek,Cow Creek,GPE,-0.16666667,0.33750000,en,1.00000000,,0,,,,,,
Leander,Leander,GPE,-0.40833333,1.07916667,en,1.00000000,,0,,,,,,
the Hill Country,the Hill Country,LOC,-0.40595238,1.93630952,en,1.00000000,,0,,,,,,
fla,fla,LOC,-0.60000000,1.65000000,en,1.00000000,,0,,,,,,
Springfield,Springfield,GPE,-0.10000000,0.40000000,en,1.00000000,,0,,,,,,
Haw River,Haw River,LOC,-0.01250000,0.33750000,en,1.00000000,,0,,,,,,
Chapel Hill,Chapel Hill,LOC,-0.17500000,0.77500000,en,1.00000000,,0,,,,,,
Mataram City,Mataram City,GPE,1.00000000,1.00000000,en,1.00000000,,0,,,,,,
the South San Gabriel River,the South San Gabriel River,LOC,0.00000000,1.00000000,en,1.00000000,,0,,,,,,
Nagaland,Nagaland,GPE,0.37121212,0.83333333,en,1.00000000,4041129-1,1262271,X,26.00000000,94.25000000,ASIA,India,SAS
Kohima,Kohima,LOC,0.17121212,1.23333333,en,1.00000000,,0,,,,,,
ove… Central Texas,ove… Central Texas,GPE,-0.10000000,0.53333333,en,1.00000000,,0,,,,,,
Konkan,Konkan,GPE,-0.06666667,0.16666667,en,1.00000000,,0,,,,,,
the United Arab Emirates,the United Arab Emirates,GPE,-0.35000000,0.44583333,en,1.00000000,,0,,,,,,
​Flooding,​Flooding,GPE,0.20000000,0.20000000,en,1.00000000,,0,,,,,,
Centr,Centr,GPE,0.00000000,0.00000000,en,1.00000000,,0,,,,,,
Kerr county,Kerr county,GPE,-0.16666667,0.30000000,en,1.00000000,,0,,,,,,
Llano County,Llano County,GPE,-0.20000000,0.45000000,en,1.00000000,,0,,,,,,
The Llano River,The Llano River,LOC,-0.20000000,0.45000000,en,1.00000000,,0,,,,,,
Kingsland,Kingsland,GPE,0.05000000,0.35000000,en,1.00000000,,0,,,,,,
the Llano River,the Llano River,LOC,0.76111111,1.55833333,en,1.00000000,,0,,,,,,
Llano River,Llano River,LOC,0.10000000,0.40000000,en,1.00000000,,0,,,,,,
Houston Texans,Houston Texans,GPE,0.00000000,0.00000000,en,1.00000000,,0,,,,,,
le…,le…,GPE,0.02575758,0.93446970,en,1.00000000,,0,,,,,,
South Central Texas,South Central Texas,LOC,0.04000000,0.69000000,en,1.00000000,,0,,,,,,
Hill Country,Hill Country,GPE,-0.69166667,2.61111111,en,1.00000000,,0,,,,,,
Niuland,Niuland,GPE,1.00000000,1.00000000,en,1.00000000,,0,,,,,,
KERR COUNTY,KERR COUNTY,GPE,-0.06666667,0.25000000,en,1.00000000,,0,,,,,,
Fort H,Fort H,GPE,-0.03333333,0.11666667,en,1.00000000,,0,,,,,,
Mānoa,Mānoa,GPE,0.21428571,0.42857143,en,1.00000000,,0,,,,,,
Merida,Merida,GPE,0.00000000,0.60000000,en,1.00000000,,-1,,,,,,
Narsala,Narsala,GPE,0.00000000,0.00000000,en,1.00000000,,0,,,,,,
St. Johns River,St. Johns River,LOC,0.00000000,0.00000000,en,1.00000000,,0,,,,,,
South Tripura,South Tripura,LOC,0.00000000,0.00000000,en,1.00000000,,0,,,,,,
Tx.,Tx.,GPE,-0.10214286,0.66642857,en,1.00000000,,0,,,,,,
ALBUQUERQUE,ALBUQUERQUE,GPE,0.00568182,0.41477273,en,1.00000000,,0,,,,,,
Rio Ruidoso's,Rio Ruidoso's,GPE,0.14204545,0.86931818,en,1.00000000,,0,,,,,,
Ingram,Ingram,GPE,-0.00436508,2.81309524,en,1.00000000,,0,,,,,,
Vikings,Vikings,GPE,0.00000000,0.00000000,en,1.00000000,,0,,,,,,
The New Republic,The New Republic,GPE,0.13636364,0.45454545,en,1.00000000,,0,,,,,,
Dhaulagiri Rural Municipality,Dhaulagiri Rural Municipality,GPE,-0.15000000,0.50000000,en,1.00000000,,0,,,,,,
the Myagdi River,the Myagdi River,LOC,-0.35000000,1.16666667,en,1.00000000,,0,,,,,,
Myagdi,Myagdi,GPE,-0.35000000,1.16666667,en,1.00000000,,0,,,,,,
Dhaulagiri Rural,Dhaulagiri Rural,LOC,-0.35000000,1.16666667,en,1.00000000,,0,,,,,,
Myagdi River,Myagdi River,LOC,0.00000000,0.00000000,en,1.00000000,,0,,,,,,
Nav Kanya Nagar,Nav Kanya Nagar,LOC,0.00000000,0.00000000,en,1.00000000,,0,,,,,,
Mnoa,Mnoa,GPE,0.21428571,0.42857143,en,1.00000000,,0,,,,,,
Nagpur,Nagpur,GPE,0.80000000,1.00000000,en,1.00000000,4041149-7,1262180,X,21.14999900,79.09999900,ASIA,India,SAS
The Village of Ruidoso,The Village of Ruidoso,GPE,0.03030303,0.28989899,en,1.00000000,,0,,,,,,
Rio Ruidoso,Rio Ruidoso,GPE,0.53989899,1.04318182,en,1.00000000,,0,,,,,,
New Mexico's,New Mexico's,GPE,0.10810606,1.15174242,en,1.00000000,,0,,,,,,
SANTA FE,SANTA FE,GPE,0.05606061,0.43617424,en,1.00000000,,0,,,,,,
the Fairfield County Emergency Management Agency,the Fairfield County Emergency Management Agency,GPE,-0.73500000,1.56000000,en,1.00000000,,0,,,,,,
LANCASTER,LANCASTER,GPE,-0.73500000,1.56000000,en,1.00000000,,0,,,,,,
Albuquerque,Albuquerque,GPE,-0.10594697,0.52753788,en,1.00000000,,0,,,,,,
San Diego's,San Diego's,GPE,0.00000000,0.00000000,en,1.00000000,,0,,,,,,
Rasuwa,Rasuwa,GPE,0.51666667,1.34333333,en,1.00000000,,0,,,,,,
Ruidoso,Ruidoso,GPE,-5.36758117,13.39216991,en,1.00000000,,0,,,,,,
"Southwest
","Southwest
",LOC,0.06666667,0.60000000,en,1.00000000,,0,,,,,,
the Gulf of Mexico,the Gulf of Mexico,LOC,0.17708333,1.10000000,en,1.00000000,,0,,,,,,
Texas Hill Country,Texas Hill Country,LOC,0.33240741,2.28564815,en,1.00000000,,0,,,,,,
San,San,GPE,0.06666667,0.36666667,en,1.00000000,,0,,,,,,
Texas Hill County,Texas Hill County,GPE,0.00000000,0.00000000,en,1.00000000,,0,,,,,,
Balasore,Balasore,GPE,0.15416667,1.30416667,en,1.00000000,,0,,,,,,
Manheim Borough,Manheim Borough,GPE,-2.00000000,2.00000000,en,1.00000000,,0,,,,,,
the Beas River,the Beas River,LOC,-0.42121212,1.13333333,en,1.00000000,,0,,,,,,
Mandi,Mandi,GPE,-0.82121212,1.53333333,en,1.00000000,4277783-5,1263862,X,31.71078900,76.93152000,ASIA,India,TIB
The Beas River,The Beas River,LOC,-0.82121212,1.53333333,en,1.00000000,,0,,,,,,
the River City,the River City,LOC,0.00000000,0.00000000,en,1.00000000,,0,,,,,,
Ahmedabad,Ahmedabad,GPE,0.00000000,0.00000000,en,1.00000000,4000813-7,1279233,X,23.02579000,72.58726000,ASIA,India,SAS
Nairobi,Nairobi,GPE,-0.45000000,0.55000000,en,1.00000000,4041172-2,184745,X,-1.28333000,36.81667000,AFRICA,Kenya,SEAF
Tuxpan,Tuxpan,GPE,0.00000000,0.00000000,en,1.00000000,,0,,,,,,
the Gulf's Bay of Campeche,the Gulf's Bay of Campeche,LOC,0.15000000,0.55000000,en,1.00000000,,0,,,,,,
Richmond,Richmond,GPE,0.00000000,0.00000000,en,1.00000000,,0,,,,,,
Wilderness Lodge,Wilderness Lodge,LOC,0.00000000,0.00000000,en,1.00000000,,0,,,,,,
Jalaka,Jalaka,GPE,0.01750000,0.45750000,en,1.00000000,,0,,,,,,
Budhabalang,Budhabalang,GPE,0.01750000,0.45750000,en,1.00000000,,0,,,,,,
Serbia,Serbia,GPE,0.00000000,0.00000000,en,1.00000000,4054598-2,6290252,X,44.81891900,20.45998000,EUROPE-AFRICA,Serbia,MED
Ramnath Colony,Ramnath Colony,GPE,-0.20000000,1.00000000,en,1.00000000,,0,,,,,,
Kangra,Kangra,GPE,-0.02500000,0.35000000,en,1.00000000,,0,,,,,,
Himachal Pradesh's,Himachal Pradesh's,GPE,0.00000000,0.00000000,en,1.00000000,,0,,,,,,
northwest mountanious province,northwest mountanious province,GPE,-0.20000000,0.00000000,en,1.00000000,,-1,,,,,,
North … CHIMNEY ROCK,North … CHIMNEY ROCK,GPE,0.16666667,0.18888889,en,1.00000000,,-1,,,,,,
CHIMNEY ROCK,CHIMNEY ROCK,GPE,0.12500000,0.14166667,en,1.00000000,,-1,,,,,,
Eastern Cape Province,Eastern Cape Province,GPE,-0.61250000,0.86666667,en,1.00000000,,-1,,,,,,
Border Lake,Border Lake,LOC,0.00000000,0.00000000,en,1.00000000,,0,,,,,,
APOPKA,APOPKA,GPE,0.00000000,0.00000000,en,1.00000000,,-1,,,,,,
Piedmont,Piedmont,GPE,-0.20000000,0.75000000,en,1.00000000,,-1,,,,,,
The City of Apopka,The City of Apopka,GPE,0.00000000,0.00000000,en,1.00000000,,-1,,,,,,
Apopka,Apopka,GPE,0.00000000,0.00000000,en,1.00000000,,-1,,,,,,
PESHAWAR,PESHAWAR,GPE,-0.45370370,2.51481481,en,1.00000000,,-1,,,,,,
Pakistan PESHAWAR,Pakistan PESHAWAR,GPE,-0.30000000,0.40000000,en,1.00000000,,-1,,,,,,
Chiques Creek,Chiques Creek,GPE,0.00000000,0.00000000,en,1.00000000,,0,,,,,,
Hubei,Hubei,GPE,0.26666667,0.28333333,en,1.00000000,4305745-7,1806949,X,31.00000000,112.25000000,ASIA,China,EAS
Xianfeng,Xianfeng,GPE,0.26666667,0.28333333,en,1.00000000,,0,,,,,,
Yellowstone,Yellowstone,GPE,0.00000000,0.00000000,en,1.00000000,,0,,,,,,
Panbari,Panbari,GPE,-0.20000000,1.00000000,en,1.00000000,,0,,,,,,
the Dhansiri River,the Dhansiri River,LOC,-0.20000000,1.00000000,en,1.00000000,,0,,,,,,
Diphu,Diphu,GPE,-0.20000000,1.00000000,en,1.00000000,,0,,,,,,
Dhansiri river,Dhansiri river,LOC,0.00000000,0.00000000,en,1.00000000,,0,,,,,,
KXAN,KXAN,GPE,-0.06666667,0.13333333,en,1.00000000,,0,,,,,,
AUSTIN,AUSTIN,GPE,-0.30925926,1.43981481,en,1.00000000,,0,,,,,,
riverside,riverside,GPE,-0.90500000,1.32250000,en,1.00000000,,0,,,,,,
rainfal,rainfal,GPE,0.30000000,0.10000000,en,1.00000000,,0,,,,,,
Timsbury,Timsbury,GPE,0.00000000,0.00000000,en,1.00000000,,0,,,,,,
Stockbridge,Stockbridge,GPE,0.20000000,0.20000000,en,1.00000000,,0,,,,,,
Rukchui,Rukchui,LOC,-0.20000000,0.25000000,en,1.00000000,,0,,,,,,
Payala,Payala,GPE,-0.20000000,0.25000000,en,1.00000000,,0,,,,,,
Deji,Deji,GPE,-0.20000000,0.25000000,en,1.00000000,,0,,,,,,
Bharad,Bharad,GPE,-0.20000000,0.25000000,en,1.00000000,,0,,,,,,
Kuma,Kuma,GPE,-0.20000000,0.40000000,en,1.00000000,,0,,,,,,
Kumamoto,Kumamoto,GPE,-0.78250000,2.35750000,en,1.00000000,4382233-2,1858421,X,32.78972000,130.74166900,ASIA,Japan,EAS
May.,May.,GPE,0.26212121,0.44040404,en,1.00000000,,0,,,,,,
Kempsey,Kempsey,GPE,0.50000000,0.50000000,en,1.00000000,,0,,,,,,
Hebei province,Hebei province,GPE,-0.15000000,0.13750000,en,1.00000000,,0,,,,,,
Florida Everglades,Florida Everglades,GPE,-0.09090909,1.02613636,en,1.00000000,,0,,,,,,
Allegheny,Allegheny,GPE,0.00000000,0.00000000,en,1.00000000,,0,,,,,,
the Eastern Pacific,the Eastern Pacific,LOC,-0.10000000,0.53333333,en,1.00000000,,0,,,,,,
Eastern Pacific,Eastern Pacific,LOC,0.00000000,0.00000000,en,1.00000000,,0,,,,,,
Manheim,Manheim,GPE,0.25000000,0.75000000,en,1.00000000,,0,,,,,,
Midstate,Midstate,LOC,0.50000000,1.50000000,en,1.00000000,,0,,,,,,
LANCASTER COUNTY,LANCASTER COUNTY,GPE,0.50000000,1.50000000,en,1.00000000,,0,,,,,,
the Garden of Eden,the Garden of Eden,LOC,0.00000000,0.00000000,en,1.00000000,,0,,,,,,
Project,Project,GPE,-0.04090909,0.56363636,en,1.00000000,,-1,,,,,,
Lake Tanganyika’s,Lake Tanganyika’s,LOC,-0.12500000,0.75000000,en,1.00000000,,-1,,,,,,
Burundi,Burundi,GPE,-0.02500000,1.15000000,en,1.00000000,,-1,,,,,,
Vrije Universiteit Amsterdam,Vrije Universiteit Amsterdam,GPE,0.00000000,0.00000000,en,1.00000000,,-1,,,,,,
La.,La.,GPE,0.00000000,0.00000000,en,1.00000000,,-1,,,,,,
SHREVEPORT,SHREVEPORT,GPE,0.00000000,0.00000000,en,1.00000000,,-1,,,,,,
the Red River,the Red River,LOC,0.31250000,1.00000000,en,1.00000000,,-1,,,,,,
Major River Flooding,Major River Flooding,LOC,0.12500000,1.00000000,en,1.00000000,,-1,,,,,,
fl,fl,GPE,-0.20000000,0.05000000,en,1.00000000,,-1,,,,,,
AMMAN,AMMAN,GPE,-0.20000000,0.05000000,en,1.00000000,,-1,,,,,,
SAN JUAN,SAN JUAN,GPE,-0.15000000,2.00000000,en,1.00000000,,-1,,,,,,
the Kathmandu Valley,the Kathmandu Valley,LOC,-0.13690476,0.48214286,en,1.00000000,,-1,,,,,,
Frankfurt,Frankfurt,GPE,0.80000000,1.00833333,en,1.00000000,,-1,,,,,,
Kentucky Derby,Kentucky Derby,GPE,0.00000000,0.00000000,en,1.00000000,,-1,,,,,,
the Ottawa River,the Ottawa River,LOC,-0.10833333,0.89444444,en,1.00000000,,-1,,,,,,
Ottawa River,Ottawa River,LOC,0.00000000,0.00000000,en,1.00000000,,-1,,,,,,
NEW YORK,NEW YORK,GPE,0.28143939,2.03257576,en,1.00000000,,-1,,,,,,
Sook,Sook,GPE,2.00000000,2.72500000,en,1.00000000,,-1,,,,,,
Greenwood,Greenwood,GPE,0.00000000,0.00000000,en,1.00000000,,-1,,,,,,
Chenab river,Chenab river,LOC,-0.16666667,0.36666667,en,1.00000000,,-1,,,,,,
Ramban,Ramban,GPE,-0.46666667,0.96666667,en,1.00000000,,-1,,,,,,
Wellington,Wellington,GPE,0.61666667,0.81666667,en,1.00000000,,-1,,,,,,
Selwyn,Selwyn,LOC,0.06818182,0.35227273,en,1.00000000,,-1,,,,,,
the East-West Highway,the East-West Highway,LOC,0.00000000,0.00000000,en,1.00000000,,-1,,,,,,
Dumkibas,Dumkibas,GPE,0.00000000,0.10000000,en,1.00000000,,-1,,,,,,
East-West Highway,East-West Highway,LOC,0.00000000,0.00000000,en,1.00000000,,-1,,,,,,
Lowndes County,Lowndes County,GPE,-0.04111111,0.35444444,en,1.00000000,,-1,,,,,,
N.M.,N.M.,GPE,-1.37030303,4.39496212,en,1.00000000,,-1,,,,,,
Farmington,Farmington,GPE,0.08333333,0.19166667,en,1.00000000,,-1,,,,,,
INGLEWOOD,INGLEWOOD,GPE,0.00000000,0.00000000,en,1.00000000,,-1,,,,,,
the Northern Territory,the Northern Territory,LOC,-0.10000000,0.40000000,en,1.00000000,,-1,,,,,,
the Cascadia Subduction Zone,the Cascadia Subduction Zone,LOC,0.00000000,2.00000000,en,1.00000000,,-1,,,,,,
Steuben County,Steuben County,GPE,-0.32500000,0.70833333,en,1.00000000,,-1,,,,,,
Hartsville,Hartsville,GPE,0.00000000,0.00000000,en,1.00000000,,-1,,,,,,
Northern Virginia,Northern Virginia,LOC,-0.06250000,1.68750000,en,1.00000000,,-1,,,,,,
Mogadishu,Mogadishu,GPE,-0.46111111,1.95000000,en,1.00000000,,-1,,,,,,
libxmp,libxmp,GPE,0.00000000,0.06666667,en,1.00000000,,-1,,,,,,
the Florida Panhandle,the Florida Panhandle,LOC,1.09444444,1.59444444,en,1.00000000,,-1,,,,,,
ORLANDO,ORLANDO,GPE,0.00000000,0.20000000,en,1.00000000,,-1,,,,,,
Central,Central,LOC,0.44444444,1.59861111,en,1.00000000,,-1,,,,,,
Leicester,Leicester,GPE,0.10000000,0.47500000,en,1.00000000,,-1,,,,,,
Naples,Naples,GPE,0.05819129,0.36098485,en,1.00000000,,-1,,,,,,
Mid-AtlanticThe,Mid-AtlanticThe,LOC,0.05819129,0.36098485,en,1.00000000,,-1,,,,,,
Korat,Korat,GPE,-0.20000000,0.05000000,en,1.00000000,,-1,,,,,,
Lake Tanganyika,Lake Tanganyika,LOC,-0.58333333,1.55833333,en,1.00000000,,-1,,,,,,
DAUPHIN ISLAND,DAUPHIN ISLAND,GPE,0.57777778,0.97777778,en,1.00000000,,-1,,,,,,
Dauphin Island,Dauphin Island,LOC,0.28611111,1.51944444,en,1.00000000,,-1,,,,,,
Somalias,Somalias,GPE,-0.23611111,0.80555556,en,1.00000000,,-1,,,,,,
MOGADISHU,MOGADISHU,GPE,-0.12500000,0.39444444,en,1.00000000,,-1,,,,,,
The Gulf Coast,The Gulf Coast,LOC,0.00000000,0.00000000,en,1.00000000,,-1,,,,,,
Hornellsville,Hornellsville,GPE,0.00000000,0.00000000,en,1.00000000,,-1,,,,,,
Mississippi River,Mississippi River,LOC,0.01666667,1.27261905,en,1.00000000,,-1,,,,,,
Finger Lakes,Finger Lakes,LOC,-0.05545455,1.08181818,en,1.00000000,,-1,,,,,,
earth,earth,LOC,0.10606061,0.40909091,en,1.00000000,,-1,,,,,,
Dallas,Dallas,GPE,-0.79810606,2.84659091,en,1.00000000,,-1,,,,,,
Denver,Denver,GPE,0.33522727,1.09797980,en,1.00000000,,-1,,,,,,
Yenisei River,Yenisei River,LOC,0.00000000,0.00000000,en,1.00000000,,-1,,,,,,
the Yangtze River,the Yangtze River,LOC,0.00000000,0.00000000,en,1.00000000,,-1,,,,,,
the Yellow River,the Yellow River,LOC,0.00000000,0.00000000,en,1.00000000,,-1,,,,,,
Yellow River,Yellow River,LOC,0.00000000,0.00000000,en,1.00000000,,-1,,,,,,
Belgium,Belgium,GPE,-0.20000000,0.50000000,en,1.00000000,,-1,,,,,,
Ac,Ac,LOC,0.00000000,0.00000000,en,1.00000000,,-1,,,,,,
the Korle Lagoon,the Korle Lagoon,LOC,0.00000000,0.00000000,en,1.00000000,,-1,,,,,,
Jasper,Jasper,GPE,0.00000000,0.00000000,en,1.00000000,,-1,,,,,,
Pacific Northwest coast,Pacific Northwest coast,LOC,0.00000000,0.00000000,en,1.00000000,,-1,,,,,,
Christchurch,Christchurch,GPE,-1.00000000,1.00000000,en,1.00000000,,-1,,,,,,
Canterbury,Canterbury,GPE,0.40959596,1.90732323,en,1.00000000,,-1,,,,,,
VOLUSIA COUNTY,VOLUSIA COUNTY,GPE,0.15000000,0.67500000,en,1.00000000,,-1,,,,,,
Penanti,Penanti,GPE,0.00000000,0.25000000,en,1.00000000,,-1,,,,,,
Penang,Penang,GPE,0.19250000,2.86250000,en,1.00000000,,-1,,,,,,
midwestern United States,midwestern United States,GPE,0.25000000,0.25000000,en,1.00000000,,-1,,,,,,
Oklahoma City,Oklahoma City,GPE,0.03060606,0.39090909,en,1.00000000,,-1,,,,,,
East 47th,East 47th,GPE,0.00000000,0.00000000,en,1.00000000,,-1,,,,,,
Newcastle,Newcastle,GPE,-0.59343434,1.14040404,en,1.00000000,,-1,,,,,,
Dungog,Dungog,GPE,-0.35000000,0.40000000,en,1.00000000,,-1,,,,,,
Okla.,Okla.,GPE,-0.20000000,0.50000000,en,1.00000000,,-1,,,,,,
Bal…,Bal…,GPE,0.00000000,0.00000000,en,1.00000000,,-1,,,,,,
Easter weekend,Easter weekend,GPE,-0.16250000,0.43750000,en,1.00000000,,-1,,,,,,
Tasman,Tasman,GPE,-0.30000000,0.40000000,en,1.00000000,,-1,,,,,,
Mount Taranaki,Mount Taranaki,GPE,-0.30000000,0.40000000,en,1.00000000,,-1,,,,,,
New Zealand North Islands,New Zealand North Islands,GPE,0.13636364,0.45454545,en,1.00000000,,-1,,,,,,
DeLand,DeLand,GPE,0.00000000,0.10000000,en,1.00000000,,-1,,,,,,
Cascadia,Cascadia,GPE,0.10000000,0.40000000,en,1.00000000,,-1,,,,,,
Volusia County,Volusia County,GPE,0.45000000,2.72500000,en,1.00000000,,-1,,,,,,
Karnataka,Karnataka,GPE,-0.36888889,1.72833333,en,1.00000000,,-1,,,,,,
the Ozark Mountains,the Ozark Mountains,LOC,-0.01000000,0.44666667,en,1.00000000,,-1,,,,,,
Las Vegas',Las Vegas',GPE,0.50000000,0.50000000,en,1.00000000,,-1,,,,,,
Ala.,Ala.,GPE,0.56111111,1.13333333,en,1.00000000,,-1,,,,,,
ORANGE BEACH,ORANGE BEACH,GPE,-0.01666667,0.15555556,en,1.00000000,,-1,,,,,,
Baldwin County,Baldwin County,GPE,0.10000000,0.13333333,en,1.00000000,,-1,,,,,,
Orange Beach,Orange Beach,GPE,0.11969697,0.65555556,en,1.00000000,,-1,,,,,,
Outback Queensland,Outback Queensland,GPE,-1.20000000,2.00000000,en,1.00000000,,-1,,,,,,
the Central United States,the Central United States,LOC,-0.10000000,0.38333333,en,1.00000000,,-1,,,,,,
Ont.,Ont.,GPE,0.06250000,0.35416667,en,1.00000000,,-1,,,,,,
South Dublin C,South Dublin C,GPE,0.00000000,0.50000000,en,1.00000000,,-1,,,,,,
the Wicklow Mountains,the Wicklow Mountains,LOC,0.00000000,0.50000000,en,1.00000000,,-1,,,,,,
Tanah Liat,Tanah Liat,GPE,0.00000000,0.25000000,en,1.00000000,,-1,,,,,,
North Seberang,North Seberang,GPE,0.00000000,0.25000000,en,1.00000000,,-1,,,,,,
Zeldin,Zeldin,GPE,-0.02500000,0.20000000,en,1.00000000,,-1,,,,,,
West Bank,West Bank,GPE,0.00000000,0.00000000,en,1.00000000,,-1,,,,,,
Americas,Americas,LOC,-0.13181818,0.57727273,en,1.00000000,,-1,,,,,,
Pittsburgh,Pittsburgh,GPE,-0.11250000,2.27750000,en,1.00000000,,-1,,,,,,
Muzaffarabad,Muzaffarabad,GPE,0.00000000,0.50000000,en,1.00000000,,-1,,,,,,
Jhelum River,Jhelum River,LOC,0.00000000,0.50000000,en,1.00000000,,-1,,,,,,
Southern Plains,Southern Plains,LOC,-0.05000000,0.70000000,en,1.00000000,,-1,,,,,,
BISSAU,BISSAU,GPE,-0.50000000,0.50000000,en,1.00000000,,-1,,,,,,
Guinea-Bissau,Guinea-Bissau,GPE,-0.62500000,0.87500000,en,1.00000000,,-1,,,,,,
the Sai River,the Sai River,LOC,0.47222222,0.62777778,en,1.00000000,,-1,,,,,,
Ohangwena,Ohangwena,GPE,0.24000000,0.40000000,en,1.00000000,,-1,,,,,,
WINDHOEK,WINDHOEK,GPE,0.24000000,0.40000000,en,1.00000000,,-1,,,,,,
Namibia,Namibia,GPE,0.04000000,0.40000000,en,1.00000000,,-1,,,,,,
the Southern Plains,the Southern Plains,LOC,0.10714286,0.21428571,en,1.00000000,,-1,,,,,,
Midwest-IX,Midwest-IX,GPE,0.58750000,0.82500000,en,1.00000000,,-1,,,,,,
Pendleton County,Pendleton County,GPE,0.00000000,0.50000000,en,1.00000000,,-1,,,,,,
Butler,Butler,GPE,0.03333333,0.21666667,en,1.00000000,,-1,,,,,,
Appalachian Mountains,Appalachian Mountains,LOC,-0.12121212,0.73484848,en,1.00000000,,-1,,,,,,
Central United States,Central United States,GPE,0.00000000,0.25000000,en,1.00000000,,-1,,,,,,
Belonia,Belonia,GPE,0.00000000,0.62500000,en,1.00000000,,-1,,,,,,
west,west,LOC,0.25000000,0.37500000,en,1.00000000,,-1,,,,,,
Accra,Accra,GPE,0.00000000,0.39000000,en,1.00000000,,-1,,,,,,
Central Kalimantan Province,Central Kalimantan Province,GPE,-0.13333333,0.50000000,en,1.00000000,,-1,,,,,,
North Barito District,North Barito District,GPE,-0.13333333,0.50000000,en,1.00000000,,-1,,,,,,
North Barito,North Barito,GPE,0.00000000,0.25000000,en,1.00000000,,-1,,,,,,
Central Kalimantan's,Central Kalimantan's,LOC,0.00000000,0.25000000,en,1.00000000,,-1,,,,,,
Floridas,Floridas,GPE,-0.10000000,0.10000000,en,1.00000000,,-1,,,,,,
the West bank,the West bank,GPE,0.54285714,0.85714286,en,1.00000000,,-1,,,,,,
Jordan,Jordan,GPE,0.14285714,0.95714286,en,1.00000000,,-1,,,,,,
Arlington County,Arlington County,GPE,0.00000000,1.00000000,en,1.00000000,,-1,,,,,,
Swannanoa,Swannanoa,GPE,0.75000000,0.75000000,en,1.00000000,,-1,,,,,,
Mokwa Read,Mokwa Read,GPE,0.19166667,0.48333333,en,1.00000000,,-1,,,,,,
Alpine valley,Alpine valley,LOC,-0.06250000,0.43333333,en,1.00000000,,-1,,,,,,
Benue Rivers,Benue Rivers,LOC,0.00000000,0.00000000,en,1.00000000,,-1,,,,,,
Niger,Niger,LOC,-1.88708333,8.09250000,en,1.00000000,,-1,,,,,,
Niger state,Niger state,GPE,2.80444444,3.46888889,en,1.00000000,,-1,,,,,,
Mokwa,Mokwa,GPE,0.59018759,9.28226551,en,1.00000000,,-1,,,,,,
Nigeriaon,Nigeriaon,GPE,0.00000000,0.17500000,en,1.00000000,,-1,,,,,,
Austin,Austin,GPE,0.08333333,0.50000000,en,1.00000000,,-1,,,,,,
Niger State,Niger State,GPE,-0.37904762,3.73642857,en,1.00000000,,-1,,,,,,
the River Lonza,the River Lonza,LOC,0.00000000,0.50000000,en,1.00000000,,-1,,,,,,
Swiss valley,Swiss valley,LOC,0.00000000,0.00000000,en,1.00000000,,-1,,,,,,
Central Texas,Central Texas,LOC,-3.56504028,23.36033610,en,1.00000000,,-1,,,,,,
Alpine,Alpine,LOC,-0.06212121,0.96931818,en,1.00000000,,-1,,,,,,
Blatten,Blatten,GPE,-0.32916667,1.33333333,en,1.00000000,,-1,,,,,,
the Birch Glacier,the Birch Glacier,LOC,-0.06250000,0.43333333,en,1.00000000,,-1,,,,,,
Switzerland,Switzerland,GPE,0.35416667,4.28333333,en,1.00000000,,-1,,,,,,
Nigerias,Nigerias,GPE,-1.21166667,4.29250000,en,1.00000000,,-1,,,,,,
HONG KONG,HONG KONG,GPE,0.12166667,2.33166667,en,1.00000000,,-1,,,,,,
Coronado,Coronado,GPE,-0.13333333,0.10000000,en,1.00000000,,-1,,,,,,
Flooding Beaches,Flooding Beaches,LOC,0.00000000,0.00000000,en,1.00000000,,-1,,,,,,
Klang River,Klang River,LOC,0.00000000,0.00000000,en,1.00000000,,-1,,,,,,
Chom Thong,Chom Thong,GPE,0.00000000,0.00000000,en,1.00000000,,-1,,,,,,
Chiang Mai's,Chiang Mai's,GPE,0.00000000,0.00000000,en,1.00000000,,-1,,,,,,
Comal County,Comal County,GPE,-0.05000000,0.32500000,en,1.00000000,,-1,,,,,,
Kendall County,Kendall County,GPE,-0.45000000,0.42500000,en,1.00000000,,-1,,,,,,
Bandera County,Bandera County,GPE,-0.05000000,0.32500000,en,1.00000000,,-1,,,,,,
Bexar County,Bexar County,GPE,-0.05000000,0.32500000,en,1.00000000,,-1,,,,,,
Bacolod City,Bacolod City,GPE,0.06666667,1.00000000,en,1.00000000,,-1,,,,,,
La Castellana,La Castellana,GPE,0.00000000,1.00000000,en,1.00000000,,-1,,,,,,
Bacolod,Bacolod,GPE,0.00000000,3.62500000,en,1.00000000,,-1,,,,,,
Minna,Minna,GPE,0.00000000,0.00000000,en,1.00000000,,-1,,,,,,
the Alpine valley,the Alpine valley,LOC,-0.20000000,0.23333333,en,1.00000000,,-1,,,,,,
Southeast US,Southeast US,LOC,0.00000000,0.00000000,en,1.00000000,,-1,,,,,,
FAIRVIEW,FAIRVIEW,GPE,-0.08333333,0.17222222,en,1.00000000,,-1,,,,,,
Nujiang Lisu Autonomous Prefecture,Nujiang Lisu Autonomous Prefecture,GPE,0.40000000,0.70000000,en,1.00000000,,-1,,,,,,
Yunnan,Yunnan,GPE,0.40000000,0.70000000,en,1.00000000,,-1,,,,,,
BEIJING,BEIJING,GPE,-0.67538095,2.91430952,en,1.00000000,,-1,,,,,,
Chiang Rai province,Chiang Rai province,GPE,0.20000000,0.26666667,en,1.00000000,,-1,,,,,,
Sikkim,Sikkim,GPE,0.10000000,0.50000000,en,1.00000000,,-1,,,,,,
Manipur,Manipur,GPE,-0.08750000,1.31369048,en,1.00000000,,-1,,,,,,
Northeastern,Northeastern,LOC,-0.20000000,0.50000000,en,1.00000000,,-1,,,,,,
Agartala,Agartala,GPE,0.16666667,0.33333333,en,1.00000000,,-1,,,,,,
Tripura,Tripura,GPE,-0.00833333,1.79166667,en,1.00000000,,-1,,,,,,
Tiffin Maza,Tiffin Maza,GPE,0.00000000,0.00000000,en,1.00000000,,-1,,,,,,
Poland,Poland,GPE,-0.15555556,0.28888889,en,1.00000000,,-1,,,,,,
Moscow,Moscow,GPE,-0.15555556,0.28888889,en,1.00000000,,-1,,,,,,
Mokwa city,Mokwa city,GPE,0.06000000,0.29000000,en,1.00000000,,-1,,,,,,
Cannes,Cannes,GPE,0.46250000,0.75000000,en,1.00000000,,-1,,,,,,
kille,kille,GPE,-0.10000000,0.15000000,en,1.00000000,,-1,,,,,,
Mizoram,Mizoram,GPE,-0.25000000,0.38333333,en,1.00000000,,-1,,,,,,
Bangkok girds,Bangkok girds,GPE,0.00000000,0.10000000,en,1.00000000,,-1,,,,,,
Tura,Tura,GPE,-0.30000000,0.76666667,en,1.00000000,,-1,,,,,,
Boko,Boko,GPE,-0.30000000,0.76666667,en,1.00000000,,-1,,,,,,
Assam,Assam,GPE,-0.60000000,1.16666667,en,1.00000000,,-1,,,,,,
Gijang River,Gijang River,LOC,-0.60000000,0.90000000,en,1.00000000,,-1,,,,,,
north east,north east,LOC,-0.50000000,0.40000000,en,1.00000000,,-1,,,,,,
Africas,Africas,GPE,0.50000000,0.50000000,en,1.00000000,,-1,,,,,,
Arunachal Pradesh,Arunachal Pradesh,GPE,-0.95000000,1.05000000,en,1.00000000,,-1,,,,,,
Lakhimpur,Lakhimpur,GPE,-0.70000000,0.66666667,en,1.00000000,,-1,,,,,,
Northeast India,Northeast India,LOC,-0.82500000,1.73055556,en,1.00000000,,-1,,,,,,
Alexandria,Alexandria,GPE,2.00000000,4.60000000,en,1.00000000,,-1,,,,,,
Kamrup Metropolitan,Kamrup Metropolitan,LOC,0.00000000,0.00000000,en,1.00000000,,-1,,,,,,
NSW Mid North Coast,NSW Mid North Coast,LOC,0.00000000,0.00000000,en,1.00000000,,-1,,,,,,
East Coast Begins Flood Cleanup as Waters Recede,East Coast Begins Flood Cleanup as Waters Recede,LOC,0.00000000,0.00000000,en,1.00000000,,-1,,,,,,
Riverdale,Riverdale,GPE,0.30000000,0.67500000,en,1.00000000,,-1,,,,,,
Va.,Va.,GPE,0.08250000,2.20916667,en,1.00000000,,-1,,,,,,
the Murray Basin,the Murray Basin,LOC,-0.12000000,1.05333333,en,1.00000000,,-1,,,,,,
The Manning River,The Manning River,LOC,0.00000000,0.00000000,en,1.00000000,,-1,,,,,,
Goa,Goa,GPE,-0.02666667,0.35833333,en,1.00000000,,-1,,,,,,
Pernem,Pernem,GPE,0.00000000,0.00000000,en,1.00000000,,-1,,,,,,
IL,IL,GPE,0.00000000,0.30000000,en,1.00000000,,-1,,,,,,
the New South Wales,the New South Wales,LOC,0.38392045,1.57056818,en,1.00000000,,-1,,,,,,
Mid North Coast,Mid North Coast,LOC,-0.26026245,3.04729437,en,1.00000000,,-1,,,,,,
El Nino/La Nina,El Nino/La Nina,GPE,0.70000000,0.60000000,en,1.00000000,,-1,,,,,,
Hawaii County,Hawaii County,GPE,-0.32916667,1.21250000,en,1.00000000,,-1,,,,,,
Nutley Township’s,Nutley Township’s,GPE,0.17250000,0.27833333,en,1.00000000,,-1,,,,,,
Flood Britain's,Flood Britain's,GPE,0.00000000,0.00000000,en,1.00000000,,-1,,,,,,
Bristol,Bristol,GPE,0.00000000,0.00000000,en,1.00000000,,-1,,,,,,
Manitoba,Manitoba,GPE,-0.02833333,1.44666667,en,1.00000000,,-1,,,,,,
ALBEMARLE COUNTY,ALBEMARLE COUNTY,GPE,0.00000000,0.00000000,en,1.00000000,,-1,,,,,,
North Shore,North Shore,LOC,0.66000000,1.04000000,en,1.00000000,,-1,,,,,,
Albermarle County,Albermarle County,GPE,0.00000000,0.00000000,en,1.00000000,,-1,,,,,,
Meyersdale,Meyersdale,GPE,-0.28333333,0.75833333,en,1.00000000,,-1,,,,,,
Pennsylv,Pennsylv,GPE,0.00000000,0.00000000,en,1.00000000,,-1,,,,,,
Southeast United States,Southeast United States,GPE,-0.05000000,0.00000000,en,1.00000000,,-1,,,,,,
the Mid-Atlantic,the Mid-Atlantic,LOC,-0.20000000,0.37500000,en,1.00000000,,-1,,,,,,
Multiple States,Multiple States,GPE,0.00000000,0.00000000,en,1.00000000,,-1,,,,,,
Westernport BALTIMORE,Westernport BALTIMORE,GPE,-0.00000000,0.22000000,en,1.00000000,,-1,,,,,,
St. John's,St. John's,GPE,0.34090909,1.30303030,en,1.00000000,,-1,,,,,,
Westernport,Westernport,GPE,0.30000000,0.90000000,en,1.00000000,,-1,,,,,,
Allegany County,Allegany County,GPE,0.00000000,0.00000000,en,1.00000000,,-1,,,,,,
Lancaster Countys,Lancaster Countys,GPE,-0.15000000,0.40000000,en,1.00000000,,-1,,,,,,
Lancaster County,Lancaster County,GPE,0.63819444,5.29722222,en,1.00000000,,-1,,,,,,
the Coastal Empire,the Coastal Empire,LOC,0.00000000,0.00000000,en,1.00000000,,-1,,,,,,
Pune,Pune,GPE,-0.22500000,0.37500000,en,1.00000000,,-1,,,,,,
Gujarat,Gujarat,GPE,-0.20000000,1.50000000,en,1.00000000,,-1,,,,,,
the Arabian Sea,the Arabian Sea,LOC,0.21428571,0.42857143,en,1.00000000,,-1,,,,,,
South Peninsular India,South Peninsular India,GPE,-0.20000000,0.50000000,en,1.00000000,,-1,,,,,,
Port Macquarie's,Port Macquarie's,GPE,0.66000000,1.04000000,en,1.00000000,,-1,,,,,,
NSW river,NSW river,LOC,0.00000000,0.00000000,en,1.00000000,,-1,,,,,,
Phuket,Phuket,GPE,-0.12500000,0.37500000,en,1.00000000,,-1,,,,,,
recor,recor,GPE,0.37500000,0.62500000,en,1.00000000,,-1,,,,,,
Scarborough,Scarborough,GPE,0.20625000,0.30000000,en,1.00000000,,-1,,,,,,
isolat,isolat,GPE,0.00000000,0.00000000,en,1.00000000,,-1,,,,,,
Juba,Juba,GPE,0.20000000,0.38333333,en,1.00000000,,-1,,,,,,
MELBOURNE,MELBOURNE,GPE,-0.13333333,0.15000000,en,1.00000000,,-1,,,,,,
Ozarks,Ozarks,LOC,-0.21250000,1.48750000,en,1.00000000,,-1,,,,,,
Eastern Australia,Eastern Australia,LOC,-0.20000000,0.40000000,en,1.00000000,,-1,,,,,,
southeast coast,southeast coast,LOC,0.05000000,0.22500000,en,1.00000000,,-1,,,,,,
Australias east,Australias east,LOC,-0.26416667,1.23250000,en,1.00000000,,-1,,,,,,
Guwahati Flooding,Guwahati Flooding,LOC,-0.60000000,0.90000000,en,1.00000000,,-1,,,,,,
Meghalaya,Meghalaya,GPE,-1.68333333,4.18333333,en,1.00000000,,-1,,,,,,
Port Macquarie,Port Macquarie,GPE,-0.14583333,0.27083333,en,1.00000000,,-1,,,,,,
Taree,Taree,GPE,1.12146465,2.89191919,en,1.00000000,,-1,,,,,,
Hunter,Hunter,GPE,0.19962121,0.47373737,en,1.00000000,,-1,,,,,,
eastern Australia,eastern Australia,LOC,-0.02121212,0.28484848,en,1.00000000,,-1,,,,,,
Eastern Australia Floods,Eastern Australia Floods,LOC,-0.20000000,0.40000000,en,1.00000000,,-1,,,,,,
Antarctica,Antarctica,LOC,-0.25227273,0.99242424,en,1.00000000,,-1,,,,,,
Victoria,Victoria,GPE,-0.06250000,0.32142857,en,1.00000000,,-1,,,,,,
North Tablelands,North Tablelands,LOC,0.00000000,0.00000000,en,1.00000000,,-1,,,,,,
Var,Var,LOC,0.15555556,1.11111111,en,1.00000000,,-1,,,,,,
the Manning River,the Manning River,LOC,0.66111111,1.20555556,en,1.00000000,,-1,,,,,,
Manning River,Manning River,LOC,0.00000000,0.00000000,en,1.00000000,,-1,,,,,,
NSW beaches,NSW beaches,LOC,0.06250000,0.50000000,en,1.00000000,,-1,,,,,,
the Mid North Coast,the Mid North Coast,LOC,-0.66477273,3.53131313,en,1.00000000,,-1,,,,,,
atmospheric river,atmospheric river,LOC,0.02500000,0.37500000,en,1.00000000,,-1,,,,,,
