topic,sentiment_mean,sentiment_std,subjectivity_mean,subjectivity_std,counting
Causes,-0.14149102239422956,0.912321717675325,0.24756089799872655,0.901328540479011,59.0
Hazard,0.015975385641267142,0.8143454491234523,0.06808497067535553,0.8311354646828997,260.0
Impacts,0.0739357552960682,0.876408586009153,-0.12810038850388208,0.8912445106184821,65.0
Mitigation,0.06293672228756429,0.6989148712422533,0.2804484964349746,0.6204547849432602,17.0
