topic,sentiment_mean,sentiment_std,subjectivity_mean,subjectivity_std,counting
Causes,-0.08432127229175355,0.9256255349380733,0.23940258255002764,0.9429547763858057,75.0
Hazard,0.0137763229183015,0.8513709342662498,0.07318174811074254,0.8456817581478119,403.0
Impacts,0.05057376425661358,0.8729613347456938,-0.21176873119633824,0.9054120038100291,76.0
Mitigation,0.008737853079607548,0.8204406184322367,0.27853759127713756,0.8612938482432392,23.0
