,phrase,label,sentiment,subjectivity,language,count
Tuesday,Tuesday,DATE,,,en,177.60000000000062
Monday,Monday,DATE,,,en,175.6000000000006
Thursday,Thursday,DATE,,,en,150.3000000000004
Friday,Friday,DATE,,,en,147.40000000000046
one,one,CARDINAL,,,en,141.70000000000036
two,two,CARDINAL,,,en,132.8000000000003
Wednesday,Wednesday,DATE,,,en,130.7000000000003
Sunday,Sunday,DATE,,,en,119.10000000000028
thousands,thousands,CARDINAL,,,en,117.80000000000025
Saturday,Saturday,DATE,,,en,116.80000000000024
today,today,DATE,,,en,105.50000000000016
first,first,ORDINAL,,,en,88.50000000000004
this week,this week,DATE,,,en,87.60000000000007
three,three,CARDINAL,,,en,82.30000000000005
hundreds,hundreds,CARDINAL,,,en,68.29999999999995
winter,winter,DATE,,,en,61.49999999999993
Camp Mystic,Camp Mystic,FAC,,,en,60.59999999999993
dozens,dozens,CARDINAL,,,en,58.399999999999935
the weekend,the weekend,DATE,,,en,57.29999999999995
summer,summer,DATE,,,en,56.69999999999995
Thousands,Thousands,CARDINAL,,,en,54.49999999999995
millions,millions,CARDINAL,,,en,53.499999999999936
five,five,CARDINAL,,,en,46.499999999999964
four,four,CARDINAL,,,en,46.29999999999996
this weekend,this weekend,DATE,,,en,45.39999999999996
2025,2025,DATE,,,en,45.39999999999995
days,days,DATE,,,en,44.99999999999997
Christmas,Christmas,DATE,,,en,43.99999999999997
second,second,ORDINAL,,,en,43.59999999999997
Hurricane Melissa,Hurricane Melissa,EVENT,-1.1815331890331893,28.067581168831165,en,42.90000000000001
last week,last week,DATE,,,en,39.099999999999966
morning,morning,TIME,,,en,38.49999999999997
2026,2026,DATE,,,en,37.899999999999984
5,5,CARDINAL,,,en,35.8
25,25,CARDINAL,,,en,35.09999999999998
seven,seven,CARDINAL,,,en,34.299999999999976
Americans,Americans,NORP,,,en,34.19999999999997
Indonesian,Indonesian,NORP,,,en,33.69999999999998
27,27,CARDINAL,,,en,33.59999999999997
Three,Three,CARDINAL,,,en,33.49999999999998
3,3,CARDINAL,,,en,33.39999999999998
The Fine Print,The Fine Print,WORK_OF_ART,,,en,32.89999999999998
tens of thousands,tens of thousands,CARDINAL,,,en,31.899999999999984
years,years,DATE,,,en,30.899999999999984
Palestinians,Palestinians,NORP,,,en,29.999999999999982
One,One,CARDINAL,,,en,29.499999999999982
a week,a week,DATE,,,en,28.399999999999984
this year,this year,DATE,,,en,27.69999999999999
Hundreds,Hundreds,CARDINAL,,,en,27.599999999999984
eight,eight,CARDINAL,,,en,26.69999999999999
the coming days,the coming days,DATE,,,en,26.599999999999987
Chinese,Chinese,NORP,,,en,26.39999999999999
decades,decades,DATE,,,en,26.09999999999999
Consent Framework,Consent Framework,WORK_OF_ART,,,en,26.099999999999987
Two,Two,CARDINAL,,,en,25.999999999999993
overnight,overnight,TIME,,,en,25.89999999999999
six,six,CARDINAL,,,en,25.89999999999999
July,July,DATE,,,en,25.799999999999986
Punjab,Punjab,NORP,-0.09557656791798583,0.40658073270013567,en,24.799999999999997
weeks,weeks,DATE,,,en,24.69999999999999
Millions,Millions,CARDINAL,,,en,24.499999999999996
hundreds of thousands,hundreds of thousands,CARDINAL,,,en,24.199999999999992
17,17,CARDINAL,,,en,24.09999999999999
200,200,CARDINAL,,,en,23.59999999999999
11,11,CARDINAL,,,en,23.099999999999994
4,4,CARDINAL,,,en,22.999999999999993
Storm Chandra,Storm Chandra,PRODUCT,,,en,22.59999999999999
last year,last year,DATE,,,en,22.399999999999995
World Cup,World Cup,EVENT,,,en,21.699999999999996
season,season,DATE,,,en,21.599999999999998
July 4,July 4,DATE,,,en,21.399999999999995
this summer,this summer,DATE,,,en,21.299999999999997
Bali,Bali,NORP,-0.0328757225433526,0.07345857418111754,en,21.299999999999994
at least two,at least two,CARDINAL,,,en,21.199999999999996
night,night,TIME,,,en,21.099999999999998
more than 100,more than 100,CARDINAL,,,en,20.699999999999996
more than 20 years,more than 20 years,DATE,,,en,20.599999999999998
this morning,this morning,TIME,,,en,20.299999999999997
Winter,Winter,DATE,,,en,20.299999999999997
tomorrow,tomorrow,DATE,,,en,20.2
1,1,CARDINAL,,,en,20.0
13,13,CARDINAL,,,en,19.8
months,months,DATE,,,en,19.6
annual,annual,DATE,,,en,19.599999999999998
nine,nine,CARDINAL,,,en,19.500000000000004
evening,evening,TIME,,,en,19.500000000000004
20 years,20 years,DATE,,,en,19.3
Indian,Indian,NORP,,,en,18.999999999999996
19,19,CARDINAL,,,en,18.999999999999996
Australian,Australian,NORP,,,en,18.8
Australians,Australians,NORP,,,en,18.400000000000002
a year,a year,DATE,,,en,18.4
12,12,CARDINAL,,,en,18.3
10,10,CARDINAL,,,en,18.100000000000005
Spanish,Spanish,NORP,,,en,17.9
the past week,the past week,DATE,,,en,17.7
yesterday,yesterday,DATE,,,en,17.000000000000004
46,46,CARDINAL,,,en,16.900000000000002
Dozens,Dozens,CARDINAL,,,en,16.700000000000006
daily,daily,DATE,,,en,16.000000000000007
more than 200,more than 200,CARDINAL,,,en,16.0
last summer,last summer,DATE,,,en,15.900000000000004
recent days,recent days,DATE,,,en,15.700000000000005
last month,last month,DATE,,,en,15.600000000000003
Today,Today,DATE,,,en,15.500000000000002
2050,2050,DATE,,,en,15.400000000000004
American,American,NORP,,,en,15.300000000000008
20,20,CARDINAL,,,en,15.200000000000005
2,2,CARDINAL,,,en,14.900000000000002
2024,2024,DATE,,,en,14.700000000000003
6,6,CARDINAL,,,en,13.999999999999996
earlier this week,earlier this week,DATE,,,en,13.800000000000002
a day,a day,DATE,,,en,13.600000000000003
February,February,DATE,,,en,13.400000000000002
this month,this month,DATE,,,en,13.000000000000004
"1,000","1,000",CARDINAL,,,en,13.000000000000002
Tens of thousands,Tens of thousands,CARDINAL,,,en,12.900000000000004
28,28,CARDINAL,,,en,12.900000000000002
Malaysians,Malaysians,NORP,,,en,12.700000000000003
30,30,CARDINAL,,,en,12.600000000000005
third,third,ORDINAL,,,en,12.500000000000004
Palestinian,Palestinian,NORP,,,en,12.500000000000002
afternoon,afternoon,TIME,,,en,12.5
"more than 1,000","more than 1,000",CARDINAL,,,en,12.300000000000002
at least three,at least three,CARDINAL,,,en,12.3
"100,000","100,000",CARDINAL,,,en,12.200000000000003
Canadian,Canadian,NORP,,,en,12.100000000000003
100,100,CARDINAL,,,en,12.100000000000001
at least four,at least four,CARDINAL,,,en,12.000000000000002
Philippine,Philippine,NORP,,,en,12.0
39,39,DATE,,,en,11.900000000000002
Seven,Seven,CARDINAL,,,en,11.900000000000002
last weeks,last weeks,DATE,,,en,11.800000000000002
Hawaiian,Hawaiian,NORP,,,en,11.800000000000002
8,8,CARDINAL,,,en,11.800000000000002
Canadians,Canadians,NORP,,,en,11.799999999999999
Thai,Thai,NORP,,,en,11.600000000000001
26,26,CARDINAL,,,en,11.5
2023,2023,DATE,,,en,11.4
Five,Five,CARDINAL,,,en,11.300000000000002
at least six,at least six,CARDINAL,,,en,11.200000000000003
18,18,CARDINAL,,,en,11.200000000000001
at least one,at least one,CARDINAL,,,en,11.100000000000001
62,62,CARDINAL,,,en,11.100000000000001
the week,the week,DATE,,,en,11.000000000000002
First,First,ORDINAL,,,en,11.000000000000002
42,42,CARDINAL,,,en,10.900000000000002
Great Ocean Road,Great Ocean Road,FAC,,,en,10.900000000000002
40,40,CARDINAL,,,en,10.9
the BP Highway,the BP Highway,FAC,,,en,10.800000000000002
16,16,CARDINAL,,,en,10.8
a week ago,a week ago,DATE,,,en,10.700000000000001
week,week,DATE,,,en,10.600000000000001
September,September,DATE,,,en,10.500000000000002
hours,hours,TIME,,,en,10.5
2022,2022,DATE,,,en,10.3
African,African,NORP,,,en,10.100000000000001
recent years,recent years,DATE,,,en,10.000000000000004
"More than 1,000","More than 1,000",CARDINAL,,,en,10.000000000000002
At least one,At least one,CARDINAL,,,en,10.000000000000002
Nigerian,Nigerian,NORP,,,en,10.000000000000002
year,year,DATE,,,en,9.9
Israeli,Israeli,NORP,,,en,9.9
two years,two years,DATE,,,en,9.8
April,April,CARDINAL,,,en,9.6
at least 20,at least 20,CARDINAL,,,en,9.500000000000002
noon,noon,TIME,,,en,9.500000000000002
last night,last night,TIME,,,en,9.400000000000002
August,August,DATE,,,en,9.3
the day,the day,DATE,,,en,9.299999999999999
Overnight,Overnight,TIME,,,en,9.200000000000001
at least 26,at least 26,CARDINAL,,,en,9.2
day,day,DATE,,,en,9.100000000000001
June,June,DATE,,,en,9.100000000000001
Malaysian,Malaysian,NORP,,,en,9.100000000000001
Moroccan,Moroccan,NORP,,,en,9.100000000000001
fourth,fourth,ORDINAL,,,en,9.0
German,German,NORP,,,en,8.900000000000002
at least 37,at least 37,CARDINAL,,,en,8.900000000000002
Pakistans,Pakistans,NORP,,,en,8.9
less than a week,less than a week,DATE,,,en,8.9
last week's,last week's,DATE,,,en,8.800000000000002
Christian,Christian,NORP,,,en,8.700000000000001
Kruger National Park,Kruger National Park,FAC,,,en,8.700000000000001
weekend,weekend,DATE,,,en,8.600000000000001
14,14,CARDINAL,,,en,8.500000000000004
at least 13,at least 13,CARDINAL,,,en,8.500000000000002
the year,the year,DATE,,,en,8.5
50,50,CARDINAL,,,en,8.5
New Yorkers,New Yorkers,NORP,,,en,8.4
2021,2021,DATE,,,en,8.3
at least 16,at least 16,CARDINAL,,,en,8.3
Days,Days,DATE,,,en,8.3
"nearly 1,000","nearly 1,000",CARDINAL,,,en,8.200000000000001
at least 12,at least 12,CARDINAL,,,en,8.200000000000001
7,7,CARDINAL,,,en,8.200000000000001
21,21,CARDINAL,,,en,8.100000000000001
last Friday,last Friday,DATE,,,en,8.000000000000002
half,half,CARDINAL,,,en,8.0
At least 10,At least 10,CARDINAL,,,en,8.0
Four,Four,CARDINAL,,,en,8.0
two decades,two decades,DATE,,,en,8.0
4pm,4pm,TIME,,,en,7.900000000000001
Nigerians,Nigerians,NORP,,,en,7.9
March,March,DATE,,,en,7.800000000000001
"1,200","1,200",CARDINAL,,,en,7.800000000000001
33,33,CARDINAL,,,en,7.800000000000001
the World Cup,the World Cup,EVENT,,,en,7.8
the days,the days,DATE,,,en,7.700000000000001
three days,three days,DATE,,,en,7.6000000000000005
December,December,DATE,,,en,7.6000000000000005
Asian,Asian,NORP,,,en,7.6000000000000005
At least two,At least two,CARDINAL,,,en,7.500000000000001
last year’s,last year’s,DATE,,,en,7.500000000000001
29,29,CARDINAL,,,en,7.400000000000001
Six,Six,CARDINAL,,,en,7.400000000000001
Democrats,Democrats,NORP,,,en,7.400000000000001
at least 23,at least 23,CARDINAL,,,en,7.400000000000001
Kenyan,Kenyan,NORP,,,en,7.300000000000002
French,French,NORP,,,en,7.300000000000001
Torrential,Torrential,DATE,0.5489734437102858,1.0083668767879297,en,7.300000000000001
at least 17,at least 17,CARDINAL,,,en,7.300000000000001
Irish,Irish,NORP,,,en,7.3
fifth,fifth,ORDINAL,,,en,7.200000000000001
248,248,CARDINAL,,,en,7.1000000000000005
next week,next week,DATE,,,en,7.000000000000001
Pakistani,Pakistani,NORP,,,en,7.0
43,43,CARDINAL,,,en,6.9
15,15,CARDINAL,,,en,6.800000000000001
9,9,CARDINAL,,,en,6.800000000000001
Republican,Republican,NORP,,,en,6.8
tens of millions,tens of millions,MONEY,,,en,6.700000000000001
At least four,At least four,CARDINAL,,,en,6.700000000000001
Russian,Russian,NORP,,,en,6.700000000000001
recent weeks,recent weeks,DATE,,,en,6.7
this afternoon,this afternoon,TIME,,,en,6.7
the rainy season,the rainy season,DATE,,,en,6.7
Christmas Eve,Christmas Eve,DATE,,,en,6.7
Brazilian,Brazilian,NORP,,,en,6.7
at least five,at least five,CARDINAL,,,en,6.6999999999999975
Victorian,Victorian,NORP,,,en,6.6000000000000005
more than half a million,more than half a million,CARDINAL,,,en,6.6000000000000005
+12 chars,+12 chars,WORK_OF_ART,,,en,6.500000000000001
80,80,CARDINAL,,,en,6.500000000000001
55,55,CARDINAL,,,en,6.500000000000001
a month,a month,DATE,,,en,6.500000000000001
"10,000","10,000",CARDINAL,,,en,6.5
July 13,July 13,DATE,,,en,6.4
early Saturday,early Saturday,TIME,,,en,6.4
"more than 50,000","more than 50,000",CARDINAL,,,en,6.4
1.5 million,1.5 million,CARDINAL,,,en,6.4
"11,000","11,000",MONEY,,,en,6.4
About 100,About 100,CARDINAL,,,en,6.4
37,37,CARDINAL,,,en,6.4
49,49,CARDINAL,,,en,6.4
"More than 2,000","More than 2,000",CARDINAL,,,en,6.4
Borno,Borno,NORP,-1.0932748538011696,1.9595029239766082,en,6.4
Months,Months,DATE,,,en,6.3999999999999995
countrys,countrys,NORP,,,en,6.300000000000001
later this week,later this week,DATE,,,en,6.3
January,January,DATE,,,en,6.3
24,24,CARDINAL,,,en,6.200000000000001
At least three,At least three,CARDINAL,,,en,6.2
up to,up to,QUANTITY,,,en,6.1000000000000005
2019,2019,DATE,,,en,6.1000000000000005
127,127,CARDINAL,,,en,6.1000000000000005
2008,2008,DATE,,,en,6.000000000000001
the past two days,the past two days,DATE,,,en,6.000000000000001
a weekend,a weekend,DATE,,,en,6.0
20 Years,20 Years,DATE,,,en,6.0
More than 100,More than 100,CARDINAL,,,en,6.0
60,60,MONEY,,,en,5.900000000000001
trillions of gallons,trillions of gallons,QUANTITY,,,en,5.9
At least 30,At least 30,CARDINAL,,,en,5.9
early next week,early next week,DATE,,,en,5.9
more than a dozen,more than a dozen,CARDINAL,,,en,5.9
one year,one year,DATE,,,en,5.8
the next few days,the next few days,DATE,,,en,5.8
just days,just days,DATE,,,en,5.700000000000001
Indias,Indias,NORP,0.0798748353096179,0.7556818181818181,en,5.7
2011,2011,DATE,,,en,5.7
tonight,tonight,TIME,,,en,5.7
early Friday,early Friday,DATE,,,en,5.7
at least eight,at least eight,CARDINAL,,,en,5.7
300,300,MONEY,,,en,5.6000000000000005
22,22,CARDINAL,,,en,5.6000000000000005
several days,several days,DATE,,,en,5.6000000000000005
zero,zero,CARDINAL,,,en,5.6000000000000005
coming days,coming days,DATE,,,en,5.6000000000000005
at least 18,at least 18,CARDINAL,,,en,5.500000000000001
82,82,CARDINAL,,,en,5.5
at least 50,at least 50,CARDINAL,,,en,5.5
billions of dollars,billions of dollars,MONEY,,,en,5.5
500,500,CARDINAL,,,en,5.5
more than 130,more than 130,CARDINAL,,,en,5.5
at least 140,at least 140,CARDINAL,,,en,5.5
2nd,2nd,ORDINAL,,,en,5.5
at least 33,at least 33,CARDINAL,,,en,5.5
"1,300","1,300",CARDINAL,,,en,5.5
New Year's Day,New Year's Day,EVENT,,,en,5.5
last year's,last year's,DATE,,,en,5.5
At least 17,At least 17,CARDINAL,,,en,5.5
Southeast Asian,Southeast Asian,NORP,,,en,5.5
"1,500","1,500",CARDINAL,,,en,5.5
early Thursday,early Thursday,DATE,,,en,5.5
66,66,DATE,,,en,5.5
56,56,CARDINAL,,,en,5.5
July 1,July 1,DATE,,,en,5.5
Second,Second,ORDINAL,,,en,5.5
one day,one day,DATE,,,en,5.5
English,English,LANGUAGE,,,en,5.5
May,May,DATE,,,en,5.499999999999999
Sabah,Sabah,NORP,0.014107611548556437,0.0844269466316711,en,5.4
Typhoon Kalmaegi,Typhoon Kalmaegi,WORK_OF_ART,,,en,5.4
At least 14,At least 14,CARDINAL,,,en,5.4
two months,two months,DATE,,,en,5.3999999999999995
24 hours,24 hours,TIME,,,en,5.300000000000001
"more than 1,500","more than 1,500",CARDINAL,,,en,5.300000000000001
47,47,CARDINAL,,,en,5.300000000000001
another day,another day,DATE,,,en,5.300000000000001
month,month,DATE,,,en,5.3
November,November,DATE,,,en,5.2
"July 4, 2025","July 4, 2025",DATE,,,en,5.2
112,112,CARDINAL,,,en,5.2
Hundreds of thousands,Hundreds of thousands,CARDINAL,,,en,5.2
Republicans,Republicans,NORP,,,en,5.1000000000000005
earlier this year,earlier this year,DATE,,,en,5.1000000000000005
79,79,CARDINAL,,,en,5.1
the evening,the evening,TIME,,,en,5.1
"more than 1,600","more than 1,600",CARDINAL,,,en,5.1
next year,next year,DATE,,,en,5.000000000000001
next summer,next summer,DATE,,,en,5.0
|,|,CARDINAL,,,en,5.0
400,400,CARDINAL,,,en,5.0
midnight,midnight,TIME,,,en,5.0
Sunday night,Sunday night,TIME,,,en,4.9
Japanese,Japanese,NORP,,,en,4.9
Somali,Somali,NORP,,,en,4.9
44,44,CARDINAL,,,en,4.9
115,115,CARDINAL,,,en,4.9
more than 800,more than 800,CARDINAL,,,en,4.9
Hurricane Helene,Hurricane Helene,EVENT,,,en,4.8999999999999995
At least 46,At least 46,CARDINAL,,,en,4.8999999999999995
later today,later today,TIME,,,en,4.8999999999999995
"4,000","4,000",CARDINAL,,,en,4.8999999999999995
35,35,CARDINAL,,,en,4.8999999999999995
52,52,CARDINAL,,,en,4.8999999999999995
October 2024,October 2024,DATE,,,en,4.8
November 2025,November 2025,DATE,,,en,4.7
250,250,CARDINAL,,,en,4.7
British,British,NORP,,,en,4.7
23,23,CARDINAL,,,en,4.7
a million,a million,CARDINAL,,,en,4.699999999999999
"5,500","5,500",CARDINAL,,,en,4.6
"More than 1,300","More than 1,300",CARDINAL,,,en,4.6
Sunday afternoon,Sunday afternoon,TIME,,,en,4.6
Nov 25,Nov 25,DATE,,,en,4.6
the next 48 hours,the next 48 hours,TIME,,,en,4.6
six months,six months,DATE,,,en,4.6
at least 81,at least 81,CARDINAL,,,en,4.6
"more than 1,400","more than 1,400",CARDINAL,,,en,4.6
442,442,CARDINAL,,,en,4.6
Gazans,Gazans,NORP,,,en,4.6
February 2026,February 2026,DATE,,,en,4.6
700,700,CARDINAL,,,en,4.6
139,139,CARDINAL,,,en,4.6
the past few decades,the past few decades,DATE,,,en,4.6
Aquaman,Aquaman,PRODUCT,,,en,4.6
"around 1,200","around 1,200",CARDINAL,,,en,4.6
the next seven days,the next seven days,DATE,,,en,4.6
145,145,CARDINAL,,,en,4.6
800,800,CARDINAL,,,en,4.6
the past two weeks,the past two weeks,DATE,,,en,4.6
Typhoon Tino,Typhoon Tino,EVENT,,,en,4.6
December 2025,December 2025,DATE,,,en,4.6
May 19,May 19,DATE,,,en,4.6
at least 145,at least 145,CARDINAL,,,en,4.6
Summer,Summer,DATE,,,en,4.6
600,600,CARDINAL,,,en,4.6
News24 |,News24 |,DATE,,,en,4.6
2pm,2pm,TIME,,,en,4.6
last-minute,last-minute,TIME,,,en,4.6
the next 24 hours,the next 24 hours,TIME,,,en,4.6
350,350,CARDINAL,,,en,4.6
over 200,over 200,CARDINAL,,,en,4.6
over a million,over a million,CARDINAL,,,en,4.6
more than 125,more than 125,CARDINAL,,,en,4.6
nearly 200,nearly 200,CARDINAL,,,en,4.6
Memorial Day weekend,Memorial Day weekend,DATE,,,en,4.6
at least 44,at least 44,CARDINAL,,,en,4.500000000000001
last years,last years,DATE,,,en,4.5
Mexican,Mexican,NORP,,,en,4.5
Feb 25,Feb 25,DATE,,,en,4.3999999999999995
the early hours,the early hours,TIME,,,en,4.3999999999999995
This Week,This Week,DATE,,,en,4.3999999999999995
249,249,CARDINAL,,,en,4.3999999999999995
2028,2028,DATE,,,en,4.3999999999999995
"More than 300,000","More than 300,000",CARDINAL,,,en,4.3999999999999995
Afghan,Afghan,NORP,-0.8114285714285714,2.6989285714285716,en,4.3
Iranian,Iranian,NORP,,,en,4.3
the summer,the summer,DATE,,,en,4.3
ten,ten,CARDINAL,,,en,4.3
At least 20,At least 20,CARDINAL,,,en,4.3
the past month,the past month,DATE,,,en,4.3
at least 41,at least 41,CARDINAL,,,en,4.3
2018,2018,CARDINAL,,,en,4.3
more than a million,more than a million,CARDINAL,,,en,4.200000000000001
498,498,CARDINAL,,,en,4.2
247,247,CARDINAL,,,en,4.2
the past 24 hours,the past 24 hours,TIME,,,en,4.2
Weeks,Weeks,DATE,,,en,4.2
Wednesday evening,Wednesday evening,TIME,,,en,4.2
Democratic,Democratic,NORP,,,en,4.2
"2,000","2,000",CARDINAL,,,en,4.1000000000000005
the coming weeks,the coming weeks,DATE,,,en,4.0
1.4 million,1.4 million,CARDINAL,,,en,4.0
"nearly 100,000","nearly 100,000",CARDINAL,,,en,4.0
a decade,a decade,DATE,,,en,4.0
Christmas Day,Christmas Day,DATE,,,en,3.9999999999999996
140,140,CARDINAL,,,en,3.9999999999999996
"15,000","15,000",CARDINAL,,,en,3.9999999999999996
36,36,CARDINAL,,,en,3.9999999999999996
Fourth of July,Fourth of July,DATE,,,en,3.9999999999999996
at least 11,at least 11,CARDINAL,,,en,3.9000000000000004
At least five,At least five,CARDINAL,,,en,3.9
235,235,CARDINAL,,,en,3.9
10th,10th,ORDINAL,,,en,3.9
annually,annually,DATE,,,en,3.9
year-end,year-end,DATE,,,en,3.9
early Wednesday,early Wednesday,DATE,,,en,3.9
more than 40,more than 40,CARDINAL,,,en,3.8999999999999995
"more than 300,000","more than 300,000",CARDINAL,,,en,3.8000000000000003
One year,One year,DATE,,,en,3.8
three years,three years,DATE,,,en,3.8
week-long,week-long,DATE,,,en,3.8
41,41,CARDINAL,,,en,3.8
"More than 100,000","More than 100,000",CARDINAL,,,en,3.8
At least 19,At least 19,CARDINAL,,,en,3.8
"200,000","200,000",CARDINAL,,,en,3.8
last weekend,last weekend,DATE,,,en,3.8
This year,This year,DATE,,,en,3.8
the afternoon,the afternoon,TIME,,,en,3.7
At least 40,At least 40,CARDINAL,,,en,3.6999999999999997
Sumatra,Sumatra,NORP,0.0025466893039049277,0.026976042256178112,en,3.6999999999999997
78,78,CARDINAL,,,en,3.6999999999999997
Jan 22,Jan 22,DATE,,,en,3.6999999999999997
seven-year-old,seven-year-old,DATE,,,en,3.6999999999999997
At least 37,At least 37,CARDINAL,,,en,3.6999999999999997
three months,three months,DATE,,,en,3.6999999999999997
2027,2027,CARDINAL,,,en,3.6999999999999997
81,81,CARDINAL,,,en,3.6999999999999997
90mph,90mph,QUANTITY,,,en,3.6999999999999997
More than 17 million,More than 17 million,CARDINAL,,,en,3.6999999999999997
nearly 100,nearly 100,CARDINAL,,,en,3.6999999999999997
at least 19,at least 19,CARDINAL,,,en,3.6999999999999997
seven days,seven days,DATE,,,en,3.6999999999999997
"50,000","50,000",CARDINAL,,,en,3.6999999999999997
1950,1950,DATE,,,en,3.6999999999999997
180 mph,180 mph,QUANTITY,,,en,3.6999999999999997
June 26,June 26,DATE,,,en,3.6999999999999997
310,310,CARDINAL,,,en,3.6999999999999997
more than 230,more than 230,CARDINAL,,,en,3.6999999999999997
January 2024,January 2024,DATE,,,en,3.6999999999999997
nights,nights,TIME,,,en,3.6999999999999997
the last week,the last week,DATE,,,en,3.6999999999999997
earlier this month,earlier this month,DATE,,,en,3.6999999999999997
four months,four months,DATE,,,en,3.6999999999999997
West African,West African,NORP,,,en,3.6999999999999997
more than 80,more than 80,CARDINAL,,,en,3.6999999999999997
Indigenous,Indigenous,NORP,,,en,3.6999999999999997
2016,2016,DATE,,,en,3.6999999999999997
midday,midday,TIME,,,en,3.6999999999999997
Day weekend,Day weekend,DATE,,,en,3.6999999999999997
51,51,CARDINAL,,,en,3.6999999999999997
908,908,CARDINAL,,,en,3.6999999999999997
more than 700,more than 700,CARDINAL,,,en,3.6999999999999997
1bn,1bn,MONEY,,,en,3.6999999999999997
the Great Ocean Road,the Great Ocean Road,FAC,,,en,3.6999999999999997
A year,A year,DATE,,,en,3.6999999999999997
Feb 17,Feb 17,DATE,,,en,3.6999999999999997
more than 300,more than 300,CARDINAL,,,en,3.6999999999999997
rainy season,rainy season,DATE,,,en,3.6999999999999997
more than 20,more than 20,CARDINAL,,,en,3.6999999999999997
Dutch,Dutch,NORP,,,en,3.6999999999999997
nearly half,nearly half,CARDINAL,,,en,3.6999999999999997
the past year,the past year,DATE,,,en,3.6999999999999997
88,88,CARDINAL,,,en,3.6999999999999997
more than a decade,more than a decade,DATE,,,en,3.6999999999999997
74,74,CARDINAL,,,en,3.6999999999999997
six days,six days,DATE,,,en,3.6999999999999997
205,205,CARDINAL,,,en,3.6999999999999997
another six days,another six days,DATE,,,en,3.6999999999999997
"7,000","7,000",CARDINAL,,,en,3.6999999999999997
last summer's,last summer's,DATE,,,en,3.6999999999999997
tens of millions of dollars,tens of millions of dollars,MONEY,,,en,3.6999999999999997
Nearly a million,Nearly a million,CARDINAL,,,en,3.6000000000000005
Dec 4,Dec 4,DATE,,,en,3.6
14 years ago,14 years ago,DATE,,,en,3.5999999999999996
Last month,Last month,DATE,,,en,3.5999999999999996
South Asian,South Asian,NORP,,,en,3.5999999999999996
New Year,New Year,EVENT,,,en,3.5
Season 2,Season 2,DATE,,,en,3.5
around 40%,around 40%,PERCENT,,,en,3.5
Indonesia&rsquo;s,Indonesia&rsquo;s,CARDINAL,,,en,3.5
recent decades,recent decades,DATE,,,en,3.5
European,European,NORP,,,en,3.5
More than 40,More than 40,CARDINAL,,,en,3.5
More than a foot,More than a foot,CARDINAL,,,en,3.5
late January,late January,DATE,,,en,3.5
BP Highway,BP Highway,FAC,,,en,3.5
Jan 17,Jan 17,DATE,,,en,3.5
September 2024,September 2024,DATE,,,en,3.5
$1 billion,$1 billion,MONEY,,,en,3.4999999999999996
at least 66,at least 66,CARDINAL,,,en,3.4000000000000004
October,October,DATE,,,en,3.4000000000000004
60 mph,60 mph,QUANTITY,,,en,3.4
at least 47,at least 47,CARDINAL,,,en,3.4
early Tuesday,early Tuesday,DATE,,,en,3.4
"20,000","20,000",CARDINAL,,,en,3.3999999999999995
2009,2009,DATE,,,en,3.3999999999999995
Nearly half,Nearly half,CARDINAL,,,en,3.3
"more than 10,000","more than 10,000",CARDINAL,,,en,3.3
228,228,CARDINAL,,,en,3.3
South African,South African,NORP,,,en,3.3
Last week,Last week,DATE,,,en,3.3
"Jan. 7, 2025","Jan. 7, 2025",DATE,,,en,3.3
May 23,May 23,DATE,,,en,3.3
a few miles,a few miles,QUANTITY,,,en,3.3
million-dollar,million-dollar,MONEY,,,en,3.2
Himalayan,Himalayan,NORP,,,en,3.2
more than 30,more than 30,CARDINAL,,,en,3.1999999999999997
Israels,Israels,NORP,,,en,3.1999999999999997
at least 30,at least 30,CARDINAL,,,en,3.1999999999999997
At least 26,At least 26,CARDINAL,,,en,3.1
the Christmas holiday,the Christmas holiday,DATE,,,en,3.1
64,64,CARDINAL,,,en,3.1
the Texas Hill Country,the Texas Hill Country,FAC,,,en,3.1
110,110,CARDINAL,,,en,3.0999999999999996
Ukrainian,Ukrainian,NORP,,,en,3.0999999999999996
1998,1998,DATE,,,en,3.0999999999999996
This week,This week,DATE,,,en,3.0999999999999996
July 3,July 3,DATE,,,en,3.0999999999999996
July 5,July 5,DATE,,,en,3.0999999999999996
April 29,April 29,DATE,,,en,3.0999999999999996
Jewish,Jewish,NORP,,,en,3.0999999999999996
"more than 4,000","more than 4,000",CARDINAL,,,en,3.0999999999999996
28 years,28 years,DATE,,,en,3.0999999999999996
"5,000","5,000",CARDINAL,,,en,3.0999999999999996
nearly a year,nearly a year,DATE,,,en,3.0
1.75 lakh hectares,1.75 lakh hectares,QUANTITY,,,en,3.0
two days,two days,DATE,,,en,3.0
238,238,CARDINAL,,,en,3.0
$300 trillion,$300 trillion,MONEY,,,en,3.0
$1 million,$1 million,MONEY,,,en,3.0
Thirty seven,Thirty seven,CARDINAL,,,en,3.0
this season,this season,DATE,,,en,3.0
September 9,September 9,DATE,,,en,3.0
more than 850,more than 850,CARDINAL,,,en,3.0
at least 14,at least 14,CARDINAL,,,en,3.0
Less than three months,Less than three months,DATE,,,en,3.0
Vietnamese,Vietnamese,NORP,,,en,3.0
The Coming AI Debt Deluge,The Coming AI Debt Deluge,LAW,,,en,3.0
a day earlier,a day earlier,DATE,,,en,3.0
More than 1.5 million,More than 1.5 million,CARDINAL,,,en,3.0
"July 7, 2025","July 7, 2025",DATE,,,en,3.0
two hours,two hours,TIME,,,en,3.0
Hurricane Lorena,Hurricane Lorena,EVENT,,,en,2.9999999999999996
at least 85,at least 85,CARDINAL,,,en,2.9000000000000004
More than 30,More than 30,CARDINAL,,,en,2.9
last September,last September,DATE,,,en,2.9
the last 24 hours,the last 24 hours,TIME,,,en,2.9
At least 5,At least 5,CARDINAL,,,en,2.9
thousand,thousand,CARDINAL,,,en,2.9
Two years ago,Two years ago,DATE,,,en,2.9
at least 4,at least 4,CARDINAL,,,en,2.9
the third day,the third day,DATE,,,en,2.9
+95 chars,+95 chars,WORK_OF_ART,,,en,2.9
Each year,Each year,DATE,,,en,2.9
Democrat,Democrat,NORP,,,en,2.8999999999999995
winters,winters,DATE,,,en,2.8
At least 82,At least 82,CARDINAL,,,en,2.8
More than 50,More than 50,CARDINAL,,,en,2.8
Sarawak,Sarawak,NORP,0.02011494252873563,0.07471264367816091,en,2.8
"406,000","406,000",MONEY,,,en,2.8
90 minutes,90 minutes,TIME,,,en,2.8
holiday weekend,holiday weekend,DATE,,,en,2.8
At least 62,At least 62,CARDINAL,,,en,2.8
126,126,CARDINAL,,,en,2.8
Chapter 11,Chapter 11,LAW,,,en,2.8
84.6 mm,84.6 mm,QUANTITY,,,en,2.8
one-year,one-year,DATE,,,en,2.8
just a few hours,just a few hours,TIME,,,en,2.8
Kakadu,Kakadu,NORP,,,en,2.8
Segamat,Segamat,NORP,0.06862745098039215,0.22875816993464057,en,2.8
Morning,Morning,TIME,,,en,2.8
Muslims,Muslims,NORP,,,en,2.8
Jan. 27,Jan. 27,DATE,,,en,2.8
At least seven,At least seven,CARDINAL,,,en,2.8
at least 24,at least 24,CARDINAL,,,en,2.8
at least 110,at least 110,CARDINAL,,,en,2.8
late Tuesday,late Tuesday,DATE,,,en,2.8
Last Friday,Last Friday,DATE,,,en,2.8
one million,one million,CARDINAL,,,en,2.8
New Year's,New Year's,EVENT,,,en,2.8
At least 200,At least 200,CARDINAL,,,en,2.8
Doomsday Glacier,Doomsday Glacier,WORK_OF_ART,,,en,2.8
the coming months,the coming months,DATE,,,en,2.8
2000,2000,DATE,,,en,2.8
June 20,June 20,DATE,,,en,2.8
this spring,this spring,DATE,,,en,2.8
June 7,June 7,DATE,,,en,2.8
Half,Half,CARDINAL,,,en,2.8
90,90,CARDINAL,,,en,2.8
late-season,late-season,DATE,,,en,2.8
late last year,late last year,DATE,,,en,2.8
Venezuelan,Venezuelan,NORP,,,en,2.8
North Korean,North Korean,NORP,,,en,2.8
$250m,$250m,MONEY,,,en,2.8
Swan River,Swan River,WORK_OF_ART,-0.05606060606060606,0.1303030303030303,en,2.8
Nearly 400,Nearly 400,CARDINAL,,,en,2.8
more than £281 million,more than £281 million,MONEY,,,en,2.8
more than 7 inches,more than 7 inches,QUANTITY,,,en,2.8
366,366,CARDINAL,,,en,2.8
several feet,several feet,QUANTITY,,,en,2.8
At least 42,At least 42,CARDINAL,,,en,2.8
69,69,CARDINAL,,,en,2.8
At least 49,At least 49,CARDINAL,,,en,2.8
April 2,April 2,DATE,,,en,2.8
+4852,+4852,NORP,,,en,2.8
May 20,May 20,DATE,,,en,2.8
more than 70,more than 70,CARDINAL,,,en,2.8
more than a thousand,more than a thousand,CARDINAL,,,en,2.8
2 million,2 million,CARDINAL,,,en,2.8
153,153,CARDINAL,,,en,2.8
Venezuelans,Venezuelans,NORP,,,en,2.8
"1,603","1,603",CARDINAL,,,en,2.8
Iberian,Iberian,NORP,,,en,2.8
more than two million,more than two million,CARDINAL,,,en,2.8
a few hours,a few hours,TIME,,,en,2.8
4 p.m.,4 p.m.,TIME,,,en,2.8
the end of the week,the end of the week,DATE,,,en,2.8
Ten,Ten,CARDINAL,,,en,2.8
Territorians,Territorians,NORP,,,en,2.8
monthly,monthly,DATE,,,en,2.8
More than 230,More than 230,CARDINAL,,,en,2.8
Malawians,Malawians,NORP,,,en,2.8
this hurricane season,this hurricane season,DATE,,,en,2.8
more than 500,more than 500,CARDINAL,,,en,2.8
"700,000","700,000",CARDINAL,,,en,2.8
Sandakan,Sandakan,NORP,-0.4166666666666667,2.2666666666666666,en,2.8
123,123,CARDINAL,,,en,2.8
July 2,July 2,DATE,,,en,2.8
38.5 billion,38.5 billion,MONEY,,,en,2.8
$100 million,$100 million,MONEY,,,en,2.8
Laotian,Laotian,NORP,,,en,2.8
More than 700,More than 700,CARDINAL,,,en,2.8
spring,spring,DATE,,,en,2.8
+71 chars,+71 chars,WORK_OF_ART,,,en,2.8
114th,114th,ORDINAL,,,en,2.8
278,278,CARDINAL,,,en,2.8
five days,five days,DATE,,,en,2.8
"July 10, 2026 (GLOBE NEWSWIRE)","July 10, 2026 (GLOBE NEWSWIRE)",DATE,,,en,2.8
up to 3 inches,up to 3 inches,QUANTITY,,,en,2.8
"17,000","17,000",CARDINAL,,,en,2.8
Feb. 16,Feb. 16,DATE,,,en,2.8
Eighteen,Eighteen,CARDINAL,,,en,2.8
a single day,a single day,DATE,,,en,2.8
at least 10,at least 10,CARDINAL,,,en,2.8
Snowflake,Snowflake,PRODUCT,,,en,2.8
100 km/h,100 km/h,QUANTITY,,,en,2.8
Eight,Eight,CARDINAL,,,en,2.8
"14,000","14,000",CARDINAL,,,en,2.8
more than 600,more than 600,CARDINAL,,,en,2.8
the days ahead,the days ahead,DATE,,,en,2.8
"3,121","3,121",CARDINAL,,,en,2.8
166,166,CARDINAL,,,en,2.8
+1768 chars,+1768 chars,WORK_OF_ART,,,en,2.8
At least 12,At least 12,CARDINAL,,,en,2.8
Wednesday night,Wednesday night,TIME,,,en,2.8
Sunday morning,Sunday morning,TIME,,,en,2.8
Thirty,Thirty,CARDINAL,,,en,2.8
174,174,CARDINAL,,,en,2.8
the next three days,the next three days,DATE,,,en,2.8
the Mechi Highway,the Mechi Highway,FAC,,,en,2.8
Californians,Californians,NORP,,,en,2.8
355,355,CARDINAL,,,en,2.8
At least 18,At least 18,CARDINAL,,,en,2.8
more than a week,more than a week,DATE,,,en,2.8
at least 21,at least 21,CARDINAL,,,en,2.8
Zionist,Zionist,NORP,,,en,2.8
more than 440,more than 440,CARDINAL,,,en,2.8
the summer months,the summer months,DATE,,,en,2.8
911,911,CARDINAL,,,en,2.8
Four years,Four years,DATE,,,en,2.8
SoCal,SoCal,FAC,-0.1255411255411255,1.346969696969697,en,2.8
Approximately three thousand,Approximately three thousand,CARDINAL,,,en,2.8
2.5 centimeters,2.5 centimeters,QUANTITY,,,en,2.8
late Thursday,late Thursday,TIME,,,en,2.8
70,70,CARDINAL,,,en,2.8
Third,Third,ORDINAL,,,en,2.8
31,31,CARDINAL,,,en,2.8
the Easter weekend,the Easter weekend,DATE,,,en,2.8
around 1.4 million,around 1.4 million,CARDINAL,,,en,2.8
218,218,CARDINAL,,,en,2.8
"more than 379,000","more than 379,000",CARDINAL,,,en,2.8
18 years,18 years,DATE,,,en,2.8
the holidays,the holidays,DATE,,,en,2.8
Dec 1,Dec 1,DATE,,,en,2.8
"9,800","9,800",CARDINAL,,,en,2.8
1931,1931,DATE,,,en,2.8
a year ago,a year ago,DATE,,,en,2.8
Dec 30,Dec 30,DATE,,,en,2.8
53,53,CARDINAL,,,en,2.8
the years,the years,DATE,,,en,2.8
At least 24,At least 24,CARDINAL,,,en,2.8
Facebook,Facebook,WORK_OF_ART,,,en,2.8
2017,2017,DATE,,,en,2.8
at least 2,at least 2,CARDINAL,,,en,2.8
more than 160,more than 160,CARDINAL,,,en,2.8
World Press Photo Contest,World Press Photo Contest,EVENT,,,en,2.8
July 2026,July 2026,DATE,,,en,2.7999999999999994
next 24 hours,next 24 hours,TIME,,,en,2.7
15 years,15 years,DATE,,,en,2.7
more than 150,more than 150,CARDINAL,,,en,2.7
"2,500","2,500",CARDINAL,,,en,2.7
450,450,CARDINAL,,,en,2.7
Fourteen,Fourteen,CARDINAL,,,en,2.6999999999999997
late Monday,late Monday,TIME,,,en,2.6999999999999997
recent months,recent months,DATE,,,en,2.6999999999999997
more than 100 millimetres,more than 100 millimetres,QUANTITY,,,en,2.6
January 2026,January 2026,DATE,,,en,2.6
Only one,Only one,CARDINAL,,,en,2.6
every year,every year,DATE,,,en,2.6
Tibetan,Tibetan,NORP,,,en,2.6
132,132,CARDINAL,,,en,2.6
four-day,four-day,DATE,,,en,2.6
7%,7%,PERCENT,,,en,2.6
early this week,early this week,DATE,,,en,2.6
this past weekend,this past weekend,DATE,,,en,2.6
March 21,March 21,DATE,,,en,2.6
165,165,CARDINAL,,,en,2.6
Super Typhoon Ragasa,Super Typhoon Ragasa,FAC,0.5555555555555556,2.7777777777777772,en,2.5999999999999996
Flooding,Flooding,PRODUCT,,,en,2.5999999999999996
54,54,CARDINAL,,,en,2.5999999999999996
fourth day,fourth day,DATE,,,en,2.5999999999999996
At least 13,At least 13,CARDINAL,,,en,2.5999999999999996
118,118,CARDINAL,,,en,2.5999999999999996
Main Street,Main Street,FAC,,,en,2.5999999999999996
TODAY,TODAY,DATE,,,en,2.5999999999999996
Last year,Last year,DATE,,,en,2.5999999999999996
1982,1982,DATE,,,en,2.5
45,45,CARDINAL,,,en,2.5
the past few weeks,the past few weeks,DATE,,,en,2.5
millions of dollars,millions of dollars,MONEY,,,en,2.5
the past few days,the past few days,DATE,,,en,2.5
72 hours,72 hours,TIME,,,en,2.5
57,57,CARDINAL,,,en,2.4999999999999996
543,543,CARDINAL,,,en,2.4
195,195,CARDINAL,,,en,2.4
Shakti,Shakti,NORP,,,en,2.4
nearly 500,nearly 500,CARDINAL,,,en,2.4
In Praise of Floods,In Praise of Floods,WORK_OF_ART,,,en,2.4
"nearly 11,000","nearly 11,000",CARDINAL,,,en,2.4
Johor,Johor,NORP,0.13585858585858585,0.35400883838383834,en,2.4
weekly,weekly,DATE,,,en,2.4
"more than 100,000","more than 100,000",CARDINAL,,,en,2.4
the Quality Learing Center,the Quality Learing Center,FAC,,,en,2.4
at least 59,at least 59,CARDINAL,,,en,2.4
160,160,CARDINAL,,,en,2.4
Feb 12,Feb 12,DATE,,,en,2.4
this evening,this evening,TIME,,,en,2.3
5th Avenue,5th Avenue,FAC,,,en,2.3
"25,000","25,000",MONEY,,,en,2.3
75,75,MONEY,,,en,2.3
Thursdays,Thursdays,DATE,,,en,2.2
Rotorua,Rotorua,NORP,,,en,2.2
July 4 weekend,July 4 weekend,DATE,,,en,2.2
Poseidon,Poseidon,PRODUCT,,,en,2.2
85,85,CARDINAL,,,en,2.2
Jersey Shore,Jersey Shore,FAC,-0.5375,1.4,en,2.2
Latin American,Latin American,NORP,,,en,2.2
Peruvian,Peruvian,NORP,,,en,2.2
At least 41,At least 41,CARDINAL,,,en,2.1999999999999997
Thurs,Thurs,DATE,,,en,2.1999999999999997
two weeks,two weeks,DATE,,,en,2.1999999999999997
Afghanistans,Afghanistans,NORP,,,en,2.1999999999999997
Sout,Sout,NORP,,,en,2.1999999999999997
two years ago,two years ago,DATE,,,en,2.1999999999999997
At least 80,At least 80,CARDINAL,,,en,2.1999999999999997
Dec 24,Dec 24,DATE,,,en,2.1999999999999997
40%,40%,PERCENT,,,en,2.1999999999999997
Camp Taum Sauk,Camp Taum Sauk,FAC,,,en,2.1999999999999997
another week,another week,DATE,,,en,2.1
At least 450,At least 450,CARDINAL,,,en,2.1
Nearly 1 million,Nearly 1 million,CARDINAL,,,en,2.1
the early days,the early days,DATE,,,en,2.1
48 hours,48 hours,TIME,,,en,2.1
"approximately 10,000","approximately 10,000",CARDINAL,,,en,2.0
"nearly 2,000","nearly 2,000",CARDINAL,,,en,2.0
Chimpanzees,Chimpanzees,PRODUCT,,,en,2.0
Bailey,Bailey,FAC,,,en,2.0
September 10,September 10,DATE,,,en,2.0
Wednesday morning,Wednesday morning,TIME,,,en,2.0
Sept 17,Sept 17,DATE,,,en,2.0
July 7,July 7,DATE,,,en,2.0
3rd,3rd,ORDINAL,,,en,2.0
"120,000","120,000",CARDINAL,,,en,2.0
At least 3,At least 3,CARDINAL,,,en,2.0
centuries-old,centuries-old,DATE,,,en,2.0
"more than 25,000","more than 25,000",CARDINAL,,,en,2.0
Oscar,Oscar,PRODUCT,,,en,2.0
At least 4,At least 4,CARDINAL,,,en,2.0
Dublin Airport,Dublin Airport,FAC,,,en,2.0
Jamaican,Jamaican,NORP,,,en,2.0
the Last 100 Years,the Last 100 Years,DATE,,,en,2.0
"Sunday, September 21","Sunday, September 21",DATE,,,en,2.0
Super Typhoon Fung-wong,Super Typhoon Fung-wong,EVENT,,,en,2.0
Another 15,Another 15,CARDINAL,,,en,2.0
degrowth,degrowth,NORP,,,en,2.0
last July,last July,DATE,,,en,2.0
2.6 million,2.6 million,CARDINAL,,,en,2.0
150,150,CARDINAL,,,en,2.0
at least 29,at least 29,CARDINAL,,,en,2.0
196,196,CARDINAL,,,en,2.0
$2.4,$2.4,MONEY,,,en,2.0
6:00 a.m.,6:00 a.m.,TIME,,,en,2.0
Hurricane Katrina,Hurricane Katrina,EVENT,,,en,2.0
million,million,CARDINAL,,,en,2.0
PM,PM,TIME,,,en,2.0
at least 27,at least 27,CARDINAL,,,en,2.0
"over 250,000","over 250,000",CARDINAL,,,en,2.0
At least 29,At least 29,CARDINAL,,,en,2.0
the 4th of July,the 4th of July,DATE,,,en,2.0
November onwards,November onwards,DATE,,,en,2.0
19th-century,19th-century,DATE,,,en,2.0
the White House,the White House,FAC,,,en,2.0
Sept 10,Sept 10,DATE,,,en,2.0
up to 40 inches,up to 40 inches,QUANTITY,,,en,2.0
the past few months,the past few months,DATE,,,en,2.0
last October,last October,DATE,,,en,2.0
"Tuesday, September 16","Tuesday, September 16",DATE,,,en,2.0
Trinamool,Trinamool,NORP,,,en,2.0
+2872 chars,+2872 chars,WORK_OF_ART,,,en,2.0
"Friday, September 26","Friday, September 26",DATE,,,en,2.0
Alaskans,Alaskans,NORP,,,en,2.0
a night,a night,TIME,,,en,2.0
four days,four days,DATE,,,en,1.9000000000000001
the Top End,the Top End,FAC,,,en,1.9000000000000001
At least 50,At least 50,CARDINAL,,,en,1.9
Mechi Highway,Mechi Highway,FAC,,,en,1.9
Swiss,Swiss,NORP,,,en,1.9
100 millimetres,100 millimetres,QUANTITY,,,en,1.9
"May 5, 2026 /PRNewswire/","May 5, 2026 /PRNewswire/",DATE,,,en,1.9
up to 120 millimetres,up to 120 millimetres,QUANTITY,,,en,1.9
several inches,several inches,QUANTITY,,,en,1.9
+3618,+3618,NORP,,,en,1.9
14.4 metres,14.4 metres,QUANTITY,,,en,1.9
+2242,+2242,CARDINAL,,,en,1.9
more than 50,more than 50,CARDINAL,,,en,1.9
"nearly 10,000","nearly 10,000",CARDINAL,,,en,1.9
"more than 3,000","more than 3,000",CARDINAL,,,en,1.9
sout,sout,NORP,,,en,1.9
Vinted,Vinted,PRODUCT,,,en,1.9
Documentary Festival,Documentary Festival,EVENT,,,en,1.9
$6 million,$6 million,MONEY,,,en,1.9
At least 28,At least 28,CARDINAL,,,en,1.9
March 3,March 3,DATE,,,en,1.9
News24 | Wednesday,News24 | Wednesday,DATE,,,en,1.9
earlier in the week,earlier in the week,DATE,,,en,1.9
Successive,Successive,DATE,,,en,1.9
the past 15 hours,the past 15 hours,TIME,,,en,1.9
Hawaiians,Hawaiians,NORP,,,en,1.9
at least 64,at least 64,CARDINAL,,,en,1.9
seasonal,seasonal,DATE,,,en,1.9
"480,000","480,000",MONEY,,,en,1.9
Several days,Several days,DATE,,,en,1.9
+1639 chars,+1639 chars,WORK_OF_ART,,,en,1.9
about two decades,about two decades,DATE,,,en,1.9
Britons,Britons,NORP,,,en,1.9
72,72,CARDINAL,,,en,1.9
Tax Day,Tax Day,EVENT,,,en,1.9
+2350 chars,+2350 chars,WORK_OF_ART,,,en,1.9
240,240,CARDINAL,,,en,1.9
"more than 7,000","more than 7,000",CARDINAL,,,en,1.9
just 115 mph,just 115 mph,QUANTITY,,,en,1.9
60%,60%,PERCENT,,,en,1.9
11 million,11 million,CARDINAL,,,en,1.9
April 2026,April 2026,DATE,,,en,1.9
one week,one week,DATE,,,en,1.9
230,230,CARDINAL,,,en,1.9
"800,000","800,000",MONEY,,,en,1.9
3-4 metres,3-4 metres,QUANTITY,,,en,1.9
early morning,early morning,TIME,,,en,1.9
three-hour,three-hour,TIME,,,en,1.9
iRobot,iRobot,PRODUCT,,,en,1.9
at least 45,at least 45,CARDINAL,,,en,1.9
at least ten,at least ten,CARDINAL,,,en,1.9
+2765 chars,+2765 chars,WORK_OF_ART,,,en,1.9
"more than 2,000","more than 2,000",CARDINAL,,,en,1.9
consecutive years,consecutive years,DATE,,,en,1.9
hurricane season,hurricane season,DATE,,,en,1.9
just over a decade ago,just over a decade ago,DATE,,,en,1.9
two million,two million,CARDINAL,,,en,1.9
2022-23,2022-23,DATE,,,en,1.9
2 weeks,2 weeks,DATE,,,en,1.9
Dune,Dune,WORK_OF_ART,,,en,1.9
Muddy,Muddy,PRODUCT,,,en,1.9
241,241,CARDINAL,,,en,1.9
March 9,March 9,DATE,,,en,1.9
Nearly two years,Nearly two years,DATE,,,en,1.9
Fisher River,Fisher River,FAC,0.35,1.3333333333333333,en,1.9
More than 3.7 million,More than 3.7 million,CARDINAL,,,en,1.9
+3173 chars,+3173 chars,WORK_OF_ART,,,en,1.9
early Sunday,early Sunday,DATE,,,en,1.9
$30.5 million,$30.5 million,MONEY,,,en,1.9
the Week of Weather From Hell,the Week of Weather From Hell,DATE,,,en,1.9
between Monday and Tuesday,between Monday and Tuesday,DATE,,,en,1.9
1.49,1.49,CARDINAL,,,en,1.9
"Nearly 10,000","Nearly 10,000",CARDINAL,,,en,1.9
Easter weekend,Easter weekend,DATE,0.957840909090909,3.6090530303030306,en,1.9
May 22,May 22,DATE,,,en,1.9
52%,52%,PERCENT,,,en,1.9
Oct. 2,Oct. 2,DATE,,,en,1.9
the sixth consecutive year,the sixth consecutive year,DATE,,,en,1.9
FIRST,FIRST,ORDINAL,,,en,1.9
"nearly 50,000","nearly 50,000",CARDINAL,,,en,1.9
March 13,March 13,DATE,,,en,1.9
four straight days,four straight days,DATE,,,en,1.9
March 14,March 14,DATE,,,en,1.9
barely 60 degrees,barely 60 degrees,QUANTITY,,,en,1.9
the start of the weekend,the start of the weekend,DATE,,,en,1.9
Decades,Decades,DATE,,,en,1.9
29 tons,29 tons,QUANTITY,,,en,1.9
six years,six years,DATE,,,en,1.9
over 500,over 500,CARDINAL,,,en,1.9
September 17,September 17,DATE,,,en,1.9
Titanic,Titanic,FAC,,,en,1.9
Saharan,Saharan,NORP,,,en,1.9
At least 64,At least 64,CARDINAL,,,en,1.9
as high as 90 degrees,as high as 90 degrees,QUANTITY,,,en,1.9
"74,000","74,000",MONEY,,,en,1.9
billions,billions,CARDINAL,,,en,1.9
about a quarter,about a quarter,CARDINAL,,,en,1.9
Over 150,Over 150,CARDINAL,,,en,1.9
east African,east African,NORP,,,en,1.9
at least 40,at least 40,CARDINAL,,,en,1.9
six meters,six meters,QUANTITY,,,en,1.9
Dec. 17,Dec. 17,DATE,,,en,1.9
early next year,early next year,DATE,,,en,1.9
At least 21,At least 21,CARDINAL,,,en,1.9
Dec 15,Dec 15,DATE,,,en,1.9
the morning of the 4th,the morning of the 4th,TIME,,,en,1.9
more than 129,more than 129,CARDINAL,,,en,1.9
thirty-seven,thirty-seven,CARDINAL,,,en,1.9
1.2 million,1.2 million,CARDINAL,,,en,1.9
War,War,EVENT,,,en,1.9
129,129,CARDINAL,,,en,1.9
over 300,over 300,CARDINAL,,,en,1.9
130,130,CARDINAL,,,en,1.9
+52,+52,NORP,,,en,1.9
Eye Opener,Eye Opener,EVENT,,,en,1.9
at least 129,at least 129,CARDINAL,,,en,1.9
more than 2 inches,more than 2 inches,QUANTITY,,,en,1.9
Dec 11,Dec 11,DATE,,,en,1.9
nearly 1.5 million,nearly 1.5 million,CARDINAL,,,en,1.9
four years ago,four years ago,DATE,,,en,1.9
1B,1B,MONEY,,,en,1.9
Mid-Century,Mid-Century,DATE,,,en,1.9
Friday evening,Friday evening,TIME,,,en,1.9
50%,50%,PERCENT,,,en,1.9
yearly,yearly,DATE,,,en,1.9
"almost 60,000","almost 60,000",CARDINAL,,,en,1.9
nearly 30 years,nearly 30 years,DATE,,,en,1.9
"at least 600,000","at least 600,000",CARDINAL,,,en,1.9
just a week,just a week,DATE,,,en,1.9
July 2025,July 2025,DATE,,,en,1.9
1-2 inches,1-2 inches,QUANTITY,,,en,1.9
27 December,27 December,DATE,,,en,1.9
+1838,+1838,NORP,,,en,1.9
the new year,the new year,DATE,,,en,1.9
Four months,Four months,DATE,,,en,1.9
a century,a century,DATE,,,en,1.9
nearly 90 percent,nearly 90 percent,PERCENT,,,en,1.9
109,109,CARDINAL,,,en,1.9
over 160,over 160,CARDINAL,,,en,1.9
Camp Mystic's,Camp Mystic's,FAC,,,en,1.9
the middle of next week,the middle of next week,DATE,,,en,1.9
Christmas day,Christmas day,DATE,,,en,1.9
Christmas night,Christmas night,TIME,,,en,1.9
Indonesians,Indonesians,NORP,,,en,1.9
119,119,CARDINAL,,,en,1.9
Christmas holiday,Christmas holiday,DATE,,,en,1.9
Tuesday afternoon,Tuesday afternoon,TIME,,,en,1.9
Years,Years,DATE,,,en,1.9
More than 41 million,More than 41 million,CARDINAL,,,en,1.9
Catholics,Catholics,NORP,,,en,1.9
Dec 23,Dec 23,DATE,,,en,1.9
at least 120,at least 120,CARDINAL,,,en,1.9
Dec. 19,Dec. 19,DATE,,,en,1.9
early December,early December,DATE,,,en,1.9
Three months,Three months,DATE,,,en,1.9
+4595,+4595,NORP,,,en,1.9
the monsoon season,the monsoon season,DATE,,,en,1.9
another night,another night,TIME,,,en,1.9
2012,2012,DATE,,,en,1.9
"54,000","54,000",CARDINAL,,,en,1.9
over 4 million,over 4 million,CARDINAL,,,en,1.9
Nov 21,Nov 21,DATE,,,en,1.9
MORNING,MORNING,TIME,,,en,1.9
"6,222","6,222",CARDINAL,,,en,1.9
1 month,1 month,DATE,,,en,1.9
July 27,July 27,DATE,,,en,1.9
"More than 11,000","More than 11,000",CARDINAL,,,en,1.9
£68m,£68m,MONEY,,,en,1.9
+2306,+2306,NORP,,,en,1.9
02,02,CARDINAL,,,en,1.9
Amazon,Amazon,PRODUCT,-0.09999999999999998,0.85,en,1.9
each year,each year,DATE,,,en,1.9
the day before,the day before,DATE,,,en,1.9
Sijil,Sijil,NORP,,,en,1.9
over 5 inches,over 5 inches,QUANTITY,,,en,1.9
billion-dollar,billion-dollar,MONEY,,,en,1.9
1954,1954,DATE,,,en,1.9
+3881,+3881,NORP,,,en,1.9
the third consecutive winter,the third consecutive winter,DATE,,,en,1.9
between 1 and 4 million,between 1 and 4 million,CARDINAL,,,en,1.9
51 million,51 million,CARDINAL,,,en,1.9
This Summer,This Summer,DATE,,,en,1.9
nearly 2 million,nearly 2 million,CARDINAL,,,en,1.9
+2181 chars,+2181 chars,WORK_OF_ART,,,en,1.9
the coming hours,the coming hours,TIME,,,en,1.9
November 30,November 30,DATE,,,en,1.9
the end of the weekend,the end of the weekend,DATE,,,en,1.9
November 2024,November 2024,DATE,,,en,1.9
late Aug. 9,late Aug. 9,DATE,,,en,1.9
90s,90s,CARDINAL,,,en,1.9
the season,the season,DATE,,,en,1.9
"10,715","10,715",CARDINAL,,,en,1.9
an entire month's,an entire month's,DATE,,,en,1.9
Love,Love,WORK_OF_ART,0.30000000000000004,1.25,en,1.9
Nov. 21,Nov. 21,DATE,,,en,1.9
a span of three days,a span of three days,DATE,,,en,1.9
213,213,CARDINAL,,,en,1.9
+2222 chars],+2222 chars],WORK_OF_ART,,,en,1.9
more than 22 million,more than 22 million,CARDINAL,,,en,1.9
early Aug. 10,early Aug. 10,DATE,,,en,1.9
82%,82%,PERCENT,,,en,1.9
"More than 1,100","More than 1,100",CARDINAL,,,en,1.9
the start of the week,the start of the week,DATE,,,en,1.9
Dec 5,Dec 5,DATE,,,en,1.9
more than 30 feet,more than 30 feet,QUANTITY,,,en,1.9
the Sungai Serai,the Sungai Serai,FAC,,,en,1.9
several hundred,several hundred,CARDINAL,,,en,1.9
The Mechi Highway,The Mechi Highway,FAC,,,en,1.9
Twelve,Twelve,CARDINAL,,,en,1.9
Dec 2,Dec 2,DATE,,,en,1.9
August 5-9,August 5-9,DATE,,,en,1.9
Nov. 19,Nov. 19,DATE,,,en,1.9
"over 1,200","over 1,200",CARDINAL,,,en,1.9
at least 90,at least 90,CARDINAL,,,en,1.9
Jan 2,Jan 2,DATE,,,en,1.9
95,95,CARDINAL,,,en,1.9
+3134,+3134,NORP,,,en,1.9
250 kilometres,250 kilometres,QUANTITY,,,en,1.9
this past season,this past season,DATE,,,en,1.9
late Saturday,late Saturday,TIME,,,en,1.9
the past several days,the past several days,DATE,,,en,1.9
"more than 5,000","more than 5,000",CARDINAL,,,en,1.9
$2.9 billion,$2.9 billion,MONEY,,,en,1.9
at least 78,at least 78,CARDINAL,,,en,1.9
Central Australian,Central Australian,NORP,,,en,1.9
246,246,CARDINAL,,,en,1.9
Hurricane,Hurricane,WORK_OF_ART,,,en,1.9
Texan,Texan,NORP,,,en,1.9
One-Third,One-Third,CARDINAL,,,en,1.9
+1546 chars,+1546 chars,WORK_OF_ART,,,en,1.9
"more than 28,000","more than 28,000",CARDINAL,,,en,1.9
last nights,last nights,DATE,,,en,1.9
four decades,four decades,DATE,,,en,1.9
"more than 143,000","more than 143,000",CARDINAL,,,en,1.9
Feb. 5,Feb. 5,DATE,,,en,1.9
36%,36%,PERCENT,,,en,1.9
This summer,This summer,DATE,,,en,1.9
more than 14 metres,more than 14 metres,QUANTITY,,,en,1.9
About 450,About 450,CARDINAL,,,en,1.9
Feb 2,Feb 2,DATE,,,en,1.9
Badger,Badger,FAC,,,en,1.9
Ward 10,Ward 10,FAC,,,en,1.9
this upcoming weekend,this upcoming weekend,DATE,,,en,1.9
600 miles,600 miles,QUANTITY,,,en,1.9
a New Year's Day,a New Year's Day,DATE,,,en,1.9
Season 21,Season 21,DATE,,,en,1.9
"3,000","3,000",CARDINAL,,,en,1.9
more than 250,more than 250,CARDINAL,,,en,1.9
three straight days,three straight days,DATE,,,en,1.9
"More than 3,000","More than 3,000",CARDINAL,,,en,1.9
over 20,over 20,CARDINAL,,,en,1.9
the night of Feb 18,the night of Feb 18,TIME,,,en,1.9
200 mm,200 mm,QUANTITY,,,en,1.9
three hours,three hours,TIME,,,en,1.9
just three hours,just three hours,TIME,,,en,1.9
at least 200,at least 200,CARDINAL,,,en,1.9
251,251,CARDINAL,,,en,1.9
137,137,CARDINAL,,,en,1.9
the last four days,the last four days,DATE,,,en,1.9
more than 35 days,more than 35 days,DATE,,,en,1.9
More than 1 million,More than 1 million,CARDINAL,,,en,1.9
Tomorrow,Tomorrow,DATE,,,en,1.9
last Monday,last Monday,DATE,,,en,1.9
Sri,Sri,NORP,0.28289473684210525,0.46710526315789475,en,1.9
Every year,Every year,DATE,,,en,1.9
21 million,21 million,CARDINAL,,,en,1.9
8 feet,8 feet,QUANTITY,,,en,1.9
one-hour,one-hour,TIME,,,en,1.9
At least 11 million,At least 11 million,CARDINAL,,,en,1.9
11pm,11pm,TIME,,,en,1.9
13%,13%,PERCENT,,,en,1.9
at least 1,at least 1,CARDINAL,,,en,1.9
"up to €100,000","up to €100,000",MONEY,,,en,1.9
"Nearly 800,000","Nearly 800,000",CARDINAL,,,en,1.9
An estimated 300,An estimated 300,CARDINAL,,,en,1.9
third day,third day,DATE,,,en,1.9
a third day,a third day,DATE,,,en,1.9
the last few days,the last few days,DATE,,,en,1.9
Jan 15,Jan 15,DATE,,,en,1.9
Jan 14,Jan 14,DATE,,,en,1.9
almost 100mph,almost 100mph,QUANTITY,,,en,1.9
at least 51,at least 51,CARDINAL,,,en,1.9
more than a century,more than a century,DATE,,,en,1.9
2.25-mile,2.25-mile,CARDINAL,,,en,1.9
Nearly two months,Nearly two months,DATE,,,en,1.9
a holiday weekend,a holiday weekend,DATE,,,en,1.9
2 years,2 years,DATE,,,en,1.9
"more than 110,000","more than 110,000",CARDINAL,,,en,1.9
at least 82,at least 82,CARDINAL,,,en,1.9
Nearly 250,Nearly 250,CARDINAL,,,en,1.9
"up to 100,000","up to 100,000",CARDINAL,,,en,1.9
about 100km,about 100km,QUANTITY,,,en,1.9
hundreds of years,hundreds of years,DATE,,,en,1.9
Jan 7,Jan 7,DATE,,,en,1.9
the Fourth of July weekend,the Fourth of July weekend,DATE,,,en,1.9
the next two days,the next two days,DATE,,,en,1.9
At least 90,At least 90,CARDINAL,,,en,1.9
245,245,CARDINAL,,,en,1.9
Tudun Wada,Tudun Wada,FAC,,,en,1.9
millennium,millennium,DATE,,,en,1.9
More than two million,More than two million,CARDINAL,,,en,1.9
a couple of hours ago,a couple of hours ago,TIME,,,en,1.9
close to $90 million,close to $90 million,MONEY,,,en,1.9
+2363,+2363,CARDINAL,,,en,1.9
Irans,Irans,NORP,,,en,1.9
the coming years,the coming years,DATE,,,en,1.9
10-fold,10-fold,CARDINAL,,,en,1.9
101,101,CARDINAL,,,en,1.9
the bank holiday weekend,the bank holiday weekend,DATE,,,en,1.9
Write New Regulations,Write New Regulations,LAW,,,en,1.9
three-week-old,three-week-old,DATE,,,en,1.9
BetMcLean Cup,BetMcLean Cup,EVENT,,,en,1.9
Half a million,Half a million,CARDINAL,,,en,1.9
September 2017,September 2017,DATE,,,en,1.9
Jan. 23,Jan. 23,DATE,,,en,1.9
morn,morn,TIME,,,en,1.9
the Sebauh Community Hall,the Sebauh Community Hall,FAC,,,en,1.9
Jan. 20,Jan. 20,DATE,,,en,1.9
70 years,70 years,DATE,,,en,1.9
July 4th,July 4th,DATE,,,en,1.9
+1910,+1910,NORP,,,en,1.9
3000,3000,CARDINAL,,,en,1.9
$41 million,$41 million,MONEY,,,en,1.9
le,le,WORK_OF_ART,,,en,1.9
Rs 183 crore,Rs 183 crore,PRODUCT,,,en,1.9
nearly two dozen,nearly two dozen,CARDINAL,,,en,1.9
"1,400","1,400",CARDINAL,,,en,1.9
Jan. 18,Jan. 18,DATE,,,en,1.9
33 years,33 years,DATE,,,en,1.9
Baglihar,Baglihar,NORP,,,en,1.9
hundreds of thousands of dollars,hundreds of thousands of dollars,MONEY,,,en,1.9
an estimated US$280 billion,an estimated US$280 billion,MONEY,,,en,1.9
at least seven,at least seven,CARDINAL,,,en,1.9
Moro Bridge,Moro Bridge,FAC,,,en,1.9
202,202,CARDINAL,,,en,1.9
over 100,over 100,CARDINAL,,,en,1.9
A few hours,A few hours,TIME,,,en,1.9
At least $57 billion,At least $57 billion,MONEY,,,en,1.9
$5 million,$5 million,MONEY,,,en,1.9
"More than 260,000","More than 260,000",CARDINAL,,,en,1.9
£50 million,£50 million,MONEY,,,en,1.9
Italian,Italian,NORP,,,en,1.9
July 21 and 27,July 21 and 27,DATE,,,en,1.9
At least 2,At least 2,CARDINAL,,,en,1.9
Jun 18,Jun 18,DATE,,,en,1.9
the past 30 years,the past 30 years,DATE,,,en,1.9
A Level 4 Flood Danger Warning,A Level 4 Flood Danger Warning,WORK_OF_ART,,,en,1.9
At least 16,At least 16,CARDINAL,,,en,1.9
Māori,Māori,NORP,,,en,1.9
MetLife Stadium,MetLife Stadium,FAC,,,en,1.9
SoFi Stadium,SoFi Stadium,FAC,,,en,1.9
"July 31, 2026 /PRNewswire/","July 31, 2026 /PRNewswire/",DATE,,,en,1.9
Three years later,Three years later,DATE,,,en,1.9
"July 07, 2026 (GLOBE NEWSWIRE)","July 07, 2026 (GLOBE NEWSWIRE)",DATE,,,en,1.9
+1241,+1241,CARDINAL,,,en,1.9
thousands of years,thousands of years,DATE,,,en,1.9
Jul 12,Jul 12,DATE,,,en,1.9
Capitol,Capitol,FAC,,,en,1.9
"1-in-1,000-year","1-in-1,000-year",CARDINAL,,,en,1.9
less than a year,less than a year,DATE,,,en,1.9
"Wednesday, days","Wednesday, days",DATE,,,en,1.9
the New Year,the New Year,EVENT,,,en,1.9
Feb 16,Feb 16,DATE,,,en,1.9
TechCrunch,TechCrunch,PRODUCT,,,en,1.9
8.8 million,8.8 million,CARDINAL,,,en,1.9
Louisianans,Louisianans,NORP,,,en,1.9
at least nine,at least nine,CARDINAL,,,en,1.9
Lebanese,Lebanese,NORP,,,en,1.9
"May 12, 2026 /PRNewswire/","May 12, 2026 /PRNewswire/",DATE,,,en,1.9
August 2017,August 2017,DATE,,,en,1.9
32,32,CARDINAL,,,en,1.9
Turkish,Turkish,NORP,,,en,1.9
nine-year-old,nine-year-old,DATE,,,en,1.9
Mexico World Cup,Mexico World Cup,EVENT,,,en,1.9
"450,000","450,000",CARDINAL,,,en,1.9
3rd day,3rd day,DATE,,,en,1.9
more than half,more than half,CARDINAL,,,en,1.9
approximately 1.3 hectares,approximately 1.3 hectares,QUANTITY,,,en,1.9
Sabahs,Sabahs,NORP,0.09999999999999999,0.19285714285714287,en,1.9
"Friday, July 10 and Saturday, July 11, 2026","Friday, July 10 and Saturday, July 11, 2026",DATE,,,en,1.9
"June 8, 2026 /PRNewswire/","June 8, 2026 /PRNewswire/",DATE,,,en,1.9
the months ahead,the months ahead,DATE,,,en,1.9
Arab,Arab,NORP,,,en,1.9
244,244,CARDINAL,,,en,1.9
first long weekend,first long weekend,DATE,,,en,1.9
September 2023,September 2023,DATE,,,en,1.9
the September 10th,the September 10th,EVENT,,,en,1.9
+2540 chars,+2540 chars,WORK_OF_ART,,,en,1.9
May 17,May 17,DATE,,,en,1.9
Kashedi Ghat,Kashedi Ghat,FAC,,,en,1.9
about a week,about a week,DATE,,,en,1.9
up to 15 inches,up to 15 inches,QUANTITY,,,en,1.9
1990,1990,DATE,,,en,1.9
Doomsday,Doomsday,DATE,,,en,1.9
several thousand,several thousand,CARDINAL,,,en,1.9
"More than 650,000","More than 650,000",CARDINAL,,,en,1.9
"over 1,100 mm","over 1,100 mm",QUANTITY,,,en,1.9
5 years,5 years,DATE,,,en,1.9
Cottagers,Cottagers,PRODUCT,,,en,1.9
Maysak,Maysak,NORP,,,en,1.9
50 years,50 years,DATE,,,en,1.9
October 2023,October 2023,DATE,,,en,1.9
five days ago,five days ago,DATE,,,en,1.9
a wet weekend,a wet weekend,DATE,,,en,1.9
Batang Toru Hydroelectric Power Plant,Batang Toru Hydroelectric Power Plant,FAC,,,en,1.9
$10 billion to $20 billion,$10 billion to $20 billion,MONEY,,,en,1.9
HPCL,HPCL,FAC,,,en,1.9
the end of the workweek,the end of the workweek,DATE,,,en,1.9
a few dry days,a few dry days,DATE,,,en,1.9
Fort Hood,Fort Hood,FAC,,,en,1.9
January 2021,January 2021,DATE,,,en,1.9
the same period last year,the same period last year,DATE,,,en,1.9
three-day,three-day,DATE,,,en,1.9
late June 2026,late June 2026,DATE,,,en,1.9
the last two weeks,the last two weeks,DATE,,,en,1.9
Texans,Texans,NORP,,,en,1.9
"May 29, 2026 /PRNewswire/","May 29, 2026 /PRNewswire/",DATE,,,en,1.9
up to 80,up to 80,CARDINAL,,,en,1.9
the first week of July,the first week of July,DATE,,,en,1.9
Nobel Prize,Nobel Prize,WORK_OF_ART,,,en,1.9
three weeks,three weeks,DATE,,,en,1.9
Manitobans,Manitobans,NORP,,,en,1.9
45 years,45 years,DATE,,,en,1.9
all weekend,all weekend,DATE,,,en,1.9
more than 400 years ago,more than 400 years ago,DATE,,,en,1.9
A few hundred feet,A few hundred feet,QUANTITY,,,en,1.9
the 50th season,the 50th season,DATE,,,en,1.9
“Saturday Night Live,“Saturday Night Live,WORK_OF_ART,,,en,1.9
DDoS,DDoS,PRODUCT,,,en,1.9
North Alabamian,North Alabamian,NORP,,,en,1.9
early spring,early spring,DATE,,,en,1.9
Islamic,Islamic,NORP,,,en,1.9
First Street,First Street,FAC,,,en,1.9
+2134,+2134,NORP,,,en,1.9
about 2.5 metres,about 2.5 metres,QUANTITY,,,en,1.9
"July 10 and 11, 2026","July 10 and 11, 2026",DATE,,,en,1.9
Banff National Park,Banff National Park,FAC,,,en,1.9
almost one year,almost one year,DATE,,,en,1.9
the Jackie Robinson Parkway,the Jackie Robinson Parkway,FAC,,,en,1.9
Owerrinta Road,Owerrinta Road,FAC,,,en,1.9
"July 3, 2025","July 3, 2025",DATE,,,en,1.9
8pm,8pm,TIME,,,en,1.9
+2739 chars,+2739 chars,WORK_OF_ART,,,en,1.9
Jul 10,Jul 10,DATE,,,en,1.9
Just two weeks,Just two weeks,DATE,,,en,1.9
Anantnag,Anantnag,NORP,0.0,0.3333333333333333,en,1.9
one month,one month,DATE,,,en,1.9
the final weekend of June,the final weekend of June,DATE,,,en,1.9
more than 5 million,more than 5 million,CARDINAL,,,en,1.9
US$51.6 billion,US$51.6 billion,MONEY,,,en,1.9
"July 2, 2026 /PRNewswire/","July 2, 2026 /PRNewswire/",DATE,,,en,1.9
early Monday,early Monday,DATE,,,en,1.9
nearly a week,nearly a week,DATE,,,en,1.9
late last week,late last week,DATE,,,en,1.9
March 11,March 11,DATE,,,en,1.9
over $200 million,over $200 million,MONEY,,,en,1.9
At least 16 million,At least 16 million,CARDINAL,,,en,1.9
51 years,51 years,DATE,,,en,1.9
70 years ago,70 years ago,DATE,,,en,1.9
LifePods,LifePods,PRODUCT,,,en,1.9
"1,272","1,272",CARDINAL,,,en,1.9
Sholinganallur,Sholinganallur,NORP,,,en,1.9
"the night of July 14, 2021","the night of July 14, 2021",TIME,,,en,1.9
"379,000","379,000",CARDINAL,,,en,1.9
Five years,Five years,DATE,,,en,1.9
mid-week,mid-week,DATE,,,en,1.9
the late 19th century,the late 19th century,DATE,,,en,1.9
+2833,+2833,NORP,,,en,1.9
Queensland Fire and Rescue,Queensland Fire and Rescue,FAC,,,en,1.9
Roman,Roman,NORP,,,en,1.9
"2025 /
 ","2025 /
 ",TIME,,,en,1.9
two trading days,two trading days,DATE,,,en,1.9
55 million,55 million,CARDINAL,,,en,1.9
The weekend,The weekend,DATE,,,en,1.9
Afghans,Afghans,NORP,,,en,1.9
roughly $800 billion,roughly $800 billion,MONEY,,,en,1.9
At least 25,At least 25,CARDINAL,,,en,1.9
July 1-10,July 1-10,DATE,,,en,1.9
Nashik,Nashik,NORP,,,en,1.9
at least 217,at least 217,CARDINAL,,,en,1.9
Typhoon Maysak,Typhoon Maysak,NORP,,,en,1.9
Canada Day,Canada Day,FAC,,,en,1.9
last Wednesday,last Wednesday,DATE,,,en,1.9
Londoners,Londoners,NORP,,,en,1.9
about 80,about 80,CARDINAL,,,en,1.9
"over 1,000","over 1,000",CARDINAL,,,en,1.9
Around 420,Around 420,CARDINAL,,,en,1.9
several years ago,several years ago,DATE,,,en,1.9
the September 10,the September 10,EVENT,,,en,1.9
Angolan,Angolan,NORP,0.2,0.475,en,1.9
88 million,88 million,CARDINAL,,,en,1.9
later this year,later this year,DATE,,,en,1.9
"July 16, 2026 (GLOBE NEWSWIRE)","July 16, 2026 (GLOBE NEWSWIRE)",DATE,,,en,1.9
Two months,Two months,DATE,,,en,1.9
more than 1 million,more than 1 million,CARDINAL,,,en,1.8000000000000003
"nearly 170,000","nearly 170,000",CARDINAL,,,en,1.8
Oct 9,Oct 9,DATE,,,en,1.8
more than 40 years,more than 40 years,DATE,,,en,1.8
Great Northern Highway,Great Northern Highway,FAC,,,en,1.8
more than two decades,more than two decades,DATE,,,en,1.8
Oct 5,Oct 5,DATE,,,en,1.8
Rs 2 billion,Rs 2 billion,MONEY,,,en,1.8
last week’s,last week’s,DATE,,,en,1.8
16 hours,16 hours,TIME,,,en,1.8
6.2,6.2,CARDINAL,,,en,1.8
an estimated 8 trillion dong,an estimated 8 trillion dong,MONEY,,,en,1.8
one hour,one hour,TIME,,,en,1.8
the past few years,the past few years,DATE,,,en,1.8
$303 million,$303 million,MONEY,,,en,1.8
+3260 chars,+3260 chars,WORK_OF_ART,,,en,1.8
early this month,early this month,DATE,,,en,1.8
40 years,40 years,DATE,,,en,1.8
roughly four months',roughly four months',DATE,,,en,1.8
"Tuesday, July 7","Tuesday, July 7",DATE,,,en,1.8
a mere 40 days,a mere 40 days,DATE,,,en,1.8
under 24 hours,under 24 hours,TIME,,,en,1.8
last November,last November,DATE,,,en,1.8
twenty feet,twenty feet,QUANTITY,,,en,1.8
less than half a day,less than half a day,DATE,,,en,1.8
more than 170,more than 170,CARDINAL,,,en,1.8
"the night of December 5, 2002","the night of December 5, 2002",TIME,,,en,1.8
Sept. 26,Sept. 26,DATE,,,en,1.8
roughly 39 inches,roughly 39 inches,QUANTITY,,,en,1.8
124,124,CARDINAL,,,en,1.7999999999999998
Typhoon Jangmi (,Typhoon Jangmi (,EVENT,,,en,1.7
earlier in the afternoon,earlier in the afternoon,TIME,,,en,1.7
the week starting Tuesday,the week starting Tuesday,DATE,,,en,1.7
Jul 23,Jul 23,DATE,,,en,1.7
Christmas Eve and Christmas Day,Christmas Eve and Christmas Day,DATE,,,en,1.7
"300,000","300,000",CARDINAL,,,en,1.7
Hurricane Debby,Hurricane Debby,EVENT,,,en,1.7
Nov 4,Nov 4,DATE,,,en,1.7
the Year,the Year,DATE,,,en,1.7
more than 1.5,more than 1.5,CARDINAL,,,en,1.7
Jun.,Jun.,DATE,,,en,1.7
"more than 3,500","more than 3,500",CARDINAL,,,en,1.7
the Jersey Shore,the Jersey Shore,FAC,0.8555555555555555,1.6333333333333333,en,1.7
Nov 28,Nov 28,DATE,,,en,1.7
only early July,only early July,DATE,,,en,1.7
Dec 29,Dec 29,DATE,,,en,1.7
last July 4,last July 4,DATE,,,en,1.7
September 11,September 11,DATE,,,en,1.7
Dec 20,Dec 20,DATE,,,en,1.7
+1128,+1128,CARDINAL,,,en,1.7
"More than 30,000","More than 30,000",CARDINAL,,,en,1.7
Up To 144 MPH,Up To 144 MPH,QUANTITY,,,en,1.7
Hikone Castle,Hikone Castle,FAC,,,en,1.7
late June,late June,DATE,,,en,1.7
the Sardu-Sera River,the Sardu-Sera River,FAC,,,en,1.7
"more than 20,000","more than 20,000",CARDINAL,,,en,1.7
the Week,the Week,DATE,,,en,1.7
Cyclone Alfred,Cyclone Alfred,WORK_OF_ART,,,en,1.7
"about 72,000","about 72,000",CARDINAL,,,en,1.7
between 2015 and 2024,between 2015 and 2024,CARDINAL,,,en,1.7
56%,56%,PERCENT,,,en,1.7
only one,only one,CARDINAL,,,en,1.7
Nine,Nine,CARDINAL,,,en,1.7
93,93,CARDINAL,,,en,1.7
A New Series,A New Series,EVENT,,,en,1.7
Gemini,Gemini,PRODUCT,0.0,0.1111111111111111,en,1.7
+3789,+3789,CARDINAL,,,en,1.7
Jan 8) afternoon,Jan 8) afternoon,DATE,,,en,1.7
433,433,CARDINAL,,,en,1.7
a few metres,a few metres,QUANTITY,,,en,1.7
the La Niña,the La Niña,FAC,,,en,1.7
more than a foot,more than a foot,QUANTITY,,,en,1.7
32.3 million,32.3 million,CARDINAL,,,en,1.7
as many as six,as many as six,CARDINAL,,,en,1.7
15 cm to 2.4 meters,15 cm to 2.4 meters,QUANTITY,,,en,1.7
91,91,CARDINAL,,,en,1.7
Japans,Japans,NORP,,,en,1.7
June 9th,June 9th,DATE,,,en,1.7
"The Meteorology, Climatology","The Meteorology, Climatology",WORK_OF_ART,,,en,1.7
more than 400 years,more than 400 years,DATE,,,en,1.7
"More than 27,000","More than 27,000",CARDINAL,,,en,1.7
176,176,CARDINAL,,,en,1.7
at least 25,at least 25,CARDINAL,,,en,1.7
4th,4th,ORDINAL,,,en,1.7
Weekend,Weekend,DATE,,,en,1.7
Beaver Creek,Beaver Creek,FAC,,,en,1.7
approximately 44%,approximately 44%,PERCENT,,,en,1.7
Jan 4,Jan 4,DATE,,,en,1.7
315,315,CARDINAL,,,en,1.7
Galaxy S27,Galaxy S27,PRODUCT,,,en,1.7
At least 109,At least 109,CARDINAL,,,en,1.7
20%,20%,PERCENT,,,en,1.7
Tidal Rave Festival,Tidal Rave Festival,EVENT,,,en,1.7
July 15th and July 27th,July 15th and July 27th,DATE,,,en,1.7
half a trillion dollars,half a trillion dollars,MONEY,,,en,1.7
"November 15, 2025","November 15, 2025",DATE,,,en,1.7
86,86,DATE,,,en,1.7
over half,over half,CARDINAL,,,en,1.7
$386 million,$386 million,MONEY,,,en,1.7
April 26,April 26,DATE,,,en,1.7
Meet the Press,Meet the Press,WORK_OF_ART,,,en,1.7
12 years,12 years,DATE,,,en,1.7
the hurricane season,the hurricane season,DATE,,,en,1.7
Superfund,Superfund,LAW,,,en,1.7
"nearly 400,000","nearly 400,000",CARDINAL,,,en,1.7
more than a year,more than a year,DATE,,,en,1.7
Dec 18,Dec 18,DATE,,,en,1.7
Narke,Narke,NORP,,,en,1.7
24 Hours,24 Hours,TIME,,,en,1.7
just after midnight,just after midnight,TIME,,,en,1.7
Southwest,Southwest,NORP,-0.021126760563380285,0.06338028169014084,en,1.7
Substack,Substack,PRODUCT,,,en,1.7
final day,final day,DATE,,,en,1.7
Exynos 2700,Exynos 2700,PRODUCT,,,en,1.7
2013,2013,DATE,,,en,1.7
Earlier this week,Earlier this week,DATE,,,en,1.7
8am,8am,TIME,,,en,1.7
Sept 19,Sept 19,DATE,,,en,1.7
La Palm Royal Beach Hotel,La Palm Royal Beach Hotel,FAC,,,en,1.7
"more than 200,000","more than 200,000",CARDINAL,,,en,1.7
a Week,a Week,DATE,,,en,1.7
only days,only days,DATE,,,en,1.7
Season 3,Season 3,DATE,,,en,1.7
14.1 metres,14.1 metres,QUANTITY,,,en,1.7
A day,A day,DATE,,,en,1.7
wettest month of the season,wettest month of the season,DATE,,,en,1.7
Italian-American,Italian-American,NORP,,,en,1.7
the previous day,the previous day,DATE,,,en,1.7
Sept 25,Sept 25,DATE,,,en,1.6
Korean,Korean,NORP,,,en,1.6
At least 47,At least 47,CARDINAL,,,en,1.6
Aug 9,Aug 9,DATE,,,en,1.6
Sri Lankan,Sri Lankan,NORP,,,en,1.6
Sept. 27,Sept. 27,DATE,,,en,1.6
June 3,June 3,DATE,,,en,1.6
At least 66,At least 66,CARDINAL,,,en,1.6
early 2026,early 2026,DATE,,,en,1.6
Times Square,Times Square,FAC,,,en,1.6
Honduran,Honduran,NORP,,,en,1.6
Mamdani,Mamdani,PRODUCT,,,en,1.6
Hurricane Helene's,Hurricane Helene's,EVENT,,,en,1.6
ten years,ten years,DATE,,,en,1.6
June 2,June 2,DATE,,,en,1.6
less than half,less than half,CARDINAL,,,en,1.6
many years,many years,DATE,,,en,1.6
Iranians,Iranians,NORP,,,en,1.6
2030,2030,DATE,,,en,1.6
114,114,CARDINAL,,,en,1.6
sixth,sixth,ORDINAL,,,en,1.6
100%,100%,PERCENT,,,en,1.5000000000000002
more than 25 million,more than 25 million,CARDINAL,,,en,1.5
30th,30th,ORDINAL,,,en,1.5
2014,2014,DATE,,,en,1.4000000000000001
Filipino,Filipino,NORP,,,en,1.4
Hurricane Kiko,Hurricane Kiko,EVENT,,,en,1.4
the night,the night,TIME,,,en,1.4
30%,30%,PERCENT,,,en,1.4
80%,80%,PERCENT,,,en,1.4
Almost 300,Almost 300,CARDINAL,,,en,1.4
Death Valley National Park,Death Valley National Park,FAC,,,en,1.4
nearly 700,nearly 700,CARDINAL,,,en,1.4
Filipinos,Filipinos,NORP,,,en,1.3000000000000003
4.4,4.4,CARDINAL,,,en,1.3000000000000003
next year's,next year's,DATE,,,en,1.3
Central American,Central American,NORP,,,en,1.3
the 2026 World Cup,the 2026 World Cup,EVENT,,,en,1.3
five o’clock… EVERY WEEKDAY EVENING,five o’clock… EVERY WEEKDAY EVENING,TIME,,,en,1.3
1888,1888,DATE,,,en,1.3
14 inches,14 inches,QUANTITY,,,en,1.3
Danny New,Danny New,FAC,,,en,1.3
"1,230","1,230",CARDINAL,,,en,1.3
59,59,CARDINAL,,,en,1.3
around $850,around $850,MONEY,,,en,1.3
2 p.m.,2 p.m.,TIME,,,en,1.3
the next five years,the next five years,DATE,,,en,1.3
More than 400,More than 400,CARDINAL,,,en,1.3
five decades,five decades,DATE,,,en,1.3
over 50,over 50,CARDINAL,,,en,1.3
$3 billion,$3 billion,MONEY,,,en,1.3
the 2026 rainy season,the 2026 rainy season,DATE,,,en,1.3
around 10%,around 10%,PERCENT,,,en,1.3
years ago,years ago,DATE,,,en,1.3
"12,000","12,000",CARDINAL,,,en,1.3
hundred,hundred,CARDINAL,,,en,1.3
30 days,30 days,DATE,,,en,1.3
"more than 60,000","more than 60,000",CARDINAL,,,en,1.3
4.3B,4.3B,MONEY,,,en,1.3
two-thirds,two-thirds,CARDINAL,,,en,1.3
hottest-year,hottest-year,DATE,,,en,1.3
"8,000","8,000",MONEY,,,en,1.3
Storm Bram,Storm Bram,PRODUCT,,,en,1.3
Grand Canal Dock,Grand Canal Dock,FAC,,,en,1.3
her 80s,her 80s,DATE,,,en,1.3
the Hill Country,the Hill Country,FAC,-0.07017543859649122,0.3070175438596491,en,1.3
at least 38,at least 38,CARDINAL,,,en,1.3
Stockbridge Road,Stockbridge Road,FAC,,,en,1.3
less than 24 hours,less than 24 hours,TIME,,,en,1.3
Uluru,Uluru,NORP,,,en,1.3
Summer Game Fest,Summer Game Fest,DATE,,,en,1.3
last months,last months,DATE,,,en,1.3
six inches,six inches,QUANTITY,,,en,1.3
Oct. 1,Oct. 1,DATE,,,en,1.3
0.5%,0.5%,PERCENT,,,en,1.3
More than 200,More than 200,CARDINAL,,,en,1.3
hundreds of kilometres,hundreds of kilometres,QUANTITY,,,en,1.3
the summer of 2025,the summer of 2025,DATE,,,en,1.3
Mar 11,Mar 11,DATE,,,en,1.3
these days,these days,DATE,,,en,1.3
Tropical Storm Bertha,Tropical Storm Bertha,WORK_OF_ART,0.1621212121212121,1.1515151515151514,en,1.3
the 2027 fiscal year,the 2027 fiscal year,DATE,,,en,1.3
#,#,CARDINAL,,,en,1.3
more than 60,more than 60,CARDINAL,,,en,1.3
the next 72 hours,the next 72 hours,DATE,,,en,1.3
Sundays,Sundays,DATE,,,en,1.3
March 2026,March 2026,DATE,,,en,1.3
the past 160 years,the past 160 years,DATE,,,en,1.3
Red Hook,Red Hook,FAC,,,en,1.3
nearly a century,nearly a century,DATE,,,en,1.3
3 Days,3 Days,DATE,,,en,1.3
Aug 10,Aug 10,DATE,,,en,1.3
the weeks and months,the weeks and months,DATE,,,en,1.3
just 72 hours,just 72 hours,TIME,,,en,1.3
220bn,220bn,MONEY,,,en,1.3
more than 7 million,more than 7 million,CARDINAL,,,en,1.3
only three,only three,CARDINAL,,,en,1.3
$7.5 million,$7.5 million,MONEY,,,en,1.3
up to 4 million,up to 4 million,CARDINAL,,,en,1.3
Arabs,Arabs,NORP,,,en,1.3
rainy seasons,rainy seasons,DATE,,,en,1.3
December day,December day,DATE,,,en,1.3
Hurricane Ida,Hurricane Ida,EVENT,,,en,1.3
Argentine,Argentine,NORP,,,en,1.3
the last 20 years,the last 20 years,DATE,,,en,1.3
all week,all week,DATE,,,en,1.3
$1.14 billion,$1.14 billion,MONEY,,,en,1.3
Dec. 15,Dec. 15,DATE,,,en,1.3
Dems,Dems,NORP,,,en,1.3
Tropical Storm Cristina,Tropical Storm Cristina,WORK_OF_ART,,,en,1.3
Five minutes,Five minutes,TIME,,,en,1.3
Tuesday night,Tuesday night,TIME,,,en,1.3
five years,five years,DATE,,,en,1.3
his first day,his first day,DATE,,,en,1.3
nearly three months,nearly three months,DATE,,,en,1.3
Crypto,Crypto,PRODUCT,,,en,1.3
One million,One million,CARDINAL,,,en,1.3
"More than 150,000","More than 150,000",CARDINAL,,,en,1.3
JULY 04,JULY 04,DATE,,,en,1.3
Covid,Covid,NORP,,,en,1.3
July 21,July 21,DATE,,,en,1.3
Bengaluru,Bengaluru,NORP,0.02727272727272727,0.08181818181818182,en,1.3
more than 200 millimetres,more than 200 millimetres,QUANTITY,,,en,1.3
more than $100 billion,more than $100 billion,MONEY,,,en,1.3
Week,Week,DATE,,,en,1.3
Black Friday,Black Friday,EVENT,,,en,1.2000000000000002
October 29,October 29,DATE,,,en,1.2000000000000002
73%,73%,PERCENT,,,en,1.2000000000000002
late-night,late-night,TIME,,,en,1.2000000000000002
188,188,CARDINAL,,,en,1.2000000000000002
October 28,October 28,DATE,,,en,1.2000000000000002
more than six months,more than six months,DATE,,,en,1.2000000000000002
"1,600","1,600",CARDINAL,,,en,1.2000000000000002
early October,early October,DATE,,,en,1.2000000000000002
Nazi,Nazi,NORP,,,en,1.2000000000000002
autumn,autumn,DATE,,,en,1.2000000000000002
this autumn,this autumn,DATE,,,en,1.2000000000000002
Oct 7,Oct 7,DATE,,,en,1.2000000000000002
the WA Day long weekend,the WA Day long weekend,DATE,,,en,1.2
Arc,Arc,PRODUCT,,,en,1.2
Operation Metro Surge,Operation Metro Surge,FAC,,,en,1.2
the first days of meteorological summer,the first days of meteorological summer,DATE,,,en,1.2
just a third,just a third,CARDINAL,,,en,1.2
10 Seconds,10 Seconds,TIME,,,en,1.2
19th,19th,ORDINAL,,,en,1.2
about 200,about 200,CARDINAL,,,en,1.2
Hungarian,Hungarian,NORP,,,en,1.2
the Panama Canal,the Panama Canal,FAC,,,en,1.2
220%,220%,PERCENT,,,en,1.2
this April,this April,DATE,,,en,1.2
September 8,September 8,DATE,,,en,1.2
5th,5th,ORDINAL,,,en,1.2
Rwandan,Rwandan,NORP,,,en,1.2
nearly 23%,nearly 23%,PERCENT,,,en,1.2
hundreds of miles,hundreds of miles,QUANTITY,,,en,1.2
Q1,Q1,CARDINAL,,,en,1.2
11th,11th,ORDINAL,,,en,1.2
75th,75th,ORDINAL,,,en,1.2
more than 1.4 million,more than 1.4 million,CARDINAL,,,en,1.1
the First World War,the First World War,EVENT,,,en,1.1
that month,that month,DATE,,,en,1.1
Typhoon Fung-wong's,Typhoon Fung-wong's,EVENT,,,en,1.1
2025 America,2025 America,QUANTITY,,,en,1.1
just two hours,just two hours,TIME,,,en,1.1
[2 years,[2 years,DATE,,,en,1.1
the fall fire season,the fall fire season,DATE,,,en,1.1
another weekend,another weekend,DATE,,,en,1.1
Sept. 28,Sept. 28,DATE,,,en,1.1
Swastika,Swastika,NORP,,,en,1.1
"May 7, 1915","May 7, 1915",DATE,,,en,1.1
less than 0.1%,less than 0.1%,PERCENT,,,en,1.1
end-of-year,end-of-year,DATE,,,en,1.1
the recent 30 years,the recent 30 years,DATE,,,en,1.1
180km,180km,QUANTITY,,,en,1.1
up to four million,up to four million,CARDINAL,,,en,1.1
1 million,1 million,CARDINAL,,,en,1.1
this Friday,this Friday,DATE,,,en,1.1
53.03,53.03,CARDINAL,,,en,1.1
early July,early July,DATE,,,en,1.1
up to five metres,up to five metres,QUANTITY,,,en,1.1
185 mph,185 mph,QUANTITY,,,en,1.1
a few months,a few months,DATE,,,en,1.1
nine months,nine months,DATE,,,en,1.1
25 years,25 years,DATE,,,en,1.1
11 years later,11 years later,DATE,,,en,1.1
more than a few,more than a few,CARDINAL,,,en,1.1
Amazonian,Amazonian,NORP,,,en,1.1
fifty years ago,fifty years ago,DATE,,,en,1.1
Nov 6,Nov 6,DATE,,,en,1.1
seconds,seconds,TIME,,,en,1.1
"153,074","153,074",CARDINAL,,,en,1.1
10 NOV 1975,10 NOV 1975,DATE,,,en,1.1
Earlier this year,Earlier this year,DATE,,,en,1.1
dozen,dozen,CARDINAL,,,en,1.1
the Great Smoky Mountains,the Great Smoky Mountains,EVENT,,,en,1.1
190,190,CARDINAL,,,en,1.1
7;10 PM EST,7;10 PM EST,TIME,,,en,1.1
full-year,full-year,DATE,,,en,1.1
just three,just three,CARDINAL,,,en,1.1
late last month,late last month,DATE,,,en,1.1
the new week,the new week,DATE,,,en,1.0
+7163,+7163,NORP,,,en,1.0
up to a month's,up to a month's,DATE,,,en,1.0
floodwatersABC News - Breaking News,floodwatersABC News - Breaking News,FAC,,,en,1.0
"Friday, Nov. 14, 2025","Friday, Nov. 14, 2025",DATE,,,en,1.0
"the TEA
","the TEA
",PRODUCT,,,en,1.0
2025-11-14,2025-11-14,DATE,,,en,1.0
"more than 260,000","more than 260,000",CARDINAL,,,en,1.0
11am,11am,TIME,,,en,1.0
Nov. 17,Nov. 17,DATE,,,en,1.0
"983,970","983,970",CARDINAL,,,en,1.0
Nearly a dozen,Nearly a dozen,CARDINAL,,,en,1.0
10:30 p.m.,10:30 p.m.,TIME,,,en,1.0
9am,9am,TIME,,,en,1.0
La Palm,La Palm,FAC,,,en,1.0
over months,over months,DATE,,,en,1.0
Tidal Rave 2025:,Tidal Rave 2025:,WORK_OF_ART,,,en,1.0
2025-11-15,2025-11-15,DATE,,,en,1.0
Anglo American,Anglo American,NORP,,,en,1.0
the last quarter,the last quarter,DATE,,,en,1.0
2025-11-16 23:53:08,2025-11-16 23:53:08,DATE,,,en,1.0
Hurricane Irmas,Hurricane Irmas,EVENT,,,en,1.0
Winter's,Winter's,DATE,,,en,1.0
70.7 million,70.7 million,CARDINAL,,,en,1.0
The 19th,The 19th,DATE,,,en,1.0
47.2 million,47.2 million,CARDINAL,,,en,1.0
Nearly 12 centimetres,Nearly 12 centimetres,QUANTITY,,,en,1.0
two year… [,two year… [,DATE,,,en,1.0
August through October,August through October,DATE,,,en,1.0
309,309,CARDINAL,,,en,1.0
about a third,about a third,CARDINAL,,,en,1.0
July 2021,July 2021,DATE,,,en,1.0
Between 0.75,Between 0.75,CARDINAL,,,en,1.0
an additional 0.5 inches,an additional 0.5 inches,QUANTITY,,,en,1.0
DHAKA:,DHAKA:,WORK_OF_ART,,,en,1.0
+9398 chars,+9398 chars,WORK_OF_ART,,,en,1.0
More than 1.5 metres,More than 1.5 metres,QUANTITY,,,en,1.0
"1,500 mm","1,500 mm",QUANTITY,,,en,1.0
Nearly nine hundred,Nearly nine hundred,CARDINAL,,,en,1.0
July 14 this past summer,July 14 this past summer,DATE,,,en,1.0
"Almost 320,000","Almost 320,000",CARDINAL,,,en,1.0
Depar,Depar,LANGUAGE,,,en,1.0
Shah Alam,Shah Alam,PRODUCT,0.0,0.0,en,1.0
35 years,35 years,DATE,,,en,1.0
"at least 56,000","at least 56,000",CARDINAL,,,en,1.0
1979)319,1979)319,CARDINAL,,,en,1.0
169172,169172,DATE,,,en,1.0
At least 51,At least 51,CARDINAL,,,en,1.0
"186,000","186,000",CARDINAL,,,en,1.0
$343m,$343m,MONEY,,,en,1.0
Cross River,Cross River,FAC,0.025000000000000005,0.043750000000000004,en,1.0
Nov 24,Nov 24,DATE,,,en,1.0
"97,000","97,000",CARDINAL,,,en,1.0
the damage after days,the damage after days,DATE,,,en,1.0
next three days,next three days,DATE,,,en,1.0
Nov 24).Floods,Nov 24).Floods,DATE,,,en,1.0
-1.18%,-1.18%,PERCENT,,,en,1.0
19 November,19 November,DATE,,,en,1.0
Around 54%,Around 54%,PERCENT,,,en,1.0
49%,49%,PERCENT,,,en,1.0
1.65 inches,1.65 inches,QUANTITY,,,en,1.0
"5,370","5,370",CARDINAL,,,en,1.0
Over 1 million,Over 1 million,CARDINAL,,,en,1.0
Native Americans,Native Americans,NORP,,,en,1.0
as 200mm,as 200mm,QUANTITY,,,en,1.0
up to 200mm,up to 200mm,QUANTITY,,,en,1.0
at least Wednesday,at least Wednesday,DATE,,,en,1.0
Cloudflare,Cloudflare,PRODUCT,,,en,1.0
last Thursday,last Thursday,DATE,,,en,1.0
"398,645","398,645",CARDINAL,,,en,1.0
Kenyas,Kenyas,FAC,,,en,1.0
as 85 million pounds,as 85 million pounds,QUANTITY,,,en,1.0
MattersThe,MattersThe,DATE,,,en,1.0
991,991,CARDINAL,,,en,1.0
$218 million,$218 million,MONEY,,,en,1.0
at least 139,at least 139,CARDINAL,,,en,1.0
Milwaukee Metal Festival 2026,Milwaukee Metal Festival 2026,EVENT,,,en,1.0
"June 5 through 7, 2026","June 5 through 7, 2026",DATE,,,en,1.0
"Thursday, Nov. 20","Thursday, Nov. 20",DATE,,,en,1.0
1.12 inches,1.12 inches,QUANTITY,,,en,1.0
Vietnam Flood Deaths Climb as Heavy Rain Drenches Coffee Region,Vietnam Flood Deaths Climb as Heavy Rain Drenches Coffee Region,WORK_OF_ART,,,en,1.0
the week ended November 21,the week ended November 21,DATE,,,en,1.0
26.4 mm,26.4 mm,QUANTITY,,,en,1.0
"Around 61,000","Around 61,000",CARDINAL,,,en,1.0
New Series,New Series,EVENT,,,en,1.0
more than 400,more than 400,CARDINAL,,,en,1.0
+96,+96,NORP,,,en,1.0
nearly 10 percent,nearly 10 percent,PERCENT,,,en,1.0
more than $3 billion,more than $3 billion,MONEY,,,en,1.0
the last four decades,the last four decades,DATE,,,en,1.0
Hurricane Sandy,Hurricane Sandy,EVENT,,,en,1.0
About 60 million,About 60 million,CARDINAL,,,en,1.0
early summer,early summer,DATE,,,en,1.0
"the night of Oct. 29, 2012","the night of Oct. 29, 2012",TIME,,,en,1.0
Mantoloking o,Mantoloking o,FAC,,,en,1.0
Coastal Highway,Coastal Highway,FAC,,,en,1.0
"900,000","900,000",CARDINAL,,,en,1.0
Dangerous Overnight Warmth Continue,Dangerous Overnight Warmth Continue,WORK_OF_ART,,,en,1.0
611,611,CARDINAL,,,en,1.0
Cheviot,Cheviot,NORP,,,en,1.0
Love Is a Kingdom,Love Is a Kingdom,WORK_OF_ART,,,en,1.0
"around 800,000","around 800,000",CARDINAL,,,en,1.0
AMMA100%,AMMA100%,PERCENT,,,en,1.0
about 50 m,about 50 m,QUANTITY,,,en,1.0
the Malaca Strait la,the Malaca Strait la,FAC,,,en,1.0
midnight to 15:00 GMT,midnight to 15:00 GMT,TIME,,,en,1.0
more than 2.8 billion,more than 2.8 billion,CARDINAL,,,en,1.0
Mid-Atlantic,Mid-Atlantic,NORP,0.017786561264822132,0.08413325804630152,en,1.0
"More than 1,800","More than 1,800",CARDINAL,,,en,1.0
at least 961,at least 961,CARDINAL,,,en,1.0
293,293,CARDINAL,,,en,1.0
nearly 60 million,nearly 60 million,CARDINAL,,,en,1.0
Two-Day,Two-Day,DATE,,,en,1.0
Western,Western,NORP,,,en,1.0
the last week's,the last week's,DATE,,,en,1.0
837,837,CARDINAL,,,en,1.0
the day 21 years ago,the day 21 years ago,DATE,,,en,1.0
Travis Kelces,Travis Kelces,PRODUCT,,,en,1.0
Pen-Roha,Pen-Roha,PRODUCT,,,en,1.0
"more than 1,300","more than 1,300",CARDINAL,,,en,1.0
+4571 chars,+4571 chars,WORK_OF_ART,,,en,1.0
Srinagar:,Srinagar:,WORK_OF_ART,,,en,1.0
$1.4 billion,$1.4 billion,MONEY,,,en,1.0
taking days,taking days,DATE,,,en,1.0
Three weeks,Three weeks,DATE,,,en,1.0
a year earlier,a year earlier,DATE,,,en,1.0
Israeli American,Israeli American,NORP,,,en,1.0
20 inches,20 inches,QUANTITY,,,en,1.0
NewsFeed,NewsFeed,NORP,,,en,1.0
December 3,December 3,DATE,,,en,1.0
$846 Million,$846 Million,MONEY,,,en,1.0
"today, December 4","today, December 4",DATE,,,en,1.0
only 18%,only 18%,PERCENT,,,en,1.0
the Emergency Bull,the Emergency Bull,WORK_OF_ART,,,en,1.0
late November,late November,DATE,,,en,1.0
at least 804,at least 804,CARDINAL,,,en,1.0
"today, Thursday","today, Thursday",DATE,,,en,1.0
1607,1607,CARDINAL,,,en,1.0
A True Report of Certaine Wonderfull Ouerflowings of Waters,A True Report of Certaine Wonderfull Ouerflowings of Waters,WORK_OF_ART,,,en,1.0
the month of December,the month of December,DATE,,,en,1.0
Almost half,Almost half,CARDINAL,,,en,1.0
$700 billion,$700 billion,MONEY,,,en,1.0
132 millimetres,132 millimetres,QUANTITY,,,en,1.0
10am,10am,TIME,,,en,1.0
3 decades,3 decades,DATE,,,en,1.0
1996,1996,DATE,,,en,1.0
"December 1, 2025","December 1, 2025",DATE,,,en,1.0
up to 10 a.m.,up to 10 a.m.,TIME,,,en,1.0
Tens Of Thousands,Tens Of Thousands,CARDINAL,,,en,1.0
Winter Storm Byron,Winter Storm Byron,DATE,,,en,1.0
eight-month-old,eight-month-old,DATE,,,en,1.0
about 15 feet,about 15 feet,QUANTITY,,,en,1.0
+4707 chars,+4707 chars,WORK_OF_ART,,,en,1.0
"June 22, 2026","June 22, 2026",DATE,,,en,1.0
"class=""excerpt","class=""excerpt",NORP,,,en,1.0
early December 2025,early December 2025,DATE,,,en,1.0
"More than 800,000","More than 800,000",CARDINAL,,,en,1.0
"At least 78,000","At least 78,000",CARDINAL,,,en,1.0
761,761,CARDINAL,,,en,1.0
"about 850,000","about 850,000",CARDINAL,,,en,1.0
as much as 16 inches,as much as 16 inches,QUANTITY,,,en,1.0
the 1990s,the 1990s,DATE,,,en,1.0
More than $2 million,More than $2 million,MONEY,,,en,1.0
128,128,CARDINAL,,,en,1.0
Santa,Santa,FAC,,,en,1.0
July 110,July 110,DATE,,,en,1.0
24 Inches,24 Inches,QUANTITY,,,en,1.0
3.11,3.11,MONEY,,,en,1.0
+38 chars],+38 chars],WORK_OF_ART,,,en,1.0
2025-12-12,2025-12-12,DATE,,,en,1.0
+5512,+5512,NORP,,,en,1.0
+5647 chars,+5647 chars,WORK_OF_ART,,,en,1.0
this past November,this past November,DATE,,,en,1.0
50 mph,50 mph,QUANTITY,,,en,1.0
"Tomorrow, July 7","Tomorrow, July 7",DATE,,,en,1.0
100-160 mm,100-160 mm,QUANTITY,,,en,1.0
up to 150 millimeters,up to 150 millimeters,QUANTITY,,,en,1.0
Around 70,Around 70,CARDINAL,,,en,1.0
120kmh,120kmh,QUANTITY,,,en,1.0
58 next month,58 next month,DATE,,,en,1.0
2016.</li><li,2016.</li><li,CARDINAL,,,en,1.0
"Some 8,000","Some 8,000",CARDINAL,,,en,1.0
more than two years,more than two years,DATE,,,en,1.0
the last two days,the last two days,DATE,,,en,1.0
2 to 4 inches,2 to 4 inches,QUANTITY,,,en,1.0
2025-12-10,2025-12-10,DATE,,,en,1.0
"as many as 100,000","as many as 100,000",CARDINAL,,,en,1.0
just 20 days old,just 20 days old,DATE,,,en,1.0
2025-12-11,2025-12-11,DATE,,,en,1.0
$9.5 Million,$9.5 Million,MONEY,,,en,1.0
Next Fall,Next Fall,DATE,,,en,1.0
$9.5 million,$9.5 million,MONEY,,,en,1.0
a third consecutive day,a third consecutive day,DATE,,,en,1.0
Prophet Roja,Prophet Roja,FAC,,,en,1.0
10 arks,10 arks,MONEY,,,en,1.0
Ghanaian,Ghanaian,NORP,,,en,1.0
Nooksack River,Nooksack River,FAC,,,en,1.0
Cedarville crestsCascadia Daily N,Cedarville crestsCascadia Daily N,FAC,,,en,1.0
Flood Watch,Flood Watch,WORK_OF_ART,,,en,1.0
"Up to 100,000","Up to 100,000",CARDINAL,,,en,1.0
french,french,NORP,,,en,1.0
PBoC,PBoC,PRODUCT,,,en,1.0
February 2017,February 2017,DATE,,,en,1.0
10.15am,10.15am,CARDINAL,,,en,1.0
More Than 200,More Than 200,CARDINAL,,,en,1.0
At least forty-four,At least forty-four,CARDINAL,,,en,1.0
a record 28.7 feet,a record 28.7 feet,QUANTITY,,,en,1.0
+1340 chars,+1340 chars,WORK_OF_ART,,,en,1.0
between 6 and 12 inches,between 6 and 12 inches,QUANTITY,,,en,1.0
More than 200 mm,More than 200 mm,QUANTITY,,,en,1.0
At least 115,At least 115,CARDINAL,,,en,1.0
"Over 30,000","Over 30,000",CARDINAL,,,en,1.0
29 foot,29 foot,QUANTITY,,,en,1.0
MILLENNIUM,MILLENNIUM,DATE,,,en,1.0
at least 74,at least 74,CARDINAL,,,en,1.0
Mahakali,Mahakali,NORP,0.0,0.0,en,1.0
+3613,+3613,NORP,,,en,1.0
a Flood Bubbler,a Flood Bubbler,WORK_OF_ART,,,en,1.0
More than 1.2,More than 1.2,CARDINAL,,,en,1.0
"about 14,000","about 14,000",CARDINAL,,,en,1.0
More than 250,More than 250,CARDINAL,,,en,1.0
at least 56,at least 56,CARDINAL,,,en,1.0
+4109,+4109,NORP,,,en,1.0
More than 1,More than 1,CARDINAL,,,en,1.0
+1543 chars,+1543 chars,WORK_OF_ART,,,en,1.0
£37.5m,£37.5m,MONEY,,,en,1.0
More than,More than,CARDINAL,,,en,1.0
1.2 mi,1.2 mi,QUANTITY,,,en,1.0
decade,decade,DATE,,,en,1.0
Nov 29,Nov 29,DATE,,,en,1.0
at Least 100,at Least 100,CARDINAL,,,en,1.0
2 months,2 months,DATE,,,en,1.0
about 400,about 400,CARDINAL,,,en,1.0
Hurricane Milton,Hurricane Milton,EVENT,,,en,1.0
playbooks,playbooks,NORP,,,en,1.0
Presidio,Presidio,FAC,,,en,1.0
Sg Petani,Sg Petani,NORP,,,en,1.0
£90 million,£90 million,MONEY,,,en,1.0
Another Day of Possible Flash Flooding,Another Day of Possible Flash Flooding,DATE,,,en,1.0
+79,+79,NORP,,,en,1.0
Singaporean,Singaporean,NORP,,,en,1.0
Singaporeans,Singaporeans,NORP,,,en,1.0
nearly two days,nearly two days,DATE,,,en,1.0
Super Typhoon Inday,Super Typhoon Inday,EVENT,,,en,1.0
300 years',300 years',DATE,,,en,1.0
420,420,CARDINAL,,,en,1.0
+2399,+2399,NORP,,,en,1.0
Inday,Inday,WORK_OF_ART,,,en,1.0
Juli,Juli,DATE,,,en,1.0
more than 2.7 million,more than 2.7 million,CARDINAL,,,en,1.0
"at least 300,000","at least 300,000",CARDINAL,,,en,1.0
more than two-year,more than two-year,CARDINAL,,,en,1.0
W Java,W Java,NORP,,,en,1.0
a good day,a good day,DATE,,,en,1.0
112 h,112 h,QUANTITY,,,en,1.0
About 1 million,About 1 million,CARDINAL,,,en,1.0
2 1,2 1,CARDINAL,,,en,1.0
At Least 17,At Least 17,CARDINAL,,,en,1.0
1990s,1990s,DATE,,,en,1.0
The year was 2011,The year was 2011,DATE,,,en,1.0
At least 248,At least 248,CARDINAL,,,en,1.0
ten days,ten days,DATE,,,en,1.0
at least 960,at least 960,CARDINAL,,,en,1.0
440,440,CARDINAL,,,en,1.0
California State Route 37,California State Route 37,FAC,,,en,1.0
8 days,8 days,DATE,,,en,1.0
"About 130,000","About 130,000",CARDINAL,,,en,1.0
9 July 2026,9 July 2026,DATE,,,en,1.0
28 2028,28 2028,DATE,,,en,1.0
"more than 1,00","more than 1,00",CARDINAL,,,en,1.0
hundreds - UN News,hundreds - UN News,MONEY,,,en,1.0
the final week of June and first week of July,the final week of June and first week of July,DATE,,,en,1.0
+90,+90,NORP,,,en,1.0
+25 chars,+25 chars,WORK_OF_ART,,,en,1.0
the next 75 years,the next 75 years,DATE,,,en,1.0
every 100 years,every 100 years,DATE,,,en,1.0
the end of this century,the end of this century,DATE,,,en,1.0
355The,355The,CARDINAL,,,en,1.0
Storm Prediction Center,Storm Prediction Center,FAC,,,en,1.0
At least 631,At least 631,CARDINAL,,,en,1.0
"More than 1,160","More than 1,160",CARDINAL,,,en,1.0
631,631,CARDINAL,,,en,1.0
+2712,+2712,NORP,,,en,1.0
A year ago this summer,A year ago this summer,DATE,,,en,1.0
"At least 1,250","At least 1,250",CARDINAL,,,en,1.0
"more than 1,250","more than 1,250",CARDINAL,,,en,1.0
"roughly 17,000","roughly 17,000",CARDINAL,,,en,1.0
Renhe,Renhe,NORP,,,en,1.0
+2418,+2418,NORP,,,en,1.0
"Nearly 1,000","Nearly 1,000",CARDINAL,,,en,1.0
New Jerseyans,New Jerseyans,NORP,,,en,1.0
at least 330,at least 330,CARDINAL,,,en,1.0
24–48 hours,24–48 hours,TIME,,,en,1.0
"Some 44,000","Some 44,000",CARDINAL,,,en,1.0
+1852 chars,+1852 chars,WORK_OF_ART,,,en,1.0
Surat,Surat,EVENT,,,en,1.0
303,303,CARDINAL,,,en,1.0
159,159,CARDINAL,,,en,1.0
At least 159,At least 159,CARDINAL,,,en,1.0
nearly one million,nearly one million,CARDINAL,,,en,1.0
500 crore,500 crore,MONEY,,,en,1.0
"998,918","998,918",CARDINAL,,,en,1.0
212,212,CARDINAL,,,en,1.0
"More than 180,000","More than 180,000",CARDINAL,,,en,1.0
"More than 25,000","More than 25,000",CARDINAL,,,en,1.0
"147,000","147,000",CARDINAL,,,en,1.0
193,193,CARDINAL,,,en,1.0
just 33 hours,just 33 hours,TIME,,,en,1.0
115mm,115mm,QUANTITY,,,en,1.0
at least 400,at least 400,CARDINAL,,,en,1.0
At least 212,At least 212,CARDINAL,,,en,1.0
the second consecutive day,the second consecutive day,DATE,,,en,1.0
floodsTh,floodsTh,DATE,,,en,1.0
over decades,over decades,DATE,,,en,1.0
at least 469,at least 469,CARDINAL,,,en,1.0
330,330,CARDINAL,,,en,1.0
"108,000","108,000",CARDINAL,,,en,1.0
2PM THIS afternoon,2PM THIS afternoon,TIME,,,en,1.0
$16 billion,$16 billion,MONEY,,,en,1.0
A Lot of Uncertainty,A Lot of Uncertainty,WORK_OF_ART,,,en,1.0
7:00 PM CDTLast year,7:00 PM CDTLast year,TIME,,,en,1.0
at least 18 months,at least 18 months,DATE,,,en,1.0
rainy day,rainy day,DATE,,,en,1.0
The Perfect Neighbor’ Is Hard to Watch,The Perfect Neighbor’ Is Hard to Watch,WORK_OF_ART,,,en,1.0
first-quarter,first-quarter,DATE,,,en,1.0
another appears:“A m,another appears:“A m,QUANTITY,,,en,1.0
Seasonal,Seasonal,DATE,,,en,1.0
+16539,+16539,NORP,,,en,1.0
"Flooding Rain, Heavy Snow","Flooding Rain, Heavy Snow",FAC,,,en,1.0
186,186,CARDINAL,,,en,1.0
H1 2025,H1 2025,CARDINAL,,,en,1.0
1.6,1.6,MONEY,,,en,1.0
"Oct 20, 2025","Oct 20, 2025",DATE,,,en,1.0
"about 300,000","about 300,000",CARDINAL,,,en,1.0
September 7,September 7,DATE,,,en,1.0
at Least 18 Months,at Least 18 Months,DATE,,,en,1.0
23 feet,23 feet,QUANTITY,,,en,1.0
the Kala Ghoda,the Kala Ghoda,FAC,,,en,1.0
JANUARY 12,JANUARY 12,DATE,,,en,1.0
55%,55%,PERCENT,,,en,1.0
the La Nina,the La Nina,FAC,,,en,1.0
26%,26%,PERCENT,,,en,1.0
Floridas Space Coast,Floridas Space Coast,FAC,,,en,1.0
Camp Holly,Camp Holly,FAC,,,en,1.0
Storm Benjamin,Storm Benjamin,PRODUCT,,,en,1.0
+1135 chars,+1135 chars,WORK_OF_ART,,,en,1.0
Ahmedabad,Ahmedabad,NORP,0.0,0.0,en,1.0
Day 22,Day 22,DATE,,,en,1.0
Generational Political War,Generational Political War,EVENT,,,en,1.0
Virginians,Virginians,NORP,,,en,1.0
The Wizard of Oz,The Wizard of Oz,WORK_OF_ART,,,en,1.0
between June to December,between June to December,DATE,,,en,1.0
17.6 million.,17.6 million.,QUANTITY,,,en,1.0
four percent,four percent,PERCENT,,,en,1.0
21.3 million barrels,21.3 million barrels,QUANTITY,,,en,1.0
"nearly 3,500","nearly 3,500",CARDINAL,,,en,1.0
+3352,+3352,NORP,,,en,1.0
"October 16, 2025","October 16, 2025",DATE,,,en,1.0
Maitighar,Maitighar,NORP,,,en,1.0
25 million,25 million,CARDINAL,,,en,1.0
the first year,the first year,DATE,,,en,1.0
"July 21, 2026","July 21, 2026",DATE,,,en,1.0
Switch 2s,Switch 2s,LAW,,,en,1.0
Rainy season,Rainy season,DATE,,,en,1.0
up to 25 million,up to 25 million,MONEY,,,en,1.0
17.6M,17.6M,MONEY,,,en,1.0
17.6 million,17.6 million,CARDINAL,,,en,1.0
"Newcastle
","Newcastle
",FAC,,,en,1.0
Guwahati: As the Opposition Congress,Guwahati: As the Opposition Congress,WORK_OF_ART,,,en,1.0
Upper Assam,Upper Assam,NORP,-0.3,0.3,en,1.0
264,264,CARDINAL,,,en,1.0
up to 100 mph,up to 100 mph,QUANTITY,,,en,1.0
15:00 BST,15:00 BST,TIME,,,en,1.0
the Tullybrannigan Road,the Tullybrannigan Road,FAC,,,en,1.0
0.0.59,0.0.59,CARDINAL,,,en,1.0
Bali this year,Bali this year,DATE,,,en,1.0
2034,2034,DATE,,,en,1.0
the Chignecto Isthmus,the Chignecto Isthmus,FAC,,,en,1.0
2035,2035,DATE,,,en,1.0
Just a decade,Just a decade,DATE,,,en,1.0
Just a decade ago,Just a decade ago,DATE,,,en,1.0
"July 29, 2026","July 29, 2026",DATE,,,en,1.0
+21020,+21020,NORP,,,en,1.0
the Pulitzer Center,the Pulitzer Center,FAC,,,en,1.0
six decades,six decades,DATE,,,en,1.0
wettest summer,wettest summer,DATE,,,en,1.0
the decade,the decade,DATE,,,en,1.0
8 am today,8 am today,TIME,,,en,1.0
an entire month,an entire month,DATE,,,en,1.0
Month,Month,DATE,,,en,1.0
Freak,Freak,NORP,,,en,1.0
the upcoming days,the upcoming days,DATE,,,en,1.0
Caribbean.&nbsp,Caribbean.&nbsp,FAC,,,en,1.0
"1,340","1,340",CARDINAL,,,en,1.0
more than 4 inches,more than 4 inches,QUANTITY,,,en,1.0
Another Long Night/Early Morning,Another Long Night/Early Morning,TIME,,,en,1.0
140mph,140mph,QUANTITY,,,en,1.0
19 July,19 July,DATE,,,en,1.0
the last few months,the last few months,DATE,,,en,1.0
the early 1980s,the early 1980s,DATE,,,en,1.0
22 inches,22 inches,QUANTITY,,,en,1.0
nearly 11 inches,nearly 11 inches,QUANTITY,,,en,1.0
10 p.m.,10 p.m.,TIME,,,en,1.0
Sanand,Sanand,NORP,,,en,1.0
crores,crores,CARDINAL,,,en,1.0
close to 11 inches,close to 11 inches,QUANTITY,,,en,1.0
Oct 27,Oct 27,DATE,,,en,1.0
4 days,4 days,DATE,,,en,1.0
Oct. 27,Oct. 27,DATE,,,en,1.0
+4934,+4934,NORP,,,en,1.0
Boca Raton Airport,Boca Raton Airport,FAC,,,en,1.0
as of 7 a.m.,as of 7 a.m.,TIME,,,en,1.0
+8928,+8928,NORP,,,en,1.0
Caribbeanwpxi.com KINGSTON,Caribbeanwpxi.com KINGSTON,PRODUCT,,,en,1.0
the first anniversary of last year’s,the first anniversary of last year’s,DATE,,,en,1.0
1st,1st,ORDINAL,,,en,1.0
+3956,+3956,NORP,,,en,1.0
Thousands of tons,Thousands of tons,QUANTITY,,,en,1.0
THREE,THREE,CARDINAL,,,en,1.0
Hurricane Watch,Hurricane Watch,EVENT,,,en,1.0
a Tropical Storm Watch,a Tropical Storm Watch,PRODUCT,,,en,1.0
the last few seasons,the last few seasons,DATE,,,en,1.0
nearly a year ago,nearly a year ago,DATE,,,en,1.0
"Oct. 29, 2024","Oct. 29, 2024",DATE,,,en,1.0
Oct. 24,Oct. 24,DATE,,,en,1.0
Wright Flood,Wright Flood,WORK_OF_ART,,,en,1.0
145-mph,145-mph,QUANTITY,,,en,1.0
this Saturday,this Saturday,DATE,,,en,1.0
nearly 1 million,nearly 1 million,CARDINAL,,,en,1.0
Benue,Benue,NORP,0.0,0.0,en,1.0
23 October,23 October,DATE,,,en,1.0
"more than 960,000","more than 960,000",CARDINAL,,,en,1.0
"October 24, 2025","October 24, 2025",DATE,,,en,1.0
the start of August,the start of August,DATE,,,en,1.0
"October 24, 2025, Saturday","October 24, 2025, Saturday",DATE,,,en,1.0
its wettest summer days,its wettest summer days,DATE,,,en,1.0
wettest July,wettest July,DATE,,,en,1.0
June through August,June through August,DATE,,,en,1.0
417 millimetres,417 millimetres,QUANTITY,,,en,1.0
1953,1953,DATE,,,en,1.0
October 2025 - Marking its 80th anniversary,October 2025 - Marking its 80th anniversary,DATE,,,en,1.0
six-day,six-day,DATE,,,en,1.0
580 millimetres,580 millimetres,QUANTITY,,,en,1.0
between Oct. 19,between Oct. 19,DATE,,,en,1.0
the fourth quarter',the fourth quarter',DATE,,,en,1.0
Cooper Basin,Cooper Basin,FAC,,,en,1.0
+6563,+6563,NORP,,,en,1.0
three months ago,three months ago,DATE,,,en,1.0
1.5 ft,1.5 ft,QUANTITY,,,en,1.0
The first half of 2025,The first half of 2025,DATE,,,en,1.0
the whole month,the whole month,DATE,,,en,1.0
12–15-foot,12–15-foot,CARDINAL,,,en,1.0
47 per cent,47 per cent,MONEY,,,en,1.0
5060 mph,5060 mph,QUANTITY,,,en,1.0
late Saturday night,late Saturday night,TIME,,,en,1.0
+2546 chars,+2546 chars,WORK_OF_ART,,,en,1.0
six-hour-long,six-hour-long,TIME,,,en,1.0
Sarjapur Road,Sarjapur Road,FAC,,,en,1.0
"Today, October 12, 2025","Today, October 12, 2025",DATE,,,en,1.0
four hours,four hours,TIME,,,en,1.0
AFC World Cup,AFC World Cup,EVENT,,,en,1.0
2.7L hectares,2.7L hectares,QUANTITY,,,en,1.0
nearly 60 mph,nearly 60 mph,QUANTITY,,,en,1.0
117,117,CARDINAL,,,en,1.0
Buckingham Canal,Buckingham Canal,FAC,,,en,1.0
Semmancheri,Semmancheri,NORP,,,en,1.0
Rhode Islanders,Rhode Islanders,NORP,,,en,1.0
80th,80th,ORDINAL,,,en,1.0
More than 5 inches,More than 5 inches,QUANTITY,,,en,1.0
"more than 16,000","more than 16,000",CARDINAL,,,en,1.0
Ocean View,Ocean View,FAC,,,en,1.0
WAVY Weather Detail,WAVY Weather Detail,WORK_OF_ART,,,en,1.0
81st,81st,ORDINAL,,,en,1.0
Columbus Day Parade,Columbus Day Parade,EVENT,,,en,1.0
"November 11, 2025","November 11, 2025",DATE,,,en,1.0
6P,6P,CARDINAL,,,en,1.0
the first six months of this year,the first six months of this year,DATE,,,en,1.0
60 mm,60 mm,QUANTITY,,,en,1.0
1.5 feet,1.5 feet,QUANTITY,,,en,1.0
Cabo de la Nao,Cabo de la Nao,FAC,,,en,1.0
August 2026 - Five years,August 2026 - Five years,DATE,,,en,1.0
4.5,4.5,CARDINAL,,,en,1.0
the Mai Small Casca…,the Mai Small Casca…,EVENT,,,en,1.0
"Some 30,000","Some 30,000",CARDINAL,,,en,1.0
typhoon season,typhoon season,DATE,,,en,1.0
890,890,MONEY,,,en,1.0
"890,000","890,000",MONEY,,,en,1.0
"July 2, 2025","July 2, 2025",DATE,,,en,1.0
electrostate,electrostate,WORK_OF_ART,,,en,1.0
2025-10-08 22:25:31,2025-10-08 22:25:31,DATE,,,en,1.0
September 2025,September 2025,DATE,,,en,1.0
the first half of December this year,the first half of December this year,DATE,,,en,1.0
$5 billion,$5 billion,MONEY,,,en,1.0
Roshi Rural…,Roshi Rural…,FAC,,,en,1.0
More than two-thirds,More than two-thirds,CARDINAL,,,en,1.0
No UPCODE Act,No UPCODE Act,LAW,,,en,1.0
"Nearly 30,000","Nearly 30,000",CARDINAL,,,en,1.0
Hurricane Priscilla,Hurricane Priscilla,EVENT,,,en,1.0
between 2 to 4 inches,between 2 to 4 inches,QUANTITY,,,en,1.0
6 inches,6 inches,QUANTITY,,,en,1.0
later in the day,later in the day,TIME,,,en,1.0
Map Shows Where Millions Face Severe Rain,Map Shows Where Millions Face Severe Rain,WORK_OF_ART,,,en,1.0
Tropical Storm Priscilla,Tropical Storm Priscilla,WORK_OF_ART,,,en,1.0
10 August 2026,10 August 2026,DATE,,,en,1.0
Flooding Rains,Flooding Rains,FAC,,,en,1.0
1661.5,1661.5,CARDINAL,,,en,1.0
"April 16, 2024","April 16, 2024",DATE,,,en,1.0
September 28,September 28,DATE,,,en,1.0
| Watch,| Watch,WORK_OF_ART,,,en,1.0
Gambian,Gambian,NORP,,,en,1.0
15 days,15 days,DATE,,,en,1.0
3949,3949,CARDINAL,,,en,1.0
"Monday, October 13","Monday, October 13",DATE,,,en,1.0
2 MILLION,2 MILLION,CARDINAL,,,en,1.0
the meatgrinder war,the meatgrinder war,EVENT,,,en,1.0
$1 trillion,$1 trillion,MONEY,,,en,1.0
october 16,october 16,DATE,,,en,1.0
the day ahead,the day ahead,DATE,,,en,1.0
1904,1904,DATE,,,en,1.0
at least $180 billion,at least $180 billion,MONEY,,,en,1.0
2025.Galveston,2025.Galveston,CARDINAL,,,en,1.0
1901,1901,DATE,,,en,1.0
The Floods of the Future Won’t Come One,The Floods of the Future Won’t Come One,WORK_OF_ART,,,en,1.0
at least 87,at least 87,CARDINAL,,,en,1.0
+1253 chars,+1253 chars,WORK_OF_ART,,,en,1.0
mankinddisrupting,mankinddisrupting,NORP,,,en,1.0
More than one million,More than one million,CARDINAL,,,en,1.0
Typhoon Halon,Typhoon Halon,EVENT,,,en,1.0
"14,646","14,646",CARDINAL,,,en,1.0
90 degrees,90 degrees,QUANTITY,,,en,1.0
over 5%,over 5%,PERCENT,,,en,1.0
$100 billion,$100 billion,MONEY,,,en,1.0
a monsoon season,a monsoon season,DATE,,,en,1.0
$100 Billion,$100 Billion,MONEY,,,en,1.0
only 8%,only 8%,PERCENT,,,en,1.0
8.5m,8.5m,QUANTITY,,,en,1.0
Islamo,Islamo,NORP,,,en,1.0
swastika,swastika,NORP,,,en,1.0
10/16/2025 8:54:53 PM PDT,10/16/2025 8:54:53 PM PDT,TIME,,,en,1.0
"August 26, 2025","August 26, 2025",DATE,,,en,1.0
Fifteen minutes,Fifteen minutes,TIME,,,en,1.0
"some 100,000","some 100,000",CARDINAL,,,en,1.0
The Floods of the Future,The Floods of the Future,WORK_OF_ART,,,en,1.0
"Monday, Oct. 13","Monday, Oct. 13",DATE,,,en,1.0
+4613 chars,+4613 chars,WORK_OF_ART,,,en,1.0
the mid-Atlantic,the mid-Atlantic,DATE,,,en,1.0
Diana rivers,Diana rivers,FAC,,,en,1.0
₹184.88cr,₹184.88cr,NORP,,,en,1.0
Continuous,Continuous,WORK_OF_ART,,,en,1.0
+3396 chars,+3396 chars,WORK_OF_ART,,,en,1.0
over 1 million,over 1 million,QUANTITY,,,en,1.0
At Least 64,At Least 64,CARDINAL,,,en,1.0
Sixty-four,Sixty-four,CARDINAL,,,en,1.0
up to 162km per hour,up to 162km per hour,QUANTITY,,,en,1.0
… Fifteen minutes,… Fifteen minutes,TIME,,,en,1.0
Almost 130,Almost 130,CARDINAL,,,en,1.0
six-day-old,six-day-old,DATE,,,en,1.0
Oct 14,Oct 14,DATE,,,en,1.0
several days last week,several days last week,DATE,,,en,1.0
an estimated 100,an estimated 100,CARDINAL,,,en,1.0
Shannon,Shannon,FAC,,,en,1.0
up to 162kmh,up to 162kmh,QUANTITY,,,en,1.0
more than 7,more than 7,CARDINAL,,,en,1.0
505,505,CARDINAL,,,en,1.0
Robovac,Robovac,PRODUCT,,,en,1.0
Flood Action Week,Flood Action Week,EVENT,,,en,1.0
13-19,13-19,DATE,,,en,1.0
more than an inch,more than an inch,QUANTITY,,,en,1.0
Early-Season,Early-Season,DATE,,,en,1.0
at least 40 inches,at least 40 inches,QUANTITY,,,en,1.0
"Monday, Oct. 27","Monday, Oct. 27",DATE,,,en,1.0
the Boca Raton Airport,the Boca Raton Airport,FAC,,,en,1.0
2.37 inches,2.37 inches,QUANTITY,,,en,1.0
"2022 |
","2022 |
",DATE,,,en,1.0
8.5,8.5,CARDINAL,,,en,1.0
11/6/2025,11/6/2025,CARDINAL,,,en,1.0
"Friday, July 17","Friday, July 17",DATE,,,en,1.0
You Shook Me All Night Long,You Shook Me All Night Long,WORK_OF_ART,,,en,1.0
Thunderstruck,Thunderstruck,WORK_OF_ART,,,en,1.0
MAY 21,MAY 21,DATE,,,en,1.0
95%,95%,PERCENT,,,en,1.0
about 10%,about 10%,PERCENT,,,en,1.0
"Nearly 795,000","Nearly 795,000",CARDINAL,,,en,1.0
11/7)蚊,11/7)蚊,CARDINAL,,,en,1.0
Fri Nov 7,Fri Nov 7,DATE,,,en,1.0
2024 |,2024 |,DATE,,,en,1.0
20 centimeters,20 centimeters,QUANTITY,,,en,1.0
a few months later,a few months later,DATE,,,en,1.0
the Blue Ridge Parkway,the Blue Ridge Parkway,FAC,,,en,1.0
A year later,A year later,DATE,,,en,1.0
"Friday, Nov. 7","Friday, Nov. 7",DATE,,,en,1.0
"Nov. 7, 2025","Nov. 7, 2025",DATE,,,en,1.0
as much as eight inches,as much as eight inches,QUANTITY,,,en,1.0
"33,281","33,281",CARDINAL,,,en,1.0
"July 17, 2026","July 17, 2026",DATE,,,en,1.0
"more than 33,000","more than 33,000",CARDINAL,,,en,1.0
more than two,more than two,CARDINAL,,,en,1.0
more than 33,more than 33,CARDINAL,,,en,1.0
$150 million,$150 million,MONEY,,,en,1.0
at least 188,at least 188,CARDINAL,,,en,1.0
$1M,$1M,MONEY,,,en,1.0
Smokies,Smokies,PRODUCT,,,en,1.0
74%,74%,PERCENT,,,en,1.0
Conference of the Parties,Conference of the Parties,EVENT,,,en,1.0
COP30,COP30,FAC,,,en,1.0
10%,10%,PERCENT,,,en,1.0
October 31,October 31,DATE,,,en,1.0
Finnish,Finnish,NORP,,,en,1.0
$29.4 billion,$29.4 billion,MONEY,,,en,1.0
four years,four years,DATE,,,en,1.0
the turn of the week,the turn of the week,DATE,,,en,1.0
just $2.8 trillion,just $2.8 trillion,MONEY,,,en,1.0
almost 40%,almost 40%,PERCENT,,,en,1.0
+4896 chars,+4896 chars,WORK_OF_ART,,,en,1.0
More than 7.55 million,More than 7.55 million,CARDINAL,,,en,1.0
next years,next years,DATE,,,en,1.0
September 2021,September 2021,DATE,,,en,1.0
the last decade,the last decade,DATE,,,en,1.0
fifth-driest,fifth-driest,DATE,,,en,1.0
+6511,+6511,NORP,,,en,1.0
"Over 1,100","Over 1,100",CARDINAL,,,en,1.0
New Typhoon Heading Toward,New Typhoon Heading Toward,EVENT,,,en,1.0
LN8000 Fire Truck,LN8000 Fire Truck,PRODUCT,,,en,1.0
This 1982,This 1982,DATE,,,en,1.0
at least 114,at least 114,CARDINAL,,,en,1.0
at Least Two,at Least Two,CARDINAL,,,en,1.0
at least 35,at least 35,CARDINAL,,,en,1.0
At least 85,At least 85,CARDINAL,,,en,1.0
Venice Canals,Venice Canals,FAC,,,en,1.0
late-June,late-June,DATE,,,en,1.0
Deadly Floods Are Not Worsened by Climate Change,Deadly Floods Are Not Worsened by Climate Change,WORK_OF_ART,,,en,1.0
Devastation on repeat: How climate change is worsening,Devastation on repeat: How climate change is worsening,WORK_OF_ART,,,en,1.0
At least 140,At least 140,CARDINAL,,,en,1.0
Brooklyn Bridge Park,Brooklyn Bridge Park,FAC,,,en,1.0
Subversive Streak Shines On adidas Holiday 2025 Capsule,Subversive Streak Shines On adidas Holiday 2025 Capsule,WORK_OF_ART,,,en,1.0
as high as 12 metres,as high as 12 metres,QUANTITY,,,en,1.0
75 percent,75 percent,PERCENT,,,en,1.0
06:00 GMT,06:00 GMT,TIME,,,en,1.0
Zimbabwean,Zimbabwean,NORP,,,en,1.0
21:00,21:00,TIME,,,en,1.0
Typhoon Fung-Wong,Typhoon Fung-Wong,EVENT,,,en,1.0
at least 6,at least 6,CARDINAL,,,en,1.0
Sunset Blvd,Sunset Blvd,FAC,,,en,1.0
2025-11-10,2025-11-10,DATE,,,en,1.0
+6664,+6664,CARDINAL,,,en,1.0
"around 130,000 mph","around 130,000 mph",QUANTITY,,,en,1.0
"1,355","1,355",CARDINAL,,,en,1.0
1945,1945,DATE,,,en,1.0
Subterranean Secrets,Subterranean Secrets,EVENT,,,en,1.0
22 percent,22 percent,PERCENT,,,en,1.0
18 million,18 million,CARDINAL,,,en,1.0
+6909,+6909,NORP,,,en,1.0
a fortnight ago,a fortnight ago,DATE,,,en,1.0
Uyo,Uyo,FAC,,,en,1.0
the 21st Century,the 21st Century,DATE,,,en,1.0
1 foot,1 foot,QUANTITY,,,en,1.0
Oct. 7,Oct. 7,DATE,,,en,1.0
wettest July days,wettest July days,DATE,,,en,1.0
series,series,EVENT,,,en,1.0
Mexico Heavy,Mexico Heavy,FAC,,,en,1.0
90s movie series,90s movie series,EVENT,,,en,1.0
1999,1999,DATE,,,en,1.0
"7,900","7,900",CARDINAL,,,en,1.0
"8,300","8,300",CARDINAL,,,en,1.0
"more than 8,300","more than 8,300",CARDINAL,,,en,1.0
Lone Star State,Lone Star State,FAC,0.0,0.0,en,1.0
the San Gabriel Mountains,the San Gabriel Mountains,FAC,,,en,1.0
N50m,N50m,FAC,,,en,1.0
Floridas Republican,Floridas Republican,NORP,,,en,1.0
Subversive Streak Shines,Subversive Streak Shines,WORK_OF_ART,,,en,1.0
10km,10km,QUANTITY,,,en,1.0
Phillippines,Phillippines,NORP,,,en,1.0
up to 5m,up to 5m,QUANTITY,,,en,1.0
the holiday season's,the holiday season's,DATE,,,en,1.0
Canadian Sikhs,Canadian Sikhs,NORP,,,en,1.0
This past August,This past August,DATE,,,en,1.0
Remedios T Romualde,Remedios T Romualde,PRODUCT,,,en,1.0
217,217,CARDINAL,,,en,1.0
around 750,around 750,CARDINAL,,,en,1.0
just five hours,just five hours,TIME,,,en,1.0
November 7,November 7,DATE,,,en,1.0
over 20 inches,over 20 inches,QUANTITY,,,en,1.0
Typhoon Fung-wong’s,Typhoon Fung-wong’s,EVENT,,,en,1.0
up to eight inches,up to eight inches,QUANTITY,,,en,1.0
NEARLY A MILLION,NEARLY A MILLION,CARDINAL,,,en,1.0
Typhoon Fung-wongs,Typhoon Fung-wongs,EVENT,,,en,1.0
the last five years,the last five years,DATE,,,en,1.0
over a dozen,over a dozen,CARDINAL,,,en,1.0
ESPY Awards,ESPY Awards,WORK_OF_ART,,,en,1.0
last night's,last night's,TIME,,,en,1.0
403,403,CARDINAL,,,en,1.0
the Puerto de la Cruz resor,the Puerto de la Cruz resor,FAC,,,en,1.0
California Street,California Street,FAC,,,en,1.0
the past 11 years,the past 11 years,DATE,,,en,1.0
Typhoon Fung-wong,Typhoon Fung-wong,FAC,-0.1,0.2,en,1.0
Last May,Last May,DATE,,,en,1.0
$125 billion,$125 billion,MONEY,,,en,1.0
St. Mary’s Bay,St. Mary’s Bay,FAC,,,en,1.0
nearly 20 inches,nearly 20 inches,QUANTITY,,,en,1.0
2FA,2FA,CARDINAL,,,en,1.0
October 2025,October 2025,DATE,,,en,1.0
more than 1 billion,more than 1 billion,MONEY,,,en,1.0
368.97,368.97,CARDINAL,,,en,1.0
0.44%,0.44%,PERCENT,,,en,1.0
117.70,117.70,CARDINAL,,,en,1.0
0.45%,0.45%,PERCENT,,,en,1.0
"26,053.90","26,053.90",CARDINAL,,,en,1.0
1:17 p.m.,1:17 p.m.,TIME,,,en,1.0
411,411,CARDINAL,,,en,1.0
"85,039","85,039",CARDINAL,,,en,1.0
8 paise,8 paise,MONEY,,,en,1.0
$33 million,$33 million,MONEY,,,en,1.0
aid.</li><li,aid.</li><li,CARDINAL,,,en,1.0
Telangana,Telangana,WORK_OF_ART,-0.2,0.5,en,1.0
Hurricane Melissa Show,Hurricane Melissa Show,EVENT,,,en,1.0
Dornakal Junction,Dornakal Junction,FAC,,,en,1.0
Five Feet,Five Feet,QUANTITY,,,en,1.0
Nearing World Record,Nearing World Record,WORK_OF_ART,,,en,1.0
40 hours,40 hours,TIME,,,en,1.0
more than €1 billion,more than €1 billion,MONEY,,,en,1.0
October 29 2024,October 29 2024,DATE,,,en,1.0
early this morning,early this morning,TIME,,,en,1.0
Hait,Hait,PRODUCT,,,en,1.0
"735,000","735,000",CARDINAL,,,en,1.0
$37 billion,$37 billion,MONEY,,,en,1.0
SummaryView TranscriptTropical Storm Bertha,SummaryView TranscriptTropical Storm Bertha,WORK_OF_ART,,,en,1.0
over 230,over 230,CARDINAL,,,en,1.0
the anniversary of last year’s,the anniversary of last year’s,DATE,,,en,1.0
"more than 650,000","more than 650,000",CARDINAL,,,en,1.0
"Around 1,200","Around 1,200",CARDINAL,,,en,1.0
Hurricane Melissa Rips Roof Off Hospital,Hurricane Melissa Rips Roof Off Hospital,EVENT,,,en,1.0
252 mph,252 mph,QUANTITY,,,en,1.0
508 millimeters,508 millimeters,QUANTITY,,,en,1.0
$20 billion,$20 billion,MONEY,,,en,1.0
up to 40%,up to 40%,PERCENT,,,en,1.0
$388 billion,$388 billion,MONEY,,,en,1.0
344,344,CARDINAL,,,en,1.0
15-19 inches,15-19 inches,QUANTITY,,,en,1.0
at least 107,at least 107,CARDINAL,,,en,1.0
162 kph,162 kph,QUANTITY,,,en,1.0
just six hours,just six hours,TIME,,,en,1.0
175 mph,175 mph,QUANTITY,,,en,1.0
1851,1851,DATE,,,en,1.0
175 MPH,175 MPH,QUANTITY,,,en,1.0
Anglo,Anglo,NORP,,,en,1.0
more than one metre,more than one metre,QUANTITY,,,en,1.0
no fewer than 126,no fewer than 126,CARDINAL,,,en,1.0
more than 1m,more than 1m,QUANTITY,,,en,1.0
+9697,+9697,NORP,,,en,1.0
Oct 28).Pedestrians,Oct 28).Pedestrians,DATE,,,en,1.0
174 years ago,174 years ago,DATE,,,en,1.0
Hurricane Melissa's,Hurricane Melissa's,EVENT,,,en,1.0
Bahini basin,Bahini basin,FAC,,,en,1.0
+1092 chars,+1092 chars,WORK_OF_ART,,,en,1.0
+2076 chars,+2076 chars,WORK_OF_ART,,,en,1.0
Jamaicans,Jamaicans,NORP,,,en,1.0
16 hou,16 hou,QUANTITY,,,en,1.0
Hurricane Melissa Makes Catastrophic Landfall,Hurricane Melissa Makes Catastrophic Landfall,EVENT,,,en,1.0
250 mph,250 mph,QUANTITY,,,en,1.0
the anniversary of last years,the anniversary of last years,DATE,,,en,1.0
"July 21 to July 27, 2026","July 21 to July 27, 2026",DATE,,,en,1.0
the past week's,the past week's,DATE,,,en,1.0
Nearly 50,Nearly 50,CARDINAL,,,en,1.0
Rainy day,Rainy day,DATE,,,en,1.0
+1634 chars,+1634 chars,WORK_OF_ART,,,en,1.0
Twenty-nine,Twenty-nine,CARDINAL,,,en,1.0
Three to four inches,Three to four inches,QUANTITY,,,en,1.0
+6712 chars,+6712 chars,WORK_OF_ART,,,en,1.0
"over 20,000 crore","over 20,000 crore",MONEY,,,en,1.0
Dalal Street,Dalal Street,FAC,,,en,1.0
10 centimeters,10 centimeters,QUANTITY,,,en,1.0
2.5%,2.5%,PERCENT,,,en,1.0
billions of euros,billions of euros,MONEY,,,en,1.0
Up to four inches,Up to four inches,QUANTITY,,,en,1.0
Native,Native,NORP,,,en,1.0
A week,A week,DATE,,,en,1.0
"October 29, 2024","October 29, 2024",DATE,,,en,1.0
Roughly 42 million,Roughly 42 million,CARDINAL,,,en,1.0
229,229,CARDINAL,,,en,1.0
the 90s,the 90s,DATE,,,en,1.0
1993,1993,DATE,,,en,1.0
just 24 hours,just 24 hours,TIME,,,en,1.0
TOMORROW,TOMORROW,DATE,,,en,1.0
early November 2025,early November 2025,DATE,,,en,1.0
"Monday, Nov. 3 to Saturday, Nov. 8","Monday, Nov. 3 to Saturday, Nov. 8",DATE,,,en,1.0
185 m,185 m,QUANTITY,,,en,1.0
+4010 chars,+4010 chars,WORK_OF_ART,,,en,1.0
£11m,£11m,MONEY,,,en,1.0
Beam Park,Beam Park,FAC,,,en,1.0
more than £11m,more than £11m,MONEY,,,en,1.0
the afternoon hours,the afternoon hours,TIME,,,en,1.0
"Oct. 29, 2023","Oct. 29, 2023",DATE,,,en,1.0
Burro Canyon Shooting Park,Burro Canyon Shooting Park,FAC,,,en,1.0
Xbox Series X/S.,Xbox Series X/S.,EVENT,,,en,1.0
PlayStation 5,PlayStation 5,PRODUCT,,,en,1.0
the Day of the,the Day of the,DATE,,,en,1.0
later this morning,later this morning,TIME,,,en,1.0
this past May,this past May,DATE,,,en,1.0
several dozen,several dozen,CARDINAL,,,en,1.0
A few years ago,A few years ago,DATE,,,en,1.0
D’Angelo,D’Angelo,WORK_OF_ART,,,en,1.0
"the morning of Tuesday, Oct. 14","the morning of Tuesday, Oct. 14",TIME,,,en,1.0
Brits,Brits,NORP,,,en,1.0
This Year,This Year,DATE,,,en,1.0
Halloween 2025,Halloween 2025,DATE,,,en,1.0
2025-10-30,2025-10-30,DATE,,,en,1.0
October 30,October 30,DATE,,,en,1.0
one-ton,one-ton,QUANTITY,,,en,1.0
Over 116 million,Over 116 million,CARDINAL,,,en,1.0
Up to 50 mph gusts,Up to 50 mph gusts,QUANTITY,,,en,1.0
0.0.63,0.0.63,DATE,,,en,1.0
an exceptionally active day,an exceptionally active day,DATE,,,en,1.0
the night of July,the night of July,TIME,,,en,1.0
+10619,+10619,NORP,,,en,1.0
"Animal Kingdom
","Animal Kingdom
",FAC,,,en,1.0
30 October,30 October,DATE,,,en,1.0
nearly three inches,nearly three inches,QUANTITY,,,en,1.0
Nearly three inches,Nearly three inches,QUANTITY,,,en,1.0
Ditmas Park,Ditmas Park,FAC,,,en,1.0
Halloween,Halloween,DATE,,,en,1.0
2025-11-01,2025-11-01,DATE,,,en,1.0
Imprisonment,Imprisonment,WORK_OF_ART,,,en,1.0
the Big Apple,the Big Apple,FAC,,,en,1.0
teenage years,teenage years,DATE,,,en,1.0
"nearly 795,000","nearly 795,000",CARDINAL,,,en,1.0
McArthur River/,McArthur River/,FAC,,,en,1.0
2 a.m.,2 a.m.,TIME,,,en,1.0
2021-24,2021-24,DATE,,,en,1.0
about 317 kilometres,about 317 kilometres,QUANTITY,,,en,1.0
Jomsom road,Jomsom road,FAC,,,en,1.0
About 20,About 20,CARDINAL,,,en,1.0
+4647,+4647,NORP,,,en,1.0
the beginning of March,the beginning of March,DATE,,,en,1.0
Mid-Hill Highway,Mid-Hill Highway,FAC,,,en,1.0
Koshi Highway,Koshi Highway,FAC,,,en,1.0
more than half a dozen,more than half a dozen,CARDINAL,,,en,1.0
Advance,Advance,WORK_OF_ART,,,en,1.0
about 220 kilometres,about 220 kilometres,QUANTITY,,,en,1.0
3:45pm,3:45pm,CARDINAL,,,en,1.0
16.26 metres,16.26 metres,QUANTITY,,,en,1.0
just 48 hours,just 48 hours,TIME,,,en,1.0
Theorem,Theorem,WORK_OF_ART,,,en,1.0
Algerian,Algerian,NORP,,,en,1.0
+8969,+8969,NORP,,,en,1.0
3.7m,3.7m,QUANTITY,,,en,1.0
"May 26, 2026","May 26, 2026",DATE,,,en,1.0
£1 million,£1 million,MONEY,,,en,1.0
"May 26, 2026 /PRNewswire/","May 26, 2026 /PRNewswire/",DATE,,,en,1.0
86 degrees,86 degrees,QUANTITY,,,en,1.0
+5874 chars,+5874 chars,WORK_OF_ART,,,en,1.0
Three days,Three days,DATE,,,en,1.0
March one,March one,DATE,,,en,1.0
+13273 chars,+13273 chars,WORK_OF_ART,,,en,1.0
Quondong Station's,Quondong Station's,FAC,,,en,1.0
Around 15 million,Around 15 million,CARDINAL,,,en,1.0
colder than last year,colder than last year,DATE,,,en,1.0
between 2 p.m. and 6 p.m. Tuesday,between 2 p.m. and 6 p.m. Tuesday,TIME,,,en,1.0
$100M,$100M,MONEY,,,en,1.0
the European Centre,the European Centre,FAC,,,en,1.0
April of 2023,April of 2023,DATE,,,en,1.0
mid-April 2026,mid-April 2026,DATE,,,en,1.0
1:3,1:3,CARDINAL,,,en,1.0
Super Typhoon Sinlaku,Super Typhoon Sinlaku,FAC,,,en,1.0
Flooding Mole Tunnels Work,Flooding Mole Tunnels Work,WORK_OF_ART,,,en,1.0
Hurricane-Force Winds,Hurricane-Force Winds,EVENT,,,en,1.0
Thessaloniki Documentary Festival Head,Thessaloniki Documentary Festival Head,EVENT,,,en,1.0
as many days,as many days,DATE,,,en,1.0
Separating Fact From Fiction and,Separating Fact From Fiction and,WORK_OF_ART,,,en,1.0
the last three months,the last three months,DATE,,,en,1.0
More than one,More than one,CARDINAL,,,en,1.0
88 days,88 days,DATE,,,en,1.0
three miles,three miles,QUANTITY,,,en,1.0
about 40 percent,about 40 percent,PERCENT,,,en,1.0
more than 12 weeks,more than 12 weeks,DATE,,,en,1.0
hour,hour,TIME,,,en,1.0
Facebook Market,Facebook Market,WORK_OF_ART,,,en,1.0
19.19 metres,19.19 metres,QUANTITY,,,en,1.0
10:45pm,10:45pm,CARDINAL,,,en,1.0
now than 25 years ago,now than 25 years ago,DATE,,,en,1.0
17.5 metres,17.5 metres,QUANTITY,,,en,1.0
the last 30-odd years,the last 30-odd years,DATE,,,en,1.0
Central Victorian,Central Victorian,NORP,,,en,1.0
a couple of days,a couple of days,DATE,,,en,1.0
329%,329%,PERCENT,,,en,1.0
Summer Heat Season Begins,Summer Heat Season Begins,DATE,,,en,1.0
just below 16.5 metres,just below 16.5 metres,QUANTITY,,,en,1.0
Aboriginal,Aboriginal,NORP,,,en,1.0
+3199 chars,+3199 chars,WORK_OF_ART,,,en,1.0
The next five years,The next five years,DATE,,,en,1.0
about 120 kilometers,about 120 kilometers,QUANTITY,,,en,1.0
eight years ago,eight years ago,DATE,,,en,1.0
late ⁠last week,late ⁠last week,DATE,,,en,1.0
"over 1,500","over 1,500",CARDINAL,,,en,1.0
50F,50F,CARDINAL,,,en,1.0
About 30,About 30,CARDINAL,,,en,1.0
Thanksgiving,Thanksgiving,DATE,,,en,1.0
Hundreds of millimetres,Hundreds of millimetres,QUANTITY,,,en,1.0
alert this morning,alert this morning,TIME,,,en,1.0
40F,40F,CARDINAL,,,en,1.0
Tropical Cyclone Narelle,Tropical Cyclone Narelle,WORK_OF_ART,,,en,1.0
less than two weeks earlier,less than two weeks earlier,DATE,,,en,1.0
more than 250 kilometres,more than 250 kilometres,QUANTITY,,,en,1.0
21 May,21 May,DATE,,,en,1.0
120 year old,120 year old,DATE,,,en,1.0
Mar 20,Mar 20,DATE,,,en,1.0
Blangiardi,Blangiardi,PRODUCT,,,en,1.0
84 years,84 years,DATE,,,en,1.0
£8M,£8M,MONEY,,,en,1.0
9:45 a.m.,9:45 a.m.,TIME,,,en,1.0
12:45 p.m.,12:45 p.m.,TIME,,,en,1.0
9:34 a.m.,9:34 a.m.,TIME,,,en,1.0
Warthog,Warthog,PRODUCT,,,en,1.0
just five weeks,just five weeks,DATE,,,en,1.0
"as little as $20,000–$50,00","as little as $20,000–$50,00",MONEY,,,en,1.0
"as little as $20,000$50,000","as little as $20,000$50,000",MONEY,,,en,1.0
5:00 PM,5:00 PM,TIME,,,en,1.0
Maui,Maui,FAC,0.15,0.4,en,1.0
60 mile,60 mile,QUANTITY,,,en,1.0
US Marines,US Marines,NORP,,,en,1.0
+5128 chars,+5128 chars,WORK_OF_ART,,,en,1.0
Early Saturday morning,Early Saturday morning,TIME,,,en,1.0
Extremist,Extremist,NORP,,,en,1.0
More than 5 feet,More than 5 feet,QUANTITY,,,en,1.0
Indigenous Australians,Indigenous Australians,NORP,,,en,1.0
N.,N.,NORP,0.0,0.3,en,1.0
"Friday, March 20","Friday, March 20",DATE,,,en,1.0
More than 60,More than 60,CARDINAL,,,en,1.0
+2302 chars,+2302 chars,WORK_OF_ART,,,en,1.0
late Sunday evening,late Sunday evening,TIME,,,en,1.0
Heroic,Heroic,WORK_OF_ART,,,en,1.0
Rp1.26 billion,Rp1.26 billion,MONEY,,,en,1.0
Sumatera,Sumatera,NORP,,,en,1.0
more than two feet,more than two feet,QUANTITY,,,en,1.0
late-winter,late-winter,DATE,,,en,1.0
2 feet,2 feet,QUANTITY,,,en,1.0
Late-winter,Late-winter,DATE,,,en,1.0
+5031,+5031,NORP,,,en,1.0
1.4bn,1.4bn,MONEY,,,en,1.0
£830m,£830m,MONEY,,,en,1.0
2026/27,2026/27,CARDINAL,,,en,1.0
at least £10.5 billion,at least £10.5 billion,MONEY,,,en,1.0
between 2024-2036,between 2024-2036,DATE,,,en,1.0
+8067,+8067,CARDINAL,,,en,1.0
$100m,$100m,MONEY,,,en,1.0
between 2025 and April 2026,between 2025 and April 2026,DATE,,,en,1.0
"1,544","1,544",CARDINAL,,,en,1.0
as early as Saturday,as early as Saturday,DATE,,,en,1.0
+6902 chars,+6902 chars,WORK_OF_ART,,,en,1.0
over summer,over summer,DATE,,,en,1.0
nearly two weeks,nearly two weeks,DATE,,,en,1.0
another rainy day,another rainy day,DATE,,,en,1.0
more than two decades ago,more than two decades ago,DATE,,,en,1.0
21 years,21 years,DATE,,,en,1.0
+5637,+5637,NORP,,,en,1.0
Latin,Latin,NORP,,,en,1.0
First Amendment,First Amendment,LAW,,,en,1.0
Ramadan,Ramadan,DATE,,,en,1.0
over a year,over a year,DATE,,,en,1.0
Bhandup hill,Bhandup hill,FAC,,,en,1.0
Office'Guwahati,Office'Guwahati,CARDINAL,,,en,1.0
+3163,+3163,NORP,,,en,1.0
Kylemore Bridge,Kylemore Bridge,FAC,,,en,1.0
Kylemore Abbey,Kylemore Abbey,FAC,,,en,1.0
"June 08, 2026 (GLOBE NEWSWIRE) --","June 08, 2026 (GLOBE NEWSWIRE) --",DATE,,,en,1.0
200 millimeters,200 millimeters,QUANTITY,,,en,1.0
early September 2024,early September 2024,DATE,,,en,1.0
2039,2039,DATE,,,en,1.0
late this weekend & Monday,late this weekend & Monday,DATE,,,en,1.0
all day Monday,all day Monday,DATE,,,en,1.0
Iran | CNN,Iran | CNN,EVENT,,,en,1.0
More than 37 days,More than 37 days,DATE,,,en,1.0
37 days,37 days,DATE,,,en,1.0
37 consecutive days,37 consecutive days,DATE,,,en,1.0
the high 90s,the high 90s,DATE,,,en,1.0
December 2022,December 2022,DATE,,,en,1.0
Saturday evening,Saturday evening,TIME,,,en,1.0
the coming week's,the coming week's,DATE,,,en,1.0
Times Square Takeo,Times Square Takeo,FAC,,,en,1.0
Irish Rail,Irish Rail,FAC,,,en,1.0
KAVREPALANCHOWK:,KAVREPALANCHOWK:,WORK_OF_ART,,,en,1.0
Damda khazan,Damda khazan,FAC,,,en,1.0
Late Sunday-Monday,Late Sunday-Monday,DATE,,,en,1.0
24 inches,24 inches,QUANTITY,,,en,1.0
two feet,two feet,QUANTITY,,,en,1.0
March 1888,March 1888,DATE,,,en,1.0
just 172mm,just 172mm,QUANTITY,,,en,1.0
a single week,a single week,DATE,,,en,1.0
+5352 chars,+5352 chars,WORK_OF_ART,,,en,1.0
4.5b,4.5b,MONEY,,,en,1.0
Olympics,Olympics,EVENT,,,en,1.0
Dam Battlegrounds,Dam Battlegrounds,WORK_OF_ART,,,en,1.0
2 dozen,2 dozen,CARDINAL,,,en,1.0
Flood Flood Warning,Flood Flood Warning,WORK_OF_ART,,,en,1.0
the UK Centre,the UK Centre,FAC,,,en,1.0
Leucadia Roadside Park,Leucadia Roadside Park,FAC,,,en,1.0
São Paulo Battles Drought and Floods Together in Climate Paradox,São Paulo Battles Drought and Floods Together in Climate Paradox,EVENT,,,en,1.0
395mm,395mm,QUANTITY,,,en,1.0
$28.6m,$28.6m,MONEY,,,en,1.0
"today, Tuesday","today, Tuesday",DATE,,,en,1.0
+2094 chars,+2094 chars,WORK_OF_ART,,,en,1.0
just a few short hours,just a few short hours,TIME,,,en,1.0
an average year,an average year,DATE,,,en,1.0
Storm Nils,Storm Nils,FAC,,,en,1.0
June 11th,June 11th,DATE,,,en,1.0
January 31,January 31,DATE,,,en,1.0
Three months ago,Three months ago,DATE,,,en,1.0
2°,2°,QUANTITY,,,en,1.0
2° Celsius,2° Celsius,QUANTITY,,,en,1.0
about $190 billion,about $190 billion,MONEY,,,en,1.0
847,847,CARDINAL,,,en,1.0
140 kilometres,140 kilometres,QUANTITY,,,en,1.0
40mm,40mm,QUANTITY,,,en,1.0
Discover Weekly,Discover Weekly,WORK_OF_ART,,,en,1.0
Series,Series,EVENT,,,en,1.0
at least another month,at least another month,DATE,,,en,1.0
444,444,FAC,,,en,1.0
Tuesday 9 June 2026,Tuesday 9 June 2026,DATE,,,en,1.0
the Gates La,the Gates La,FAC,,,en,1.0
About two dozen,About two dozen,CARDINAL,,,en,1.0
more than 35 consecutive days,more than 35 consecutive days,DATE,,,en,1.0
rainy days,rainy days,DATE,,,en,1.0
up to three feet,up to three feet,QUANTITY,,,en,1.0
"20,000 hectares","20,000 hectares",QUANTITY,,,en,1.0
"early Monday, June 1, 2026","early Monday, June 1, 2026",DATE,,,en,1.0
80 percent,80 percent,PERCENT,,,en,1.0
the next six months,the next six months,DATE,,,en,1.0
more than 490,more than 490,CARDINAL,,,en,1.0
Early Years,Early Years,DATE,,,en,1.0
17:17 p.m.,17:17 p.m.,TIME,,,en,1.0
1C,1C,CARDINAL,,,en,1.0
the 1950s,the 1950s,DATE,,,en,1.0
Jun 02,Jun 02,DATE,,,en,1.0
At Least 30,At Least 30,CARDINAL,,,en,1.0
Massive Landslide’ Wipes Out Hills… The Fine Print: The following,Massive Landslide’ Wipes Out Hills… The Fine Print: The following,WORK_OF_ART,,,en,1.0
15:17 p.m.,15:17 p.m.,TIME,,,en,1.0
26 February 2026,26 February 2026,DATE,,,en,1.0
Black Neighborhoods Hard,Black Neighborhoods Hard,FAC,,,en,1.0
7.5 million,7.5 million,CARDINAL,,,en,1.0
84,84,CARDINAL,,,en,1.0
84 Friday,84 Friday,DATE,,,en,1.0
Alfred,Alfred,PRODUCT,,,en,1.0
April 20,April 20,DATE,,,en,1.0
the years first,the years first,DATE,,,en,1.0
+5707,+5707,NORP,,,en,1.0
Rising Heat Risk,Rising Heat Risk,WORK_OF_ART,,,en,1.0
nine years,nine years,DATE,,,en,1.0
"February 28, 2022","February 28, 2022",DATE,,,en,1.0
Flinders Medical Centre,Flinders Medical Centre,FAC,,,en,1.0
5 February 2026,5 February 2026,DATE,,,en,1.0
+7608 chars,+7608 chars,WORK_OF_ART,,,en,1.0
up to 20 million,up to 20 million,CARDINAL,,,en,1.0
Hurricane season,Hurricane season,DATE,,,en,1.0
golden years,golden years,DATE,,,en,1.0
north Queenslanders,north Queenslanders,NORP,,,en,1.0
the Argyle Line,the Argyle Line,FAC,,,en,1.0
Glasgow Central Station,Glasgow Central Station,FAC,,,en,1.0
"over 4,200","over 4,200",CARDINAL,,,en,1.0
Septemb,Septemb,NORP,,,en,1.0
Election Day,Election Day,DATE,,,en,1.0
Just days,Just days,DATE,,,en,1.0
Feb 24).Intense,Feb 24).Intense,DATE,,,en,1.0
six weeks,six weeks,DATE,,,en,1.0
2 crore,2 crore,MONEY,,,en,1.0
At least 23,At least 23,CARDINAL,,,en,1.0
"as over 1,000","as over 1,000",CARDINAL,,,en,1.0
230 tons,230 tons,QUANTITY,,,en,1.0
"42,000 miles per hour","42,000 miles per hour",QUANTITY,,,en,1.0
five-foot,five-foot,QUANTITY,,,en,1.0
100mm,100mm,QUANTITY,,,en,1.0
386,386,MONEY,,,en,1.0
the Pacific season,the Pacific season,DATE,,,en,1.0
"2026 -
 ","2026 -
 ",TIME,,,en,1.0
… Jun 03,… Jun 03,DATE,,,en,1.0
ProtoThema English,ProtoThema English,PRODUCT,,,en,1.0
The next 12 hours,The next 12 hours,TIME,,,en,1.0
"3,600","3,600",CARDINAL,,,en,1.0
The Leiden Declaration,The Leiden Declaration,LAW,,,en,1.0
⁠the,⁠the,NORP,,,en,1.0
Juiz de Fora…,Juiz de Fora…,FAC,,,en,1.0
"June 2, 2026","June 2, 2026",DATE,,,en,1.0
early-February,early-February,DATE,,,en,1.0
the driest months of the year,the driest months of the year,DATE,,,en,1.0
up to 10 millimetres,up to 10 millimetres,QUANTITY,,,en,1.0
the time of year,the time of year,DATE,,,en,1.0
$6M,$6M,MONEY,,,en,1.0
this years,this years,DATE,,,en,1.0
around 600,around 600,CARDINAL,,,en,1.0
20 years - BBC,20 years - BBC,DATE,,,en,1.0
some $1bn,some $1bn,MONEY,,,en,1.0
Up to 4 inches,Up to 4 inches,QUANTITY,,,en,1.0
the same period last,the same period last,DATE,,,en,1.0
A dozen years ago,A dozen years ago,DATE,,,en,1.0
198,198,CARDINAL,,,en,1.0
18-20 inch,18-20 inch,QUANTITY,,,en,1.0
… Last week,… Last week,DATE,,,en,1.0
legislativ,legislativ,WORK_OF_ART,,,en,1.0
+7642 chars,+7642 chars,WORK_OF_ART,,,en,1.0
year-long,year-long,DATE,,,en,1.0
last April,last April,DATE,,,en,1.0
17 Million,17 Million,CARDINAL,,,en,1.0
the early 1990s,the early 1990s,DATE,,,en,1.0
"April 23, 2026","April 23, 2026",DATE,,,en,1.0
OpenClaw,OpenClaw,PRODUCT,,,en,1.0
414,414,CARDINAL,,,en,1.0
the first three months of 2026,the first three months of 2026,DATE,,,en,1.0
A hundred million,A hundred million,CARDINAL,,,en,1.0
£752m,£752m,MONEY,,,en,1.0
AWS,AWS,PRODUCT,,,en,1.0
15 hours,15 hours,TIME,,,en,1.0
"110,000","110,000",MONEY,,,en,1.0
293k,293k,MONEY,,,en,1.0
2023 1080p,2023 1080p,DATE,,,en,1.0
The BP Highway,The BP Highway,FAC,,,en,1.0
+14934,+14934,NORP,,,en,1.0
many square feet,many square feet,QUANTITY,,,en,1.0
the Station Fire,the Station Fire,FAC,,,en,1.0
Eleven years later,Eleven years later,DATE,,,en,1.0
Daniel,Daniel,WORK_OF_ART,,,en,1.0
more than 64 million,more than 64 million,CARDINAL,,,en,1.0
about 30 miles,about 30 miles,QUANTITY,,,en,1.0
$745 million,$745 million,MONEY,,,en,1.0
"4,444","4,444",CARDINAL,,,en,1.0
the most recent fiscal year,the most recent fiscal year,DATE,,,en,1.0
Hurricanes Sandy,Hurricanes Sandy,EVENT,,,en,1.0
more than 98 percent,more than 98 percent,PERCENT,,,en,1.0
the past 14 years,the past 14 years,DATE,,,en,1.0
under three hours,under three hours,TIME,,,en,1.0
The start of spring 2026,The start of spring 2026,DATE,,,en,1.0
11 Due,11 Due,WORK_OF_ART,,,en,1.0
A month and a half,A month and a half,DATE,,,en,1.0
More than 51 million,More than 51 million,CARDINAL,,,en,1.0
12 inches,12 inches,QUANTITY,,,en,1.0
floodsCNN Maps,floodsCNN Maps,WORK_OF_ART,,,en,1.0
Ten Things Overheard,Ten Things Overheard,WORK_OF_ART,,,en,1.0
Swan Hill,Swan Hill,FAC,,,en,1.0
Dezeen School Shows,Dezeen School Shows,WORK_OF_ART,,,en,1.0
+3563,+3563,NORP,,,en,1.0
the middle of spring,the middle of spring,DATE,,,en,1.0
1870,1870,DATE,,,en,1.0
the Whanganui River Hunting and Food Festival,the Whanganui River Hunting and Food Festival,FAC,,,en,1.0
every few years,every few years,DATE,,,en,1.0
El Niños,El Niños,EVENT,,,en,1.0
Over 190%,Over 190%,PERCENT,,,en,1.0
Laurentians,Laurentians,NORP,,,en,1.0
Eight months,Eight months,DATE,,,en,1.0
"more than 2,500","more than 2,500",CARDINAL,,,en,1.0
Washingtons Tidal Basin,Washingtons Tidal Basin,FAC,,,en,1.0
"nearly 4,000","nearly 4,000",CARDINAL,,,en,1.0
30s,30s,DATE,,,en,1.0
Dino Melaye,Dino Melaye,PRODUCT,,,en,1.0
More than 70mm,More than 70mm,QUANTITY,,,en,1.0
just an hour,just an hour,TIME,,,en,1.0
a single morning,a single morning,TIME,,,en,1.0
$30.5m,$30.5m,MONEY,,,en,1.0
millions of years,millions of years,DATE,,,en,1.0
roughly 400 million metric tons,roughly 400 million metric tons,QUANTITY,,,en,1.0
"May 21, 2024","May 21, 2024",DATE,,,en,1.0
the summer 2026 season,the summer 2026 season,DATE,,,en,1.0
60 Years,60 Years,DATE,,,en,1.0
the spring of 1966,the spring of 1966,DATE,,,en,1.0
War on Poverty,War on Poverty,WORK_OF_ART,,,en,1.0
3B,3B,MONEY,,,en,1.0
Roughly 450,Roughly 450,CARDINAL,,,en,1.0
millions of gallons,millions of gallons,QUANTITY,,,en,1.0
Somalis,Somalis,NORP,,,en,1.0
hundreds of acres,hundreds of acres,QUANTITY,,,en,1.0
East African,East African,NORP,,,en,1.0
over a week,over a week,DATE,,,en,1.0
"More than 54,000","More than 54,000",CARDINAL,,,en,1.0
Alaska Highway,Alaska Highway,FAC,,,en,1.0
+21008,+21008,NORP,,,en,1.0
Netflix,Netflix,WORK_OF_ART,,,en,1.0
Vancouvers Granville Street,Vancouvers Granville Street,FAC,,,en,1.0
the end of June,the end of June,DATE,,,en,1.0
the Jakarta Disaster ...,the Jakarta Disaster ...,LAW,,,en,1.0
Yagua Indigenous,Yagua Indigenous,NORP,,,en,1.0
Kaduna,Kaduna,LAW,-0.026041666666666664,0.05989583333333333,en,1.0
destroyed over 50,destroyed over 50,CARDINAL,,,en,1.0
nearly 60 years,nearly 60 years,DATE,,,en,1.0
the South African,the South African,NORP,,,en,1.0
the day Wednesday,the day Wednesday,DATE,,,en,1.0
Ontari,Ontari,WORK_OF_ART,,,en,1.0
+1200 chars,+1200 chars,WORK_OF_ART,,,en,1.0
"about 50,000","about 50,000",CARDINAL,,,en,1.0
their first few weeks,their first few weeks,DATE,,,en,1.0
five hours,five hours,TIME,,,en,1.0
April 2020,April 2020,DATE,,,en,1.0
Fourteen million,Fourteen million,CARDINAL,,,en,1.0
last July’s,last July’s,DATE,,,en,1.0
Homeland Security Investigations,Homeland Security Investigations,WORK_OF_ART,,,en,1.0
Cape Town,Cape Town,PRODUCT,0.00791139240506329,0.04483122362869198,en,1.0
areaX,areaX,NORP,,,en,1.0
+2453 chars,+2453 chars,WORK_OF_ART,,,en,1.0
about 14 inches,about 14 inches,QUANTITY,,,en,1.0
"96,000","96,000",CARDINAL,,,en,1.0
17th,17th,ORDINAL,,,en,1.0
30 to 50 mm,30 to 50 mm,QUANTITY,,,en,1.0
Four decades,Four decades,DATE,,,en,1.0
42 percent,42 percent,PERCENT,,,en,1.0
More than 56 million,More than 56 million,CARDINAL,,,en,1.0
"April 29, 2026","April 29, 2026",DATE,,,en,1.0
850 kilometres,850 kilometres,QUANTITY,,,en,1.0
£6 ',£6 ',MONEY,,,en,1.0
the next decade,the next decade,DATE,,,en,1.0
Labubu,Labubu,NORP,,,en,1.0
2026 rainy season,2026 rainy season,DATE,,,en,1.0
"April 29, 2026
 ","April 29, 2026
 ",DATE,,,en,1.0
CHINESE,CHINESE,NORP,,,en,1.0
184,184,CARDINAL,,,en,1.0
the San Diego River Park Foundation,the San Diego River Park Foundation,FAC,,,en,1.0
every month,every month,DATE,,,en,1.0
mid-July 2024,mid-July 2024,DATE,,,en,1.0
about $1 billion,about $1 billion,MONEY,,,en,1.0
the Hottest Year,the Hottest Year,DATE,,,en,1.0
"April 30, 2026","April 30, 2026",DATE,,,en,1.0
this summer | CNN,this summer | CNN,DATE,,,en,1.0
the end of May,the end of May,DATE,,,en,1.0
10k,10k,CARDINAL,,,en,1.0
"the July 4, 2025 flooding","the July 4, 2025 flooding",EVENT,,,en,1.0
+1158 chars,+1158 chars,WORK_OF_ART,,,en,1.0
Hurricane Season Nears,Hurricane Season Nears,EVENT,,,en,1.0
May 15,May 15,DATE,,,en,1.0
Game of Thrones,Game of Thrones,EVENT,,,en,1.0
last winter,last winter,DATE,,,en,1.0
more than three and a half,more than three and a half,CARDINAL,,,en,1.0
42 hours,42 hours,TIME,,,en,1.0
200250mm,200250mm,QUANTITY,,,en,1.0
less than three weeks,less than three weeks,DATE,,,en,1.0
East Asian,East Asian,NORP,,,en,1.0
44994511,44994511,DATE,,,en,1.0
Lagos Road,Lagos Road,FAC,,,en,1.0
"fewer than 5,000","fewer than 5,000",CARDINAL,,,en,1.0
the past 48 years,the past 48 years,DATE,,,en,1.0
Tomline,Tomline,NORP,,,en,1.0
Fallas Festival,Fallas Festival,EVENT,,,en,1.0
Butterfly Gathering,Butterfly Gathering,WORK_OF_ART,,,en,1.0
decades-old,decades-old,DATE,,,en,1.0
a tumultuous month,a tumultuous month,DATE,,,en,1.0
$7.5 Million,$7.5 Million,MONEY,,,en,1.0
"May 19, 2026","May 19, 2026",DATE,,,en,1.0
$630 Billion,$630 Billion,MONEY,,,en,1.0
the next 80 years,the next 80 years,DATE,,,en,1.0
the past five days,the past five days,DATE,,,en,1.0
620 miles,620 miles,QUANTITY,,,en,1.0
the Merrepen Arts Centre,the Merrepen Arts Centre,FAC,,,en,1.0
"more than 1,000km","more than 1,000km",QUANTITY,,,en,1.0
147mm,147mm,QUANTITY,,,en,1.0
Friday last week,Friday last week,DATE,,,en,1.0
the Greerton Marist Rugby,the Greerton Marist Rugby,FAC,,,en,1.0
About 400,About 400,CARDINAL,,,en,1.0
More than 52 million,More than 52 million,CARDINAL,,,en,1.0
Erminio,Erminio,FAC,,,en,1.0
+6737 chars,+6737 chars,WORK_OF_ART,,,en,1.0
250mm,250mm,QUANTITY,,,en,1.0
+3031 chars],+3031 chars],WORK_OF_ART,,,en,1.0
only 3 weeks,only 3 weeks,DATE,,,en,1.0
daylight hours,daylight hours,TIME,,,en,1.0
as much as 50,as much as 50,CARDINAL,,,en,1.0
127cm,127cm,QUANTITY,,,en,1.0
"over 7,000","over 7,000",CARDINAL,,,en,1.0
Mar 22,Mar 22,DATE,,,en,1.0
We’re Safe,We’re Safe,WORK_OF_ART,,,en,1.0
Greenford Tube,Greenford Tube,FAC,,,en,1.0
The Worst I Seen It,The Worst I Seen It,WORK_OF_ART,,,en,1.0
About 400 years ago,About 400 years ago,DATE,,,en,1.0
more than 200mm,more than 200mm,QUANTITY,,,en,1.0
+80,+80,CARDINAL,,,en,1.0
"NewsFeed
","NewsFeed
",PRODUCT,,,en,1.0
Glent,Glent,WORK_OF_ART,,,en,1.0
"LaGuardia Airport
","LaGuardia Airport
",FAC,,,en,1.0
the NSW Mis North Coast,the NSW Mis North Coast,FAC,,,en,1.0
Williamnagar,Williamnagar,NORP,0.026315789473684206,0.40350877192982454,en,1.0
"about 920,000 miles","about 920,000 miles",QUANTITY,,,en,1.0
These past weeks,These past weeks,DATE,,,en,1.0
thousands of dollars,thousands of dollars,MONEY,,,en,1.0
"over $9,000","over $9,000",MONEY,,,en,1.0
a minute,a minute,TIME,,,en,1.0
Wisteria Lane,Wisteria Lane,FAC,,,en,1.0
IRL,IRL,PRODUCT,,,en,1.0
Englands,Englands,NORP,,,en,1.0
Monday 23rd March,Monday 23rd March,DATE,,,en,1.0
up to 4 feet,up to 4 feet,QUANTITY,,,en,1.0
Monday afternoon,Monday afternoon,TIME,,,en,1.0
Millions of miles,Millions of miles,QUANTITY,,,en,1.0
These days,These days,DATE,,,en,1.0
the “Stinky Fire,the “Stinky Fire,PRODUCT,,,en,1.0
+12,+12,NORP,,,en,1.0
50 km,50 km,QUANTITY,,,en,1.0
+2370 chars,+2370 chars,WORK_OF_ART,,,en,1.0
Kwara bridge,Kwara bridge,FAC,,,en,1.0
Beacon,Beacon,PRODUCT,,,en,1.0
up to 175 mph,up to 175 mph,QUANTITY,,,en,1.0
"august 2nd, 2026","august 2nd, 2026",DATE,,,en,1.0
"April 14th to August 2nd, 2026","April 14th to August 2nd, 2026",DATE,,,en,1.0
more than 500 kilometres,more than 500 kilometres,QUANTITY,,,en,1.0
Summer Season,Summer Season,DATE,,,en,1.0
100 kilometres,100 kilometres,QUANTITY,,,en,1.0
"April 18, 2016","April 18, 2016",DATE,,,en,1.0
Ten years ago,Ten years ago,DATE,,,en,1.0
the Lobito Railway Corridor,the Lobito Railway Corridor,FAC,,,en,1.0
May long weekend,May long weekend,DATE,,,en,1.0
+6917 chars,+6917 chars,WORK_OF_ART,,,en,1.0
two m,two m,QUANTITY,,,en,1.0
wet months,wet months,DATE,,,en,1.0
an estimated £10 billion,an estimated £10 billion,MONEY,,,en,1.0
"Almost 62,000","Almost 62,000",CARDINAL,,,en,1.0
Wednesday 15 April,Wednesday 15 April,DATE,,,en,1.0
+4521 chars,+4521 chars,WORK_OF_ART,,,en,1.0
"Facility Overview
","Facility Overview
",EVENT,,,en,1.0
Intelligent Flood Readiness,Intelligent Flood Readiness,PRODUCT,,,en,1.0
AI)-powered,AI)-powered,CARDINAL,,,en,1.0
"more than 40,000","more than 40,000",CARDINAL,,,en,1.0
A Knight of the Seven Kingdoms,A Knight of the Seven Kingdoms,WORK_OF_ART,,,en,1.0
"60,000","60,000",MONEY,,,en,1.0
+6094,+6094,NORP,,,en,1.0
Milwaukee Flood Warning:,Milwaukee Flood Warning:,WORK_OF_ART,,,en,1.0
Shuts Freeways,Shuts Freeways,FAC,,,en,1.0
a third day in a row,a third day in a row,DATE,,,en,1.0
"May 14, 2026 /PRNewswire/","May 14, 2026 /PRNewswire/",DATE,,,en,1.0
Tues,Tues,DATE,,,en,1.0
238%,238%,PERCENT,,,en,1.0
28929,28929,DATE,,,en,1.0
300%,300%,PERCENT,,,en,1.0
Israelis,Israelis,NORP,,,en,1.0
1967,1967,DATE,,,en,1.0
May 14,May 14,DATE,,,en,1.0
1984,1984,DATE,,,en,1.0
D.,D.,NORP,,,en,1.0
$1.5 trillion,$1.5 trillion,MONEY,,,en,1.0
$1.5 tril,$1.5 tril,MONEY,,,en,1.0
Only two,Only two,CARDINAL,,,en,1.0
"April 4, 2026","April 4, 2026",DATE,,,en,1.0
04/06/2026 - 03:00 AM,04/06/2026 - 03:00 AM,TIME,,,en,1.0
https://punchng.com/flooding-kills-three-in-russia/,https://punchng.com/flooding-kills-three-in-russia/,CARDINAL,,,en,1.0
Keralas road,Keralas road,FAC,,,en,1.0
Nakba,Nakba,NORP,,,en,1.0
"April 8, 2026","April 8, 2026",DATE,,,en,1.0
Aquaman Cheats Death,Aquaman Cheats Death,WORK_OF_ART,,,en,1.0
between May and July of 2026,between May and July of 2026,DATE,,,en,1.0
20 years - CNN,20 years - CNN,DATE,,,en,1.0
Kwara State,Kwara State,FAC,0.05263157894736842,0.17543859649122806,en,1.0
"More than 3,700","More than 3,700",CARDINAL,,,en,1.0
"57,376","57,376",CARDINAL,,,en,1.0
9 April 2026,9 April 2026,DATE,,,en,1.0
Artemis,Artemis,PRODUCT,,,en,1.0
Artemis II,Artemis II,FAC,,,en,1.0
mans,mans,NORP,,,en,1.0
White House,White House,FAC,,,en,1.0
Sri Lankans,Sri Lankans,NORP,,,en,1.0
The Iran war,The Iran war,EVENT,,,en,1.0
2004,2004,DATE,,,en,1.0
32-Foot,32-Foot,CARDINAL,,,en,1.0
71,71,DATE,,,en,1.0
Winter Storm Uri,Winter Storm Uri,WORK_OF_ART,,,en,1.0
12 December 2025,12 December 2025,DATE,,,en,1.0
$2m,$2m,MONEY,,,en,1.0
a metre,a metre,QUANTITY,,,en,1.0
Instagram,Instagram,WORK_OF_ART,,,en,1.0
two metres,two metres,QUANTITY,,,en,1.0
mid-October,mid-October,DATE,,,en,1.0
Fresh Plaza,Fresh Plaza,FAC,,,en,1.0
20% to 40%,20% to 40%,PERCENT,,,en,1.0
9 year-old,9 year-old,DATE,,,en,1.0
16 months,16 months,DATE,,,en,1.0
+4124 chars],+4124 chars],WORK_OF_ART,,,en,1.0
30 December 2025,30 December 2025,DATE,,,en,1.0
An additional 23,An additional 23,CARDINAL,,,en,1.0
between $1,between $1,MONEY,,,en,1.0
modern-day,modern-day,DATE,,,en,1.0
Ajah,Ajah,NORP,0.0,0.0,en,1.0
the dreary summer,the dreary summer,DATE,,,en,1.0
"93,878","93,878",CARDINAL,,,en,1.0
the first weekend,the first weekend,DATE,,,en,1.0
a busy night,a busy night,TIME,,,en,1.0
San Diegans,San Diegans,NORP,,,en,1.0
$5 trillion,$5 trillion,MONEY,,,en,1.0
1 billion,1 billion,CARDINAL,,,en,1.0
Kaduna South Local Government Area,Kaduna South Local Government Area,FAC,,,en,1.0
100 mm,100 mm,QUANTITY,,,en,1.0
One-hour,One-hour,TIME,,,en,1.0
nearly 40 kilometres,nearly 40 kilometres,QUANTITY,,,en,1.0
"18,000 acres","18,000 acres",QUANTITY,,,en,1.0
"More than 1,170","More than 1,170",CARDINAL,,,en,1.0
Manado:,Manado:,WORK_OF_ART,,,en,1.0
King Tides,King Tides,WORK_OF_ART,,,en,1.0
All day,All day,DATE,,,en,1.0
Lagosians,Lagosians,NORP,,,en,1.0
+1203,+1203,NORP,,,en,1.0
Twenty years ago,Twenty years ago,DATE,,,en,1.0
the Twin Towers,the Twin Towers,FAC,,,en,1.0
1 July 2026,1 July 2026,DATE,,,en,1.0
Over 200mm,Over 200mm,QUANTITY,,,en,1.0
3 months,3 months,DATE,,,en,1.0
Gregory Highway,Gregory Highway,FAC,,,en,1.0
220 million pounds,220 million pounds,QUANTITY,,,en,1.0
487,487,CARDINAL,,,en,1.0
the past 15 years,the past 15 years,DATE,,,en,1.0
110 years,110 years,DATE,,,en,1.0
"Dec. 16, 2025","Dec. 16, 2025",DATE,,,en,1.0
Spains Guardia Civil,Spains Guardia Civil,FAC,,,en,1.0
the last six years,the last six years,DATE,,,en,1.0
1775,1775,DATE,,,en,1.0
Cl,Cl,LAW,,,en,1.0
90 percent,90 percent,PERCENT,,,en,1.0
Several hours,Several hours,TIME,,,en,1.0
5:32 PM,5:32 PM,TIME,,,en,1.0
Pale,Pale,PRODUCT,,,en,1.0
the 600 miles,the 600 miles,QUANTITY,,,en,1.0
Mumbai International Airport,Mumbai International Airport,FAC,,,en,1.0
a second consecutive year,a second consecutive year,DATE,,,en,1.0
+6619 chars,+6619 chars,WORK_OF_ART,,,en,1.0
a single night,a single night,TIME,,,en,1.0
more than two years ago,more than two years ago,DATE,,,en,1.0
Haida,Haida,NORP,,,en,1.0
new year,new year,EVENT,,,en,1.0
the Murtala Muhammed International Airport,the Murtala Muhammed International Airport,FAC,,,en,1.0
July to September,July to September,DATE,,,en,1.0
October 2001,October 2001,DATE,,,en,1.0
The new year,The new year,DATE,,,en,1.0
"up to $1,000","up to $1,000",MONEY,,,en,1.0
the Bay Are,the Bay Are,FAC,,,en,1.0
6°C</li></ul,6°C</li></ul,QUANTITY,,,en,1.0
+1504,+1504,NORP,,,en,1.0
Up to 200 mm,Up to 200 mm,QUANTITY,,,en,1.0
The Bear,The Bear,WORK_OF_ART,,,en,1.0
the 24 hours ending Wednesday morning,the 24 hours ending Wednesday morning,TIME,,,en,1.0
This coming week,This coming week,DATE,,,en,1.0
up to 40C,up to 40C,CARDINAL,,,en,1.0
Heathrow Airport,Heathrow Airport,FAC,,,en,1.0
roughly 15 kilometres,roughly 15 kilometres,QUANTITY,,,en,1.0
+1970 chars,+1970 chars,WORK_OF_ART,,,en,1.0
nearly 26 years,nearly 26 years,DATE,,,en,1.0
This 1940s,This 1940s,DATE,,,en,1.0
the Oke-Afa/Magboro Road,the Oke-Afa/Magboro Road,FAC,,,en,1.0
the Obafemi-Owode Local Government Area of Ogun State,the Obafemi-Owode Local Government Area of Ogun State,FAC,,,en,1.0
the closing minutes,the closing minutes,TIME,,,en,1.0
Jan 13,Jan 13,DATE,,,en,1.0
8 pm ET,8 pm ET,TIME,,,en,1.0
The FIFA World Cup,The FIFA World Cup,EVENT,,,en,1.0
Letter Campaign,Letter Campaign,WORK_OF_ART,,,en,1.0
Venezuelan American,Venezuelan American,NORP,,,en,1.0
just six months,just six months,DATE,,,en,1.0
six months earlier,six months earlier,DATE,,,en,1.0
80km,80km,QUANTITY,,,en,1.0
80 kilometres,80 kilometres,QUANTITY,,,en,1.0
likely fourth consecutive year,likely fourth consecutive year,DATE,,,en,1.0
"Nov. 14, 2023","Nov. 14, 2023",DATE,,,en,1.0
192 beats per minute,192 beats per minute,QUANTITY,,,en,1.0
"May 1, 2026","May 1, 2026",DATE,,,en,1.0
Ganges,Ganges,PRODUCT,,,en,1.0
more than 80%,more than 80%,PERCENT,,,en,1.0
"15,649","15,649",CARDINAL,,,en,1.0
a week of winter,a week of winter,DATE,,,en,1.0
Jan 11,Jan 11,DATE,,,en,1.0
Marc Street,Marc Street,FAC,,,en,1.0
+5141,+5141,NORP,,,en,1.0
KOTA KINABALU:,KOTA KINABALU:,WORK_OF_ART,,,en,1.0
late Friday,late Friday,DATE,,,en,1.0
+4469 chars,+4469 chars,WORK_OF_ART,,,en,1.0
Hurricane Devastation,Hurricane Devastation,EVENT,,,en,1.0
2.4 metres,2.4 metres,QUANTITY,,,en,1.0
Typhoon Mekkhala pound,Typhoon Mekkhala pound,FAC,,,en,1.0
more than 700 miles,more than 700 miles,QUANTITY,,,en,1.0
over 700 miles,over 700 miles,QUANTITY,,,en,1.0
Mission Gorge Road,Mission Gorge Road,FAC,,,en,1.0
26th,26th,ORDINAL,,,en,1.0
26 today,26 today,TIME,,,en,1.0
nearly one year,nearly one year,DATE,,,en,1.0
A week of sunny,A week of sunny,DATE,,,en,1.0
$15M,$15M,MONEY,,,en,1.0
the No Surprises Act,the No Surprises Act,LAW,,,en,1.0
Over 500,Over 500,CARDINAL,,,en,1.0
SAVE America Act,SAVE America Act,LAW,,,en,1.0
2025 season,2025 season,DATE,,,en,1.0
the late Thursday,the late Thursday,DATE,,,en,1.0
Jan 8),Jan 8),DATE,,,en,1.0
Haida Indian,Haida Indian,NORP,,,en,1.0
Raging Fire,Raging Fire,FAC,,,en,1.0
"January 1, 2026","January 1, 2026",DATE,,,en,1.0
New Year’s Day,New Year’s Day,EVENT,,,en,1.0
6:30 a.m.,6:30 a.m.,TIME,,,en,1.0
+5668 chars,+5668 chars,WORK_OF_ART,,,en,1.0
the afternoon and evening,the afternoon and evening,TIME,,,en,1.0
more than 8 million,more than 8 million,CARDINAL,,,en,1.0
early last year,early last year,DATE,,,en,1.0
Tianwu,Tianwu,NORP,,,en,1.0
Badagry Expressway,Badagry Expressway,FAC,,,en,1.0
Thailands,Thailands,NORP,,,en,1.0
Flash Flood Warning,Flash Flood Warning,WORK_OF_ART,,,en,1.0
4.19-metre high tide,4.19-metre high tide,PRODUCT,,,en,1.0
Dec 16,Dec 16,DATE,,,en,1.0
40bn,40bn,MONEY,,,en,1.0
Gaza war,Gaza war,EVENT,,,en,1.0
the beginning of this month,the beginning of this month,DATE,,,en,1.0
"Alpha Trade
","Alpha Trade
",PRODUCT,,,en,1.0
min,min,CARDINAL,,,en,1.0
SR 410,SR 410,PRODUCT,,,en,1.0
Revie,Revie,PRODUCT,,,en,1.0
+20197 chars,+20197 chars,WORK_OF_ART,,,en,1.0
December 17,December 17,DATE,,,en,1.0
"1,100","1,100",CARDINAL,,,en,1.0
at least hundreds,at least hundreds,CARDINAL,,,en,1.0
the North-Cen,the North-Cen,FAC,,,en,1.0
At least 7,At least 7,CARDINAL,,,en,1.0
Cloud 11 Creative Park / Snøhetta,Cloud 11 Creative Park / Snøhetta,EVENT,,,en,1.0
Dec. 18,Dec. 18,DATE,,,en,1.0
this Thursday,this Thursday,DATE,,,en,1.0
Oct. 13,Oct. 13,DATE,,,en,1.0
above 40 mph,above 40 mph,QUANTITY,,,en,1.0
around an inch,around an inch,QUANTITY,,,en,1.0
July 01 2026,July 01 2026,DATE,,,en,1.0
British Columbians,British Columbians,NORP,,,en,1.0
the last 10 days,the last 10 days,DATE,,,en,1.0
four feet,four feet,QUANTITY,,,en,1.0
N6.8bn,N6.8bn,NORP,,,en,1.0
the 2026 fiscal year,the 2026 fiscal year,DATE,,,en,1.0
"Sunday, December 14, 2025","Sunday, December 14, 2025",DATE,,,en,1.0
1977,1977,DATE,,,en,1.0
2025-12-16,2025-12-16,DATE,,,en,1.0
+3302 chars,+3302 chars,WORK_OF_ART,,,en,1.0
Whychus Creek,Whychus Creek,FAC,,,en,1.0
2:10:32 PM PST,2:10:32 PM PST,TIME,,,en,1.0
The End of an Era,The End of an Era,WORK_OF_ART,,,en,1.0
two-year-long,two-year-long,DATE,,,en,1.0
the Royal Johannes,the Royal Johannes,FAC,,,en,1.0
Sixty million,Sixty million,CARDINAL,,,en,1.0
"Friday, Dec. 12","Friday, Dec. 12",DATE,,,en,1.0
between 4 a.m. and 10 a.m.,between 4 a.m. and 10 a.m.,TIME,,,en,1.0
about two feet,about two feet,QUANTITY,,,en,1.0
Dec. 13—Another,Dec. 13—Another,DATE,,,en,1.0
Dec. 13Another,Dec. 13Another,DATE,,,en,1.0
9 inches,9 inches,QUANTITY,,,en,1.0
547,547,CARDINAL,,,en,1.0
5th day,5th day,DATE,,,en,1.0
50-70mm,50-70mm,QUANTITY,,,en,1.0
110-130mm,110-130mm,QUANTITY,,,en,1.0
56 Inches,56 Inches,QUANTITY,,,en,1.0
An hour,An hour,TIME,,,en,1.0
Prabowo,Prabowo,NORP,,,en,1.0
over a decade,over a decade,DATE,,,en,1.0
"Monday, July 6","Monday, July 6",DATE,,,en,1.0
July 6,July 6,DATE,,,en,1.0
Just one hour,Just one hour,TIME,,,en,1.0
late in the night,late in the night,TIME,,,en,1.0
Oct. 11,Oct. 11,DATE,,,en,1.0
over centuries,over centuries,DATE,,,en,1.0
the centuries,the centuries,DATE,,,en,1.0
forci,forci,NORP,,,en,1.0
may last 12 weeks,may last 12 weeks,DATE,,,en,1.0
the next few hours,the next few hours,TIME,,,en,1.0
11:51 a.m.,11:51 a.m.,TIME,,,en,1.0
N4.885 billion,N4.885 billion,CARDINAL,,,en,1.0
FIFA World Cup 2026,FIFA World Cup 2026,EVENT,,,en,1.0
LeBreton Flats Park,LeBreton Flats Park,FAC,,,en,1.0
Christmas week,Christmas week,DATE,,,en,1.0
24 December 2025,24 December 2025,DATE,,,en,1.0
two-year-old,two-year-old,DATE,,,en,1.0
August 2021,August 2021,DATE,,,en,1.0
‌as,‌as,PERCENT,,,en,1.0
‌of,‌of,CARDINAL,,,en,1.0
Christmas Eve downpour,Christmas Eve downpour,DATE,,,en,1.0
"38,802","38,802",CARDINAL,,,en,1.0
Californian,Californian,NORP,,,en,1.0
the Pineapple Expr… Flash flood warnings were in effect in Los Angeles,the Pineapple Expr… Flash flood warnings were in effect in Los Angeles,WORK_OF_ART,,,en,1.0
"over 48,000","over 48,000",CARDINAL,,,en,1.0
W…,W…,NORP,,,en,1.0
DECEMBER 24,DECEMBER 24,DATE,,,en,1.0
"December 24, 2025","December 24, 2025",DATE,,,en,1.0
the Airport Fire in Orange County,the Airport Fire in Orange County,FAC,,,en,1.0
Centre,Centre,FAC,,,en,1.0
"Nearly 50,000","Nearly 50,000",CARDINAL,,,en,1.0
"about 5,000","about 5,000",CARDINAL,,,en,1.0
Dec 26).Driven,Dec 26).Driven,DATE,,,en,1.0
25.4cm,25.4cm,QUANTITY,,,en,1.0
Baywatch Teaser Trailer Has DC Fans Making the Same Stephen Amell Joke,Baywatch Teaser Trailer Has DC Fans Making the Same Stephen Amell Joke,WORK_OF_ART,,,en,1.0
a record nesting season,a record nesting season,DATE,,,en,1.0
the wettest Christmas season,the wettest Christmas season,DATE,,,en,1.0
54 years,54 years,DATE,,,en,1.0
mid-May,mid-May,DATE,,,en,1.0
May.,May.,DATE,-0.05,0.2,en,1.0
just three days,just three days,DATE,,,en,1.0
… Three days,… Three days,DATE,,,en,1.0
+1373 chars,+1373 chars,WORK_OF_ART,,,en,1.0
Nearly 60,Nearly 60,CARDINAL,,,en,1.0
the twenty-first century,the twenty-first century,DATE,,,en,1.0
+21823 chars,+21823 chars,WORK_OF_ART,,,en,1.0
JOHOR,JOHOR,NORP,0.12499999999999999,0.325,en,1.0
Dec 2…,Dec 2…,DATE,,,en,1.0
July 2024,July 2024,DATE,,,en,1.0
the last year and a half,the last year and a half,DATE,,,en,1.0
"2:56 PM
","2:56 PM
",TIME,,,en,1.0
about 300,about 300,CARDINAL,,,en,1.0
December 19,December 19,DATE,,,en,1.0
last 16,last 16,DATE,,,en,1.0
The final week of November,The final week of November,DATE,,,en,1.0
At least 1,At least 1,CARDINAL,,,en,1.0
Cisco Grove,Cisco Grove,FAC,,,en,1.0
60.5 mm,60.5 mm,QUANTITY,,,en,1.0
2026Image,2026Image,CARDINAL,,,en,1.0
1899,1899,DATE,,,en,1.0
the holidays this year,the holidays this year,DATE,,,en,1.0
Modern Mysteries,Modern Mysteries,WORK_OF_ART,,,en,1.0
Huta Godan,Huta Godan,FAC,,,en,1.0
30 years,30 years,DATE,,,en,1.0
the summer season,the summer season,DATE,,,en,1.0
30% to 50%,30% to 50%,PERCENT,,,en,1.0
the winter,the winter,DATE,,,en,1.0
last January's,last January's,DATE,,,en,1.0
Indonesian Catholics,Indonesian Catholics,NORP,,,en,1.0
+1398 chars,+1398 chars,WORK_OF_ART,,,en,1.0
+3495 chars,+3495 chars,WORK_OF_ART,,,en,1.0
Sumas Lake,Sumas Lake,FAC,,,en,1.0
Sumas La,Sumas La,FAC,,,en,1.0
Christmas week - ABC30,Christmas week - ABC30,DATE,,,en,1.0
knowLAist,knowLAist,CARDINAL,,,en,1.0
"Wednesday, Dec. 24, 2025","Wednesday, Dec. 24, 2025",DATE,,,en,1.0
+4210 chars,+4210 chars,WORK_OF_ART,,,en,1.0
"109,527","109,527",CARDINAL,,,en,1.0
Victoria's,Victoria's,FAC,,,en,1.0
the previous year,the previous year,DATE,,,en,1.0
MIDLETON,MIDLETON,LAW,,,en,1.0
Wexford Quays,Wexford Quays,FAC,,,en,1.0
Lucky Drive,Lucky Drive,FAC,,,en,1.0
Doomsday Glacier’ Could Flood the Earth,Doomsday Glacier’ Could Flood the Earth,WORK_OF_ART,,,en,1.0
50-Mile,50-Mile,CARDINAL,,,en,1.0
About 300,About 300,CARDINAL,,,en,1.0
years-long,years-long,DATE,,,en,1.0
+1069,+1069,NORP,,,en,1.0
Status Yellow,Status Yellow,LAW,,,en,1.0
FOUR,FOUR,CARDINAL,,,en,1.0
"over 143,000","over 143,000",CARDINAL,,,en,1.0
around 2 feet,around 2 feet,QUANTITY,,,en,1.0
+1050 chars,+1050 chars,WORK_OF_ART,,,en,1.0
+4862,+4862,CARDINAL,,,en,1.0
Severe Weather Leaves Devastation Across Greece:,Severe Weather Leaves Devastation Across Greece:,WORK_OF_ART,,,en,1.0
"Over 100,000","Over 100,000",CARDINAL,,,en,1.0
a mere few hours,a mere few hours,TIME,,,en,1.0
"around 143,000","around 143,000",CARDINAL,,,en,1.0
North African,North African,NORP,,,en,1.0
10 days ago,10 days ago,DATE,,,en,1.0
Canadas,Canadas,NORP,,,en,1.0
Prime Day,Prime Day,DATE,,,en,1.0
+5310,+5310,CARDINAL,,,en,1.0
The Environmental Photographer Of The Year 2021” Have Been Announced (25 Pics,The Environmental Photographer Of The Year 2021” Have Been Announced (25 Pics,WORK_OF_ART,,,en,1.0
209 kms,209 kms,QUANTITY,,,en,1.0
Clontarf Road,Clontarf Road,FAC,,,en,1.0
2033,2033,DATE,,,en,1.0
some 130 miles,some 130 miles,QUANTITY,,,en,1.0
50C,50C,CARDINAL,,,en,1.0
a thousand years,a thousand years,DATE,,,en,1.0
Vandenberg Air Force Base,Vandenberg Air Force Base,FAC,,,en,1.0
Sumas Prairie,Sumas Prairie,FAC,,,en,1.0
289,289,MONEY,,,en,1.0
5080,5080,CARDINAL,,,en,1.0
999,999,MONEY,,,en,1.0
1/31/2026,1/31/2026,DATE,,,en,1.0
The Pursuit of Mastery Big,The Pursuit of Mastery Big,WORK_OF_ART,,,en,1.0
Poulaphouca Reservoir,Poulaphouca Reservoir,PRODUCT,,,en,1.0
the River Liffey,the River Liffey,FAC,,,en,1.0
+3672,+3672,NORP,,,en,1.0
The 2026 World Cup,The 2026 World Cup,EVENT,,,en,1.0
"some 200,000","some 200,000",CARDINAL,,,en,1.0
Monday 9 February,Monday 9 February,DATE,,,en,1.0
several more weeks,several more weeks,DATE,,,en,1.0
Storm Chandra…,Storm Chandra…,PRODUCT,,,en,1.0
$500 Million,$500 Million,MONEY,,,en,1.0
Six Months,Six Months,DATE,,,en,1.0
A.I.-Generated Images of Child Sexual Abuse Are Flooding the Internet,A.I.-Generated Images of Child Sexual Abuse Are Flooding the Internet,WORK_OF_ART,,,en,1.0
"the lies,-damned-lies,-and","the lies,-damned-lies,-and",FAC,,,en,1.0
2010,2010,DATE,,,en,1.0
15271534,15271534,DATE,,,en,1.0
1.5km,1.5km,QUANTITY,,,en,1.0
Intense Rainfall,Intense Rainfall,WORK_OF_ART,,,en,1.0
another wet week,another wet week,DATE,,,en,1.0
9pm tonight,9pm tonight,TIME,,,en,1.0
+1883 chars,+1883 chars,WORK_OF_ART,,,en,1.0
late January 2026,late January 2026,DATE,,,en,1.0
'Intense Rainfall','Intense Rainfall',WORK_OF_ART,,,en,1.0
17 million,17 million,CARDINAL,,,en,1.0
"approximately 4,000","approximately 4,000",CARDINAL,,,en,1.0
Dec. 28,Dec. 28,DATE,,,en,1.0
Redwood Highway,Redwood Highway,FAC,,,en,1.0
late December,late December,DATE,,,en,1.0
about 116,about 116,CARDINAL,,,en,1.0
Feb 2026,Feb 2026,DATE,,,en,1.0
02/06/2026 10:08:37 PM PST,02/06/2026 10:08:37 PM PST,TIME,,,en,1.0
Paschal Sheehy,Paschal Sheehy,FAC,,,en,1.0
this day,this day,DATE,,,en,1.0
75%,75%,PERCENT,,,en,1.0
155 miles,155 miles,QUANTITY,,,en,1.0
31 October 2008,31 October 2008,DATE,,,en,1.0
the start of the month,the start of the month,DATE,,,en,1.0
every three to five days,every three to five days,DATE,,,en,1.0
+3418,+3418,NORP,,,en,1.0
the 80s to 90s,the 80s to 90s,DATE,,,en,1.0
Feb 11,Feb 11,DATE,,,en,1.0
The Environmental Photographer Of The Year 2021,The Environmental Photographer Of The Year 2021,WORK_OF_ART,,,en,1.0
almost 100 millilitres,almost 100 millilitres,QUANTITY,,,en,1.0
AIPAC,AIPAC,NORP,,,en,1.0
PAL PAC,PAL PAC,PRODUCT,,,en,1.0
nearly 20,nearly 20,CARDINAL,,,en,1.0
the next two seasons,the next two seasons,DATE,,,en,1.0
Christopher Park,Christopher Park,FAC,,,en,1.0
Just seven months,Just seven months,DATE,,,en,1.0
the next four days,the next four days,DATE,,,en,1.0
+4645 chars,+4645 chars,WORK_OF_ART,,,en,1.0
"Around 450,000","Around 450,000",CARDINAL,,,en,1.0
the next few years,the next few years,DATE,,,en,1.0
East London Faces Risks of Extreme Flooding,East London Faces Risks of Extreme Flooding,FAC,,,en,1.0
up to 90 mph,up to 90 mph,QUANTITY,,,en,1.0
Feb 14,Feb 14,DATE,,,en,1.0
6/10/2026,6/10/2026,CARDINAL,,,en,1.0
160mm,160mm,QUANTITY,,,en,1.0
0.10 per cent,0.10 per cent,MONEY,,,en,1.0
her second year,her second year,DATE,,,en,1.0
Christians,Christians,NORP,,,en,1.0
0.10,0.10,CARDINAL,,,en,1.0
+4431,+4431,NORP,,,en,1.0
17 January,17 January,DATE,,,en,1.0
ICBM,ICBM,NORP,,,en,1.0
the cgit frontend,the cgit frontend,PRODUCT,,,en,1.0
almost two,almost two,CARDINAL,,,en,1.0
"more than 26,500","more than 26,500",CARDINAL,,,en,1.0
Gombe,Gombe,NORP,0.3333333333333333,0.5,en,1.0
Storm Leonardos,Storm Leonardos,PRODUCT,,,en,1.0
"more than 11,000","more than 11,000",CARDINAL,,,en,1.0
+3231 chars,+3231 chars,WORK_OF_ART,,,en,1.0
the July 4,the July 4,EVENT,,,en,1.0
14m,14m,QUANTITY,,,en,1.0
SN Junction,SN Junction,FAC,,,en,1.0
almost 300,almost 300,CARDINAL,,,en,1.0
9am local time,9am local time,TIME,,,en,1.0
08:00 GMT,08:00 GMT,TIME,,,en,1.0
the NBA Finals,the NBA Finals,WORK_OF_ART,,,en,1.0
Morocco Rainstorms,Morocco Rainstorms,FAC,,,en,1.0
seven years,seven years,DATE,,,en,1.0
1980,1980,DATE,,,en,1.0
about 220,about 220,CARDINAL,,,en,1.0
$44M,$44M,MONEY,,,en,1.0
"18,500 hours","18,500 hours",TIME,,,en,1.0
€2.5 Billion,€2.5 Billion,MONEY,,,en,1.0
+12128,+12128,NORP,,,en,1.0
€2.5 billion,€2.5 billion,MONEY,,,en,1.0
2.5 billion,2.5 billion,MONEY,,,en,1.0
Schematic,Schematic,PRODUCT,,,en,1.0
June 11,June 11,DATE,,,en,1.0
7-Round 2026,7-Round 2026,DATE,,,en,1.0
Februrary,Februrary,NORP,,,en,1.0
Day 3,Day 3,DATE,,,en,1.0
The Baltimore Ravens,The Baltimore Ravens,WORK_OF_ART,,,en,1.0
$1.2m,$1.2m,MONEY,,,en,1.0
between Christmas and New Year,between Christmas and New Year,DATE,,,en,1.0
a tough few years,a tough few years,DATE,,,en,1.0
Almost 80%,Almost 80%,PERCENT,,,en,1.0
about 280,about 280,CARDINAL,,,en,1.0
Just 60%,Just 60%,PERCENT,,,en,1.0
up to 240mm,up to 240mm,QUANTITY,,,en,1.0
20 hours,20 hours,TIME,,,en,1.0
Samsung LSI Plots Exynos 2700 Counterattack With,Samsung LSI Plots Exynos 2700 Counterattack With,PRODUCT,,,en,1.0
As many as 40 million,As many as 40 million,CARDINAL,,,en,1.0
more than 70 years,more than 70 years,DATE,,,en,1.0
Moknine,Moknine,NORP,,,en,1.0
Monastir,Monastir,NORP,-0.2,0.0,en,1.0
40 million,40 million,CARDINAL,,,en,1.0
A century,A century,DATE,,,en,1.0
"Nearly 600,000","Nearly 600,000",CARDINAL,,,en,1.0
"nearly 600,000","nearly 600,000",CARDINAL,,,en,1.0
1m,1m,QUANTITY,,,en,1.0
about 03:55 GMT,about 03:55 GMT,TIME,,,en,1.0
Fitzroy River,Fitzroy River,FAC,,,en,1.0
8 metre,8 metre,QUANTITY,,,en,1.0
18:00 GMT,18:00 GMT,TIME,,,en,1.0
Dual Perigee,Dual Perigee,WORK_OF_ART,,,en,1.0
Billions,Billions,CARDINAL,,,en,1.0
EIGHT,EIGHT,CARDINAL,,,en,1.0
the past ‌two weeks,the past ‌two weeks,DATE,,,en,1.0
"More than 620,000","More than 620,000",CARDINAL,,,en,1.0
Midday Movies on the Oscars,Midday Movies on the Oscars,WORK_OF_ART,,,en,1.0
Midday Edition,Midday Edition,WORK_OF_ART,,,en,1.0
81.7%,81.7%,PERCENT,,,en,1.0
22 January 2026,22 January 2026,DATE,,,en,1.0
the next week,the next week,DATE,,,en,1.0
southern African,southern African,NORP,,,en,1.0
Samsung LSI,Samsung LSI,PRODUCT,,,en,1.0
20 minutes,20 minutes,TIME,,,en,1.0
last-mile,last-mile,QUANTITY,,,en,1.0
More than 120 millimetres,More than 120 millimetres,QUANTITY,,,en,1.0
93k,93k,CARDINAL,,,en,1.0
Victoria's Great Ocean Road,Victoria's Great Ocean Road,FAC,,,en,1.0
safari park,safari park,FAC,,,en,1.0
+2959,+2959,NORP,,,en,1.0
+5759 chars,+5759 chars,WORK_OF_ART,,,en,1.0
June 18 and 19,June 18 and 19,DATE,,,en,1.0
over 29 inches,over 29 inches,QUANTITY,,,en,1.0
15 January 2026,15 January 2026,DATE,,,en,1.0
the 80s,the 80s,DATE,,,en,1.0
$74M,$74M,MONEY,,,en,1.0
as many as 40,as many as 40,CARDINAL,,,en,1.0
one to two feet,one to two feet,QUANTITY,,,en,1.0
About 500,About 500,CARDINAL,,,en,1.0
Just 12 hours,Just 12 hours,TIME,,,en,1.0
100-Plus,100-Plus,CARDINAL,,,en,1.0
just a few days',just a few days',DATE,,,en,1.0
the beginning of the week,the beginning of the week,DATE,,,en,1.0
January 2020,January 2020,DATE,,,en,1.0
over 1,over 1,CARDINAL,,,en,1.0
Over 200,Over 200,CARDINAL,,,en,1.0
Floodwater,Floodwater,NORP,0.0,0.0,en,1.0
the Kruger National Park,the Kruger National Park,EVENT,,,en,1.0
289mm,289mm,QUANTITY,,,en,1.0
Timescapes,Timescapes,WORK_OF_ART,,,en,1.0
$1.1B Investment,$1.1B Investment,MONEY,,,en,1.0
Mokau Marae,Mokau Marae,FAC,,,en,1.0
mid-June,mid-June,DATE,,,en,1.0
nearly 80%,nearly 80%,PERCENT,,,en,1.0
+5595,+5595,NORP,,,en,1.0
96 hours,96 hours,TIME,,,en,1.0
Botswana,Botswana,NORP,0.0,0.0,en,1.0
millions',millions',MONEY,,,en,1.0
just £509,just £509,MONEY,,,en,1.0
2400W,2400W,CARDINAL,,,en,1.0
Bunclody,Bunclody,FAC,,,en,1.0
En,En,WORK_OF_ART,,,en,1.0
Storm Chandra Communities,Storm Chandra Communities,PRODUCT,,,en,1.0
up to 20 inches,up to 20 inches,QUANTITY,,,en,1.0
40 miles,40 miles,QUANTITY,,,en,1.0
+9744 chars,+9744 chars,WORK_OF_ART,,,en,1.0
their biggest month e,their biggest month e,DATE,,,en,1.0
99%,99%,PERCENT,,,en,1.0
Jan 29,Jan 29,DATE,,,en,1.0
Afric,Afric,NORP,,,en,1.0
10-Fold,10-Fold,CARDINAL,,,en,1.0
Sunni,Sunni,NORP,,,en,1.0
just 10 days,just 10 days,DATE,,,en,1.0
+6001 chars,+6001 chars,WORK_OF_ART,,,en,1.0
January 30th,January 30th,DATE,,,en,1.0
+3047 chars,+3047 chars,WORK_OF_ART,,,en,1.0
National Preparedness and Response Campaign on Flood Disaster and Related Hazards,National Preparedness and Response Campaign on Flood Disaster and Related Hazards,EVENT,,,en,1.0
Tropical Storm ArthurWDSU Tropical,Tropical Storm ArthurWDSU Tropical,PRODUCT,,,en,1.0
August 1986,August 1986,DATE,,,en,1.0
a wet afternoon,a wet afternoon,TIME,,,en,1.0
Five-year,Five-year,DATE,,,en,1.0
"4,00","4,00",CARDINAL,,,en,1.0
21st-century,21st-century,DATE,,,en,1.0
successive,successive,CARDINAL,,,en,1.0
end-of-week,end-of-week,DATE,,,en,1.0
This Winter,This Winter,DATE,,,en,1.0
River Slaney,River Slaney,PRODUCT,,,en,1.0
Scottish,Scottish,NORP,,,en,1.0
1800W,1800W,CARDINAL,,,en,1.0
+4659 chars,+4659 chars,WORK_OF_ART,,,en,1.0
"January 17, 2026","January 17, 2026",DATE,,,en,1.0
42nd Street Times Square,42nd Street Times Square,FAC,,,en,1.0
Storm Ingrid,Storm Ingrid,PRODUCT,0.0,0.0,en,1.0
Teignmouth Grand Pier,Teignmouth Grand Pier,FAC,,,en,1.0
1865,1865,DATE,,,en,1.0
"over 1,600","over 1,600",CARDINAL,,,en,1.0
May 2023,May 2023,DATE,,,en,1.0
about 40 minutes,about 40 minutes,TIME,,,en,1.0
Rawa Buaya Urban Village,Rawa Buaya Urban Village,FAC,,,en,1.0
University Avenue,University Avenue,FAC,,,en,1.0
Invoke the Insurrection Act,Invoke the Insurrection Act,LAW,,,en,1.0
Insurrectionists,Insurrectionists,NORP,,,en,1.0
Invoke the Insurrection Act Elon,Invoke the Insurrection Act Elon,LAW,,,en,1.0
01/25/2026 4:00:21 PM PST,01/25/2026 4:00:21 PM PST,TIME,,,en,1.0
+2368 chars,+2368 chars,WORK_OF_ART,,,en,1.0
Southern African,Southern African,NORP,,,en,1.0
Sundays winter,Sundays winter,DATE,,,en,1.0
+2819,+2819,CARDINAL,,,en,1.0
400 years,400 years,DATE,,,en,1.0
the wet season,the wet season,DATE,,,en,1.0
"More than 43,000","More than 43,000",CARDINAL,,,en,1.0
Red Code,Red Code,LAW,,,en,1.0
+7446,+7446,NORP,,,en,1.0
November 2025.According,November 2025.According,DATE,,,en,1.0
"4,500","4,500",MONEY,,,en,1.0
"Frost, Floods and Forgotten Ladders""A dream sunroom turns into a construction nightmare","Frost, Floods and Forgotten Ladders""A dream sunroom turns into a construction nightmare",WORK_OF_ART,,,en,1.0
week's end,week's end,DATE,,,en,1.0
another 48 hours,another 48 hours,TIME,,,en,1.0
Slaney,Slaney,PRODUCT,,,en,1.0
6.6 million,6.6 million,CARDINAL,,,en,1.0
mid-Jan…,mid-Jan…,DATE,,,en,1.0
Nearly eight,Nearly eight,CARDINAL,,,en,1.0
Aug 22,Aug 22,DATE,,,en,1.0
October 4 and 5,October 4 and 5,DATE,,,en,1.0
Indian Muslims,Indian Muslims,NORP,,,en,1.0
the past 12 months,the past 12 months,DATE,,,en,1.0
24 percent,24 percent,PERCENT,,,en,1.0
24 pct,24 pct,MONEY,,,en,1.0
less than an hour,less than an hour,TIME,,,en,1.0
0.3%,0.3%,PERCENT,,,en,1.0
Less than 24 hours,Less than 24 hours,TIME,,,en,1.0
April 22,April 22,DATE,,,en,1.0
the entire month,the entire month,DATE,,,en,1.0
almost 1.9%,almost 1.9%,PERCENT,,,en,1.0
a busy month,a busy month,DATE,,,en,1.0
March 2025,March 2025,DATE,,,en,1.0
4/27/2025 4:35 PM,4/27/2025 4:35 PM,TIME,,,en,1.0
Apr 27let,Apr 27let,DATE,,,en,1.0
13:35:13,13:35:13,CARDINAL,,,en,1.0
Apr 27Making,Apr 27Making,DATE,,,en,1.0
Apr 27Meaning,Apr 27Meaning,DATE,,,en,1.0
the last two months,the last two months,DATE,,,en,1.0
2022.Nasdaq,2022.Nasdaq,CARDINAL,,,en,1.0
27 Apr 2025,27 Apr 2025,DATE,,,en,1.0
… April 30,… April 30,DATE,,,en,1.0
Linux,Linux,WORK_OF_ART,,,en,1.0
2.2.0,2.2.0,CARDINAL,,,en,1.0
$134 billion,$134 billion,MONEY,,,en,1.0
"13,000","13,000",CARDINAL,,,en,1.0
9.0,9.0,CARDINAL,,,en,1.0
2 meters,2 meters,QUANTITY,,,en,1.0
up to 6.6 feet,up to 6.6 feet,QUANTITY,,,en,1.0
100 days,100 days,DATE,,,en,1.0
+147 chars,+147 chars,WORK_OF_ART,,,en,1.0
"April 30, 2025","April 30, 2025",DATE,,,en,1.0
the First 100 Days,the First 100 Days,DATE,,,en,1.0
America Act,America Act,LAW,,,en,1.0
+3464 chars,+3464 chars,WORK_OF_ART,,,en,1.0
1943,1943,DATE,,,en,1.0
402mm,402mm,QUANTITY,,,en,1.0
the first quarter,the first quarter,DATE,,,en,1.0
11:19:28,11:19:28,TIME,,,en,1.0
Apr 27I,Apr 27I,DATE,,,en,1.0
8 million dimes,8 million dimes,MONEY,,,en,1.0
NYC Easter Parade,NYC Easter Parade,EVENT,,,en,1.0
a couple of days early,a couple of days early,DATE,,,en,1.0
Easter Sunday,Easter Sunday,DATE,,,en,1.0
more than 45 million,more than 45 million,CARDINAL,,,en,1.0
12 years old,12 years old,DATE,,,en,1.0
Easter Parade,Easter Parade,EVENT,,,en,1.0
Fifth Avenue,Fifth Avenue,FAC,,,en,1.0
annual Easter Parade,annual Easter Parade,DATE,,,en,1.0
+4022,+4022,CARDINAL,,,en,1.0
Storm Éowyn,Storm Éowyn,PRODUCT,,,en,1.0
More than 300 millimetres,More than 300 millimetres,QUANTITY,,,en,1.0
"April 21, 2015","April 21, 2015",DATE,,,en,1.0
the morning,the morning,TIME,,,en,1.0
10 years,10 years,DATE,,,en,1.0
Saturday night,Saturday night,TIME,,,en,1.0
Apple Creek Elementary,Apple Creek Elementary,FAC,,,en,1.0
the United Stat,the United Stat,FAC,,,en,1.0
15 Years,15 Years,DATE,,,en,1.0
Easter Monday,Easter Monday,EVENT,,,en,1.0
Romanians,Romanians,NORP,,,en,1.0
early yesterday,early yesterday,DATE,,,en,1.0
Anzac,Anzac,NORP,,,en,1.0
Anzac Day,Anzac Day,DATE,,,en,1.0
25 to 40 millimetres,25 to 40 millimetres,QUANTITY,,,en,1.0
Celestial Guardians,Celestial Guardians,PRODUCT,,,en,1.0
the Indus Water Treaty,the Indus Water Treaty,EVENT,,,en,1.0
2025-04-24,2025-04-24,DATE,,,en,1.0
Butler Park,Butler Park,FAC,,,en,1.0
Guwahati,Guwahati,WORK_OF_ART,0.0821917808219178,0.136986301369863,en,1.0
Storm Éowyn Human,Storm Éowyn Human,WORK_OF_ART,,,en,1.0
more than 4 million,more than 4 million,CARDINAL,,,en,1.0
"60,694","60,694",CARDINAL,,,en,1.0
dozens of pounds,dozens of pounds,QUANTITY,,,en,1.0
the Lismore City Library,the Lismore City Library,FAC,,,en,1.0
"29,000","29,000",CARDINAL,,,en,1.0
Exhilarating day,Exhilarating day,DATE,,,en,1.0
+74 chars],+74 chars],WORK_OF_ART,,,en,1.0
Windows,Windows,PRODUCT,,,en,1.0
all day,all day,DATE,,,en,1.0
python-h11,python-h11,PRODUCT,,,en,1.0
"3,395 miles","3,395 miles",QUANTITY,,,en,1.0
stra,stra,NORP,,,en,1.0
more than a month,more than a month,DATE,,,en,1.0
the beginning of April,the beginning of April,DATE,,,en,1.0
the work week,the work week,DATE,,,en,1.0
about 9%,about 9%,PERCENT,,,en,1.0
early April,early April,DATE,,,en,1.0
"5,464 km","5,464 km",QUANTITY,,,en,1.0
+8637,+8637,NORP,,,en,1.0
The National Oceanic,The National Oceanic,PRODUCT,0.052631578947368425,0.10877192982456142,en,1.0
2020,2020,DATE,,,en,1.0
Omega,Omega,PRODUCT,,,en,1.0
an estimated 5.8 million,an estimated 5.8 million,CARDINAL,,,en,1.0
Steub,Steub,PRODUCT,,,en,1.0
2025-05-05,2025-05-05,DATE,,,en,1.0
7 million,7 million,CARDINAL,,,en,1.0
May 5,May 5,DATE,,,en,1.0
May 09,May 09,DATE,,,en,1.0
+2272 chars,+2272 chars,WORK_OF_ART,,,en,1.0
Jordanian,Jordanian,NORP,,,en,1.0
more hot days,more hot days,DATE,,,en,1.0
redis,redis,PRODUCT,,,en,1.0
Debian,Debian,NORP,,,en,1.0
+33120,+33120,CARDINAL,,,en,1.0
Dengue,Dengue,DATE,,,en,1.0
Nepalese,Nepalese,NORP,,,en,1.0
Bhutanese,Bhutanese,NORP,,,en,1.0
seasons,seasons,DATE,,,en,1.0
an additional 28,an additional 28,CARDINAL,,,en,1.0
2025.﻿,2025.﻿,CARDINAL,,,en,1.0
nearly 70 years,nearly 70 years,DATE,,,en,1.0
driest spring,driest spring,DATE,,,en,1.0
at least 62,at least 62,CARDINAL,,,en,1.0
Friday night,Friday night,TIME,,,en,1.0
$10 billion,$10 billion,MONEY,,,en,1.0
his first 100 days,his first 100 days,DATE,,,en,1.0
Blog Round Up,Blog Round Up,WORK_OF_ART,,,en,1.0
Belgian,Belgian,NORP,,,en,1.0
+3220 chars,+3220 chars,WORK_OF_ART,,,en,1.0
"nearly $800,000","nearly $800,000",MONEY,,,en,1.0
Old Glory,Old Glory,WORK_OF_ART,,,en,1.0
Sook,Sook,WORK_OF_ART,0.005208333333333332,0.4670138888888889,en,1.0
May 2,May 2,DATE,,,en,1.0
87,87,CARDINAL,,,en,1.0
272,272,CARDINAL,,,en,1.0
$26 million,$26 million,MONEY,,,en,1.0
Biden-era,Biden-era,DATE,,,en,1.0
+6542,+6542,NORP,,,en,1.0
nearly eight years,nearly eight years,DATE,,,en,1.0
13 million,13 million,CARDINAL,,,en,1.0
"Oct. 26, 2021","Oct. 26, 2021",DATE,,,en,1.0
Route 550,Route 550,FAC,,,en,1.0
the beginning months of 2025,the beginning months of 2025,DATE,,,en,1.0
every seven hours,every seven hours,TIME,,,en,1.0
FEBRUARY 13,FEBRUARY 13,DATE,,,en,1.0
The Eminem Show,The Eminem Show,PRODUCT,,,en,1.0
5:30 a.m.,5:30 a.m.,TIME,,,en,1.0
the next several days,the next several days,DATE,,,en,1.0
DYNAMO-M,DYNAMO-M,PRODUCT,,,en,1.0
5:48PM,5:48PM,DATE,,,en,1.0
151st,151st,ORDINAL,,,en,1.0
"Apr 27, 2025","Apr 27, 2025",DATE,,,en,1.0
23:18:20,23:18:20,TIME,,,en,1.0
5/3,5/3,CARDINAL,,,en,1.0
400-acre,400-acre,CARDINAL,,,en,1.0
more than two centuries,more than two centuries,DATE,,,en,1.0
48 feet,48 feet,QUANTITY,,,en,1.0
Coming Years,Coming Years,DATE,,,en,1.0
four consecutive days,four consecutive days,DATE,,,en,1.0
almost seven feet,almost seven feet,QUANTITY,,,en,1.0
375,375,CARDINAL,,,en,1.0
"1,243","1,243",CARDINAL,,,en,1.0
May 3,May 3,DATE,,,en,1.0
392,392,CARDINAL,,,en,1.0
the past seven weekends,the past seven weekends,DATE,,,en,1.0
another soggy weekend,another soggy weekend,DATE,,,en,1.0
nearly seven feet,nearly seven feet,QUANTITY,,,en,1.0
the Easter holiday weekend,the Easter holiday weekend,DATE,,,en,1.0
Stevens Road,Stevens Road,FAC,,,en,1.0
Coronation Walk,Coronation Walk,FAC,,,en,1.0
48 1/2 feet,48 1/2 feet,QUANTITY,,,en,1.0
Vladimir MayakovskyApril,Vladimir MayakovskyApril,WORK_OF_ART,,,en,1.0
Sunday evening,Sunday evening,TIME,,,en,1.0
At least 33,At least 33,CARDINAL,,,en,1.0
5.13 metres,5.13 metres,QUANTITY,,,en,1.0
+6645,+6645,NORP,,,en,1.0
10 inches,10 inches,QUANTITY,,,en,1.0
"Dec. 10, 1978","Dec. 10, 1978",DATE,,,en,1.0
Frankfort Lock,Frankfort Lock,FAC,,,en,1.0
Almost one million,Almost one million,CARDINAL,,,en,1.0
2025-04-07,2025-04-07,DATE,,,en,1.0
1937,1937,DATE,,,en,1.0
just a few days,just a few days,DATE,,,en,1.0
8-16 inches,8-16 inches,QUANTITY,,,en,1.0
the four days,the four days,DATE,,,en,1.0
Hindi,Hindi,NORP,,,en,1.0
Last week's,Last week's,DATE,,,en,1.0
2025-04-08 12:00:00,2025-04-08 12:00:00,DATE,,,en,1.0
+6826,+6826,NORP,,,en,1.0
N'djili neighbourhood,N'djili neighbourhood,FAC,,,en,1.0
The first days,The first days,DATE,,,en,1.0
at least two dozen,at least two dozen,CARDINAL,,,en,1.0
multi-day,multi-day,DATE,,,en,1.0
Mini L…,Mini L…,PRODUCT,,,en,1.0
Bravia,Bravia,PRODUCT,,,en,1.0
February wa…,February wa…,DATE,,,en,1.0
a volatile month,a volatile month,DATE,,,en,1.0
the fourth day,the fourth day,DATE,,,en,1.0
"Introduction
Flooding","Introduction
Flooding",PRODUCT,,,en,1.0
over 300 million,over 300 million,CARDINAL,,,en,1.0
175,175,CARDINAL,,,en,1.0
$1.7 trillion,$1.7 trillion,MONEY,,,en,1.0
early April 2025,early April 2025,DATE,,,en,1.0
Lebanon Junction,Lebanon Junction,FAC,,,en,1.0
2025-04-08,2025-04-08,DATE,,,en,1.0
as much as 20 inches,as much as 20 inches,QUANTITY,,,en,1.0
26 per cent,26 per cent,MONEY,,,en,1.0
Today Days,Today Days,DATE,,,en,1.0
Congolese,Congolese,NORP,,,en,1.0
Bukit Timah Road,Bukit Timah Road,FAC,,,en,1.0
4/4,4/4,CARDINAL,,,en,1.0
SMK Seri Gading,SMK Seri Gading,FAC,,,en,1.0
99,99,CARDINAL,,,en,1.0
+3445 chars,+3445 chars,WORK_OF_ART,,,en,1.0
"1-in-1,000-ye","1-in-1,000-ye",CARDINAL,,,en,1.0
the previous four years,the previous four years,DATE,,,en,1.0
more than four,more than four,CARDINAL,,,en,1.0
+3800 chars,+3800 chars,WORK_OF_ART,,,en,1.0
the Premiership Cup,the Premiership Cup,EVENT,,,en,1.0
+6433,+6433,NORP,,,en,1.0
Storm Bert,Storm Bert,WORK_OF_ART,,,en,1.0
"April 4, 2025","April 4, 2025",DATE,,,en,1.0
the start of tourist season,the start of tourist season,DATE,,,en,1.0
Air Force One,Air Force One,PRODUCT,,,en,1.0
At least 6,At least 6,CARDINAL,,,en,1.0
+2752 chars,+2752 chars,WORK_OF_ART,,,en,1.0
about 10 a.m.,about 10 a.m.,TIME,,,en,1.0
coming Saturday,coming Saturday,DATE,,,en,1.0
"102,000","102,000",CARDINAL,,,en,1.0
Last spring,Last spring,DATE,,,en,1.0
The Toll Roads,The Toll Roads,FAC,,,en,1.0
Seeing Like a State,Seeing Like a State,WORK_OF_ART,,,en,1.0
spring days,spring days,DATE,,,en,1.0
April 7,April 7,DATE,,,en,1.0
"Sunday, April 6","Sunday, April 6",DATE,,,en,1.0
At least 22,At least 22,CARDINAL,,,en,1.0
' Monday,' Monday,DATE,,,en,1.0
April 6,April 6,DATE,,,en,1.0
+1534,+1534,NORP,,,en,1.0
the previous days,the previous days,DATE,,,en,1.0
some 30,some 30,CARDINAL,,,en,1.0
Around 30,Around 30,CARDINAL,,,en,1.0
Interstate 57,Interstate 57,FAC,,,en,1.0
At Least 16,At Least 16,CARDINAL,,,en,1.0
April 3,April 3,DATE,,,en,1.0
Apr 5,Apr 5,DATE,,,en,1.0
Hands Off,Hands Off,WORK_OF_ART,,,en,1.0
April 2025,April 2025,DATE,,,en,1.0
Map Shows Path of New Storm That Could Pound 7 States With Hail,Map Shows Path of New Storm That Could Pound 7 States With Hail,WORK_OF_ART,,,en,1.0
up to 1 inch,up to 1 inch,QUANTITY,,,en,1.0
hottest year,hottest year,DATE,,,en,1.0
The last 24 hours,The last 24 hours,TIME,,,en,1.0
Pro-Second Amendment,Pro-Second Amendment,LAW,,,en,1.0
six months ago,six months ago,DATE,,,en,1.0
the same day,the same day,DATE,,,en,1.0
April 1,April 1,DATE,,,en,1.0
HUNDREDS,HUNDREDS,CARDINAL,,,en,1.0
Copernicus,Copernicus,PRODUCT,,,en,1.0
the age of 78,the age of 78,DATE,,,en,1.0
15 April 2025 -,15 April 2025 -,DATE,,,en,1.0
145%,145%,PERCENT,,,en,1.0
May 2025,May 2025,DATE,,,en,1.0
thousands of acres,thousands of acres,QUANTITY,,,en,1.0
half a million,half a million,CARDINAL,,,en,1.0
"1,100 miles","1,100 miles",QUANTITY,,,en,1.0
Miles,Miles,CARDINAL,,,en,1.0
age 54,age 54,DATE,,,en,1.0
over 30mm,over 30mm,QUANTITY,,,en,1.0
"almost 10,000","almost 10,000",CARDINAL,,,en,1.0
April 9,April 9,DATE,,,en,1.0
WrestleMania week,WrestleMania week,DATE,,,en,1.0
Kings Road,Kings Road,FAC,,,en,1.0
More than 30 million,More than 30 million,CARDINAL,,,en,1.0
More than 300,More than 300,CARDINAL,,,en,1.0
Easter,Easter,DATE,-0.1,0.4,en,1.0
Taylor Road,Taylor Road,FAC,,,en,1.0
April 19th,April 19th,DATE,,,en,1.0
Earlier this month,Earlier this month,DATE,,,en,1.0
the last couple of weeks,the last couple of weeks,DATE,,,en,1.0
"Refugees
","Refugees
",PRODUCT,,,en,1.0
four-year,four-year,DATE,,,en,1.0
only four weeks,only four weeks,DATE,,,en,1.0
+3214,+3214,NORP,,,en,1.0
Tracks II: The Lost Albums,Tracks II: The Lost Albums,PRODUCT,,,en,1.0
Tracks II:,Tracks II:,WORK_OF_ART,,,en,1.0
Rain in the River,Rain in the River,WORK_OF_ART,,,en,1.0
Americas TikTok,Americas TikTok,PRODUCT,,,en,1.0
'90s,'90s,DATE,,,en,1.0
April 8,April 8,DATE,,,en,1.0
63,63,CARDINAL,,,en,1.0
"Copyright © 1995-
 ","Copyright © 1995-
 ",WORK_OF_ART,,,en,1.0
125%,125%,PERCENT,,,en,1.0
the early morning,the early morning,TIME,,,en,1.0
midwestern,midwestern,NORP,,,en,1.0
a Heartbreaking Cost,a Heartbreaking Cost,FAC,,,en,1.0
Komuter,Komuter,PRODUCT,,,en,1.0
This morning,This morning,TIME,,,en,1.0
197101000523,197101000523,CARDINAL,,,en,1.0
"no fewer than 1,249","no fewer than 1,249",CARDINAL,,,en,1.0
Selangor,Selangor,NORP,0.0,0.0,en,1.0
April 11,April 11,DATE,,,en,1.0
2am,2am,TIME,,,en,1.0
Three years ago,Three years ago,DATE,,,en,1.0
The War Against Breastfeeding,The War Against Breastfeeding,EVENT,,,en,1.0
between April and November,between April and November,DATE,,,en,1.0
Sea Otter Classic,Sea Otter Classic,WORK_OF_ART,,,en,1.0
Moots,Moots,PRODUCT,,,en,1.0
"12,500","12,500",MONEY,,,en,1.0
+6418,+6418,NORP,,,en,1.0
14M,14M,QUANTITY,,,en,1.0
some 14 million,some 14 million,CARDINAL,,,en,1.0
"April 5-6, 2025","April 5-6, 2025",DATE,,,en,1.0
Apr 13,Apr 13,DATE,,,en,1.0
April 13,April 13,DATE,,,en,1.0
about 2pm,about 2pm,TIME,,,en,1.0
19 kilometres,19 kilometres,QUANTITY,,,en,1.0
$1m,$1m,MONEY,,,en,1.0
Benja,Benja,WORK_OF_ART,,,en,1.0
"April 9, 2025","April 9, 2025",DATE,,,en,1.0
+1565 chars,+1565 chars,WORK_OF_ART,,,en,1.0
Annual Flood Outlook,Annual Flood Outlook,EVENT,,,en,1.0
At least 100,At least 100,CARDINAL,,,en,1.0
Luwu,Luwu,EVENT,,,en,1.0
the Weekend,the Weekend,DATE,,,en,1.0
Thousands of kilometres,Thousands of kilometres,QUANTITY,,,en,1.0
mid-April,mid-April,DATE,,,en,1.0
perl-Compress-Raw-Lzma,perl-Compress-Raw-Lzma,PRODUCT,,,en,1.0
firefox,firefox,PRODUCT,,,en,1.0
7 a.m.,7 a.m.,TIME,,,en,1.0
"Over 10,600","Over 10,600",CARDINAL,,,en,1.0
At least 34,At least 34,CARDINAL,,,en,1.0
June 1,June 1,DATE,,,en,1.0
+2279,+2279,NORP,,,en,1.0
$78.7 billion,$78.7 billion,MONEY,,,en,1.0
2025 hurricane season,2025 hurricane season,DATE,,,en,1.0
+8733,+8733,NORP,,,en,1.0
around 200 mm,around 200 mm,QUANTITY,,,en,1.0
past years,past years,DATE,,,en,1.0
1438,1438,DATE,,,en,1.0
+4874 chars,+4874 chars,WORK_OF_ART,,,en,1.0
"988,560","988,560",CARDINAL,,,en,1.0
POSThttps://www.kyivpost.com/topic/war-in-ukraine,POSThttps://www.kyivpost.com/topic/war-in-ukraine,NORP,,,en,1.0
Ukraine War,Ukraine War,EVENT,,,en,1.0
russian,russian,NORP,,,en,1.0
6000,6000,CARDINAL,,,en,1.0
At least 32,At least 32,CARDINAL,,,en,1.0
007,007,CARDINAL,,,en,1.0
the previous autumn,the previous autumn,DATE,,,en,1.0
Over 30,Over 30,CARDINAL,,,en,1.0
"more than 500,000","more than 500,000",CARDINAL,,,en,1.0
World War I,World War I,EVENT,,,en,1.0
pre-2022,pre-2022,DATE,,,en,1.0
3.23 crore,3.23 crore,CARDINAL,,,en,1.0
3.2 crore,3.2 crore,CARDINAL,,,en,1.0
+2065,+2065,NORP,,,en,1.0
JUNE 4,JUNE 4,DATE,,,en,1.0
nearly a week later,nearly a week later,DATE,,,en,1.0
"Over 500,000","Over 500,000",CARDINAL,,,en,1.0
nearly 3 million,nearly 3 million,CARDINAL,,,en,1.0
North-Eastern,North-Eastern,NORP,,,en,1.0
Noon,Noon,TIME,,,en,1.0
"over 3,000","over 3,000",CARDINAL,,,en,1.0
More than 500,More than 500,CARDINAL,,,en,1.0
the next financial year,the next financial year,DATE,,,en,1.0
Chapel Hill,Chapel Hill,FAC,0.017424242424242425,0.9053030303030303,en,1.0
+4431 chars,+4431 chars,WORK_OF_ART,,,en,1.0
at least 32,at least 32,CARDINAL,,,en,1.0
nearly 10 kilometres,nearly 10 kilometres,QUANTITY,,,en,1.0
"6,79,423","6,79,423",CARDINAL,,,en,1.0
over 150,over 150,CARDINAL,,,en,1.0
265,265,CARDINAL,,,en,1.0
"At least 3,018","At least 3,018",CARDINAL,,,en,1.0
150 as thousands,150 as thousands,CARDINAL,,,en,1.0
Nigeria Town Submerged,Nigeria Town Submerged,FAC,,,en,1.0
Egyptian,Egyptian,NORP,,,en,1.0
The Associated,The Associated,PRODUCT,,,en,1.0
At least 151,At least 151,CARDINAL,,,en,1.0
151,151,CARDINAL,,,en,1.0
AT LEAST 151,AT LEAST 151,CARDINAL,,,en,1.0
at least 150,at least 150,CARDINAL,,,en,1.0
Over 50,Over 50,CARDINAL,,,en,1.0
summertime,summertime,DATE,,,en,1.0
+2102 chars,+2102 chars,WORK_OF_ART,,,en,1.0
at least 115,at least 115,CARDINAL,,,en,1.0
Over 100,Over 100,CARDINAL,,,en,1.0
At least 117,At least 117,CARDINAL,,,en,1.0
More than 150,More than 150,CARDINAL,,,en,1.0
Just Hours,Just Hours,TIME,,,en,1.0
the Waters Rose to Roof LevelNewser Flooding,the Waters Rose to Roof LevelNewser Flooding,FAC,,,en,1.0
Sa,Sa,WORK_OF_ART,,,en,1.0
the Waters Rose to Roof Level - Newser,the Waters Rose to Roof Level - Newser,FAC,,,en,1.0
several kilometres,several kilometres,QUANTITY,,,en,1.0
Metro Line 3,Metro Line 3,FAC,,,en,1.0
Six days,Six days,DATE,,,en,1.0
National Highway 17,National Highway 17,FAC,,,en,1.0
Tura,Tura,NORP,-0.6,0.9,en,1.0
May 31,May 31,DATE,,,en,1.0
at least 22,at least 22,CARDINAL,,,en,1.0
the Waters Rose to Roof Level,the Waters Rose to Roof Level,FAC,,,en,1.0
Niger,Niger,NORP,0.3364389233954452,0.5141476880607316,en,1.0
more than 180 miles,more than 180 miles,QUANTITY,,,en,1.0
At least 150,At least 150,CARDINAL,,,en,1.0
twelve,twelve,CARDINAL,,,en,1.0
twenty,twenty,CARDINAL,,,en,1.0
over 151,over 151,CARDINAL,,,en,1.0
at least 151,at least 151,CARDINAL,,,en,1.0
nearly 7 lakh,nearly 7 lakh,MONEY,,,en,1.0
Syllad |,Syllad |,WORK_OF_ART,,,en,1.0
Copyright © 2025,Copyright © 2025,WORK_OF_ART,,,en,1.0
at least 5,at least 5,CARDINAL,,,en,1.0
At Least 4,At Least 4,CARDINAL,,,en,1.0
the past two seasons,the past two seasons,DATE,,,en,1.0
season three,season three,DATE,,,en,1.0
the first hours,the first hours,TIME,,,en,1.0
this past year,this past year,DATE,,,en,1.0
Data+AI,Data+AI,WORK_OF_ART,,,en,1.0
+6260 chars,+6260 chars,WORK_OF_ART,,,en,1.0
Between 2018 and 2023,Between 2018 and 2023,DATE,,,en,1.0
"Over 16,000","Over 16,000",CARDINAL,,,en,1.0
the past 1 to 3 hours,the past 1 to 3 hours,DATE,,,en,1.0
Hydroclimate,Hydroclimate,WORK_OF_ART,0.21666666666666665,0.6166666666666667,en,1.0
"76,000","76,000",CARDINAL,,,en,1.0
We Are Not Giving China Our Best Chips,We Are Not Giving China Our Best Chips,WORK_OF_ART,,,en,1.0
w… Deepika,w… Deepika,NORP,,,en,1.0
June 10,June 10,DATE,,,en,1.0
Kansans,Kansans,NORP,,,en,1.0
Centuries-old,Centuries-old,DATE,,,en,1.0
"over 16,000","over 16,000",CARDINAL,,,en,1.0
February 2022,February 2022,DATE,,,en,1.0
a span of hours,a span of hours,TIME,,,en,1.0
nine months ago,nine months ago,DATE,,,en,1.0
Arts Festival,Arts Festival,EVENT,,,en,1.0
opening day,opening day,DATE,,,en,1.0
mid-festival,mid-festival,DATE,,,en,1.0
the hottest day of the year,the hottest day of the year,DATE,,,en,1.0
early evening,early evening,TIME,,,en,1.0
hottest day of the year,hottest day of the year,DATE,,,en,1.0
a day after Thursday’s,a day after Thursday’s,DATE,,,en,1.0
"over 40,000","over 40,000",CARDINAL,,,en,1.0
late-spring,late-spring,DATE,,,en,1.0
At least 11,At least 11,CARDINAL,,,en,1.0
160 Years,160 Years,DATE,,,en,1.0
the first few hours,the first few hours,TIME,,,en,1.0
South Africas,South Africas,NORP,-0.3333333333333333,0.39999999999999997,en,1.0
seventh,seventh,ORDINAL,,,en,1.0
later Friday,later Friday,DATE,,,en,1.0
"Tuesday, June 10","Tuesday, June 10",DATE,,,en,1.0
Superstorm Sandy,Superstorm Sandy,WORK_OF_ART,0.0,0.0,en,1.0
Nintendo Switch 2,Nintendo Switch 2,PRODUCT,,,en,1.0
Grand Prix,Grand Prix,EVENT,,,en,1.0
the British Normandy Memorial,the British Normandy Memorial,FAC,,,en,1.0
Nova Scotia,Nova Scotia,NORP,,,en,1.0
Saga,Saga,PRODUCT,,,en,1.0
seven lakh,seven lakh,CARDINAL,,,en,1.0
June 5,June 5,DATE,,,en,1.0
7 lakh,7 lakh,CARDINAL,,,en,1.0
the weeks,the weeks,DATE,,,en,1.0
Grand Prix weekend,Grand Prix weekend,EVENT,,,en,1.0
Stanley cup,Stanley cup,PRODUCT,,,en,1.0
at least 48,at least 48,CARDINAL,,,en,1.0
5 June 2025,5 June 2025,DATE,,,en,1.0
#23 2025,#23 2025,MONEY,,,en,1.0
Waikato,Waikato,NORP,,,en,1.0
the last month or so,the last month or so,DATE,,,en,1.0
up to $75,up to $75,MONEY,,,en,1.0
9to5Toys,9to5Toys,CARDINAL,,,en,1.0
+2702,+2702,NORP,,,en,1.0
Summer Game,Summer Game,DATE,,,en,1.0
Aussie,Aussie,NORP,,,en,1.0
Two to four inches,Two to four inches,QUANTITY,,,en,1.0
"December 17, 2022","December 17, 2022",DATE,,,en,1.0
Jun 10,Jun 10,DATE,,,en,1.0
the wettest day,the wettest day,DATE,,,en,1.0
JUNE 9,JUNE 9,DATE,,,en,1.0
26 this year,26 this year,DATE,,,en,1.0
nearly 2.60 lakh,nearly 2.60 lakh,MONEY,,,en,1.0
+1100,+1100,CARDINAL,,,en,1.0
Madrasi Camp,Madrasi Camp,FAC,,,en,1.0
2 pm Pacific,2 pm Pacific,TIME,,,en,1.0
manag,manag,NORP,,,en,1.0
Dhapa dog pound,Dhapa dog pound,FAC,,,en,1.0
1.66 lakh,1.66 lakh,CARDINAL,,,en,1.0
May 29,May 29,DATE,,,en,1.0
last 24 hours,last 24 hours,TIME,,,en,1.0
Over 40,Over 40,CARDINAL,,,en,1.0
June 6,June 6,DATE,,,en,1.0
At least 111,At least 111,CARDINAL,,,en,1.0
several hours,several hours,TIME,,,en,1.0
At least 110,At least 110,CARDINAL,,,en,1.0
+1225 chars,+1225 chars,WORK_OF_ART,,,en,1.0
€28 Billion,€28 Billion,MONEY,,,en,1.0
May 23-27,May 23-27,DATE,,,en,1.0
130 mm,130 mm,QUANTITY,,,en,1.0
just 12 hours,just 12 hours,TIME,,,en,1.0
150+ mm,150+ mm,QUANTITY,,,en,1.0
05/20/2025 10:45:56 AM PDT,05/20/2025 10:45:56 AM PDT,TIME,,,en,1.0
the Omeo Kumar Das Institute of Social Change and Development (,the Omeo Kumar Das Institute of Social Change and Development (,FAC,,,en,1.0
TEN,TEN,CARDINAL,,,en,1.0
$31.5 billion,$31.5 billion,MONEY,,,en,1.0
11am until 8pm,11am until 8pm,TIME,,,en,1.0
5 more days,5 more days,DATE,,,en,1.0
"May 19, 2025","May 19, 2025",DATE,,,en,1.0
Hunter,Hunter,NORP,-0.38986742424242427,0.715719696969697,en,1.0
104 mm,104 mm,QUANTITY,,,en,1.0
"May 18-24, 2025","May 18-24, 2025",DATE,,,en,1.0
May 24,May 24,DATE,,,en,1.0
€28 billion,€28 billion,MONEY,,,en,1.0
about 6%,about 6%,PERCENT,,,en,1.0
6 p.m.,6 p.m.,TIME,,,en,1.0
the previous 1929,the previous 1929,DATE,,,en,1.0
the coming week,the coming week,DATE,,,en,1.0
15 inches,15 inches,QUANTITY,,,en,1.0
0.0.3,0.0.3,CARDINAL,,,en,1.0
+6740,+6740,NORP,,,en,1.0
Elyse,Elyse,NORP,,,en,1.0
Android,Android,PRODUCT,,,en,1.0
+1744 chars,+1744 chars,WORK_OF_ART,,,en,1.0
6.4 meters,6.4 meters,QUANTITY,,,en,1.0
28 billion,28 billion,MONEY,,,en,1.0
a record 6.4 meters,a record 6.4 meters,QUANTITY,,,en,1.0
1929,1929,DATE,,,en,1.0
+6911 chars,+6911 chars,WORK_OF_ART,,,en,1.0
Close to 300,Close to 300,CARDINAL,,,en,1.0
the NSW Mid North Coast,the NSW Mid North Coast,FAC,0.21944444444444444,2.1466666666666665,en,1.0
night&#039;s,night&#039;s,FAC,,,en,1.0
more than 200 mm,more than 200 mm,QUANTITY,,,en,1.0
next winter,next winter,DATE,,,en,1.0
Nutley Townships Memorial Park,Nutley Townships Memorial Park,FAC,,,en,1.0
at least 88,at least 88,CARDINAL,,,en,1.0
nearly 36 million,nearly 36 million,CARDINAL,,,en,1.0
seven-month,seven-month,DATE,,,en,1.0
midweek,midweek,DATE,,,en,1.0
as second week,as second week,DATE,,,en,1.0
about 66 million,about 66 million,CARDINAL,,,en,1.0
About 11 million,About 11 million,MONEY,,,en,1.0
Last Year,Last Year,DATE,,,en,1.0
an estimated $368 billion,an estimated $368 billion,MONEY,,,en,1.0
May 12,May 12,DATE,,,en,1.0
Verdugo Wash,Verdugo Wash,WORK_OF_ART,,,en,1.0
up to 10 inches,up to 10 inches,QUANTITY,,,en,1.0
36 million,36 million,CARDINAL,,,en,1.0
more than 8 months,more than 8 months,DATE,,,en,1.0
fall Tuesday,fall Tuesday,DATE,,,en,1.0
2-4 inches,2-4 inches,QUANTITY,,,en,1.0
50 to 70 millimetres,50 to 70 millimetres,QUANTITY,,,en,1.0
50 to 70 millimeters,50 to 70 millimeters,QUANTITY,,,en,1.0
the 1930s,the 1930s,DATE,,,en,1.0
Up to 5 inches,Up to 5 inches,QUANTITY,,,en,1.0
Memorial Park,Memorial Park,FAC,,,en,1.0
Christmas 2021,Christmas 2021,DATE,,,en,1.0
the first 100 days,the first 100 days,DATE,,,en,1.0
+4724 chars,+4724 chars,WORK_OF_ART,,,en,1.0
Two and a half years,Two and a half years,DATE,,,en,1.0
"13,000 tons","13,000 tons",QUANTITY,,,en,1.0
Tiny Desk,Tiny Desk,PRODUCT,,,en,1.0
5/15,5/15,CARDINAL,,,en,1.0
one-metre,one-metre,QUANTITY,,,en,1.0
1924,1924,DATE,,,en,1.0
1 to 2 inches an hour,1 to 2 inches an hour,QUANTITY,,,en,1.0
Condo,Condo,FAC,,,en,1.0
432 Park Avenue,432 Park Avenue,QUANTITY,,,en,1.0
58,58,DATE,,,en,1.0
between Wednesday and Friday,between Wednesday and Friday,DATE,,,en,1.0
the second year in a row,the second year in a row,DATE,,,en,1.0
roughly 200,roughly 200,CARDINAL,,,en,1.0
Westernport Elementary,Westernport Elementary,FAC,,,en,1.0
a fourth consecutive day,a fourth consecutive day,DATE,,,en,1.0
well above 100 millimetres,well above 100 millimetres,QUANTITY,,,en,1.0
Wild Dark Shore,Wild Dark Shore,WORK_OF_ART,,,en,1.0
just 2 feet,just 2 feet,QUANTITY,,,en,1.0
Millions of gallons,Millions of gallons,QUANTITY,,,en,1.0
nearly 40%,nearly 40%,PERCENT,,,en,1.0
7 p.m.,7 p.m.,TIME,,,en,1.0
Barangay Biak N,Barangay Biak N,FAC,,,en,1.0
May 27,May 27,DATE,,,en,1.0
+4848,+4848,NORP,,,en,1.0
Almost 200,Almost 200,CARDINAL,,,en,1.0
the five days,the five days,DATE,,,en,1.0
the tens of millions of dollars,the tens of millions of dollars,MONEY,,,en,1.0
Memorial Day,Memorial Day,FAC,,,en,1.0
the Indus Waters Treaty,the Indus Waters Treaty,LAW,,,en,1.0
Pak,Pak,NORP,,,en,1.0
May 25–27,May 25–27,DATE,,,en,1.0
May 25&ndash;27,May 25&ndash;27,DATE,,,en,1.0
"over 32,000","over 32,000",CARDINAL,,,en,1.0
May 25,May 25,DATE,,,en,1.0
"over 300,000","over 300,000",CARDINAL,,,en,1.0
Harry Potter Series Divides The Internet,Harry Potter Series Divides The Internet,WORK_OF_ART,,,en,1.0
50m to,50m to,QUANTITY,,,en,1.0
May 30,May 30,DATE,,,en,1.0
2025-05-30,2025-05-30,DATE,,,en,1.0
at least 36,at least 36,CARDINAL,,,en,1.0
mar,mar,DATE,,,en,1.0
at least 111,at least 111,CARDINAL,,,en,1.0
up to 88,up to 88,CARDINAL,,,en,1.0
At least 88,At least 88,CARDINAL,,,en,1.0
+2328 chars,+2328 chars,WORK_OF_ART,,,en,1.0
around 50,around 50,CARDINAL,,,en,1.0
Oblivion,Oblivion,LAW,,,en,1.0
Twenty-one,Twenty-one,CARDINAL,,,en,1.0
MAY 30,MAY 30,DATE,,,en,1.0
the Disaster Management Act,the Disaster Management Act,LAW,,,en,1.0
the Chao Phraya River,the Chao Phraya River,FAC,,,en,1.0
October of 2024,October of 2024,DATE,,,en,1.0
One morning,One morning,TIME,,,en,1.0
May 28,May 28,DATE,,,en,1.0
Veo,Veo,PRODUCT,,,en,1.0
last December,last December,DATE,,,en,1.0
Phuket International Airport,Phuket International Airport,FAC,,,en,1.0
up to $100 billion,up to $100 billion,MONEY,,,en,1.0
"Around 50,000","Around 50,000",CARDINAL,,,en,1.0
MAY 22,MAY 22,DATE,,,en,1.0
Just two months,Just two months,DATE,,,en,1.0
NSW,NSW,NORP,0.0,0.0,en,1.0
North Moto Road,North Moto Road,FAC,,,en,1.0
2.7bn,2.7bn,CARDINAL,,,en,1.0
the next 3–4 years,the next 3–4 years,DATE,,,en,1.0
$2.7 billion,$2.7 billion,MONEY,,,en,1.0
4-hour,4-hour,TIME,,,en,1.0
More than four months',More than four months',DATE,,,en,1.0
just two days,just two days,DATE,,,en,1.0
about 4,about 4,CARDINAL,,,en,1.0
+2498,+2498,NORP,,,en,1.0
"almost 50,000","almost 50,000",CARDINAL,,,en,1.0
0.0.6,0.0.6,CARDINAL,,,en,1.0
12m,12m,QUANTITY,,,en,1.0
several-centuries,several-centuries,DATE,,,en,1.0
40 to 60 millimetres,40 to 60 millimetres,QUANTITY,,,en,1.0
Just hours,Just hours,TIME,,,en,1.0
+12279 chars,+12279 chars,WORK_OF_ART,,,en,1.0
"over 10,000","over 10,000",CARDINAL,,,en,1.0
Tasmanian,Tasmanian,NORP,,,en,1.0
three weeks later,three weeks later,DATE,,,en,1.0
"About 50,000","About 50,000",CARDINAL,,,en,1.0
"6,000","6,000",CARDINAL,,,en,1.0
22 May 2025,22 May 2025,DATE,,,en,1.0
"270,000","270,000",CARDINAL,,,en,1.0
US$10 million,US$10 million,MONEY,,,en,1.0
$10 million,$10 million,MONEY,,,en,1.0
"Some 50,000","Some 50,000",CARDINAL,,,en,1.0
the Pacific Highway,the Pacific Highway,FAC,,,en,1.0
Pacific Highway,Pacific Highway,FAC,,,en,1.0
Australia&rsquo;s,Australia&rsquo;s,NORP,,,en,1.0
hundreds of millimetres,hundreds of millimetres,QUANTITY,,,en,1.0
more than 100mm,more than 100mm,QUANTITY,,,en,1.0
the overnight hours,the overnight hours,TIME,,,en,1.0
more than 140,more than 140,CARDINAL,,,en,1.0
Just a day,Just a day,DATE,,,en,1.0
"Feb. 11, 2025","Feb. 11, 2025",DATE,,,en,1.0
47.2C.,47.2C.,DATE,,,en,1.0
Yesterday,Yesterday,DATE,,,en,1.0
Californias,Californias,NORP,-0.03333333333333332,1.6479166666666667,en,1.0
another $500 million,another $500 million,MONEY,,,en,1.0
$500M,$500M,MONEY,,,en,1.0
"4,400","4,400",CARDINAL,,,en,1.0
Melamchi,Melamchi,FAC,,,en,1.0
February 17,February 17,DATE,,,en,1.0
Romanian,Romanian,NORP,,,en,1.0
next Monday,next Monday,DATE,,,en,1.0
month-long,month-long,DATE,,,en,1.0
mid-Atlantic,mid-Atlantic,NORP,,,en,1.0
Appalachians,Appalachians,NORP,,,en,1.0
"1,086","1,086",CARDINAL,,,en,1.0
this winter,this winter,DATE,,,en,1.0
"more than 3,000 hectares","more than 3,000 hectares",QUANTITY,,,en,1.0
16th century,16th century,DATE,,,en,1.0
1540,1540,DATE,,,en,1.0
"Feb. 4, 2024","Feb. 4, 2024",DATE,,,en,1.0
3pm,3pm,TIME,,,en,1.0
windy couple of days,windy couple of days,DATE,,,en,1.0
Cork A WET,Cork A WET,WORK_OF_ART,,,en,1.0
day ahead,day ahead,DATE,,,en,1.0
Mon,Mon,WORK_OF_ART,,,en,1.0
Stove H,Stove H,FAC,,,en,1.0
Broadhurst Road,Broadhurst Road,FAC,,,en,1.0
the Dampier Highway,the Dampier Highway,FAC,,,en,1.0
Karratha Leisureplex,Karratha Leisureplex,FAC,,,en,1.0
Seven Years of Delays,Seven Years of Delays,DATE,,,en,1.0
290km/h,290km/h,QUANTITY,,,en,1.0
Port Hedland,Port Hedland,FAC,,,en,1.0
02/12/2025 5:12:57 PM PST,02/12/2025 5:12:57 PM PST,TIME,,,en,1.0
February 13,February 13,DATE,,,en,1.0
Seven Years,Seven Years,DATE,,,en,1.0
$1.2 million,$1.2 million,MONEY,,,en,1.0
Czech,Czech,NORP,,,en,1.0
"3,000 hectares","3,000 hectares",QUANTITY,,,en,1.0
up to $25 billion,up to $25 billion,MONEY,,,en,1.0
Powder Springs Road,Powder Springs Road,FAC,,,en,1.0
"January 23, 2025","January 23, 2025",DATE,,,en,1.0
around 11:00 PM,around 11:00 PM,TIME,,,en,1.0
"January 16, 2025","January 16, 2025",DATE,,,en,1.0
Winter Storm THREAT and Flood Threat For The Week Ahead,Winter Storm THREAT and Flood Threat For The Week Ahead,WORK_OF_ART,,,en,1.0
2023-24,2023-24,DATE,,,en,1.0
almost 95,almost 95,CARDINAL,,,en,1.0
Night Sky Notes:,Night Sky Notes:,WORK_OF_ART,,,en,1.0
Thunder Ice,Thunder Ice,WORK_OF_ART,,,en,1.0
"5,313","5,313",CARDINAL,,,en,1.0
Ollera Creek Bridge,Ollera Creek Bridge,FAC,,,en,1.0
Project 2025,Project 2025,FAC,,,en,1.0
Trump,Trump,PRODUCT,,,en,1.0
the first five days,the first five days,DATE,,,en,1.0
Almost 1.5 metres,Almost 1.5 metres,QUANTITY,,,en,1.0
02/04/2025 8:40:45 PM PST,02/04/2025 8:40:45 PM PST,TIME,,,en,1.0
2/4/2025,2/4/2025,MONEY,,,en,1.0
+5094,+5094,CARDINAL,,,en,1.0
Bruce Highway,Bruce Highway,FAC,,,en,1.0
the Ollera Creek Bridge,the Ollera Creek Bridge,FAC,,,en,1.0
1.5 billion,1.5 billion,CARDINAL,,,en,1.0
South Africans,South Africans,NORP,,,en,1.0
five years ago,five years ago,DATE,,,en,1.0
anti-China,anti-China,NORP,,,en,1.0
Hurricane Helenes,Hurricane Helenes,EVENT,,,en,1.0
March 1,March 1,DATE,,,en,1.0
Interstate 40,Interstate 40,FAC,,,en,1.0
Super Bowl 59,Super Bowl 59,EVENT,,,en,1.0
Grammy,Grammy,WORK_OF_ART,,,en,1.0
Bosnian,Bosnian,NORP,,,en,1.0
100 Days,100 Days,DATE,,,en,1.0
Kanye West‘s Twitter/X,Kanye West‘s Twitter/X,WORK_OF_ART,,,en,1.0
Twitter/X,Twitter/X,PRODUCT,,,en,1.0
Deluge Of Antisemitism,Deluge Of Antisemitism,WORK_OF_ART,,,en,1.0
IM A NAZI,IM A NAZI,WORK_OF_ART,,,en,1.0
X Account Deactivated After He Declared,X Account Deactivated After He Declared,WORK_OF_ART,,,en,1.0
"November 16, 2023","November 16, 2023",DATE,,,en,1.0
NOVEMBER 16,NOVEMBER 16,DATE,,,en,1.0
4 am to 5 pm,4 am to 5 pm,TIME,,,en,1.0
11 feet,11 feet,QUANTITY,,,en,1.0
Livid,Livid,NORP,,,en,1.0
the first day,the first day,DATE,,,en,1.0
CBS Mornings,CBS Mornings,WORK_OF_ART,,,en,1.0
"16,000","16,000",CARDINAL,,,en,1.0
At least ten,At least ten,CARDINAL,,,en,1.0
Arctic,Arctic,PRODUCT,-0.033670033670033676,0.09595959595959594,en,1.0
deadly weekend,deadly weekend,DATE,,,en,1.0
2025-02-17,2025-02-17,DATE,,,en,1.0
+5638,+5638,NORP,,,en,1.0
Turn to 10,Turn to 10,CARDINAL,,,en,1.0
"roughly 7,000","roughly 7,000",CARDINAL,,,en,1.0
+1702,+1702,NORP,,,en,1.0
At Least 9,At Least 9,CARDINAL,,,en,1.0
January 20th,January 20th,DATE,,,en,1.0
Here We Go Again,Here We Go Again,WORK_OF_ART,,,en,1.0
ninth,ninth,ORDINAL,,,en,1.0
Midwestern,Midwestern,NORP,,,en,1.0
A wet weekend,A wet weekend,DATE,,,en,1.0
"Sunday, Feb. 16, 2025","Sunday, Feb. 16, 2025",DATE,,,en,1.0
At Least 10,At Least 10,CARDINAL,,,en,1.0
At least 8,At least 8,CARDINAL,,,en,1.0
Winter Storm Warnings:,Winter Storm Warnings:,WORK_OF_ART,,,en,1.0
March 17,March 17,DATE,,,en,1.0
60 days,60 days,DATE,,,en,1.0
winter storm days,winter storm days,DATE,,,en,1.0
a few inches,a few inches,QUANTITY,,,en,1.0
South Korean,South Korean,NORP,,,en,1.0
"More than 7,000","More than 7,000",CARDINAL,,,en,1.0
This week’s,This week’s,DATE,,,en,1.0
At least 15,At least 15,CARDINAL,,,en,1.0
Hundreds Of Thousands,Hundreds Of Thousands,CARDINAL,,,en,1.0
at least 15,at least 15,CARDINAL,,,en,1.0
At Least 8,At Least 8,CARDINAL,,,en,1.0
"Over 1,000","Over 1,000",CARDINAL,,,en,1.0
last May,last May,DATE,,,en,1.0
$1.4 trillion,$1.4 trillion,MONEY,,,en,1.0
trillion-dollar,trillion-dollar,MONEY,,,en,1.0
2/17,2/17,CARDINAL,,,en,1.0
Seven-year-old,Seven-year-old,DATE,,,en,1.0
"nearly 40,000","nearly 40,000",CARDINAL,,,en,1.0
"Abstract
Flash","Abstract
Flash",WORK_OF_ART,,,en,1.0
+72 chars,+72 chars,WORK_OF_ART,,,en,1.0
last month’s,last month’s,DATE,,,en,1.0
Just over a month,Just over a month,DATE,,,en,1.0
Tropical Cyclone,Tropical Cyclone,PRODUCT,,,en,1.0
Thur,Thur,DATE,,,en,1.0
just a month,just a month,DATE,,,en,1.0
the countylast month,the countylast month,DATE,,,en,1.0
Feb. 13,Feb. 13,DATE,,,en,1.0
+6833 chars,+6833 chars,WORK_OF_ART,,,en,1.0
Unvetted Migrants’ Flooding Continent,Unvetted Migrants’ Flooding Continent,WORK_OF_ART,,,en,1.0
the Palisades Fire,the Palisades Fire,FAC,,,en,1.0
USS Harry S. Truman,USS Harry S. Truman,PRODUCT,,,en,1.0
the USS Harry S. Truman,the USS Harry S. Truman,PRODUCT,,,en,1.0
12:56 PM EST,12:56 PM EST,TIME,,,en,1.0
the Santa Cruz Mountains,the Santa Cruz Mountains,FAC,,,en,1.0
under winter,under winter,DATE,,,en,1.0
More than 45 million,More than 45 million,CARDINAL,,,en,1.0
About half,About half,CARDINAL,,,en,1.0
dry days ago,dry days ago,DATE,,,en,1.0
At least nine,At least nine,CARDINAL,,,en,1.0
Rs 15 lakh,Rs 15 lakh,MONEY,,,en,1.0
"Saturday, Feb. 15, 2025","Saturday, Feb. 15, 2025",DATE,,,en,1.0
S,S,PRODUCT,,,en,1.0
the Sekolah Kebangsaan Sukau,the Sekolah Kebangsaan Sukau,FAC,,,en,1.0
Clay Co,Clay Co,FAC,,,en,1.0
+7761,+7761,NORP,,,en,1.0
At least eight,At least eight,CARDINAL,,,en,1.0
At least 9,At least 9,CARDINAL,,,en,1.0
+1833,+1833,NORP,,,en,1.0
100 metres,100 metres,QUANTITY,,,en,1.0
3:30 p.m.,3:30 p.m.,TIME,,,en,1.0
100 feet,100 feet,QUANTITY,,,en,1.0
100 years,100 years,DATE,,,en,1.0
just few weeks,just few weeks,DATE,,,en,1.0
those days,those days,DATE,,,en,1.0
Next Week,Next Week,DATE,,,en,1.0
the De Grey Rive,the De Grey Rive,FAC,,,en,1.0
Highway 1,Highway 1,FAC,,,en,1.0
Nightmare,Nightmare,WORK_OF_ART,,,en,1.0
Palisades Fire,Palisades Fire,FAC,,,en,1.0
the New Year's Day,the New Year's Day,DATE,,,en,1.0
Nintendo,Nintendo,WORK_OF_ART,,,en,1.0
Switch 2,Switch 2,LAW,,,en,1.0
January 19,January 19,DATE,,,en,1.0
15 January 2025,15 January 2025,DATE,,,en,1.0
Hurricane He… Posted,Hurricane He… Posted,EVENT,,,en,1.0
"Saturday, Sept. 7, 2024","Saturday, Sept. 7, 2024",DATE,,,en,1.0
Attention Economy,Attention Economy,WORK_OF_ART,,,en,1.0
Hurricane Helene After Being Ordered to,Hurricane Helene After Being Ordered to,EVENT,,,en,1.0
Biden,Biden,NORP,,,en,1.0
"13,909","13,909",CARDINAL,,,en,1.0
between 2020 and 2023,between 2020 and 2023,DATE,,,en,1.0
mid-December,mid-December,DATE,,,en,1.0
the Australian Open,the Australian Open,EVENT,,,en,1.0
Jan 10,Jan 10,DATE,,,en,1.0
Jalan Seaview,Jalan Seaview,FAC,,,en,1.0
25 percent,25 percent,PERCENT,,,en,1.0
Night,Night,TIME,,,en,1.0
nearly 900 miles,nearly 900 miles,QUANTITY,,,en,1.0
Muslim,Muslim,NORP,,,en,1.0
Jan. 22,Jan. 22,DATE,,,en,1.0
"10,000 Acres","10,000 Acres",QUANTITY,,,en,1.0
only 0.6 inches,only 0.6 inches,QUANTITY,,,en,1.0
the next three years,the next three years,DATE,,,en,1.0
69%,69%,PERCENT,,,en,1.0
65%,65%,PERCENT,,,en,1.0
just 3 years,just 3 years,DATE,,,en,1.0
"Jan. 22, 2024","Jan. 22, 2024",DATE,,,en,1.0
Sarawakians,Sarawakians,NORP,,,en,1.0
age 10,age 10,DATE,,,en,1.0
Seventeen,Seventeen,CARDINAL,,,en,1.0
Turkiye,Turkiye,NORP,,,en,1.0
1/21/2025,1/21/2025,DATE,,,en,1.0
Tropical Cyclone Sean,Tropical Cyclone Sean,WORK_OF_ART,,,en,1.0
Viagra,Viagra,PRODUCT,,,en,1.0
89,89,CARDINAL,,,en,1.0
"Dec. 11, 2018","Dec. 11, 2018",DATE,,,en,1.0
Saudi,Saudi,NORP,,,en,1.0
the start of the year,the start of the year,DATE,,,en,1.0
last month's,last month's,DATE,,,en,1.0
"about 7,500","about 7,500",CARDINAL,,,en,1.0
€10.6 billion,€10.6 billion,MONEY,,,en,1.0
+5131,+5131,NORP,,,en,1.0
Refugees,Refugees,PRODUCT,,,en,1.0
todays noon,todays noon,TIME,,,en,1.0
Oct.,Oct.,DATE,,,en,1.0
39.41027594,39.41027594,CARDINAL,,,en,1.0
at least 214,at least 214,CARDINAL,,,en,1.0
more than 210,more than 210,CARDINAL,,,en,1.0
14th,14th,ORDINAL,,,en,1.0
13:35 pm,13:35 pm,TIME,,,en,1.0
"Nov 3, 2024","Nov 3, 2024",DATE,,,en,1.0
"Nov 3, 2024 /","Nov 3, 2024 /",DATE,,,en,1.0
late October,late October,DATE,,,en,1.0
"Nov. 3, 2024","Nov. 3, 2024",DATE,,,en,1.0
this past month,this past month,DATE,,,en,1.0
at least 205,at least 205,CARDINAL,,,en,1.0
10.6 billion,10.6 billion,CARDINAL,,,en,1.0
… Two months,… Two months,DATE,,,en,1.0
another year,another year,DATE,,,en,1.0
Jasper,Jasper,NORP,0.1,0.7,en,1.0
24.9 percent,24.9 percent,PERCENT,,,en,1.0
almost $496 billion,almost $496 billion,MONEY,,,en,1.0
01/05/2025 - 11:00,01/05/2025 - 11:00,TIME,,,en,1.0
New Year’s,New Year’s,EVENT,,,en,1.0
minutes,minutes,TIME,,,en,1.0
the pre-dawn hours,the pre-dawn hours,TIME,,,en,1.0
+2050 chars,+2050 chars,WORK_OF_ART,,,en,1.0
almost 8,almost 8,CARDINAL,,,en,1.0
Like Flooding Rain,Like Flooding Rain,WORK_OF_ART,,,en,1.0
almost 8 million acres,almost 8 million acres,QUANTITY,,,en,1.0
early 1980s,early 1980s,DATE,,,en,1.0
the late 1970s,the late 1970s,DATE,,,en,1.0
the past decade,the past decade,DATE,,,en,1.0
2.9%,2.9%,PERCENT,,,en,1.0
Jan. 1,Jan. 1,DATE,,,en,1.0
massive $14bn,massive $14bn,MONEY,,,en,1.0
Possible Flash Flooding Threat,Possible Flash Flooding Threat,WORK_OF_ART,,,en,1.0
Palisades,Palisades,PRODUCT,0.30833333333333335,1.1777777777777776,en,1.0
16 days,16 days,DATE,,,en,1.0
days-long,days-long,DATE,,,en,1.0
Far North Queensland,Far North Queensland,NORP,0.041666666666666664,0.3846153846153846,en,1.0
"about 5,000 hectares","about 5,000 hectares",QUANTITY,,,en,1.0
Shonga rice plantation,Shonga rice plantation,FAC,,,en,1.0
60 years,60 years,DATE,,,en,1.0
at least another day,at least another day,DATE,,,en,1.0
over as thousands,over as thousands,CARDINAL,,,en,1.0
multimillion-dollar,multimillion-dollar,MONEY,,,en,1.0
earlier in the morning,earlier in the morning,TIME,,,en,1.0
two-hour,two-hour,TIME,,,en,1.0
"17,637","17,637",CARDINAL,,,en,1.0
"15,009","15,009",CARDINAL,,,en,1.0
+3135 chars,+3135 chars,WORK_OF_ART,,,en,1.0
2025-01-31,2025-01-31,DATE,,,en,1.0
the Pan Borneo Highway,the Pan Borneo Highway,FAC,,,en,1.0
Pan Borneo Highway,Pan Borneo Highway,FAC,,,en,1.0
Jan 30,Jan 30,DATE,,,en,1.0
about three weeks,about three weeks,DATE,,,en,1.0
Two weeks,Two weeks,DATE,,,en,1.0
Every 10 years or so,Every 10 years or so,DATE,,,en,1.0
… Weeks,… Weeks,DATE,,,en,1.0
Trump Can Restore Order,Trump Can Restore Order,PRODUCT,,,en,1.0
Monday night,Monday night,TIME,,,en,1.0
the Big Easy,the Big Easy,LAW,,,en,1.0
Super Bowl,Super Bowl,EVENT,,,en,1.0
a fourth day,a fourth day,DATE,,,en,1.0
Florence Street,Florence Street,FAC,,,en,1.0
a few days,a few days,DATE,,,en,1.0
the Bruce Highway,the Bruce Highway,FAC,,,en,1.0
the past th,the past th,DATE,,,en,1.0
8 inches,8 inches,QUANTITY,,,en,1.0
About 13 million,About 13 million,CARDINAL,,,en,1.0
mudslides days,mudslides days,DATE,,,en,1.0
2025-02-03,2025-02-03,DATE,,,en,1.0
+3642 chars,+3642 chars,WORK_OF_ART,,,en,1.0
some 4-8 inch,some 4-8 inch,QUANTITY,,,en,1.0
6 Months,6 Months,DATE,,,en,1.0
8 pm,8 pm,TIME,,,en,1.0
"more than 1,900","more than 1,900",CARDINAL,,,en,1.0
a 19th century,a 19th century,DATE,,,en,1.0
34,34,CARDINAL,,,en,1.0
2025-01-25,2025-01-25,DATE,,,en,1.0
4 p.m. to Monday,4 p.m. to Monday,TIME,,,en,1.0
Millions of years ago,Millions of years ago,DATE,,,en,1.0
Years Ago,Years Ago,DATE,,,en,1.0
Dewan Orang,Dewan Orang,FAC,,,en,1.0
Jan 25,Jan 25,DATE,,,en,1.0
+7629,+7629,NORP,,,en,1.0
120,120,CARDINAL,,,en,1.0
rainmaker,rainmaker,NORP,,,en,1.0
Trump 2.0?,Trump 2.0?,PRODUCT,,,en,1.0
week one,week one,DATE,,,en,1.0
mid-January,mid-January,DATE,,,en,1.0
the Lavavolo Tortoise Center,the Lavavolo Tortoise Center,FAC,,,en,1.0
Annual March,Annual March,DATE,,,en,1.0
47th,47th,ORDINAL,,,en,1.0
South Australian,South Australian,NORP,,,en,1.0
15-25%,15-25%,PERCENT,,,en,1.0
several months,several months,DATE,,,en,1.0
Southern,Southern,NORP,-0.1225,1.2525,en,1.0
4:00 p.m.,4:00 p.m.,TIME,,,en,1.0
"January 29, 2025","January 29, 2025",DATE,,,en,1.0
five-year,five-year,DATE,,,en,1.0
Wait,Wait,WORK_OF_ART,,,en,1.0
Hurricanes Helene,Hurricanes Helene,EVENT,,,en,1.0
Just one week,Just one week,DATE,,,en,1.0
"""Inside with Jen Psaki","""Inside with Jen Psaki",WORK_OF_ART,,,en,1.0
"July 10, 2023","July 10, 2023",DATE,,,en,1.0
Two-thirds,Two-thirds,CARDINAL,,,en,1.0
ul><li>61%,ul><li>61%,PERCENT,,,en,1.0
10:30 a.m.,10:30 a.m.,TIME,,,en,1.0
Over 90%,Over 90%,PERCENT,,,en,1.0
239,239,CARDINAL,,,en,1.0
the wee hours of Saturday,the wee hours of Saturday,TIME,,,en,1.0
millions of naira,millions of naira,MONEY,,,en,1.0
+27707 chars,+27707 chars,WORK_OF_ART,,,en,1.0
+4143,+4143,NORP,,,en,1.0
Nearly eight years to the day,Nearly eight years to the day,DATE,,,en,1.0
Over 140,Over 140,CARDINAL,,,en,1.0
"13,089","13,089",CARDINAL,,,en,1.0
December 2024,December 2024,DATE,,,en,1.0
KOTA,KOTA,LAW,,,en,1.0
March 23,March 23,DATE,,,en,1.0
"9,218","9,218",CARDINAL,,,en,1.0
Sunday (March 23,Sunday (March 23,DATE,,,en,1.0
"8,274","8,274",CARDINAL,,,en,1.0
"8,274 this morning","8,274 this morning",QUANTITY,,,en,1.0
"6,992","6,992",CARDINAL,,,en,1.0
6pm,6pm,TIME,,,en,1.0
hundreds of millions of dollars,hundreds of millions of dollars,MONEY,,,en,1.0
The Stinging Fly or the Winter Papers,The Stinging Fly or the Winter Papers,WORK_OF_ART,,,en,1.0
March 22,March 22,DATE,,,en,1.0
Six 5,Six 5,CARDINAL,,,en,1.0
"More than 13,000","More than 13,000",CARDINAL,,,en,1.0
"Over 13,000","Over 13,000",CARDINAL,,,en,1.0
two-day,two-day,DATE,,,en,1.0
"close to 5,000","close to 5,000",CARDINAL,,,en,1.0
+1618 chars,+1618 chars,WORK_OF_ART,,,en,1.0
Monday (March 17,Monday (March 17,DATE,,,en,1.0
March 24,March 24,DATE,,,en,1.0
Some 500 tonnes,Some 500 tonnes,QUANTITY,,,en,1.0
County Championship,County Championship,EVENT,,,en,1.0
New Road,New Road,FAC,,,en,1.0
Mar 25,Mar 25,DATE,,,en,1.0
138,138,CARDINAL,,,en,1.0
+4522,+4522,NORP,,,en,1.0
first 100 days,first 100 days,DATE,,,en,1.0
"Jan. 8, 2025","Jan. 8, 2025",DATE,,,en,1.0
PETALING JAYA,PETALING JAYA,PRODUCT,,,en,1.0
six-year-old,six-year-old,DATE,,,en,1.0
Miracle,Miracle,WORK_OF_ART,,,en,1.0
another $524 million,another $524 million,MONEY,,,en,1.0
Hurricane Helene Recovery,Hurricane Helene Recovery,EVENT,,,en,1.0
$524M,$524M,MONEY,,,en,1.0
Fourteen years,Fourteen years,DATE,,,en,1.0
only four,only four,CARDINAL,,,en,1.0
"over 11,000","over 11,000",CARDINAL,,,en,1.0
+59498,+59498,NORP,,,en,1.0
Sdn Bhd,Sdn Bhd,NORP,,,en,1.0
1.5°,1.5°,QUANTITY,,,en,1.0
almost three,almost three,CARDINAL,,,en,1.0
March 19,March 19,DATE,,,en,1.0
90 million cubic meters,90 million cubic meters,QUANTITY,,,en,1.0
1962,1962,DATE,,,en,1.0
millions − World Day,millions − World Day,DATE,,,en,1.0
this century,this century,DATE,,,en,1.0
"the last 800,000 years","the last 800,000 years",DATE,,,en,1.0
November 3,November 3,DATE,,,en,1.0
Five months,Five months,DATE,,,en,1.0
over 350,over 350,CARDINAL,,,en,1.0
$3.5 million,$3.5 million,MONEY,,,en,1.0
the Lancaster Public Library,the Lancaster Public Library,FAC,,,en,1.0
"over 5,000 gallons","over 5,000 gallons",QUANTITY,,,en,1.0
More than three weeks,More than three weeks,DATE,,,en,1.0
2025.Butch,2025.Butch,CARDINAL,,,en,1.0
"Sunday, March 16","Sunday, March 16",DATE,,,en,1.0
16 Years,16 Years,DATE,,,en,1.0
five months,five months,DATE,,,en,1.0
"March 20, 2025 (GLOBE NEWSWIRE","March 20, 2025 (GLOBE NEWSWIRE",DATE,,,en,1.0
nineteen,nineteen,CARDINAL,,,en,1.0
"March 20, 2025 (GLOBE NEWSWIRE)","March 20, 2025 (GLOBE NEWSWIRE)",DATE,,,en,1.0
late 2021,late 2021,DATE,,,en,1.0
between March and July,between March and July,DATE,,,en,1.0
10pm,10pm,TIME,,,en,1.0
"Over 5,000","Over 5,000",CARDINAL,,,en,1.0
March 20,March 20,DATE,,,en,1.0
258,258,CARDINAL,,,en,1.0
Wednesday (March 19,Wednesday (March 19,DATE,,,en,1.0
+2647 chars,+2647 chars,WORK_OF_ART,,,en,1.0
221,221,CARDINAL,,,en,1.0
753,753,CARDINAL,,,en,1.0
$528 million,$528 million,MONEY,,,en,1.0
nearly six months ago,nearly six months ago,DATE,,,en,1.0
nearly six months,nearly six months,DATE,,,en,1.0
another $528 million,another $528 million,MONEY,,,en,1.0
$528M,$528M,MONEY,,,en,1.0
More than 500 tonnes,More than 500 tonnes,QUANTITY,,,en,1.0
+1412,+1412,NORP,,,en,1.0
Up to 100mm,Up to 100mm,QUANTITY,,,en,1.0
more than two months,more than two months,DATE,,,en,1.0
Up to 500 millimeters,Up to 500 millimeters,QUANTITY,,,en,1.0
Worth of Rain,Worth of Rain,WORK_OF_ART,,,en,1.0
Year,Year,DATE,,,en,1.0
11th Hour,11th Hour,TIME,,,en,1.0
Greek,Greek,NORP,,,en,1.0
late Wednesday (March 31,late Wednesday (March 31,DATE,,,en,1.0
"March 31, 2025","March 31, 2025",DATE,,,en,1.0
10 weeks,10 weeks,DATE,,,en,1.0
Up to,Up to,CARDINAL,,,en,1.0
Lake Eyre,Lake Eyre,FAC,,,en,1.0
8 Days,8 Days,DATE,,,en,1.0
fifteen,fifteen,CARDINAL,,,en,1.0
"At least 105,000","At least 105,000",CARDINAL,,,en,1.0
"About 2,000","About 2,000",CARDINAL,,,en,1.0
"approximately 2,000","approximately 2,000",CARDINAL,,,en,1.0
the next few months,the next few months,DATE,,,en,1.0
19.7 inches,19.7 inches,QUANTITY,,,en,1.0
500 mi,500 mi,QUANTITY,,,en,1.0
+9134,+9134,NORP,,,en,1.0
2025-04-02,2025-04-02,DATE,,,en,1.0
AT LEAST TWO,AT LEAST TWO,CARDINAL,,,en,1.0
Nearly 2.5 million,Nearly 2.5 million,CARDINAL,,,en,1.0
"375,000","375,000",CARDINAL,,,en,1.0
Tasman,Tasman,NORP,0.09242424242424241,0.671969696969697,en,1.0
thousands of feet,thousands of feet,QUANTITY,,,en,1.0
consecutive days,consecutive days,DATE,,,en,1.0
Crikey,Crikey,NORP,,,en,1.0
Neo QLED,Neo QLED,PRODUCT,,,en,1.0
last October's,last October's,DATE,,,en,1.0
38 centimeters,38 centimeters,QUANTITY,,,en,1.0
75k,75k,MONEY,,,en,1.0
"Monday, 31 March","Monday, 31 March",DATE,,,en,1.0
Almost a dozen,Almost a dozen,CARDINAL,,,en,1.0
Close to a dozen,Close to a dozen,CARDINAL,,,en,1.0
Late Week,Late Week,DATE,,,en,1.0
a second day,a second day,DATE,,,en,1.0
no fewer than four,no fewer than four,CARDINAL,,,en,1.0
almost 200 million,almost 200 million,CARDINAL,,,en,1.0
A year or so ago,A year or so ago,DATE,,,en,1.0
Desert X 2025,Desert X 2025,EVENT,,,en,1.0
the Lower Le,the Lower Le,FAC,,,en,1.0
the past eight years,the past eight years,DATE,,,en,1.0
MORE THAN 13m,MORE THAN 13m,CARDINAL,,,en,1.0
Between March 19,Between March 19,DATE,,,en,1.0
three decades,three decades,DATE,,,en,1.0
03/27/2025 6:35:09 AM PDT,03/27/2025 6:35:09 AM PDT,TIME,,,en,1.0
Said I Love You,Said I Love You,WORK_OF_ART,,,en,1.0
"up to 3,000","up to 3,000",CARDINAL,,,en,1.0
2015,2015,DATE,,,en,1.0
hundreds to thousands,hundreds to thousands,CARDINAL,,,en,1.0
nearly four years ago,nearly four years ago,DATE,,,en,1.0
$40 million,$40 million,MONEY,,,en,1.0
Feb. 15,Feb. 15,DATE,,,en,1.0
More than a dozen,More than a dozen,CARDINAL,,,en,1.0
the last few weeks,the last few weeks,DATE,,,en,1.0
the next 25 years,the next 25 years,DATE,,,en,1.0
1700–Japanese,1700–Japanese,NORP,,,en,1.0
January 1700,January 1700,DATE,,,en,1.0
Saturday to Monday,Saturday to Monday,DATE,,,en,1.0
7.7,7.7,CARDINAL,,,en,1.0
700 acres,700 acres,QUANTITY,,,en,1.0
this morning GOOD MORNING,this morning GOOD MORNING,TIME,,,en,1.0
Eid,Eid,NORP,,,en,1.0
10 per cent,10 per cent,MONEY,,,en,1.0
around 20 inches,around 20 inches,QUANTITY,,,en,1.0
more than foot,more than foot,QUANTITY,,,en,1.0
Ex-Tropical,Ex-Tropical,PRODUCT,,,en,1.0
the end of 2024,the end of 2024,DATE,,,en,1.0
a third,a third,CARDINAL,,,en,1.0
White/Black,White/Black,WORK_OF_ART,,,en,1.0
+5396 chars,+5396 chars,WORK_OF_ART,,,en,1.0
fourteen years,fourteen years,DATE,,,en,1.0
14 years,14 years,DATE,,,en,1.0
Climate Change,Climate Change,PRODUCT,,,en,1.0
Thamekhola,Thamekhola,NORP,,,en,1.0
AI Art g,AI Art g,WORK_OF_ART,,,en,1.0
2025 rainy season,2025 rainy season,DATE,,,en,1.0
$900 million,$900 million,MONEY,,,en,1.0
"February 15, 2025","February 15, 2025",DATE,,,en,1.0
Norvic Hospital,Norvic Hospital,FAC,,,en,1.0
more than three inches,more than three inches,QUANTITY,,,en,1.0
"At least 1,500","At least 1,500",CARDINAL,,,en,1.0
Capital Displace Thousands,Capital Displace Thousands,PRODUCT,,,en,1.0
the age of 86,the age of 86,DATE,,,en,1.0
Thank Go,Thank Go,WORK_OF_ART,,,en,1.0
Bekasi,Bekasi,NORP,0.0,0.0,en,1.0
his sixth week,his sixth week,DATE,,,en,1.0
Thapathali,Thapathali,NORP,,,en,1.0
6 months,6 months,DATE,,,en,1.0
1974,1974,DATE,,,en,1.0
above 125 kilometres per hour,above 125 kilometres per hour,QUANTITY,,,en,1.0
these past few years,these past few years,DATE,,,en,1.0
The True Purpose Of Book Bans Isn’t Exactly Hidden,The True Purpose Of Book Bans Isn’t Exactly Hidden,WORK_OF_ART,,,en,1.0
+1739 chars,+1739 chars,WORK_OF_ART,,,en,1.0
Earlier today,Earlier today,TIME,,,en,1.0
earlier today,earlier today,TIME,,,en,1.0
Field Form,Field Form,FAC,,,en,1.0
previous years,previous years,DATE,,,en,1.0
+2243 chars,+2243 chars,WORK_OF_ART,,,en,1.0
2025-03-07,2025-03-07,DATE,,,en,1.0
Rabbi,Rabbi,NORP,,,en,1.0
Chabad,Chabad,NORP,,,en,1.0
March 4,March 4,DATE,,,en,1.0
March 7,March 7,DATE,,,en,1.0
26 million,26 million,CARDINAL,,,en,1.0
26 Million,26 Million,CARDINAL,,,en,1.0
"Feb. 26, 2025","Feb. 26, 2025",DATE,,,en,1.0
this school week,this school week,DATE,,,en,1.0
Just weeks,Just weeks,DATE,,,en,1.0
hundreds of millions,hundreds of millions,CARDINAL,,,en,1.0
Just six weeks ago,Just six weeks ago,DATE,,,en,1.0
Tzukim Highway,Tzukim Highway,FAC,,,en,1.0
1989,1989,DATE,,,en,1.0
Three years,Three years,DATE,,,en,1.0
one-year-old,one-year-old,DATE,,,en,1.0
$34 billion,$34 billion,MONEY,,,en,1.0
New Black Panther,New Black Panther,EVENT,,,en,1.0
Valentines Day 2025,Valentines Day 2025,DATE,,,en,1.0
weather day,weather day,DATE,,,en,1.0
the… A day,the… A day,DATE,,,en,1.0
February 2025,February 2025,DATE,,,en,1.0
July 2022,July 2022,DATE,,,en,1.0
two seasons,two seasons,DATE,,,en,1.0
as much as 80 millimetres,as much as 80 millimetres,QUANTITY,,,en,1.0
the coming decades,the coming decades,DATE,,,en,1.0
$30 billion,$30 billion,MONEY,,,en,1.0
centuries,centuries,DATE,,,en,1.0
One week later,One week later,DATE,,,en,1.0
Two weeks ago,Two weeks ago,DATE,,,en,1.0
as many years,as many years,DATE,,,en,1.0
Appalachian,Appalachian,NORP,-0.75,1.075,en,1.0
"More than 5,000","More than 5,000",CARDINAL,,,en,1.0
Ingham,Ingham,FAC,0.026315789473684213,0.2105263157894737,en,1.0
early Monday morning,early Monday morning,TIME,,,en,1.0
02/24/2025 - 03:00 AM,02/24/2025 - 03:00 AM,TIME,,,en,1.0
60mph,60mph,QUANTITY,,,en,1.0
Day 2025,Day 2025,DATE,,,en,1.0
the EXPLORE Act,the EXPLORE Act,LAW,,,en,1.0
+3863 chars,+3863 chars,WORK_OF_ART,,,en,1.0
124 mph,124 mph,QUANTITY,,,en,1.0
the Terminal Avenue,the Terminal Avenue,FAC,,,en,1.0
last 100 years,last 100 years,DATE,,,en,1.0
+2433,+2433,NORP,,,en,1.0
"APS-C.
Viltrox","APS-C.
Viltrox",PRODUCT,,,en,1.0
25mm,25mm,QUANTITY,,,en,1.0
$176 AF,$176 AF,MONEY,,,en,1.0
124 mp,124 mp,QUANTITY,,,en,1.0
200 kilometers per hour,200 kilometers per hour,QUANTITY,,,en,1.0
Feb. 26,Feb. 26,DATE,,,en,1.0
Opium War,Opium War,EVENT,,,en,1.0
Up to $50 million,Up to $50 million,MONEY,,,en,1.0
"November 8, 2018","November 8, 2018",DATE,,,en,1.0
08:52,08:52,TIME,,,en,1.0
South Australians,South Australians,NORP,,,en,1.0
"about 50,772 U.S. dollars","about 50,772 U.S. dollars",MONEY,,,en,1.0
"700,000 pula","700,000 pula",QUANTITY,,,en,1.0
Eight hours,Eight hours,TIME,,,en,1.0
"350,000","350,000",CARDINAL,,,en,1.0
March 6,March 6,DATE,,,en,1.0
March of 2020,March of 2020,DATE,,,en,1.0
midnight last night,midnight last night,TIME,,,en,1.0
100 per cent,100 per cent,MONEY,,,en,1.0
38,38,DATE,,,en,1.0
Almost 2,Almost 2,CARDINAL,,,en,1.0
Nhill,Nhill,NORP,0.0,0.0,en,1.0
200 millimetres,200 millimetres,QUANTITY,,,en,1.0
the earliest days,the earliest days,DATE,,,en,1.0
five years later,five years later,DATE,,,en,1.0
the end of the century,the end of the century,DATE,,,en,1.0
Sweet Dreams,Sweet Dreams,WORK_OF_ART,,,en,1.0
"March 7, 2025","March 7, 2025",DATE,,,en,1.0
373 miles,373 miles,QUANTITY,,,en,1.0
the minute,the minute,TIME,,,en,1.0
"more than 2,000 square miles","more than 2,000 square miles",QUANTITY,,,en,1.0
+9821 chars,+9821 chars,WORK_OF_ART,,,en,1.0
TC Alfred,TC Alfred,FAC,,,en,1.0
+12591,+12591,NORP,,,en,1.0
California Golf Course Faces Flooding Threat,California Golf Course Faces Flooding Threat,WORK_OF_ART,,,en,1.0
only nine,only nine,CARDINAL,,,en,1.0
1887,1887,DATE,,,en,1.0
This Weekend,This Weekend,DATE,,,en,1.0
Consentless,Consentless,WORK_OF_ART,,,en,1.0
14 March 2025,14 March 2025,DATE,,,en,1.0
the News,the News,WORK_OF_ART,,,en,1.0
Torrential Rain Triggers Tuscan Floods,Torrential Rain Triggers Tuscan Floods,WORK_OF_ART,,,en,1.0
+3814 chars,+3814 chars,WORK_OF_ART,,,en,1.0
Western Australian,Western Australian,NORP,,,en,1.0
wettest day,wettest day,DATE,,,en,1.0
the last year,the last year,DATE,,,en,1.0
More than 100 million,More than 100 million,CARDINAL,,,en,1.0
more than 100 million,more than 100 million,CARDINAL,,,en,1.0
over 100 million,over 100 million,CARDINAL,,,en,1.0
100 million,100 million,CARDINAL,,,en,1.0
about 14,about 14,CARDINAL,,,en,1.0
tenth,tenth,ORDINAL,,,en,1.0
the year 2044,the year 2044,DATE,,,en,1.0
Late winter,Late winter,DATE,,,en,1.0
+1325 chars,+1325 chars,WORK_OF_ART,,,en,1.0
+2012,+2012,NORP,,,en,1.0
Family Feud,Family Feud,WORK_OF_ART,,,en,1.0
a dozen,a dozen,CARDINAL,,,en,1.0
about 300 kilometres,about 300 kilometres,QUANTITY,,,en,1.0
a matter of hours,a matter of hours,TIME,,,en,1.0
six hours,six hours,TIME,,,en,1.0
more than 230 millimetres,more than 230 millimetres,QUANTITY,,,en,1.0
+1692,+1692,NORP,,,en,1.0
early March 2025,early March 2025,DATE,,,en,1.0
"More than 330,000","More than 330,000",CARDINAL,,,en,1.0
A Conveyor Belt of Storms,A Conveyor Belt of Storms,WORK_OF_ART,,,en,1.0
more than 2.5 million,more than 2.5 million,CARDINAL,,,en,1.0
+19546 chars,+19546 chars,WORK_OF_ART,,,en,1.0
More than 260mm,More than 260mm,QUANTITY,,,en,1.0
Argentinian,Argentinian,NORP,,,en,1.0
At least six,At least six,CARDINAL,,,en,1.0
"More than 122,000","More than 122,000",CARDINAL,,,en,1.0
March 8),March 8),DATE,,,en,1.0
Ex-Tropical Cyclone Alfred,Ex-Tropical Cyclone Alfred,PRODUCT,,,en,1.0
Union Square,Union Square,FAC,,,en,1.0
More than 260,More than 260,CARDINAL,,,en,1.0
+2252 chars,+2252 chars,WORK_OF_ART,,,en,1.0
More than a year,More than a year,DATE,,,en,1.0
More than a year'…,More than a year'…,DATE,,,en,1.0
03/10/2025 6:42:02 AM PDT,03/10/2025 6:42:02 AM PDT,MONEY,,,en,1.0
6:00 AM,6:00 AM,TIME,,,en,1.0
"more than 190,000","more than 190,000",CARDINAL,,,en,1.0
"190,000","190,000",CARDINAL,,,en,1.0
every day,every day,DATE,,,en,1.0
$9.2m,$9.2m,MONEY,,,en,1.0
About 300 millimetres,About 300 millimetres,QUANTITY,,,en,1.0
778,778,MONEY,,,en,1.0
March 8,March 8,DATE,,,en,1.0
late Sunday,late Sunday,DATE,,,en,1.0
Titans,Titans,NORP,,,en,1.0
"more than 210,000","more than 210,000",CARDINAL,,,en,1.0
Mar 10,Mar 10,DATE,,,en,1.0
Hurricane Andrew,Hurricane Andrew,EVENT,,,en,1.0
1992,1992,DATE,,,en,1.0
as high as 160 mph,as high as 160 mph,QUANTITY,,,en,1.0
More than 340,More than 340,CARDINAL,,,en,1.0
30 meter,30 meter,QUANTITY,,,en,1.0
Hurricane Erin Tracker Live Updates:,Hurricane Erin Tracker Live Updates:,EVENT,,,en,1.0
a 72 hour,a 72 hour,TIME,,,en,1.0
Over 350,Over 350,CARDINAL,,,en,1.0
more than 344,more than 344,CARDINAL,,,en,1.0
340,340,CARDINAL,,,en,1.0
August 17,August 17,DATE,,,en,1.0
the pieces months,the pieces months,DATE,,,en,1.0
Pakistanis,Pakistanis,NORP,,,en,1.0
mere days,mere days,DATE,,,en,1.0
5:56 p.m.,5:56 p.m.,TIME,,,en,1.0
at least 337,at least 337,CARDINAL,,,en,1.0
At least 337,At least 337,CARDINAL,,,en,1.0
at least 344,at least 344,CARDINAL,,,en,1.0
541,541,CARDINAL,,,en,1.0
The week ahead,The week ahead,DATE,,,en,1.0
+337 chars,+337 chars,WORK_OF_ART,,,en,1.0
277,277,CARDINAL,,,en,1.0
Hurricane Erin 2025,Hurricane Erin 2025,EVENT,,,en,1.0
At least 314,At least 314,CARDINAL,,,en,1.0
11:30 AM,11:30 AM,TIME,,,en,1.0
70 percent,70 percent,PERCENT,,,en,1.0
almost 400,almost 400,CARDINAL,,,en,1.0
Indians,Indians,NORP,,,en,1.0
Twenty,Twenty,CARDINAL,,,en,1.0
at least 360,at least 360,CARDINAL,,,en,1.0
August 2025,August 2025,DATE,,,en,1.0
84 hours,84 hours,TIME,,,en,1.0
130 mph,130 mph,QUANTITY,,,en,1.0
500 mm,500 mm,QUANTITY,,,en,1.0
84 hrs,84 hrs,TIME,,,en,1.0
lifestyl,lifestyl,NORP,,,en,1.0
about 360,about 360,CARDINAL,,,en,1.0
More than 600,More than 600,CARDINAL,,,en,1.0
Less Than a Week,Less Than a Week,DATE,,,en,1.0
the Rajouri-Poonch belt,the Rajouri-Poonch belt,FAC,,,en,1.0
comeAP News Flash,comeAP News Flash,FAC,,,en,1.0
Hurricane Erin Intensifies Offshore,Hurricane Erin Intensifies Offshore,EVENT,,,en,1.0
Gamescom Opening Night Live 2025,Gamescom Opening Night Live 2025,FAC,,,en,1.0
at least 60,at least 60,CARDINAL,,,en,1.0
almost 200,almost 200,CARDINAL,,,en,1.0
At least 164,At least 164,CARDINAL,,,en,1.0
at least 300,at least 300,CARDINAL,,,en,1.0
at least 176,at least 176,CARDINAL,,,en,1.0
170,170,CARDINAL,,,en,1.0
"some 1,600","some 1,600",CARDINAL,,,en,1.0
Nearly a decade,Nearly a decade,DATE,,,en,1.0
10:10 PM,10:10 PM,TIME,,,en,1.0
Hurricane Erin,Hurricane Erin,EVENT,,,en,1.0
"August 14, 2025","August 14, 2025",DATE,,,en,1.0
Hindu,Hindu,NORP,,,en,1.0
At least 44,At least 44,CARDINAL,,,en,1.0
Tropical Storm Podul,Tropical Storm Podul,PRODUCT,,,en,1.0
Tropical Cyclone Podul,Tropical Cyclone Podul,WORK_OF_ART,,,en,1.0
August 14,August 14,DATE,,,en,1.0
Cyclone Podul,Cyclone Podul,PRODUCT,,,en,1.0
at least 169,at least 169,CARDINAL,,,en,1.0
Mex,Mex,NORP,,,en,1.0
at least 220,at least 220,CARDINAL,,,en,1.0
the last day,the last day,DATE,,,en,1.0
220,220,CARDINAL,,,en,1.0
over 280,over 280,CARDINAL,,,en,1.0
the last 48 hours,the last 48 hours,TIME,,,en,1.0
more than 220,more than 220,CARDINAL,,,en,1.0
more than 540,more than 540,CARDINAL,,,en,1.0
More than 220,More than 220,CARDINAL,,,en,1.0
150 m,150 m,QUANTITY,,,en,1.0
AT LEAST 220,AT LEAST 220,CARDINAL,,,en,1.0
over 250,over 250,CARDINAL,,,en,1.0
Around 220,Around 220,CARDINAL,,,en,1.0
at least 321,at least 321,CARDINAL,,,en,1.0
monsoon seasons,monsoon seasons,DATE,,,en,1.0
One Day,One Day,DATE,,,en,1.0
Nearly 200,Nearly 200,CARDINAL,,,en,1.0
around 400,around 400,CARDINAL,,,en,1.0
at least 250,at least 250,CARDINAL,,,en,1.0
World Premieres,World Premieres,EVENT,,,en,1.0
70%,70%,PERCENT,,,en,1.0
Manali,Manali,PRODUCT,,,en,1.0
15 lakh,15 lakh,MONEY,,,en,1.0
the Trikuta hill,the Trikuta hill,FAC,,,en,1.0
"150,000","150,000",CARDINAL,,,en,1.0
the third consecutive day,the third consecutive day,DATE,,,en,1.0
+2655,+2655,NORP,,,en,1.0
Typhoon Death Toll Rises In Vietnam,Typhoon Death Toll Rises In Vietnam,EVENT,,,en,1.0
"nearly 7,000","nearly 7,000",CARDINAL,,,en,1.0
Rs 50 crore,Rs 50 crore,MONEY,,,en,1.0
August 26,August 26,DATE,,,en,1.0
more than a week ago,more than a week ago,DATE,,,en,1.0
+5852,+5852,NORP,,,en,1.0
"Aug. 18, 2025","Aug. 18, 2025",DATE,,,en,1.0
around 140 km/h,around 140 km/h,QUANTITY,,,en,1.0
Rajasthans,Rajasthans,NORP,,,en,1.0
0.0.47,0.0.47,CARDINAL,,,en,1.0
at least 750,at least 750,CARDINAL,,,en,1.0
June of this year,June of this year,DATE,,,en,1.0
Carnival Cruise Line,Carnival Cruise Line,PRODUCT,,,en,1.0
26 August 2025,26 August 2025,DATE,,,en,1.0
"more than 1,800","more than 1,800",CARDINAL,,,en,1.0
"Over 150,000","Over 150,000",CARDINAL,,,en,1.0
662,662,CARDINAL,,,en,1.0
about 180,about 180,CARDINAL,,,en,1.0
183,183,CARDINAL,,,en,1.0
February 1942,February 1942,DATE,,,en,1.0
WWII,WWII,EVENT,,,en,1.0
"over 5,000","over 5,000",CARDINAL,,,en,1.0
over a century,over a century,DATE,,,en,1.0
next 48 hours,next 48 hours,TIME,,,en,1.0
close to 300,close to 300,CARDINAL,,,en,1.0
1.5 lakh,1.5 lakh,MONEY,,,en,1.0
Aug 27,Aug 27,DATE,,,en,1.0
around 34,around 34,CARDINAL,,,en,1.0
Holocaust,Holocaust,EVENT,,,en,1.0
Auschwitz Memorial,Auschwitz Memorial,WORK_OF_ART,,,en,1.0
Early June,Early June,DATE,,,en,1.0
AI Holocaust,AI Holocaust,EVENT,,,en,1.0
the past six weeks,the past six weeks,DATE,,,en,1.0
13 inches,13 inches,QUANTITY,,,en,1.0
AccuWeather m,AccuWeather m,FAC,,,en,1.0
+3093 chars,+3093 chars,WORK_OF_ART,,,en,1.0
0.0.45,0.0.45,CARDINAL,,,en,1.0
22 million,22 million,CARDINAL,,,en,1.0
427,427,CARDINAL,,,en,1.0
26 June,26 June,DATE,,,en,1.0
706,706,CARDINAL,,,en,1.0
Aug 20,Aug 20,DATE,,,en,1.0
Flori… Hurricane Erin,Flori… Hurricane Erin,EVENT,,,en,1.0
Mithi,Mithi,NORP,,,en,1.0
the last weeks,the last weeks,DATE,,,en,1.0
half a decade,half a decade,DATE,,,en,1.0
every 10 years,every 10 years,DATE,,,en,1.0
The Secrets of Consulting,The Secrets of Consulting,WORK_OF_ART,,,en,1.0
two dozen,two dozen,CARDINAL,,,en,1.0
Panyijiar - Radio Tamazuj,Panyijiar - Radio Tamazuj,FAC,,,en,1.0
the start of July,the start of July,DATE,,,en,1.0
Stop Drugs From Flooding Into the US,Stop Drugs From Flooding Into the US,WORK_OF_ART,,,en,1.0
August 20,August 20,DATE,,,en,1.0
"August 20, 2025","August 20, 2025",DATE,,,en,1.0
August 9 and 10,August 9 and 10,DATE,,,en,1.0
08,08,DATE,,,en,1.0
Hurricane Erins,Hurricane Erins,EVENT,,,en,1.0
late Thursday night,late Thursday night,TIME,,,en,1.0
the Twin Towers Mall,the Twin Towers Mall,FAC,,,en,1.0
Aug. 21,Aug. 21,DATE,,,en,1.0
above 150,above 150,CARDINAL,,,en,1.0
August 22nd,August 22nd,DATE,,,en,1.0
126 years,126 years,DATE,,,en,1.0
"August 20, 2025
 ","August 20, 2025
 ",DATE,,,en,1.0
nearly 400,nearly 400,CARDINAL,,,en,1.0
"Jan. 10, 2024","Jan. 10, 2024",DATE,,,en,1.0
"more than 2,400","more than 2,400",CARDINAL,,,en,1.0
978,978,CARDINAL,,,en,1.0
the weeks ahead,the weeks ahead,DATE,,,en,1.0
at least 739,at least 739,CARDINAL,,,en,1.0
Duke,Duke,PRODUCT,,,en,1.0
4 lakh,4 lakh,MONEY,,,en,1.0
nearly 24 hours,nearly 24 hours,TIME,,,en,1.0
West Allis,West Allis,NORP,0.0,0.0,en,1.0
seven inches,seven inches,QUANTITY,,,en,1.0
Central Java,Central Java,NORP,0.14444444444444443,0.41111111111111115,en,1.0
+1904 chars,+1904 chars,WORK_OF_ART,,,en,1.0
July 30,July 30,DATE,,,en,1.0
37mm,37mm,QUANTITY,,,en,1.0
July 30th,July 30th,DATE,,,en,1.0
Intense Weather,Intense Weather,WORK_OF_ART,,,en,1.0
July 31,July 31,DATE,,,en,1.0
the Cross Island Parkway,the Cross Island Parkway,FAC,,,en,1.0
at least 138,at least 138,CARDINAL,,,en,1.0
another precious summer weekend,another precious summer weekend,DATE,,,en,1.0
+13495,+13495,NORP,,,en,1.0
+3733 chars,+3733 chars,WORK_OF_ART,,,en,1.0
about one-third,about one-third,CARDINAL,,,en,1.0
one-third,one-third,CARDINAL,,,en,1.0
Jamaica Station,Jamaica Station,FAC,,,en,1.0
the mid,the mid,DATE,,,en,1.0
+2002 chars,+2002 chars,WORK_OF_ART,,,en,1.0
2025-08-01,2025-08-01,DATE,,,en,1.0
"Nearly 200,000","Nearly 200,000",CARDINAL,,,en,1.0
at least 136,at least 136,CARDINAL,,,en,1.0
Double Hurricane,Double Hurricane,WORK_OF_ART,,,en,1.0
Cole Morris,Cole Morris,PRODUCT,,,en,1.0
One month,One month,DATE,,,en,1.0
2025 / 06:00 am,2025 / 06:00 am,TIME,,,en,1.0
Aug 4,Aug 4,DATE,,,en,1.0
"Monday, days","Monday, days",DATE,,,en,1.0
Several thousand,Several thousand,CARDINAL,,,en,1.0
Double Hurricane Disaster”In 2024,Double Hurricane Disaster”In 2024,WORK_OF_ART,,,en,1.0
more than a year's,more than a year's,DATE,,,en,1.0
+3790 chars,+3790 chars,WORK_OF_ART,,,en,1.0
"more than 5,900","more than 5,900",CARDINAL,,,en,1.0
the early hours of Monday,the early hours of Monday,TIME,,,en,1.0
"47,906","47,906",CARDINAL,,,en,1.0
"84,392","84,392",CARDINAL,,,en,1.0
402,402,CARDINAL,,,en,1.0
"more than 1,455","more than 1,455",CARDINAL,,,en,1.0
April 2022s,April 2022s,DATE,,,en,1.0
more than a decade ago,more than a decade ago,DATE,,,en,1.0
+4711 chars,+4711 chars,WORK_OF_ART,,,en,1.0
Benefit Concert,Benefit Concert,FAC,,,en,1.0
almost a years,almost a years,DATE,,,en,1.0
Rare Earths and Trump's,Rare Earths and Trump's,WORK_OF_ART,,,en,1.0
Adamawa,Adamawa,NORP,-0.32999999999999996,0.33,en,1.0
"5,560","5,560",CARDINAL,,,en,1.0
the Auckland Anniversary weekend,the Auckland Anniversary weekend,EVENT,,,en,1.0
"July 29, 2025","July 29, 2025",DATE,,,en,1.0
July 29,July 29,DATE,,,en,1.0
the Gajchi-Trishuli-Mailung-Syaphrubesi-Rasuwagadhi,the Gajchi-Trishuli-Mailung-Syaphrubesi-Rasuwagadhi,FAC,,,en,1.0
a handful of days,a handful of days,DATE,,,en,1.0
Chicago River,Chicago River,FAC,,,en,1.0
almost a year,almost a year,DATE,,,en,1.0
At least 38,At least 38,CARDINAL,,,en,1.0
JULY 05,JULY 05,DATE,,,en,1.0
"more than 38,000","more than 38,000",CARDINAL,,,en,1.0
a matter of days,a matter of days,DATE,,,en,1.0
"More than 80,000","More than 80,000",CARDINAL,,,en,1.0
at least 34,at least 34,CARDINAL,,,en,1.0
8.8,8.8,CARDINAL,,,en,1.0
Nepali,Nepali,NORP,,,en,1.0
550 million,550 million,CARDINAL,,,en,1.0
$1.1 billion,$1.1 billion,MONEY,,,en,1.0
US$77 million,US$77 million,MONEY,,,en,1.0
July 16 and August 17,July 16 and August 17,DATE,,,en,1.0
280 millimetres,280 millimetres,QUANTITY,,,en,1.0
August last year,August last year,DATE,,,en,1.0
1 year,1 year,DATE,,,en,1.0
Interstate 95,Interstate 95,FAC,,,en,1.0
as much as $135 million,as much as $135 million,MONEY,,,en,1.0
1.1B,1.1B,MONEY,,,en,1.0
+2118,+2118,NORP,,,en,1.0
approximately 2 AM,approximately 2 AM,TIME,,,en,1.0
"Wednesday, August 7th","Wednesday, August 7th",DATE,,,en,1.0
Rasuwa Flood Update:,Rasuwa Flood Update:,WORK_OF_ART,,,en,1.0
Detroit Metro Airport,Detroit Metro Airport,FAC,,,en,1.0
Tsunami,Tsunami,NORP,,,en,1.0
At Least 38,At Least 38,CARDINAL,,,en,1.0
+7934,+7934,NORP,,,en,1.0
Creve Coeur Park,Creve Coeur Park,FAC,,,en,1.0
every 12 days,every 12 days,DATE,,,en,1.0
at least three years,at least three years,DATE,,,en,1.0
12:20 a.m.,12:20 a.m.,TIME,,,en,1.0
more than 65,more than 65,CARDINAL,,,en,1.0
up to 14 inches,up to 14 inches,QUANTITY,,,en,1.0
Season 8,Season 8,DATE,,,en,1.0
Love Is Blind,Love Is Blind,WORK_OF_ART,,,en,1.0
‘Love Is Blind,‘Love Is Blind,WORK_OF_ART,,,en,1.0
holiday week,holiday week,DATE,,,en,1.0
Buddhist,Buddhist,NORP,,,en,1.0
Aug. 10,Aug. 10,DATE,,,en,1.0
thousand-year,thousand-year,DATE,,,en,1.0
Independence Day Hill Country,Independence Day Hill Country,EVENT,,,en,1.0
at least Tuesday morning,at least Tuesday morning,TIME,,,en,1.0
Rasuwa Floods:,Rasuwa Floods:,WORK_OF_ART,,,en,1.0
98 Crores,98 Crores,MONEY,,,en,1.0
FPS,FPS,NORP,,,en,1.0
"330,000","330,000",CARDINAL,,,en,1.0
the next couple of days,the next couple of days,DATE,,,en,1.0
this past weekend's,this past weekend's,DATE,,,en,1.0
Tropical Storm Wipha,Tropical Storm Wipha,PRODUCT,,,en,1.0
two-week,two-week,DATE,,,en,1.0
late Tuesday evening,late Tuesday evening,TIME,,,en,1.0
8/13,8/13,CARDINAL,,,en,1.0
first August,first August,DATE,,,en,1.0
just four hours,just four hours,TIME,,,en,1.0
more than six inches,more than six inches,QUANTITY,,,en,1.0
AUGUST 13,AUGUST 13,DATE,,,en,1.0
Kern Place,Kern Place,FAC,,,en,1.0
Aug. 12,Aug. 12,DATE,,,en,1.0
several miles,several miles,QUANTITY,,,en,1.0
late-July,late-July,DATE,,,en,1.0
last season,last season,DATE,,,en,1.0
2022/23,2022/23,DATE,,,en,1.0
season-long,season-long,DATE,,,en,1.0
Toffees,Toffees,PRODUCT,,,en,1.0
early on the morning,early on the morning,TIME,,,en,1.0
+1696,+1696,NORP,,,en,1.0
+3152 chars,+3152 chars,WORK_OF_ART,,,en,1.0
2025-08-09,2025-08-09,DATE,,,en,1.0
Sunamganj,Sunamganj,NORP,,,en,1.0
Preparing,Preparing,WORK_OF_ART,,,en,1.0
13.8 inches,13.8 inches,QUANTITY,,,en,1.0
sixty-three,sixty-three,CARDINAL,,,en,1.0
Summer 2025,Summer 2025,DATE,,,en,1.0
Nov. 5,Nov. 5,DATE,,,en,1.0
Latvian,Latvian,NORP,,,en,1.0
Aug. 5,Aug. 5,DATE,,,en,1.0
roughly 600,roughly 600,CARDINAL,,,en,1.0
over 140 years,over 140 years,DATE,,,en,1.0
More than 350mm,More than 350mm,CARDINAL,,,en,1.0
"2,396","2,396",CARDINAL,,,en,1.0
1884,1884,DATE,,,en,1.0
3-4 inches,3-4 inches,QUANTITY,,,en,1.0
the past 4-6 hours,the past 4-6 hours,DATE,,,en,1.0
June-September,June-September,DATE,,,en,1.0
Dharali - Copyright Uttarakhand's,Dharali - Copyright Uttarakhand's,LAW,,,en,1.0
the Hong Kong Observatory,the Hong Kong Observatory,FAC,,,en,1.0
About 356 millimeters,About 356 millimeters,QUANTITY,,,en,1.0
more than twenty,more than twenty,CARDINAL,,,en,1.0
$4.7 Million,$4.7 Million,MONEY,,,en,1.0
$4.7 million,$4.7 million,MONEY,,,en,1.0
several more days,several more days,DATE,,,en,1.0
The Battlefield 6,The Battlefield 6,WORK_OF_ART,,,en,1.0
Aug 8),Aug 8),DATE,,,en,1.0
August 7,August 7,DATE,,,en,1.0
+6702,+6702,NORP,,,en,1.0
the next 15 years,the next 15 years,DATE,,,en,1.0
"over 80,000","over 80,000",CARDINAL,,,en,1.0
39%,39%,PERCENT,,,en,1.0
Spring Hope,Spring Hope,FAC,,,en,1.0
5 days,5 days,DATE,,,en,1.0
The Year Of The Flood,The Year Of The Flood,WORK_OF_ART,,,en,1.0
Fort Stewart,Fort Stewart,FAC,,,en,1.0
Dharali,Dharali,NORP,,,en,1.0
almost a hundred,almost a hundred,CARDINAL,,,en,1.0
Aug 6,Aug 6,DATE,,,en,1.0
Interstate 10,Interstate 10,FAC,,,en,1.0
July - September 2025,July - September 2025,DATE,,,en,1.0
"Some 200,000","Some 200,000",CARDINAL,,,en,1.0
the past 100-plus years,the past 100-plus years,DATE,,,en,1.0
Love Island USA,Love Island USA,WORK_OF_ART,,,en,1.0
Storm Babet,Storm Babet,FAC,-0.5263157894736842,0.5263157894736842,en,1.0
Storm Babet Homeowners,Storm Babet Homeowners,WORK_OF_ART,,,en,1.0
Only 334,Only 334,CARDINAL,,,en,1.0
a year of…,a year of…,DATE,,,en,1.0
four m,four m,QUANTITY,,,en,1.0
between 2008,between 2008,DATE,,,en,1.0
million-rupee,million-rupee,MONEY,,,en,1.0
"Monday, September 22","Monday, September 22",DATE,,,en,1.0
a record $1.2 trillion,a record $1.2 trillion,MONEY,,,en,1.0
Potato Canyon,Potato Canyon,FAC,,,en,1.0
Cal Fire,Cal Fire,FAC,,,en,1.0
more than 4 million tonnes,more than 4 million tonnes,QUANTITY,,,en,1.0
5–7%,5–7%,PERCENT,,,en,1.0
8–10%,8–10%,PERCENT,,,en,1.0
less than 1 percent,less than 1 percent,PERCENT,,,en,1.0
another two hours,another two hours,TIME,,,en,1.0
almost two years ago,almost two years ago,DATE,,,en,1.0
Highway 38,Highway 38,FAC,,,en,1.0
Last year's,Last year's,DATE,,,en,1.0
the Koshi Highway,the Koshi Highway,FAC,,,en,1.0
Beaver Stadium,Beaver Stadium,FAC,,,en,1.0
the past two years,the past two years,DATE,,,en,1.0
"1,100 gas meters","1,100 gas meters",QUANTITY,,,en,1.0
Hurricane Imelda,Hurricane Imelda,EVENT,,,en,1.0
the Ryder Cup,the Ryder Cup,EVENT,,,en,1.0
more than €200,more than €200,MONEY,,,en,1.0
Spam Filter,Spam Filter,PRODUCT,,,en,1.0
+1638,+1638,NORP,,,en,1.0
+3895,+3895,NORP,,,en,1.0
around 60,around 60,CARDINAL,,,en,1.0
York Street,York Street,FAC,,,en,1.0
Enford Street,Enford Street,FAC,,,en,1.0
Around 2 Million,Around 2 Million,CARDINAL,,,en,1.0
early in the month of July,early in the month of July,DATE,,,en,1.0
$2.5 million,$2.5 million,MONEY,,,en,1.0
Sep 24).Taiwan,Sep 24).Taiwan,DATE,,,en,1.0
Univ,Univ,PRODUCT,,,en,1.0
every 2 years,every 2 years,DATE,,,en,1.0
about 88 miles,about 88 miles,QUANTITY,,,en,1.0
A$611 billion,A$611 billion,MONEY,,,en,1.0
The Flood Will Come,The Flood Will Come,WORK_OF_ART,,,en,1.0
Bank Road,Bank Road,FAC,,,en,1.0
Ward 6,Ward 6,FAC,,,en,1.0
3 degrees,3 degrees,QUANTITY,,,en,1.0
2090,2090,CARDINAL,,,en,1.0
A$770 billion,A$770 billion,MONEY,,,en,1.0
US$406 billion,US$406 billion,MONEY,,,en,1.0
Sep 15,Sep 15,DATE,,,en,1.0
"The Non-Consumer Advocate
","The Non-Consumer Advocate
",LAW,,,en,1.0
1.5 Million,1.5 Million,CARDINAL,,,en,1.0
Six Flags Mexico,Six Flags Mexico,WORK_OF_ART,,,en,1.0
"Monday, 15th September 2025","Monday, 15th September 2025",DATE,,,en,1.0
later this month,later this month,DATE,,,en,1.0
Engineer's Day,Engineer's Day,EVENT,,,en,1.0
"September 15, 2025","September 15, 2025",DATE,,,en,1.0
15th September 2025 school holiday,15th September 2025 school holiday,DATE,,,en,1.0
July 28th,July 28th,DATE,,,en,1.0
18:00 BST,18:00 BST,TIME,,,en,1.0
nearly every day,nearly every day,DATE,,,en,1.0
51%,51%,PERCENT,,,en,1.0
"More than 1,500","More than 1,500",CARDINAL,,,en,1.0
"at least 1,000","at least 1,000",CARDINAL,,,en,1.0
Would You Drop Insurance,Would You Drop Insurance,WORK_OF_ART,,,en,1.0
+3406,+3406,CARDINAL,,,en,1.0
A week and a half ago,A week and a half ago,DATE,,,en,1.0
a week of …,a week of …,DATE,,,en,1.0
Fighting Fraud and Finding Trust,Fighting Fraud and Finding Trust,WORK_OF_ART,,,en,1.0
Bali Floods,Bali Floods,WORK_OF_ART,,,en,1.0
Auckland Airport,Auckland Airport,FAC,,,en,1.0
the entire month of September,the entire month of September,DATE,,,en,1.0
more than 300 millimetres,more than 300 millimetres,QUANTITY,,,en,1.0
the first few days,the first few days,DATE,,,en,1.0
0.0.49,0.0.49,DATE,,,en,1.0
+1971,+1971,NORP,,,en,1.0
Bailey bridge,Bailey bridge,FAC,,,en,1.0
Anganwadi centres,Anganwadi centres,FAC,,,en,1.0
"about 7,250","about 7,250",CARDINAL,,,en,1.0
+2642 chars,+2642 chars,WORK_OF_ART,,,en,1.0
"over 200,000","over 200,000",CARDINAL,,,en,1.0
At least 170,At least 170,CARDINAL,,,en,1.0
Storm Amy,Storm Amy,FAC,,,en,1.0
more than 30 hours,more than 30 hours,TIME,,,en,1.0
Dowber Gill Passage,Dowber Gill Passage,FAC,,,en,1.0
+1362 chars,+1362 chars,WORK_OF_ART,,,en,1.0
months-long,months-long,DATE,,,en,1.0
"nearly 30,000","nearly 30,000",CARDINAL,,,en,1.0
About 170,About 170,CARDINAL,,,en,1.0
+3295 chars,+3295 chars,WORK_OF_ART,,,en,1.0
Twenty-three,Twenty-three,CARDINAL,,,en,1.0
Il,Il,WORK_OF_ART,,,en,1.0
Thirty-five,Thirty-five,CARDINAL,,,en,1.0
Just over six months,Just over six months,DATE,,,en,1.0
Pontian,Pontian,NORP,-0.05555555555555556,0.05555555555555556,en,1.0
1955,1955,DATE,,,en,1.0
late afternoon,late afternoon,TIME,,,en,1.0
the Blue Ridge Mountains,the Blue Ridge Mountains,FAC,,,en,1.0
West Bengal,West Bengal,NORP,0.0,0.0,en,1.0
five lakh,five lakh,MONEY,,,en,1.0
one-year anniversary,one-year anniversary,DATE,,,en,1.0
the Grasberg Block Cave,the Grasberg Block Cave,FAC,,,en,1.0
last season's,last season's,DATE,,,en,1.0
8 million,8 million,CARDINAL,,,en,1.0
+2724 chars,+2724 chars,WORK_OF_ART,,,en,1.0
At Least 50,At Least 50,CARDINAL,,,en,1.0
1:00 PM,1:00 PM,TIME,,,en,1.0
Russias,Russias,NORP,,,en,1.0
one m,one m,QUANTITY,,,en,1.0
"approximately 800,000 tons","approximately 800,000 tons",QUANTITY,,,en,1.0
day 9,day 9,DATE,,,en,1.0
a Year of Disruptions,a Year of Disruptions,DATE,,,en,1.0
Monsoon 2025,Monsoon 2025,EVENT,,,en,1.0
+4917 chars,+4917 chars,WORK_OF_ART,,,en,1.0
Karnak Temple,Karnak Temple,FAC,,,en,1.0
"3,000 years","3,000 years",DATE,,,en,1.0
over $1 trillion,over $1 trillion,MONEY,,,en,1.0
quarterly,quarterly,DATE,,,en,1.0
the recent morning,the recent morning,TIME,,,en,1.0
We Are Not,We Are Not,WORK_OF_ART,,,en,1.0
September 30,September 30,DATE,,,en,1.0
+4619 chars,+4619 chars,WORK_OF_ART,,,en,1.0
up to 10,up to 10,CARDINAL,,,en,1.0
June to September,June to September,DATE,,,en,1.0
2 billion,2 billion,CARDINAL,,,en,1.0
hundreds and displaced millions,hundreds and displaced millions,MONEY,,,en,1.0
More than 30cm,More than 30cm,CARDINAL,,,en,1.0
Videos Typhoon,Videos Typhoon,FAC,,,en,1.0
"about 1,000","about 1,000",CARDINAL,,,en,1.0
particip,particip,WORK_OF_ART,,,en,1.0
the year to date,the year to date,DATE,,,en,1.0
1986,1986,DATE,,,en,1.0
251 mm,251 mm,QUANTITY,,,en,1.0
A single night,A single night,TIME,,,en,1.0
two lakh hectares,two lakh hectares,QUANTITY,,,en,1.0
around 5 lakh acres,around 5 lakh acres,MONEY,,,en,1.0
133 kph,133 kph,QUANTITY,,,en,1.0
30 September,30 September,DATE,,,en,1.0
more than 30 centimeters,more than 30 centimeters,QUANTITY,,,en,1.0
239mm,239mm,QUANTITY,,,en,1.0
between October 3 and 7,between October 3 and 7,DATE,,,en,1.0
"317,500","317,500",MONEY,,,en,1.0
October 4-7,October 4-7,DATE,,,en,1.0
30-acre,30-acre,CARDINAL,,,en,1.0
the National Hurricane...,the National Hurricane...,EVENT,,,en,1.0
wet weekend,wet weekend,DATE,,,en,1.0
the early evening,the early evening,TIME,,,en,1.0
the early hours of the morning,the early hours of the morning,TIME,,,en,1.0
more than $6.4 million,more than $6.4 million,MONEY,,,en,1.0
more than $6.1 million,more than $6.1 million,MONEY,,,en,1.0
Ibiza airport,Ibiza airport,FAC,,,en,1.0
Sept. 30,Sept. 30,DATE,,,en,1.0
$6.4 million,$6.4 million,MONEY,,,en,1.0
At Least 170,At Least 170,CARDINAL,,,en,1.0
$303 Million,$303 Million,MONEY,,,en,1.0
+18258 chars,+18258 chars,WORK_OF_ART,,,en,1.0
105.4mm,105.4mm,QUANTITY,,,en,1.0
168.3mm,168.3mm,QUANTITY,,,en,1.0
[+1902 chars,[+1902 chars,WORK_OF_ART,,,en,1.0
One afternoon,One afternoon,TIME,,,en,1.0
Unscientifi…,Unscientifi…,NORP,,,en,1.0
Sunday nights,Sunday nights,DATE,,,en,1.0
Gurugram,Gurugram,PRODUCT,,,en,1.0
as a few hours,as a few hours,TIME,,,en,1.0
148 million,148 million,CARDINAL,,,en,1.0
the busiest travel days,the busiest travel days,DATE,,,en,1.0
on Labor Day,on Labor Day,DATE,,,en,1.0
2025-09-01,2025-09-01,DATE,,,en,1.0
more than 9,more than 9,CARDINAL,,,en,1.0
6.0,6.0,CARDINAL,,,en,1.0
two to three feet,two to three feet,QUANTITY,,,en,1.0
More than 800,More than 800,CARDINAL,,,en,1.0
Aug 31,Aug 31,DATE,,,en,1.0
Yemeni,Yemeni,NORP,,,en,1.0
early August,early August,DATE,,,en,1.0
Aug. 31,Aug. 31,DATE,,,en,1.0
Yemenis,Yemenis,NORP,,,en,1.0
Sunday through noon Monday,Sunday through noon Monday,TIME,,,en,1.0
four-hour,four-hour,TIME,,,en,1.0
June 2025,June 2025,DATE,,,en,1.0
Two million,Two million,CARDINAL,,,en,1.0
Sep 02,Sep 02,DATE,,,en,1.0
Climate Resilient Coasts,Climate Resilient Coasts,PRODUCT,,,en,1.0
every winter,every winter,DATE,,,en,1.0
75 mph,75 mph,QUANTITY,,,en,1.0
2025-09-03 10:00:00,2025-09-03 10:00:00,DATE,,,en,1.0
Sept…,Sept…,DATE,,,en,1.0
Yoruba,Yoruba,NORP,,,en,1.0
"2025


","2025


",QUANTITY,,,en,1.0
"more than 354,000","more than 354,000",CARDINAL,,,en,1.0
"Sep 02, 2025","Sep 02, 2025",DATE,,,en,1.0
"More than 350,000","More than 350,000",CARDINAL,,,en,1.0
1988,1988,DATE,,,en,1.0
"More than 354,000","More than 354,000",CARDINAL,,,en,1.0
"Superfunktional Soda""","Superfunktional Soda""",PRODUCT,,,en,1.0
205.75,205.75,CARDINAL,,,en,1.0
Old Railway Bridge,Old Railway Bridge,FAC,,,en,1.0
06:49:54,06:49:54,TIME,,,en,1.0
Labor Day,Labor Day,DATE,,,en,1.0
the end of this week,the end of this week,DATE,,,en,1.0
"Houston Flood Tunnels Are Misleading, Experts Say","Houston Flood Tunnels Are Misleading, Experts Say",FAC,,,en,1.0
Algiers,Algiers,NORP,,,en,1.0
Grand Trunk Road,Grand Trunk Road,FAC,,,en,1.0
the next 30 days,the next 30 days,DATE,,,en,1.0
+10440 chars,+10440 chars,WORK_OF_ART,,,en,1.0
Sikh,Sikh,NORP,,,en,1.0
July 8,July 8,DATE,,,en,1.0
Hurricane K,Hurricane K,EVENT,,,en,1.0
20 years later,20 years later,DATE,,,en,1.0
2005,2005,DATE,,,en,1.0
Hundred,Hundred,CARDINAL,,,en,1.0
Katrina,Katrina,EVENT,0.0,0.0,en,1.0
$760M,$760M,MONEY,,,en,1.0
"several northe… HANOI,","several northe… HANOI,",DATE,,,en,1.0
post-Katrina,post-Katrina,EVENT,,,en,1.0
81 years,81 years,DATE,,,en,1.0
Aug. 26,Aug. 26,DATE,,,en,1.0
81 years ago,81 years ago,DATE,,,en,1.0
as more than a million,as more than a million,CARDINAL,,,en,1.0
Friday morning,Friday morning,TIME,,,en,1.0
more than 2 million,more than 2 million,CARDINAL,,,en,1.0
Labor Day weekend,Labor Day weekend,DATE,,,en,1.0
More than 2 million,More than 2 million,CARDINAL,,,en,1.0
wetter September,wetter September,DATE,,,en,1.0
Bush Airport,Bush Airport,FAC,,,en,1.0
"nearly 500,000","nearly 500,000",CARDINAL,,,en,1.0
KwaZulu,KwaZulu,NORP,,,en,1.0
Aug 30,Aug 30,DATE,,,en,1.0
Nearly half a million,Nearly half a million,CARDINAL,,,en,1.0
20 years ago,20 years ago,DATE,,,en,1.0
almost 40 years,almost 40 years,DATE,,,en,1.0
Disney World,Disney World,WORK_OF_ART,,,en,1.0
Tuesday 2,Tuesday 2,DATE,,,en,1.0
"1,700","1,700",CARDINAL,,,en,1.0
Twenty-two,Twenty-two,CARDINAL,,,en,1.0
38 years,38 years,DATE,,,en,1.0
almost 40 yrs,almost 40 yrs,DATE,,,en,1.0
ISLAMABAD,ISLAMABAD,NORP,0.014393939393939384,0.2674242424242424,en,1.0
"Watersheds
Flooding","Watersheds
Flooding",PRODUCT,,,en,1.0
the other night,the other night,TIME,,,en,1.0
around 3 a.m.,around 3 a.m.,TIME,,,en,1.0
9/10/2025,9/10/2025,DATE,,,en,1.0
the second day,the second day,DATE,,,en,1.0
Nov.,Nov.,DATE,,,en,1.0
More Than 1 Million,More Than 1 Million,CARDINAL,,,en,1.0
September 27,September 27,DATE,,,en,1.0
more than a quarter,more than a quarter,DATE,,,en,1.0
Twenty years,Twenty years,DATE,,,en,1.0
1976,1976,DATE,,,en,1.0
destroyed thousands of acres,destroyed thousands of acres,CARDINAL,,,en,1.0
just one hour,just one hour,TIME,,,en,1.0
four million,four million,CARDINAL,,,en,1.0
this past week,this past week,DATE,,,en,1.0
"September 8, 2025","September 8, 2025",DATE,,,en,1.0
about 600,about 600,CARDINAL,,,en,1.0
the Pacific War,the Pacific War,EVENT,,,en,1.0
136,136,CARDINAL,,,en,1.0
1942,1942,DATE,,,en,1.0
Twelve centimeters,Twelve centimeters,QUANTITY,,,en,1.0
Sultanah Aminah Hospital,Sultanah Aminah Hospital,FAC,,,en,1.0
FEEEEEEEE,FEEEEEEEE,WORK_OF_ART,,,en,1.0
Bali Floods:,Bali Floods:,WORK_OF_ART,,,en,1.0
good days,good days,DATE,,,en,1.0
Iced Capp,Iced Capp,PRODUCT,,,en,1.0
a… A century ago,a… A century ago,DATE,,,en,1.0
A century ago,A century ago,DATE,,,en,1.0
11:06 AM,11:06 AM,TIME,,,en,1.0
"September 12, 2025","September 12, 2025",DATE,,,en,1.0
JAKARTA,JAKARTA,WORK_OF_ART,0.030357142857142857,0.19999999999999998,en,1.0
"News On Japan) -
 ","News On Japan) -
 ",WORK_OF_ART,,,en,1.0
nearly a third,nearly a third,CARDINAL,,,en,1.0
Sep 12,Sep 12,DATE,,,en,1.0
September 12,September 12,DATE,,,en,1.0
+1909,+1909,NORP,,,en,1.0
more than $2 million,more than $2 million,MONEY,,,en,1.0
nearly $3 million,nearly $3 million,MONEY,,,en,1.0
nearly $3M,nearly $3M,MONEY,,,en,1.0
28%,28%,PERCENT,,,en,1.0
+3659,+3659,NORP,,,en,1.0
months ago,months ago,DATE,,,en,1.0
a potentially hazardous week,a potentially hazardous week,DATE,,,en,1.0
More than half a million,More than half a million,CARDINAL,,,en,1.0
around 11 inches,around 11 inches,QUANTITY,,,en,1.0
National Oceanic,National Oceanic,WORK_OF_ART,,,en,1.0
the past day,the past day,DATE,,,en,1.0
about a day,about a day,DATE,,,en,1.0
two months ago,two months ago,DATE,,,en,1.0
More than half,More than half,CARDINAL,,,en,1.0
Pakis,Pakis,NORP,,,en,1.0
24-48 hours,24-48 hours,TIME,,,en,1.0
Floridians,Floridians,NORP,,,en,1.0
1.8 million,1.8 million,CARDINAL,,,en,1.0
4 am,4 am,TIME,,,en,1.0
Hurricanes Kiko,Hurricanes Kiko,EVENT,,,en,1.0
"1,500 miles","1,500 miles",QUANTITY,,,en,1.0
+1691 chars,+1691 chars,WORK_OF_ART,,,en,1.0
+2987 chars,+2987 chars,WORK_OF_ART,,,en,1.0
Kashmere Gate,Kashmere Gate,FAC,,,en,1.0
about 12 inches,about 12 inches,QUANTITY,,,en,1.0
+3025 chars,+3025 chars,WORK_OF_ART,,,en,1.0
driest summer,driest summer,DATE,,,en,1.0
What We Want from the President Is Very Simple,What We Want from the President Is Very Simple,WORK_OF_ART,,,en,1.0
River Des Peres,River Des Peres,FAC,,,en,1.0
20250906,20250906,CARDINAL,,,en,1.0
September 6,September 6,DATE,,,en,1.0
Sept. 6,Sept. 6,DATE,,,en,1.0
"September 5, 2025","September 5, 2025",DATE,,,en,1.0
Four million,Four million,CARDINAL,,,en,1.0
devastat,devastat,WORK_OF_ART,,,en,1.0
"Sunday, days","Sunday, days",DATE,,,en,1.0
Bad Girl',Bad Girl',WORK_OF_ART,,,en,1.0
48,48,CARDINAL,,,en,1.0
between Friday and Saturday,between Friday and Saturday,DATE,,,en,1.0
Over 25 million,Over 25 million,CARDINAL,,,en,1.0
Chandigarh:,Chandigarh:,WORK_OF_ART,,,en,1.0
between July 1 and September 5,between July 1 and September 5,DATE,,,en,1.0
11.70 billion cubic meters,11.70 billion cubic meters,QUANTITY,,,en,1.0
"80,000","80,000",CARDINAL,,,en,1.0
11.8 inches,11.8 inches,QUANTITY,,,en,1.0
up to 300mm,up to 300mm,QUANTITY,,,en,1.0
between 10-20 inches,between 10-20 inches,TIME,,,en,1.0
4:03 a.m.,4:03 a.m.,TIME,,,en,1.0
At least 43,At least 43,CARDINAL,,,en,1.0
almost two days,almost two days,DATE,,,en,1.0
Twenty-seven,Twenty-seven,CARDINAL,,,en,1.0
Calvary Temple Church,Calvary Temple Church,FAC,,,en,1.0
07/05/2025 10:19:33 PM PDT,07/05/2025 10:19:33 PM PDT,TIME,,,en,1.0
+1845 chars,+1845 chars,WORK_OF_ART,,,en,1.0
More than 2 dozen,More than 2 dozen,CARDINAL,,,en,1.0
At Least 59,At Least 59,CARDINAL,,,en,1.0
More than 25,More than 25,CARDINAL,,,en,1.0
More Than 20,More Than 20,CARDINAL,,,en,1.0
Copyright ©2025,Copyright ©2025,WORK_OF_ART,,,en,1.0
30 miles,30 miles,QUANTITY,,,en,1.0
At least 2 dozen,At least 2 dozen,CARDINAL,,,en,1.0
just 45 minutes,just 45 minutes,TIME,,,en,1.0
eight metres,eight metres,QUANTITY,,,en,1.0
Hours,Hours,TIME,,,en,1.0
around 27,around 27,CARDINAL,,,en,1.0
+80 chars,+80 chars,WORK_OF_ART,,,en,1.0
just 10 minutes,just 10 minutes,TIME,,,en,1.0
20 to 26 feet,20 to 26 feet,QUANTITY,,,en,1.0
Shakira,Shakira,EVENT,,,en,1.0
"Saturday, July 5","Saturday, July 5",DATE,,,en,1.0
At least 68,At least 68,CARDINAL,,,en,1.0
at least 69,at least 69,CARDINAL,,,en,1.0
30 feet,30 feet,QUANTITY,,,en,1.0
the Independence Day weekend,the Independence Day weekend,EVENT,,,en,1.0
$1.5 million,$1.5 million,MONEY,,,en,1.0
At least 59,At least 59,CARDINAL,,,en,1.0
Houston Texans,Houston Texans,NORP,-0.325,0.5874999999999999,en,1.0
At least 70,At least 70,CARDINAL,,,en,1.0
Prayers,Prayers,WORK_OF_ART,,,en,1.0
at least 67,at least 67,CARDINAL,,,en,1.0
"500,000","500,000",MONEY,,,en,1.0
"$500,000","$500,000",MONEY,,,en,1.0
the Fourth of July holiday weekend,the Fourth of July holiday weekend,DATE,,,en,1.0
Nine-year-old,Nine-year-old,DATE,,,en,1.0
7 inches,7 inches,QUANTITY,,,en,1.0
this Fourth of July,this Fourth of July,DATE,,,en,1.0
45 minutes,45 minutes,TIME,,,en,1.0
Two Dozen,Two Dozen,CARDINAL,,,en,1.0
+2307 chars,+2307 chars,WORK_OF_ART,,,en,1.0
750,750,CARDINAL,,,en,1.0
century-old,century-old,DATE,,,en,1.0
+182 chars,+182 chars,WORK_OF_ART,,,en,1.0
7.9m,7.9m,QUANTITY,,,en,1.0
26 feet,26 feet,QUANTITY,,,en,1.0
Independence Day,Independence Day,DATE,,,en,1.0
the Fourth of July holiday,the Fourth of July holiday,DATE,,,en,1.0
237,237,CARDINAL,,,en,1.0
About 23,About 23,CARDINAL,,,en,1.0
about 23,about 23,CARDINAL,,,en,1.0
Thirteen,Thirteen,CARDINAL,,,en,1.0
up to five weeks,up to five weeks,DATE,,,en,1.0
28 July,28 July,DATE,,,en,1.0
65,65,CARDINAL,,,en,1.0
the middle of the night,the middle of the night,TIME,,,en,1.0
another two dozen,another two dozen,CARDINAL,,,en,1.0
1:18 p.m.,1:18 p.m.,TIME,,,en,1.0
20 miles,20 miles,QUANTITY,,,en,1.0
07/05/2025 12:18:22,07/05/2025 12:18:22,TIME,,,en,1.0
early Friday m,early Friday m,TIME,,,en,1.0
only four hours,only four hours,TIME,,,en,1.0
+8638,+8638,NORP,,,en,1.0
Fourth of July weekend,Fourth of July weekend,DATE,,,en,1.0
At least 27,At least 27,CARDINAL,,,en,1.0
the last 25 years,the last 25 years,DATE,,,en,1.0
Around two dozen,Around two dozen,CARDINAL,,,en,1.0
about 2 dozen,about 2 dozen,CARDINAL,,,en,1.0
at least 43,at least 43,CARDINAL,,,en,1.0
more than two dozen,more than two dozen,CARDINAL,,,en,1.0
Storm Chantal,Storm Chantal,WORK_OF_ART,,,en,1.0
an already active season,an already active season,DATE,,,en,1.0
20 summer,20 summer,DATE,,,en,1.0
some 25,some 25,CARDINAL,,,en,1.0
around 25,around 25,CARDINAL,,,en,1.0
+5013 chars,+5013 chars,WORK_OF_ART,,,en,1.0
at least 28,at least 28,CARDINAL,,,en,1.0
"some 5,600","some 5,600",CARDINAL,,,en,1.0
Last Friday's,Last Friday's,DATE,,,en,1.0
the fifth day,the fifth day,DATE,,,en,1.0
Waikīkī,Waikīkī,NORP,,,en,1.0
more than 1,more than 1,CARDINAL,,,en,1.0
"July 5, 2025","July 5, 2025",DATE,,,en,1.0
| Morning,| Morning,TIME,,,en,1.0
nearly 26 feet,nearly 26 feet,QUANTITY,,,en,1.0
just 45 minutes early Friday morning,just 45 minutes early Friday morning,TIME,,,en,1.0
Last 25 Years,Last 25 Years,DATE,,,en,1.0
at least 109,at least 109,CARDINAL,,,en,1.0
July 4 2025,July 4 2025,DATE,,,en,1.0
FM 1431,FM 1431,FAC,,,en,1.0
This past weekend,This past weekend,DATE,,,en,1.0
an estimated $18 billion to $22 billion,an estimated $18 billion to $22 billion,MONEY,,,en,1.0
at least 104,at least 104,CARDINAL,,,en,1.0
2025-07-07,2025-07-07,DATE,,,en,1.0
At least 95,At least 95,CARDINAL,,,en,1.0
a fifth day,a fifth day,DATE,,,en,1.0
more than 25 feet,more than 25 feet,QUANTITY,,,en,1.0
the July 4 weekend,the July 4 weekend,DATE,,,en,1.0
two or three dozen,two or three dozen,CARDINAL,,,en,1.0
the Miteri Bridge,the Miteri Bridge,FAC,,,en,1.0
July 8),July 8),DATE,,,en,1.0
8 July,8 July,DATE,,,en,1.0
15 feet,15 feet,QUANTITY,,,en,1.0
Flash Flood Alley,Flash Flood Alley,FAC,,,en,1.0
the early morning hours,the early morning hours,TIME,,,en,1.0
2 days,2 days,DATE,,,en,1.0
the July Fourth weekend,the July Fourth weekend,DATE,,,en,1.0
early July 2025,early July 2025,DATE,,,en,1.0
More than 160,More than 160,CARDINAL,,,en,1.0
161,161,CARDINAL,,,en,1.0
only have hours,only have hours,TIME,,,en,1.0
07/08/2025 11:58:22 AM PDT,07/08/2025 11:58:22 AM PDT,TIME,,,en,1.0
FloodsNewsBusters,FloodsNewsBusters,NORP,,,en,1.0
anti-American,anti-American,NORP,,,en,1.0
Lefty,Lefty,NORP,,,en,1.0
$3.5M,$3.5M,MONEY,,,en,1.0
Hurricane Harvey,Hurricane Harvey,EVENT,,,en,1.0
At least 78,At least 78,CARDINAL,,,en,1.0
Nearly 80,Nearly 80,CARDINAL,,,en,1.0
+9284 chars,+9284 chars,WORK_OF_ART,,,en,1.0
about 26 feet,about 26 feet,QUANTITY,,,en,1.0
More than 80,More than 80,CARDINAL,,,en,1.0
True Hero,True Hero,WORK_OF_ART,,,en,1.0
The worst day,The worst day,DATE,,,en,1.0
almost every week,almost every week,DATE,,,en,1.0
Deadly,Deadly,PRODUCT,,,en,1.0
"7,676","7,676",CARDINAL,,,en,1.0
Hurricane Helene Set Up Future Disasters,Hurricane Helene Set Up Future Disasters,EVENT,,,en,1.0
JULY 7,JULY 7,DATE,,,en,1.0
the July 4th weekend,the July 4th weekend,DATE,,,en,1.0
at least 70,at least 70,CARDINAL,,,en,1.0
the holiday weekend,the holiday weekend,DATE,,,en,1.0
Sixty-eight,Sixty-eight,CARDINAL,,,en,1.0
More than 850,More than 850,CARDINAL,,,en,1.0
the next 24 to 48 hours,the next 24 to 48 hours,DATE,,,en,1.0
at least 80,at least 80,CARDINAL,,,en,1.0
Sed‚Ä¶,Sed‚Ä¶,CARDINAL,,,en,1.0
+3041 chars,+3041 chars,WORK_OF_ART,,,en,1.0
Early Friday,Early Friday,DATE,,,en,1.0
early-morning,early-morning,TIME,,,en,1.0
at least 100,at least 100,CARDINAL,,,en,1.0
236,236,CARDINAL,,,en,1.0
+5480,+5480,NORP,,,en,1.0
Up to 12 inches,Up to 12 inches,QUANTITY,,,en,1.0
"July 6, 2025","July 6, 2025",DATE,,,en,1.0
at least 89,at least 89,CARDINAL,,,en,1.0
at least fifty,at least fifty,CARDINAL,,,en,1.0
+9418,+9418,NORP,,,en,1.0
More Than 80,More Than 80,CARDINAL,,,en,1.0
more than 26 feet,more than 26 feet,QUANTITY,,,en,1.0
At least 81,At least 81,CARDINAL,,,en,1.0
Cuts Are a Texas-Sized Disaster,Cuts Are a Texas-Sized Disaster,WORK_OF_ART,,,en,1.0
the wee hours,the wee hours,TIME,,,en,1.0
"More than 23,000","More than 23,000",CARDINAL,,,en,1.0
32.5 feet,32.5 feet,QUANTITY,,,en,1.0
Forty-three,Forty-three,CARDINAL,,,en,1.0
Two Weeks,Two Weeks,DATE,,,en,1.0
July 2020,July 2020,DATE,,,en,1.0
The Downing Centre,The Downing Centre,FAC,,,en,1.0
No.2,No.2,CARDINAL,,,en,1.0
the Great Smoky Mountains HARTFORD,the Great Smoky Mountains HARTFORD,FAC,,,en,1.0
5:30 am,5:30 am,TIME,,,en,1.0
125 mph,125 mph,QUANTITY,,,en,1.0
the International Space Station,the International Space Station,FAC,,,en,1.0
92,92,CARDINAL,,,en,1.0
the last 75 years,the last 75 years,DATE,,,en,1.0
at least one month,at least one month,DATE,,,en,1.0
June 18,June 18,DATE,,,en,1.0
Downing Centre,Downing Centre,FAC,,,en,1.0
"nearly 70,000","nearly 70,000",CARDINAL,,,en,1.0
"Nearly 70,000","Nearly 70,000",CARDINAL,,,en,1.0
Hurricane Erick 2025,Hurricane Erick 2025,EVENT,,,en,1.0
Mexicans,Mexicans,NORP,,,en,1.0
Hurricane Erick,Hurricane Erick,EVENT,,,en,1.0
The Hunted,The Hunted,WORK_OF_ART,,,en,1.0
two-year,two-year,DATE,,,en,1.0
2025-06-20,2025-06-20,DATE,,,en,1.0
the Wichita Open,the Wichita Open,EVENT,,,en,1.0
every two minutes,every two minutes,TIME,,,en,1.0
"some 80,000","some 80,000",CARDINAL,,,en,1.0
$15 Million,$15 Million,MONEY,,,en,1.0
YouTube,YouTube,WORK_OF_ART,,,en,1.0
"At least 80,000","At least 80,000",CARDINAL,,,en,1.0
seven hours,seven hours,TIME,,,en,1.0
Seven days ago,Seven days ago,DATE,,,en,1.0
270,270,CARDINAL,,,en,1.0
Calgarians,Calgarians,NORP,,,en,1.0
Whanganui,Whanganui,PRODUCT,,,en,1.0
S Halmahera,S Halmahera,FAC,,,en,1.0
"about 3,000","about 3,000",CARDINAL,,,en,1.0
150 million,150 million,CARDINAL,,,en,1.0
+3691,+3691,NORP,,,en,1.0
"Tuesday, June 23-24","Tuesday, June 23-24",DATE,,,en,1.0
"Saturday, June 21","Saturday, June 21",DATE,,,en,1.0
61,61,CARDINAL,,,en,1.0
this weeks,this weeks,DATE,,,en,1.0
Korn Ferry Tour,Korn Ferry Tour,FAC,,,en,1.0
67,67,CARDINAL,,,en,1.0
23 later in,23 later in,DATE,,,en,1.0
U.S. Open,U.S. Open,EVENT,,,en,1.0
about half an hour,about half an hour,TIME,,,en,1.0
2.5 to 4 inches,2.5 to 4 inches,QUANTITY,,,en,1.0
US$222 thousand,US$222 thousand,MONEY,,,en,1.0
Rp3.72 billion,Rp3.72 billion,MONEY,,,en,1.0
Eighty,Eighty,CARDINAL,,,en,1.0
31mm,31mm,QUANTITY,,,en,1.0
"more than 30,000","more than 30,000",CARDINAL,,,en,1.0
+1800 chars,+1800 chars,WORK_OF_ART,,,en,1.0
hottest day,hottest day,DATE,,,en,1.0
"30,000","30,000",CARDINAL,,,en,1.0
the Toronto Jazz…,the Toronto Jazz…,EVENT,,,en,1.0
its 38th year,its 38th year,DATE,,,en,1.0
Wingham,Wingham,FAC,,,en,1.0
More than 7 inches,More than 7 inches,QUANTITY,,,en,1.0
"43,000","43,000",CARDINAL,,,en,1.0
at least 3,at least 3,CARDINAL,,,en,1.0
the Thargomindah Shearers Shindig,the Thargomindah Shearers Shindig,EVENT,,,en,1.0
"an estimated 413,000","an estimated 413,000",CARDINAL,,,en,1.0
Golden Gate Bridge,Golden Gate Bridge,FAC,,,en,1.0
"June 14, 2025","June 14, 2025",DATE,,,en,1.0
march,march,DATE,,,en,1.0
No Kings,No Kings,EVENT,,,en,1.0
the Golden Gate Bridge,the Golden Gate Bridge,FAC,,,en,1.0
50th,50th,ORDINAL,,,en,1.0
"an estimated 800,000","an estimated 800,000",CARDINAL,,,en,1.0
1987,1987,DATE,,,en,1.0
the first two weeks,the first two weeks,DATE,,,en,1.0
Oak Spring Road,Oak Spring Road,FAC,,,en,1.0
National Highway 169,National Highway 169,FAC,,,en,1.0
May 26,May 26,DATE,,,en,1.0
Typhoon Wutip,Typhoon Wutip,FAC,0.0,0.0,en,1.0
Monday morning,Monday morning,TIME,,,en,1.0
JUNE 16,JUNE 16,DATE,,,en,1.0
16 feet,16 feet,QUANTITY,,,en,1.0
25 feet,25 feet,QUANTITY,,,en,1.0
"more than 80,000","more than 80,000",CARDINAL,,,en,1.0
two weeks ago,two weeks ago,DATE,,,en,1.0
7 hours,7 hours,TIME,,,en,1.0
+1750 chars,+1750 chars,WORK_OF_ART,,,en,1.0
late Monday night,late Monday night,TIME,,,en,1.0
Hurricane Flossie,Hurricane Flossie,EVENT,,,en,1.0
Mondays,Mondays,DATE,,,en,1.0
almost 75%,almost 75%,PERCENT,,,en,1.0
more than a months,more than a months,DATE,,,en,1.0
"18,000","18,000",CARDINAL,,,en,1.0
More than a month,More than a month,DATE,,,en,1.0
125kmh,125kmh,QUANTITY,,,en,1.0
a busy year,a busy year,DATE,,,en,1.0
PNC Park,PNC Park,FAC,,,en,1.0
Death Stranding 2,Death Stranding 2,WORK_OF_ART,,,en,1.0
5 hours,5 hours,TIME,,,en,1.0
at least 46,at least 46,CARDINAL,,,en,1.0
Nearly a week,Nearly a week,DATE,,,en,1.0
San Diego Comic-Con,San Diego Comic-Con,FAC,,,en,1.0
The Cold Open,The Cold Open,EVENT,,,en,1.0
July Fourth holiday,July Fourth holiday,DATE,,,en,1.0
Category 2,Category 2,LAW,,,en,1.0
more than seven hours,more than seven hours,TIME,,,en,1.0
Plum Rains',Plum Rains',FAC,,,en,1.0
July 2020 downpours,July 2020 downpours,DATE,,,en,1.0
the Fourth of July,the Fourth of July,DATE,,,en,1.0
"up to $75,000","up to $75,000",MONEY,,,en,1.0
"75,000","75,000",MONEY,,,en,1.0
10 marks,10 marks,MONEY,,,en,1.0
Day 26,Day 26,DATE,,,en,1.0
Jul 3,Jul 3,DATE,,,en,1.0
+1810,+1810,CARDINAL,,,en,1.0
up to 6 inches,up to 6 inches,QUANTITY,,,en,1.0
Already Flooding,Already Flooding,WORK_OF_ART,,,en,1.0
Alligator Alcatraz,Alligator Alcatraz,PRODUCT,,,en,1.0
the current rainy season,the current rainy season,DATE,,,en,1.0
17:32:07,17:32:07,PRODUCT,,,en,1.0
2025-07-01,2025-07-01,DATE,,,en,1.0
Up to 3 inches,Up to 3 inches,QUANTITY,,,en,1.0
As much as 5 inches,As much as 5 inches,QUANTITY,,,en,1.0
Last night,Last night,TIME,,,en,1.0
six-month,six-month,DATE,,,en,1.0
New Delhi Railway Station,New Delhi Railway Station,FAC,,,en,1.0
at least 7,at least 7,CARDINAL,,,en,1.0
the past 24 hour,the past 24 hour,TIME,,,en,1.0
the monsoon season's start,the monsoon season's start,DATE,,,en,1.0
the last two years,the last two years,DATE,,,en,1.0
nearly a decade,nearly a decade,DATE,,,en,1.0
June 27,June 27,DATE,,,en,1.0
2025-06-27,2025-06-27,DATE,,,en,1.0
July through September,July through September,DATE,,,en,1.0
"June 26, 2026","June 26, 2026",DATE,,,en,1.0
Kumbh Mela,Kumbh Mela,FAC,,,en,1.0
less than two weeks ago,less than two weeks ago,DATE,,,en,1.0
"Tuesday, June 24, 2025","Tuesday, June 24, 2025",DATE,,,en,1.0
eight-year-old,eight-year-old,DATE,,,en,1.0
Appalachia,Appalachia,FAC,0.0,0.0,en,1.0
eight months,eight months,DATE,,,en,1.0
May 13,May 13,DATE,,,en,1.0
Poonch,Poonch,NORP,,,en,1.0
more than 8 hours,more than 8 hours,TIME,,,en,1.0
more than eight hours,more than eight hours,TIME,,,en,1.0
the previous night,the previous night,TIME,,,en,1.0
April of 2025,April of 2025,DATE,,,en,1.0
mid-year,mid-year,DATE,,,en,1.0
+2665,+2665,NORP,,,en,1.0
about 90 miles,about 90 miles,QUANTITY,,,en,1.0
45 mph,45 mph,QUANTITY,,,en,1.0
Takes Aim for Eastern Mexico,Takes Aim for Eastern Mexico,WORK_OF_ART,,,en,1.0
year 6,year 6,DATE,,,en,1.0
Fiji,Fiji,NORP,0.0,0.0,en,1.0
Disneys Wilderness Lodge,Disneys Wilderness Lodge,FAC,,,en,1.0
Flooding Force Guests,Flooding Force Guests,PRODUCT,,,en,1.0
+2444 chars,+2444 chars,WORK_OF_ART,,,en,1.0
Luminor,Luminor,PRODUCT,,,en,1.0
8 hours,8 hours,TIME,,,en,1.0
WV Turnpike,WV Turnpike,FAC,,,en,1.0
more than 8,more than 8,CARDINAL,,,en,1.0
over past 36 hours,over past 36 hours,TIME,,,en,1.0
2 Days,2 Days,DATE,,,en,1.0
over 27,over 27,CARDINAL,,,en,1.0
+5003,+5003,NORP,,,en,1.0
next year’s,next year’s,DATE,,,en,1.0
North American,North American,NORP,,,en,1.0
Weath,Weath,NORP,,,en,1.0
the same period in July 2024,the same period in July 2024,DATE,,,en,1.0
Orlo Vista,Orlo Vista,PRODUCT,,,en,1.0
almost two weeks,almost two weeks,DATE,,,en,1.0
nearly 300,nearly 300,CARDINAL,,,en,1.0
at least 63,at least 63,CARDINAL,,,en,1.0
"Thursday, July 17","Thursday, July 17",DATE,,,en,1.0
at least 135,at least 135,CARDINAL,,,en,1.0
an additional half an inch to an inch,an additional half an inch to an inch,CARDINAL,,,en,1.0
20 feet,20 feet,QUANTITY,,,en,1.0
roughly 18 feet,roughly 18 feet,QUANTITY,,,en,1.0
+8367,+8367,NORP,,,en,1.0
Italys,Italys,NORP,,,en,1.0
7/17/2025,7/17/2025,DATE,,,en,1.0
178,178,CARDINAL,,,en,1.0
135,135,CARDINAL,,,en,1.0
the first half of next week,the first half of next week,DATE,,,en,1.0
Chakwal,Chakwal,PRODUCT,,,en,1.0
the July 4 holiday weekend,the July 4 holiday weekend,DATE,,,en,1.0
just weeks,just weeks,DATE,,,en,1.0
+2674 chars,+2674 chars,WORK_OF_ART,,,en,1.0
20-40mm,20-40mm,QUANTITY,,,en,1.0
July last year,July last year,DATE,,,en,1.0
Guido,Guido,NORP,,,en,1.0
this monsoon season,this monsoon season,DATE,,,en,1.0
9%,9%,PERCENT,,,en,1.0
July 18,July 18,DATE,,,en,1.0
7.3,7.3,CARDINAL,,,en,1.0
1000,1000,CARDINAL,,,en,1.0
Sixty miles,Sixty miles,QUANTITY,,,en,1.0
around 100,around 100,CARDINAL,,,en,1.0
Rescue,Rescue,FAC,,,en,1.0
Fight for Survival,Fight for Survival,WORK_OF_ART,,,en,1.0
0.2 feet,0.2 feet,QUANTITY,,,en,1.0
Natureâs,Natureâs,NORP,,,en,1.0
at least 54,at least 54,CARDINAL,,,en,1.0
National Highway 75,National Highway 75,FAC,,,en,1.0
Superman,Superman,WORK_OF_ART,,,en,1.0
"2,700","2,700",CARDINAL,,,en,1.0
+2775 chars,+2775 chars,WORK_OF_ART,,,en,1.0
Jul 14,Jul 14,DATE,,,en,1.0
"Jul 14, 2025","Jul 14, 2025",DATE,,,en,1.0
mid-July,mid-July,DATE,,,en,1.0
10 years later,10 years later,DATE,,,en,1.0
10 years ago,10 years ago,DATE,,,en,1.0
12406,12406,CARDINAL,,,en,1.0
Marines,Marines,NORP,,,en,1.0
July 16,July 16,DATE,,,en,1.0
Lincoln Square,Lincoln Square,FAC,,,en,1.0
Lincoln Square Theater Open For Business After Flooding In Massive NYC Rainstorm,Lincoln Square Theater Open For Business After Flooding In Massive NYC Rainstorm,FAC,,,en,1.0
$7 million,$7 million,MONEY,,,en,1.0
$7M,$7M,MONEY,,,en,1.0
1:13 PM,1:13 PM,TIME,,,en,1.0
$3.5B,$3.5B,MONEY,,,en,1.0
$210M,$210M,MONEY,,,en,1.0
Fourth,Fourth,ORDINAL,,,en,1.0
as up to 5 inches,as up to 5 inches,QUANTITY,,,en,1.0
JULY 17,JULY 17,DATE,,,en,1.0
Syrian,Syrian,NORP,,,en,1.0
the past three weeks,the past three weeks,DATE,,,en,1.0
More than 120,More than 120,CARDINAL,,,en,1.0
Resort Outdoor Stage,Resort Outdoor Stage,FAC,,,en,1.0
2025 summer,2025 summer,DATE,,,en,1.0
next month,next month,DATE,,,en,1.0
Irwin Avenue,Irwin Avenue,FAC,,,en,1.0
Tuesdays,Tuesdays,DATE,,,en,1.0
the month,the month,DATE,,,en,1.0
"Wednesday, July 16","Wednesday, July 16",DATE,,,en,1.0
Just 13 Days,Just 13 Days,DATE,,,en,1.0
at least 132,at least 132,CARDINAL,,,en,1.0
"more than 60,000 acres","more than 60,000 acres",QUANTITY,,,en,1.0
just a few years younger,just a few years younger,DATE,,,en,1.0
Over 130,Over 130,CARDINAL,,,en,1.0
mid-July 2025,mid-July 2025,DATE,,,en,1.0
$10M,$10M,MONEY,,,en,1.0
The Lost Stuffy Project,The Lost Stuffy Project,WORK_OF_ART,,,en,1.0
a 3rd week,a 3rd week,DATE,,,en,1.0
its third week,its third week,DATE,,,en,1.0
Map Shows Where 100-Year Floods Have Hit Across the US,Map Shows Where 100-Year Floods Have Hit Across the US,WORK_OF_ART,,,en,1.0
at least a dozen,at least a dozen,CARDINAL,,,en,1.0
at least through Tuesday,at least through Tuesday,DATE,,,en,1.0
daytime,daytime,TIME,,,en,1.0
low 90s,low 90s,DATE,,,en,1.0
a high 80s,a high 80s,DATE,,,en,1.0
Friday (Jul 25,Friday (Jul 25,DATE,,,en,1.0
Past Year,Past Year,DATE,,,en,1.0
+2284 chars,+2284 chars,WORK_OF_ART,,,en,1.0
nearly a year's,nearly a year's,DATE,,,en,1.0
Typhoon Co-May,Typhoon Co-May,EVENT,,,en,1.0
Typhoon Co,Typhoon Co,EVENT,,,en,1.0
"278,000","278,000",CARDINAL,,,en,1.0
Another afternoon,Another afternoon,TIME,,,en,1.0
New Mex,New Mex,NORP,,,en,1.0
0.2%,0.2%,PERCENT,,,en,1.0
at least 50%,at least 50%,PERCENT,,,en,1.0
July 18 – 25,July 18 – 25,DATE,,,en,1.0
Baoding,Baoding,PRODUCT,,,en,1.0
Read Full Article,Read Full Article,LAW,,,en,1.0
Aug. 1,Aug. 1,DATE,,,en,1.0
7/28/2025,7/28/2025,DATE,,,en,1.0
Eugenia Street,Eugenia Street,FAC,,,en,1.0
450856,450856,CARDINAL,,,en,1.0
"more than 4,400","more than 4,400",CARDINAL,,,en,1.0
"1,000 year","1,000 year",DATE,,,en,1.0
This month,This month,DATE,,,en,1.0
Year Of The Flood” Continues – The U.S. Was Just Hit By 4 More Catastrophic Flooding Events In Just 48 Hours,Year Of The Flood” Continues – The U.S. Was Just Hit By 4 More Catastrophic Flooding Events In Just 48 Hours,WORK_OF_ART,,,en,1.0
A busy week,A busy week,DATE,,,en,1.0
"19,000","19,000",CARDINAL,,,en,1.0
nearly 10 days,nearly 10 days,DATE,,,en,1.0
about 3,about 3,CARDINAL,,,en,1.0
less than a month,less than a month,DATE,,,en,1.0
centuries ago,centuries ago,DATE,,,en,1.0
4 p.m. to 11 p.m.,4 p.m. to 11 p.m.,TIME,,,en,1.0
GPS,GPS,PRODUCT,,,en,1.0
"Friday, July 25, 2025","Friday, July 25, 2025",DATE,,,en,1.0
7 min ago,7 min ago,DATE,,,en,1.0
around 27 million tons,around 27 million tons,QUANTITY,,,en,1.0
27 million tons,27 million tons,QUANTITY,,,en,1.0
Five-day,Five-day,DATE,,,en,1.0
+11343,+11343,NORP,,,en,1.0
The UN World Meteorological Organization (WMO,The UN World Meteorological Organization (WMO,WORK_OF_ART,,,en,1.0
some twenty-five thousand,some twenty-five thousand,QUANTITY,,,en,1.0
July 3rd,July 3rd,DATE,,,en,1.0
Camp La Junta,Camp La Junta,FAC,,,en,1.0
4 a.m.,4 a.m.,TIME,,,en,1.0
107,107,CARDINAL,,,en,1.0
+3175,+3175,NORP,,,en,1.0
0.0.25,0.0.25,CARDINAL,,,en,1.0
Upper Mustang,Upper Mustang,FAC,,,en,1.0
The Jomsom-Korala,The Jomsom-Korala,PRODUCT,,,en,1.0
last five days,last five days,DATE,,,en,1.0
just two weeks,just two weeks,DATE,,,en,1.0
nearly 100 to three,nearly 100 to three,CARDINAL,,,en,1.0
nearly 100 to 3,nearly 100 to 3,CARDINAL,,,en,1.0
approximately 100,approximately 100,CARDINAL,,,en,1.0
mos,mos,DATE,,,en,1.0
Swat,Swat,FAC,,,en,1.0
500mm,500mm,QUANTITY,,,en,1.0
"over 4,000","over 4,000",CARDINAL,,,en,1.0
Two years,Two years,DATE,,,en,1.0
the current quarter,the current quarter,DATE,,,en,1.0
an AI Action Plan,an AI Action Plan,LAW,,,en,1.0
Nazis,Nazis,NORP,,,en,1.0
Homans,Homans,NORP,,,en,1.0
Texas Flood Response,Texas Flood Response,WORK_OF_ART,,,en,1.0
€4.5 billion,€4.5 billion,MONEY,,,en,1.0
October/November 2024,October/November 2024,DATE,,,en,1.0
+5733,+5733,NORP,,,en,1.0
"Sept. 28, 2024","Sept. 28, 2024",DATE,,,en,1.0
over a hundred,over a hundred,CARDINAL,,,en,1.0
the warmer months,the warmer months,DATE,,,en,1.0
Swedish,Swedish,NORP,,,en,1.0
Thirty years,Thirty years,DATE,,,en,1.0
nearly 160,nearly 160,CARDINAL,,,en,1.0
15 minutes,15 minutes,TIME,,,en,1.0
the last 15 minutes,the last 15 minutes,TIME,,,en,1.0
+1937 chars,+1937 chars,WORK_OF_ART,,,en,1.0
an estimated $1.5 million,an estimated $1.5 million,MONEY,,,en,1.0
More than 75,More than 75,CARDINAL,,,en,1.0
more than three days,more than three days,DATE,,,en,1.0
its seventh day,its seventh day,DATE,,,en,1.0
The National Interes,The National Interes,WORK_OF_ART,,,en,1.0
Russians,Russians,NORP,,,en,1.0
173,173,CARDINAL,,,en,1.0
the Science Guy',the Science Guy',WORK_OF_ART,,,en,1.0
$1.5M,$1.5M,MONEY,,,en,1.0
a few hundred bucks,a few hundred bucks,MONEY,,,en,1.0
this years hurricane season,this years hurricane season,DATE,,,en,1.0
Just one month ago,Just one month ago,DATE,,,en,1.0
Several hundred,Several hundred,CARDINAL,,,en,1.0
the July Fourth holiday,the July Fourth holiday,EVENT,,,en,1.0
last weekends,last weekends,DATE,,,en,1.0
"over 3,820","over 3,820",CARDINAL,,,en,1.0
"over 3,800","over 3,800",CARDINAL,,,en,1.0
"more than $75,000","more than $75,000",MONEY,,,en,1.0
Noem four days,Noem four days,DATE,,,en,1.0
25m,25m,QUANTITY,,,en,1.0
1946,1946,DATE,,,en,1.0
late June to early July,late June to early July,DATE,,,en,1.0
+2910 chars,+2910 chars,WORK_OF_ART,,,en,1.0
some 121,some 121,CARDINAL,,,en,1.0
the July 4th Hill County,the July 4th Hill County,EVENT,,,en,1.0
More than 170,More than 170,CARDINAL,,,en,1.0
2025-07,2025-07,DATE,,,en,1.0
precipitation fall,precipitation fall,DATE,,,en,1.0
four-year-old,four-year-old,DATE,,,en,1.0
$3M,$3M,MONEY,,,en,1.0
An early season,An early season,DATE,,,en,1.0
this past holiday weekend,this past holiday weekend,DATE,,,en,1.0
summer day,summer day,DATE,,,en,1.0
$20K,$20K,MONEY,,,en,1.0
"Nearly 40,000","Nearly 40,000",CARDINAL,,,en,1.0
the Tragic Flooding,the Tragic Flooding,FAC,,,en,1.0
$3 million,$3 million,MONEY,,,en,1.0
Nearly one week,Nearly one week,DATE,,,en,1.0
Pulitzer Prize,Pulitzer Prize,WORK_OF_ART,,,en,1.0
about 3 a.m.,about 3 a.m.,TIME,,,en,1.0
more than 2 dozen,more than 2 dozen,CARDINAL,,,en,1.0
6th,6th,ORDINAL,,,en,1.0
about 1,about 1,CARDINAL,,,en,1.0
more than a 100,more than a 100,CARDINAL,,,en,1.0
July 9,July 9,DATE,,,en,1.0
the July 9 episode,the July 9 episode,EVENT,,,en,1.0
Over 160,Over 160,CARDINAL,,,en,1.0
Just two days,Just two days,DATE,,,en,1.0
just 2 days,just 2 days,DATE,,,en,1.0
"July 8, 2025","July 8, 2025",DATE,,,en,1.0
+5244,+5244,CARDINAL,,,en,1.0
Airbnb,Airbnb,NORP,,,en,1.0
at least,at least,CARDINAL,,,en,1.0
at least 161,at least 161,CARDINAL,,,en,1.0
AT LEAST THREE,AT LEAST THREE,CARDINAL,,,en,1.0
nearly 10 feet,nearly 10 feet,QUANTITY,,,en,1.0
21 feet,21 feet,QUANTITY,,,en,1.0
At Least 161,At Least 161,CARDINAL,,,en,1.0
about 180 miles,about 180 miles,QUANTITY,,,en,1.0
Camp Mysticjust,Camp Mysticjust,FAC,,,en,1.0
July Fourth,July Fourth,DATE,,,en,1.0
more than 90,more than 90,CARDINAL,,,en,1.0
at least 119,at least 119,CARDINAL,,,en,1.0
as over 800,as over 800,CARDINAL,,,en,1.0
Torrential monsoon,Torrential monsoon,WORK_OF_ART,0.0,0.0,en,1.0
JULY 10,JULY 10,DATE,,,en,1.0
Monsoon Rains Trigger Flooding in South Tripura,Monsoon Rains Trigger Flooding in South Tripura,WORK_OF_ART,,,en,1.0
more than a hundred,more than a hundred,CARDINAL,,,en,1.0
the summer rainy season,the summer rainy season,DATE,,,en,1.0
xAI Grok,xAI Grok,PRODUCT,,,en,1.0
+6889 chars,+6889 chars,WORK_OF_ART,,,en,1.0
the Guadalupe River,the Guadalupe River,FAC,0.0,0.0,en,1.0
"the July 4, 2025","the July 4, 2025",EVENT,,,en,1.0
this months,this months,DATE,,,en,1.0
Just weeks ago,Just weeks ago,DATE,,,en,1.0
[+3664 chars],[+3664 chars],WORK_OF_ART,,,en,1.0
Augustus,Augustus,DATE,,,en,1.0
every minute,every minute,TIME,,,en,1.0
decades ago,decades ago,DATE,,,en,1.0
July 11,July 11,DATE,,,en,1.0
a wet week,a wet week,DATE,,,en,1.0
just over a week ago,just over a week ago,DATE,,,en,1.0
$6.5 million,$6.5 million,MONEY,,,en,1.0
just ten days,just ten days,DATE,,,en,1.0
over 170,over 170,CARDINAL,,,en,1.0
just ten days prior,just ten days prior,DATE,,,en,1.0
Just over a week,Just over a week,DATE,,,en,1.0
+2341 chars,+2341 chars,WORK_OF_ART,,,en,1.0
6-Year,6-Year,CARDINAL,,,en,1.0
July 14,July 14,DATE,,,en,1.0
+6925 chars,+6925 chars,WORK_OF_ART,,,en,1.0
just 4%,just 4%,PERCENT,,,en,1.0
at least 106,at least 106,CARDINAL,,,en,1.0
More than 130,More than 130,CARDINAL,,,en,1.0
only a few days,only a few days,DATE,,,en,1.0
more than 120,more than 120,CARDINAL,,,en,1.0
July 4 holiday,July 4 holiday,DATE,,,en,1.0
$225 million,$225 million,MONEY,,,en,1.0
only 4,only 4,CARDINAL,,,en,1.0
half-hour,half-hour,TIME,,,en,1.0
that week,that week,DATE,,,en,1.0
"July 15, 2025","July 15, 2025",DATE,,,en,1.0
Major Deegan Expressway,Major Deegan Expressway,FAC,,,en,1.0
Flash Floods Disrupt Travel,Flash Floods Disrupt Travel,WORK_OF_ART,,,en,1.0
nearly 10 inches,nearly 10 inches,QUANTITY,,,en,1.0
every 30 seconds,every 30 seconds,TIME,,,en,1.0
$3.5 billion,$3.5 billion,MONEY,,,en,1.0
$210 million,$210 million,MONEY,,,en,1.0
Live Tracker Maps,Live Tracker Maps,PRODUCT,,,en,1.0
Early in the morning,Early in the morning,TIME,,,en,1.0
end of summer,end of summer,DATE,,,en,1.0
28th Street,28th Street,FAC,,,en,1.0
+4781 chars,+4781 chars,WORK_OF_ART,,,en,1.0
just a single hour,just a single hour,TIME,,,en,1.0
the third week in a row,the third week in a row,DATE,,,en,1.0
+2659 chars,+2659 chars,WORK_OF_ART,,,en,1.0
more than a third,more than a third,CARDINAL,,,en,1.0
over 700,over 700,CARDINAL,,,en,1.0
Remade,Remade,WORK_OF_ART,,,en,1.0
just nine days,just nine days,DATE,,,en,1.0
Jul 11,Jul 11,DATE,,,en,1.0
The Takeout,The Takeout,WORK_OF_ART,,,en,1.0
a third year in a row,a third year in a row,DATE,,,en,1.0
At least 120,At least 120,CARDINAL,,,en,1.0
+5464,+5464,CARDINAL,,,en,1.0
One week,One week,DATE,,,en,1.0
Äúhelp‚Äù,Äúhelp‚Äù,CARDINAL,,,en,1.0
Maduro,Maduro,PRODUCT,,,en,1.0
©2025 Maxar Technologies,©2025 Maxar Technologies,LAW,,,en,1.0
just 9 days,just 9 days,DATE,,,en,1.0
roughly 170,roughly 170,CARDINAL,,,en,1.0
about two hours,about two hours,TIME,,,en,1.0
at least 121,at least 121,CARDINAL,,,en,1.0
35%,35%,PERCENT,,,en,1.0
"Grand Canyon
","Grand Canyon
",FAC,,,en,1.0
"more than 2,100","more than 2,100",CARDINAL,,,en,1.0
one week ago,one week ago,DATE,,,en,1.0
about July 2025,about July 2025,DATE,,,en,1.0
well over 100,well over 100,CARDINAL,,,en,1.0
7/11,7/11,CARDINAL,,,en,1.0
46%,46%,PERCENT,,,en,1.0
+3498,+3498,NORP,,,en,1.0
15 feet—5 feet,15 feet—5 feet,QUANTITY,,,en,1.0
JULY 6,JULY 6,DATE,,,en,1.0
Flood Messaging Have Changed Actions In Texas,Flood Messaging Have Changed Actions In Texas,WORK_OF_ART,,,en,1.0
his first six months,his first six months,DATE,,,en,1.0
12 July 2025 9:02 PM,12 July 2025 9:02 PM,TIME,,,en,1.0
8 July 2025,8 July 2025,DATE,,,en,1.0
Rainmaker,Rainmaker,NORP,,,en,1.0
the mid-90s,the mid-90s,DATE,,,en,1.0
Nine months ago,Nine months ago,DATE,,,en,1.0
Earlier in the year,Earlier in the year,DATE,,,en,1.0
"Aug. 9, 2022","Aug. 9, 2022",DATE,,,en,1.0
the Water Crises,the Water Crises,EVENT,,,en,1.0
the morning of June 29th,the morning of June 29th,TIME,,,en,1.0
3:30 a.m.,3:30 a.m.,TIME,,,en,1.0
+6337 chars,+6337 chars,WORK_OF_ART,,,en,1.0
